config_hash,task_pool_id,wireless_index,wireless_seed,workload_capacity_fraction,memory_available_gb_config,memory_mode,quantized_objective,continuous_objective_of_quantized_strategy,k_offload,delta_q,delta_v_gb,states_created,states_pruned,pruning_rate,peak_live_states,peak_python_memory_mb,runtime_seconds,claim
06ac6393eee7a87a46f65b36cf9d1863821846f32cd08b7f9dd84710f2fa08a1,1,0,20270729,0.2,1.5,hard,235.71337173052615,235.63994601469705,5,0.1,0.1,4000,3428,0.857,69,0.0352039337158203,0.233742291922681,quantized_global_optimum_not_continuous_global_optimum
06ac6393eee7a87a46f65b36cf9d1863821846f32cd08b7f9dd84710f2fa08a1,1,0,20270729,0.2,2.0,hard,234.89914910929355,234.66184630614543,7,0.1,0.1,6211,5283,0.8505876670423442,82,0.026041030883789,0.2410674579441547,quantized_global_optimum_not_continuous_global_optimum
06ac6393eee7a87a46f65b36cf9d1863821846f32cd08b7f9dd84710f2fa08a1,1,0,20270729,0.2,3.0,hard,234.89914910929355,234.66184630614543,7,0.1,0.1,15623,12459,0.7974780771938809,122,0.0364627838134765,0.5400067500304431,quantized_global_optimum_not_continuous_global_optimum
06ac6393eee7a87a46f65b36cf9d1863821846f32cd08b7f9dd84710f2fa08a1,1,0,20270729,0.2,5.0,hard,234.89914910929355,234.66184630614543,7,0.1,0.1,26061,19921,0.7643989102490312,160,0.0437755584716796,1.063939374987967,quantized_global_optimum_not_continuous_global_optimum
06ac6393eee7a87a46f65b36cf9d1863821846f32cd08b7f9dd84710f2fa08a1,1,0,20270729,0.2,13.0,hard,234.89914910929355,234.66184630614543,7,0.1,0.1,26061,19921,0.7643989102490312,160,0.0368480682373046,1.0834395420970395,quantized_global_optimum_not_continuous_global_optimum
06ac6393eee7a87a46f65b36cf9d1863821846f32cd08b7f9dd84710f2fa08a1,1,0,20270729,0.4,1.5,hard,235.22195446589225,235.20030137056855,5,0.1,0.1,4000,3428,0.857,69,0.0166568756103515,0.2339159169932827,quantized_global_optimum_not_continuous_global_optimum
06ac6393eee7a87a46f65b36cf9d1863821846f32cd08b7f9dd84710f2fa08a1,1,0,20270729,0.4,2.0,hard,233.6502401289229,233.59720666789443,7,0.1,0.1,6211,5283,0.8505876670423442,82,0.0206012725830078,0.2926828749477863,quantized_global_optimum_not_continuous_global_optimum
06ac6393eee7a87a46f65b36cf9d1863821846f32cd08b7f9dd84710f2fa08a1,1,0,20270729,0.4,3.0,hard,231.9454894560227,231.79863802436435,10,0.1,0.1,15623,12459,0.7974780771938809,122,0.0296497344970703,0.5459790410241112,quantized_global_optimum_not_continuous_global_optimum
06ac6393eee7a87a46f65b36cf9d1863821846f32cd08b7f9dd84710f2fa08a1,1,0,20270729,0.4,5.0,hard,231.82385357967573,231.63073652867337,11,0.1,0.1,41466,30491,0.7353253267737423,202,0.0524349212646484,1.5758777499431744,quantized_global_optimum_not_continuous_global_optimum
06ac6393eee7a87a46f65b36cf9d1863821846f32cd08b7f9dd84710f2fa08a1,1,0,20270729,0.4,13.0,hard,231.82385357967573,231.63073652867337,11,0.1,0.1,111193,75705,0.6808432185479302,336,0.1001110076904296,3.7296044169925153,quantized_global_optimum_not_continuous_global_optimum
06ac6393eee7a87a46f65b36cf9d1863821846f32cd08b7f9dd84710f2fa08a1,1,0,20270729,0.6,1.5,hard,235.10680181606813,235.09436412193736,5,0.1,0.1,4000,3428,0.857,69,0.0166873931884765,0.1593232919694855,quantized_global_optimum_not_continuous_global_optimum
06ac6393eee7a87a46f65b36cf9d1863821846f32cd08b7f9dd84710f2fa08a1,1,0,20270729,0.6,2.0,hard,233.4063207723207,233.37764664295528,7,0.1,0.1,6211,5283,0.8505876670423442,82,0.0206317901611328,0.2533563750330359,quantized_global_optimum_not_continuous_global_optimum
06ac6393eee7a87a46f65b36cf9d1863821846f32cd08b7f9dd84710f2fa08a1,1,0,20270729,0.6,3.0,hard,231.2331277486909,231.16530213798225,10,0.1,0.1,15623,12459,0.7974780771938809,122,0.0296802520751953,0.5232934999512509,quantized_global_optimum_not_continuous_global_optimum
06ac6393eee7a87a46f65b36cf9d1863821846f32cd08b7f9dd84710f2fa08a1,1,0,20270729,0.6,5.0,hard,230.20713178459317,230.0205176312304,15,0.1,0.1,41466,30491,0.7353253267737423,202,0.0459194183349609,1.301628291956149,quantized_global_optimum_not_continuous_global_optimum
06ac6393eee7a87a46f65b36cf9d1863821846f32cd08b7f9dd84710f2fa08a1,1,0,20270729,0.6,13.0,hard,230.20713178459317,230.0205176312304,15,0.1,0.1,237779,147851,0.6218000748594283,468,0.133646011352539,7.1733597500715405,quantized_global_optimum_not_continuous_global_optimum
06ac6393eee7a87a46f65b36cf9d1863821846f32cd08b7f9dd84710f2fa08a1,1,0,20270729,0.8,1.5,hard,235.05540885238497,235.0467156449085,5,0.1,0.1,4000,3428,0.857,69,0.0166873931884765,0.1583541670115664,quantized_global_optimum_not_continuous_global_optimum
06ac6393eee7a87a46f65b36cf9d1863821846f32cd08b7f9dd84710f2fa08a1,1,0,20270729,0.8,2.0,hard,233.30236709553807,233.28285011014867,7,0.1,0.1,6211,5283,0.8505876670423442,82,0.0206317901611328,0.2275336249731481,quantized_global_optimum_not_continuous_global_optimum
06ac6393eee7a87a46f65b36cf9d1863821846f32cd08b7f9dd84710f2fa08a1,1,0,20270729,0.8,3.0,hard,230.96265492675485,230.9193487361075,10,0.1,0.1,15623,12459,0.7974780771938809,122,0.0297718048095703,0.5186934580560774,quantized_global_optimum_not_continuous_global_optimum
06ac6393eee7a87a46f65b36cf9d1863821846f32cd08b7f9dd84710f2fa08a1,1,0,20270729,0.8,5.0,hard,229.24037244396345,229.11709991391675,16,0.1,0.1,41466,30491,0.7353253267737423,202,0.0459194183349609,1.3419776660157368,quantized_global_optimum_not_continuous_global_optimum
06ac6393eee7a87a46f65b36cf9d1863821846f32cd08b7f9dd84710f2fa08a1,1,0,20270729,0.8,13.0,hard,229.2147627895269,229.0707335856941,17,0.1,0.1,294111,178306,0.6062541013426903,473,0.1119670867919921,8.513646874926053,quantized_global_optimum_not_continuous_global_optimum
06ac6393eee7a87a46f65b36cf9d1863821846f32cd08b7f9dd84710f2fa08a1,1,0,20270729,1.0,1.5,hard,235.02630211380608,235.0196278548035,5,0.1,0.1,4000,3428,0.857,69,0.0166873931884765,0.1537716250168159,quantized_global_optimum_not_continuous_global_optimum
06ac6393eee7a87a46f65b36cf9d1863821846f32cd08b7f9dd84710f2fa08a1,1,0,20270729,1.0,2.0,hard,233.2447652672047,233.23000247492055,7,0.1,0.1,6211,5283,0.8505876670423442,82,0.0206317901611328,0.2179432499688118,quantized_global_optimum_not_continuous_global_optimum
06ac6393eee7a87a46f65b36cf9d1863821846f32cd08b7f9dd84710f2fa08a1,1,0,20270729,1.0,3.0,hard,230.82024183507065,230.78860079314975,10,0.1,0.1,15623,12459,0.7974780771938809,122,0.029794692993164,0.4937915840419009,quantized_global_optimum_not_continuous_global_optimum
06ac6393eee7a87a46f65b36cf9d1863821846f32cd08b7f9dd84710f2fa08a1,1,0,20270729,1.0,5.0,hard,228.75494578790347,228.6716219077045,16,0.1,0.1,41466,30491,0.7353253267737423,202,0.0459194183349609,1.2855287920683622,quantized_global_optimum_not_continuous_global_optimum
06ac6393eee7a87a46f65b36cf9d1863821846f32cd08b7f9dd84710f2fa08a1,1,0,20270729,1.0,13.0,hard,228.63791232671983,228.54203053411447,17,0.1,0.1,294111,178306,0.6062541013426903,473,0.1119670867919921,8.50035458302591,quantized_global_optimum_not_continuous_global_optimum
06ac6393eee7a87a46f65b36cf9d1863821846f32cd08b7f9dd84710f2fa08a1,1,1,20270826,0.2,1.5,hard,236.5577177222392,236.4374949409889,6,0.1,0.1,4091,3664,0.8956245416768516,55,0.0167522430419921,0.1302863750606775,quantized_global_optimum_not_continuous_global_optimum
06ac6393eee7a87a46f65b36cf9d1863821846f32cd08b7f9dd84710f2fa08a1,1,1,20270826,0.2,2.0,hard,236.09275515939245,235.8953406372226,7,0.1,0.1,5829,5108,0.8763081145994167,71,0.0202655792236328,0.1860655830241739,quantized_global_optimum_not_continuous_global_optimum
06ac6393eee7a87a46f65b36cf9d1863821846f32cd08b7f9dd84710f2fa08a1,1,1,20270826,0.2,3.0,hard,236.0687104252341,235.73909733876485,8,0.1,0.1,13055,10835,0.8299502106472616,97,0.0253887176513671,0.4095734580187127,quantized_global_optimum_not_continuous_global_optimum
06ac6393eee7a87a46f65b36cf9d1863821846f32cd08b7f9dd84710f2fa08a1,1,1,20270826,0.2,5.0,hard,236.0687104252341,235.73909733876485,8,0.1,0.1,21121,16831,0.7968846172056248,109,0.029916763305664,0.648268915945664,quantized_global_optimum_not_continuous_global_optimum
06ac6393eee7a87a46f65b36cf9d1863821846f32cd08b7f9dd84710f2fa08a1,1,1,20270826,0.2,13.0,hard,236.0687104252341,235.73909733876485,8,0.1,0.1,21121,16831,0.7968846172056248,109,0.030527114868164,0.6962920000078157,quantized_global_optimum_not_continuous_global_optimum
06ac6393eee7a87a46f65b36cf9d1863821846f32cd08b7f9dd84710f2fa08a1,1,1,20270826,0.4,1.5,hard,235.9450889716794,235.9099213680348,6,0.1,0.1,4091,3664,0.8956245416768516,55,0.0167522430419921,0.1403332080226391,quantized_global_optimum_not_continuous_global_optimum
06ac6393eee7a87a46f65b36cf9d1863821846f32cd08b7f9dd84710f2fa08a1,1,1,20270826,0.4,2.0,hard,234.92937104247085,234.86876137272404,8,0.1,0.1,5829,5108,0.8763081145994167,71,0.0202655792236328,0.1904160419944673,quantized_global_optimum_not_continuous_global_optimum
06ac6393eee7a87a46f65b36cf9d1863821846f32cd08b7f9dd84710f2fa08a1,1,1,20270826,0.4,3.0,hard,233.0843528114009,232.93049378749217,11,0.1,0.1,13055,10835,0.8299502106472616,97,0.0254573822021484,0.4220927919959649,quantized_global_optimum_not_continuous_global_optimum
06ac6393eee7a87a46f65b36cf9d1863821846f32cd08b7f9dd84710f2fa08a1,1,1,20270826,0.4,5.0,hard,232.74259771469733,232.51169675794569,12,0.1,0.1,33402,25552,0.7649841326866654,152,0.038095474243164,1.138724624994211,quantized_global_optimum_not_continuous_global_optimum
06ac6393eee7a87a46f65b36cf9d1863821846f32cd08b7f9dd84710f2fa08a1,1,1,20270826,0.4,13.0,hard,232.74259771469733,232.51169675794569,12,0.1,0.1,94729,65841,0.695045867685714,291,0.0682926177978515,2.9034558749990538,quantized_global_optimum_not_continuous_global_optimum
06ac6393eee7a87a46f65b36cf9d1863821846f32cd08b7f9dd84710f2fa08a1,1,1,20270826,0.6,1.5,hard,235.80295910154956,235.7827966696773,6,0.1,0.1,4091,3664,0.8956245416768516,55,0.0167827606201171,0.1336739578982815,quantized_global_optimum_not_continuous_global_optimum
06ac6393eee7a87a46f65b36cf9d1863821846f32cd08b7f9dd84710f2fa08a1,1,1,20270826,0.6,2.0,hard,234.65060606349695,234.61783562993645,8,0.1,0.1,5829,5108,0.8763081145994167,71,0.0202960968017578,0.1833976249909028,quantized_global_optimum_not_continuous_global_optimum
06ac6393eee7a87a46f65b36cf9d1863821846f32cd08b7f9dd84710f2fa08a1,1,1,20270826,0.6,3.0,hard,232.2684777300736,232.19830675381496,11,0.1,0.1,13055,10835,0.8299502106472616,97,0.0254878997802734,0.4122730410890654,quantized_global_optimum_not_continuous_global_optimum
06ac6393eee7a87a46f65b36cf9d1863821846f32cd08b7f9dd84710f2fa08a1,1,1,20270826,0.6,5.0,hard,231.084046591122,230.90864468499575,15,0.1,0.1,33402,25552,0.7649841326866654,152,0.0381031036376953,1.019193583051674,quantized_global_optimum_not_continuous_global_optimum
06ac6393eee7a87a46f65b36cf9d1863821846f32cd08b7f9dd84710f2fa08a1,1,1,20270826,0.6,13.0,hard,231.084046591122,230.90864468499575,15,0.1,0.1,213527,134118,0.6281079207781686,402,0.1001529693603515,6.2583092919085175,quantized_global_optimum_not_continuous_global_optimum
06ac6393eee7a87a46f65b36cf9d1863821846f32cd08b7f9dd84710f2fa08a1,1,1,20270826,0.8,1.5,hard,235.73969898594265,235.72561849724264,6,0.1,0.1,4091,3664,0.8956245416768516,55,0.0167827606201171,0.1366323749534785,quantized_global_optimum_not_continuous_global_optimum
06ac6393eee7a87a46f65b36cf9d1863821846f32cd08b7f9dd84710f2fa08a1,1,1,20270826,0.8,2.0,hard,234.53180186145968,234.50949673530033,8,0.1,0.1,5829,5108,0.8763081145994167,71,0.0202960968017578,0.1860704999417066,quantized_global_optimum_not_continuous_global_optimum
06ac6393eee7a87a46f65b36cf9d1863821846f32cd08b7f9dd84710f2fa08a1,1,1,20270826,0.8,3.0,hard,231.9612001020413,231.91661224636513,11,0.1,0.1,13055,10835,0.8299502106472616,97,0.0254878997802734,0.4188961250474676,quantized_global_optimum_not_continuous_global_optimum
06ac6393eee7a87a46f65b36cf9d1863821846f32cd08b7f9dd84710f2fa08a1,1,1,20270826,0.8,5.0,hard,230.16387173253048,230.04631256184297,16,0.1,0.1,33402,25552,0.7649841326866654,152,0.0381031036376953,1.0223800420062616,quantized_global_optimum_not_continuous_global_optimum
06ac6393eee7a87a46f65b36cf9d1863821846f32cd08b7f9dd84710f2fa08a1,1,1,20270826,0.8,13.0,hard,230.16387173253048,230.04631256184297,16,0.1,0.1,269461,164135,0.6091233981912039,422,0.103128433227539,7.446808542008512,quantized_global_optimum_not_continuous_global_optimum
06ac6393eee7a87a46f65b36cf9d1863821846f32cd08b7f9dd84710f2fa08a1,1,1,20270826,1.0,1.5,hard,235.70391837756765,235.69311314911667,6,0.1,0.1,4091,3664,0.8956245416768516,55,0.0167827606201171,0.1363602500641718,quantized_global_optimum_not_continuous_global_optimum
06ac6393eee7a87a46f65b36cf9d1863821846f32cd08b7f9dd84710f2fa08a1,1,1,20270826,1.0,2.0,hard,234.46597120050728,234.4490994378968,8,0.1,0.1,5829,5108,0.8763081145994167,71,0.0202960968017578,0.1838628340046852,quantized_global_optimum_not_continuous_global_optimum
06ac6393eee7a87a46f65b36cf9d1863821846f32cd08b7f9dd84710f2fa08a1,1,1,20270826,1.0,3.0,hard,231.7999554061431,231.76746093613937,11,0.1,0.1,13055,10835,0.8299502106472616,97,0.0254878997802734,0.4186063340166583,quantized_global_optimum_not_continuous_global_optimum
06ac6393eee7a87a46f65b36cf9d1863821846f32cd08b7f9dd84710f2fa08a1,1,1,20270826,1.0,5.0,hard,229.6911239522308,229.59898389142276,17,0.1,0.1,33402,25552,0.7649841326866654,152,0.0381031036376953,1.0226447499589997,quantized_global_optimum_not_continuous_global_optimum
06ac6393eee7a87a46f65b36cf9d1863821846f32cd08b7f9dd84710f2fa08a1,1,1,20270826,1.0,13.0,hard,229.6911239522308,229.59898389142276,17,0.1,0.1,269461,164135,0.6091233981912039,422,0.103128433227539,7.468949707923457,quantized_global_optimum_not_continuous_global_optimum
06ac6393eee7a87a46f65b36cf9d1863821846f32cd08b7f9dd84710f2fa08a1,1,2,20270923,0.2,1.5,hard,235.10500644557044,234.99169944308008,6,0.1,0.1,3625,3049,0.841103448275862,50,0.0150737762451171,0.1252555840183049,quantized_global_optimum_not_continuous_global_optimum
06ac6393eee7a87a46f65b36cf9d1863821846f32cd08b7f9dd84710f2fa08a1,1,2,20270923,0.2,2.0,hard,234.8845550765508,234.6550175759859,7,0.1,0.1,5337,4368,0.8184373243395165,70,0.0202960968017578,0.1789506250061094,quantized_global_optimum_not_continuous_global_optimum
06ac6393eee7a87a46f65b36cf9d1863821846f32cd08b7f9dd84710f2fa08a1,1,2,20270923,0.2,3.0,hard,234.8845550765508,234.6550175759859,7,0.1,0.1,13841,10582,0.7645401343833538,126,0.0312519073486328,0.4219486250076443,quantized_global_optimum_not_continuous_global_optimum
06ac6393eee7a87a46f65b36cf9d1863821846f32cd08b7f9dd84710f2fa08a1,1,2,20270923,0.2,5.0,hard,234.8845550765508,234.6550175759859,7,0.1,0.1,24163,17458,0.7225096221495675,155,0.0380687713623046,0.7062325000297278,quantized_global_optimum_not_continuous_global_optimum
06ac6393eee7a87a46f65b36cf9d1863821846f32cd08b7f9dd84710f2fa08a1,1,2,20270923,0.2,13.0,hard,234.8845550765508,234.6550175759859,7,0.1,0.1,24163,17458,0.7225096221495675,155,0.0386791229248046,0.742926541948691,quantized_global_optimum_not_continuous_global_optimum
06ac6393eee7a87a46f65b36cf9d1863821846f32cd08b7f9dd84710f2fa08a1,1,2,20270923,0.4,1.5,hard,234.4442036727552,234.4122165525156,6,0.1,0.1,3625,3049,0.841103448275862,50,0.0150737762451171,0.1362319579347968,quantized_global_optimum_not_continuous_global_optimum
06ac6393eee7a87a46f65b36cf9d1863821846f32cd08b7f9dd84710f2fa08a1,1,2,20270923,0.4,2.0,hard,233.53947444743767,233.4905512349635,7,0.1,0.1,5337,4368,0.8184373243395165,70,0.0203189849853515,0.1870390840340405,quantized_global_optimum_not_continuous_global_optimum
06ac6393eee7a87a46f65b36cf9d1863821846f32cd08b7f9dd84710f2fa08a1,1,2,20270923,0.4,3.0,hard,232.47260950157968,232.34479566257244,10,0.1,0.1,13841,10582,0.7645401343833538,126,0.0312061309814453,0.4254515001084655,quantized_global_optimum_not_continuous_global_optimum
06ac6393eee7a87a46f65b36cf9d1863821846f32cd08b7f9dd84710f2fa08a1,1,2,20270923,0.4,5.0,hard,232.42270212197167,232.2541132781244,11,0.1,0.1,39891,27410,0.6871224085633351,225,0.0516490936279296,1.1227170419879258,quantized_global_optimum_not_continuous_global_optimum
06ac6393eee7a87a46f65b36cf9d1863821846f32cd08b7f9dd84710f2fa08a1,1,2,20270923,0.4,13.0,hard,232.42270212197167,232.2541132781244,11,0.1,0.1,114247,71883,0.6291893879051529,313,0.0728931427001953,3.1590196669567376,quantized_global_optimum_not_continuous_global_optimum
06ac6393eee7a87a46f65b36cf9d1863821846f32cd08b7f9dd84710f2fa08a1,1,2,20270923,0.6,1.5,hard,234.29400188344175,234.27581491944423,6,0.1,0.1,3625,3049,0.841103448275862,50,0.0151042938232421,0.1285571249900385,quantized_global_optimum_not_continuous_global_optimum
06ac6393eee7a87a46f65b36cf9d1863821846f32cd08b7f9dd84710f2fa08a1,1,2,20270923,0.6,2.0,hard,233.2837116890421,233.25750725116723,7,0.1,0.1,5337,4368,0.8184373243395165,70,0.0203495025634765,0.1817457909928634,quantized_global_optimum_not_continuous_global_optimum
06ac6393eee7a87a46f65b36cf9d1863821846f32cd08b7f9dd84710f2fa08a1,1,2,20270923,0.6,3.0,hard,231.7620976400623,231.69651419792697,11,0.1,0.1,13841,10582,0.7645401343833538,126,0.0312366485595703,0.4415484169730916,quantized_global_optimum_not_continuous_global_optimum
06ac6393eee7a87a46f65b36cf9d1863821846f32cd08b7f9dd84710f2fa08a1,1,2,20270923,0.6,5.0,hard,231.14468497362304,231.00655669777873,14,0.1,0.1,39891,27410,0.6871224085633351,225,0.0516796112060546,1.136842583073303,quantized_global_optimum_not_continuous_global_optimum
06ac6393eee7a87a46f65b36cf9d1863821846f32cd08b7f9dd84710f2fa08a1,1,2,20270923,0.6,13.0,hard,231.14468497362304,231.00655669777873,14,0.1,0.1,241946,143225,0.5919709356633298,406,0.1023120880126953,6.145068042096682,quantized_global_optimum_not_continuous_global_optimum
06ac6393eee7a87a46f65b36cf9d1863821846f32cd08b7f9dd84710f2fa08a1,1,2,20270923,0.8,1.5,hard,234.22751683689475,234.2148630149369,6,0.1,0.1,3625,3049,0.841103448275862,50,0.0151042938232421,0.1270316670415923,quantized_global_optimum_not_continuous_global_optimum
06ac6393eee7a87a46f65b36cf9d1863821846f32cd08b7f9dd84710f2fa08a1,1,2,20270923,0.8,2.0,hard,233.17538032734387,233.15761586830575,7,0.1,0.1,5337,4368,0.8184373243395165,70,0.0203495025634765,0.1813924999441951,quantized_global_optimum_not_continuous_global_optimum
06ac6393eee7a87a46f65b36cf9d1863821846f32cd08b7f9dd84710f2fa08a1,1,2,20270923,0.8,3.0,hard,231.44484538567832,231.4033759771803,11,0.1,0.1,13841,10582,0.7645401343833538,126,0.0311880111694335,0.4276395000051707,quantized_global_optimum_not_continuous_global_optimum
06ac6393eee7a87a46f65b36cf9d1863821846f32cd08b7f9dd84710f2fa08a1,1,2,20270923,0.8,5.0,hard,230.41871141384703,230.32338384128664,15,0.1,0.1,39891,27410,0.6871224085633351,225,0.0516796112060546,1.1185670419363305,quantized_global_optimum_not_continuous_global_optimum
06ac6393eee7a87a46f65b36cf9d1863821846f32cd08b7f9dd84710f2fa08a1,1,2,20270923,0.8,13.0,hard,230.41871141384703,230.32338384128664,15,0.1,0.1,299378,174624,0.5832893532590905,406,0.1087093353271484,7.476219792035408,quantized_global_optimum_not_continuous_global_optimum
06ac6393eee7a87a46f65b36cf9d1863821846f32cd08b7f9dd84710f2fa08a1,1,2,20270923,1.0,1.5,hard,234.19001183243145,234.18032182172527,6,0.1,0.1,3625,3049,0.841103448275862,50,0.0151042938232421,0.1294405841035768,quantized_global_optimum_not_continuous_global_optimum
06ac6393eee7a87a46f65b36cf9d1863821846f32cd08b7f9dd84710f2fa08a1,1,2,20270923,1.0,2.0,hard,233.11552389210703,233.10211666493797,7,0.1,0.1,5337,4368,0.8184373243395165,70,0.0203495025634765,0.3509217910468578,quantized_global_optimum_not_continuous_global_optimum
06ac6393eee7a87a46f65b36cf9d1863821846f32cd08b7f9dd84710f2fa08a1,1,2,20270923,1.0,3.0,hard,231.2789358883052,231.24879180646917,11,0.1,0.1,13841,10582,0.7645401343833538,126,0.0312366485595703,0.4693702909862622,quantized_global_optimum_not_continuous_global_optimum
06ac6393eee7a87a46f65b36cf9d1863821846f32cd08b7f9dd84710f2fa08a1,1,2,20270923,1.0,5.0,hard,229.94663714693945,229.85881491547156,17,0.1,0.1,39891,27410,0.6871224085633351,225,0.0516309738159179,1.162689666962251,quantized_global_optimum_not_continuous_global_optimum
06ac6393eee7a87a46f65b36cf9d1863821846f32cd08b7f9dd84710f2fa08a1,1,2,20270923,1.0,13.0,hard,229.94663714693945,229.85881491547156,17,0.1,0.1,299378,174624,0.5832893532590905,406,0.1087093353271484,7.7620994170429185,quantized_global_optimum_not_continuous_global_optimum
06ac6393eee7a87a46f65b36cf9d1863821846f32cd08b7f9dd84710f2fa08a1,1,3,20271020,0.2,1.5,hard,235.96571904872297,235.85241204623264,6,0.1,0.1,4119,3356,0.8147608642874484,63,0.0180416107177734,0.1680752079701051,quantized_global_optimum_not_continuous_global_optimum
06ac6393eee7a87a46f65b36cf9d1863821846f32cd08b7f9dd84710f2fa08a1,1,3,20271020,0.2,2.0,hard,235.23026720659004,235.00072970602517,7,0.1,0.1,6681,5368,0.8034725340517886,93,0.0253314971923828,0.2411532090045511,quantized_global_optimum_not_continuous_global_optimum
06ac6393eee7a87a46f65b36cf9d1863821846f32cd08b7f9dd84710f2fa08a1,1,3,20271020,0.2,3.0,hard,235.23026720659004,235.00072970602517,7,0.1,0.1,17050,12927,0.7581818181818182,157,0.0383434295654296,0.5696267079329118,quantized_global_optimum_not_continuous_global_optimum
06ac6393eee7a87a46f65b36cf9d1863821846f32cd08b7f9dd84710f2fa08a1,1,3,20271020,0.2,5.0,hard,235.23026720659004,235.00072970602517,7,0.1,0.1,29036,21143,0.7281650365064058,186,0.0428524017333984,0.9781236669514328,quantized_global_optimum_not_continuous_global_optimum
06ac6393eee7a87a46f65b36cf9d1863821846f32cd08b7f9dd84710f2fa08a1,1,3,20271020,0.2,13.0,hard,235.23026720659004,235.00072970602517,7,0.1,0.1,29036,21143,0.7281650365064058,186,0.0434141159057617,1.1512977920938283,quantized_global_optimum_not_continuous_global_optimum
06ac6393eee7a87a46f65b36cf9d1863821846f32cd08b7f9dd84710f2fa08a1,1,3,20271020,0.4,1.5,hard,235.25764417484004,235.22898744110583,6,0.1,0.1,4119,3356,0.8147608642874484,63,0.0179958343505859,0.1892532909987494,quantized_global_optimum_not_continuous_global_optimum
06ac6393eee7a87a46f65b36cf9d1863821846f32cd08b7f9dd84710f2fa08a1,1,3,20271020,0.4,2.0,hard,233.88518657747693,233.83626336500276,7,0.1,0.1,6681,5368,0.8034725340517886,93,0.0252628326416015,0.2612425420666113,quantized_global_optimum_not_continuous_global_optimum
06ac6393eee7a87a46f65b36cf9d1863821846f32cd08b7f9dd84710f2fa08a1,1,3,20271020,0.4,3.0,hard,232.4155067344421,232.29489940563025,10,0.1,0.1,17050,12927,0.7581818181818182,157,0.0382747650146484,0.6087388749001548,quantized_global_optimum_not_continuous_global_optimum
06ac6393eee7a87a46f65b36cf9d1863821846f32cd08b7f9dd84710f2fa08a1,1,3,20271020,0.4,5.0,hard,232.20503324747423,231.99300116789215,12,0.1,0.1,47990,33452,0.6970618878933111,266,0.0549259185791015,1.656632083002478,quantized_global_optimum_not_continuous_global_optimum
06ac6393eee7a87a46f65b36cf9d1863821846f32cd08b7f9dd84710f2fa08a1,1,3,20271020,0.4,13.0,hard,232.20503324747423,231.99300116789215,12,0.1,0.1,131588,84492,0.6420950238623583,388,0.0793781280517578,4.113699666922912,quantized_global_optimum_not_continuous_global_optimum
06ac6393eee7a87a46f65b36cf9d1863821846f32cd08b7f9dd84710f2fa08a1,1,3,20271020,0.6,1.5,hard,235.099125168782,235.0829692455908,6,0.1,0.1,4119,3356,0.8147608642874484,63,0.0180263519287109,0.1729616660159081,quantized_global_optimum_not_continuous_global_optimum
06ac6393eee7a87a46f65b36cf9d1863821846f32cd08b7f9dd84710f2fa08a1,1,3,20271020,0.6,2.0,hard,233.62942381908135,233.60321938120651,7,0.1,0.1,6681,5368,0.8034725340517886,93,0.0252933502197265,0.2595195419853553,quantized_global_optimum_not_continuous_global_optimum
06ac6393eee7a87a46f65b36cf9d1863821846f32cd08b7f9dd84710f2fa08a1,1,3,20271020,0.6,3.0,hard,231.69961919144603,231.64795905528848,10,0.1,0.1,17050,12927,0.7581818181818182,157,0.0382823944091796,0.5991998329991475,quantized_global_optimum_not_continuous_global_optimum
06ac6393eee7a87a46f65b36cf9d1863821846f32cd08b7f9dd84710f2fa08a1,1,3,20271020,0.6,5.0,hard,230.8217710772304,230.6905844478929,14,0.1,0.1,47990,33452,0.6970618878933111,266,0.0549564361572265,1.490977041888982,quantized_global_optimum_not_continuous_global_optimum
06ac6393eee7a87a46f65b36cf9d1863821846f32cd08b7f9dd84710f2fa08a1,1,3,20271020,0.6,13.0,hard,230.8217710772304,230.6905844478929,14,0.1,0.1,281132,164550,0.5853122376677148,510,0.1295795440673828,7.731570708099753,quantized_global_optimum_not_continuous_global_optimum
06ac6393eee7a87a46f65b36cf9d1863821846f32cd08b7f9dd84710f2fa08a1,1,3,20271020,0.8,1.5,hard,235.0293501829104,235.018151652812,6,0.1,0.1,4119,3356,0.8147608642874484,63,0.0180263519287109,0.1683232499053701,quantized_global_optimum_not_continuous_global_optimum
06ac6393eee7a87a46f65b36cf9d1863821846f32cd08b7f9dd84710f2fa08a1,1,3,20271020,0.8,2.0,hard,233.52109245738313,233.50332799834504,7,0.1,0.1,6681,5368,0.8034725340517886,93,0.0252447128295898,0.2503547499654814,quantized_global_optimum_not_continuous_global_optimum
06ac6393eee7a87a46f65b36cf9d1863821846f32cd08b7f9dd84710f2fa08a1,1,3,20271020,0.8,3.0,hard,231.42473547449208,231.391873139425,10,0.1,0.1,17050,12927,0.7581818181818182,157,0.0383052825927734,0.5846896250732243,quantized_global_optimum_not_continuous_global_optimum
06ac6393eee7a87a46f65b36cf9d1863821846f32cd08b7f9dd84710f2fa08a1,1,3,20271020,0.8,5.0,hard,230.08203337243967,229.9917337038066,15,0.1,0.1,47990,33452,0.6970618878933111,266,0.0549077987670898,1.5026273329276592,quantized_global_optimum_not_continuous_global_optimum
06ac6393eee7a87a46f65b36cf9d1863821846f32cd08b7f9dd84710f2fa08a1,1,3,20271020,0.8,13.0,hard,230.08203337243967,229.9917337038066,15,0.1,0.1,351357,199963,0.5691163118992933,513,0.1407947540283203,9.642747625010088,quantized_global_optimum_not_continuous_global_optimum
06ac6393eee7a87a46f65b36cf9d1863821846f32cd08b7f9dd84710f2fa08a1,1,3,20271020,1.0,1.5,hard,234.9900946003725,234.98153720007264,6,0.1,0.1,4119,3356,0.8147608642874484,63,0.0179777145385742,0.1737117080483585,quantized_global_optimum_not_continuous_global_optimum
06ac6393eee7a87a46f65b36cf9d1863821846f32cd08b7f9dd84710f2fa08a1,1,3,20271020,1.0,2.0,hard,233.4612360221463,233.44782879497723,7,0.1,0.1,6681,5368,0.8034725340517886,93,0.0252933502197265,0.2430154170142486,quantized_global_optimum_not_continuous_global_optimum
06ac6393eee7a87a46f65b36cf9d1863821846f32cd08b7f9dd84710f2fa08a1,1,3,20271020,1.0,3.0,hard,231.28024427076855,231.25628103921977,10,0.1,0.1,17050,12927,0.7581818181818182,157,0.0383052825927734,0.5650643750559539,quantized_global_optimum_not_continuous_global_optimum
06ac6393eee7a87a46f65b36cf9d1863821846f32cd08b7f9dd84710f2fa08a1,1,3,20271020,1.0,5.0,hard,229.67582941747088,229.5997255840793,16,0.1,0.1,47990,33452,0.6970618878933111,266,0.0549564361572265,1.5150541660841554,quantized_global_optimum_not_continuous_global_optimum
06ac6393eee7a87a46f65b36cf9d1863821846f32cd08b7f9dd84710f2fa08a1,1,3,20271020,1.0,13.0,hard,229.67582941747088,229.5997255840793,16,0.1,0.1,351357,199963,0.5691163118992933,513,0.1407947540283203,9.86898070794996,quantized_global_optimum_not_continuous_global_optimum
06ac6393eee7a87a46f65b36cf9d1863821846f32cd08b7f9dd84710f2fa08a1,1,4,20271117,0.2,1.5,hard,235.9187720753737,235.80546507288332,6,0.1,0.1,3497,3001,0.8581641406920217,40,0.0135021209716796,0.1314505829941481,quantized_global_optimum_not_continuous_global_optimum
06ac6393eee7a87a46f65b36cf9d1863821846f32cd08b7f9dd84710f2fa08a1,1,4,20271117,0.2,2.0,hard,235.57824245003093,235.3890016544071,7,0.1,0.1,5064,4210,0.8313586097946287,58,0.0184345245361328,0.1844692500308156,quantized_global_optimum_not_continuous_global_optimum
06ac6393eee7a87a46f65b36cf9d1863821846f32cd08b7f9dd84710f2fa08a1,1,4,20271117,0.2,3.0,hard,235.57824245003093,235.3890016544071,7,0.1,0.1,12618,9691,0.7680297987002694,94,0.0259456634521484,0.4309949999442324,quantized_global_optimum_not_continuous_global_optimum
06ac6393eee7a87a46f65b36cf9d1863821846f32cd08b7f9dd84710f2fa08a1,1,4,20271117,0.2,5.0,hard,235.57824245003093,235.3890016544071,7,0.1,0.1,21690,16023,0.7387275242047027,112,0.0300464630126953,0.6850614169379696,quantized_global_optimum_not_continuous_global_optimum
06ac6393eee7a87a46f65b36cf9d1863821846f32cd08b7f9dd84710f2fa08a1,1,4,20271117,0.2,13.0,hard,235.57824245003093,235.3890016544071,7,0.1,0.1,21690,16023,0.7387275242047027,112,0.0306568145751953,0.7209268329897895,quantized_global_optimum_not_continuous_global_optimum
06ac6393eee7a87a46f65b36cf9d1863821846f32cd08b7f9dd84710f2fa08a1,1,4,20271117,0.4,1.5,hard,235.25796930255848,235.22598218231883,6,0.1,0.1,3497,3001,0.8581641406920217,40,0.0135021209716796,0.1276877919444814,quantized_global_optimum_not_continuous_global_optimum
06ac6393eee7a87a46f65b36cf9d1863821846f32cd08b7f9dd84710f2fa08a1,1,4,20271117,0.4,2.0,hard,234.33622416830028,234.27018613173237,8,0.1,0.1,5064,4210,0.8313586097946287,58,0.0184345245361328,0.1864688750356435,quantized_global_optimum_not_continuous_global_optimum
06ac6393eee7a87a46f65b36cf9d1863821846f32cd08b7f9dd84710f2fa08a1,1,4,20271117,0.4,3.0,hard,232.99083365456136,232.84516578402796,11,0.1,0.1,12618,9691,0.7680297987002694,94,0.0260372161865234,0.4117666250094771,quantized_global_optimum_not_continuous_global_optimum
06ac6393eee7a87a46f65b36cf9d1863821846f32cd08b7f9dd84710f2fa08a1,1,4,20271117,0.4,5.0,hard,232.99083365456136,232.84516578402796,11,0.1,0.1,36223,25783,0.7117853297628578,148,0.039804458618164,1.0832886249991134,quantized_global_optimum_not_continuous_global_optimum
06ac6393eee7a87a46f65b36cf9d1863821846f32cd08b7f9dd84710f2fa08a1,1,4,20271117,0.4,13.0,hard,232.99083365456136,232.84516578402796,11,0.1,0.1,104884,68469,0.6528069104915907,260,0.0670490264892578,3.026820291997865,quantized_global_optimum_not_continuous_global_optimum
06ac6393eee7a87a46f65b36cf9d1863821846f32cd08b7f9dd84710f2fa08a1,1,4,20271117,0.6,1.5,hard,235.10776751324505,235.0895805492475,6,0.1,0.1,3497,3001,0.8581641406920217,40,0.0135326385498046,0.127355583012104,quantized_global_optimum_not_continuous_global_optimum
06ac6393eee7a87a46f65b36cf9d1863821846f32cd08b7f9dd84710f2fa08a1,1,4,20271117,0.6,2.0,hard,234.0228051815116,233.98784872085324,8,0.1,0.1,5064,4210,0.8313586097946287,58,0.0184650421142578,0.183283583028242,quantized_global_optimum_not_continuous_global_optimum
06ac6393eee7a87a46f65b36cf9d1863821846f32cd08b7f9dd84710f2fa08a1,1,4,20271117,0.6,3.0,hard,232.14150214754176,232.07591870540637,11,0.1,0.1,12618,9691,0.7680297987002694,94,0.0260448455810546,0.4130806670291349,quantized_global_optimum_not_continuous_global_optimum
06ac6393eee7a87a46f65b36cf9d1863821846f32cd08b7f9dd84710f2fa08a1,1,4,20271117,0.6,5.0,hard,231.75158290545323,231.62861598806515,14,0.1,0.1,36223,25783,0.7117853297628578,148,0.039834976196289,1.1380414589075372,quantized_global_optimum_not_continuous_global_optimum
06ac6393eee7a87a46f65b36cf9d1863821846f32cd08b7f9dd84710f2fa08a1,1,4,20271117,0.6,13.0,hard,231.75158290545323,231.62861598806515,14,0.1,0.1,230090,139676,0.6070494154461298,358,0.0932865142822265,6.1018487920518965,quantized_global_optimum_not_continuous_global_optimum
06ac6393eee7a87a46f65b36cf9d1863821846f32cd08b7f9dd84710f2fa08a1,1,4,20271117,0.8,1.5,hard,235.041282466698,235.02862864474017,6,0.1,0.1,3497,3001,0.8581641406920217,40,0.0134840011596679,0.1402983339503407,quantized_global_optimum_not_continuous_global_optimum
06ac6393eee7a87a46f65b36cf9d1863821846f32cd08b7f9dd84710f2fa08a1,1,4,20271117,0.8,2.0,hard,233.8912980612992,233.8677187539793,8,0.1,0.1,5064,4210,0.8313586097946287,58,0.0184650421142578,0.1852078340016305,quantized_global_optimum_not_continuous_global_optimum
06ac6393eee7a87a46f65b36cf9d1863821846f32cd08b7f9dd84710f2fa08a1,1,4,20271117,0.8,3.0,hard,231.82424989315777,231.78278048465972,11,0.1,0.1,12618,9691,0.7680297987002694,94,0.0260448455810546,0.4191436669789254,quantized_global_optimum_not_continuous_global_optimum
06ac6393eee7a87a46f65b36cf9d1863821846f32cd08b7f9dd84710f2fa08a1,1,4,20271117,0.8,5.0,hard,231.1184715721978,231.0461473815772,14,0.1,0.1,36223,25783,0.7117853297628578,148,0.039834976196289,1.098712999955751,quantized_global_optimum_not_continuous_global_optimum
06ac6393eee7a87a46f65b36cf9d1863821846f32cd08b7f9dd84710f2fa08a1,1,4,20271117,0.8,13.0,hard,231.1184715721978,231.0461473815772,14,0.1,0.1,286761,170587,0.5948751747971307,386,0.1014270782470703,7.638781417044811,quantized_global_optimum_not_continuous_global_optimum
06ac6393eee7a87a46f65b36cf9d1863821846f32cd08b7f9dd84710f2fa08a1,1,4,20271117,1.0,1.5,hard,235.0037774622347,234.99408745152851,6,0.1,0.1,3497,3001,0.8581641406920217,40,0.0135326385498046,0.1360087499488145,quantized_global_optimum_not_continuous_global_optimum
06ac6393eee7a87a46f65b36cf9d1863821846f32cd08b7f9dd84710f2fa08a1,1,4,20271117,1.0,2.0,hard,233.81895065777087,233.8012040031942,8,0.1,0.1,5064,4210,0.8313586097946287,58,0.0184650421142578,0.1954588330117985,quantized_global_optimum_not_continuous_global_optimum
06ac6393eee7a87a46f65b36cf9d1863821846f32cd08b7f9dd84710f2fa08a1,1,4,20271117,1.0,3.0,hard,231.65834039578465,231.6281963139486,11,0.1,0.1,12618,9691,0.7680297987002694,94,0.0260448455810546,0.428981666918844,quantized_global_optimum_not_continuous_global_optimum
06ac6393eee7a87a46f65b36cf9d1863821846f32cd08b7f9dd84710f2fa08a1,1,4,20271117,1.0,5.0,hard,230.7601729747543,230.7008541717921,15,0.1,0.1,36223,25783,0.7117853297628578,148,0.0398120880126953,1.1397826250176877,quantized_global_optimum_not_continuous_global_optimum
06ac6393eee7a87a46f65b36cf9d1863821846f32cd08b7f9dd84710f2fa08a1,1,4,20271117,1.0,13.0,hard,230.7601729747543,230.7008541717921,15,0.1,0.1,286761,170587,0.5948751747971307,386,0.1014270782470703,7.709924167022109,quantized_global_optimum_not_continuous_global_optimum
06ac6393eee7a87a46f65b36cf9d1863821846f32cd08b7f9dd84710f2fa08a1,1,5,20271214,0.2,1.5,hard,235.43009385953417,235.3751160719221,5,0.1,0.1,4006,3371,0.8414877683474787,63,0.0177907943725585,0.1546314160805195,quantized_global_optimum_not_continuous_global_optimum
06ac6393eee7a87a46f65b36cf9d1863821846f32cd08b7f9dd84710f2fa08a1,1,5,20271214,0.2,2.0,hard,234.73311359813113,234.54387280250737,7,0.1,0.1,6151,5057,0.8221427410177207,85,0.0233135223388671,0.210617542034015,quantized_global_optimum_not_continuous_global_optimum
06ac6393eee7a87a46f65b36cf9d1863821846f32cd08b7f9dd84710f2fa08a1,1,5,20271214,0.2,3.0,hard,234.73311359813113,234.54387280250737,7,0.1,0.1,15732,12211,0.7761886600559369,116,0.0299968719482421,0.5141021250747144,quantized_global_optimum_not_continuous_global_optimum
06ac6393eee7a87a46f65b36cf9d1863821846f32cd08b7f9dd84710f2fa08a1,1,5,20271214,0.2,5.0,hard,234.73311359813113,234.54387280250737,7,0.1,0.1,26527,19971,0.7528555811060429,136,0.0358142852783203,0.8153444590279832,quantized_global_optimum_not_continuous_global_optimum
06ac6393eee7a87a46f65b36cf9d1863821846f32cd08b7f9dd84710f2fa08a1,1,5,20271214,0.2,13.0,hard,234.73311359813113,234.54387280250737,7,0.1,0.1,26527,19971,0.7528555811060429,136,0.0364246368408203,0.8933780420338735,quantized_global_optimum_not_continuous_global_optimum
06ac6393eee7a87a46f65b36cf9d1863821846f32cd08b7f9dd84710f2fa08a1,1,5,20271214,0.4,1.5,hard,234.99133949561067,234.95935237537103,6,0.1,0.1,4006,3371,0.8414877683474787,63,0.0178394317626953,0.1515566250309348,quantized_global_optimum_not_continuous_global_optimum
06ac6393eee7a87a46f65b36cf9d1863821846f32cd08b7f9dd84710f2fa08a1,1,5,20271214,0.4,2.0,hard,233.61528573946416,233.57057300428644,7,0.1,0.1,6151,5057,0.8221427410177207,85,0.0232648849487304,0.2257555000251159,quantized_global_optimum_not_continuous_global_optimum
06ac6393eee7a87a46f65b36cf9d1863821846f32cd08b7f9dd84710f2fa08a1,1,5,20271214,0.4,3.0,hard,232.2601312139808,232.15017563875656,10,0.1,0.1,15732,12211,0.7761886600559369,116,0.0299739837646484,0.5068294580560178,quantized_global_optimum_not_continuous_global_optimum
06ac6393eee7a87a46f65b36cf9d1863821846f32cd08b7f9dd84710f2fa08a1,1,5,20271214,0.4,5.0,hard,232.10331842836936,231.957650557836,11,0.1,0.1,42327,30909,0.7302431072365158,197,0.0476932525634765,1.2689950830535963,quantized_global_optimum_not_continuous_global_optimum
06ac6393eee7a87a46f65b36cf9d1863821846f32cd08b7f9dd84710f2fa08a1,1,5,20271214,0.4,13.0,hard,232.10331842836936,231.957650557836,11,0.1,0.1,117749,79027,0.6711479503010641,302,0.075143814086914,3.444255166919902,quantized_global_optimum_not_continuous_global_optimum
06ac6393eee7a87a46f65b36cf9d1863821846f32cd08b7f9dd84710f2fa08a1,1,5,20271214,0.6,1.5,hard,234.8411377062972,234.82295074229972,6,0.1,0.1,4006,3371,0.8414877683474787,63,0.0178699493408203,0.1510516660055145,quantized_global_optimum_not_continuous_global_optimum
06ac6393eee7a87a46f65b36cf9d1863821846f32cd08b7f9dd84710f2fa08a1,1,5,20271214,0.6,2.0,hard,233.3884531849489,233.36400268382272,7,0.1,0.1,6151,5057,0.8221427410177207,85,0.0233440399169921,0.2174317500321194,quantized_global_optimum_not_continuous_global_optimum
06ac6393eee7a87a46f65b36cf9d1863821846f32cd08b7f9dd84710f2fa08a1,1,5,20271214,0.6,3.0,hard,231.62982396443775,231.5774946019025,10,0.1,0.1,15732,12211,0.7761886600559369,116,0.0300045013427734,0.5008238330483437,quantized_global_optimum_not_continuous_global_optimum
06ac6393eee7a87a46f65b36cf9d1863821846f32cd08b7f9dd84710f2fa08a1,1,5,20271214,0.6,5.0,hard,230.79160746537207,230.668640547984,14,0.1,0.1,42327,30909,0.7302431072365158,197,0.0477237701416015,1.2124135829508305,quantized_global_optimum_not_continuous_global_optimum
06ac6393eee7a87a46f65b36cf9d1863821846f32cd08b7f9dd84710f2fa08a1,1,5,20271214,0.6,13.0,hard,230.79160746537207,230.668640547984,14,0.1,0.1,256050,159559,0.6231556336652997,426,0.1087665557861328,6.706672125030309,quantized_global_optimum_not_continuous_global_optimum
06ac6393eee7a87a46f65b36cf9d1863821846f32cd08b7f9dd84710f2fa08a1,1,5,20271214,0.8,1.5,hard,234.77465265975025,234.76199883779236,6,0.1,0.1,4006,3371,0.8414877683474787,63,0.0178699493408203,0.1462550000287592,quantized_global_optimum_not_continuous_global_optimum
06ac6393eee7a87a46f65b36cf9d1863821846f32cd08b7f9dd84710f2fa08a1,1,5,20271214,0.8,2.0,hard,233.290900642506,233.2741771809599,7,0.1,0.1,6151,5057,0.8221427410177207,85,0.0233440399169921,0.2101850830949843,quantized_global_optimum_not_continuous_global_optimum
06ac6393eee7a87a46f65b36cf9d1863821846f32cd08b7f9dd84710f2fa08a1,1,5,20271214,0.8,3.0,hard,231.38482934833928,231.35102719261093,10,0.1,0.1,15732,12211,0.7761886600559369,116,0.0300045013427734,0.4806629170197993,quantized_global_optimum_not_continuous_global_optimum
06ac6393eee7a87a46f65b36cf9d1863821846f32cd08b7f9dd84710f2fa08a1,1,5,20271214,0.8,5.0,hard,230.0520221583419,229.9507039609588,16,0.1,0.1,42327,30909,0.7302431072365158,197,0.0477237701416015,1.1791292920242995,quantized_global_optimum_not_continuous_global_optimum
06ac6393eee7a87a46f65b36cf9d1863821846f32cd08b7f9dd84710f2fa08a1,1,5,20271214,0.8,13.0,hard,230.0520221583419,229.9507039609588,16,0.1,0.1,319731,195110,0.6102317260447063,447,0.1147937774658203,8.188882249989547,quantized_global_optimum_not_continuous_global_optimum
06ac6393eee7a87a46f65b36cf9d1863821846f32cd08b7f9dd84710f2fa08a1,1,5,20271214,1.0,1.5,hard,234.7371476552869,234.7274576445807,6,0.1,0.1,4006,3371,0.8414877683474787,63,0.0178699493408203,0.1473072909284383,quantized_global_optimum_not_continuous_global_optimum
06ac6393eee7a87a46f65b36cf9d1863821846f32cd08b7f9dd84710f2fa08a1,1,5,20271214,1.0,2.0,hard,233.2366166459627,233.22393254139064,7,0.1,0.1,6151,5057,0.8221427410177207,85,0.0233211517333984,0.2052041669376194,quantized_global_optimum_not_continuous_global_optimum
06ac6393eee7a87a46f65b36cf9d1863821846f32cd08b7f9dd84710f2fa08a1,1,5,20271214,1.0,3.0,hard,231.23401637189784,231.2015219018941,11,0.1,0.1,15732,12211,0.7761886600559369,116,0.0299816131591796,0.4779967919457704,quantized_global_optimum_not_continuous_global_optimum
06ac6393eee7a87a46f65b36cf9d1863821846f32cd08b7f9dd84710f2fa08a1,1,5,20271214,1.0,5.0,hard,229.57048163457023,229.49054060054428,17,0.1,0.1,42327,30909,0.7302431072365158,197,0.0477237701416015,1.1775706249754876,quantized_global_optimum_not_continuous_global_optimum
06ac6393eee7a87a46f65b36cf9d1863821846f32cd08b7f9dd84710f2fa08a1,1,5,20271214,1.0,13.0,hard,229.57048163457023,229.49054060054428,17,0.1,0.1,319731,195110,0.6102317260447063,447,0.1147937774658203,8.18036483391188,quantized_global_optimum_not_continuous_global_optimum
06ac6393eee7a87a46f65b36cf9d1863821846f32cd08b7f9dd84710f2fa08a1,1,6,20271311,0.2,1.5,hard,236.61149388949264,236.53173006624607,5,0.1,0.1,4166,3700,0.8881421027364378,57,0.0167598724365234,0.1668923329561948,quantized_global_optimum_not_continuous_global_optimum
06ac6393eee7a87a46f65b36cf9d1863821846f32cd08b7f9dd84710f2fa08a1,1,6,20271311,0.2,2.0,hard,236.05682501019544,235.8195222070473,7,0.1,0.1,6368,5551,0.8717022613065326,76,0.020547866821289,0.2213236669776961,quantized_global_optimum_not_continuous_global_optimum
06ac6393eee7a87a46f65b36cf9d1863821846f32cd08b7f9dd84710f2fa08a1,1,6,20271311,0.2,3.0,hard,236.05682501019544,235.8195222070473,7,0.1,0.1,16523,13232,0.800823095079586,152,0.0368061065673828,0.5327825000276789,quantized_global_optimum_not_continuous_global_optimum
06ac6393eee7a87a46f65b36cf9d1863821846f32cd08b7f9dd84710f2fa08a1,1,6,20271311,0.2,5.0,hard,236.05682501019544,235.8195222070473,7,0.1,0.1,28814,21564,0.7483862011522177,185,0.0419635772705078,0.9132442920235916,quantized_global_optimum_not_continuous_global_optimum
06ac6393eee7a87a46f65b36cf9d1863821846f32cd08b7f9dd84710f2fa08a1,1,6,20271311,0.2,13.0,hard,236.05682501019544,235.8195222070473,7,0.1,0.1,28814,21564,0.7483862011522177,185,0.0425739288330078,0.9643322080373764,quantized_global_optimum_not_continuous_global_optimum
06ac6393eee7a87a46f65b36cf9d1863821846f32cd08b7f9dd84710f2fa08a1,1,6,20271311,0.4,1.5,hard,236.1564890141978,236.13215584317325,5,0.1,0.1,4166,3700,0.8881421027364378,57,0.0167598724365234,0.1580409590387717,quantized_global_optimum_not_continuous_global_optimum
06ac6393eee7a87a46f65b36cf9d1863821846f32cd08b7f9dd84710f2fa08a1,1,6,20271311,0.4,2.0,hard,234.80791602982475,234.7548825687963,7,0.1,0.1,6368,5551,0.8717022613065326,76,0.0205030441284179,0.224318458000198,quantized_global_optimum_not_continuous_global_optimum
06ac6393eee7a87a46f65b36cf9d1863821846f32cd08b7f9dd84710f2fa08a1,1,6,20271311,0.4,3.0,hard,233.40900482730575,233.2621533956474,10,0.1,0.1,16523,13232,0.800823095079586,152,0.0368518829345703,0.5388310420094058,quantized_global_optimum_not_continuous_global_optimum
06ac6393eee7a87a46f65b36cf9d1863821846f32cd08b7f9dd84710f2fa08a1,1,6,20271311,0.4,5.0,hard,233.32248969092717,233.1539008470799,11,0.1,0.1,48571,34075,0.7015503077968335,265,0.058877944946289,1.430691292043775,quantized_global_optimum_not_continuous_global_optimum
06ac6393eee7a87a46f65b36cf9d1863821846f32cd08b7f9dd84710f2fa08a1,1,6,20271311,0.4,13.0,hard,233.32248969092717,233.1539008470799,11,0.1,0.1,147247,91128,0.6188784830930342,447,0.0977993011474609,3.968712624977343,quantized_global_optimum_not_continuous_global_optimum
06ac6393eee7a87a46f65b36cf9d1863821846f32cd08b7f9dd84710f2fa08a1,1,6,20271311,0.6,1.5,hard,236.04776975828065,236.03367824544293,5,0.1,0.1,4166,3700,0.8881421027364378,57,0.0167903900146484,0.1657061249716207,quantized_global_optimum_not_continuous_global_optimum
06ac6393eee7a87a46f65b36cf9d1863821846f32cd08b7f9dd84710f2fa08a1,1,6,20271311,0.6,2.0,hard,234.5639966732226,234.53532254385715,7,0.1,0.1,6368,5551,0.8717022613065326,76,0.0205821990966796,0.2274299580603838,quantized_global_optimum_not_continuous_global_optimum
06ac6393eee7a87a46f65b36cf9d1863821846f32cd08b7f9dd84710f2fa08a1,1,6,20271311,0.6,3.0,hard,232.6966431199739,232.6288175092653,10,0.1,0.1,16523,13232,0.800823095079586,152,0.0368366241455078,0.5357780829071999,quantized_global_optimum_not_continuous_global_optimum
06ac6393eee7a87a46f65b36cf9d1863821846f32cd08b7f9dd84710f2fa08a1,1,6,20271311,0.6,5.0,hard,231.8467159522694,231.7085876764251,14,0.1,0.1,48571,34075,0.7015503077968335,265,0.057352066040039,1.4326973329298198,quantized_global_optimum_not_continuous_global_optimum
06ac6393eee7a87a46f65b36cf9d1863821846f32cd08b7f9dd84710f2fa08a1,1,6,20271311,0.6,13.0,hard,231.8467159522694,231.7085876764251,14,0.1,0.1,308138,177648,0.5765209094626433,518,0.1168155670166015,7.81695054192096,quantized_global_optimum_not_continuous_global_optimum
06ac6393eee7a87a46f65b36cf9d1863821846f32cd08b7f9dd84710f2fa08a1,1,6,20271311,0.8,1.5,hard,235.9989853166971,235.98910004361417,5,0.1,0.1,4166,3700,0.8881421027364378,57,0.0167903900146484,0.1620489159831777,quantized_global_optimum_not_continuous_global_optimum
06ac6393eee7a87a46f65b36cf9d1863821846f32cd08b7f9dd84710f2fa08a1,1,6,20271311,0.8,2.0,hard,234.46004299643997,234.44052601105057,7,0.1,0.1,6368,5551,0.8717022613065326,76,0.0205821990966796,0.2305403329664841,quantized_global_optimum_not_continuous_global_optimum
06ac6393eee7a87a46f65b36cf9d1863821846f32cd08b7f9dd84710f2fa08a1,1,6,20271311,0.8,3.0,hard,232.4261702980379,232.3828641073906,10,0.1,0.1,16523,13232,0.800823095079586,152,0.0368366241455078,0.5384897500043735,quantized_global_optimum_not_continuous_global_optimum
06ac6393eee7a87a46f65b36cf9d1863821846f32cd08b7f9dd84710f2fa08a1,1,6,20271311,0.8,5.0,hard,231.0285151799828,230.916381889289,16,0.1,0.1,48571,34075,0.7015503077968335,265,0.057352066040039,1.4083237909944728,quantized_global_optimum_not_continuous_global_optimum
06ac6393eee7a87a46f65b36cf9d1863821846f32cd08b7f9dd84710f2fa08a1,1,6,20271311,0.8,13.0,hard,231.0285151799828,230.916381889289,16,0.1,0.1,376115,212963,0.5662177791367002,518,0.1226711273193359,9.197604625020176,quantized_global_optimum_not_continuous_global_optimum
06ac6393eee7a87a46f65b36cf9d1863821846f32cd08b7f9dd84710f2fa08a1,1,6,20271311,1.0,1.5,hard,235.97128355446895,235.96367826332744,5,0.1,0.1,4166,3700,0.8881421027364378,57,0.0167903900146484,0.1579306659987196,quantized_global_optimum_not_continuous_global_optimum
06ac6393eee7a87a46f65b36cf9d1863821846f32cd08b7f9dd84710f2fa08a1,1,6,20271311,1.0,2.0,hard,234.40244116810663,234.38767837582245,7,0.1,0.1,6368,5551,0.8717022613065326,76,0.0205821990966796,0.222304290975444,quantized_global_optimum_not_continuous_global_optimum
06ac6393eee7a87a46f65b36cf9d1863821846f32cd08b7f9dd84710f2fa08a1,1,6,20271311,1.0,3.0,hard,232.2837572063537,232.25211616443283,10,0.1,0.1,16523,13232,0.800823095079586,152,0.0368366241455078,0.5301141659729183,quantized_global_optimum_not_continuous_global_optimum
06ac6393eee7a87a46f65b36cf9d1863821846f32cd08b7f9dd84710f2fa08a1,1,6,20271311,1.0,5.0,hard,230.51836430675783,230.4305420752899,17,0.1,0.1,48571,34075,0.7015503077968335,265,0.057352066040039,1.4095559159759432,quantized_global_optimum_not_continuous_global_optimum
06ac6393eee7a87a46f65b36cf9d1863821846f32cd08b7f9dd84710f2fa08a1,1,6,20271311,1.0,13.0,hard,230.51836430675783,230.4305420752899,17,0.1,0.1,376115,212963,0.5662177791367002,518,0.1226711273193359,9.201662708073854,quantized_global_optimum_not_continuous_global_optimum
06ac6393eee7a87a46f65b36cf9d1863821846f32cd08b7f9dd84710f2fa08a1,1,7,20271408,0.2,1.5,hard,235.1244106338216,235.0694328462095,5,0.1,0.1,3993,3263,0.8171800651139494,53,0.0155200958251953,0.15200633299537,quantized_global_optimum_not_continuous_global_optimum
06ac6393eee7a87a46f65b36cf9d1863821846f32cd08b7f9dd84710f2fa08a1,1,7,20271408,0.2,2.0,hard,234.34582124121772,234.15658044559396,7,0.1,0.1,6396,5131,0.8022201375859912,73,0.0207881927490234,0.2167877919273451,quantized_global_optimum_not_continuous_global_optimum
06ac6393eee7a87a46f65b36cf9d1863821846f32cd08b7f9dd84710f2fa08a1,1,7,20271408,0.2,3.0,hard,234.34582124121772,234.15658044559396,7,0.1,0.1,17821,13535,0.7594972223780933,115,0.0291805267333984,0.5238694170257077,quantized_global_optimum_not_continuous_global_optimum
06ac6393eee7a87a46f65b36cf9d1863821846f32cd08b7f9dd84710f2fa08a1,1,7,20271408,0.2,5.0,hard,234.34582124121772,234.15658044559396,7,0.1,0.1,32388,23839,0.7360442139063851,167,0.040262222290039,0.9192815000424162,quantized_global_optimum_not_continuous_global_optimum
06ac6393eee7a87a46f65b36cf9d1863821846f32cd08b7f9dd84710f2fa08a1,1,7,20271408,0.2,13.0,hard,234.34582124121772,234.15658044559396,7,0.1,0.1,32388,23839,0.7360442139063851,167,0.040872573852539,0.9770533749833704,quantized_global_optimum_not_continuous_global_optimum
06ac6393eee7a87a46f65b36cf9d1863821846f32cd08b7f9dd84710f2fa08a1,1,7,20271408,0.4,1.5,hard,234.68675970100085,234.6698586231367,5,0.1,0.1,3993,3263,0.8171800651139494,53,0.0155200958251953,0.1512370000127703,quantized_global_optimum_not_continuous_global_optimum
06ac6393eee7a87a46f65b36cf9d1863821846f32cd08b7f9dd84710f2fa08a1,1,7,20271408,0.4,2.0,hard,233.1816132619036,233.1410710350968,7,0.1,0.1,6396,5131,0.8022201375859912,73,0.0207624435424804,0.2194161670049652,quantized_global_optimum_not_continuous_global_optimum
06ac6393eee7a87a46f65b36cf9d1863821846f32cd08b7f9dd84710f2fa08a1,1,7,20271408,0.4,3.0,hard,231.88428673824103,231.7564728992338,10,0.1,0.1,17821,13535,0.7594972223780933,115,0.0291805267333984,0.528878542012535,quantized_global_optimum_not_continuous_global_optimum
06ac6393eee7a87a46f65b36cf9d1863821846f32cd08b7f9dd84710f2fa08a1,1,7,20271408,0.4,5.0,hard,231.74501584939577,231.57642700554857,11,0.1,0.1,55391,39342,0.7102597894964886,262,0.061532974243164,1.5066975830122828,quantized_global_optimum_not_continuous_global_optimum
06ac6393eee7a87a46f65b36cf9d1863821846f32cd08b7f9dd84710f2fa08a1,1,7,20271408,0.4,13.0,hard,231.74501584939577,231.57642700554857,11,0.1,0.1,169743,110598,0.6515614782347431,445,0.1090497970581054,4.4686389999696985,quantized_global_optimum_not_continuous_global_optimum
06ac6393eee7a87a46f65b36cf9d1863821846f32cd08b7f9dd84710f2fa08a1,1,7,20271408,0.6,1.5,hard,234.58118661793344,234.57138102540637,5,0.1,0.1,3993,3263,0.8171800651139494,53,0.0155506134033203,0.1518043329706415,quantized_global_optimum_not_continuous_global_optimum
06ac6393eee7a87a46f65b36cf9d1863821846f32cd08b7f9dd84710f2fa08a1,1,7,20271408,0.6,2.0,hard,232.94347823516568,232.92151101015764,7,0.1,0.1,6396,5131,0.8022201375859912,73,0.0208415985107421,0.2204608339816332,quantized_global_optimum_not_continuous_global_optimum
06ac6393eee7a87a46f65b36cf9d1863821846f32cd08b7f9dd84710f2fa08a1,1,7,20271408,0.6,3.0,hard,231.2140315554449,231.1540956433365,10,0.1,0.1,17821,13535,0.7594972223780933,115,0.0292110443115234,0.5324576660059392,quantized_global_optimum_not_continuous_global_optimum
06ac6393eee7a87a46f65b36cf9d1863821846f32cd08b7f9dd84710f2fa08a1,1,7,20271408,0.6,5.0,hard,230.37495431380373,230.23682603795945,14,0.1,0.1,55391,39342,0.7102597894964886,262,0.061563491821289,1.511983499978669,quantized_global_optimum_not_continuous_global_optimum
06ac6393eee7a87a46f65b36cf9d1863821846f32cd08b7f9dd84710f2fa08a1,1,7,20271408,0.6,13.0,hard,230.37495431380373,230.23682603795945,14,0.1,0.1,369911,225947,0.6108144932159357,630,0.2653827667236328,9.426898541045375,quantized_global_optimum_not_continuous_global_optimum
06ac6393eee7a87a46f65b36cf9d1863821846f32cd08b7f9dd84710f2fa08a1,1,7,20271408,0.8,1.5,hard,234.5336871996292,234.5268028235776,5,0.1,0.1,3993,3263,0.8171800651139494,53,0.0155506134033203,0.1506149590713903,quantized_global_optimum_not_continuous_global_optimum
06ac6393eee7a87a46f65b36cf9d1863821846f32cd08b7f9dd84710f2fa08a1,1,7,20271408,0.8,2.0,hard,232.84168005579676,232.82671447735103,7,0.1,0.1,6396,5131,0.8022201375859912,73,0.0208415985107421,0.221167916082777,quantized_global_optimum_not_continuous_global_optimum
06ac6393eee7a87a46f65b36cf9d1863821846f32cd08b7f9dd84710f2fa08a1,1,7,20271408,0.8,3.0,hard,230.9565056705861,230.91801236113776,10,0.1,0.1,17821,13535,0.7594972223780933,115,0.0292110443115234,0.5371714161010459,quantized_global_optimum_not_continuous_global_optimum
06ac6393eee7a87a46f65b36cf9d1863821846f32cd08b7f9dd84710f2fa08a1,1,7,20271408,0.8,5.0,hard,229.54458961159327,229.4324563208995,16,0.1,0.1,55391,39342,0.7102597894964886,262,0.061563491821289,1.5029405419481918,quantized_global_optimum_not_continuous_global_optimum
06ac6393eee7a87a46f65b36cf9d1863821846f32cd08b7f9dd84710f2fa08a1,1,7,20271408,0.8,13.0,hard,229.54458961159327,229.4324563208995,16,0.1,0.1,460750,276305,0.5996852957135106,640,0.281930923461914,11.64310058299452,quantized_global_optimum_not_continuous_global_optimum
06ac6393eee7a87a46f65b36cf9d1863821846f32cd08b7f9dd84710f2fa08a1,1,7,20271408,1.0,1.5,hard,234.5066800703651,234.50138104329088,5,0.1,0.1,3993,3263,0.8171800651139494,53,0.0155506134033203,0.152144749998115,quantized_global_optimum_not_continuous_global_optimum
06ac6393eee7a87a46f65b36cf9d1863821846f32cd08b7f9dd84710f2fa08a1,1,7,20271408,1.0,2.0,hard,232.7845717864329,232.7746259272996,7,0.1,0.1,6396,5131,0.8022201375859912,73,0.0208415985107421,0.2204284999752417,quantized_global_optimum_not_continuous_global_optimum
06ac6393eee7a87a46f65b36cf9d1863821846f32cd08b7f9dd84710f2fa08a1,1,7,20271408,1.0,3.0,hard,230.8202278727623,230.79201592139984,10,0.1,0.1,17821,13535,0.7594972223780933,115,0.0291881561279296,0.5315927499905229,quantized_global_optimum_not_continuous_global_optimum
06ac6393eee7a87a46f65b36cf9d1863821846f32cd08b7f9dd84710f2fa08a1,1,7,20271408,1.0,5.0,hard,229.0536013842663,228.9657791527984,17,0.1,0.1,55391,39342,0.7102597894964886,262,0.061563491821289,1.5059755420079457,quantized_global_optimum_not_continuous_global_optimum
06ac6393eee7a87a46f65b36cf9d1863821846f32cd08b7f9dd84710f2fa08a1,1,7,20271408,1.0,13.0,hard,229.0536013842663,228.9657791527984,17,0.1,0.1,460750,276305,0.5996852957135106,640,0.281930923461914,11.648930291994477,quantized_global_optimum_not_continuous_global_optimum
06ac6393eee7a87a46f65b36cf9d1863821846f32cd08b7f9dd84710f2fa08a1,1,8,20271505,0.2,1.5,hard,236.0382074028506,235.92490040036023,6,0.1,0.1,3156,2528,0.8010139416983524,47,0.0150356292724609,0.1193335419520735,quantized_global_optimum_not_continuous_global_optimum
06ac6393eee7a87a46f65b36cf9d1863821846f32cd08b7f9dd84710f2fa08a1,1,8,20271505,0.2,2.0,hard,235.82898060012667,235.5916777969785,7,0.1,0.1,4922,3716,0.7549776513612353,81,0.022684097290039,0.1908846250735223,quantized_global_optimum_not_continuous_global_optimum
06ac6393eee7a87a46f65b36cf9d1863821846f32cd08b7f9dd84710f2fa08a1,1,8,20271505,0.2,3.0,hard,235.82898060012667,235.5916777969785,7,0.1,0.1,13981,9492,0.6789213933195051,191,0.0443592071533203,0.4812159159919247,quantized_global_optimum_not_continuous_global_optimum
06ac6393eee7a87a46f65b36cf9d1863821846f32cd08b7f9dd84710f2fa08a1,1,8,20271505,0.2,5.0,hard,235.82898060012667,235.5916777969785,7,0.1,0.1,25352,16171,0.6378589460397601,274,0.061044692993164,0.8765775830252096,quantized_global_optimum_not_continuous_global_optimum
06ac6393eee7a87a46f65b36cf9d1863821846f32cd08b7f9dd84710f2fa08a1,1,8,20271505,0.2,13.0,hard,235.82898060012667,235.5916777969785,7,0.1,0.1,25352,16171,0.6378589460397601,274,0.061655044555664,0.8899078750982881,quantized_global_optimum_not_continuous_global_optimum
06ac6393eee7a87a46f65b36cf9d1863821846f32cd08b7f9dd84710f2fa08a1,1,8,20271505,0.4,1.5,hard,235.33453641649623,235.30587968276205,6,0.1,0.1,3156,2528,0.8010139416983524,47,0.0150356292724609,0.1190450000576675,quantized_global_optimum_not_continuous_global_optimum
06ac6393eee7a87a46f65b36cf9d1863821846f32cd08b7f9dd84710f2fa08a1,1,8,20271505,0.4,2.0,hard,234.51148025868065,234.46255704620648,7,0.1,0.1,4922,3716,0.7549776513612353,81,0.0227069854736328,0.1813126249471679,quantized_global_optimum_not_continuous_global_optimum
06ac6393eee7a87a46f65b36cf9d1863821846f32cd08b7f9dd84710f2fa08a1,1,8,20271505,0.4,3.0,hard,233.50300154899224,233.375187709985,10,0.1,0.1,13981,9492,0.6789213933195051,191,0.0443363189697265,0.4798086250666529,quantized_global_optimum_not_continuous_global_optimum
06ac6393eee7a87a46f65b36cf9d1863821846f32cd08b7f9dd84710f2fa08a1,1,8,20271505,0.4,5.0,hard,233.41194105390784,233.2433522100606,11,0.1,0.1,43656,26675,0.6110271211288254,389,0.0819149017333984,1.3972191250650212,quantized_global_optimum_not_continuous_global_optimum
06ac6393eee7a87a46f65b36cf9d1863821846f32cd08b7f9dd84710f2fa08a1,1,8,20271505,0.4,13.0,hard,233.41194105390784,233.2433522100606,11,0.1,0.1,122066,72500,0.5939409827470384,429,0.0888271331787109,3.7546020839363337,quantized_global_optimum_not_continuous_global_optimum
06ac6393eee7a87a46f65b36cf9d1863821846f32cd08b7f9dd84710f2fa08a1,1,8,20271505,0.6,1.5,hard,235.17601741043825,235.15986148724696,6,0.1,0.1,3156,2528,0.8010139416983524,47,0.0150661468505859,0.1259452090598642,quantized_global_optimum_not_continuous_global_optimum
06ac6393eee7a87a46f65b36cf9d1863821846f32cd08b7f9dd84710f2fa08a1,1,8,20271505,0.6,2.0,hard,234.25571750028507,234.2295130624102,7,0.1,0.1,4922,3716,0.7549776513612353,81,0.0227375030517578,0.1813482500147074,quantized_global_optimum_not_continuous_global_optimum
06ac6393eee7a87a46f65b36cf9d1863821846f32cd08b7f9dd84710f2fa08a1,1,8,20271505,0.6,3.0,hard,232.8327463661961,232.77281045408768,10,0.1,0.1,13981,9492,0.6789213933195051,191,0.0443668365478515,0.4820604999549687,quantized_global_optimum_not_continuous_global_optimum
06ac6393eee7a87a46f65b36cf9d1863821846f32cd08b7f9dd84710f2fa08a1,1,8,20271505,0.6,5.0,hard,232.12288643344283,231.98475815759855,14,0.1,0.1,43656,26675,0.6110271211288254,389,0.0819454193115234,1.3953668749891222,quantized_global_optimum_not_continuous_global_optimum
06ac6393eee7a87a46f65b36cf9d1863821846f32cd08b7f9dd84710f2fa08a1,1,8,20271505,0.6,13.0,hard,232.12288643344283,231.98475815759855,14,0.1,0.1,237076,140879,0.5942356037726299,459,0.0983715057373046,6.911646042019129,quantized_global_optimum_not_continuous_global_optimum
06ac6393eee7a87a46f65b36cf9d1863821846f32cd08b7f9dd84710f2fa08a1,1,8,20271505,0.8,1.5,hard,235.10624242456663,235.09504389446815,6,0.1,0.1,3156,2528,0.8010139416983524,47,0.0150661468505859,0.119239457999356,quantized_global_optimum_not_continuous_global_optimum
06ac6393eee7a87a46f65b36cf9d1863821846f32cd08b7f9dd84710f2fa08a1,1,8,20271505,0.8,2.0,hard,234.14738613858685,234.12962167954873,7,0.1,0.1,4922,3716,0.7549776513612353,81,0.0227375030517578,0.1902907500043511,quantized_global_optimum_not_continuous_global_optimum
06ac6393eee7a87a46f65b36cf9d1863821846f32cd08b7f9dd84710f2fa08a1,1,8,20271505,0.8,3.0,hard,232.520718093468,232.47068320861425,11,0.1,0.1,13981,9492,0.6789213933195051,191,0.0443668365478515,0.4880377920344472,quantized_global_optimum_not_continuous_global_optimum
06ac6393eee7a87a46f65b36cf9d1863821846f32cd08b7f9dd84710f2fa08a1,1,8,20271505,0.8,5.0,hard,231.4020218509284,231.306694278368,15,0.1,0.1,43656,26675,0.6110271211288254,389,0.0819454193115234,1.433155709062703,quantized_global_optimum_not_continuous_global_optimum
06ac6393eee7a87a46f65b36cf9d1863821846f32cd08b7f9dd84710f2fa08a1,1,8,20271505,0.8,13.0,hard,231.4020218509284,231.306694278368,15,0.1,0.1,286066,169193,0.5914474282158663,459,0.104837417602539,8.483999749994837,quantized_global_optimum_not_continuous_global_optimum
06ac6393eee7a87a46f65b36cf9d1863821846f32cd08b7f9dd84710f2fa08a1,1,8,20271505,1.0,1.5,hard,235.0669868420287,235.0584294417288,6,0.1,0.1,3156,2528,0.8010139416983524,47,0.0150661468505859,0.1249454170465469,quantized_global_optimum_not_continuous_global_optimum
06ac6393eee7a87a46f65b36cf9d1863821846f32cd08b7f9dd84710f2fa08a1,1,8,20271505,1.0,2.0,hard,234.08752970335,234.07412247618092,7,0.1,0.1,4922,3716,0.7549776513612353,81,0.0227375030517578,0.187884374987334,quantized_global_optimum_not_continuous_global_optimum
06ac6393eee7a87a46f65b36cf9d1863821846f32cd08b7f9dd84710f2fa08a1,1,8,20271505,1.0,3.0,hard,232.3524478051256,232.3160990379031,11,0.1,0.1,13981,9492,0.6789213933195051,191,0.0443668365478515,0.4975519590079784,quantized_global_optimum_not_continuous_global_optimum
06ac6393eee7a87a46f65b36cf9d1863821846f32cd08b7f9dd84710f2fa08a1,1,8,20271505,1.0,5.0,hard,230.9546298233083,230.8785259899167,16,0.1,0.1,43656,26675,0.6110271211288254,389,0.0819454193115234,1.4280419999267906,quantized_global_optimum_not_continuous_global_optimum
06ac6393eee7a87a46f65b36cf9d1863821846f32cd08b7f9dd84710f2fa08a1,1,8,20271505,1.0,13.0,hard,230.9546298233083,230.8785259899167,16,0.1,0.1,286066,169193,0.5914474282158663,459,0.104837417602539,8.335623375023715,quantized_global_optimum_not_continuous_global_optimum
06ac6393eee7a87a46f65b36cf9d1863821846f32cd08b7f9dd84710f2fa08a1,1,9,20271602,0.2,1.5,hard,236.9386244329333,236.83843878189137,5,0.1,0.1,3301,2492,0.7549227506816116,56,0.0168666839599609,0.1509527089074254,quantized_global_optimum_not_continuous_global_optimum
06ac6393eee7a87a46f65b36cf9d1863821846f32cd08b7f9dd84710f2fa08a1,1,9,20271602,0.2,2.0,hard,236.2572359328214,236.0199331296733,7,0.1,0.1,5825,4254,0.7303004291845494,91,0.024667739868164,0.2243942089844495,quantized_global_optimum_not_continuous_global_optimum
06ac6393eee7a87a46f65b36cf9d1863821846f32cd08b7f9dd84710f2fa08a1,1,9,20271602,0.2,3.0,hard,236.2572359328214,236.0199331296733,7,0.1,0.1,17967,12010,0.6684477096899872,178,0.0426845550537109,0.6057192500447854,quantized_global_optimum_not_continuous_global_optimum
06ac6393eee7a87a46f65b36cf9d1863821846f32cd08b7f9dd84710f2fa08a1,1,9,20271602,0.2,5.0,hard,236.2572359328214,236.0199331296733,7,0.1,0.1,32820,21164,0.6448507007921999,232,0.053659439086914,1.0161052499897778,quantized_global_optimum_not_continuous_global_optimum
06ac6393eee7a87a46f65b36cf9d1863821846f32cd08b7f9dd84710f2fa08a1,1,9,20271602,0.2,13.0,hard,236.2572359328214,236.0199331296733,7,0.1,0.1,32820,21164,0.6448507007921999,232,0.054269790649414,1.071973167010583,quantized_global_optimum_not_continuous_global_optimum
06ac6393eee7a87a46f65b36cf9d1863821846f32cd08b7f9dd84710f2fa08a1,1,9,20271602,0.4,1.5,hard,236.42810047413343,236.39879413776293,5,0.1,0.1,3301,2492,0.7549227506816116,56,0.0168666839599609,0.1487348749069497,quantized_global_optimum_not_continuous_global_optimum
06ac6393eee7a87a46f65b36cf9d1863821846f32cd08b7f9dd84710f2fa08a1,1,9,20271602,0.4,2.0,hard,234.93939981342336,234.8904766009492,7,0.1,0.1,5825,4254,0.7303004291845494,91,0.0246448516845703,0.2271947499830275,quantized_global_optimum_not_continuous_global_optimum
06ac6393eee7a87a46f65b36cf9d1863821846f32cd08b7f9dd84710f2fa08a1,1,9,20271602,0.4,3.0,hard,233.4649986398538,233.34439131104196,10,0.1,0.1,17967,12010,0.6684477096899872,178,0.0426387786865234,0.5924187919590622,quantized_global_optimum_not_continuous_global_optimum
06ac6393eee7a87a46f65b36cf9d1863821846f32cd08b7f9dd84710f2fa08a1,1,9,20271602,0.4,5.0,hard,233.27961788489708,233.0578001230025,12,0.1,0.1,56231,35227,0.6264693852145614,307,0.068246841430664,1.592385625001043,quantized_global_optimum_not_continuous_global_optimum
06ac6393eee7a87a46f65b36cf9d1863821846f32cd08b7f9dd84710f2fa08a1,1,9,20271602,0.4,13.0,hard,233.27961788489708,233.0578001230025,12,0.1,0.1,157514,92464,0.5870208362431276,434,0.0911235809326171,4.219492082949728,quantized_global_optimum_not_continuous_global_optimum
06ac6393eee7a87a46f65b36cf9d1863821846f32cd08b7f9dd84710f2fa08a1,1,9,20271602,0.6,1.5,hard,236.3096589156919,236.2928568891317,5,0.1,0.1,3301,2492,0.7549227506816116,56,0.0168972015380859,0.1490718339337036,quantized_global_optimum_not_continuous_global_optimum
06ac6393eee7a87a46f65b36cf9d1863821846f32cd08b7f9dd84710f2fa08a1,1,9,20271602,0.6,2.0,hard,234.68363705502776,234.65743261715295,7,0.1,0.1,5825,4254,0.7303004291845494,91,0.0246753692626953,0.2270021250005811,quantized_global_optimum_not_continuous_global_optimum
06ac6393eee7a87a46f65b36cf9d1863821846f32cd08b7f9dd84710f2fa08a1,1,9,20271602,0.6,3.0,hard,232.7439314245794,232.6801396279806,10,0.1,0.1,17967,12010,0.6684477096899872,178,0.0426692962646484,0.5964363330276683,quantized_global_optimum_not_continuous_global_optimum
06ac6393eee7a87a46f65b36cf9d1863821846f32cd08b7f9dd84710f2fa08a1,1,9,20271602,0.6,5.0,hard,231.7370838564799,231.5769978977788,15,0.1,0.1,56231,35227,0.6264693852145614,307,0.068277359008789,1.6027972500305625,quantized_global_optimum_not_continuous_global_optimum
06ac6393eee7a87a46f65b36cf9d1863821846f32cd08b7f9dd84710f2fa08a1,1,9,20271602,0.6,13.0,hard,231.7370838564799,231.5769978977788,15,0.1,0.1,321341,179823,0.5596017937331371,536,0.145303726196289,8.119386125006713,quantized_global_optimum_not_continuous_global_optimum
06ac6393eee7a87a46f65b36cf9d1863821846f32cd08b7f9dd84710f2fa08a1,1,9,20271602,0.8,1.5,hard,236.25694215268612,236.2452084121028,5,0.1,0.1,3301,2492,0.7549227506816116,56,0.0168485641479492,0.1493315830593928,quantized_global_optimum_not_continuous_global_optimum
06ac6393eee7a87a46f65b36cf9d1863821846f32cd08b7f9dd84710f2fa08a1,1,9,20271602,0.8,2.0,hard,234.5753056933295,234.55754123429148,7,0.1,0.1,5825,4254,0.7303004291845494,91,0.0246753692626953,0.2327026670100167,quantized_global_optimum_not_continuous_global_optimum
06ac6393eee7a87a46f65b36cf9d1863821846f32cd08b7f9dd84710f2fa08a1,1,9,20271602,0.8,3.0,hard,232.46458812636817,232.42405371211711,10,0.1,0.1,17967,12010,0.6684477096899872,178,0.0426692962646484,0.5935454579303041,quantized_global_optimum_not_continuous_global_optimum
06ac6393eee7a87a46f65b36cf9d1863821846f32cd08b7f9dd84710f2fa08a1,1,9,20271602,0.8,5.0,hard,230.82870967670428,230.72214849066884,16,0.1,0.1,56231,35227,0.6264693852145614,307,0.068277359008789,1.6041635419242084,quantized_global_optimum_not_continuous_global_optimum
06ac6393eee7a87a46f65b36cf9d1863821846f32cd08b7f9dd84710f2fa08a1,1,9,20271602,0.8,13.0,hard,230.82870967670428,230.72214849066884,16,0.1,0.1,390546,215877,0.5527569095573889,536,0.1596202850341797,10.227494457969442,quantized_global_optimum_not_continuous_global_optimum
06ac6393eee7a87a46f65b36cf9d1863821846f32cd08b7f9dd84710f2fa08a1,1,9,20271602,1.0,1.5,hard,236.22712497904033,236.21812062199783,5,0.1,0.1,3301,2492,0.7549227506816116,56,0.0168972015380859,0.1555057920049876,quantized_global_optimum_not_continuous_global_optimum
06ac6393eee7a87a46f65b36cf9d1863821846f32cd08b7f9dd84710f2fa08a1,1,9,20271602,1.0,2.0,hard,234.5154492580927,234.5020420309237,7,0.1,0.1,5825,4254,0.7303004291845494,91,0.0246753692626953,0.2301234579645097,quantized_global_optimum_not_continuous_global_optimum
06ac6393eee7a87a46f65b36cf9d1863821846f32cd08b7f9dd84710f2fa08a1,1,9,20271602,1.0,3.0,hard,232.318002039188,232.28846161191188,10,0.1,0.1,17967,12010,0.6684477096899872,178,0.0426692962646484,0.6060995000880212,quantized_global_optimum_not_continuous_global_optimum
06ac6393eee7a87a46f65b36cf9d1863821846f32cd08b7f9dd84710f2fa08a1,1,9,20271602,1.0,5.0,hard,230.27438102598668,230.19096254186417,17,0.1,0.1,56231,35227,0.6264693852145614,307,0.0682287216186523,1.658995959092863,quantized_global_optimum_not_continuous_global_optimum
06ac6393eee7a87a46f65b36cf9d1863821846f32cd08b7f9dd84710f2fa08a1,1,9,20271602,1.0,13.0,hard,230.27438102598668,230.19096254186417,17,0.1,0.1,390546,215877,0.5527569095573889,536,0.1596202850341797,9.868781958008183,quantized_global_optimum_not_continuous_global_optimum
06ac6393eee7a87a46f65b36cf9d1863821846f32cd08b7f9dd84710f2fa08a1,2,0,20280729,0.2,1.5,hard,250.62704981248083,250.5580348563576,5,0.1,0.1,6154,4898,0.7959051023724407,92,0.0482540130615234,0.2831902919569984,quantized_global_optimum_not_continuous_global_optimum
06ac6393eee7a87a46f65b36cf9d1863821846f32cd08b7f9dd84710f2fa08a1,2,0,20280729,0.2,2.0,hard,249.85312541909315,249.70355469041664,6,0.1,0.1,13163,10597,0.805059636860898,131,0.043222427368164,0.4559875000268221,quantized_global_optimum_not_continuous_global_optimum
06ac6393eee7a87a46f65b36cf9d1863821846f32cd08b7f9dd84710f2fa08a1,2,0,20280729,0.2,3.0,hard,249.6270779011374,249.43482417042873,7,0.1,0.1,35092,28672,0.8170523196170068,190,0.0567226409912109,1.110345207969658,quantized_global_optimum_not_continuous_global_optimum
06ac6393eee7a87a46f65b36cf9d1863821846f32cd08b7f9dd84710f2fa08a1,2,0,20280729,0.2,5.0,hard,249.6270779011374,249.43482417042873,7,0.1,0.1,54628,44974,0.8232774401405872,214,0.0538158416748046,1.6388351659988984,quantized_global_optimum_not_continuous_global_optimum
06ac6393eee7a87a46f65b36cf9d1863821846f32cd08b7f9dd84710f2fa08a1,2,0,20280729,0.2,13.0,hard,249.6270779011374,249.43482417042873,7,0.1,0.1,54628,44974,0.8232774401405872,214,0.0506534576416015,1.6870347500080245,quantized_global_optimum_not_continuous_global_optimum
06ac6393eee7a87a46f65b36cf9d1863821846f32cd08b7f9dd84710f2fa08a1,2,0,20280729,0.4,1.5,hard,250.0763808351348,250.05704732700497,5,0.1,0.1,6154,4898,0.7959051023724407,92,0.0237636566162109,0.2755280840210616,quantized_global_optimum_not_continuous_global_optimum
06ac6393eee7a87a46f65b36cf9d1863821846f32cd08b7f9dd84710f2fa08a1,2,0,20280729,0.4,2.0,hard,248.4339492929179,248.3926699334464,7,0.1,0.1,13163,10597,0.805059636860898,131,0.0310840606689453,0.5027198330499232,quantized_global_optimum_not_continuous_global_optimum
06ac6393eee7a87a46f65b36cf9d1863821846f32cd08b7f9dd84710f2fa08a1,2,0,20280729,0.4,3.0,hard,246.59049273625,246.4808611862649,10,0.1,0.1,35092,28672,0.8170523196170068,190,0.0445690155029296,1.12879183399491,quantized_global_optimum_not_continuous_global_optimum
06ac6393eee7a87a46f65b36cf9d1863821846f32cd08b7f9dd84710f2fa08a1,2,0,20280729,0.4,5.0,hard,246.59049273625,246.4808611862649,10,0.1,0.1,77384,63427,0.8196397188049209,222,0.0549259185791015,2.127828791970387,quantized_global_optimum_not_continuous_global_optimum
06ac6393eee7a87a46f65b36cf9d1863821846f32cd08b7f9dd84710f2fa08a1,2,0,20280729,0.4,13.0,hard,246.59049273625,246.4808611862649,10,0.1,0.1,156103,123217,0.7893314029839272,222,0.0587100982666015,4.159925999934785,quantized_global_optimum_not_continuous_global_optimum
06ac6393eee7a87a46f65b36cf9d1863821846f32cd08b7f9dd84710f2fa08a1,2,0,20280729,0.6,1.5,hard,249.9512126773736,249.94024004793727,5,0.1,0.1,6154,4898,0.7959051023724407,92,0.0237941741943359,0.2302224159939214,quantized_global_optimum_not_continuous_global_optimum
06ac6393eee7a87a46f65b36cf9d1863821846f32cd08b7f9dd84710f2fa08a1,2,0,20280729,0.6,2.0,hard,248.1597076794778,248.13791827032875,7,0.1,0.1,13163,10597,0.805059636860898,131,0.0310916900634765,0.4478267499944195,quantized_global_optimum_not_continuous_global_optimum
06ac6393eee7a87a46f65b36cf9d1863821846f32cd08b7f9dd84710f2fa08a1,2,0,20280729,0.6,3.0,hard,245.8027482743277,245.75381375908077,10,0.1,0.1,35092,28672,0.8170523196170068,190,0.0445995330810546,1.0559638750273734,quantized_global_optimum_not_continuous_global_optimum
06ac6393eee7a87a46f65b36cf9d1863821846f32cd08b7f9dd84710f2fa08a1,2,0,20280729,0.6,5.0,hard,245.3832092436141,245.28240260111932,14,0.1,0.1,77384,63427,0.8196397188049209,222,0.0549564361572265,2.1472720419988036,quantized_global_optimum_not_continuous_global_optimum
06ac6393eee7a87a46f65b36cf9d1863821846f32cd08b7f9dd84710f2fa08a1,2,0,20280729,0.6,13.0,hard,245.3832092436141,245.28240260111932,14,0.1,0.1,292303,211891,0.7249018997410221,457,0.1480541229248047,7.7315081669948995,quantized_global_optimum_not_continuous_global_optimum
06ac6393eee7a87a46f65b36cf9d1863821846f32cd08b7f9dd84710f2fa08a1,2,0,20280729,0.8,1.5,hard,249.89580847191775,249.88818027503473,5,0.1,0.1,6154,4898,0.7959051023724407,92,0.0237941741943359,0.2423641249770298,quantized_global_optimum_not_continuous_global_optimum
06ac6393eee7a87a46f65b36cf9d1863821846f32cd08b7f9dd84710f2fa08a1,2,0,20280729,0.8,2.0,hard,248.0446389492919,248.02995879391037,7,0.1,0.1,13163,10597,0.805059636860898,131,0.0310916900634765,0.4517143330303952,quantized_global_optimum_not_continuous_global_optimum
06ac6393eee7a87a46f65b36cf9d1863821846f32cd08b7f9dd84710f2fa08a1,2,0,20280729,0.8,3.0,hard,245.5097275357113,245.47888612755963,10,0.1,0.1,35092,28672,0.8170523196170068,190,0.0445995330810546,1.07381420803722,quantized_global_optimum_not_continuous_global_optimum
06ac6393eee7a87a46f65b36cf9d1863821846f32cd08b7f9dd84710f2fa08a1,2,0,20280729,0.8,5.0,hard,244.428846553062,244.35231936577185,18,0.1,0.1,77384,63427,0.8196397188049209,222,0.0549564361572265,2.178044000058435,quantized_global_optimum_not_continuous_global_optimum
06ac6393eee7a87a46f65b36cf9d1863821846f32cd08b7f9dd84710f2fa08a1,2,0,20280729,0.8,13.0,hard,244.428846553062,244.35231936577185,18,0.1,0.1,364992,255417,0.6997879405576013,472,0.1143360137939453,10.120004958007485,quantized_global_optimum_not_continuous_global_optimum
06ac6393eee7a87a46f65b36cf9d1863821846f32cd08b7f9dd84710f2fa08a1,2,0,20280729,1.0,1.5,hard,249.86455430153163,249.85871546892105,5,0.1,0.1,6154,4898,0.7959051023724407,92,0.0237941741943359,0.2504539999645203,quantized_global_optimum_not_continuous_global_optimum
06ac6393eee7a87a46f65b36cf9d1863821846f32cd08b7f9dd84710f2fa08a1,2,0,20280729,1.0,2.0,hard,247.9813349712047,247.97029343898464,7,0.1,0.1,13163,10597,0.805059636860898,131,0.0310916900634765,0.4904057920211926,quantized_global_optimum_not_continuous_global_optimum
06ac6393eee7a87a46f65b36cf9d1863821846f32cd08b7f9dd84710f2fa08a1,2,0,20280729,1.0,3.0,hard,245.3567545463092,245.3343742648853,10,0.1,0.1,35092,28672,0.8170523196170068,190,0.0445995330810546,1.1750529169803483,quantized_global_optimum_not_continuous_global_optimum
06ac6393eee7a87a46f65b36cf9d1863821846f32cd08b7f9dd84710f2fa08a1,2,0,20280729,1.0,5.0,hard,243.84472478812975,243.7806807183131,19,0.1,0.1,77384,63427,0.8196397188049209,222,0.0549564361572265,2.3301127910381183,quantized_global_optimum_not_continuous_global_optimum
06ac6393eee7a87a46f65b36cf9d1863821846f32cd08b7f9dd84710f2fa08a1,2,0,20280729,1.0,13.0,hard,243.84472478812975,243.7806807183131,19,0.1,0.1,364992,255417,0.6997879405576013,472,0.113687515258789,10.4877245411044,quantized_global_optimum_not_continuous_global_optimum
06ac6393eee7a87a46f65b36cf9d1863821846f32cd08b7f9dd84710f2fa08a1,2,1,20280826,0.2,1.5,hard,249.80551100791823,249.75476122608688,5,0.1,0.1,5920,4989,0.8427364864864865,57,0.0170955657958984,0.2164395409636199,quantized_global_optimum_not_continuous_global_optimum
06ac6393eee7a87a46f65b36cf9d1863821846f32cd08b7f9dd84710f2fa08a1,2,1,20280826,0.2,2.0,hard,248.5220634557508,248.38147708795148,7,0.1,0.1,11809,9934,0.8412227961724109,85,0.0232458114624023,0.3952497499994933,quantized_global_optimum_not_continuous_global_optimum
06ac6393eee7a87a46f65b36cf9d1863821846f32cd08b7f9dd84710f2fa08a1,2,1,20280826,0.2,3.0,hard,248.5220634557508,248.38147708795148,7,0.1,0.1,29751,24607,0.8270982487983597,146,0.0364589691162109,0.943129749968648,quantized_global_optimum_not_continuous_global_optimum
06ac6393eee7a87a46f65b36cf9d1863821846f32cd08b7f9dd84710f2fa08a1,2,1,20280826,0.2,5.0,hard,248.5220634557508,248.38147708795148,7,0.1,0.1,48364,39517,0.8170746836489952,185,0.0470027923583984,1.47962370805908,quantized_global_optimum_not_continuous_global_optimum
06ac6393eee7a87a46f65b36cf9d1863821846f32cd08b7f9dd84710f2fa08a1,2,1,20280826,0.2,13.0,hard,248.5220634557508,248.38147708795148,7,0.1,0.1,48364,39517,0.8170746836489952,185,0.0476131439208984,1.575423749978654,quantized_global_optimum_not_continuous_global_optimum
06ac6393eee7a87a46f65b36cf9d1863821846f32cd08b7f9dd84710f2fa08a1,2,1,20280826,0.4,1.5,hard,249.31409374328433,249.29923243133896,5,0.1,0.1,5920,4989,0.8427364864864865,57,0.0170955657958984,0.2303232080303132,quantized_global_optimum_not_continuous_global_optimum
06ac6393eee7a87a46f65b36cf9d1863821846f32cd08b7f9dd84710f2fa08a1,2,1,20280826,0.4,2.0,hard,247.07288078246117,247.04478406452336,7,0.1,0.1,11809,9934,0.8412227961724109,85,0.0233173370361328,0.4212544580223039,quantized_global_optimum_not_continuous_global_optimum
06ac6393eee7a87a46f65b36cf9d1863821846f32cd08b7f9dd84710f2fa08a1,2,1,20280826,0.4,3.0,hard,245.1529467755328,245.0631755060938,11,0.1,0.1,29751,24607,0.8270982487983597,146,0.0364360809326171,0.97897399996873,quantized_global_optimum_not_continuous_global_optimum
06ac6393eee7a87a46f65b36cf9d1863821846f32cd08b7f9dd84710f2fa08a1,2,1,20280826,0.4,5.0,hard,245.04767903536828,244.93184399044728,12,0.1,0.1,75946,60395,0.7952360887999368,281,0.0632495880126953,2.2646898749517277,quantized_global_optimum_not_continuous_global_optimum
06ac6393eee7a87a46f65b36cf9d1863821846f32cd08b7f9dd84710f2fa08a1,2,1,20280826,0.4,13.0,hard,245.04767903536828,244.93184399044728,12,0.1,0.1,191719,141486,0.7379863237342151,380,0.0851879119873046,5.67607054207474,quantized_global_optimum_not_continuous_global_optimum
06ac6393eee7a87a46f65b36cf9d1863821846f32cd08b7f9dd84710f2fa08a1,2,1,20280826,0.6,1.5,hard,249.19894109346023,249.19041901408343,5,0.1,0.1,5920,4989,0.8427364864864865,57,0.0171260833740234,0.2319644999224692,quantized_global_optimum_not_continuous_global_optimum
06ac6393eee7a87a46f65b36cf9d1863821846f32cd08b7f9dd84710f2fa08a1,2,1,20280826,0.6,2.0,hard,246.80489641648865,246.79003240140577,7,0.1,0.1,11809,9934,0.8412227961724109,85,0.0233478546142578,0.4243963329354301,quantized_global_optimum_not_continuous_global_optimum
06ac6393eee7a87a46f65b36cf9d1863821846f32cd08b7f9dd84710f2fa08a1,2,1,20280826,0.6,3.0,hard,244.3036152685132,244.2634233361913,11,0.1,0.1,29751,24607,0.8270982487983597,146,0.0364665985107421,0.9883705000393092,quantized_global_optimum_not_continuous_global_optimum
06ac6393eee7a87a46f65b36cf9d1863821846f32cd08b7f9dd84710f2fa08a1,2,1,20280826,0.6,5.0,hard,243.52435290007065,243.4398544618705,15,0.1,0.1,75946,60395,0.7952360887999368,281,0.0632801055908203,2.3720174999907613,quantized_global_optimum_not_continuous_global_optimum
06ac6393eee7a87a46f65b36cf9d1863821846f32cd08b7f9dd84710f2fa08a1,2,1,20280826,0.6,13.0,hard,243.52435290007065,243.4398544618705,15,0.1,0.1,386596,261216,0.6756821074196319,608,0.2144756317138672,11.422686749952843,quantized_global_optimum_not_continuous_global_optimum
06ac6393eee7a87a46f65b36cf9d1863821846f32cd08b7f9dd84710f2fa08a1,2,1,20280826,0.8,1.5,hard,249.14754812977708,249.14159620885437,5,0.1,0.1,5920,4989,0.8427364864864865,57,0.0171260833740234,0.2223433329490944,quantized_global_optimum_not_continuous_global_optimum
06ac6393eee7a87a46f65b36cf9d1863821846f32cd08b7f9dd84710f2fa08a1,2,1,20280826,0.8,2.0,hard,246.69209662726456,246.68207292498735,7,0.1,0.1,11809,9934,0.8412227961724109,85,0.0233478546142578,0.4041311250766739,quantized_global_optimum_not_continuous_global_optimum
06ac6393eee7a87a46f65b36cf9d1863821846f32cd08b7f9dd84710f2fa08a1,2,1,20280826,0.8,3.0,hard,243.9863630141292,243.96100294151805,11,0.1,0.1,29751,24607,0.8270982487983597,146,0.0364665985107421,1.029608707991429,quantized_global_optimum_not_continuous_global_optimum
06ac6393eee7a87a46f65b36cf9d1863821846f32cd08b7f9dd84710f2fa08a1,2,1,20280826,0.8,5.0,hard,242.6766389037394,242.62074831991976,16,0.1,0.1,75946,60395,0.7952360887999368,281,0.0632801055908203,2.3394166249781847,quantized_global_optimum_not_continuous_global_optimum
06ac6393eee7a87a46f65b36cf9d1863821846f32cd08b7f9dd84710f2fa08a1,2,1,20280826,0.8,13.0,hard,242.6766389037394,242.62074831991976,16,0.1,0.1,486341,317582,0.6530027285382067,682,0.2927417755126953,14.98503462492954,quantized_global_optimum_not_continuous_global_optimum
06ac6393eee7a87a46f65b36cf9d1863821846f32cd08b7f9dd84710f2fa08a1,2,1,20280826,1.0,1.5,hard,249.1184413911982,249.11387373433632,5,0.1,0.1,5920,4989,0.8427364864864865,57,0.0171260833740234,0.2314239999977871,quantized_global_optimum_not_continuous_global_optimum
06ac6393eee7a87a46f65b36cf9d1863821846f32cd08b7f9dd84710f2fa08a1,2,1,20280826,1.0,2.0,hard,246.6299506866957,246.62240757006165,7,0.1,0.1,11809,9934,0.8412227961724109,85,0.0233478546142578,0.4229829580290243,quantized_global_optimum_not_continuous_global_optimum
06ac6393eee7a87a46f65b36cf9d1863821846f32cd08b7f9dd84710f2fa08a1,2,1,20280826,1.0,3.0,hard,243.8204535167561,243.8020398925763,11,0.1,0.1,29751,24607,0.8270982487983597,146,0.0364665985107421,1.0305831250734627,quantized_global_optimum_not_continuous_global_optimum
06ac6393eee7a87a46f65b36cf9d1863821846f32cd08b7f9dd84710f2fa08a1,2,1,20280826,1.0,5.0,hard,242.1598672005316,242.11656756107183,17,0.1,0.1,75946,60395,0.7952360887999368,281,0.0632801055908203,2.3646662500686944,quantized_global_optimum_not_continuous_global_optimum
06ac6393eee7a87a46f65b36cf9d1863821846f32cd08b7f9dd84710f2fa08a1,2,1,20280826,1.0,13.0,hard,242.1598672005316,242.11656756107183,17,0.1,0.1,486341,317582,0.6530027285382067,682,0.2927417755126953,15.077495708945207,quantized_global_optimum_not_continuous_global_optimum
06ac6393eee7a87a46f65b36cf9d1863821846f32cd08b7f9dd84710f2fa08a1,2,2,20280923,0.2,1.5,hard,249.4978937532301,249.44714397139873,5,0.1,0.1,5446,4465,0.8198677928755049,70,0.0186939239501953,0.2560641670133918,quantized_global_optimum_not_continuous_global_optimum
06ac6393eee7a87a46f65b36cf9d1863821846f32cd08b7f9dd84710f2fa08a1,2,2,20280923,0.2,2.0,hard,248.512203482404,248.35319936077144,7,0.1,0.1,11843,9715,0.8203157983619015,110,0.0269222259521484,0.4814575830241665,quantized_global_optimum_not_continuous_global_optimum
06ac6393eee7a87a46f65b36cf9d1863821846f32cd08b7f9dd84710f2fa08a1,2,2,20280923,0.2,3.0,hard,248.4478416879526,248.25558795724393,7,0.1,0.1,32454,26174,0.8064953472607382,190,0.0448780059814453,1.1954879999393595,quantized_global_optimum_not_continuous_global_optimum
06ac6393eee7a87a46f65b36cf9d1863821846f32cd08b7f9dd84710f2fa08a1,2,2,20280923,0.2,5.0,hard,248.4478416879526,248.25558795724393,7,0.1,0.1,53854,42833,0.7953541055446206,236,0.0564441680908203,1.9662967500044033,quantized_global_optimum_not_continuous_global_optimum
06ac6393eee7a87a46f65b36cf9d1863821846f32cd08b7f9dd84710f2fa08a1,2,2,20280923,0.2,13.0,hard,248.4478416879526,248.25558795724393,7,0.1,0.1,53854,42833,0.7953541055446206,236,0.0570545196533203,2.0727598330704495,quantized_global_optimum_not_continuous_global_optimum
06ac6393eee7a87a46f65b36cf9d1863821846f32cd08b7f9dd84710f2fa08a1,2,2,20280923,0.4,1.5,hard,249.00647648859615,248.9916151766508,5,0.1,0.1,5446,4465,0.8198677928755049,70,0.0186939239501953,0.2545841250102967,quantized_global_optimum_not_continuous_global_optimum
06ac6393eee7a87a46f65b36cf9d1863821846f32cd08b7f9dd84710f2fa08a1,2,2,20280923,0.4,2.0,hard,247.09841193110591,247.0571325716344,7,0.1,0.1,11843,9715,0.8203157983619015,110,0.0269451141357421,0.4918415000429377,quantized_global_optimum_not_continuous_global_optimum
06ac6393eee7a87a46f65b36cf9d1863821846f32cd08b7f9dd84710f2fa08a1,2,2,20280923,0.4,3.0,hard,245.5484884378331,245.4668781928886,10,0.1,0.1,32454,26174,0.8064953472607382,190,0.0448780059814453,1.1993118750397116,quantized_global_optimum_not_continuous_global_optimum
06ac6393eee7a87a46f65b36cf9d1863821846f32cd08b7f9dd84710f2fa08a1,2,2,20280923,0.4,5.0,hard,245.4743622485302,245.37682848630251,11,0.1,0.1,86070,66162,0.7686998954339491,324,0.0773906707763671,2.9052262080367655,quantized_global_optimum_not_continuous_global_optimum
06ac6393eee7a87a46f65b36cf9d1863821846f32cd08b7f9dd84710f2fa08a1,2,2,20280923,0.4,13.0,hard,245.4743622485302,245.37682848630251,11,0.1,0.1,219160,151276,0.6902536959299143,462,0.1100788116455078,7.340914333006367,quantized_global_optimum_not_continuous_global_optimum
06ac6393eee7a87a46f65b36cf9d1863821846f32cd08b7f9dd84710f2fa08a1,2,2,20280923,0.6,1.5,hard,248.89132383877208,248.8828017593953,5,0.1,0.1,5446,4465,0.8198677928755049,70,0.0187244415283203,0.2507741249864921,quantized_global_optimum_not_continuous_global_optimum
06ac6393eee7a87a46f65b36cf9d1863821846f32cd08b7f9dd84710f2fa08a1,2,2,20280923,0.6,2.0,hard,246.82417031766585,246.80238090851677,7,0.1,0.1,11843,9715,0.8203157983619015,110,0.0269756317138671,0.4897559169912711,quantized_global_optimum_not_continuous_global_optimum
06ac6393eee7a87a46f65b36cf9d1863821846f32cd08b7f9dd84710f2fa08a1,2,2,20280923,0.6,3.0,hard,244.7763688859971,244.73983076570448,10,0.1,0.1,32454,26174,0.8064953472607382,190,0.044931411743164,1.199258834007196,quantized_global_optimum_not_continuous_global_optimum
06ac6393eee7a87a46f65b36cf9d1863821846f32cd08b7f9dd84710f2fa08a1,2,2,20280923,0.6,5.0,hard,244.05893252574512,243.9843623201368,14,0.1,0.1,86070,66162,0.7686998954339491,324,0.0774211883544921,2.9831119580194354,quantized_global_optimum_not_continuous_global_optimum
06ac6393eee7a87a46f65b36cf9d1863821846f32cd08b7f9dd84710f2fa08a1,2,2,20280923,0.6,13.0,hard,244.05893252574512,243.9843623201368,14,0.1,0.1,449192,283672,0.6315161445439812,696,0.2825527191162109,15.165028958930634,quantized_global_optimum_not_continuous_global_optimum
06ac6393eee7a87a46f65b36cf9d1863821846f32cd08b7f9dd84710f2fa08a1,2,2,20280923,0.8,1.5,hard,248.83993087508892,248.83397895416624,5,0.1,0.1,5446,4465,0.8198677928755049,70,0.0187244415283203,0.2552892920793965,quantized_global_optimum_not_continuous_global_optimum
06ac6393eee7a87a46f65b36cf9d1863821846f32cd08b7f9dd84710f2fa08a1,2,2,20280923,0.8,2.0,hard,246.70910158748,246.6944214320984,7,0.1,0.1,11843,9715,0.8203157983619015,110,0.0269756317138671,0.4974250419763848,quantized_global_optimum_not_continuous_global_optimum
06ac6393eee7a87a46f65b36cf9d1863821846f32cd08b7f9dd84710f2fa08a1,2,2,20280923,0.8,3.0,hard,244.48795774564803,244.46490313418337,10,0.1,0.1,32454,26174,0.8064953472607382,190,0.044931411743164,1.230629125027917,quantized_global_optimum_not_continuous_global_optimum
06ac6393eee7a87a46f65b36cf9d1863821846f32cd08b7f9dd84710f2fa08a1,2,2,20280923,0.8,5.0,hard,243.25396290042707,243.1886530503458,16,0.1,0.1,86070,66162,0.7686998954339491,324,0.0774211883544921,3.0497724170563743,quantized_global_optimum_not_continuous_global_optimum
06ac6393eee7a87a46f65b36cf9d1863821846f32cd08b7f9dd84710f2fa08a1,2,2,20280923,0.8,13.0,hard,243.25396290042707,243.1886530503458,16,0.1,0.1,547633,339474,0.6198932496763343,734,0.305978775024414,18.342994667007588,quantized_global_optimum_not_continuous_global_optimum
06ac6393eee7a87a46f65b36cf9d1863821846f32cd08b7f9dd84710f2fa08a1,2,2,20280923,1.0,1.5,hard,248.81082413651004,248.8062564796482,5,0.1,0.1,5446,4465,0.8198677928755049,70,0.0187244415283203,0.2536100000143051,quantized_global_optimum_not_continuous_global_optimum
06ac6393eee7a87a46f65b36cf9d1863821846f32cd08b7f9dd84710f2fa08a1,2,2,20280923,1.0,2.0,hard,246.64579760939273,246.63475607717265,7,0.1,0.1,11843,9715,0.8203157983619015,110,0.0269756317138671,0.489336833008565,quantized_global_optimum_not_continuous_global_optimum
06ac6393eee7a87a46f65b36cf9d1863821846f32cd08b7f9dd84710f2fa08a1,2,2,20280923,1.0,3.0,hard,244.33713092985425,244.320391271509,10,0.1,0.1,32454,26174,0.8064953472607382,190,0.044931411743164,1.2111983749782669,quantized_global_optimum_not_continuous_global_optimum
06ac6393eee7a87a46f65b36cf9d1863821846f32cd08b7f9dd84710f2fa08a1,2,2,20280923,1.0,5.0,hard,242.78445172313744,242.7289530568957,17,0.1,0.1,86070,66162,0.7686998954339491,324,0.0774211883544921,3.0300125000067055,quantized_global_optimum_not_continuous_global_optimum
06ac6393eee7a87a46f65b36cf9d1863821846f32cd08b7f9dd84710f2fa08a1,2,2,20280923,1.0,13.0,hard,242.78445172313744,242.7289530568957,17,0.1,0.1,547633,339474,0.6198932496763343,734,0.3059301376342773,18.442113665980287,quantized_global_optimum_not_continuous_global_optimum
06ac6393eee7a87a46f65b36cf9d1863821846f32cd08b7f9dd84710f2fa08a1,2,3,20281020,0.2,1.5,hard,250.5243375888729,250.45532263274964,5,0.1,0.1,6282,5140,0.8182107609041707,82,0.0213603973388671,0.2755651660263538,quantized_global_optimum_not_continuous_global_optimum
06ac6393eee7a87a46f65b36cf9d1863821846f32cd08b7f9dd84710f2fa08a1,2,3,20281020,0.2,2.0,hard,249.48135746549207,249.36714298639396,6,0.1,0.1,13164,10754,0.8169249468246733,118,0.029275894165039,0.5287452499615029,quantized_global_optimum_not_continuous_global_optimum
06ac6393eee7a87a46f65b36cf9d1863821846f32cd08b7f9dd84710f2fa08a1,2,3,20281020,0.2,3.0,hard,249.31565837176635,249.12340464105768,7,0.1,0.1,33577,27377,0.8153497930130744,170,0.0408954620361328,1.1810931250220165,quantized_global_optimum_not_continuous_global_optimum
06ac6393eee7a87a46f65b36cf9d1863821846f32cd08b7f9dd84710f2fa08a1,2,3,20281020,0.2,5.0,hard,249.31565837176635,249.12340464105768,7,0.1,0.1,52674,42804,0.8126210274518738,187,0.0461368560791015,1.8133034160127863,quantized_global_optimum_not_continuous_global_optimum
06ac6393eee7a87a46f65b36cf9d1863821846f32cd08b7f9dd84710f2fa08a1,2,3,20281020,0.2,13.0,hard,249.31565837176635,249.12340464105768,7,0.1,0.1,52674,42804,0.8126210274518738,187,0.0467472076416015,1.9806297089671716,quantized_global_optimum_not_continuous_global_optimum
06ac6393eee7a87a46f65b36cf9d1863821846f32cd08b7f9dd84710f2fa08a1,2,3,20281020,0.4,1.5,hard,249.97366861152688,249.954335103397,5,0.1,0.1,6282,5140,0.8182107609041707,82,0.0213832855224609,0.2743913329904899,quantized_global_optimum_not_continuous_global_optimum
06ac6393eee7a87a46f65b36cf9d1863821846f32cd08b7f9dd84710f2fa08a1,2,3,20281020,0.4,2.0,hard,248.0359767378036,247.9946973783321,7,0.1,0.1,13164,10754,0.8169249468246733,118,0.029275894165039,0.5089540409389883,quantized_global_optimum_not_continuous_global_optimum
06ac6393eee7a87a46f65b36cf9d1863821846f32cd08b7f9dd84710f2fa08a1,2,3,20281020,0.4,3.0,hard,246.50301008837215,246.39337853838703,10,0.1,0.1,33577,27377,0.8153497930130744,170,0.0409183502197265,1.2065994589356706,quantized_global_optimum_not_continuous_global_optimum
06ac6393eee7a87a46f65b36cf9d1863821846f32cd08b7f9dd84710f2fa08a1,2,3,20281020,0.4,5.0,hard,246.44869695949043,246.31817932464045,11,0.1,0.1,80825,64076,0.7927745128363749,263,0.0611896514892578,2.738303874968551,quantized_global_optimum_not_continuous_global_optimum
06ac6393eee7a87a46f65b36cf9d1863821846f32cd08b7f9dd84710f2fa08a1,2,3,20281020,0.4,13.0,hard,246.44869695949043,246.31817932464045,11,0.1,0.1,190760,141143,0.7398983015307192,358,0.0790920257568359,6.186806917074136,quantized_global_optimum_not_continuous_global_optimum
06ac6393eee7a87a46f65b36cf9d1863821846f32cd08b7f9dd84710f2fa08a1,2,3,20281020,0.6,1.5,hard,249.84850045376567,249.83752782432933,5,0.1,0.1,6282,5140,0.8182107609041707,82,0.0214138031005859,0.2721426249481737,quantized_global_optimum_not_continuous_global_optimum
06ac6393eee7a87a46f65b36cf9d1863821846f32cd08b7f9dd84710f2fa08a1,2,3,20281020,0.6,2.0,hard,247.76173512436353,247.73994571521445,7,0.1,0.1,13164,10754,0.8169249468246733,118,0.029306411743164,0.5653054579161108,quantized_global_optimum_not_continuous_global_optimum
06ac6393eee7a87a46f65b36cf9d1863821846f32cd08b7f9dd84710f2fa08a1,2,3,20281020,0.6,3.0,hard,245.59606356961064,245.53393772729015,11,0.1,0.1,33577,27377,0.8153497930130744,170,0.0409488677978515,1.3184269591001794,quantized_global_optimum_not_continuous_global_optimum
06ac6393eee7a87a46f65b36cf9d1863821846f32cd08b7f9dd84710f2fa08a1,2,3,20281020,0.6,5.0,hard,244.88053400512587,244.75458509301976,15,0.1,0.1,80825,64076,0.7927745128363749,263,0.0612201690673828,2.7708178750472143,quantized_global_optimum_not_continuous_global_optimum
06ac6393eee7a87a46f65b36cf9d1863821846f32cd08b7f9dd84710f2fa08a1,2,3,20281020,0.6,13.0,hard,244.88053400512587,244.75458509301976,15,0.1,0.1,384086,262746,0.684081169321454,689,0.2794399261474609,12.732151082949713,quantized_global_optimum_not_continuous_global_optimum
06ac6393eee7a87a46f65b36cf9d1863821846f32cd08b7f9dd84710f2fa08a1,2,3,20281020,0.8,1.5,hard,249.7930962483098,249.7854680514268,5,0.1,0.1,6282,5140,0.8182107609041707,82,0.0214138031005859,0.2825756249949336,quantized_global_optimum_not_continuous_global_optimum
06ac6393eee7a87a46f65b36cf9d1863821846f32cd08b7f9dd84710f2fa08a1,2,3,20281020,0.8,2.0,hard,247.64666639417769,247.6319862387961,7,0.1,0.1,13164,10754,0.8169249468246733,118,0.029306411743164,0.5581116660032421,quantized_global_optimum_not_continuous_global_optimum
06ac6393eee7a87a46f65b36cf9d1863821846f32cd08b7f9dd84710f2fa08a1,2,3,20281020,0.8,3.0,hard,245.2581870196626,245.21927427227308,11,0.1,0.1,33577,27377,0.8153497930130744,170,0.0409488677978515,1.2068020830629391,quantized_global_optimum_not_continuous_global_optimum
06ac6393eee7a87a46f65b36cf9d1863821846f32cd08b7f9dd84710f2fa08a1,2,3,20281020,0.8,5.0,hard,243.94327690117203,243.84937588974657,17,0.1,0.1,80825,64076,0.7927745128363749,263,0.0612201690673828,2.750802999944426,quantized_global_optimum_not_continuous_global_optimum
06ac6393eee7a87a46f65b36cf9d1863821846f32cd08b7f9dd84710f2fa08a1,2,3,20281020,0.8,13.0,hard,243.94327690117203,243.84937588974657,17,0.1,0.1,487103,321552,0.6601314301082112,766,0.3335895538330078,17.82753141701687,quantized_global_optimum_not_continuous_global_optimum
06ac6393eee7a87a46f65b36cf9d1863821846f32cd08b7f9dd84710f2fa08a1,2,3,20281020,1.0,1.5,hard,249.76184207792372,249.75600324531308,5,0.1,0.1,6282,5140,0.8182107609041707,82,0.0214138031005859,0.2694081250810995,quantized_global_optimum_not_continuous_global_optimum
06ac6393eee7a87a46f65b36cf9d1863821846f32cd08b7f9dd84710f2fa08a1,2,3,20281020,1.0,2.0,hard,247.5833624160904,247.57232088387033,7,0.1,0.1,13164,10754,0.8169249468246733,118,0.029306411743164,0.5404698749771342,quantized_global_optimum_not_continuous_global_optimum
06ac6393eee7a87a46f65b36cf9d1863821846f32cd08b7f9dd84710f2fa08a1,2,3,20281020,1.0,3.0,hard,245.08271858505108,245.05457281577384,11,0.1,0.1,33577,27377,0.8153497930130744,170,0.0409488677978515,1.2941373749636114,quantized_global_optimum_not_continuous_global_optimum
06ac6393eee7a87a46f65b36cf9d1863821846f32cd08b7f9dd84710f2fa08a1,2,3,20281020,1.0,5.0,hard,243.37908788806683,243.31651033554425,17,0.1,0.1,80825,64076,0.7927745128363749,263,0.0612201690673828,3.2607759590027854,quantized_global_optimum_not_continuous_global_optimum
06ac6393eee7a87a46f65b36cf9d1863821846f32cd08b7f9dd84710f2fa08a1,2,3,20281020,1.0,13.0,hard,243.37908788806683,243.31651033554425,17,0.1,0.1,487103,321552,0.6601314301082112,766,0.332162857055664,16.94313166604843,quantized_global_optimum_not_continuous_global_optimum
06ac6393eee7a87a46f65b36cf9d1863821846f32cd08b7f9dd84710f2fa08a1,2,4,20281117,0.2,1.5,hard,250.07376594659877,250.00475099047551,5,0.1,0.1,6294,5024,0.7982205274864951,93,0.0241680145263671,0.3385843749856576,quantized_global_optimum_not_continuous_global_optimum
06ac6393eee7a87a46f65b36cf9d1863821846f32cd08b7f9dd84710f2fa08a1,2,4,20281117,0.2,2.0,hard,249.2747326001779,249.12516187150135,6,0.1,0.1,13819,11118,0.8045444677617772,138,0.0332355499267578,0.5738909159554169,quantized_global_optimum_not_continuous_global_optimum
06ac6393eee7a87a46f65b36cf9d1863821846f32cd08b7f9dd84710f2fa08a1,2,4,20281117,0.2,3.0,hard,248.95922253585744,248.7669688051487,7,0.1,0.1,37163,29963,0.8062589134354062,216,0.0488414764404296,1.4647321669617668,quantized_global_optimum_not_continuous_global_optimum
06ac6393eee7a87a46f65b36cf9d1863821846f32cd08b7f9dd84710f2fa08a1,2,4,20281117,0.2,5.0,hard,248.95922253585744,248.7669688051487,7,0.1,0.1,59632,48151,0.8074691440837134,234,0.055124282836914,2.2793613340472803,quantized_global_optimum_not_continuous_global_optimum
06ac6393eee7a87a46f65b36cf9d1863821846f32cd08b7f9dd84710f2fa08a1,2,4,20281117,0.2,13.0,hard,248.95922253585744,248.7669688051487,7,0.1,0.1,59632,48151,0.8074691440837134,234,0.055734634399414,2.345153416041285,quantized_global_optimum_not_continuous_global_optimum
06ac6393eee7a87a46f65b36cf9d1863821846f32cd08b7f9dd84710f2fa08a1,2,4,20281117,0.4,1.5,hard,249.52309696925275,249.5037634611229,5,0.1,0.1,6294,5024,0.7982205274864951,93,0.0241680145263671,0.3088781660189852,quantized_global_optimum_not_continuous_global_optimum
06ac6393eee7a87a46f65b36cf9d1863821846f32cd08b7f9dd84710f2fa08a1,2,4,20281117,0.4,2.0,hard,247.9745499543482,247.93327059487663,7,0.1,0.1,13819,11118,0.8045444677617772,138,0.0332584381103515,0.5764684159075841,quantized_global_optimum_not_continuous_global_optimum
06ac6393eee7a87a46f65b36cf9d1863821846f32cd08b7f9dd84710f2fa08a1,2,4,20281117,0.4,3.0,hard,245.9235952687195,245.8139637187344,10,0.1,0.1,37163,29963,0.8062589134354062,216,0.0488414764404296,1.3995770419714972,quantized_global_optimum_not_continuous_global_optimum
06ac6393eee7a87a46f65b36cf9d1863821846f32cd08b7f9dd84710f2fa08a1,2,4,20281117,0.4,5.0,hard,245.79299183345984,245.6935068654431,10,0.1,0.1,90275,72062,0.7982497923013016,299,0.0732173919677734,3.277845915989019,quantized_global_optimum_not_continuous_global_optimum
06ac6393eee7a87a46f65b36cf9d1863821846f32cd08b7f9dd84710f2fa08a1,2,4,20281117,0.4,13.0,hard,245.79299183345984,245.6935068654431,10,0.1,0.1,205575,154552,0.7518034780493738,393,0.0914669036865234,7.038442000048235,quantized_global_optimum_not_continuous_global_optimum
06ac6393eee7a87a46f65b36cf9d1863821846f32cd08b7f9dd84710f2fa08a1,2,4,20281117,0.6,1.5,hard,249.3979288114915,249.38695618205523,5,0.1,0.1,6294,5024,0.7982205274864951,93,0.0241985321044921,0.2840177910402417,quantized_global_optimum_not_continuous_global_optimum
06ac6393eee7a87a46f65b36cf9d1863821846f32cd08b7f9dd84710f2fa08a1,2,4,20281117,0.6,2.0,hard,247.7003083409081,247.67851893175904,7,0.1,0.1,13819,11118,0.8045444677617772,138,0.0332889556884765,0.5545152500271797,quantized_global_optimum_not_continuous_global_optimum
06ac6393eee7a87a46f65b36cf9d1863821846f32cd08b7f9dd84710f2fa08a1,2,4,20281117,0.6,3.0,hard,245.1358508067972,245.08691629155027,10,0.1,0.1,37163,29963,0.8062589134354062,216,0.0488719940185546,1.39022699999623,quantized_global_optimum_not_continuous_global_optimum
06ac6393eee7a87a46f65b36cf9d1863821846f32cd08b7f9dd84710f2fa08a1,2,4,20281117,0.6,5.0,hard,244.56874862854667,244.4627208263715,14,0.1,0.1,90275,72062,0.7982497923013016,299,0.0732479095458984,3.095311500015669,quantized_global_optimum_not_continuous_global_optimum
06ac6393eee7a87a46f65b36cf9d1863821846f32cd08b7f9dd84710f2fa08a1,2,4,20281117,0.6,13.0,hard,244.56874862854667,244.4627208263715,14,0.1,0.1,414072,278984,0.673757220966402,816,0.3513011932373047,14.030219584004954,quantized_global_optimum_not_continuous_global_optimum
06ac6393eee7a87a46f65b36cf9d1863821846f32cd08b7f9dd84710f2fa08a1,2,4,20281117,0.8,1.5,hard,249.34252460603568,249.3348964091527,5,0.1,0.1,6294,5024,0.7982205274864951,93,0.0241985321044921,0.2811655419645831,quantized_global_optimum_not_continuous_global_optimum
06ac6393eee7a87a46f65b36cf9d1863821846f32cd08b7f9dd84710f2fa08a1,2,4,20281117,0.8,2.0,hard,247.58523961072223,247.57055945534063,7,0.1,0.1,13819,11118,0.8045444677617772,138,0.0332403182983398,0.568401167052798,quantized_global_optimum_not_continuous_global_optimum
06ac6393eee7a87a46f65b36cf9d1863821846f32cd08b7f9dd84710f2fa08a1,2,4,20281117,0.8,3.0,hard,244.84283006818083,244.81198866002913,10,0.1,0.1,37163,29963,0.8062589134354062,216,0.0488719940185546,1.3933275419985875,quantized_global_optimum_not_continuous_global_optimum
06ac6393eee7a87a46f65b36cf9d1863821846f32cd08b7f9dd84710f2fa08a1,2,4,20281117,0.8,5.0,hard,243.78950619199463,243.70767556799123,16,0.1,0.1,90275,72062,0.7982497923013016,299,0.0732479095458984,3.0830238750204444,quantized_global_optimum_not_continuous_global_optimum
06ac6393eee7a87a46f65b36cf9d1863821846f32cd08b7f9dd84710f2fa08a1,2,4,20281117,0.8,13.0,hard,243.78950619199463,243.70767556799123,16,0.1,0.1,526169,337965,0.6423126409955736,941,0.410623550415039,18.01526491693221,quantized_global_optimum_not_continuous_global_optimum
06ac6393eee7a87a46f65b36cf9d1863821846f32cd08b7f9dd84710f2fa08a1,2,4,20281117,1.0,1.5,hard,249.3112704356496,249.30543160303895,5,0.1,0.1,6294,5024,0.7982205274864951,93,0.0241985321044921,0.2929831250803545,quantized_global_optimum_not_continuous_global_optimum
06ac6393eee7a87a46f65b36cf9d1863821846f32cd08b7f9dd84710f2fa08a1,2,4,20281117,1.0,2.0,hard,247.52193563263495,247.5108941004149,7,0.1,0.1,13819,11118,0.8045444677617772,138,0.0332889556884765,0.5709062910173088,quantized_global_optimum_not_continuous_global_optimum
06ac6393eee7a87a46f65b36cf9d1863821846f32cd08b7f9dd84710f2fa08a1,2,4,20281117,1.0,3.0,hard,244.6898570787787,244.6674767973548,10,0.1,0.1,37163,29963,0.8062589134354062,216,0.0488719940185546,1.4659996250411496,quantized_global_optimum_not_continuous_global_optimum
06ac6393eee7a87a46f65b36cf9d1863821846f32cd08b7f9dd84710f2fa08a1,2,4,20281117,1.0,5.0,hard,243.31497274050824,243.2595968824154,16,0.1,0.1,90275,72062,0.7982497923013016,299,0.0732479095458984,3.8982519999844953,quantized_global_optimum_not_continuous_global_optimum
06ac6393eee7a87a46f65b36cf9d1863821846f32cd08b7f9dd84710f2fa08a1,2,4,20281117,1.0,13.0,hard,243.31497274050824,243.2595968824154,16,0.1,0.1,526169,337965,0.6423126409955736,941,0.4103155136108398,21.981633582967333,quantized_global_optimum_not_continuous_global_optimum
06ac6393eee7a87a46f65b36cf9d1863821846f32cd08b7f9dd84710f2fa08a1,2,5,20281214,0.2,1.5,hard,250.1210474323679,250.07029765053653,5,0.1,0.1,7122,5801,0.8145183937096321,71,0.0190372467041015,0.2833760830108076,quantized_global_optimum_not_continuous_global_optimum
06ac6393eee7a87a46f65b36cf9d1863821846f32cd08b7f9dd84710f2fa08a1,2,5,20281214,0.2,2.0,hard,248.9943257483303,248.853739380531,7,0.1,0.1,14161,11446,0.8082762516771415,107,0.027688980102539,0.5488340839510784,quantized_global_optimum_not_continuous_global_optimum
06ac6393eee7a87a46f65b36cf9d1863821846f32cd08b7f9dd84710f2fa08a1,2,5,20281214,0.2,3.0,hard,248.9943257483303,248.853739380531,7,0.1,0.1,36808,29668,0.8060204303412302,185,0.0419673919677734,1.2197711248882117,quantized_global_optimum_not_continuous_global_optimum
06ac6393eee7a87a46f65b36cf9d1863821846f32cd08b7f9dd84710f2fa08a1,2,5,20281214,0.2,5.0,hard,248.9943257483303,248.853739380531,7,0.1,0.1,59796,47668,0.7971770687002475,232,0.0529117584228515,2.2684117910685018,quantized_global_optimum_not_continuous_global_optimum
06ac6393eee7a87a46f65b36cf9d1863821846f32cd08b7f9dd84710f2fa08a1,2,5,20281214,0.2,13.0,hard,248.9943257483303,248.853739380531,7,0.1,0.1,59796,47668,0.7971770687002475,232,0.0535221099853515,2.145223665982485,quantized_global_optimum_not_continuous_global_optimum
06ac6393eee7a87a46f65b36cf9d1863821846f32cd08b7f9dd84710f2fa08a1,2,5,20281214,0.4,1.5,hard,249.629630167734,249.6147688557886,5,0.1,0.1,7122,5801,0.8145183937096321,71,0.0190372467041015,0.321870292071253,quantized_global_optimum_not_continuous_global_optimum
06ac6393eee7a87a46f65b36cf9d1863821846f32cd08b7f9dd84710f2fa08a1,2,5,20281214,0.4,2.0,hard,247.5451430750407,247.5170463571029,7,0.1,0.1,14161,11446,0.8082762516771415,107,0.027688980102539,0.5355153339914978,quantized_global_optimum_not_continuous_global_optimum
06ac6393eee7a87a46f65b36cf9d1863821846f32cd08b7f9dd84710f2fa08a1,2,5,20281214,0.4,3.0,hard,245.9399223736351,245.8480604428079,10,0.1,0.1,36808,29668,0.8060204303412302,185,0.0419902801513671,1.453618749976158,quantized_global_optimum_not_continuous_global_optimum
06ac6393eee7a87a46f65b36cf9d1863821846f32cd08b7f9dd84710f2fa08a1,2,5,20281214,0.4,5.0,hard,245.75114011099623,245.6323855033825,11,0.1,0.1,93555,72271,0.7724974613863502,299,0.0719623565673828,4.376193374977447,quantized_global_optimum_not_continuous_global_optimum
06ac6393eee7a87a46f65b36cf9d1863821846f32cd08b7f9dd84710f2fa08a1,2,5,20281214,0.4,13.0,hard,245.75114011099623,245.6323855033825,11,0.1,0.1,224283,159814,0.7125551200938101,412,0.0932064056396484,8.245996290934272,quantized_global_optimum_not_continuous_global_optimum
06ac6393eee7a87a46f65b36cf9d1863821846f32cd08b7f9dd84710f2fa08a1,2,5,20281214,0.6,1.5,hard,249.51447751790988,249.5059554385331,5,0.1,0.1,7122,5801,0.8145183937096321,71,0.0190677642822265,0.2963728330796584,quantized_global_optimum_not_continuous_global_optimum
06ac6393eee7a87a46f65b36cf9d1863821846f32cd08b7f9dd84710f2fa08a1,2,5,20281214,0.6,2.0,hard,247.27715870906815,247.26229469398527,7,0.1,0.1,14161,11446,0.8082762516771415,107,0.0276966094970703,0.5369611670030281,quantized_global_optimum_not_continuous_global_optimum
06ac6393eee7a87a46f65b36cf9d1863821846f32cd08b7f9dd84710f2fa08a1,2,5,20281214,0.6,3.0,hard,245.1982177542467,245.156544342197,10,0.1,0.1,36808,29668,0.8060204303412302,185,0.0420207977294921,1.707152666989714,quantized_global_optimum_not_continuous_global_optimum
06ac6393eee7a87a46f65b36cf9d1863821846f32cd08b7f9dd84710f2fa08a1,2,5,20281214,0.6,5.0,hard,244.19143239339135,244.103160268752,14,0.1,0.1,93555,72271,0.7724974613863502,299,0.0719928741455078,3.6615448750089854,quantized_global_optimum_not_continuous_global_optimum
06ac6393eee7a87a46f65b36cf9d1863821846f32cd08b7f9dd84710f2fa08a1,2,5,20281214,0.6,13.0,hard,244.19143239339135,244.103160268752,14,0.1,0.1,484134,311553,0.6435263790603428,845,0.3681011199951172,17.712452083011158,quantized_global_optimum_not_continuous_global_optimum
06ac6393eee7a87a46f65b36cf9d1863821846f32cd08b7f9dd84710f2fa08a1,2,5,20281214,0.8,1.5,hard,249.46308455422673,249.45713263330404,5,0.1,0.1,7122,5801,0.8145183937096321,71,0.0190677642822265,0.2845094160875305,quantized_global_optimum_not_continuous_global_optimum
06ac6393eee7a87a46f65b36cf9d1863821846f32cd08b7f9dd84710f2fa08a1,2,5,20281214,0.8,2.0,hard,247.1643589198441,247.15433521756688,7,0.1,0.1,14161,11446,0.8082762516771415,107,0.0276966094970703,0.5399744580499828,quantized_global_optimum_not_continuous_global_optimum
06ac6393eee7a87a46f65b36cf9d1863821846f32cd08b7f9dd84710f2fa08a1,2,5,20281214,0.8,3.0,hard,244.9188744560355,244.8924484055131,10,0.1,0.1,36808,29668,0.8060204303412302,185,0.0420207977294921,1.38603900000453,quantized_global_optimum_not_continuous_global_optimum
06ac6393eee7a87a46f65b36cf9d1863821846f32cd08b7f9dd84710f2fa08a1,2,5,20281214,0.8,5.0,hard,243.38882141781423,243.32079725133408,16,0.1,0.1,93555,72271,0.7724974613863502,299,0.0719928741455078,3.219582040910609,quantized_global_optimum_not_continuous_global_optimum
06ac6393eee7a87a46f65b36cf9d1863821846f32cd08b7f9dd84710f2fa08a1,2,5,20281214,0.8,13.0,hard,243.38882141781423,243.32079725133408,16,0.1,0.1,621297,384471,0.6188199846450249,987,0.4356822967529297,24.140096582937986,quantized_global_optimum_not_continuous_global_optimum
06ac6393eee7a87a46f65b36cf9d1863821846f32cd08b7f9dd84710f2fa08a1,2,5,20281214,1.0,1.5,hard,249.43397781564784,249.429410158786,5,0.1,0.1,7122,5801,0.8145183937096321,71,0.0190677642822265,0.2855497080599889,quantized_global_optimum_not_continuous_global_optimum
06ac6393eee7a87a46f65b36cf9d1863821846f32cd08b7f9dd84710f2fa08a1,2,5,20281214,1.0,2.0,hard,247.10221297927524,247.09466986264115,7,0.1,0.1,14161,11446,0.8082762516771415,107,0.0276966094970703,0.5386202919762582,quantized_global_optimum_not_continuous_global_optimum
06ac6393eee7a87a46f65b36cf9d1863821846f32cd08b7f9dd84710f2fa08a1,2,5,20281214,1.0,3.0,hard,244.77228836885536,244.75305050642783,10,0.1,0.1,36808,29668,0.8060204303412302,185,0.0420207977294921,1.5016963749658316,quantized_global_optimum_not_continuous_global_optimum
06ac6393eee7a87a46f65b36cf9d1863821846f32cd08b7f9dd84710f2fa08a1,2,5,20281214,1.0,5.0,hard,242.8808248519352,242.82890213383237,17,0.1,0.1,93555,72271,0.7724974613863502,299,0.0719928741455078,4.284650415997021,quantized_global_optimum_not_continuous_global_optimum
06ac6393eee7a87a46f65b36cf9d1863821846f32cd08b7f9dd84710f2fa08a1,2,5,20281214,1.0,13.0,hard,242.8808248519352,242.82890213383237,17,0.1,0.1,621297,384471,0.6188199846450249,987,0.4356822967529297,24.028349458007146,quantized_global_optimum_not_continuous_global_optimum
06ac6393eee7a87a46f65b36cf9d1863821846f32cd08b7f9dd84710f2fa08a1,2,6,20281311,0.2,1.5,hard,249.93687636313487,249.8861265813035,5,0.1,0.1,5903,5023,0.8509232593596476,78,0.0203075408935546,0.3633327499264851,quantized_global_optimum_not_continuous_global_optimum
06ac6393eee7a87a46f65b36cf9d1863821846f32cd08b7f9dd84710f2fa08a1,2,6,20281311,0.2,2.0,hard,248.8910899216397,248.7911074077874,6,0.1,0.1,12970,11067,0.8532767925983038,129,0.0312328338623046,0.7355356669286266,quantized_global_optimum_not_continuous_global_optimum
06ac6393eee7a87a46f65b36cf9d1863821846f32cd08b7f9dd84710f2fa08a1,2,6,20281311,0.2,3.0,hard,248.88593740929971,248.7453510415004,7,0.1,0.1,34793,29313,0.842497054005116,210,0.048898696899414,1.6219122499460354,quantized_global_optimum_not_continuous_global_optimum
06ac6393eee7a87a46f65b36cf9d1863821846f32cd08b7f9dd84710f2fa08a1,2,6,20281311,0.2,5.0,hard,248.88593740929971,248.7453510415004,7,0.1,0.1,56196,46811,0.8329952309772938,241,0.0598735809326171,3.05383766698651,quantized_global_optimum_not_continuous_global_optimum
06ac6393eee7a87a46f65b36cf9d1863821846f32cd08b7f9dd84710f2fa08a1,2,6,20281311,0.2,13.0,hard,248.88593740929971,248.7453510415004,7,0.1,0.1,56196,46811,0.8329952309772938,241,0.0604839324951171,2.3448537499643862,quantized_global_optimum_not_continuous_global_optimum
06ac6393eee7a87a46f65b36cf9d1863821846f32cd08b7f9dd84710f2fa08a1,2,6,20281311,0.4,1.5,hard,249.3910965100098,249.3717630018799,5,0.1,0.1,5903,5023,0.8509232593596476,78,0.0203075408935546,0.32499595801346,quantized_global_optimum_not_continuous_global_optimum
06ac6393eee7a87a46f65b36cf9d1863821846f32cd08b7f9dd84710f2fa08a1,2,6,20281311,0.4,2.0,hard,247.85158053512703,247.81814019183727,7,0.1,0.1,12970,11067,0.8532767925983038,129,0.0312099456787109,0.5683530420064926,quantized_global_optimum_not_continuous_global_optimum
06ac6393eee7a87a46f65b36cf9d1863821846f32cd08b7f9dd84710f2fa08a1,2,6,20281311,0.4,3.0,hard,246.3166790766661,246.2414236158498,10,0.1,0.1,34793,29313,0.842497054005116,210,0.048898696899414,1.385756375035271,quantized_global_optimum_not_continuous_global_optimum
06ac6393eee7a87a46f65b36cf9d1863821846f32cd08b7f9dd84710f2fa08a1,2,6,20281311,0.4,5.0,hard,246.2578580522085,246.1603242899808,11,0.1,0.1,84163,68764,0.8170336133455319,288,0.0687274932861328,3.426202791975811,quantized_global_optimum_not_continuous_global_optimum
06ac6393eee7a87a46f65b36cf9d1863821846f32cd08b7f9dd84710f2fa08a1,2,6,20281311,0.4,13.0,hard,246.2578580522085,246.1603242899808,11,0.1,0.1,189777,144996,0.7640335762500198,343,0.0796070098876953,7.474512874963693,quantized_global_optimum_not_continuous_global_optimum
06ac6393eee7a87a46f65b36cf9d1863821846f32cd08b7f9dd84710f2fa08a1,2,6,20281311,0.6,1.5,hard,249.26592835224855,249.25495572281227,5,0.1,0.1,5903,5023,0.8509232593596476,78,0.0203380584716796,0.3438697080127895,quantized_global_optimum_not_continuous_global_optimum
06ac6393eee7a87a46f65b36cf9d1863821846f32cd08b7f9dd84710f2fa08a1,2,6,20281311,0.6,2.0,hard,247.59581777673148,247.5779537522868,7,0.1,0.1,12970,11067,0.8532767925983038,129,0.0312404632568359,0.6366382919950411,quantized_global_optimum_not_continuous_global_optimum
06ac6393eee7a87a46f65b36cf9d1863821846f32cd08b7f9dd84710f2fa08a1,2,6,20281311,0.6,3.0,hard,245.5527357691447,245.5161976488521,10,0.1,0.1,34793,29313,0.842497054005116,210,0.048929214477539,1.3732432499527931,quantized_global_optimum_not_continuous_global_optimum
06ac6393eee7a87a46f65b36cf9d1863821846f32cd08b7f9dd84710f2fa08a1,2,6,20281311,0.6,5.0,hard,244.9991140932609,244.92546032847147,13,0.1,0.1,84163,68764,0.8170336133455319,288,0.0687580108642578,3.0412276670103893,quantized_global_optimum_not_continuous_global_optimum
06ac6393eee7a87a46f65b36cf9d1863821846f32cd08b7f9dd84710f2fa08a1,2,6,20281311,0.6,13.0,hard,244.9991140932609,244.92546032847147,13,0.1,0.1,385611,264921,0.6870161898908486,667,0.2688617706298828,15.213774709030986,quantized_global_optimum_not_continuous_global_optimum
06ac6393eee7a87a46f65b36cf9d1863821846f32cd08b7f9dd84710f2fa08a1,2,6,20281311,0.8,1.5,hard,249.21052414679272,249.20289594990973,5,0.1,0.1,5903,5023,0.8509232593596476,78,0.0203380584716796,0.3433664579642936,quantized_global_optimum_not_continuous_global_optimum
06ac6393eee7a87a46f65b36cf9d1863821846f32cd08b7f9dd84710f2fa08a1,2,6,20281311,0.8,2.0,hard,247.48213131564643,247.46745116026483,7,0.1,0.1,12970,11067,0.8532767925983038,129,0.0313091278076171,0.6051372500369325,quantized_global_optimum_not_continuous_global_optimum
06ac6393eee7a87a46f65b36cf9d1863821846f32cd08b7f9dd84710f2fa08a1,2,6,20281311,0.8,3.0,hard,245.26432462879563,245.24127001733095,10,0.1,0.1,34793,29313,0.842497054005116,210,0.048929214477539,1.6302059170557186,quantized_global_optimum_not_continuous_global_optimum
06ac6393eee7a87a46f65b36cf9d1863821846f32cd08b7f9dd84710f2fa08a1,2,6,20281311,0.8,5.0,hard,244.3243755152419,244.25933705699168,15,0.1,0.1,84163,68764,0.8170336133455319,288,0.0687580108642578,3.2872796249575913,quantized_global_optimum_not_continuous_global_optimum
06ac6393eee7a87a46f65b36cf9d1863821846f32cd08b7f9dd84710f2fa08a1,2,6,20281311,0.8,13.0,hard,244.3243755152419,244.25933705699168,15,0.1,0.1,494623,325252,0.6575755676545572,717,0.3185863494873047,19.36699079198297,quantized_global_optimum_not_continuous_global_optimum
06ac6393eee7a87a46f65b36cf9d1863821846f32cd08b7f9dd84710f2fa08a1,2,6,20281311,1.0,1.5,hard,249.17926997640663,249.173431143796,5,0.1,0.1,5903,5023,0.8509232593596476,78,0.0203380584716796,0.3249620000133291,quantized_global_optimum_not_continuous_global_optimum
06ac6393eee7a87a46f65b36cf9d1863821846f32cd08b7f9dd84710f2fa08a1,2,6,20281311,1.0,2.0,hard,247.4188273375592,247.4077858053391,7,0.1,0.1,12970,11067,0.8532767925983038,129,0.0313091278076171,0.6436960420105606,quantized_global_optimum_not_continuous_global_optimum
06ac6393eee7a87a46f65b36cf9d1863821846f32cd08b7f9dd84710f2fa08a1,2,6,20281311,1.0,3.0,hard,245.11349781300183,245.09675815465664,10,0.1,0.1,34793,29313,0.842497054005116,210,0.048929214477539,1.5155197499552742,quantized_global_optimum_not_continuous_global_optimum
06ac6393eee7a87a46f65b36cf9d1863821846f32cd08b7f9dd84710f2fa08a1,2,6,20281311,1.0,5.0,hard,243.9078133291939,243.85721825296457,16,0.1,0.1,84163,68764,0.8170336133455319,288,0.0687580108642578,3.4911808340111747,quantized_global_optimum_not_continuous_global_optimum
06ac6393eee7a87a46f65b36cf9d1863821846f32cd08b7f9dd84710f2fa08a1,2,6,20281311,1.0,13.0,hard,243.9078133291939,243.85721825296457,16,0.1,0.1,494623,325252,0.6575755676545572,717,0.3185863494873047,18.870107332943007,quantized_global_optimum_not_continuous_global_optimum
06ac6393eee7a87a46f65b36cf9d1863821846f32cd08b7f9dd84710f2fa08a1,2,7,20281408,0.2,1.5,hard,250.2254671072971,250.15645215117388,5,0.1,0.1,6630,5311,0.8010558069381599,84,0.0223140716552734,0.3525802079821005,quantized_global_optimum_not_continuous_global_optimum
06ac6393eee7a87a46f65b36cf9d1863821846f32cd08b7f9dd84710f2fa08a1,2,7,20281408,0.2,2.0,hard,249.23110777847475,249.09481853136117,6,0.1,0.1,14072,11235,0.7983939738487777,130,0.0325183868408203,0.6837292079580948,quantized_global_optimum_not_continuous_global_optimum
06ac6393eee7a87a46f65b36cf9d1863821846f32cd08b7f9dd84710f2fa08a1,2,7,20281408,0.2,3.0,hard,249.23110777847475,249.09481853136117,6,0.1,0.1,38336,30590,0.7979444908180301,235,0.053201675415039,1.5515299160033464,quantized_global_optimum_not_continuous_global_optimum
06ac6393eee7a87a46f65b36cf9d1863821846f32cd08b7f9dd84710f2fa08a1,2,7,20281408,0.2,5.0,hard,249.23110777847475,249.09481853136117,6,0.1,0.1,63007,50092,0.7950227752471948,290,0.0676822662353515,2.448511083959602,quantized_global_optimum_not_continuous_global_optimum
06ac6393eee7a87a46f65b36cf9d1863821846f32cd08b7f9dd84710f2fa08a1,2,7,20281408,0.2,13.0,hard,249.23110777847475,249.09481853136117,6,0.1,0.1,63007,50092,0.7950227752471948,290,0.0682926177978515,2.63514720799867,quantized_global_optimum_not_continuous_global_optimum
06ac6393eee7a87a46f65b36cf9d1863821846f32cd08b7f9dd84710f2fa08a1,2,7,20281408,0.4,1.5,hard,249.67479812995109,249.65546462182124,5,0.1,0.1,6630,5311,0.8010558069381599,84,0.0223140716552734,0.2791357079986483,quantized_global_optimum_not_continuous_global_optimum
06ac6393eee7a87a46f65b36cf9d1863821846f32cd08b7f9dd84710f2fa08a1,2,7,20281408,0.4,2.0,hard,248.07818152494923,248.04951837355796,6,0.1,0.1,14072,11235,0.7983939738487777,130,0.0325183868408203,0.5470550419995561,quantized_global_optimum_not_continuous_global_optimum
06ac6393eee7a87a46f65b36cf9d1863821846f32cd08b7f9dd84710f2fa08a1,2,7,20281408,0.4,3.0,hard,246.69465983014857,246.6033102228521,9,0.1,0.1,38336,30590,0.7979444908180301,235,0.0532245635986328,1.3647062499076128,quantized_global_optimum_not_continuous_global_optimum
06ac6393eee7a87a46f65b36cf9d1863821846f32cd08b7f9dd84710f2fa08a1,2,7,20281408,0.4,5.0,hard,246.58005412269517,246.461401727377,10,0.1,0.1,97185,76048,0.782507588619643,364,0.082406997680664,3.3110553750302643,quantized_global_optimum_not_continuous_global_optimum
06ac6393eee7a87a46f65b36cf9d1863821846f32cd08b7f9dd84710f2fa08a1,2,7,20281408,0.4,13.0,hard,246.58005412269517,246.461401727377,10,0.1,0.1,225409,165270,0.7332005376892671,505,0.1089038848876953,8.656937916995957,quantized_global_optimum_not_continuous_global_optimum
06ac6393eee7a87a46f65b36cf9d1863821846f32cd08b7f9dd84710f2fa08a1,2,7,20281408,0.6,1.5,hard,249.54962997218988,249.53865734275357,5,0.1,0.1,6630,5311,0.8010558069381599,84,0.0223445892333984,0.3577043340774253,quantized_global_optimum_not_continuous_global_optimum
06ac6393eee7a87a46f65b36cf9d1863821846f32cd08b7f9dd84710f2fa08a1,2,7,20281408,0.6,2.0,hard,247.85895630346732,247.84364428251473,6,0.1,0.1,14072,11235,0.7983939738487777,130,0.0325489044189453,0.5965224999235943,quantized_global_optimum_not_continuous_global_optimum
06ac6393eee7a87a46f65b36cf9d1863821846f32cd08b7f9dd84710f2fa08a1,2,7,20281408,0.6,3.0,hard,246.0186867642223,245.96975224897537,10,0.1,0.1,38336,30590,0.7979444908180301,235,0.0532550811767578,1.4207366249756888,quantized_global_optimum_not_continuous_global_optimum
06ac6393eee7a87a46f65b36cf9d1863821846f32cd08b7f9dd84710f2fa08a1,2,7,20281408,0.6,5.0,hard,245.5230359154899,245.4408290371175,12,0.1,0.1,97185,76048,0.782507588619643,364,0.082437515258789,4.2062077089212835,quantized_global_optimum_not_continuous_global_optimum
06ac6393eee7a87a46f65b36cf9d1863821846f32cd08b7f9dd84710f2fa08a1,2,7,20281408,0.6,13.0,hard,245.5230359154899,245.4408290371175,12,0.1,0.1,447088,294266,0.6581836238056042,826,0.3501911163330078,16.922255416982807,quantized_global_optimum_not_continuous_global_optimum
06ac6393eee7a87a46f65b36cf9d1863821846f32cd08b7f9dd84710f2fa08a1,2,7,20281408,0.8,1.5,hard,249.494225766734,249.48659756985103,5,0.1,0.1,6630,5311,0.8010558069381599,84,0.0223445892333984,0.3200851249275729,quantized_global_optimum_not_continuous_global_optimum
06ac6393eee7a87a46f65b36cf9d1863821846f32cd08b7f9dd84710f2fa08a1,2,7,20281408,0.8,2.0,hard,247.76610085058311,247.75573232282449,6,0.1,0.1,14072,11235,0.7983939738487777,130,0.0325489044189453,0.6306052090367302,quantized_global_optimum_not_continuous_global_optimum
06ac6393eee7a87a46f65b36cf9d1863821846f32cd08b7f9dd84710f2fa08a1,2,7,20281408,0.8,3.0,hard,245.72566602560596,245.69482461745423,10,0.1,0.1,38336,30590,0.7979444908180301,235,0.0532550811767578,1.4269134170608595,quantized_global_optimum_not_continuous_global_optimum
06ac6393eee7a87a46f65b36cf9d1863821846f32cd08b7f9dd84710f2fa08a1,2,7,20281408,0.8,5.0,hard,244.9835823431927,244.92637903059608,13,0.1,0.1,97185,76048,0.782507588619643,364,0.082437515258789,3.177145624998957,quantized_global_optimum_not_continuous_global_optimum
06ac6393eee7a87a46f65b36cf9d1863821846f32cd08b7f9dd84710f2fa08a1,2,7,20281408,0.8,13.0,hard,244.9835823431927,244.92637903059608,13,0.1,0.1,562086,354551,0.6307771408645652,952,0.4111537933349609,19.651449500001036,quantized_global_optimum_not_continuous_global_optimum
06ac6393eee7a87a46f65b36cf9d1863821846f32cd08b7f9dd84710f2fa08a1,2,7,20281408,1.0,1.5,hard,249.46297159634793,249.45713276373732,5,0.1,0.1,6630,5311,0.8010558069381599,84,0.0223445892333984,0.2828147909604013,quantized_global_optimum_not_continuous_global_optimum
06ac6393eee7a87a46f65b36cf9d1863821846f32cd08b7f9dd84710f2fa08a1,2,7,20281408,1.0,2.0,hard,247.71479533466584,247.706974904299,6,0.1,0.1,14072,11235,0.7983939738487777,130,0.0325489044189453,0.5574126659194008,quantized_global_optimum_not_continuous_global_optimum
06ac6393eee7a87a46f65b36cf9d1863821846f32cd08b7f9dd84710f2fa08a1,2,7,20281408,1.0,3.0,hard,245.57269303620384,245.5503127547799,10,0.1,0.1,38336,30590,0.7979444908180301,235,0.0532550811767578,1.3864175420021638,quantized_global_optimum_not_continuous_global_optimum
06ac6393eee7a87a46f65b36cf9d1863821846f32cd08b7f9dd84710f2fa08a1,2,7,20281408,1.0,5.0,hard,244.6784901591909,244.63866076401217,13,0.1,0.1,97185,76048,0.782507588619643,364,0.082437515258789,3.2868770411005244,quantized_global_optimum_not_continuous_global_optimum
06ac6393eee7a87a46f65b36cf9d1863821846f32cd08b7f9dd84710f2fa08a1,2,7,20281408,1.0,13.0,hard,244.6784901591909,244.63866076401217,13,0.1,0.1,562086,354551,0.6307771408645652,952,0.4111537933349609,19.409080125042237,quantized_global_optimum_not_continuous_global_optimum
06ac6393eee7a87a46f65b36cf9d1863821846f32cd08b7f9dd84710f2fa08a1,2,8,20281505,0.2,1.5,hard,250.791253026081,250.72223806995777,5,0.1,0.1,6151,5027,0.8172654852869452,79,0.0206775665283203,0.2474701659521088,quantized_global_optimum_not_continuous_global_optimum
06ac6393eee7a87a46f65b36cf9d1863821846f32cd08b7f9dd84710f2fa08a1,2,8,20281505,0.2,2.0,hard,249.80635833316884,249.6473542115363,7,0.1,0.1,13305,10882,0.8178880120255543,118,0.0299053192138671,0.4657383750891313,quantized_global_optimum_not_continuous_global_optimum
06ac6393eee7a87a46f65b36cf9d1863821846f32cd08b7f9dd84710f2fa08a1,2,8,20281505,0.2,3.0,hard,249.66354768103497,249.47129395032627,7,0.1,0.1,35073,28627,0.8162119008924243,197,0.046548843383789,1.1168349590152502,quantized_global_optimum_not_continuous_global_optimum
06ac6393eee7a87a46f65b36cf9d1863821846f32cd08b7f9dd84710f2fa08a1,2,8,20281505,0.2,5.0,hard,249.66354768103497,249.47129395032627,7,0.1,0.1,55959,45513,0.8133276148608802,223,0.0531864166259765,1.746038040961139,quantized_global_optimum_not_continuous_global_optimum
06ac6393eee7a87a46f65b36cf9d1863821846f32cd08b7f9dd84710f2fa08a1,2,8,20281505,0.2,13.0,hard,249.66354768103497,249.47129395032627,7,0.1,0.1,55959,45513,0.8133276148608802,223,0.0537967681884765,1.9228083330672232,quantized_global_optimum_not_continuous_global_optimum
06ac6393eee7a87a46f65b36cf9d1863821846f32cd08b7f9dd84710f2fa08a1,2,8,20281505,0.4,1.5,hard,250.24058404873497,250.2212505406051,5,0.1,0.1,6151,5027,0.8172654852869452,79,0.0207233428955078,0.2394793749554082,quantized_global_optimum_not_continuous_global_optimum
06ac6393eee7a87a46f65b36cf9d1863821846f32cd08b7f9dd84710f2fa08a1,2,8,20281505,0.4,2.0,hard,248.41210864140504,248.37082928193348,7,0.1,0.1,13305,10882,0.8178880120255543,118,0.0298824310302734,0.463839125004597,quantized_global_optimum_not_continuous_global_optimum
06ac6393eee7a87a46f65b36cf9d1863821846f32cd08b7f9dd84710f2fa08a1,2,8,20281505,0.4,3.0,hard,246.6194098153339,246.5275478845067,10,0.1,0.1,35073,28627,0.8162119008924243,197,0.0465002059936523,1.0944725410081446,quantized_global_optimum_not_continuous_global_optimum
06ac6393eee7a87a46f65b36cf9d1863821846f32cd08b7f9dd84710f2fa08a1,2,8,20281505,0.4,5.0,hard,246.493091654826,246.38365819000757,11,0.1,0.1,84966,68126,0.8018030741708448,291,0.0661373138427734,2.5109043339034542,quantized_global_optimum_not_continuous_global_optimum
06ac6393eee7a87a46f65b36cf9d1863821846f32cd08b7f9dd84710f2fa08a1,2,8,20281505,0.4,13.0,hard,246.493091654826,246.38365819000757,11,0.1,0.1,189024,142277,0.7526927797528357,346,0.0774602890014648,5.686054083053023,quantized_global_optimum_not_continuous_global_optimum
06ac6393eee7a87a46f65b36cf9d1863821846f32cd08b7f9dd84710f2fa08a1,2,8,20281505,0.6,1.5,hard,250.11541589097376,250.10444326153743,5,0.1,0.1,6151,5027,0.8172654852869452,79,0.0207538604736328,0.2396185410907492,quantized_global_optimum_not_continuous_global_optimum
06ac6393eee7a87a46f65b36cf9d1863821846f32cd08b7f9dd84710f2fa08a1,2,8,20281505,0.6,2.0,hard,248.13786702796497,248.11607761881584,7,0.1,0.1,13305,10882,0.8178880120255543,118,0.0299129486083984,0.4467456670245155,quantized_global_optimum_not_continuous_global_optimum
06ac6393eee7a87a46f65b36cf9d1863821846f32cd08b7f9dd84710f2fa08a1,2,8,20281505,0.6,3.0,hard,245.80408021927556,245.75025225250388,11,0.1,0.1,35073,28627,0.8162119008924243,197,0.046579360961914,1.0978464590152726,quantized_global_optimum_not_continuous_global_optimum
06ac6393eee7a87a46f65b36cf9d1863821846f32cd08b7f9dd84710f2fa08a1,2,8,20281505,0.6,5.0,hard,245.2034164859589,245.1110266701384,14,0.1,0.1,84966,68126,0.8018030741708448,291,0.0661678314208984,2.460668708081357,quantized_global_optimum_not_continuous_global_optimum
06ac6393eee7a87a46f65b36cf9d1863821846f32cd08b7f9dd84710f2fa08a1,2,8,20281505,0.6,13.0,hard,245.2034164859589,245.1110266701384,14,0.1,0.1,363723,248567,0.6833964308003618,626,0.2437381744384765,11.336385416914707,quantized_global_optimum_not_continuous_global_optimum
06ac6393eee7a87a46f65b36cf9d1863821846f32cd08b7f9dd84710f2fa08a1,2,8,20281505,0.8,1.5,hard,250.0600116855179,250.0523834886349,5,0.1,0.1,6151,5027,0.8172654852869452,79,0.0207538604736328,0.2426575409481302,quantized_global_optimum_not_continuous_global_optimum
06ac6393eee7a87a46f65b36cf9d1863821846f32cd08b7f9dd84710f2fa08a1,2,8,20281505,0.8,2.0,hard,248.02279829777908,248.00811814239745,7,0.1,0.1,13305,10882,0.8178880120255543,118,0.0299129486083984,0.4587885000510141,quantized_global_optimum_not_continuous_global_optimum
06ac6393eee7a87a46f65b36cf9d1863821846f32cd08b7f9dd84710f2fa08a1,2,8,20281505,0.8,3.0,hard,245.48175740679753,245.44783185783064,11,0.1,0.1,35073,28627,0.8162119008924243,197,0.046579360961914,1.199240208021365,quantized_global_optimum_not_continuous_global_optimum
06ac6393eee7a87a46f65b36cf9d1863821846f32cd08b7f9dd84710f2fa08a1,2,8,20281505,0.8,5.0,hard,244.4795624272486,244.40844311883563,15,0.1,0.1,84966,68126,0.8018030741708448,291,0.0661678314208984,2.525104166008532,quantized_global_optimum_not_continuous_global_optimum
06ac6393eee7a87a46f65b36cf9d1863821846f32cd08b7f9dd84710f2fa08a1,2,8,20281505,0.8,13.0,hard,244.4795624272486,244.40844311883563,15,0.1,0.1,457126,300118,0.6565323346298395,662,0.2837047576904297,15.006369208917022,quantized_global_optimum_not_continuous_global_optimum
06ac6393eee7a87a46f65b36cf9d1863821846f32cd08b7f9dd84710f2fa08a1,2,8,20281505,1.0,1.5,hard,250.02875751513184,250.0229186825212,5,0.1,0.1,6151,5027,0.8172654852869452,79,0.0207538604736328,0.2421496659517288,quantized_global_optimum_not_continuous_global_optimum
06ac6393eee7a87a46f65b36cf9d1863821846f32cd08b7f9dd84710f2fa08a1,2,8,20281505,1.0,2.0,hard,247.95949431969183,247.94845278747172,7,0.1,0.1,13305,10882,0.8178880120255543,118,0.0299129486083984,0.487065082998015,quantized_global_optimum_not_continuous_global_optimum
06ac6393eee7a87a46f65b36cf9d1863821846f32cd08b7f9dd84710f2fa08a1,2,8,20281505,1.0,3.0,hard,245.31348711845516,245.28886880888888,11,0.1,0.1,35073,28627,0.8162119008924243,197,0.046579360961914,1.0454737090039998,quantized_global_optimum_not_continuous_global_optimum
06ac6393eee7a87a46f65b36cf9d1863821846f32cd08b7f9dd84710f2fa08a1,2,8,20281505,1.0,5.0,hard,244.02341655531765,243.96804069722484,16,0.1,0.1,84966,68126,0.8018030741708448,291,0.0661191940307617,2.4718567500822246,quantized_global_optimum_not_continuous_global_optimum
06ac6393eee7a87a46f65b36cf9d1863821846f32cd08b7f9dd84710f2fa08a1,2,8,20281505,1.0,13.0,hard,244.02341655531765,243.96804069722484,16,0.1,0.1,457126,300118,0.6565323346298395,662,0.2836561203002929,12.761777292005718,quantized_global_optimum_not_continuous_global_optimum
06ac6393eee7a87a46f65b36cf9d1863821846f32cd08b7f9dd84710f2fa08a1,2,9,20281602,0.2,1.5,hard,250.01725935839173,249.94824440226844,5,0.1,0.1,6303,4948,0.7850230049182929,82,0.0211734771728515,0.237879708991386,quantized_global_optimum_not_continuous_global_optimum
06ac6393eee7a87a46f65b36cf9d1863821846f32cd08b7f9dd84710f2fa08a1,2,9,20281602,0.2,2.0,hard,248.819101540185,248.68281229307144,6,0.1,0.1,13930,10857,0.7793969849246232,136,0.0320415496826171,0.4765362500911578,quantized_global_optimum_not_continuous_global_optimum
06ac6393eee7a87a46f65b36cf9d1863821846f32cd08b7f9dd84710f2fa08a1,2,9,20281602,0.2,3.0,hard,248.2888403953586,248.03465979335192,7,0.1,0.1,39014,30004,0.7690572614958733,239,0.0556812286376953,1.2849590829573572,quantized_global_optimum_not_continuous_global_optimum
06ac6393eee7a87a46f65b36cf9d1863821846f32cd08b7f9dd84710f2fa08a1,2,9,20281602,0.2,5.0,hard,248.2888403953586,248.03465979335192,7,0.1,0.1,65131,49583,0.7612811103775468,294,0.0691051483154296,2.1024119169451296,quantized_global_optimum_not_continuous_global_optimum
06ac6393eee7a87a46f65b36cf9d1863821846f32cd08b7f9dd84710f2fa08a1,2,9,20281602,0.2,13.0,hard,248.2888403953586,248.03465979335192,7,0.1,0.1,65131,49583,0.7612811103775468,294,0.0697154998779296,2.220312500023283,quantized_global_optimum_not_continuous_global_optimum
06ac6393eee7a87a46f65b36cf9d1863821846f32cd08b7f9dd84710f2fa08a1,2,9,20281602,0.4,1.5,hard,249.4665903810457,249.4472568729158,5,0.1,0.1,6303,4948,0.7850230049182929,82,0.0211505889892578,0.2737643329892307,quantized_global_optimum_not_continuous_global_optimum
06ac6393eee7a87a46f65b36cf9d1863821846f32cd08b7f9dd84710f2fa08a1,2,9,20281602,0.4,2.0,hard,247.34841322318275,247.3071338637112,7,0.1,0.1,13930,10857,0.7793969849246232,136,0.0320415496826171,0.50956887495704,quantized_global_optimum_not_continuous_global_optimum
06ac6393eee7a87a46f65b36cf9d1863821846f32cd08b7f9dd84710f2fa08a1,2,9,20281602,0.4,3.0,hard,244.9781435833655,244.8685120333803,10,0.1,0.1,39014,30004,0.7690572614958733,239,0.0556812286376953,1.2966129160486162,quantized_global_optimum_not_continuous_global_optimum
06ac6393eee7a87a46f65b36cf9d1863821846f32cd08b7f9dd84710f2fa08a1,2,9,20281602,0.4,5.0,hard,244.83378490284343,244.67988721063944,11,0.1,0.1,104389,77659,0.7439385375853778,452,0.0997867584228515,3.2166686659911647,quantized_global_optimum_not_continuous_global_optimum
06ac6393eee7a87a46f65b36cf9d1863821846f32cd08b7f9dd84710f2fa08a1,2,9,20281602,0.4,13.0,hard,244.83378490284343,244.67988721063944,11,0.1,0.1,267861,181146,0.6762686617312711,717,0.2804584503173828,8.500219625071622,quantized_global_optimum_not_continuous_global_optimum
06ac6393eee7a87a46f65b36cf9d1863821846f32cd08b7f9dd84710f2fa08a1,2,9,20281602,0.6,1.5,hard,249.3414222232845,249.33044959384813,5,0.1,0.1,6303,4948,0.7850230049182929,82,0.021158218383789,0.2427982919616624,quantized_global_optimum_not_continuous_global_optimum
06ac6393eee7a87a46f65b36cf9d1863821846f32cd08b7f9dd84710f2fa08a1,2,9,20281602,0.6,2.0,hard,247.07417160974265,247.0523822005935,7,0.1,0.1,13930,10857,0.7793969849246232,136,0.0320758819580078,0.4911360829137265,quantized_global_optimum_not_continuous_global_optimum
06ac6393eee7a87a46f65b36cf9d1863821846f32cd08b7f9dd84710f2fa08a1,2,9,20281602,0.6,3.0,hard,244.1903991214432,244.1414646061962,10,0.1,0.1,39014,30004,0.7690572614958733,239,0.0557117462158203,1.3511078750016168,quantized_global_optimum_not_continuous_global_optimum
06ac6393eee7a87a46f65b36cf9d1863821846f32cd08b7f9dd84710f2fa08a1,2,9,20281602,0.6,5.0,hard,243.2665122478816,243.1489599299159,14,0.1,0.1,104389,77659,0.7439385375853778,452,0.0998172760009765,3.356932500028051,quantized_global_optimum_not_continuous_global_optimum
06ac6393eee7a87a46f65b36cf9d1863821846f32cd08b7f9dd84710f2fa08a1,2,9,20281602,0.6,13.0,hard,243.2665122478816,243.1489599299159,14,0.1,0.1,583527,349792,0.5994444130263038,1123,0.4707317352294922,18.800799416960217,quantized_global_optimum_not_continuous_global_optimum
06ac6393eee7a87a46f65b36cf9d1863821846f32cd08b7f9dd84710f2fa08a1,2,9,20281602,0.8,1.5,hard,249.28601801782864,249.2783898209456,5,0.1,0.1,6303,4948,0.7850230049182929,82,0.021158218383789,0.3243340830085799,quantized_global_optimum_not_continuous_global_optimum
06ac6393eee7a87a46f65b36cf9d1863821846f32cd08b7f9dd84710f2fa08a1,2,9,20281602,0.8,2.0,hard,246.9591028795568,246.94442272417515,7,0.1,0.1,13930,10857,0.7793969849246232,136,0.0320758819580078,0.5458551249466836,quantized_global_optimum_not_continuous_global_optimum
06ac6393eee7a87a46f65b36cf9d1863821846f32cd08b7f9dd84710f2fa08a1,2,9,20281602,0.8,3.0,hard,243.8973783828268,243.86653697467503,10,0.1,0.1,39014,30004,0.7690572614958733,239,0.0557117462158203,1.3877612090436742,quantized_global_optimum_not_continuous_global_optimum
06ac6393eee7a87a46f65b36cf9d1863821846f32cd08b7f9dd84710f2fa08a1,2,9,20281602,0.8,5.0,hard,242.40574845912172,242.3290322491185,15,0.1,0.1,104389,77659,0.7439385375853778,452,0.0998172760009765,3.3947602920234203,quantized_global_optimum_not_continuous_global_optimum
06ac6393eee7a87a46f65b36cf9d1863821846f32cd08b7f9dd84710f2fa08a1,2,9,20281602,0.8,13.0,hard,242.40574845912172,242.3290322491185,15,0.1,0.1,742003,426539,0.5748480801290561,1200,0.4987936019897461,24.204023250029422,quantized_global_optimum_not_continuous_global_optimum
06ac6393eee7a87a46f65b36cf9d1863821846f32cd08b7f9dd84710f2fa08a1,2,9,20281602,1.0,1.5,hard,249.25476384744255,249.24892501483188,5,0.1,0.1,6303,4948,0.7850230049182929,82,0.021158218383789,0.2521724159596488,quantized_global_optimum_not_continuous_global_optimum
06ac6393eee7a87a46f65b36cf9d1863821846f32cd08b7f9dd84710f2fa08a1,2,9,20281602,1.0,2.0,hard,246.89579890146953,246.88475736924943,7,0.1,0.1,13930,10857,0.7793969849246232,136,0.0320758819580078,0.4925466250861063,quantized_global_optimum_not_continuous_global_optimum
06ac6393eee7a87a46f65b36cf9d1863821846f32cd08b7f9dd84710f2fa08a1,2,9,20281602,1.0,3.0,hard,243.74440539342467,243.72202511200072,10,0.1,0.1,39014,30004,0.7690572614958733,239,0.0557117462158203,1.3804703330388293,quantized_global_optimum_not_continuous_global_optimum
06ac6393eee7a87a46f65b36cf9d1863821846f32cd08b7f9dd84710f2fa08a1,2,9,20281602,1.0,5.0,hard,241.8950881394658,241.83619161944452,16,0.1,0.1,104389,77659,0.7439385375853778,452,0.0998172760009765,3.2686101669678465,quantized_global_optimum_not_continuous_global_optimum
06ac6393eee7a87a46f65b36cf9d1863821846f32cd08b7f9dd84710f2fa08a1,2,9,20281602,1.0,13.0,hard,241.8950881394658,241.83619161944452,16,0.1,0.1,742003,426539,0.5748480801290561,1200,0.4988422393798828,22.637843709089793,quantized_global_optimum_not_continuous_global_optimum
06ac6393eee7a87a46f65b36cf9d1863821846f32cd08b7f9dd84710f2fa08a1,3,0,20290729,0.2,1.5,hard,239.3266405468386,239.227991850122,6,0.1,0.1,5457,4985,0.9135055891515484,59,0.0334644317626953,0.1718426250154152,quantized_global_optimum_not_continuous_global_optimum
06ac6393eee7a87a46f65b36cf9d1863821846f32cd08b7f9dd84710f2fa08a1,3,0,20290729,0.2,2.0,hard,238.52034315540624,238.28786734299536,8,0.1,0.1,12260,10864,0.8861337683523655,124,0.045572280883789,0.3622345000039786,quantized_global_optimum_not_continuous_global_optimum
06ac6393eee7a87a46f65b36cf9d1863821846f32cd08b7f9dd84710f2fa08a1,3,0,20290729,0.2,3.0,hard,238.5137728189702,238.1989981283872,9,0.1,0.1,24622,21167,0.8596783364470798,146,0.0361766815185546,0.6784374580020085,quantized_global_optimum_not_continuous_global_optimum
06ac6393eee7a87a46f65b36cf9d1863821846f32cd08b7f9dd84710f2fa08a1,3,0,20290729,0.2,5.0,hard,238.5137728189702,238.1989981283872,9,0.1,0.1,32850,27866,0.8482800608828006,161,0.0371761322021484,0.9474474160233513,quantized_global_optimum_not_continuous_global_optimum
06ac6393eee7a87a46f65b36cf9d1863821846f32cd08b7f9dd84710f2fa08a1,3,0,20290729,0.2,13.0,hard,238.5137728189702,238.1989981283872,9,0.1,0.1,32850,27866,0.8482800608828006,161,0.0362834930419921,0.9757019589887932,quantized_global_optimum_not_continuous_global_optimum
06ac6393eee7a87a46f65b36cf9d1863821846f32cd08b7f9dd84710f2fa08a1,3,0,20290729,0.4,1.5,hard,238.78063469648475,238.75051712572989,6,0.1,0.1,5457,4985,0.9135055891515484,59,0.017068862915039,0.1888860419858247,quantized_global_optimum_not_continuous_global_optimum
06ac6393eee7a87a46f65b36cf9d1863821846f32cd08b7f9dd84710f2fa08a1,3,0,20290729,0.4,2.0,hard,237.19534588774428,237.13272299006567,8,0.1,0.1,12260,10864,0.8861337683523655,124,0.0278797149658203,0.3414521249942481,quantized_global_optimum_not_continuous_global_optimum
06ac6393eee7a87a46f65b36cf9d1863821846f32cd08b7f9dd84710f2fa08a1,3,0,20290729,0.4,3.0,hard,235.2562492455571,235.0415550082915,12,0.1,0.1,24622,21167,0.8596783364470798,146,0.0318813323974609,0.6977822909830138,quantized_global_optimum_not_continuous_global_optimum
06ac6393eee7a87a46f65b36cf9d1863821846f32cd08b7f9dd84710f2fa08a1,3,0,20290729,0.4,5.0,hard,235.20301179985083,234.92634848567087,13,0.1,0.1,53708,43863,0.8166939748268415,229,0.0600757598876953,1.655119291972369,quantized_global_optimum_not_continuous_global_optimum
06ac6393eee7a87a46f65b36cf9d1863821846f32cd08b7f9dd84710f2fa08a1,3,0,20290729,0.4,13.0,hard,235.20301179985083,234.92634848567087,13,0.1,0.1,118228,88060,0.7448320194877694,374,0.1249256134033203,3.619817500002682,quantized_global_optimum_not_continuous_global_optimum
06ac6393eee7a87a46f65b36cf9d1863821846f32cd08b7f9dd84710f2fa08a1,3,0,20290729,0.6,1.5,hard,238.6501715893842,238.63272696344256,6,0.1,0.1,5457,4985,0.9135055891515484,59,0.017099380493164,0.148006625007838,quantized_global_optimum_not_continuous_global_optimum
06ac6393eee7a87a46f65b36cf9d1863821846f32cd08b7f9dd84710f2fa08a1,3,0,20290729,0.6,2.0,hard,236.9165809087704,236.88271168215437,8,0.1,0.1,12260,10864,0.8861337683523655,124,0.0278615951538085,0.3543437919579446,quantized_global_optimum_not_continuous_global_optimum
06ac6393eee7a87a46f65b36cf9d1863821846f32cd08b7f9dd84710f2fa08a1,3,0,20290729,0.6,3.0,hard,234.3839666510381,234.28503553561245,12,0.1,0.1,24622,21167,0.8596783364470798,146,0.0319118499755859,0.6895594159141183,quantized_global_optimum_not_continuous_global_optimum
06ac6393eee7a87a46f65b36cf9d1863821846f32cd08b7f9dd84710f2fa08a1,3,0,20290729,0.6,5.0,hard,233.7263341139576,233.5345641873464,15,0.1,0.1,53708,43863,0.8166939748268415,229,0.052042007446289,1.523585707996972,quantized_global_optimum_not_continuous_global_optimum
06ac6393eee7a87a46f65b36cf9d1863821846f32cd08b7f9dd84710f2fa08a1,3,0,20290729,0.6,13.0,hard,233.7263341139576,233.5345641873464,15,0.1,0.1,242979,158267,0.651360817189963,471,0.1294269561767578,6.837259666994214,quantized_global_optimum_not_continuous_global_optimum
06ac6393eee7a87a46f65b36cf9d1863821846f32cd08b7f9dd84710f2fa08a1,3,0,20290729,0.8,1.5,hard,238.5916302594839,238.57939170281097,6,0.1,0.1,5457,4985,0.9135055891515484,59,0.017099380493164,0.1507049169158563,quantized_global_optimum_not_continuous_global_optimum
06ac6393eee7a87a46f65b36cf9d1863821846f32cd08b7f9dd84710f2fa08a1,3,0,20290729,0.8,2.0,hard,236.79777670673312,236.77472066675364,8,0.1,0.1,12260,10864,0.8861337683523655,124,0.0279102325439453,0.3409893749048933,quantized_global_optimum_not_continuous_global_optimum
06ac6393eee7a87a46f65b36cf9d1863821846f32cd08b7f9dd84710f2fa08a1,3,0,20290729,0.8,3.0,hard,234.05410619069335,233.9909942307633,12,0.1,0.1,24622,21167,0.8596783364470798,146,0.0319118499755859,0.6958963329670951,quantized_global_optimum_not_continuous_global_optimum
06ac6393eee7a87a46f65b36cf9d1863821846f32cd08b7f9dd84710f2fa08a1,3,0,20290729,0.8,5.0,hard,232.96118496328216,232.8291851154819,16,0.1,0.1,53708,43863,0.8166939748268415,229,0.052042007446289,1.5083858750294894,quantized_global_optimum_not_continuous_global_optimum
06ac6393eee7a87a46f65b36cf9d1863821846f32cd08b7f9dd84710f2fa08a1,3,0,20290729,0.8,13.0,hard,232.96118496328216,232.8291851154819,16,0.1,0.1,318142,195323,0.613949117060935,471,0.1152591705322265,8.826207958045416,quantized_global_optimum_not_continuous_global_optimum
06ac6393eee7a87a46f65b36cf9d1863821846f32cd08b7f9dd84710f2fa08a1,3,0,20290729,1.0,1.5,hard,238.55838814481015,238.54897187795655,6,0.1,0.1,5457,4985,0.9135055891515484,59,0.017099380493164,0.1570370410336181,quantized_global_optimum_not_continuous_global_optimum
06ac6393eee7a87a46f65b36cf9d1863821846f32cd08b7f9dd84710f2fa08a1,3,0,20290729,1.0,2.0,hard,236.73194604578072,236.71450501152484,8,0.1,0.1,12260,10864,0.8861337683523655,124,0.0279102325439453,0.3626295420108363,quantized_global_optimum_not_continuous_global_optimum
06ac6393eee7a87a46f65b36cf9d1863821846f32cd08b7f9dd84710f2fa08a1,3,0,20290729,1.0,3.0,hard,233.88071674622515,233.8346259260873,12,0.1,0.1,24622,21167,0.8596783364470798,146,0.0318889617919921,0.7347322499845177,quantized_global_optimum_not_continuous_global_optimum
06ac6393eee7a87a46f65b36cf9d1863821846f32cd08b7f9dd84710f2fa08a1,3,0,20290729,1.0,5.0,hard,232.47232254768403,232.35282883494835,18,0.1,0.1,53708,43863,0.8166939748268415,229,0.052042007446289,1.5932570830918849,quantized_global_optimum_not_continuous_global_optimum
06ac6393eee7a87a46f65b36cf9d1863821846f32cd08b7f9dd84710f2fa08a1,3,0,20290729,1.0,13.0,hard,232.47232254768403,232.35282883494835,18,0.1,0.1,318142,195323,0.613949117060935,471,0.1152591705322265,9.401762290974148,quantized_global_optimum_not_continuous_global_optimum
06ac6393eee7a87a46f65b36cf9d1863821846f32cd08b7f9dd84710f2fa08a1,3,1,20290826,0.2,1.5,hard,239.48045005920557,239.39824281194177,5,0.1,0.1,5237,4684,0.8944051938132519,72,0.0184688568115234,0.1929854169720783,quantized_global_optimum_not_continuous_global_optimum
06ac6393eee7a87a46f65b36cf9d1863821846f32cd08b7f9dd84710f2fa08a1,3,1,20290826,0.2,2.0,hard,238.4921942020113,238.2887778661518,7,0.1,0.1,11822,10431,0.8823380138724413,107,0.0256519317626953,0.4136085000354796,quantized_global_optimum_not_continuous_global_optimum
06ac6393eee7a87a46f65b36cf9d1863821846f32cd08b7f9dd84710f2fa08a1,3,1,20290826,0.2,3.0,hard,238.48782702366728,238.14739151199385,8,0.1,0.1,25571,21855,0.854679128700481,171,0.0354976654052734,0.8524167910218239,quantized_global_optimum_not_continuous_global_optimum
06ac6393eee7a87a46f65b36cf9d1863821846f32cd08b7f9dd84710f2fa08a1,3,1,20290826,0.2,5.0,hard,238.48782702366728,238.14739151199385,8,0.1,0.1,34556,28992,0.8389859937492765,197,0.0393428802490234,1.1359778329497203,quantized_global_optimum_not_continuous_global_optimum
06ac6393eee7a87a46f65b36cf9d1863821846f32cd08b7f9dd84710f2fa08a1,3,1,20290826,0.2,13.0,hard,238.48782702366728,238.14739151199385,8,0.1,0.1,34556,28992,0.8389859937492765,197,0.0399532318115234,1.1963600410381332,quantized_global_optimum_not_continuous_global_optimum
06ac6393eee7a87a46f65b36cf9d1863821846f32cd08b7f9dd84710f2fa08a1,3,1,20290826,0.4,1.5,hard,238.99527365126937,238.9651560805145,6,0.1,0.1,5237,4684,0.8944051938132519,72,0.0184688568115234,0.2064252500422299,quantized_global_optimum_not_continuous_global_optimum
06ac6393eee7a87a46f65b36cf9d1863821846f32cd08b7f9dd84710f2fa08a1,3,1,20290826,0.4,2.0,hard,237.3241200331852,237.2693249977164,7,0.1,0.1,11822,10431,0.8823380138724413,107,0.025674819946289,0.3920708330115303,quantized_global_optimum_not_continuous_global_optimum
06ac6393eee7a87a46f65b36cf9d1863821846f32cd08b7f9dd84710f2fa08a1,3,1,20290826,0.4,3.0,hard,235.80162078771176,235.6340620648496,11,0.1,0.1,25571,21855,0.854679128700481,171,0.0354976654052734,0.8371747500495985,quantized_global_optimum_not_continuous_global_optimum
06ac6393eee7a87a46f65b36cf9d1863821846f32cd08b7f9dd84710f2fa08a1,3,1,20290826,0.4,5.0,hard,235.77523793766375,235.55633986091937,12,0.1,0.1,56278,44808,0.7961903408081311,235,0.0476398468017578,1.849727791035548,quantized_global_optimum_not_continuous_global_optimum
06ac6393eee7a87a46f65b36cf9d1863821846f32cd08b7f9dd84710f2fa08a1,3,1,20290826,0.4,13.0,hard,235.77523793766375,235.55633986091937,12,0.1,0.1,121883,86994,0.7137500717901594,304,0.0743160247802734,3.91372016700916,quantized_global_optimum_not_continuous_global_optimum
06ac6393eee7a87a46f65b36cf9d1863821846f32cd08b7f9dd84710f2fa08a1,3,1,20290826,0.6,1.5,hard,238.8648105441688,238.8473659182272,6,0.1,0.1,5237,4684,0.8944051938132519,72,0.0184993743896484,0.2046771660679951,quantized_global_optimum_not_continuous_global_optimum
06ac6393eee7a87a46f65b36cf9d1863821846f32cd08b7f9dd84710f2fa08a1,3,1,20290826,0.6,2.0,hard,237.08020067658305,237.050565103294,7,0.1,0.1,11822,10431,0.8823380138724413,107,0.025705337524414,0.4157531249802559,quantized_global_optimum_not_continuous_global_optimum
06ac6393eee7a87a46f65b36cf9d1863821846f32cd08b7f9dd84710f2fa08a1,3,1,20290826,0.6,3.0,hard,235.01802290964676,234.94058588156045,11,0.1,0.1,25571,21855,0.854679128700481,171,0.0355281829833984,0.8611567079788074,quantized_global_optimum_not_continuous_global_optimum
06ac6393eee7a87a46f65b36cf9d1863821846f32cd08b7f9dd84710f2fa08a1,3,1,20290826,0.6,5.0,hard,234.40508450906464,234.23652303890916,15,0.1,0.1,56278,44808,0.7961903408081311,235,0.0476703643798828,1.8368809999665243,quantized_global_optimum_not_continuous_global_optimum
06ac6393eee7a87a46f65b36cf9d1863821846f32cd08b7f9dd84710f2fa08a1,3,1,20290826,0.6,13.0,hard,234.40508450906464,234.23652303890916,15,0.1,0.1,252234,157128,0.6229453602607103,415,0.0996532440185546,7.693262999993749,quantized_global_optimum_not_continuous_global_optimum
06ac6393eee7a87a46f65b36cf9d1863821846f32cd08b7f9dd84710f2fa08a1,3,1,20290826,0.8,1.5,hard,238.80626921426853,238.7940306575956,6,0.1,0.1,5237,4684,0.8944051938132519,72,0.0184993743896484,0.212301459047012,quantized_global_optimum_not_continuous_global_optimum
06ac6393eee7a87a46f65b36cf9d1863821846f32cd08b7f9dd84710f2fa08a1,3,1,20290826,0.8,2.0,hard,236.9762469998004,236.95607296481836,7,0.1,0.1,11822,10431,0.8823380138724413,107,0.025705337524414,0.4159884590189904,quantized_global_optimum_not_continuous_global_optimum
06ac6393eee7a87a46f65b36cf9d1863821846f32cd08b7f9dd84710f2fa08a1,3,1,20290826,0.8,3.0,hard,234.72050280551716,234.6710480187821,11,0.1,0.1,25571,21855,0.854679128700481,171,0.0355281829833984,0.8595715410774574,quantized_global_optimum_not_continuous_global_optimum
06ac6393eee7a87a46f65b36cf9d1863821846f32cd08b7f9dd84710f2fa08a1,3,1,20290826,0.8,5.0,hard,233.6098385522321,233.46172883061493,17,0.1,0.1,56278,44808,0.7961903408081311,235,0.0476703643798828,1.9267829169984907,quantized_global_optimum_not_continuous_global_optimum
06ac6393eee7a87a46f65b36cf9d1863821846f32cd08b7f9dd84710f2fa08a1,3,1,20290826,0.8,13.0,hard,233.6098385522321,233.46172883061493,17,0.1,0.1,327707,195210,0.5956845596828875,431,0.1103572845458984,9.938476625015028,quantized_global_optimum_not_continuous_global_optimum
06ac6393eee7a87a46f65b36cf9d1863821846f32cd08b7f9dd84710f2fa08a1,3,1,20290826,1.0,1.5,hard,238.7730270995948,238.7636108327412,6,0.1,0.1,5237,4684,0.8944051938132519,72,0.0184993743896484,0.2297236250014975,quantized_global_optimum_not_continuous_global_optimum
06ac6393eee7a87a46f65b36cf9d1863821846f32cd08b7f9dd84710f2fa08a1,3,1,20290826,1.0,2.0,hard,236.91864517146703,236.90338426649316,7,0.1,0.1,11822,10431,0.8823380138724413,107,0.025705337524414,0.433680749963969,quantized_global_optimum_not_continuous_global_optimum
06ac6393eee7a87a46f65b36cf9d1863821846f32cd08b7f9dd84710f2fa08a1,3,1,20290826,1.0,3.0,hard,234.56384840466453,234.5277104061624,11,0.1,0.1,25571,21855,0.854679128700481,171,0.0355281829833984,0.8635488339932635,quantized_global_optimum_not_continuous_global_optimum
06ac6393eee7a87a46f65b36cf9d1863821846f32cd08b7f9dd84710f2fa08a1,3,1,20290826,1.0,5.0,hard,233.11701719969167,233.0162172432192,17,0.1,0.1,56278,44808,0.7961903408081311,235,0.0476703643798828,1.8746349159628153,quantized_global_optimum_not_continuous_global_optimum
06ac6393eee7a87a46f65b36cf9d1863821846f32cd08b7f9dd84710f2fa08a1,3,1,20290826,1.0,13.0,hard,233.11701719969167,233.0162172432192,17,0.1,0.1,327707,195210,0.5956845596828875,431,0.1103572845458984,10.096099833026528,quantized_global_optimum_not_continuous_global_optimum
06ac6393eee7a87a46f65b36cf9d1863821846f32cd08b7f9dd84710f2fa08a1,3,2,20290923,0.2,1.5,hard,239.6946271571119,239.57953701094257,7,0.1,0.1,4881,4516,0.925220241753739,50,0.0145864486694335,0.1770599170122295,quantized_global_optimum_not_continuous_global_optimum
06ac6393eee7a87a46f65b36cf9d1863821846f32cd08b7f9dd84710f2fa08a1,3,2,20290923,0.2,2.0,hard,238.8464365721451,238.6224855398743,8,0.1,0.1,10163,9240,0.9091803601298828,60,0.0184574127197265,0.3485010829754174,quantized_global_optimum_not_continuous_global_optimum
06ac6393eee7a87a46f65b36cf9d1863821846f32cd08b7f9dd84710f2fa08a1,3,2,20290923,0.2,3.0,hard,238.78442131574008,238.47845841149763,9,0.1,0.1,21090,18253,0.8654812707444286,110,0.027078628540039,0.7151582499500364,quantized_global_optimum_not_continuous_global_optimum
06ac6393eee7a87a46f65b36cf9d1863821846f32cd08b7f9dd84710f2fa08a1,3,2,20290923,0.2,5.0,hard,238.78442131574008,238.47845841149763,9,0.1,0.1,28937,24416,0.8437640391194664,179,0.0375080108642578,0.9760105409659444,quantized_global_optimum_not_continuous_global_optimum
06ac6393eee7a87a46f65b36cf9d1863821846f32cd08b7f9dd84710f2fa08a1,3,2,20290923,0.2,13.0,hard,238.78442131574008,238.47845841149763,9,0.1,0.1,28937,24416,0.8437640391194664,179,0.0381183624267578,1.0732443340821192,quantized_global_optimum_not_continuous_global_optimum
06ac6393eee7a87a46f65b36cf9d1863821846f32cd08b7f9dd84710f2fa08a1,3,2,20290923,0.4,1.5,hard,239.0463985595117,239.0042127941238,7,0.1,0.1,4881,4516,0.925220241753739,50,0.0146350860595703,0.1931585829006508,quantized_global_optimum_not_continuous_global_optimum
06ac6393eee7a87a46f65b36cf9d1863821846f32cd08b7f9dd84710f2fa08a1,3,2,20290923,0.4,2.0,hard,237.33567987317488,237.26522911328647,9,0.1,0.1,10163,9240,0.9091803601298828,60,0.0184574127197265,0.350919459015131,quantized_global_optimum_not_continuous_global_optimum
06ac6393eee7a87a46f65b36cf9d1863821846f32cd08b7f9dd84710f2fa08a1,3,2,20290923,0.4,3.0,hard,235.8272563257088,235.6444649916774,12,0.1,0.1,21090,18253,0.8654812707444286,110,0.0270557403564453,0.70468012499623,quantized_global_optimum_not_continuous_global_optimum
06ac6393eee7a87a46f65b36cf9d1863821846f32cd08b7f9dd84710f2fa08a1,3,2,20290923,0.4,5.0,hard,235.7668289915222,235.52123410429135,13,0.1,0.1,48925,39141,0.800020439448135,257,0.053049087524414,1.7419570420170205,quantized_global_optimum_not_continuous_global_optimum
06ac6393eee7a87a46f65b36cf9d1863821846f32cd08b7f9dd84710f2fa08a1,3,2,20290923,0.4,13.0,hard,235.7668289915222,235.52123410429135,13,0.1,0.1,117609,82226,0.6991471741108248,469,0.0933399200439453,4.273232499952428,quantized_global_optimum_not_continuous_global_optimum
06ac6393eee7a87a46f65b36cf9d1863821846f32cd08b7f9dd84710f2fa08a1,3,2,20290923,0.6,1.5,hard,238.88058037769352,238.85638930366767,7,0.1,0.1,4881,4516,0.925220241753739,50,0.0146656036376953,0.1849542920244857,quantized_global_optimum_not_continuous_global_optimum
06ac6393eee7a87a46f65b36cf9d1863821846f32cd08b7f9dd84710f2fa08a1,3,2,20290923,0.6,2.0,hard,237.02206927182925,236.98396639188624,9,0.1,0.1,10163,9240,0.9091803601298828,60,0.0184879302978515,0.3461252090055495,quantized_global_optimum_not_continuous_global_optimum
06ac6393eee7a87a46f65b36cf9d1863821846f32cd08b7f9dd84710f2fa08a1,3,2,20290923,0.6,3.0,hard,234.97242227691063,234.88794551899832,12,0.1,0.1,21090,18253,0.8654812707444286,110,0.0271549224853515,0.7211359590291977,quantized_global_optimum_not_continuous_global_optimum
06ac6393eee7a87a46f65b36cf9d1863821846f32cd08b7f9dd84710f2fa08a1,3,2,20290923,0.6,5.0,hard,234.4217407081716,234.26298182298785,15,0.1,0.1,48925,39141,0.800020439448135,257,0.0531024932861328,1.7313422079896554,quantized_global_optimum_not_continuous_global_optimum
06ac6393eee7a87a46f65b36cf9d1863821846f32cd08b7f9dd84710f2fa08a1,3,2,20290923,0.6,13.0,hard,234.4217407081716,234.26298182298785,15,0.1,0.1,276673,156466,0.5655268132416246,627,0.2370471954345703,9.48879966698587,quantized_global_optimum_not_continuous_global_optimum
06ac6393eee7a87a46f65b36cf9d1863821846f32cd08b7f9dd84710f2fa08a1,3,2,20290923,0.8,1.5,hard,238.80677690948545,238.78988144878517,7,0.1,0.1,4881,4516,0.925220241753739,50,0.0146656036376953,0.1792927089845761,quantized_global_optimum_not_continuous_global_optimum
06ac6393eee7a87a46f65b36cf9d1863821846f32cd08b7f9dd84710f2fa08a1,3,2,20290923,0.8,2.0,hard,236.88841454453728,236.8624764995604,9,0.1,0.1,10163,9240,0.9091803601298828,60,0.0184392929077148,0.3488717079162597,quantized_global_optimum_not_continuous_global_optimum
06ac6393eee7a87a46f65b36cf9d1863821846f32cd08b7f9dd84710f2fa08a1,3,2,20290923,0.8,3.0,hard,234.6478548905874,234.5939042141492,12,0.1,0.1,21090,18253,0.8654812707444286,110,0.0271549224853515,0.7296847089892253,quantized_global_optimum_not_continuous_global_optimum
06ac6393eee7a87a46f65b36cf9d1863821846f32cd08b7f9dd84710f2fa08a1,3,2,20290923,0.8,5.0,hard,233.62892450783264,233.4874320465668,17,0.1,0.1,48925,39141,0.800020439448135,257,0.0531024932861328,1.7188089169794694,quantized_global_optimum_not_continuous_global_optimum
06ac6393eee7a87a46f65b36cf9d1863821846f32cd08b7f9dd84710f2fa08a1,3,2,20290923,0.8,13.0,hard,233.62892450783264,233.4874320465668,17,0.1,0.1,359778,193437,0.5376565548755066,627,0.2370243072509765,12.10947650007438,quantized_global_optimum_not_continuous_global_optimum
06ac6393eee7a87a46f65b36cf9d1863821846f32cd08b7f9dd84710f2fa08a1,3,2,20290923,1.0,1.5,hard,238.7650328663813,238.75206677595253,7,0.1,0.1,4881,4516,0.925220241753739,50,0.0146656036376953,0.1790183749981224,quantized_global_optimum_not_continuous_global_optimum
06ac6393eee7a87a46f65b36cf9d1863821846f32cd08b7f9dd84710f2fa08a1,3,2,20290923,1.0,2.0,hard,236.81435505096587,236.794733887428,9,0.1,0.1,10163,9240,0.9091803601298828,60,0.0184392929077148,0.3848171250429004,quantized_global_optimum_not_continuous_global_optimum
06ac6393eee7a87a46f65b36cf9d1863821846f32cd08b7f9dd84710f2fa08a1,3,2,20290923,1.0,3.0,hard,234.47695918056635,234.4375359094732,12,0.1,0.1,21090,18253,0.8654812707444286,110,0.0271062850952148,0.7404101670254022,quantized_global_optimum_not_continuous_global_optimum
06ac6393eee7a87a46f65b36cf9d1863821846f32cd08b7f9dd84710f2fa08a1,3,2,20290923,1.0,5.0,hard,233.12229785197968,233.01138845459815,18,0.1,0.1,48925,39141,0.800020439448135,257,0.0531024932861328,1.7566308749374002,quantized_global_optimum_not_continuous_global_optimum
06ac6393eee7a87a46f65b36cf9d1863821846f32cd08b7f9dd84710f2fa08a1,3,2,20290923,1.0,13.0,hard,233.12229785197968,233.01138845459815,18,0.1,0.1,359778,193437,0.5376565548755066,627,0.2370243072509765,12.12916424998548,quantized_global_optimum_not_continuous_global_optimum
06ac6393eee7a87a46f65b36cf9d1863821846f32cd08b7f9dd84710f2fa08a1,3,3,20291020,0.2,1.5,hard,240.12241009481593,240.0237613980993,6,0.1,0.1,5555,5190,0.9342934293429342,47,0.0154247283935546,0.2013700000243261,quantized_global_optimum_not_continuous_global_optimum
06ac6393eee7a87a46f65b36cf9d1863821846f32cd08b7f9dd84710f2fa08a1,3,3,20291020,0.2,2.0,hard,239.37840366671364,239.09241460349725,8,0.1,0.1,11716,10727,0.9155855240696484,68,0.0200977325439453,0.391198290977627,quantized_global_optimum_not_continuous_global_optimum
06ac6393eee7a87a46f65b36cf9d1863821846f32cd08b7f9dd84710f2fa08a1,3,3,20291020,0.2,3.0,hard,239.36504237049124,239.02004032292376,8,0.1,0.1,23757,20663,0.8697647009302522,115,0.0280132293701171,0.7969380839494988,quantized_global_optimum_not_continuous_global_optimum
06ac6393eee7a87a46f65b36cf9d1863821846f32cd08b7f9dd84710f2fa08a1,3,3,20291020,0.2,5.0,hard,239.36504237049124,239.02004032292376,8,0.1,0.1,32505,27489,0.8456852791878172,144,0.0336971282958984,1.1582066249102354,quantized_global_optimum_not_continuous_global_optimum
06ac6393eee7a87a46f65b36cf9d1863821846f32cd08b7f9dd84710f2fa08a1,3,3,20291020,0.2,13.0,hard,239.36504237049124,239.02004032292376,8,0.1,0.1,32505,27489,0.8456852791878172,144,0.0343074798583984,1.182515790918842,quantized_global_optimum_not_continuous_global_optimum
06ac6393eee7a87a46f65b36cf9d1863821846f32cd08b7f9dd84710f2fa08a1,3,3,20291020,0.4,1.5,hard,239.57640424446208,239.5462866737072,6,0.1,0.1,5555,5190,0.9342934293429342,47,0.0154247283935546,0.1825257909949869,quantized_global_optimum_not_continuous_global_optimum
06ac6393eee7a87a46f65b36cf9d1863821846f32cd08b7f9dd84710f2fa08a1,3,3,20291020,0.4,2.0,hard,238.0397618731401,237.96271029656364,8,0.1,0.1,11716,10727,0.9155855240696484,68,0.0201435089111328,0.4165137499803677,quantized_global_optimum_not_continuous_global_optimum
06ac6393eee7a87a46f65b36cf9d1863821846f32cd08b7f9dd84710f2fa08a1,3,3,20291020,0.4,3.0,hard,236.7514297530592,236.57057380907875,11,0.1,0.1,23757,20663,0.8697647009302522,115,0.0281047821044921,0.828156791976653,quantized_global_optimum_not_continuous_global_optimum
06ac6393eee7a87a46f65b36cf9d1863821846f32cd08b7f9dd84710f2fa08a1,3,3,20291020,0.4,5.0,hard,236.699794227267,236.46582733169728,12,0.1,0.1,55256,43804,0.7927464890690604,212,0.0481166839599609,1.9314543749205768,quantized_global_optimum_not_continuous_global_optimum
06ac6393eee7a87a46f65b36cf9d1863821846f32cd08b7f9dd84710f2fa08a1,3,3,20291020,0.4,13.0,hard,236.699794227267,236.46582733169728,12,0.1,0.1,118539,85040,0.7174010241355165,250,0.0668811798095703,4.2442218330688775,quantized_global_optimum_not_continuous_global_optimum
06ac6393eee7a87a46f65b36cf9d1863821846f32cd08b7f9dd84710f2fa08a1,3,3,20291020,0.6,1.5,hard,239.44594113736153,239.4284965114199,6,0.1,0.1,5555,5190,0.9342934293429342,47,0.0154552459716796,0.1911872919881716,quantized_global_optimum_not_continuous_global_optimum
06ac6393eee7a87a46f65b36cf9d1863821846f32cd08b7f9dd84710f2fa08a1,3,3,20291020,0.6,2.0,hard,237.75428223490695,237.7126989886523,8,0.1,0.1,11716,10727,0.9155855240696484,68,0.0201740264892578,0.3940906659699976,quantized_global_optimum_not_continuous_global_optimum
06ac6393eee7a87a46f65b36cf9d1863821846f32cd08b7f9dd84710f2fa08a1,3,3,20291020,0.6,3.0,hard,235.9680076459803,235.87732079017348,11,0.1,0.1,23757,20663,0.8697647009302522,115,0.0281352996826171,0.8262542909942567,quantized_global_optimum_not_continuous_global_optimum
06ac6393eee7a87a46f65b36cf9d1863821846f32cd08b7f9dd84710f2fa08a1,3,3,20291020,0.6,5.0,hard,235.3458087042812,235.1667808102005,15,0.1,0.1,55256,43804,0.7927464890690604,212,0.0481472015380859,1.909273875062354,quantized_global_optimum_not_continuous_global_optimum
06ac6393eee7a87a46f65b36cf9d1863821846f32cd08b7f9dd84710f2fa08a1,3,3,20291020,0.6,13.0,hard,235.3458087042812,235.1667808102005,15,0.1,0.1,240661,154038,0.6400621621284712,410,0.0972766876220703,8.037084833020344,quantized_global_optimum_not_continuous_global_optimum
06ac6393eee7a87a46f65b36cf9d1863821846f32cd08b7f9dd84710f2fa08a1,3,3,20291020,0.8,1.5,hard,239.38739980746124,239.3751612507883,6,0.1,0.1,5555,5190,0.9342934293429342,47,0.0154552459716796,0.1939329170854762,quantized_global_optimum_not_continuous_global_optimum
06ac6393eee7a87a46f65b36cf9d1863821846f32cd08b7f9dd84710f2fa08a1,3,3,20291020,0.8,2.0,hard,237.63298930450023,237.6047079732516,8,0.1,0.1,11716,10727,0.9155855240696484,68,0.0201282501220703,0.3990449579432606,quantized_global_optimum_not_continuous_global_optimum
06ac6393eee7a87a46f65b36cf9d1863821846f32cd08b7f9dd84710f2fa08a1,3,3,20291020,0.8,3.0,hard,235.66563555733097,235.6077829273951,11,0.1,0.1,23757,20663,0.8697647009302522,115,0.0281124114990234,0.7983585000038147,quantized_global_optimum_not_continuous_global_optimum
06ac6393eee7a87a46f65b36cf9d1863821846f32cd08b7f9dd84710f2fa08a1,3,3,20291020,0.8,5.0,hard,234.57795620295352,234.455633982596,16,0.1,0.1,55256,43804,0.7927464890690604,212,0.0481472015380859,1.905423791962676,quantized_global_optimum_not_continuous_global_optimum
06ac6393eee7a87a46f65b36cf9d1863821846f32cd08b7f9dd84710f2fa08a1,3,3,20291020,0.8,13.0,hard,234.57795620295352,234.455633982596,16,0.1,0.1,317705,193280,0.6083631041374861,444,0.109415054321289,10.364285166957416,quantized_global_optimum_not_continuous_global_optimum
06ac6393eee7a87a46f65b36cf9d1863821846f32cd08b7f9dd84710f2fa08a1,3,3,20291020,1.0,1.5,hard,239.3541576927875,239.3447414259339,6,0.1,0.1,5555,5190,0.9342934293429342,47,0.0154552459716796,0.1913454589666798,quantized_global_optimum_not_continuous_global_optimum
06ac6393eee7a87a46f65b36cf9d1863821846f32cd08b7f9dd84710f2fa08a1,3,3,20291020,1.0,2.0,hard,237.5658752374801,237.5444923180228,8,0.1,0.1,11716,10727,0.9155855240696484,68,0.0201282501220703,0.4117897079559043,quantized_global_optimum_not_continuous_global_optimum
06ac6393eee7a87a46f65b36cf9d1863821846f32cd08b7f9dd84710f2fa08a1,3,3,20291020,1.0,3.0,hard,235.50669523323512,235.46444531477545,11,0.1,0.1,23757,20663,0.8697647009302522,115,0.0281124114990234,0.8245850000530481,quantized_global_optimum_not_continuous_global_optimum
06ac6393eee7a87a46f65b36cf9d1863821846f32cd08b7f9dd84710f2fa08a1,3,3,20291020,1.0,5.0,hard,234.1100221200145,234.01320597838313,17,0.1,0.1,55256,43804,0.7927464890690604,212,0.0481472015380859,1.9157796669751408,quantized_global_optimum_not_continuous_global_optimum
06ac6393eee7a87a46f65b36cf9d1863821846f32cd08b7f9dd84710f2fa08a1,3,3,20291020,1.0,13.0,hard,234.1100221200145,234.01320597838313,17,0.1,0.1,317705,193280,0.6083631041374861,444,0.109415054321289,10.393386416020803,quantized_global_optimum_not_continuous_global_optimum
06ac6393eee7a87a46f65b36cf9d1863821846f32cd08b7f9dd84710f2fa08a1,3,4,20291117,0.2,1.5,hard,240.02287395158976,239.93147828457404,6,0.1,0.1,4778,4079,0.8537044788614483,66,0.017496109008789,0.2205126249464228,quantized_global_optimum_not_continuous_global_optimum
06ac6393eee7a87a46f65b36cf9d1863821846f32cd08b7f9dd84710f2fa08a1,3,4,20291117,0.2,2.0,hard,239.2719569870046,239.04800595473375,8,0.1,0.1,10719,9020,0.841496408247038,90,0.0220890045166015,0.4186610840260982,quantized_global_optimum_not_continuous_global_optimum
06ac6393eee7a87a46f65b36cf9d1863821846f32cd08b7f9dd84710f2fa08a1,3,4,20291117,0.2,3.0,hard,239.2719569870046,239.04800595473375,8,0.1,0.1,22985,18453,0.8028279312595171,120,0.029489517211914,0.8884414999047294,quantized_global_optimum_not_continuous_global_optimum
06ac6393eee7a87a46f65b36cf9d1863821846f32cd08b7f9dd84710f2fa08a1,3,4,20291117,0.2,5.0,hard,239.2719569870046,239.04800595473375,8,0.1,0.1,32022,25096,0.7837111985509961,152,0.0375118255615234,1.158828791929409,quantized_global_optimum_not_continuous_global_optimum
06ac6393eee7a87a46f65b36cf9d1863821846f32cd08b7f9dd84710f2fa08a1,3,4,20291117,0.2,13.0,hard,239.2719569870046,239.04800595473375,8,0.1,0.1,32022,25096,0.7837111985509961,152,0.0381221771240234,1.2446380419423804,quantized_global_optimum_not_continuous_global_optimum
06ac6393eee7a87a46f65b36cf9d1863821846f32cd08b7f9dd84710f2fa08a1,3,4,20291117,0.4,1.5,hard,239.43317323402903,239.40619789580995,6,0.1,0.1,4778,4079,0.8537044788614483,66,0.0174732208251953,0.2172887920169159,quantized_global_optimum_not_continuous_global_optimum
06ac6393eee7a87a46f65b36cf9d1863821846f32cd08b7f9dd84710f2fa08a1,3,4,20291117,0.4,2.0,hard,237.9944394342424,237.9414543570239,8,0.1,0.1,10719,9020,0.841496408247038,90,0.0221118927001953,0.4348429579986259,quantized_global_optimum_not_continuous_global_optimum
06ac6393eee7a87a46f65b36cf9d1863821846f32cd08b7f9dd84710f2fa08a1,3,4,20291117,0.4,3.0,hard,237.00440983088183,236.87808316529728,11,0.1,0.1,22985,18453,0.8028279312595171,120,0.0295352935791015,0.8646969579858705,quantized_global_optimum_not_continuous_global_optimum
06ac6393eee7a87a46f65b36cf9d1863821846f32cd08b7f9dd84710f2fa08a1,3,4,20291117,0.4,5.0,hard,237.00440983088183,236.87808316529728,11,0.1,0.1,55739,41672,0.7476273345413444,225,0.0553302764892578,1.9808899170020595,quantized_global_optimum_not_continuous_global_optimum
06ac6393eee7a87a46f65b36cf9d1863821846f32cd08b7f9dd84710f2fa08a1,3,4,20291117,0.4,13.0,hard,237.00440983088183,236.87808316529728,11,0.1,0.1,129427,88039,0.6802212830398603,323,0.0778179168701171,4.515851458068937,quantized_global_optimum_not_continuous_global_optimum
06ac6393eee7a87a46f65b36cf9d1863821846f32cd08b7f9dd84710f2fa08a1,3,4,20291117,0.6,1.5,hard,239.29499005424017,239.27949204684757,6,0.1,0.1,4778,4079,0.8537044788614483,66,0.0175037384033203,0.2337934579700231,quantized_global_optimum_not_continuous_global_optimum
06ac6393eee7a87a46f65b36cf9d1863821846f32cd08b7f9dd84710f2fa08a1,3,4,20291117,0.6,2.0,hard,237.7352022290821,237.7062198419721,8,0.1,0.1,10719,9020,0.841496408247038,90,0.0221424102783203,0.425811207969673,quantized_global_optimum_not_continuous_global_optimum
06ac6393eee7a87a46f65b36cf9d1863821846f32cd08b7f9dd84710f2fa08a1,3,4,20291117,0.6,3.0,hard,236.2969008319213,236.23261964360455,11,0.1,0.1,22985,18453,0.8028279312595171,120,0.0295658111572265,0.8741810419596732,quantized_global_optimum_not_continuous_global_optimum
06ac6393eee7a87a46f65b36cf9d1863821846f32cd08b7f9dd84710f2fa08a1,3,4,20291117,0.6,5.0,hard,236.13928373303295,236.04124781253552,13,0.1,0.1,55739,41672,0.7476273345413444,225,0.0553607940673828,2.026901417062618,quantized_global_optimum_not_continuous_global_optimum
06ac6393eee7a87a46f65b36cf9d1863821846f32cd08b7f9dd84710f2fa08a1,3,4,20291117,0.6,13.0,hard,236.13928373303295,236.04124781253552,13,0.1,0.1,284689,170027,0.5972376874413834,501,0.1152553558349609,9.310385833960028,quantized_global_optimum_not_continuous_global_optimum
06ac6393eee7a87a46f65b36cf9d1863821846f32cd08b7f9dd84710f2fa08a1,3,4,20291117,0.8,1.5,hard,239.23331849782036,239.22248531409113,6,0.1,0.1,4778,4079,0.8537044788614483,66,0.0175037384033203,0.2177378750639036,quantized_global_optimum_not_continuous_global_optimum
06ac6393eee7a87a46f65b36cf9d1863821846f32cd08b7f9dd84710f2fa08a1,3,4,20291117,0.8,2.0,hard,237.6237136091473,237.60388800095097,8,0.1,0.1,10719,9020,0.841496408247038,90,0.0221424102783203,0.4499717500293627,quantized_global_optimum_not_continuous_global_optimum
06ac6393eee7a87a46f65b36cf9d1863821846f32cd08b7f9dd84710f2fa08a1,3,4,20291117,0.8,3.0,hard,236.0041798637238,235.96308178082623,11,0.1,0.1,22985,18453,0.8028279312595171,120,0.029428482055664,0.8896802919916809,quantized_global_optimum_not_continuous_global_optimum
06ac6393eee7a87a46f65b36cf9d1863821846f32cd08b7f9dd84710f2fa08a1,3,4,20291117,0.8,5.0,hard,235.71142979276053,235.63874746520975,14,0.1,0.1,55739,41672,0.7476273345413444,225,0.0553607940673828,2.0042865409050137,quantized_global_optimum_not_continuous_global_optimum
06ac6393eee7a87a46f65b36cf9d1863821846f32cd08b7f9dd84710f2fa08a1,3,4,20291117,0.8,13.0,hard,235.71142979276053,235.63874746520975,14,0.1,0.1,378816,216550,0.5716495607366109,529,0.1472492218017578,11.900099416961892,quantized_global_optimum_not_continuous_global_optimum
06ac6393eee7a87a46f65b36cf9d1863821846f32cd08b7f9dd84710f2fa08a1,3,4,20291117,1.0,1.5,hard,239.19839041152568,239.19007273737745,6,0.1,0.1,4778,4079,0.8537044788614483,66,0.0175037384033203,0.2218924579210579,quantized_global_optimum_not_continuous_global_optimum
06ac6393eee7a87a46f65b36cf9d1863821846f32cd08b7f9dd84710f2fa08a1,3,4,20291117,1.0,2.0,hard,237.56167475595495,237.54663674696096,8,0.1,0.1,10719,9020,0.841496408247038,90,0.0221424102783203,0.4365956250112504,quantized_global_optimum_not_continuous_global_optimum
06ac6393eee7a87a46f65b36cf9d1863821846f32cd08b7f9dd84710f2fa08a1,3,4,20291117,1.0,3.0,hard,235.84979311304605,235.81974416820657,11,0.1,0.1,22985,18453,0.8028279312595171,120,0.029428482055664,0.8655137909809127,quantized_global_optimum_not_continuous_global_optimum
06ac6393eee7a87a46f65b36cf9d1863821846f32cd08b7f9dd84710f2fa08a1,3,4,20291117,1.0,5.0,hard,235.4422535126553,235.3905250264367,14,0.1,0.1,55739,41672,0.7476273345413444,225,0.0553607940673828,2.0362099580233917,quantized_global_optimum_not_continuous_global_optimum
06ac6393eee7a87a46f65b36cf9d1863821846f32cd08b7f9dd84710f2fa08a1,3,4,20291117,1.0,13.0,hard,235.4422535126553,235.3905250264367,14,0.1,0.1,378816,216550,0.5716495607366109,529,0.1472492218017578,13.117871582973748,quantized_global_optimum_not_continuous_global_optimum
06ac6393eee7a87a46f65b36cf9d1863821846f32cd08b7f9dd84710f2fa08a1,3,5,20291214,0.2,1.5,hard,241.3157329722422,241.17925228315988,7,0.1,0.1,5063,4387,0.8664823227335572,70,0.0176563262939453,0.3137002500006929,quantized_global_optimum_not_continuous_global_optimum
06ac6393eee7a87a46f65b36cf9d1863821846f32cd08b7f9dd84710f2fa08a1,3,5,20291214,0.2,2.0,hard,240.9055101592024,240.63354313320903,8,0.1,0.1,11852,10046,0.8476206547418157,108,0.0242748260498046,0.5679196250857785,quantized_global_optimum_not_continuous_global_optimum
06ac6393eee7a87a46f65b36cf9d1863821846f32cd08b7f9dd84710f2fa08a1,3,5,20291214,0.2,3.0,hard,240.9055101592024,240.63354313320903,8,0.1,0.1,27877,23056,0.8270617354808624,174,0.035196304321289,1.197891084011644,quantized_global_optimum_not_continuous_global_optimum
06ac6393eee7a87a46f65b36cf9d1863821846f32cd08b7f9dd84710f2fa08a1,3,5,20291214,0.2,5.0,hard,240.9055101592024,240.63354313320903,8,0.1,0.1,38526,31475,0.8169807402792919,204,0.0438785552978515,1.5945149170001969,quantized_global_optimum_not_continuous_global_optimum
06ac6393eee7a87a46f65b36cf9d1863821846f32cd08b7f9dd84710f2fa08a1,3,5,20291214,0.2,13.0,hard,240.9055101592024,240.63354313320903,8,0.1,0.1,38526,31475,0.8169807402792919,204,0.0444889068603515,1.675131083000451,quantized_global_optimum_not_continuous_global_optimum
06ac6393eee7a87a46f65b36cf9d1863821846f32cd08b7f9dd84710f2fa08a1,3,5,20291214,0.4,1.5,hard,240.54479640395775,240.5062312192061,7,0.1,0.1,5063,4387,0.8664823227335572,70,0.0176076889038085,0.2525406250497326,quantized_global_optimum_not_continuous_global_optimum
06ac6393eee7a87a46f65b36cf9d1863821846f32cd08b7f9dd84710f2fa08a1,3,5,20291214,0.4,2.0,hard,239.23272128376163,239.1558540568867,9,0.1,0.1,11852,10046,0.8476206547418157,108,0.0241117477416992,0.5881635829573497,quantized_global_optimum_not_continuous_global_optimum
06ac6393eee7a87a46f65b36cf9d1863821846f32cd08b7f9dd84710f2fa08a1,3,5,20291214,0.4,3.0,hard,237.61825863617153,237.44346154945632,12,0.1,0.1,27877,23056,0.8270617354808624,174,0.0352191925048828,1.233628208981827,quantized_global_optimum_not_continuous_global_optimum
06ac6393eee7a87a46f65b36cf9d1863821846f32cd08b7f9dd84710f2fa08a1,3,5,20291214,0.4,5.0,hard,237.38537229015256,237.1252645081817,13,0.1,0.1,66015,52374,0.7933651442853897,290,0.0632228851318359,2.994638375006616,quantized_global_optimum_not_continuous_global_optimum
06ac6393eee7a87a46f65b36cf9d1863821846f32cd08b7f9dd84710f2fa08a1,3,5,20291214,0.4,13.0,hard,237.38537229015256,237.1252645081817,13,0.1,0.1,141113,103399,0.7327390105801733,381,0.0890254974365234,5.688067374983802,quantized_global_optimum_not_continuous_global_optimum
06ac6393eee7a87a46f65b36cf9d1863821846f32cd08b7f9dd84710f2fa08a1,3,5,20291214,0.6,1.5,hard,240.36956098309204,240.3476290930923,7,0.1,0.1,5063,4387,0.8664823227335572,70,0.0176868438720703,0.2462309589609503,quantized_global_optimum_not_continuous_global_optimum
06ac6393eee7a87a46f65b36cf9d1863821846f32cd08b7f9dd84710f2fa08a1,3,5,20291214,0.6,2.0,hard,238.88012492362435,238.83942225709563,9,0.1,0.1,11852,10046,0.8476206547418157,108,0.0241909027099609,0.5395978749729693,quantized_global_optimum_not_continuous_global_optimum
06ac6393eee7a87a46f65b36cf9d1863821846f32cd08b7f9dd84710f2fa08a1,3,5,20291214,0.6,3.0,hard,236.71647256735247,236.6266902007076,12,0.1,0.1,27877,23056,0.8270617354808624,174,0.035201072692871,1.2398390419548375,quantized_global_optimum_not_continuous_global_optimum
06ac6393eee7a87a46f65b36cf9d1863821846f32cd08b7f9dd84710f2fa08a1,3,5,20291214,0.6,5.0,hard,235.6648151263005,235.45484917971964,16,0.1,0.1,66015,52374,0.7933651442853897,290,0.0632534027099609,2.8160537499934435,quantized_global_optimum_not_continuous_global_optimum
06ac6393eee7a87a46f65b36cf9d1863821846f32cd08b7f9dd84710f2fa08a1,3,5,20291214,0.6,13.0,hard,235.6648151263005,235.45484917971964,16,0.1,0.1,292720,185613,0.6340974309920744,513,0.125986099243164,10.883643875014968,quantized_global_optimum_not_continuous_global_optimum
06ac6393eee7a87a46f65b36cf9d1863821846f32cd08b7f9dd84710f2fa08a1,3,5,20291214,0.8,1.5,hard,240.29199509545387,240.27673419048003,7,0.1,0.1,5063,4387,0.8664823227335572,70,0.0176868438720703,0.2559015000006184,quantized_global_optimum_not_continuous_global_optimum
06ac6393eee7a87a46f65b36cf9d1863821846f32cd08b7f9dd84710f2fa08a1,3,5,20291214,0.8,2.0,hard,238.73217941338535,238.7047201055767,9,0.1,0.1,11852,10046,0.8476206547418157,108,0.0241909027099609,0.6108515000669286,quantized_global_optimum_not_continuous_global_optimum
06ac6393eee7a87a46f65b36cf9d1863821846f32cd08b7f9dd84710f2fa08a1,3,5,20291214,0.8,3.0,hard,236.3648476810128,236.3081266654539,12,0.1,0.1,27877,23056,0.8270617354808624,174,0.0352497100830078,1.1869088750099763,quantized_global_optimum_not_continuous_global_optimum
06ac6393eee7a87a46f65b36cf9d1863821846f32cd08b7f9dd84710f2fa08a1,3,5,20291214,0.8,5.0,hard,234.77942519794613,234.63793273668023,17,0.1,0.1,66015,52374,0.7933651442853897,290,0.0632534027099609,2.709872916922905,quantized_global_optimum_not_continuous_global_optimum
06ac6393eee7a87a46f65b36cf9d1863821846f32cd08b7f9dd84710f2fa08a1,3,5,20291214,0.8,13.0,hard,234.77942519794613,234.63793273668023,17,0.1,0.1,388799,232344,0.597594129614531,528,0.1570720672607422,13.444313791929744,quantized_global_optimum_not_continuous_global_optimum
06ac6393eee7a87a46f65b36cf9d1863821846f32cd08b7f9dd84710f2fa08a1,3,5,20291214,1.0,1.5,hard,240.24823925691337,240.23655214952387,7,0.1,0.1,5063,4387,0.8664823227335572,70,0.0176868438720703,0.242753249942325,quantized_global_optimum_not_continuous_global_optimum
06ac6393eee7a87a46f65b36cf9d1863821846f32cd08b7f9dd84710f2fa08a1,3,5,20291214,1.0,2.0,hard,238.65078858441603,238.63012003489752,9,0.1,0.1,11852,10046,0.8476206547418157,108,0.0241909027099609,0.5313932079588994,quantized_global_optimum_not_continuous_global_optimum
06ac6393eee7a87a46f65b36cf9d1863821846f32cd08b7f9dd84710f2fa08a1,3,5,20291214,1.0,3.0,hard,236.18128009373024,236.14006845724668,12,0.1,0.1,27877,23056,0.8270617354808624,174,0.0352497100830078,1.1459264589939266,quantized_global_optimum_not_continuous_global_optimum
06ac6393eee7a87a46f65b36cf9d1863821846f32cd08b7f9dd84710f2fa08a1,3,5,20291214,1.0,5.0,hard,234.25744899299067,234.1465395956091,18,0.1,0.1,66015,52374,0.7933651442853897,290,0.0632534027099609,2.59681887505576,quantized_global_optimum_not_continuous_global_optimum
06ac6393eee7a87a46f65b36cf9d1863821846f32cd08b7f9dd84710f2fa08a1,3,5,20291214,1.0,13.0,hard,234.25744899299067,234.1465395956091,18,0.1,0.1,388799,232344,0.597594129614531,528,0.1570720672607422,13.079049083054995,quantized_global_optimum_not_continuous_global_optimum
06ac6393eee7a87a46f65b36cf9d1863821846f32cd08b7f9dd84710f2fa08a1,3,6,20291311,0.2,1.5,hard,240.21948286315683,240.1024994153719,6,0.1,0.1,5132,4601,0.8965315666406859,53,0.0154743194580078,0.1920978750567883,quantized_global_optimum_not_continuous_global_optimum
06ac6393eee7a87a46f65b36cf9d1863821846f32cd08b7f9dd84710f2fa08a1,3,6,20291311,0.2,2.0,hard,239.60485364191445,239.3809026096436,8,0.1,0.1,11146,9820,0.8810335546384354,104,0.0234060287475585,0.4034644160419702,quantized_global_optimum_not_continuous_global_optimum
06ac6393eee7a87a46f65b36cf9d1863821846f32cd08b7f9dd84710f2fa08a1,3,6,20291311,0.2,3.0,hard,239.60485364191445,239.3809026096436,8,0.1,0.1,23472,20016,0.852760736196319,140,0.0298595428466796,0.8260777919786051,quantized_global_optimum_not_continuous_global_optimum
06ac6393eee7a87a46f65b36cf9d1863821846f32cd08b7f9dd84710f2fa08a1,3,6,20291311,0.2,5.0,hard,239.60485364191445,239.3809026096436,8,0.1,0.1,31425,26419,0.8407000795544949,175,0.0345058441162109,1.1806931659812108,quantized_global_optimum_not_continuous_global_optimum
06ac6393eee7a87a46f65b36cf9d1863821846f32cd08b7f9dd84710f2fa08a1,3,6,20291311,0.2,13.0,hard,239.60485364191445,239.3809026096436,8,0.1,0.1,31425,26419,0.8407000795544949,175,0.0351161956787109,1.2112157919909805,quantized_global_optimum_not_continuous_global_optimum
06ac6393eee7a87a46f65b36cf9d1863821846f32cd08b7f9dd84710f2fa08a1,3,6,20291311,0.4,1.5,hard,239.5586800903416,239.52562421769724,6,0.1,0.1,5132,4601,0.8965315666406859,53,0.0154743194580078,0.1855489159934222,quantized_global_optimum_not_continuous_global_optimum
06ac6393eee7a87a46f65b36cf9d1863821846f32cd08b7f9dd84710f2fa08a1,3,6,20291311,0.4,2.0,hard,238.1540885365598,238.09602865268477,8,0.1,0.1,11146,9820,0.8810335546384354,104,0.023477554321289,0.39695725007914,quantized_global_optimum_not_continuous_global_optimum
06ac6393eee7a87a46f65b36cf9d1863821846f32cd08b7f9dd84710f2fa08a1,3,6,20291311,0.4,3.0,hard,236.77382173377555,236.60626301091344,11,0.1,0.1,23472,20016,0.852760736196319,140,0.0299053192138671,0.8434481660369784,quantized_global_optimum_not_continuous_global_optimum
06ac6393eee7a87a46f65b36cf9d1863821846f32cd08b7f9dd84710f2fa08a1,3,6,20291311,0.4,5.0,hard,236.61602794782505,236.41613908696908,12,0.1,0.1,52861,42386,0.80183878473733,254,0.0519161224365234,1.9514249579515308,quantized_global_optimum_not_continuous_global_optimum
06ac6393eee7a87a46f65b36cf9d1863821846f32cd08b7f9dd84710f2fa08a1,3,6,20291311,0.4,13.0,hard,236.61602794782505,236.41613908696908,12,0.1,0.1,126203,91368,0.7239764506390498,407,0.0821704864501953,4.634381499956362,quantized_global_optimum_not_continuous_global_optimum
06ac6393eee7a87a46f65b36cf9d1863821846f32cd08b7f9dd84710f2fa08a1,3,6,20291311,0.6,1.5,hard,239.40847830102817,239.3896795381712,6,0.1,0.1,5132,4601,0.8965315666406859,53,0.0155048370361328,0.1850921250879764,quantized_global_optimum_not_continuous_global_optimum
06ac6393eee7a87a46f65b36cf9d1863821846f32cd08b7f9dd84710f2fa08a1,3,6,20291311,0.6,2.0,hard,237.8617882412506,237.83067996205887,8,0.1,0.1,11146,9820,0.8810335546384354,104,0.023508071899414,0.4027092920150608,quantized_global_optimum_not_continuous_global_optimum
06ac6393eee7a87a46f65b36cf9d1863821846f32cd08b7f9dd84710f2fa08a1,3,6,20291311,0.6,3.0,hard,235.9695805570288,235.8898089395391,12,0.1,0.1,23472,20016,0.852760736196319,140,0.0299358367919921,0.8544656250160187,quantized_global_optimum_not_continuous_global_optimum
06ac6393eee7a87a46f65b36cf9d1863821846f32cd08b7f9dd84710f2fa08a1,3,6,20291311,0.6,5.0,hard,235.13609203064553,234.97415387390544,15,0.1,0.1,52861,42386,0.80183878473733,254,0.0519466400146484,1.9124822079902517,quantized_global_optimum_not_continuous_global_optimum
06ac6393eee7a87a46f65b36cf9d1863821846f32cd08b7f9dd84710f2fa08a1,3,6,20291311,0.6,13.0,hard,235.13609203064553,234.97415387390544,15,0.1,0.1,280210,172537,0.6157417651047429,463,0.1106586456298828,10.451254584011622,quantized_global_optimum_not_continuous_global_optimum
06ac6393eee7a87a46f65b36cf9d1863821846f32cd08b7f9dd84710f2fa08a1,3,6,20291311,0.8,1.5,hard,239.3419932544811,239.3289124787892,6,0.1,0.1,5132,4601,0.8965315666406859,53,0.015456199645996,0.2479761670110747,quantized_global_optimum_not_continuous_global_optimum
06ac6393eee7a87a46f65b36cf9d1863821846f32cd08b7f9dd84710f2fa08a1,3,6,20291311,0.8,2.0,hard,237.7379809707383,237.7168891959163,8,0.1,0.1,11146,9820,0.8810335546384354,104,0.023508071899414,0.417405082960613,quantized_global_optimum_not_continuous_global_optimum
06ac6393eee7a87a46f65b36cf9d1863821846f32cd08b7f9dd84710f2fa08a1,3,6,20291311,0.8,3.0,hard,235.63436859917536,235.58366776455497,12,0.1,0.1,23472,20016,0.852760736196319,140,0.0299100875854492,0.9348334580427036,quantized_global_optimum_not_continuous_global_optimum
06ac6393eee7a87a46f65b36cf9d1863821846f32cd08b7f9dd84710f2fa08a1,3,6,20291311,0.8,5.0,hard,234.2474701507012,234.11671471453812,17,0.1,0.1,52861,42386,0.80183878473733,254,0.0518980026245117,2.3014785000123084,quantized_global_optimum_not_continuous_global_optimum
06ac6393eee7a87a46f65b36cf9d1863821846f32cd08b7f9dd84710f2fa08a1,3,6,20291311,0.8,13.0,hard,234.2474701507012,234.11671471453812,17,0.1,0.1,373238,216244,0.5793729470203999,488,0.1234235763549804,15.059434375027196,quantized_global_optimum_not_continuous_global_optimum
06ac6393eee7a87a46f65b36cf9d1863821846f32cd08b7f9dd84710f2fa08a1,3,6,20291311,1.0,1.5,hard,239.3044882500178,239.29447072939823,6,0.1,0.1,5132,4601,0.8965315666406859,53,0.0155048370361328,0.2042677080025896,quantized_global_optimum_not_continuous_global_optimum
06ac6393eee7a87a46f65b36cf9d1863821846f32cd08b7f9dd84710f2fa08a1,3,6,20291311,1.0,2.0,hard,237.66957361618196,237.6536539687251,8,0.1,0.1,11146,9820,0.8810335546384354,104,0.023508071899414,0.442383624962531,quantized_global_optimum_not_continuous_global_optimum
06ac6393eee7a87a46f65b36cf9d1863821846f32cd08b7f9dd84710f2fa08a1,3,6,20291311,1.0,3.0,hard,235.4584652945592,235.42151099414696,12,0.1,0.1,23472,20016,0.852760736196319,140,0.0299587249755859,0.9156219160649924,quantized_global_optimum_not_continuous_global_optimum
06ac6393eee7a87a46f65b36cf9d1863821846f32cd08b7f9dd84710f2fa08a1,3,6,20291311,1.0,5.0,hard,233.70903048237355,233.6067608634684,18,0.1,0.1,52861,42386,0.80183878473733,254,0.0519466400146484,2.0518966669915244,quantized_global_optimum_not_continuous_global_optimum
06ac6393eee7a87a46f65b36cf9d1863821846f32cd08b7f9dd84710f2fa08a1,3,6,20291311,1.0,13.0,hard,233.70903048237355,233.6067608634684,18,0.1,0.1,373238,216244,0.5793729470203999,488,0.1234722137451171,15.045983167015947,quantized_global_optimum_not_continuous_global_optimum
06ac6393eee7a87a46f65b36cf9d1863821846f32cd08b7f9dd84710f2fa08a1,3,7,20291408,0.2,1.5,hard,240.50577773737535,240.4143820703597,6,0.1,0.1,4191,3643,0.8692436172751133,50,0.0149059295654296,0.1815389168914407,quantized_global_optimum_not_continuous_global_optimum
06ac6393eee7a87a46f65b36cf9d1863821846f32cd08b7f9dd84710f2fa08a1,3,7,20291408,0.2,2.0,hard,240.0312810182812,239.8073299860104,8,0.1,0.1,9007,7449,0.827023426224048,83,0.0203075408935546,0.3753046659985557,quantized_global_optimum_not_continuous_global_optimum
06ac6393eee7a87a46f65b36cf9d1863821846f32cd08b7f9dd84710f2fa08a1,3,7,20291408,0.2,3.0,hard,240.0312810182812,239.8073299860104,8,0.1,0.1,21285,16475,0.7740192623913554,148,0.0322399139404296,0.9599297079257668,quantized_global_optimum_not_continuous_global_optimum
06ac6393eee7a87a46f65b36cf9d1863821846f32cd08b7f9dd84710f2fa08a1,3,7,20291408,0.2,5.0,hard,240.0312810182812,239.8073299860104,8,0.1,0.1,30328,23011,0.7587378000527565,166,0.0358495712280273,1.4344337499933315,quantized_global_optimum_not_continuous_global_optimum
06ac6393eee7a87a46f65b36cf9d1863821846f32cd08b7f9dd84710f2fa08a1,3,7,20291408,0.2,13.0,hard,240.0312810182812,239.8073299860104,8,0.1,0.1,30328,23011,0.7587378000527565,166,0.036508560180664,1.7838558329967782,quantized_global_optimum_not_continuous_global_optimum
06ac6393eee7a87a46f65b36cf9d1863821846f32cd08b7f9dd84710f2fa08a1,3,7,20291408,0.4,1.5,hard,239.85387324280848,239.81530805805676,7,0.1,0.1,4191,3643,0.8692436172751133,50,0.0149059295654296,0.1903636250644922,quantized_global_optimum_not_continuous_global_optimum
06ac6393eee7a87a46f65b36cf9d1863821846f32cd08b7f9dd84710f2fa08a1,3,7,20291408,0.4,2.0,hard,238.5834295974212,238.53016904957096,8,0.1,0.1,9007,7449,0.827023426224048,83,0.0203075408935546,0.4118470420362428,quantized_global_optimum_not_continuous_global_optimum
06ac6393eee7a87a46f65b36cf9d1863821846f32cd08b7f9dd84710f2fa08a1,3,7,20291408,0.4,3.0,hard,237.15979514305795,237.0173189976193,12,0.1,0.1,21285,16475,0.7740192623913554,148,0.0322170257568359,1.0970599580323324,quantized_global_optimum_not_continuous_global_optimum
06ac6393eee7a87a46f65b36cf9d1863821846f32cd08b7f9dd84710f2fa08a1,3,7,20291408,0.4,5.0,hard,236.95787036410508,236.75006099523856,13,0.1,0.1,56998,41130,0.7216042668163796,260,0.0545253753662109,2.7184849160257727,quantized_global_optimum_not_continuous_global_optimum
06ac6393eee7a87a46f65b36cf9d1863821846f32cd08b7f9dd84710f2fa08a1,3,7,20291408,0.4,13.0,hard,236.95787036410508,236.75006099523856,13,0.1,0.1,133050,89886,0.6755806087936865,326,0.0760784149169921,5.598408499965444,quantized_global_optimum_not_continuous_global_optimum
06ac6393eee7a87a46f65b36cf9d1863821846f32cd08b7f9dd84710f2fa08a1,3,7,20291408,0.6,1.5,hard,239.67863782194277,239.65670593194304,7,0.1,0.1,4191,3643,0.8692436172751133,50,0.0148878097534179,0.1961989999981597,quantized_global_optimum_not_continuous_global_optimum
06ac6393eee7a87a46f65b36cf9d1863821846f32cd08b7f9dd84710f2fa08a1,3,7,20291408,0.6,2.0,hard,238.2771617505954,238.24889633864555,8,0.1,0.1,9007,7449,0.827023426224048,83,0.0203380584716796,0.5234667499316856,quantized_global_optimum_not_continuous_global_optimum
06ac6393eee7a87a46f65b36cf9d1863821846f32cd08b7f9dd84710f2fa08a1,3,7,20291408,0.6,3.0,hard,236.24580607000468,236.170899377305,12,0.1,0.1,21285,16475,0.7740192623913554,148,0.0323390960693359,1.5864358749240637,quantized_global_optimum_not_continuous_global_optimum
06ac6393eee7a87a46f65b36cf9d1863821846f32cd08b7f9dd84710f2fa08a1,3,7,20291408,0.6,5.0,hard,235.3195457516584,235.1543235297915,15,0.1,0.1,56998,41130,0.7216042668163796,260,0.0545558929443359,2.2303110420471057,quantized_global_optimum_not_continuous_global_optimum
06ac6393eee7a87a46f65b36cf9d1863821846f32cd08b7f9dd84710f2fa08a1,3,7,20291408,0.6,13.0,hard,235.3195457516584,235.1543235297915,15,0.1,0.1,273964,169541,0.6188440817041655,450,0.1117916107177734,10.02419100003317,quantized_global_optimum_not_continuous_global_optimum
06ac6393eee7a87a46f65b36cf9d1863821846f32cd08b7f9dd84710f2fa08a1,3,7,20291408,0.8,1.5,hard,239.6010719343046,239.58581102933073,7,0.1,0.1,4191,3643,0.8692436172751133,50,0.0149364471435546,0.1838692500023171,quantized_global_optimum_not_continuous_global_optimum
06ac6393eee7a87a46f65b36cf9d1863821846f32cd08b7f9dd84710f2fa08a1,3,7,20291408,0.8,2.0,hard,238.14824770576791,238.12916109285095,8,0.1,0.1,9007,7449,0.827023426224048,83,0.0203380584716796,0.3976542910095304,quantized_global_optimum_not_continuous_global_optimum
06ac6393eee7a87a46f65b36cf9d1863821846f32cd08b7f9dd84710f2fa08a1,3,7,20291408,0.8,3.0,hard,235.8997127015858,235.8523358420513,12,0.1,0.1,21285,16475,0.7740192623913554,148,0.0323619842529296,0.998288374976255,quantized_global_optimum_not_continuous_global_optimum
06ac6393eee7a87a46f65b36cf9d1863821846f32cd08b7f9dd84710f2fa08a1,3,7,20291408,0.8,5.0,hard,234.4025854237142,234.27108536819776,17,0.1,0.1,56998,41130,0.7216042668163796,260,0.0545072555541992,2.211445541935973,quantized_global_optimum_not_continuous_global_optimum
06ac6393eee7a87a46f65b36cf9d1863821846f32cd08b7f9dd84710f2fa08a1,3,7,20291408,0.8,13.0,hard,234.4025854237142,234.27108536819776,17,0.1,0.1,355625,213685,0.6008717047451669,473,0.1224918365478515,12.64192520803772,quantized_global_optimum_not_continuous_global_optimum
06ac6393eee7a87a46f65b36cf9d1863821846f32cd08b7f9dd84710f2fa08a1,3,7,20291408,1.0,1.5,hard,239.5573160957641,239.54562898837457,7,0.1,0.1,4191,3643,0.8692436172751133,50,0.0149364471435546,0.1935364579549059,quantized_global_optimum_not_continuous_global_optimum
06ac6393eee7a87a46f65b36cf9d1863821846f32cd08b7f9dd84710f2fa08a1,3,7,20291408,1.0,2.0,hard,238.0772237736892,238.0628499189139,8,0.1,0.1,9007,7449,0.827023426224048,83,0.0203380584716796,1.4309933329932392,quantized_global_optimum_not_continuous_global_optimum
06ac6393eee7a87a46f65b36cf9d1863821846f32cd08b7f9dd84710f2fa08a1,3,7,20291408,1.0,3.0,hard,235.71872052263328,235.6842776338441,12,0.1,0.1,21285,16475,0.7740192623913554,148,0.0323619842529296,0.952593334019184,quantized_global_optimum_not_continuous_global_optimum
06ac6393eee7a87a46f65b36cf9d1863821846f32cd08b7f9dd84710f2fa08a1,3,7,20291408,1.0,5.0,hard,233.87503751430657,233.78642518389955,17,0.1,0.1,56998,41130,0.7216042668163796,260,0.0545072555541992,2.5129405830521137,quantized_global_optimum_not_continuous_global_optimum
06ac6393eee7a87a46f65b36cf9d1863821846f32cd08b7f9dd84710f2fa08a1,3,7,20291408,1.0,13.0,hard,233.8433344154953,233.7413694255,18,0.1,0.1,355625,213685,0.6008717047451669,473,0.1224918365478515,15.762889333069324,quantized_global_optimum_not_continuous_global_optimum
06ac6393eee7a87a46f65b36cf9d1863821846f32cd08b7f9dd84710f2fa08a1,3,8,20291505,0.2,1.5,hard,240.79616762374636,240.65968693466397,7,0.1,0.1,3814,3340,0.875721027792344,39,0.012918472290039,0.2073893339838832,quantized_global_optimum_not_continuous_global_optimum
06ac6393eee7a87a46f65b36cf9d1863821846f32cd08b7f9dd84710f2fa08a1,3,8,20291505,0.2,2.0,hard,240.4676703423091,240.18787061734636,8,0.1,0.1,8622,7323,0.8493389004871259,62,0.0179424285888671,0.3883317919680848,quantized_global_optimum_not_continuous_global_optimum
06ac6393eee7a87a46f65b36cf9d1863821846f32cd08b7f9dd84710f2fa08a1,3,8,20291505,0.2,3.0,hard,240.4676703423091,240.18787061734636,8,0.1,0.1,19751,16170,0.8186927244190167,105,0.0262584686279296,0.8482351660495624,quantized_global_optimum_not_continuous_global_optimum
06ac6393eee7a87a46f65b36cf9d1863821846f32cd08b7f9dd84710f2fa08a1,3,8,20291505,0.2,5.0,hard,240.4676703423091,240.18787061734636,8,0.1,0.1,27795,22425,0.806799784133837,136,0.0352497100830078,1.2084816249553114,quantized_global_optimum_not_continuous_global_optimum
06ac6393eee7a87a46f65b36cf9d1863821846f32cd08b7f9dd84710f2fa08a1,3,8,20291505,0.2,13.0,hard,240.4676703423091,240.18787061734636,8,0.1,0.1,27795,22425,0.806799784133837,136,0.0358600616455078,1.2269310828996822,quantized_global_optimum_not_continuous_global_optimum
06ac6393eee7a87a46f65b36cf9d1863821846f32cd08b7f9dd84710f2fa08a1,3,8,20291505,0.4,1.5,hard,240.02523105546192,239.98666587071017,7,0.1,0.1,3814,3340,0.875721027792344,39,0.012918472290039,0.2034621250350028,quantized_global_optimum_not_continuous_global_optimum
06ac6393eee7a87a46f65b36cf9d1863821846f32cd08b7f9dd84710f2fa08a1,3,8,20291505,0.4,2.0,hard,238.8145486529176,238.73768142604263,9,0.1,0.1,8622,7323,0.8493389004871259,62,0.0179424285888671,0.4326623749220744,quantized_global_optimum_not_continuous_global_optimum
06ac6393eee7a87a46f65b36cf9d1863821846f32cd08b7f9dd84710f2fa08a1,3,8,20291505,0.4,3.0,hard,237.6407969365502,237.4409080756942,12,0.1,0.1,19751,16170,0.8186927244190167,105,0.0262584686279296,0.9452669579768552,quantized_global_optimum_not_continuous_global_optimum
06ac6393eee7a87a46f65b36cf9d1863821846f32cd08b7f9dd84710f2fa08a1,3,8,20291505,0.4,5.0,hard,237.6407969365502,237.4409080756942,12,0.1,0.1,49093,37976,0.7735522375898805,189,0.0479679107666015,2.119892041082494,quantized_global_optimum_not_continuous_global_optimum
06ac6393eee7a87a46f65b36cf9d1863821846f32cd08b7f9dd84710f2fa08a1,3,8,20291505,0.4,13.0,hard,237.6407969365502,237.4409080756942,12,0.1,0.1,115819,81745,0.7057995665650714,304,0.0764331817626953,4.6842329578939825,quantized_global_optimum_not_continuous_global_optimum
06ac6393eee7a87a46f65b36cf9d1863821846f32cd08b7f9dd84710f2fa08a1,3,8,20291505,0.6,1.5,hard,239.8499956345962,239.8280637445964,7,0.1,0.1,3814,3340,0.875721027792344,39,0.0129003524780273,0.180721667013131,quantized_global_optimum_not_continuous_global_optimum
06ac6393eee7a87a46f65b36cf9d1863821846f32cd08b7f9dd84710f2fa08a1,3,8,20291505,0.6,2.0,hard,238.4619522927803,238.42124962625155,9,0.1,0.1,8622,7323,0.8493389004871259,62,0.0179729461669921,0.4130244579864666,quantized_global_optimum_not_continuous_global_optimum
06ac6393eee7a87a46f65b36cf9d1863821846f32cd08b7f9dd84710f2fa08a1,3,8,20291505,0.6,3.0,hard,236.69550358224345,236.60572121559852,12,0.1,0.1,19751,16170,0.8186927244190167,105,0.0262889862060546,0.9394103749655188,quantized_global_optimum_not_continuous_global_optimum
06ac6393eee7a87a46f65b36cf9d1863821846f32cd08b7f9dd84710f2fa08a1,3,8,20291505,0.6,5.0,hard,236.19083842885556,236.0118105347748,15,0.1,0.1,49093,37976,0.7735522375898805,189,0.0479984283447265,2.2978582499781623,quantized_global_optimum_not_continuous_global_optimum
06ac6393eee7a87a46f65b36cf9d1863821846f32cd08b7f9dd84710f2fa08a1,3,8,20291505,0.6,13.0,hard,236.19083842885556,236.0118105347748,15,0.1,0.1,261988,159393,0.6083980945692169,476,0.1182575225830078,11.26341841602698,quantized_global_optimum_not_continuous_global_optimum
06ac6393eee7a87a46f65b36cf9d1863821846f32cd08b7f9dd84710f2fa08a1,3,8,20291505,0.8,1.5,hard,239.77242974695804,239.7571688419841,7,0.1,0.1,3814,3340,0.875721027792344,39,0.012948989868164,0.1892708329251036,quantized_global_optimum_not_continuous_global_optimum
06ac6393eee7a87a46f65b36cf9d1863821846f32cd08b7f9dd84710f2fa08a1,3,8,20291505,0.8,2.0,hard,238.31400678254133,238.28654747473263,9,0.1,0.1,8622,7323,0.8493389004871259,62,0.0179729461669921,0.4284313330426812,quantized_global_optimum_not_continuous_global_optimum
06ac6393eee7a87a46f65b36cf9d1863821846f32cd08b7f9dd84710f2fa08a1,3,8,20291505,0.8,3.0,hard,236.34387869590375,236.2871576803448,12,0.1,0.1,19751,16170,0.8186927244190167,105,0.0262660980224609,0.8505679579684511,quantized_global_optimum_not_continuous_global_optimum
06ac6393eee7a87a46f65b36cf9d1863821846f32cd08b7f9dd84710f2fa08a1,3,8,20291505,0.8,5.0,hard,235.39434263160007,235.25162044556257,17,0.1,0.1,49093,37976,0.7735522375898805,189,0.0479984283447265,1.9971503330161795,quantized_global_optimum_not_continuous_global_optimum
06ac6393eee7a87a46f65b36cf9d1863821846f32cd08b7f9dd84710f2fa08a1,3,8,20291505,0.8,13.0,hard,235.39434263160007,235.25162044556257,17,0.1,0.1,355295,204202,0.5747393011441196,547,0.1674518585205078,13.492191207944416,quantized_global_optimum_not_continuous_global_optimum
06ac6393eee7a87a46f65b36cf9d1863821846f32cd08b7f9dd84710f2fa08a1,3,8,20291505,1.0,1.5,hard,239.7286739084175,239.71698680102796,7,0.1,0.1,3814,3340,0.875721027792344,39,0.0129003524780273,0.1880350828869268,quantized_global_optimum_not_continuous_global_optimum
06ac6393eee7a87a46f65b36cf9d1863821846f32cd08b7f9dd84710f2fa08a1,3,8,20291505,1.0,2.0,hard,238.232615953572,238.21194740405343,9,0.1,0.1,8622,7323,0.8493389004871259,62,0.0179729461669921,0.397687750053592,quantized_global_optimum_not_continuous_global_optimum
06ac6393eee7a87a46f65b36cf9d1863821846f32cd08b7f9dd84710f2fa08a1,3,8,20291505,1.0,3.0,hard,236.1603111086212,236.1190994721376,12,0.1,0.1,19751,16170,0.8186927244190167,105,0.0262889862060546,0.838620416005142,quantized_global_optimum_not_continuous_global_optimum
06ac6393eee7a87a46f65b36cf9d1863821846f32cd08b7f9dd84710f2fa08a1,3,8,20291505,1.0,5.0,hard,234.89015083939577,234.79333469776444,17,0.1,0.1,49093,37976,0.7735522375898805,189,0.0479984283447265,2.1162782500032336,quantized_global_optimum_not_continuous_global_optimum
06ac6393eee7a87a46f65b36cf9d1863821846f32cd08b7f9dd84710f2fa08a1,3,8,20291505,1.0,13.0,hard,234.89015083939577,234.79333469776444,17,0.1,0.1,355295,204202,0.5747393011441196,547,0.1674518585205078,14.358659958001226,quantized_global_optimum_not_continuous_global_optimum
06ac6393eee7a87a46f65b36cf9d1863821846f32cd08b7f9dd84710f2fa08a1,3,9,20291602,0.2,1.5,hard,240.05827515640829,239.9347675671372,6,0.1,0.1,4724,4461,0.9443268416596104,39,0.0141887664794921,0.193869209033437,quantized_global_optimum_not_continuous_global_optimum
06ac6393eee7a87a46f65b36cf9d1863821846f32cd08b7f9dd84710f2fa08a1,3,9,20291602,0.2,2.0,hard,239.55373198074955,239.3297809484787,8,0.1,0.1,9147,8501,0.9293757516125506,52,0.0173892974853515,0.3539015420246869,quantized_global_optimum_not_continuous_global_optimum
06ac6393eee7a87a46f65b36cf9d1863821846f32cd08b7f9dd84710f2fa08a1,3,9,20291602,0.2,3.0,hard,239.55373198074955,239.3297809484787,8,0.1,0.1,18628,16517,0.8866759716555722,94,0.023752212524414,0.7467673749197274,quantized_global_optimum_not_continuous_global_optimum
06ac6393eee7a87a46f65b36cf9d1863821846f32cd08b7f9dd84710f2fa08a1,3,9,20291602,0.2,5.0,hard,239.55373198074955,239.3297809484787,8,0.1,0.1,25567,22084,0.8637697031329448,124,0.0307826995849609,0.9827776659512892,quantized_global_optimum_not_continuous_global_optimum
06ac6393eee7a87a46f65b36cf9d1863821846f32cd08b7f9dd84710f2fa08a1,3,9,20291602,0.2,13.0,hard,239.55373198074955,239.3297809484787,8,0.1,0.1,25567,22084,0.8637697031329448,124,0.0313930511474609,1.09867904195562,quantized_global_optimum_not_continuous_global_optimum
06ac6393eee7a87a46f65b36cf9d1863821846f32cd08b7f9dd84710f2fa08a1,3,9,20291602,0.4,1.5,hard,239.4195273413839,239.377341575996,7,0.1,0.1,4724,4461,0.9443268416596104,39,0.0141887664794921,0.2307483749464154,quantized_global_optimum_not_continuous_global_optimum
06ac6393eee7a87a46f65b36cf9d1863821846f32cd08b7f9dd84710f2fa08a1,3,9,20291602,0.4,2.0,hard,238.20063028313297,238.1301795232445,9,0.1,0.1,9147,8501,0.9293757516125506,52,0.0173892974853515,0.3344062090618536,quantized_global_optimum_not_continuous_global_optimum
06ac6393eee7a87a46f65b36cf9d1863821846f32cd08b7f9dd84710f2fa08a1,3,9,20291602,0.4,3.0,hard,237.10670252582383,236.93914380296175,11,0.1,0.1,18628,16517,0.8866759716555722,94,0.023660659790039,0.81126441701781,quantized_global_optimum_not_continuous_global_optimum
06ac6393eee7a87a46f65b36cf9d1863821846f32cd08b7f9dd84710f2fa08a1,3,9,20291602,0.4,5.0,hard,237.03425716956505,236.8153590928207,12,0.1,0.1,43701,35908,0.8216745612228553,176,0.045022964477539,1.9912297918926924,quantized_global_optimum_not_continuous_global_optimum
06ac6393eee7a87a46f65b36cf9d1863821846f32cd08b7f9dd84710f2fa08a1,3,9,20291602,0.4,13.0,hard,237.03425716956505,236.8153590928207,12,0.1,0.1,97102,73637,0.7583468929579206,245,0.0629634857177734,3.8852834579302,quantized_global_optimum_not_continuous_global_optimum
06ac6393eee7a87a46f65b36cf9d1863821846f32cd08b7f9dd84710f2fa08a1,3,9,20291602,0.6,1.5,hard,239.25370915956577,239.2295180855399,7,0.1,0.1,4724,4461,0.9443268416596104,39,0.0142192840576171,0.169837666908279,quantized_global_optimum_not_continuous_global_optimum
06ac6393eee7a87a46f65b36cf9d1863821846f32cd08b7f9dd84710f2fa08a1,3,9,20291602,0.6,2.0,hard,237.8870196817873,237.84891680184427,9,0.1,0.1,9147,8501,0.9293757516125506,52,0.0174198150634765,0.3481074169976637,quantized_global_optimum_not_continuous_global_optimum
06ac6393eee7a87a46f65b36cf9d1863821846f32cd08b7f9dd84710f2fa08a1,3,9,20291602,0.6,3.0,hard,236.28387426727656,236.2137493345674,12,0.1,0.1,18628,16517,0.8866759716555722,94,0.023691177368164,0.8074338749283925,quantized_global_optimum_not_continuous_global_optimum
06ac6393eee7a87a46f65b36cf9d1863821846f32cd08b7f9dd84710f2fa08a1,3,9,20291602,0.6,5.0,hard,235.58506461363407,235.412800978746,15,0.1,0.1,43701,35908,0.8216745612228553,176,0.0450763702392578,1.7506362920394167,quantized_global_optimum_not_continuous_global_optimum
06ac6393eee7a87a46f65b36cf9d1863821846f32cd08b7f9dd84710f2fa08a1,3,9,20291602,0.6,13.0,hard,235.58506461363407,235.412800978746,15,0.1,0.1,208360,138706,0.6657035899404876,426,0.1041393280029296,9.038087499910034,quantized_global_optimum_not_continuous_global_optimum
06ac6393eee7a87a46f65b36cf9d1863821846f32cd08b7f9dd84710f2fa08a1,3,9,20291602,0.8,1.5,hard,239.17990569135765,239.1630102306574,7,0.1,0.1,4724,4461,0.9443268416596104,39,0.0142192840576171,0.1805712080094963,quantized_global_optimum_not_continuous_global_optimum
06ac6393eee7a87a46f65b36cf9d1863821846f32cd08b7f9dd84710f2fa08a1,3,9,20291602,0.8,2.0,hard,237.75336495449537,237.72742690951844,9,0.1,0.1,9147,8501,0.9293757516125506,52,0.0174198150634765,0.3727031670277938,quantized_global_optimum_not_continuous_global_optimum
06ac6393eee7a87a46f65b36cf9d1863821846f32cd08b7f9dd84710f2fa08a1,3,9,20291602,0.8,3.0,hard,235.9645423019702,235.9197080297183,12,0.1,0.1,18628,16517,0.8866759716555722,94,0.023691177368164,0.8348937500268221,quantized_global_optimum_not_continuous_global_optimum
06ac6393eee7a87a46f65b36cf9d1863821846f32cd08b7f9dd84710f2fa08a1,3,9,20291602,0.8,5.0,hard,234.71877421820383,234.57483997777,17,0.1,0.1,43701,35908,0.8216745612228553,176,0.0450763702392578,1.6983543330570685,quantized_global_optimum_not_continuous_global_optimum
06ac6393eee7a87a46f65b36cf9d1863821846f32cd08b7f9dd84710f2fa08a1,3,9,20291602,0.8,13.0,hard,234.71877421820383,234.57483997777,17,0.1,0.1,282928,175377,0.6198644178024091,463,0.1179113388061523,11.189239916973747,quantized_global_optimum_not_continuous_global_optimum
06ac6393eee7a87a46f65b36cf9d1863821846f32cd08b7f9dd84710f2fa08a1,3,9,20291602,1.0,1.5,hard,239.13816164825352,239.12519555782475,7,0.1,0.1,4724,4461,0.9443268416596104,39,0.0142192840576171,0.1939939999720081,quantized_global_optimum_not_continuous_global_optimum
06ac6393eee7a87a46f65b36cf9d1863821846f32cd08b7f9dd84710f2fa08a1,3,9,20291602,1.0,2.0,hard,237.67930546092393,237.65968429738604,9,0.1,0.1,9147,8501,0.9293757516125506,52,0.0174198150634765,0.3454397089080885,quantized_global_optimum_not_continuous_global_optimum
06ac6393eee7a87a46f65b36cf9d1863821846f32cd08b7f9dd84710f2fa08a1,3,9,20291602,1.0,3.0,hard,235.7961203921399,235.76333972504227,12,0.1,0.1,18628,16517,0.8866759716555722,94,0.023691177368164,0.7717071670340374,quantized_global_optimum_not_continuous_global_optimum
06ac6393eee7a87a46f65b36cf9d1863821846f32cd08b7f9dd84710f2fa08a1,3,9,20291602,1.0,5.0,hard,234.17315300145023,234.07656502803985,17,0.1,0.1,43701,35908,0.8216745612228553,176,0.0450763702392578,1.8304539170349017,quantized_global_optimum_not_continuous_global_optimum
06ac6393eee7a87a46f65b36cf9d1863821846f32cd08b7f9dd84710f2fa08a1,3,9,20291602,1.0,13.0,hard,234.13370616036403,234.02286083663205,18,0.1,0.1,282928,175377,0.6198644178024091,463,0.117959976196289,10.300440500024706,quantized_global_optimum_not_continuous_global_optimum
06ac6393eee7a87a46f65b36cf9d1863821846f32cd08b7f9dd84710f2fa08a1,4,0,20300729,0.2,1.5,hard,276.47907186200274,276.4374997788586,4,0.1,0.1,3262,2424,0.7431023911710607,57,0.0321102142333984,0.2065742500126361,quantized_global_optimum_not_continuous_global_optimum
06ac6393eee7a87a46f65b36cf9d1863821846f32cd08b7f9dd84710f2fa08a1,4,0,20300729,0.2,2.0,hard,274.2371636701772,274.1075111466175,6,0.1,0.1,5723,4230,0.7391228376725494,100,0.0345706939697265,0.2919896660605445,quantized_global_optimum_not_continuous_global_optimum
06ac6393eee7a87a46f65b36cf9d1863821846f32cd08b7f9dd84710f2fa08a1,4,0,20300729,0.2,3.0,hard,273.29710048937835,273.0674666170784,7,0.1,0.1,16437,11858,0.7214211839143396,192,0.0576000213623046,0.7653370840707794,quantized_global_optimum_not_continuous_global_optimum
06ac6393eee7a87a46f65b36cf9d1863821846f32cd08b7f9dd84710f2fa08a1,4,0,20300729,0.2,5.0,hard,273.29710048937835,273.0674666170784,7,0.1,0.1,29010,20746,0.7151327128576352,253,0.0584430694580078,1.3191149999620393,quantized_global_optimum_not_continuous_global_optimum
06ac6393eee7a87a46f65b36cf9d1863821846f32cd08b7f9dd84710f2fa08a1,4,0,20300729,0.2,13.0,hard,273.29710048937835,273.0674666170784,7,0.1,0.1,29010,20746,0.7151327128576352,253,0.0463733673095703,1.3497124169953167,quantized_global_optimum_not_continuous_global_optimum
06ac6393eee7a87a46f65b36cf9d1863821846f32cd08b7f9dd84710f2fa08a1,4,0,20300729,0.4,1.5,hard,276.10073653743086,276.08836138810716,4,0.1,0.1,3262,2424,0.7431023911710607,57,0.0163908004760742,0.1728831670479849,quantized_global_optimum_not_continuous_global_optimum
06ac6393eee7a87a46f65b36cf9d1863821846f32cd08b7f9dd84710f2fa08a1,4,0,20300729,0.4,2.0,hard,273.24297968800107,273.2132129186739,6,0.1,0.1,5723,4230,0.7391228376725494,100,0.0218524932861328,0.2711535840062424,quantized_global_optimum_not_continuous_global_optimum
06ac6393eee7a87a46f65b36cf9d1863821846f32cd08b7f9dd84710f2fa08a1,4,0,20300729,0.4,3.0,hard,270.1048204847693,270.0136033674831,9,0.1,0.1,16437,11858,0.7214211839143396,192,0.0368900299072265,0.7597594159888104,quantized_global_optimum_not_continuous_global_optimum
06ac6393eee7a87a46f65b36cf9d1863821846f32cd08b7f9dd84710f2fa08a1,4,0,20300729,0.4,5.0,hard,269.50915477971756,269.3270336101499,11,0.1,0.1,50108,34558,0.6896703121258082,394,0.0943927764892578,2.205186291015707,quantized_global_optimum_not_continuous_global_optimum
06ac6393eee7a87a46f65b36cf9d1863821846f32cd08b7f9dd84710f2fa08a1,4,0,20300729,0.4,13.0,hard,269.50915477971756,269.3270336101499,11,0.1,0.1,146292,88163,0.6026508626582452,542,0.1502323150634765,5.285621999995783,quantized_global_optimum_not_continuous_global_optimum
06ac6393eee7a87a46f65b36cf9d1863821846f32cd08b7f9dd84710f2fa08a1,4,0,20300729,0.6,1.5,hard,276.0112068041352,276.0040826401175,4,0.1,0.1,3262,2424,0.7431023911710607,57,0.0164699554443359,0.1715518329292535,quantized_global_optimum_not_continuous_global_optimum
06ac6393eee7a87a46f65b36cf9d1863821846f32cd08b7f9dd84710f2fa08a1,4,0,20300729,0.6,2.0,hard,273.0437454167104,273.02756428470855,6,0.1,0.1,5723,4230,0.7391228376725494,100,0.0218830108642578,0.2971842921106145,quantized_global_optimum_not_continuous_global_optimum
06ac6393eee7a87a46f65b36cf9d1863821846f32cd08b7f9dd84710f2fa08a1,4,0,20300729,0.6,3.0,hard,269.5015908202527,269.45894335844025,9,0.1,0.1,16437,11858,0.7214211839143396,192,0.0369205474853515,0.7221159170148894,quantized_global_optimum_not_continuous_global_optimum
06ac6393eee7a87a46f65b36cf9d1863821846f32cd08b7f9dd84710f2fa08a1,4,0,20300729,0.6,5.0,hard,268.08952024575933,267.95905095645315,13,0.1,0.1,50108,34558,0.6896703121258082,394,0.0691547393798828,2.015367167070508,quantized_global_optimum_not_continuous_global_optimum
06ac6393eee7a87a46f65b36cf9d1863821846f32cd08b7f9dd84710f2fa08a1,4,0,20300729,0.6,13.0,hard,268.08952024575933,267.95905095645315,13,0.1,0.1,380057,202264,0.5321938551322565,752,0.3281764984130859,12.289411833044142,quantized_global_optimum_not_continuous_global_optimum
06ac6393eee7a87a46f65b36cf9d1863821846f32cd08b7f9dd84710f2fa08a1,4,0,20300729,0.8,1.5,hard,275.9711410118869,275.9661567005619,4,0.1,0.1,3262,2424,0.7431023911710607,57,0.0164699554443359,0.1723813749849796,quantized_global_optimum_not_continuous_global_optimum
06ac6393eee7a87a46f65b36cf9d1863821846f32cd08b7f9dd84710f2fa08a1,4,0,20300729,0.8,2.0,hard,272.9583186549039,272.9472795808127,6,0.1,0.1,5723,4230,0.7391228376725494,100,0.021834373474121,0.2822628750000149,quantized_global_optimum_not_continuous_global_optimum
06ac6393eee7a87a46f65b36cf9d1863821846f32cd08b7f9dd84710f2fa08a1,4,0,20300729,0.8,3.0,hard,269.2698175238798,269.24245942881385,9,0.1,0.1,16437,11858,0.7214211839143396,192,0.0369205474853515,0.7711064590839669,quantized_global_optimum_not_continuous_global_optimum
06ac6393eee7a87a46f65b36cf9d1863821846f32cd08b7f9dd84710f2fa08a1,4,0,20300729,0.8,5.0,hard,267.4931713691106,267.41656093901184,13,0.1,0.1,50108,34558,0.6896703121258082,394,0.0691547393798828,2.079670917009935,quantized_global_optimum_not_continuous_global_optimum
06ac6393eee7a87a46f65b36cf9d1863821846f32cd08b7f9dd84710f2fa08a1,4,0,20300729,0.8,13.0,hard,267.4931713691106,267.41656093901184,13,0.1,0.1,531308,271028,0.5101146604229562,893,0.3878002166748047,18.112813625019044,quantized_global_optimum_not_continuous_global_optimum
06ac6393eee7a87a46f65b36cf9d1863821846f32cd08b7f9dd84710f2fa08a1,4,0,20300729,1.0,1.5,hard,275.9484197184474,275.9445908309965,4,0.1,0.1,3262,2424,0.7431023911710607,57,0.0164699554443359,0.1904668330680579,quantized_global_optimum_not_continuous_global_optimum
06ac6393eee7a87a46f65b36cf9d1863821846f32cd08b7f9dd84710f2fa08a1,4,0,20300729,1.0,2.0,hard,272.91084879920413,272.9024880614362,6,0.1,0.1,5723,4230,0.7391228376725494,100,0.0218830108642578,0.3126004590885713,quantized_global_optimum_not_continuous_global_optimum
06ac6393eee7a87a46f65b36cf9d1863821846f32cd08b7f9dd84710f2fa08a1,4,0,20300729,1.0,3.0,hard,269.1471675058384,269.12712905214556,9,0.1,0.1,16437,11858,0.7214211839143396,192,0.0369205474853515,0.8412670000689104,quantized_global_optimum_not_continuous_global_optimum
06ac6393eee7a87a46f65b36cf9d1863821846f32cd08b7f9dd84710f2fa08a1,4,0,20300729,1.0,5.0,hard,267.1531904435071,267.08829530209726,14,0.1,0.1,50108,34558,0.6896703121258082,394,0.0691547393798828,2.255101791000925,quantized_global_optimum_not_continuous_global_optimum
06ac6393eee7a87a46f65b36cf9d1863821846f32cd08b7f9dd84710f2fa08a1,4,0,20300729,1.0,13.0,hard,267.1531904435071,267.08829530209726,14,0.1,0.1,531308,271028,0.5101146604229562,893,0.3878002166748047,19.12488237489015,quantized_global_optimum_not_continuous_global_optimum
06ac6393eee7a87a46f65b36cf9d1863821846f32cd08b7f9dd84710f2fa08a1,4,1,20300826,0.2,1.5,hard,275.552408293927,275.53270544451976,4,0.1,0.1,2356,1789,0.7593378607809848,43,0.0135669708251953,0.1678050420014187,quantized_global_optimum_not_continuous_global_optimum
06ac6393eee7a87a46f65b36cf9d1863821846f32cd08b7f9dd84710f2fa08a1,4,1,20300826,0.2,2.0,hard,273.344078360927,273.31519369101477,5,0.1,0.1,4256,3155,0.7413063909774437,73,0.0192508697509765,0.2728997080121189,quantized_global_optimum_not_continuous_global_optimum
06ac6393eee7a87a46f65b36cf9d1863821846f32cd08b7f9dd84710f2fa08a1,4,1,20300826,0.2,3.0,hard,272.1787940755805,272.06864321489013,7,0.1,0.1,15096,9995,0.6620959194488606,146,0.0315876007080078,0.7886851670918986,quantized_global_optimum_not_continuous_global_optimum
06ac6393eee7a87a46f65b36cf9d1863821846f32cd08b7f9dd84710f2fa08a1,4,1,20300826,0.2,5.0,hard,272.1787940755805,272.06864321489013,7,0.1,0.1,30184,19016,0.6300026504108137,201,0.0429706573486328,1.4259490830590948,quantized_global_optimum_not_continuous_global_optimum
06ac6393eee7a87a46f65b36cf9d1863821846f32cd08b7f9dd84710f2fa08a1,4,1,20300826,0.2,13.0,hard,272.1787940755805,272.06864321489013,7,0.1,0.1,30184,19016,0.6300026504108137,201,0.0435810089111328,1.535805624909699,quantized_global_optimum_not_continuous_global_optimum
06ac6393eee7a87a46f65b36cf9d1863821846f32cd08b7f9dd84710f2fa08a1,4,1,20300826,0.4,1.5,hard,275.2022875476704,275.1962881689863,4,0.1,0.1,2356,1789,0.7593378607809848,43,0.0135669708251953,0.1634702499723062,quantized_global_optimum_not_continuous_global_optimum
06ac6393eee7a87a46f65b36cf9d1863821846f32cd08b7f9dd84710f2fa08a1,4,1,20300826,0.4,2.0,hard,272.60247024226976,272.5955687182324,5,0.1,0.1,4256,3155,0.7413063909774437,73,0.0192508697509765,0.2811050839954987,quantized_global_optimum_not_continuous_global_optimum
06ac6393eee7a87a46f65b36cf9d1863821846f32cd08b7f9dd84710f2fa08a1,4,1,20300826,0.4,3.0,hard,269.31858841900106,269.27918272018667,8,0.1,0.1,15096,9995,0.6620959194488606,146,0.031564712524414,0.7940761670470238,quantized_global_optimum_not_continuous_global_optimum
06ac6393eee7a87a46f65b36cf9d1863821846f32cd08b7f9dd84710f2fa08a1,4,1,20300826,0.4,5.0,hard,268.39384258798054,268.3110777380586,10,0.1,0.1,56869,33827,0.59482319013874,296,0.0610332489013671,2.425014792010188,quantized_global_optimum_not_continuous_global_optimum
06ac6393eee7a87a46f65b36cf9d1863821846f32cd08b7f9dd84710f2fa08a1,4,1,20300826,0.4,13.0,hard,268.39384258798054,268.3110777380586,10,0.1,0.1,176898,99045,0.5598989248041244,584,0.1574611663818359,6.706603833008558,quantized_global_optimum_not_continuous_global_optimum
06ac6393eee7a87a46f65b36cf9d1863821846f32cd08b7f9dd84710f2fa08a1,4,1,20300826,0.6,1.5,hard,275.1178290812164,275.11435652722605,4,0.1,0.1,2356,1789,0.7593378607809848,43,0.0135974884033203,0.1703709999565035,quantized_global_optimum_not_continuous_global_optimum
06ac6393eee7a87a46f65b36cf9d1863821846f32cd08b7f9dd84710f2fa08a1,4,1,20300826,0.6,2.0,hard,272.44827449482614,272.44449200394706,5,0.1,0.1,4256,3155,0.7413063909774437,73,0.0192813873291015,0.2756917499937117,quantized_global_optimum_not_continuous_global_optimum
06ac6393eee7a87a46f65b36cf9d1863821846f32cd08b7f9dd84710f2fa08a1,4,1,20300826,0.6,3.0,hard,268.81434261936664,268.79571706013536,8,0.1,0.1,15096,9995,0.6620959194488606,146,0.031595230102539,0.8054414170328528,quantized_global_optimum_not_continuous_global_optimum
06ac6393eee7a87a46f65b36cf9d1863821846f32cd08b7f9dd84710f2fa08a1,4,1,20300826,0.6,5.0,hard,267.540661916027,267.5047411585525,10,0.1,0.1,56869,33827,0.59482319013874,296,0.0610637664794921,2.4839373339200392,quantized_global_optimum_not_continuous_global_optimum
06ac6393eee7a87a46f65b36cf9d1863821846f32cd08b7f9dd84710f2fa08a1,4,1,20300826,0.6,13.0,hard,267.540661916027,267.5047411585525,10,0.1,0.1,487560,250125,0.5130137829190253,947,0.4212017059326172,18.04999762494117,quantized_global_optimum_not_continuous_global_optimum
06ac6393eee7a87a46f65b36cf9d1863821846f32cd08b7f9dd84710f2fa08a1,4,1,20300826,0.8,1.5,hard,275.0798295465731,275.07739409053715,4,0.1,0.1,2356,1789,0.7593378607809848,43,0.0135488510131835,0.1735357500147074,quantized_global_optimum_not_continuous_global_optimum
06ac6393eee7a87a46f65b36cf9d1863821846f32cd08b7f9dd84710f2fa08a1,4,1,20300826,0.8,2.0,hard,272.3700565002476,272.36311761333167,6,0.1,0.1,4256,3155,0.7413063909774437,73,0.0192813873291015,0.2891472910996526,quantized_global_optimum_not_continuous_global_optimum
06ac6393eee7a87a46f65b36cf9d1863821846f32cd08b7f9dd84710f2fa08a1,4,1,20300826,0.8,3.0,hard,268.61834692648785,268.6063481691199,8,0.1,0.1,15096,9995,0.6620959194488606,146,0.0316410064697265,0.8296990829985589,quantized_global_optimum_not_continuous_global_optimum
06ac6393eee7a87a46f65b36cf9d1863821846f32cd08b7f9dd84710f2fa08a1,4,1,20300826,0.8,5.0,hard,267.1894271298052,267.1557111933901,11,0.1,0.1,56869,33827,0.59482319013874,296,0.0610637664794921,2.460809375043027,quantized_global_optimum_not_continuous_global_optimum
06ac6393eee7a87a46f65b36cf9d1863821846f32cd08b7f9dd84710f2fa08a1,4,1,20300826,0.8,13.0,hard,267.1894271298052,267.1557111933901,11,0.1,0.1,689933,338409,0.4904954539063938,1072,0.4673366546630859,25.218762000091377,quantized_global_optimum_not_continuous_global_optimum
06ac6393eee7a87a46f65b36cf9d1863821846f32cd08b7f9dd84710f2fa08a1,4,1,20300826,1.0,1.5,hard,275.0582238431618,275.0563503588985,4,0.1,0.1,2356,1789,0.7593378607809848,43,0.0135974884033203,0.1775908329291269,quantized_global_optimum_not_continuous_global_optimum
06ac6393eee7a87a46f65b36cf9d1863821846f32cd08b7f9dd84710f2fa08a1,4,1,20300826,1.0,2.0,hard,272.324460925759,272.31919784330074,6,0.1,0.1,4256,3155,0.7413063909774437,73,0.0192813873291015,0.2895279170479625,quantized_global_optimum_not_continuous_global_optimum
06ac6393eee7a87a46f65b36cf9d1863821846f32cd08b7f9dd84710f2fa08a1,4,1,20300826,1.0,3.0,hard,268.514116677017,268.505308442987,8,0.1,0.1,15096,9995,0.6620959194488606,146,0.0316410064697265,0.8456247920403257,quantized_global_optimum_not_continuous_global_optimum
06ac6393eee7a87a46f65b36cf9d1863821846f32cd08b7f9dd84710f2fa08a1,4,1,20300826,1.0,5.0,hard,266.9912772024059,266.96716739394867,11,0.1,0.1,56869,33827,0.59482319013874,296,0.0610637664794921,2.5547601660946384,quantized_global_optimum_not_continuous_global_optimum
06ac6393eee7a87a46f65b36cf9d1863821846f32cd08b7f9dd84710f2fa08a1,4,1,20300826,1.0,13.0,hard,266.9912772024059,266.96716739394867,11,0.1,0.1,689933,338409,0.4904954539063938,1072,0.4665584564208984,25.69817474996671,quantized_global_optimum_not_continuous_global_optimum
06ac6393eee7a87a46f65b36cf9d1863821846f32cd08b7f9dd84710f2fa08a1,4,2,20300923,0.2,1.5,hard,275.35272511226503,275.32570623975096,4,0.1,0.1,2894,2020,0.6979958534899793,49,0.0146503448486328,0.216484708013013,quantized_global_optimum_not_continuous_global_optimum
06ac6393eee7a87a46f65b36cf9d1863821846f32cd08b7f9dd84710f2fa08a1,4,2,20300923,0.2,2.0,hard,272.72182643090946,272.5921739073498,6,0.1,0.1,5232,3588,0.6857798165137615,85,0.020914077758789,0.3256024160655215,quantized_global_optimum_not_continuous_global_optimum
06ac6393eee7a87a46f65b36cf9d1863821846f32cd08b7f9dd84710f2fa08a1,4,2,20300923,0.2,3.0,hard,271.1609727262569,270.9448113092112,7,0.1,0.1,17232,11562,0.6709610027855153,171,0.0348110198974609,0.9221477919491008,quantized_global_optimum_not_continuous_global_optimum
06ac6393eee7a87a46f65b36cf9d1863821846f32cd08b7f9dd84710f2fa08a1,4,2,20300923,0.2,5.0,hard,271.1609727262569,270.9448113092112,7,0.1,0.1,31712,21243,0.669872603430878,228,0.0439052581787109,1.6002165839308873,quantized_global_optimum_not_continuous_global_optimum
06ac6393eee7a87a46f65b36cf9d1863821846f32cd08b7f9dd84710f2fa08a1,4,2,20300923,0.2,13.0,hard,271.1609727262569,270.9448113092112,7,0.1,0.1,31712,21243,0.669872603430878,228,0.0445156097412109,1.627319333027117,quantized_global_optimum_not_continuous_global_optimum
06ac6393eee7a87a46f65b36cf9d1863821846f32cd08b7f9dd84710f2fa08a1,4,2,20300923,0.4,1.5,hard,275.0160570920354,275.0076802532116,4,0.1,0.1,2894,2020,0.6979958534899793,49,0.0146503448486328,0.2032496660249307,quantized_global_optimum_not_continuous_global_optimum
06ac6393eee7a87a46f65b36cf9d1863821846f32cd08b7f9dd84710f2fa08a1,4,2,20300923,0.4,2.0,hard,271.7276424487333,271.69787567940614,6,0.1,0.1,5232,3588,0.6857798165137615,85,0.0208911895751953,0.3168102909112349,quantized_global_optimum_not_continuous_global_optimum
06ac6393eee7a87a46f65b36cf9d1863821846f32cd08b7f9dd84710f2fa08a1,4,2,20300923,0.4,3.0,hard,267.65417645947144,267.5629593421852,9,0.1,0.1,17232,11562,0.6709610027855153,171,0.0347881317138671,0.9023352079093456,quantized_global_optimum_not_continuous_global_optimum
06ac6393eee7a87a46f65b36cf9d1863821846f32cd08b7f9dd84710f2fa08a1,4,2,20300923,0.4,5.0,hard,266.3503563996247,266.18402472419814,11,0.1,0.1,56794,36988,0.6512659788005776,359,0.067697525024414,2.6113114999607205,quantized_global_optimum_not_continuous_global_optimum
06ac6393eee7a87a46f65b36cf9d1863821846f32cd08b7f9dd84710f2fa08a1,4,2,20300923,0.4,13.0,hard,266.3503563996247,266.18402472419814,11,0.1,0.1,183420,111584,0.6083524152218951,547,0.1382961273193359,7.167710165958852,quantized_global_optimum_not_continuous_global_optimum
06ac6393eee7a87a46f65b36cf9d1863821846f32cd08b7f9dd84710f2fa08a1,4,2,20300923,0.6,1.5,hard,274.90971569430354,274.90108908150495,5,0.1,0.1,2894,2020,0.6979958534899793,49,0.0146808624267578,0.1985853330697864,quantized_global_optimum_not_continuous_global_optimum
06ac6393eee7a87a46f65b36cf9d1863821846f32cd08b7f9dd84710f2fa08a1,4,2,20300923,0.6,2.0,hard,271.52840817744266,271.5122270454408,6,0.1,0.1,5232,3588,0.6857798165137615,85,0.0209674835205078,0.3270575000206008,quantized_global_optimum_not_continuous_global_optimum
06ac6393eee7a87a46f65b36cf9d1863821846f32cd08b7f9dd84710f2fa08a1,4,2,20300923,0.6,3.0,hard,267.0509467949549,267.00829933314236,9,0.1,0.1,17232,11562,0.6709610027855153,171,0.0348186492919921,0.9349993340438232,quantized_global_optimum_not_continuous_global_optimum
06ac6393eee7a87a46f65b36cf9d1863821846f32cd08b7f9dd84710f2fa08a1,4,2,20300923,0.6,5.0,hard,264.64568727550613,264.5256224048796,13,0.1,0.1,56794,36988,0.6512659788005776,359,0.067728042602539,2.585422041011043,quantized_global_optimum_not_continuous_global_optimum
06ac6393eee7a87a46f65b36cf9d1863821846f32cd08b7f9dd84710f2fa08a1,4,2,20300923,0.6,13.0,hard,264.64568727550613,264.5256224048796,13,0.1,0.1,515160,288499,0.5600182467582887,972,0.4187068939208984,19.118870625039563,quantized_global_optimum_not_continuous_global_optimum
06ac6393eee7a87a46f65b36cf9d1863821846f32cd08b7f9dd84710f2fa08a1,4,2,20300923,0.8,1.5,hard,274.86093125272,274.8548860356438,5,0.1,0.1,2894,2020,0.6979958534899793,49,0.0146808624267578,0.2012712920550257,quantized_global_optimum_not_continuous_global_optimum
06ac6393eee7a87a46f65b36cf9d1863821846f32cd08b7f9dd84710f2fa08a1,4,2,20300923,0.8,2.0,hard,271.44298141563615,271.4319423415449,6,0.1,0.1,5232,3588,0.6857798165137615,85,0.0209674835205078,0.3301973330089822,quantized_global_optimum_not_continuous_global_optimum
06ac6393eee7a87a46f65b36cf9d1863821846f32cd08b7f9dd84710f2fa08a1,4,2,20300923,0.8,3.0,hard,266.81917349858196,266.79181540351595,9,0.1,0.1,17232,11562,0.6709610027855153,171,0.0348186492919921,0.9115389580838382,quantized_global_optimum_not_continuous_global_optimum
06ac6393eee7a87a46f65b36cf9d1863821846f32cd08b7f9dd84710f2fa08a1,4,2,20300923,0.8,5.0,hard,263.95522986632255,263.86893169320496,14,0.1,0.1,56794,36988,0.6512659788005776,359,0.067728042602539,2.6046742500038818,quantized_global_optimum_not_continuous_global_optimum
06ac6393eee7a87a46f65b36cf9d1863821846f32cd08b7f9dd84710f2fa08a1,4,2,20300923,0.8,13.0,hard,263.95522986632255,263.86893169320496,14,0.1,0.1,724297,396477,0.5473956125732952,1130,0.4950857162475586,26.50936941697728,quantized_global_optimum_not_continuous_global_optimum
06ac6393eee7a87a46f65b36cf9d1863821846f32cd08b7f9dd84710f2fa08a1,4,2,20300923,1.0,1.5,hard,274.8332294904919,274.8285813710955,5,0.1,0.1,2894,2020,0.6979958534899793,49,0.0146808624267578,0.2023150839377194,quantized_global_optimum_not_continuous_global_optimum
06ac6393eee7a87a46f65b36cf9d1863821846f32cd08b7f9dd84710f2fa08a1,4,2,20300923,1.0,2.0,hard,271.3955115599364,271.38715082216845,6,0.1,0.1,5232,3588,0.6857798165137615,85,0.0209674835205078,0.341840875102207,quantized_global_optimum_not_continuous_global_optimum
06ac6393eee7a87a46f65b36cf9d1863821846f32cd08b7f9dd84710f2fa08a1,4,2,20300923,1.0,3.0,hard,266.6965234805406,266.6764850268477,9,0.1,0.1,17232,11562,0.6709610027855153,171,0.0348186492919921,0.913850500015542,quantized_global_optimum_not_continuous_global_optimum
06ac6393eee7a87a46f65b36cf9d1863821846f32cd08b7f9dd84710f2fa08a1,4,2,20300923,1.0,5.0,hard,263.5808811674313,263.52164723301496,14,0.1,0.1,56794,36988,0.6512659788005776,359,0.067728042602539,2.647325042053126,quantized_global_optimum_not_continuous_global_optimum
06ac6393eee7a87a46f65b36cf9d1863821846f32cd08b7f9dd84710f2fa08a1,4,2,20300923,1.0,13.0,hard,263.5808811674313,263.52164723301496,14,0.1,0.1,724297,396477,0.5473956125732952,1130,0.4951343536376953,27.937730042031035,quantized_global_optimum_not_continuous_global_optimum
06ac6393eee7a87a46f65b36cf9d1863821846f32cd08b7f9dd84710f2fa08a1,4,3,20301020,0.2,1.5,hard,274.2508736033752,274.23117075396806,4,0.1,0.1,2478,1892,0.7635189669087974,42,0.0138263702392578,0.1914283749647438,quantized_global_optimum_not_continuous_global_optimum
06ac6393eee7a87a46f65b36cf9d1863821846f32cd08b7f9dd84710f2fa08a1,4,3,20301020,0.2,2.0,hard,271.5133425726128,271.43493744391094,6,0.1,0.1,4214,3158,0.749406739439962,75,0.0202312469482421,0.2970838330220431,quantized_global_optimum_not_continuous_global_optimum
06ac6393eee7a87a46f65b36cf9d1863821846f32cd08b7f9dd84710f2fa08a1,4,3,20301020,0.2,3.0,hard,270.5525007059301,270.40423668338275,7,0.1,0.1,13317,9456,0.710069835548547,134,0.031290054321289,0.8007420420181006,quantized_global_optimum_not_continuous_global_optimum
06ac6393eee7a87a46f65b36cf9d1863821846f32cd08b7f9dd84710f2fa08a1,4,3,20301020,0.2,5.0,hard,270.5525007059301,270.40423668338275,7,0.1,0.1,24911,17268,0.6931877483842479,181,0.0403041839599609,1.5348139589186758,quantized_global_optimum_not_continuous_global_optimum
06ac6393eee7a87a46f65b36cf9d1863821846f32cd08b7f9dd84710f2fa08a1,4,3,20301020,0.2,13.0,hard,270.5525007059301,270.40423668338275,7,0.1,0.1,24911,17268,0.6931877483842479,181,0.0409145355224609,1.520413541002199,quantized_global_optimum_not_continuous_global_optimum
06ac6393eee7a87a46f65b36cf9d1863821846f32cd08b7f9dd84710f2fa08a1,4,3,20301020,0.4,1.5,hard,273.9007528571186,273.8947534784346,4,0.1,0.1,2478,1892,0.7635189669087974,42,0.0138263702392578,0.1830298750428483,quantized_global_optimum_not_continuous_global_optimum
06ac6393eee7a87a46f65b36cf9d1863821846f32cd08b7f9dd84710f2fa08a1,4,3,20301020,0.4,2.0,hard,270.5899349053016,270.57138747657206,6,0.1,0.1,4214,3158,0.749406739439962,75,0.0202312469482421,0.2794664580142125,quantized_global_optimum_not_continuous_global_optimum
06ac6393eee7a87a46f65b36cf9d1863821846f32cd08b7f9dd84710f2fa08a1,4,3,20301020,0.4,3.0,hard,267.0642616440406,266.99776254403093,9,0.1,0.1,13317,9456,0.710069835548547,134,0.0313358306884765,0.8778775410028175,quantized_global_optimum_not_continuous_global_optimum
06ac6393eee7a87a46f65b36cf9d1863821846f32cd08b7f9dd84710f2fa08a1,4,3,20301020,0.4,5.0,hard,266.72805208928395,266.5861749585862,11,0.1,0.1,45612,29801,0.6533587652372183,288,0.0599536895751953,2.1625846669776365,quantized_global_optimum_not_continuous_global_optimum
06ac6393eee7a87a46f65b36cf9d1863821846f32cd08b7f9dd84710f2fa08a1,4,3,20301020,0.4,13.0,hard,266.72805208928395,266.5861749585862,11,0.1,0.1,151298,86735,0.5732726143108303,471,0.0924482345581054,6.09725262504071,quantized_global_optimum_not_continuous_global_optimum
06ac6393eee7a87a46f65b36cf9d1863821846f32cd08b7f9dd84710f2fa08a1,4,3,20301020,0.6,1.5,hard,273.81629439066467,273.81282183667435,4,0.1,0.1,2478,1892,0.7635189669087974,42,0.0138568878173828,0.1847632919671014,quantized_global_optimum_not_continuous_global_optimum
06ac6393eee7a87a46f65b36cf9d1863821846f32cd08b7f9dd84710f2fa08a1,4,3,20301020,0.6,2.0,hard,270.40023967021915,270.39009541942966,6,0.1,0.1,4214,3158,0.749406739439962,75,0.0202617645263671,0.2800320000387728,quantized_global_optimum_not_continuous_global_optimum
06ac6393eee7a87a46f65b36cf9d1863821846f32cd08b7f9dd84710f2fa08a1,4,3,20301020,0.6,3.0,hard,266.4852088066981,266.4538636764732,9,0.1,0.1,13317,9456,0.710069835548547,134,0.0313663482666015,0.7775713750161231,quantized_global_optimum_not_continuous_global_optimum
06ac6393eee7a87a46f65b36cf9d1863821846f32cd08b7f9dd84710f2fa08a1,4,3,20301020,0.6,5.0,hard,265.42435574317744,265.3160576277266,13,0.1,0.1,45612,29801,0.6533587652372183,288,0.0599842071533203,2.337148291990161,quantized_global_optimum_not_continuous_global_optimum
06ac6393eee7a87a46f65b36cf9d1863821846f32cd08b7f9dd84710f2fa08a1,4,3,20301020,0.6,13.0,hard,265.42435574317744,265.3160576277266,13,0.1,0.1,428064,220668,0.515502354788069,991,0.4244289398193359,16.180485958000645,quantized_global_optimum_not_continuous_global_optimum
06ac6393eee7a87a46f65b36cf9d1863821846f32cd08b7f9dd84710f2fa08a1,4,3,20301020,0.8,1.5,hard,273.7782948560213,273.77585939998545,4,0.1,0.1,2478,1892,0.7635189669087974,42,0.0138568878173828,0.178823959082365,quantized_global_optimum_not_continuous_global_optimum
06ac6393eee7a87a46f65b36cf9d1863821846f32cd08b7f9dd84710f2fa08a1,4,3,20301020,0.8,2.0,hard,270.3184152002588,270.3114763133429,6,0.1,0.1,4214,3158,0.749406739439962,75,0.0202617645263671,0.2826642079744488,quantized_global_optimum_not_continuous_global_optimum
06ac6393eee7a87a46f65b36cf9d1863821846f32cd08b7f9dd84710f2fa08a1,4,3,20301020,0.8,3.0,hard,266.2609949351725,266.2408236740808,9,0.1,0.1,13317,9456,0.710069835548547,134,0.0313663482666015,0.8130255829310045,quantized_global_optimum_not_continuous_global_optimum
06ac6393eee7a87a46f65b36cf9d1863821846f32cd08b7f9dd84710f2fa08a1,4,3,20301020,0.8,5.0,hard,264.7913800627181,264.7081520257478,14,0.1,0.1,45612,29801,0.6533587652372183,288,0.0599842071533203,2.121261207968928,quantized_global_optimum_not_continuous_global_optimum
06ac6393eee7a87a46f65b36cf9d1863821846f32cd08b7f9dd84710f2fa08a1,4,3,20301020,0.8,13.0,hard,264.7913800627181,264.7081520257478,14,0.1,0.1,623100,308437,0.4950040121970791,1147,0.5154056549072266,21.841675666044463,quantized_global_optimum_not_continuous_global_optimum
06ac6393eee7a87a46f65b36cf9d1863821846f32cd08b7f9dd84710f2fa08a1,4,3,20301020,1.0,1.5,hard,273.75668915261,273.7548156683468,4,0.1,0.1,2478,1892,0.7635189669087974,42,0.0138568878173828,0.1718033329816535,quantized_global_optimum_not_continuous_global_optimum
06ac6393eee7a87a46f65b36cf9d1863821846f32cd08b7f9dd84710f2fa08a1,4,3,20301020,1.0,2.0,hard,270.27281962577024,270.26755654331197,6,0.1,0.1,4214,3158,0.749406739439962,75,0.0202617645263671,0.2687905839411542,quantized_global_optimum_not_continuous_global_optimum
06ac6393eee7a87a46f65b36cf9d1863821846f32cd08b7f9dd84710f2fa08a1,4,3,20301020,1.0,3.0,hard,266.1419532109471,266.1271539821813,9,0.1,0.1,13317,9456,0.710069835548547,134,0.0313663482666015,0.7484989169752225,quantized_global_optimum_not_continuous_global_optimum
06ac6393eee7a87a46f65b36cf9d1863821846f32cd08b7f9dd84710f2fa08a1,4,3,20301020,1.0,5.0,hard,264.45075907536216,264.3929842764745,14,0.1,0.1,45612,29801,0.6533587652372183,288,0.0599842071533203,2.1089377079624683,quantized_global_optimum_not_continuous_global_optimum
06ac6393eee7a87a46f65b36cf9d1863821846f32cd08b7f9dd84710f2fa08a1,4,3,20301020,1.0,13.0,hard,264.45075907536216,264.3929842764745,14,0.1,0.1,623100,308437,0.4950040121970791,1147,0.5154056549072266,21.921747457934543,quantized_global_optimum_not_continuous_global_optimum
06ac6393eee7a87a46f65b36cf9d1863821846f32cd08b7f9dd84710f2fa08a1,4,4,20301117,0.2,1.5,hard,274.75367685947447,274.7339740100673,4,0.1,0.1,2699,2028,0.7513894034827714,43,0.0136356353759765,0.1830712920054793,quantized_global_optimum_not_continuous_global_optimum
06ac6393eee7a87a46f65b36cf9d1863821846f32cd08b7f9dd84710f2fa08a1,4,4,20301117,0.2,2.0,hard,271.685682733617,271.60727760491517,6,0.1,0.1,4618,3403,0.7368990905153746,65,0.0185604095458984,0.2910537499701604,quantized_global_optimum_not_continuous_global_optimum
06ac6393eee7a87a46f65b36cf9d1863821846f32cd08b7f9dd84710f2fa08a1,4,4,20301117,0.2,3.0,hard,270.8785699531188,270.5594099324915,8,0.1,0.1,14640,10294,0.7031420765027322,126,0.0288295745849609,0.7372539590578526,quantized_global_optimum_not_continuous_global_optimum
06ac6393eee7a87a46f65b36cf9d1863821846f32cd08b7f9dd84710f2fa08a1,4,4,20301117,0.2,5.0,hard,270.8785699531188,270.5594099324915,8,0.1,0.1,26936,18594,0.6903029403029403,168,0.036604881286621,1.3245504159713164,quantized_global_optimum_not_continuous_global_optimum
06ac6393eee7a87a46f65b36cf9d1863821846f32cd08b7f9dd84710f2fa08a1,4,4,20301117,0.2,13.0,hard,270.8785699531188,270.5594099324915,8,0.1,0.1,26936,18594,0.6903029403029403,168,0.0372638702392578,1.3304438749328256,quantized_global_optimum_not_continuous_global_optimum
06ac6393eee7a87a46f65b36cf9d1863821846f32cd08b7f9dd84710f2fa08a1,4,4,20301117,0.4,1.5,hard,274.3245050419493,274.3095737254339,5,0.1,0.1,2699,2028,0.7513894034827714,43,0.0136356353759765,0.190584750031121,quantized_global_optimum_not_continuous_global_optimum
06ac6393eee7a87a46f65b36cf9d1863821846f32cd08b7f9dd84710f2fa08a1,4,4,20301117,0.4,2.0,hard,270.7622750663058,270.7437276375763,6,0.1,0.1,4618,3403,0.7368990905153746,65,0.0185604095458984,0.3229568330571055,quantized_global_optimum_not_continuous_global_optimum
06ac6393eee7a87a46f65b36cf9d1863821846f32cd08b7f9dd84710f2fa08a1,4,4,20301117,0.4,3.0,hard,267.0905994258732,267.02410032586357,9,0.1,0.1,14640,10294,0.7031420765027322,126,0.0288753509521484,0.8886913750320673,quantized_global_optimum_not_continuous_global_optimum
06ac6393eee7a87a46f65b36cf9d1863821846f32cd08b7f9dd84710f2fa08a1,4,4,20301117,0.4,5.0,hard,266.2793190980498,266.13744196735206,11,0.1,0.1,48163,31976,0.6639121317193697,236,0.0493221282958984,2.426835957914591,quantized_global_optimum_not_continuous_global_optimum
06ac6393eee7a87a46f65b36cf9d1863821846f32cd08b7f9dd84710f2fa08a1,4,4,20301117,0.4,13.0,hard,266.2793190980498,266.13744196735206,11,0.1,0.1,153390,92855,0.605352369776387,476,0.1001338958740234,7.3684856669278815,quantized_global_optimum_not_continuous_global_optimum
06ac6393eee7a87a46f65b36cf9d1863821846f32cd08b7f9dd84710f2fa08a1,4,4,20301117,0.6,1.5,hard,274.21578578603214,274.2071591732336,5,0.1,0.1,2699,2028,0.7513894034827714,43,0.0136661529541015,0.2010514580179006,quantized_global_optimum_not_continuous_global_optimum
06ac6393eee7a87a46f65b36cf9d1863821846f32cd08b7f9dd84710f2fa08a1,4,4,20301117,0.6,2.0,hard,270.5725798312233,270.5624355804339,6,0.1,0.1,4618,3403,0.7368990905153746,65,0.0185909271240234,0.3326441249810159,quantized_global_optimum_not_continuous_global_optimum
06ac6393eee7a87a46f65b36cf9d1863821846f32cd08b7f9dd84710f2fa08a1,4,4,20301117,0.6,3.0,hard,266.51154658853073,266.4802014583058,9,0.1,0.1,14640,10294,0.7031420765027322,126,0.0289058685302734,0.7876829999731854,quantized_global_optimum_not_continuous_global_optimum
06ac6393eee7a87a46f65b36cf9d1863821846f32cd08b7f9dd84710f2fa08a1,4,4,20301117,0.6,5.0,hard,265.039354302672,264.955611528302,12,0.1,0.1,48163,31976,0.6639121317193697,236,0.0493526458740234,2.1931194589706138,quantized_global_optimum_not_continuous_global_optimum
06ac6393eee7a87a46f65b36cf9d1863821846f32cd08b7f9dd84710f2fa08a1,4,4,20301117,0.6,13.0,hard,265.039354302672,264.955611528302,12,0.1,0.1,492973,245121,0.4972300714237899,1322,0.5692729949951172,21.850531375035644,quantized_global_optimum_not_continuous_global_optimum
06ac6393eee7a87a46f65b36cf9d1863821846f32cd08b7f9dd84710f2fa08a1,4,4,20301117,0.8,1.5,hard,274.1670013444486,274.16095612737246,5,0.1,0.1,2699,2028,0.7513894034827714,43,0.0136661529541015,0.2129061670275405,quantized_global_optimum_not_continuous_global_optimum
06ac6393eee7a87a46f65b36cf9d1863821846f32cd08b7f9dd84710f2fa08a1,4,4,20301117,0.8,2.0,hard,270.490755361263,270.4838164743471,6,0.1,0.1,4618,3403,0.7368990905153746,65,0.0185909271240234,0.3835006669396534,quantized_global_optimum_not_continuous_global_optimum
06ac6393eee7a87a46f65b36cf9d1863821846f32cd08b7f9dd84710f2fa08a1,4,4,20301117,0.8,3.0,hard,266.28733271700514,266.2671614559134,9,0.1,0.1,14640,10294,0.7031420765027322,126,0.0288829803466796,0.7639758340083063,quantized_global_optimum_not_continuous_global_optimum
06ac6393eee7a87a46f65b36cf9d1863821846f32cd08b7f9dd84710f2fa08a1,4,4,20301117,0.8,5.0,hard,264.4587610168647,264.3984638899989,13,0.1,0.1,48163,31976,0.6639121317193697,236,0.0493526458740234,2.227232792065479,quantized_global_optimum_not_continuous_global_optimum
06ac6393eee7a87a46f65b36cf9d1863821846f32cd08b7f9dd84710f2fa08a1,4,4,20301117,0.8,13.0,hard,264.4587610168647,264.3984638899989,13,0.1,0.1,758170,346568,0.4571112019731722,1511,0.6776371002197266,32.96537124994211,quantized_global_optimum_not_continuous_global_optimum
06ac6393eee7a87a46f65b36cf9d1863821846f32cd08b7f9dd84710f2fa08a1,4,4,20301117,1.0,1.5,hard,274.1392995822205,274.13465146282414,5,0.1,0.1,2699,2028,0.7513894034827714,43,0.0136661529541015,0.1946794999530539,quantized_global_optimum_not_continuous_global_optimum
06ac6393eee7a87a46f65b36cf9d1863821846f32cd08b7f9dd84710f2fa08a1,4,4,20301117,1.0,2.0,hard,270.4451597867744,270.4398967043162,6,0.1,0.1,4618,3403,0.7368990905153746,65,0.0185909271240234,0.3004912920296192,quantized_global_optimum_not_continuous_global_optimum
06ac6393eee7a87a46f65b36cf9d1863821846f32cd08b7f9dd84710f2fa08a1,4,4,20301117,1.0,3.0,hard,266.16829099277976,266.15349176401395,9,0.1,0.1,14640,10294,0.7031420765027322,126,0.0288600921630859,0.7815096250269562,quantized_global_optimum_not_continuous_global_optimum
06ac6393eee7a87a46f65b36cf9d1863821846f32cd08b7f9dd84710f2fa08a1,4,4,20301117,1.0,5.0,hard,264.1278145476952,264.0728613046867,14,0.1,0.1,48163,31976,0.6639121317193697,236,0.0493526458740234,2.259805375011638,quantized_global_optimum_not_continuous_global_optimum
06ac6393eee7a87a46f65b36cf9d1863821846f32cd08b7f9dd84710f2fa08a1,4,4,20301117,1.0,13.0,hard,264.1278145476952,264.0728613046867,14,0.1,0.1,758170,346568,0.4571112019731722,1511,0.6593189239501953,35.58522987505421,quantized_global_optimum_not_continuous_global_optimum
06ac6393eee7a87a46f65b36cf9d1863821846f32cd08b7f9dd84710f2fa08a1,4,5,20301214,0.2,1.5,hard,275.1143843577179,275.0946815083107,4,0.1,0.1,2675,2105,0.7869158878504673,39,0.013467788696289,0.1824663750594481,quantized_global_optimum_not_continuous_global_optimum
06ac6393eee7a87a46f65b36cf9d1863821846f32cd08b7f9dd84710f2fa08a1,4,5,20301214,0.2,2.0,hard,272.9729471922592,272.89454206355737,6,0.1,0.1,4480,3491,0.7792410714285715,62,0.0186100006103515,0.2928123750025406,quantized_global_optimum_not_continuous_global_optimum
06ac6393eee7a87a46f65b36cf9d1863821846f32cd08b7f9dd84710f2fa08a1,4,5,20301214,0.2,3.0,hard,271.94302773370896,271.81199989536407,7,0.1,0.1,13801,10386,0.7525541627418303,111,0.0287466049194335,0.7352900420082733,quantized_global_optimum_not_continuous_global_optimum
06ac6393eee7a87a46f65b36cf9d1863821846f32cd08b7f9dd84710f2fa08a1,4,5,20301214,0.2,5.0,hard,271.94302773370896,271.81199989536407,7,0.1,0.1,25926,19210,0.7409550258427833,147,0.0355739593505859,1.2951054170262069,quantized_global_optimum_not_continuous_global_optimum
06ac6393eee7a87a46f65b36cf9d1863821846f32cd08b7f9dd84710f2fa08a1,4,5,20301214,0.2,13.0,hard,271.94302773370896,271.81199989536407,7,0.1,0.1,25926,19210,0.7409550258427833,147,0.0361843109130859,1.5112443750258535,quantized_global_optimum_not_continuous_global_optimum
06ac6393eee7a87a46f65b36cf9d1863821846f32cd08b7f9dd84710f2fa08a1,4,5,20301214,0.4,1.5,hard,274.7642636114613,274.75826423277726,4,0.1,0.1,2675,2105,0.7869158878504673,39,0.013467788696289,0.2143681671004742,quantized_global_optimum_not_continuous_global_optimum
06ac6393eee7a87a46f65b36cf9d1863821846f32cd08b7f9dd84710f2fa08a1,4,5,20301214,0.4,2.0,hard,272.049539524948,272.0309920962185,6,0.1,0.1,4480,3491,0.7792410714285715,62,0.0186100006103515,0.2992984580341726,quantized_global_optimum_not_continuous_global_optimum
06ac6393eee7a87a46f65b36cf9d1863821846f32cd08b7f9dd84710f2fa08a1,4,5,20301214,0.4,3.0,hard,268.64511353275685,268.57861443274726,9,0.1,0.1,13801,10386,0.7525541627418303,111,0.0288410186767578,0.7281537499511614,quantized_global_optimum_not_continuous_global_optimum
06ac6393eee7a87a46f65b36cf9d1863821846f32cd08b7f9dd84710f2fa08a1,4,5,20301214,0.4,5.0,hard,267.67304312830515,267.56493440357934,10,0.1,0.1,47520,33787,0.7110058922558923,245,0.055769920349121,2.18928854202386,quantized_global_optimum_not_continuous_global_optimum
06ac6393eee7a87a46f65b36cf9d1863821846f32cd08b7f9dd84710f2fa08a1,4,5,20301214,0.4,13.0,hard,267.67304312830515,267.56493440357934,10,0.1,0.1,157280,102682,0.6528611393692777,432,0.0929546356201171,6.409952583024278,quantized_global_optimum_not_continuous_global_optimum
06ac6393eee7a87a46f65b36cf9d1863821846f32cd08b7f9dd84710f2fa08a1,4,5,20301214,0.6,1.5,hard,274.6798051450073,274.676332591017,4,0.1,0.1,2675,2105,0.7869158878504673,39,0.013498306274414,0.2108925000065937,quantized_global_optimum_not_continuous_global_optimum
06ac6393eee7a87a46f65b36cf9d1863821846f32cd08b7f9dd84710f2fa08a1,4,5,20301214,0.6,2.0,hard,271.8598442898655,271.8497000390761,6,0.1,0.1,4480,3491,0.7792410714285715,62,0.0186405181884765,0.3123216249514371,quantized_global_optimum_not_continuous_global_optimum
06ac6393eee7a87a46f65b36cf9d1863821846f32cd08b7f9dd84710f2fa08a1,4,5,20301214,0.6,3.0,hard,268.06606069541436,268.0347155651895,9,0.1,0.1,13801,10386,0.7525541627418303,111,0.0288715362548828,0.7858933749375865,quantized_global_optimum_not_continuous_global_optimum
06ac6393eee7a87a46f65b36cf9d1863821846f32cd08b7f9dd84710f2fa08a1,4,5,20301214,0.6,5.0,hard,266.52431642928076,266.4573405512755,11,0.1,0.1,47520,33787,0.7110058922558923,245,0.0558490753173828,2.4862213750602677,quantized_global_optimum_not_continuous_global_optimum
06ac6393eee7a87a46f65b36cf9d1863821846f32cd08b7f9dd84710f2fa08a1,4,5,20301214,0.6,13.0,hard,266.52431642928076,266.4573405512755,11,0.1,0.1,419166,252673,0.602799368269373,703,0.307474136352539,16.64059170789551,quantized_global_optimum_not_continuous_global_optimum
06ac6393eee7a87a46f65b36cf9d1863821846f32cd08b7f9dd84710f2fa08a1,4,5,20301214,0.8,1.5,hard,274.641805610364,274.6393701543281,4,0.1,0.1,2675,2105,0.7869158878504673,39,0.013498306274414,0.1822750420542433,quantized_global_optimum_not_continuous_global_optimum
06ac6393eee7a87a46f65b36cf9d1863821846f32cd08b7f9dd84710f2fa08a1,4,5,20301214,0.8,2.0,hard,271.7780198199052,271.7710809329893,6,0.1,0.1,4480,3491,0.7792410714285715,62,0.0186405181884765,0.2926924999337643,quantized_global_optimum_not_continuous_global_optimum
06ac6393eee7a87a46f65b36cf9d1863821846f32cd08b7f9dd84710f2fa08a1,4,5,20301214,0.8,3.0,hard,267.8418468238888,267.8216755627971,9,0.1,0.1,13801,10386,0.7525541627418303,111,0.0288715362548828,0.8200936249922961,quantized_global_optimum_not_continuous_global_optimum
06ac6393eee7a87a46f65b36cf9d1863821846f32cd08b7f9dd84710f2fa08a1,4,5,20301214,0.8,5.0,hard,266.01749296956126,265.96521460285766,12,0.1,0.1,47520,33787,0.7110058922558923,245,0.0558490753173828,2.4768617909867316,quantized_global_optimum_not_continuous_global_optimum
06ac6393eee7a87a46f65b36cf9d1863821846f32cd08b7f9dd84710f2fa08a1,4,5,20301214,0.8,13.0,hard,266.01749296956126,265.96521460285766,12,0.1,0.1,589845,341806,0.579484440827675,839,0.3886890411376953,22.654228125000373,quantized_global_optimum_not_continuous_global_optimum
06ac6393eee7a87a46f65b36cf9d1863821846f32cd08b7f9dd84710f2fa08a1,4,5,20301214,1.0,1.5,hard,274.6201999069527,274.61832642268945,4,0.1,0.1,2675,2105,0.7869158878504673,39,0.013498306274414,0.2016910419333726,quantized_global_optimum_not_continuous_global_optimum
06ac6393eee7a87a46f65b36cf9d1863821846f32cd08b7f9dd84710f2fa08a1,4,5,20301214,1.0,2.0,hard,271.7324242454166,271.7271611629584,6,0.1,0.1,4480,3491,0.7792410714285715,62,0.0185918807983398,0.3212439590133726,quantized_global_optimum_not_continuous_global_optimum
06ac6393eee7a87a46f65b36cf9d1863821846f32cd08b7f9dd84710f2fa08a1,4,5,20301214,1.0,3.0,hard,267.7228050996634,267.70800587089764,9,0.1,0.1,13801,10386,0.7525541627418303,111,0.0288715362548828,0.7842178751016036,quantized_global_optimum_not_continuous_global_optimum
06ac6393eee7a87a46f65b36cf9d1863821846f32cd08b7f9dd84710f2fa08a1,4,5,20301214,1.0,5.0,hard,265.7416673893739,265.69584041787715,13,0.1,0.1,47520,33787,0.7110058922558923,245,0.0558490753173828,2.219167665927671,quantized_global_optimum_not_continuous_global_optimum
06ac6393eee7a87a46f65b36cf9d1863821846f32cd08b7f9dd84710f2fa08a1,4,5,20301214,1.0,13.0,hard,265.7416673893739,265.69584041787715,13,0.1,0.1,589845,341806,0.579484440827675,839,0.3886890411376953,23.02989270898979,quantized_global_optimum_not_continuous_global_optimum
06ac6393eee7a87a46f65b36cf9d1863821846f32cd08b7f9dd84710f2fa08a1,4,6,20301311,0.2,1.5,hard,275.4248855804102,275.3754709830168,5,0.1,0.1,2557,1904,0.7446226046147829,40,0.0132961273193359,0.2183343339711427,quantized_global_optimum_not_continuous_global_optimum
06ac6393eee7a87a46f65b36cf9d1863821846f32cd08b7f9dd84710f2fa08a1,4,6,20301311,0.2,2.0,hard,272.80975386597135,272.73134873726946,6,0.1,0.1,4456,3289,0.7381059245960503,61,0.0179157257080078,0.3435356660047546,quantized_global_optimum_not_continuous_global_optimum
06ac6393eee7a87a46f65b36cf9d1863821846f32cd08b7f9dd84710f2fa08a1,4,6,20301311,0.2,3.0,hard,271.56018383755094,271.3744872815472,7,0.1,0.1,14838,10494,0.7072381722604124,131,0.0302066802978515,0.9734408330405132,quantized_global_optimum_not_continuous_global_optimum
06ac6393eee7a87a46f65b36cf9d1863821846f32cd08b7f9dd84710f2fa08a1,4,6,20301311,0.2,5.0,hard,271.56018383755094,271.3744872815472,7,0.1,0.1,28494,19638,0.6891977258370183,190,0.0420703887939453,1.6388828339986503,quantized_global_optimum_not_continuous_global_optimum
06ac6393eee7a87a46f65b36cf9d1863821846f32cd08b7f9dd84710f2fa08a1,4,6,20301311,0.2,13.0,hard,271.56018383755094,271.3744872815472,7,0.1,0.1,28494,19638,0.6891977258370183,190,0.0426321029663085,1.6563086659880355,quantized_global_optimum_not_continuous_global_optimum
06ac6393eee7a87a46f65b36cf9d1863821846f32cd08b7f9dd84710f2fa08a1,4,6,20301311,0.4,1.5,hard,274.9698807051154,274.95494938859997,5,0.1,0.1,2557,1904,0.7446226046147829,40,0.0132961273193359,0.216008459101431,quantized_global_optimum_not_continuous_global_optimum
06ac6393eee7a87a46f65b36cf9d1863821846f32cd08b7f9dd84710f2fa08a1,4,6,20301311,0.4,2.0,hard,271.88634619866014,271.8677987699306,6,0.1,0.1,4456,3289,0.7381059245960503,61,0.0179157257080078,0.3109579159645363,quantized_global_optimum_not_continuous_global_optimum
06ac6393eee7a87a46f65b36cf9d1863821846f32cd08b7f9dd84710f2fa08a1,4,6,20301311,0.4,3.0,hard,268.204291414757,268.16488571594255,8,0.1,0.1,14838,10494,0.7072381722604124,131,0.030252456665039,0.9217833330621944,quantized_global_optimum_not_continuous_global_optimum
06ac6393eee7a87a46f65b36cf9d1863821846f32cd08b7f9dd84710f2fa08a1,4,6,20301311,0.4,5.0,hard,266.96419022472287,266.8501797536715,11,0.1,0.1,52210,34464,0.6601034284619804,249,0.0534229278564453,3.233243041089736,quantized_global_optimum_not_continuous_global_optimum
06ac6393eee7a87a46f65b36cf9d1863821846f32cd08b7f9dd84710f2fa08a1,4,6,20301311,0.4,13.0,hard,266.96419022472287,266.8501797536715,11,0.1,0.1,159514,97810,0.6131750191205788,493,0.0997219085693359,7.056390875019133,quantized_global_optimum_not_continuous_global_optimum
06ac6393eee7a87a46f65b36cf9d1863821846f32cd08b7f9dd84710f2fa08a1,4,6,20301311,0.6,1.5,hard,274.8611614491982,274.8525348363997,5,0.1,0.1,2557,1904,0.7446226046147829,40,0.0133266448974609,0.2322842919966206,quantized_global_optimum_not_continuous_global_optimum
06ac6393eee7a87a46f65b36cf9d1863821846f32cd08b7f9dd84710f2fa08a1,4,6,20301311,0.6,2.0,hard,271.69665096357767,271.6865067127882,6,0.1,0.1,4456,3289,0.7381059245960503,61,0.0179462432861328,0.3628899169852957,quantized_global_optimum_not_continuous_global_optimum
06ac6393eee7a87a46f65b36cf9d1863821846f32cd08b7f9dd84710f2fa08a1,4,6,20301311,0.6,3.0,hard,267.7000456151226,267.68142005589124,8,0.1,0.1,14838,10494,0.7072381722604124,131,0.030282974243164,0.8862973330542445,quantized_global_optimum_not_continuous_global_optimum
06ac6393eee7a87a46f65b36cf9d1863821846f32cd08b7f9dd84710f2fa08a1,4,6,20301311,0.6,5.0,hard,265.7474198502211,265.6841401931702,12,0.1,0.1,52210,34464,0.6601034284619804,249,0.0534534454345703,2.5738452499499545,quantized_global_optimum_not_continuous_global_optimum
06ac6393eee7a87a46f65b36cf9d1863821846f32cd08b7f9dd84710f2fa08a1,4,6,20301311,0.6,13.0,hard,265.7474198502211,265.6841401931702,12,0.1,0.1,447032,243750,0.5452629789366309,1060,0.4484729766845703,17.56595604098402,quantized_global_optimum_not_continuous_global_optimum
06ac6393eee7a87a46f65b36cf9d1863821846f32cd08b7f9dd84710f2fa08a1,4,6,20301311,0.8,1.5,hard,274.81237700761466,274.80633179053854,5,0.1,0.1,2557,1904,0.7446226046147829,40,0.0133266448974609,0.2212792079662904,quantized_global_optimum_not_continuous_global_optimum
06ac6393eee7a87a46f65b36cf9d1863821846f32cd08b7f9dd84710f2fa08a1,4,6,20301311,0.8,2.0,hard,271.61482649361733,271.6078876067014,6,0.1,0.1,4456,3289,0.7381059245960503,61,0.0179462432861328,0.3687110830796882,quantized_global_optimum_not_continuous_global_optimum
06ac6393eee7a87a46f65b36cf9d1863821846f32cd08b7f9dd84710f2fa08a1,4,6,20301311,0.8,3.0,hard,267.48687418423515,267.4667029231435,9,0.1,0.1,14838,10494,0.7072381722604124,131,0.0302371978759765,0.9537716670893132,quantized_global_optimum_not_continuous_global_optimum
06ac6393eee7a87a46f65b36cf9d1863821846f32cd08b7f9dd84710f2fa08a1,4,6,20301311,0.8,5.0,hard,265.22762934636523,265.1902226122052,12,0.1,0.1,52210,34464,0.6601034284619804,249,0.0534534454345703,2.743881333968602,quantized_global_optimum_not_continuous_global_optimum
06ac6393eee7a87a46f65b36cf9d1863821846f32cd08b7f9dd84710f2fa08a1,4,6,20301311,0.8,13.0,hard,265.22762934636523,265.1902226122052,12,0.1,0.1,661117,342614,0.5182350476541974,1249,0.5683650970458984,27.51893725001719,quantized_global_optimum_not_continuous_global_optimum
06ac6393eee7a87a46f65b36cf9d1863821846f32cd08b7f9dd84710f2fa08a1,4,6,20301311,1.0,1.5,hard,274.78467524538655,274.7800271259902,5,0.1,0.1,2557,1904,0.7446226046147829,40,0.0133266448974609,0.1731753749772906,quantized_global_optimum_not_continuous_global_optimum
06ac6393eee7a87a46f65b36cf9d1863821846f32cd08b7f9dd84710f2fa08a1,4,6,20301311,1.0,2.0,hard,271.56923091912876,271.5639678366705,6,0.1,0.1,4456,3289,0.7381059245960503,61,0.0179462432861328,0.2652478340314701,quantized_global_optimum_not_continuous_global_optimum
06ac6393eee7a87a46f65b36cf9d1863821846f32cd08b7f9dd84710f2fa08a1,4,6,20301311,1.0,3.0,hard,267.36783246000977,267.353033231244,9,0.1,0.1,14838,10494,0.7072381722604124,131,0.0302371978759765,0.7334206249797717,quantized_global_optimum_not_continuous_global_optimum
06ac6393eee7a87a46f65b36cf9d1863821846f32cd08b7f9dd84710f2fa08a1,4,6,20301311,1.0,5.0,hard,264.96912216207244,264.94285281147506,12,0.1,0.1,52210,34464,0.6601034284619804,249,0.0534534454345703,2.2000025409506634,quantized_global_optimum_not_continuous_global_optimum
06ac6393eee7a87a46f65b36cf9d1863821846f32cd08b7f9dd84710f2fa08a1,4,6,20301311,1.0,13.0,hard,264.96912216207244,264.94285281147506,12,0.1,0.1,661117,342614,0.5182350476541974,1249,0.5683650970458984,24.723438041983172,quantized_global_optimum_not_continuous_global_optimum
06ac6393eee7a87a46f65b36cf9d1863821846f32cd08b7f9dd84710f2fa08a1,4,7,20301408,0.2,1.5,hard,274.64519277283085,274.6254899234237,4,0.1,0.1,3107,2233,0.7186997103315095,52,0.0150661468505859,0.1961790410568937,quantized_global_optimum_not_continuous_global_optimum
06ac6393eee7a87a46f65b36cf9d1863821846f32cd08b7f9dd84710f2fa08a1,4,7,20301408,0.2,2.0,hard,271.82625169437955,271.7478465656777,6,0.1,0.1,5554,3875,0.6976953546993158,93,0.0217418670654296,0.317268209066242,quantized_global_optimum_not_continuous_global_optimum
06ac6393eee7a87a46f65b36cf9d1863821846f32cd08b7f9dd84710f2fa08a1,4,7,20301408,0.2,3.0,hard,270.3308678985145,270.1012340262146,7,0.1,0.1,17903,11389,0.6361503658604704,194,0.038522720336914,1.0318846249720082,quantized_global_optimum_not_continuous_global_optimum
06ac6393eee7a87a46f65b36cf9d1863821846f32cd08b7f9dd84710f2fa08a1,4,7,20301408,0.2,5.0,hard,270.3308678985145,270.1012340262146,7,0.1,0.1,34469,21501,0.6237778873770634,274,0.0554027557373046,1.7201972090406343,quantized_global_optimum_not_continuous_global_optimum
06ac6393eee7a87a46f65b36cf9d1863821846f32cd08b7f9dd84710f2fa08a1,4,7,20301408,0.2,13.0,hard,270.3308678985145,270.1012340262146,7,0.1,0.1,34469,21501,0.6237778873770634,274,0.0560131072998046,1.7265087080886588,quantized_global_optimum_not_continuous_global_optimum
06ac6393eee7a87a46f65b36cf9d1863821846f32cd08b7f9dd84710f2fa08a1,4,7,20301408,0.4,1.5,hard,274.29507202657425,274.28907264789024,4,0.1,0.1,3107,2233,0.7186997103315095,52,0.0150661468505859,0.2085697089787572,quantized_global_optimum_not_continuous_global_optimum
06ac6393eee7a87a46f65b36cf9d1863821846f32cd08b7f9dd84710f2fa08a1,4,7,20301408,0.4,2.0,hard,270.90284402706834,270.88429659833884,6,0.1,0.1,5554,3875,0.6976953546993158,93,0.0217418670654296,0.3346462500048801,quantized_global_optimum_not_continuous_global_optimum
06ac6393eee7a87a46f65b36cf9d1863821846f32cd08b7f9dd84710f2fa08a1,4,7,20301408,0.4,3.0,hard,266.8817706600301,266.82935241575336,8,0.1,0.1,17903,11389,0.6361503658604704,194,0.038522720336914,0.9525412500370294,quantized_global_optimum_not_continuous_global_optimum
06ac6393eee7a87a46f65b36cf9d1863821846f32cd08b7f9dd84710f2fa08a1,4,7,20301408,0.4,5.0,hard,265.16727309395685,265.0009414185303,11,0.1,0.1,64869,38578,0.5947062541429651,455,0.0904216766357421,3.1307257500011474,quantized_global_optimum_not_continuous_global_optimum
06ac6393eee7a87a46f65b36cf9d1863821846f32cd08b7f9dd84710f2fa08a1,4,7,20301408,0.4,13.0,hard,265.16727309395685,265.0009414185303,11,0.1,0.1,202197,113796,0.5627976676211813,680,0.2391338348388672,8.342960500041954,quantized_global_optimum_not_continuous_global_optimum
06ac6393eee7a87a46f65b36cf9d1863821846f32cd08b7f9dd84710f2fa08a1,4,7,20301408,0.6,1.5,hard,274.20097748129723,274.1923508684987,5,0.1,0.1,3107,2233,0.7186997103315095,52,0.0150480270385742,0.1952520000049844,quantized_global_optimum_not_continuous_global_optimum
06ac6393eee7a87a46f65b36cf9d1863821846f32cd08b7f9dd84710f2fa08a1,4,7,20301408,0.6,2.0,hard,270.7131487919859,270.70300454119644,6,0.1,0.1,5554,3875,0.6976953546993158,93,0.0217723846435546,0.3092174999183044,quantized_global_optimum_not_continuous_global_optimum
06ac6393eee7a87a46f65b36cf9d1863821846f32cd08b7f9dd84710f2fa08a1,4,7,20301408,0.6,3.0,hard,266.3185533817568,266.2872082515319,9,0.1,0.1,17903,11389,0.6361503658604704,194,0.0385074615478515,0.8559141659643501,quantized_global_optimum_not_continuous_global_optimum
06ac6393eee7a87a46f65b36cf9d1863821846f32cd08b7f9dd84710f2fa08a1,4,7,20301408,0.6,5.0,hard,263.920499225348,263.8322256651002,12,0.1,0.1,64869,38578,0.5947062541429651,455,0.0904521942138671,2.646902499953285,quantized_global_optimum_not_continuous_global_optimum
06ac6393eee7a87a46f65b36cf9d1863821846f32cd08b7f9dd84710f2fa08a1,4,7,20301408,0.6,13.0,hard,263.920499225348,263.8322256651002,12,0.1,0.1,509791,263579,0.5170334509632378,1077,0.4668521881103515,17.312967750011012,quantized_global_optimum_not_continuous_global_optimum
06ac6393eee7a87a46f65b36cf9d1863821846f32cd08b7f9dd84710f2fa08a1,4,7,20301408,0.8,1.5,hard,274.15219303971367,274.14614782263754,5,0.1,0.1,3107,2233,0.7186997103315095,52,0.0150966644287109,0.1697741670068353,quantized_global_optimum_not_continuous_global_optimum
06ac6393eee7a87a46f65b36cf9d1863821846f32cd08b7f9dd84710f2fa08a1,4,7,20301408,0.8,2.0,hard,270.63132432202553,270.6243854351097,6,0.1,0.1,5554,3875,0.6976953546993158,93,0.0217723846435546,0.2873705419478938,quantized_global_optimum_not_continuous_global_optimum
06ac6393eee7a87a46f65b36cf9d1863821846f32cd08b7f9dd84710f2fa08a1,4,7,20301408,0.8,3.0,hard,266.0943395102312,266.0741682491395,9,0.1,0.1,17903,11389,0.6361503658604704,194,0.0385074615478515,0.8316750839585438,quantized_global_optimum_not_continuous_global_optimum
06ac6393eee7a87a46f65b36cf9d1863821846f32cd08b7f9dd84710f2fa08a1,4,7,20301408,0.8,5.0,hard,263.40070872149215,263.3484303547886,12,0.1,0.1,64869,38578,0.5947062541429651,455,0.0904521942138671,3.4538768749916926,quantized_global_optimum_not_continuous_global_optimum
06ac6393eee7a87a46f65b36cf9d1863821846f32cd08b7f9dd84710f2fa08a1,4,7,20301408,0.8,13.0,hard,263.40070872149215,263.3484303547886,12,0.1,0.1,688417,345320,0.5016145737249371,1139,0.4979839324951172,24.54273645801004,quantized_global_optimum_not_continuous_global_optimum
06ac6393eee7a87a46f65b36cf9d1863821846f32cd08b7f9dd84710f2fa08a1,4,7,20301408,1.0,1.5,hard,274.12449127748556,274.1198431580892,5,0.1,0.1,3107,2233,0.7186997103315095,52,0.0150966644287109,0.1770793750183656,quantized_global_optimum_not_continuous_global_optimum
06ac6393eee7a87a46f65b36cf9d1863821846f32cd08b7f9dd84710f2fa08a1,4,7,20301408,1.0,2.0,hard,270.58572874753696,270.58046566507875,6,0.1,0.1,5554,3875,0.6976953546993158,93,0.0217723846435546,0.3012493329588324,quantized_global_optimum_not_continuous_global_optimum
06ac6393eee7a87a46f65b36cf9d1863821846f32cd08b7f9dd84710f2fa08a1,4,7,20301408,1.0,3.0,hard,265.9752977860058,265.96049855724004,9,0.1,0.1,17903,11389,0.6361503658604704,194,0.0385074615478515,0.8449514170642942,quantized_global_optimum_not_continuous_global_optimum
06ac6393eee7a87a46f65b36cf9d1863821846f32cd08b7f9dd84710f2fa08a1,4,7,20301408,1.0,5.0,hard,263.10470540315794,263.0588784316611,13,0.1,0.1,64869,38578,0.5947062541429651,455,0.0904521942138671,2.550006665987894,quantized_global_optimum_not_continuous_global_optimum
06ac6393eee7a87a46f65b36cf9d1863821846f32cd08b7f9dd84710f2fa08a1,4,7,20301408,1.0,13.0,hard,263.10470540315794,263.0588784316611,13,0.1,0.1,688417,345320,0.5016145737249371,1139,0.4979839324951172,21.531082042027265,quantized_global_optimum_not_continuous_global_optimum
06ac6393eee7a87a46f65b36cf9d1863821846f32cd08b7f9dd84710f2fa08a1,4,8,20301505,0.2,1.5,hard,274.97409844852285,274.9543955991156,4,0.1,0.1,2957,2205,0.7456881974974636,52,0.0147609710693359,0.1774788339389488,quantized_global_optimum_not_continuous_global_optimum
06ac6393eee7a87a46f65b36cf9d1863821846f32cd08b7f9dd84710f2fa08a1,4,8,20301505,0.2,2.0,hard,272.6792043578537,272.6099343575616,5,0.1,0.1,5339,3848,0.7207342198913654,88,0.021188735961914,0.255031583015807,quantized_global_optimum_not_continuous_global_optimum
06ac6393eee7a87a46f65b36cf9d1863821846f32cd08b7f9dd84710f2fa08a1,4,8,20301505,0.2,3.0,hard,271.51567672819755,271.2995153111519,7,0.1,0.1,17785,11837,0.6655608658982288,184,0.0380725860595703,0.8565435420023277,quantized_global_optimum_not_continuous_global_optimum
06ac6393eee7a87a46f65b36cf9d1863821846f32cd08b7f9dd84710f2fa08a1,4,8,20301505,0.2,5.0,hard,271.51567672819755,271.2995153111519,7,0.1,0.1,35436,22687,0.6402246303194491,266,0.0502424240112304,1.450973500031978,quantized_global_optimum_not_continuous_global_optimum
06ac6393eee7a87a46f65b36cf9d1863821846f32cd08b7f9dd84710f2fa08a1,4,8,20301505,0.2,13.0,hard,271.51567672819755,271.2995153111519,7,0.1,0.1,35436,22687,0.6402246303194491,266,0.0509014129638671,1.4946670839563012,quantized_global_optimum_not_continuous_global_optimum
06ac6393eee7a87a46f65b36cf9d1863821846f32cd08b7f9dd84710f2fa08a1,4,8,20301505,0.4,1.5,hard,274.62397770226625,274.6179783235822,4,0.1,0.1,2957,2205,0.7456881974974636,52,0.0147609710693359,0.1749328749720007,quantized_global_optimum_not_continuous_global_optimum
06ac6393eee7a87a46f65b36cf9d1863821846f32cd08b7f9dd84710f2fa08a1,4,8,20301505,0.4,2.0,hard,271.8807558873773,271.86468583427524,5,0.1,0.1,5339,3848,0.7207342198913654,88,0.0211658477783203,0.2644867079798132,quantized_global_optimum_not_continuous_global_optimum
06ac6393eee7a87a46f65b36cf9d1863821846f32cd08b7f9dd84710f2fa08a1,4,8,20301505,0.4,3.0,hard,268.28158448029467,268.22916623601793,8,0.1,0.1,17785,11837,0.6655608658982288,184,0.038095474243164,0.7804085420211777,quantized_global_optimum_not_continuous_global_optimum
06ac6393eee7a87a46f65b36cf9d1863821846f32cd08b7f9dd84710f2fa08a1,4,8,20301505,0.4,5.0,hard,267.25866512776184,267.15882925781415,10,0.1,0.1,69364,41748,0.6018684043596102,475,0.0924243927001953,2.550660584005527,quantized_global_optimum_not_continuous_global_optimum
06ac6393eee7a87a46f65b36cf9d1863821846f32cd08b7f9dd84710f2fa08a1,4,8,20301505,0.4,13.0,hard,267.25866512776184,267.15882925781415,10,0.1,0.1,210641,121623,0.5773947142294236,661,0.228799819946289,7.176868624985218,quantized_global_optimum_not_continuous_global_optimum
06ac6393eee7a87a46f65b36cf9d1863821846f32cd08b7f9dd84710f2fa08a1,4,8,20301505,0.6,1.5,hard,274.5395192358123,274.5360466818219,4,0.1,0.1,2957,2205,0.7456881974974636,52,0.0147914886474609,0.1641539999982342,quantized_global_optimum_not_continuous_global_optimum
06ac6393eee7a87a46f65b36cf9d1863821846f32cd08b7f9dd84710f2fa08a1,4,8,20301505,0.6,2.0,hard,271.7187326341521,271.7099786393041,5,0.1,0.1,5339,3848,0.7207342198913654,88,0.021219253540039,0.2786429170519113,quantized_global_optimum_not_continuous_global_optimum
06ac6393eee7a87a46f65b36cf9d1863821846f32cd08b7f9dd84710f2fa08a1,4,8,20301505,0.6,3.0,hard,267.79211773474896,267.76983690252905,8,0.1,0.1,17785,11837,0.6655608658982288,184,0.038125991821289,0.7944917919812724,quantized_global_optimum_not_continuous_global_optimum
06ac6393eee7a87a46f65b36cf9d1863821846f32cd08b7f9dd84710f2fa08a1,4,8,20301505,0.6,5.0,hard,266.16466746682505,266.10222808528937,11,0.1,0.1,69364,41748,0.6018684043596102,475,0.0924549102783203,2.6163757500471547,quantized_global_optimum_not_continuous_global_optimum
06ac6393eee7a87a46f65b36cf9d1863821846f32cd08b7f9dd84710f2fa08a1,4,8,20301505,0.6,13.0,hard,266.16466746682505,266.10222808528937,11,0.1,0.1,497809,269984,0.5423445538349045,860,0.3836498260498047,16.30265312490519,quantized_global_optimum_not_continuous_global_optimum
06ac6393eee7a87a46f65b36cf9d1863821846f32cd08b7f9dd84710f2fa08a1,4,8,20301505,0.8,1.5,hard,274.50151970116895,274.499084245133,4,0.1,0.1,2957,2205,0.7456881974974636,52,0.0147914886474609,0.1669419580139219,quantized_global_optimum_not_continuous_global_optimum
06ac6393eee7a87a46f65b36cf9d1863821846f32cd08b7f9dd84710f2fa08a1,4,8,20301505,0.8,2.0,hard,271.64905224669286,271.6430747193909,5,0.1,0.1,5339,3848,0.7207342198913654,88,0.021219253540039,0.2683491660282016,quantized_global_optimum_not_continuous_global_optimum
06ac6393eee7a87a46f65b36cf9d1863821846f32cd08b7f9dd84710f2fa08a1,4,8,20301505,0.8,3.0,hard,267.5993920472958,267.58500186857674,8,0.1,0.1,17785,11837,0.6655608658982288,184,0.038125991821289,0.8294424579944462,quantized_global_optimum_not_continuous_global_optimum
06ac6393eee7a87a46f65b36cf9d1863821846f32cd08b7f9dd84710f2fa08a1,4,8,20301505,0.8,5.0,hard,265.6956046001922,265.64332623348866,12,0.1,0.1,69364,41748,0.6018684043596102,475,0.0924549102783203,2.939813500037417,quantized_global_optimum_not_continuous_global_optimum
06ac6393eee7a87a46f65b36cf9d1863821846f32cd08b7f9dd84710f2fa08a1,4,8,20301505,0.8,13.0,hard,265.6956046001922,265.64332623348866,12,0.1,0.1,663792,353192,0.5320823390459662,884,0.3957233428955078,21.805822875001468,quantized_global_optimum_not_continuous_global_optimum
06ac6393eee7a87a46f65b36cf9d1863821846f32cd08b7f9dd84710f2fa08a1,4,8,20301505,1.0,1.5,hard,274.47991399775765,274.47804051349436,4,0.1,0.1,2957,2205,0.7456881974974636,52,0.0147914886474609,0.1579125829739496,quantized_global_optimum_not_continuous_global_optimum
06ac6393eee7a87a46f65b36cf9d1863821846f32cd08b7f9dd84710f2fa08a1,4,8,20301505,1.0,2.0,hard,271.6102779634477,271.60574845324385,5,0.1,0.1,5339,3848,0.7207342198913654,88,0.021219253540039,0.2769483340671286,quantized_global_optimum_not_continuous_global_optimum
06ac6393eee7a87a46f65b36cf9d1863821846f32cd08b7f9dd84710f2fa08a1,4,8,20301505,1.0,3.0,hard,267.49673386055093,267.48615571261047,8,0.1,0.1,17785,11837,0.6655608658982288,184,0.038125991821289,0.8147244170540944,quantized_global_optimum_not_continuous_global_optimum
06ac6393eee7a87a46f65b36cf9d1863821846f32cd08b7f9dd84710f2fa08a1,4,8,20301505,1.0,5.0,hard,265.4010580884515,265.3552311169547,13,0.1,0.1,69364,41748,0.6018684043596102,475,0.0924549102783203,2.697252625017427,quantized_global_optimum_not_continuous_global_optimum
06ac6393eee7a87a46f65b36cf9d1863821846f32cd08b7f9dd84710f2fa08a1,4,8,20301505,1.0,13.0,hard,265.4010580884515,265.3552311169547,13,0.1,0.1,663792,353192,0.5320823390459662,884,0.3957233428955078,20.47327158402186,quantized_global_optimum_not_continuous_global_optimum
06ac6393eee7a87a46f65b36cf9d1863821846f32cd08b7f9dd84710f2fa08a1,4,9,20301602,0.2,1.5,hard,275.913896941072,275.8941940916648,4,0.1,0.1,2782,1989,0.7149532710280374,44,0.0135860443115234,0.147442250046879,quantized_global_optimum_not_continuous_global_optimum
06ac6393eee7a87a46f65b36cf9d1863821846f32cd08b7f9dd84710f2fa08a1,4,9,20301602,0.2,2.0,hard,273.90872465940697,273.8303195307051,6,0.1,0.1,4727,3375,0.713983499048022,66,0.0187091827392578,0.2179822500329464,quantized_global_optimum_not_continuous_global_optimum
06ac6393eee7a87a46f65b36cf9d1863821846f32cd08b7f9dd84710f2fa08a1,4,9,20301602,0.2,3.0,hard,273.14017149370403,272.9919074711567,7,0.1,0.1,14035,9880,0.7039543997149982,128,0.0294370651245117,0.561893624952063,quantized_global_optimum_not_continuous_global_optimum
06ac6393eee7a87a46f65b36cf9d1863821846f32cd08b7f9dd84710f2fa08a1,4,9,20301602,0.2,5.0,hard,273.14017149370403,272.9919074711567,7,0.1,0.1,25191,17778,0.70572823627486,166,0.0339488983154296,0.9214274999685584,quantized_global_optimum_not_continuous_global_optimum
06ac6393eee7a87a46f65b36cf9d1863821846f32cd08b7f9dd84710f2fa08a1,4,9,20301602,0.2,13.0,hard,273.14017149370403,272.9919074711567,7,0.1,0.1,25191,17778,0.70572823627486,166,0.0345592498779296,1.012045541894622,quantized_global_optimum_not_continuous_global_optimum
06ac6393eee7a87a46f65b36cf9d1863821846f32cd08b7f9dd84710f2fa08a1,4,9,20301602,0.4,1.5,hard,275.5637761948154,275.55777681613137,4,0.1,0.1,2782,1989,0.7149532710280374,44,0.0135860443115234,0.1594877919415012,quantized_global_optimum_not_continuous_global_optimum
06ac6393eee7a87a46f65b36cf9d1863821846f32cd08b7f9dd84710f2fa08a1,4,9,20301602,0.4,2.0,hard,272.98531699209576,272.9667695633662,6,0.1,0.1,4727,3375,0.713983499048022,66,0.0187091827392578,0.2126776669174432,quantized_global_optimum_not_continuous_global_optimum
06ac6393eee7a87a46f65b36cf9d1863821846f32cd08b7f9dd84710f2fa08a1,4,9,20301602,0.4,3.0,hard,270.26473214074366,270.19823304073407,9,0.1,0.1,14035,9880,0.7039543997149982,128,0.0294170379638671,0.5888483329908922,quantized_global_optimum_not_continuous_global_optimum
06ac6393eee7a87a46f65b36cf9d1863821846f32cd08b7f9dd84710f2fa08a1,4,9,20301602,0.4,5.0,hard,269.77752940579876,269.68674595144375,10,0.1,0.1,44733,30399,0.6795654215009054,249,0.0489940643310546,1.595945458044298,quantized_global_optimum_not_continuous_global_optimum
06ac6393eee7a87a46f65b36cf9d1863821846f32cd08b7f9dd84710f2fa08a1,4,9,20301602,0.4,13.0,hard,269.77752940579876,269.68674595144375,10,0.1,0.1,149331,90227,0.6042081014658711,471,0.0987758636474609,4.49052470899187,quantized_global_optimum_not_continuous_global_optimum
06ac6393eee7a87a46f65b36cf9d1863821846f32cd08b7f9dd84710f2fa08a1,4,9,20301602,0.6,1.5,hard,275.4793177283614,275.4758451743711,4,0.1,0.1,2782,1989,0.7149532710280374,44,0.0136165618896484,0.1422267919406294,quantized_global_optimum_not_continuous_global_optimum
06ac6393eee7a87a46f65b36cf9d1863821846f32cd08b7f9dd84710f2fa08a1,4,9,20301602,0.6,2.0,hard,272.7956217570133,272.7854775062238,6,0.1,0.1,4727,3375,0.713983499048022,66,0.0187397003173828,0.2195424999808892,quantized_global_optimum_not_continuous_global_optimum
06ac6393eee7a87a46f65b36cf9d1863821846f32cd08b7f9dd84710f2fa08a1,4,9,20301602,0.6,3.0,hard,269.6856793034012,269.6543341731763,9,0.1,0.1,14035,9880,0.7039543997149982,128,0.0294475555419921,0.5418227079790086,quantized_global_optimum_not_continuous_global_optimum
06ac6393eee7a87a46f65b36cf9d1863821846f32cd08b7f9dd84710f2fa08a1,4,9,20301602,0.6,5.0,hard,268.91062699858776,268.8555952665547,11,0.1,0.1,44733,30399,0.6795654215009054,249,0.0490245819091796,1.469921916956082,quantized_global_optimum_not_continuous_global_optimum
06ac6393eee7a87a46f65b36cf9d1863821846f32cd08b7f9dd84710f2fa08a1,4,9,20301602,0.6,13.0,hard,268.91062699858776,268.8555952665547,11,0.1,0.1,456677,234853,0.5142650056823532,989,0.4317989349365234,12.324334542034194,quantized_global_optimum_not_continuous_global_optimum
06ac6393eee7a87a46f65b36cf9d1863821846f32cd08b7f9dd84710f2fa08a1,4,9,20301602,0.8,1.5,hard,275.4413181937181,275.4388827376822,4,0.1,0.1,2782,1989,0.7149532710280374,44,0.0136165618896484,0.1343387910164892,quantized_global_optimum_not_continuous_global_optimum
06ac6393eee7a87a46f65b36cf9d1863821846f32cd08b7f9dd84710f2fa08a1,4,9,20301602,0.8,2.0,hard,272.71379728705296,272.70685840013704,6,0.1,0.1,4727,3375,0.713983499048022,66,0.0187397003173828,0.2125727920792997,quantized_global_optimum_not_continuous_global_optimum
06ac6393eee7a87a46f65b36cf9d1863821846f32cd08b7f9dd84710f2fa08a1,4,9,20301602,0.8,3.0,hard,269.4614654318756,269.4412941707839,9,0.1,0.1,14035,9880,0.7039543997149982,128,0.0293989181518554,0.5405465420335531,quantized_global_optimum_not_continuous_global_optimum
06ac6393eee7a87a46f65b36cf9d1863821846f32cd08b7f9dd84710f2fa08a1,4,9,20301602,0.8,5.0,hard,268.4890027594344,268.44156173769676,12,0.1,0.1,44733,30399,0.6795654215009054,249,0.0490245819091796,1.4799911249428988,quantized_global_optimum_not_continuous_global_optimum
06ac6393eee7a87a46f65b36cf9d1863821846f32cd08b7f9dd84710f2fa08a1,4,9,20301602,0.8,13.0,hard,268.4890027594344,268.44156173769676,12,0.1,0.1,668638,323494,0.4838103727278438,1158,0.5015583038330078,17.61390662495978,quantized_global_optimum_not_continuous_global_optimum
06ac6393eee7a87a46f65b36cf9d1863821846f32cd08b7f9dd84710f2fa08a1,4,9,20301602,1.0,1.5,hard,275.4197124903068,275.41783900604355,4,0.1,0.1,2782,1989,0.7149532710280374,44,0.0136165618896484,0.1374337500892579,quantized_global_optimum_not_continuous_global_optimum
06ac6393eee7a87a46f65b36cf9d1863821846f32cd08b7f9dd84710f2fa08a1,4,9,20301602,1.0,2.0,hard,272.6682017125644,272.6629386301061,6,0.1,0.1,4727,3375,0.713983499048022,66,0.0187397003173828,0.2085042919497937,quantized_global_optimum_not_continuous_global_optimum
06ac6393eee7a87a46f65b36cf9d1863821846f32cd08b7f9dd84710f2fa08a1,4,9,20301602,1.0,3.0,hard,269.3424237076502,269.32762447888445,9,0.1,0.1,14035,9880,0.7039543997149982,128,0.0293989181518554,0.5418564580613747,quantized_global_optimum_not_continuous_global_optimum
06ac6393eee7a87a46f65b36cf9d1863821846f32cd08b7f9dd84710f2fa08a1,4,9,20301602,1.0,5.0,hard,268.2027555607591,268.14498076187147,14,0.1,0.1,44733,30399,0.6795654215009054,249,0.0490245819091796,1.4340361669892443,quantized_global_optimum_not_continuous_global_optimum
06ac6393eee7a87a46f65b36cf9d1863821846f32cd08b7f9dd84710f2fa08a1,4,9,20301602,1.0,13.0,hard,268.2027555607591,268.14498076187147,14,0.1,0.1,668638,323494,0.4838103727278438,1158,0.5015583038330078,17.15673070808407,quantized_global_optimum_not_continuous_global_optimum
06ac6393eee7a87a46f65b36cf9d1863821846f32cd08b7f9dd84710f2fa08a1,5,0,20310729,0.2,1.5,hard,270.642266108579,270.62436643051734,5,0.1,0.1,4448,3415,0.7677607913669064,44,0.027475357055664,0.1892068330198526,quantized_global_optimum_not_continuous_global_optimum
06ac6393eee7a87a46f65b36cf9d1863821846f32cd08b7f9dd84710f2fa08a1,5,0,20310729,0.2,2.0,hard,266.71605000175566,266.6440889693219,7,0.1,0.1,10814,8093,0.7483817273904199,75,0.031290054321289,0.3832327920245006,quantized_global_optimum_not_continuous_global_optimum
06ac6393eee7a87a46f65b36cf9d1863821846f32cd08b7f9dd84710f2fa08a1,5,0,20310729,0.2,3.0,hard,264.999915525038,264.7663382089828,9,0.1,0.1,24386,17849,0.7319363569261051,150,0.0548343658447265,0.7733298749662936,quantized_global_optimum_not_continuous_global_optimum
06ac6393eee7a87a46f65b36cf9d1863821846f32cd08b7f9dd84710f2fa08a1,5,0,20310729,0.2,5.0,hard,264.999915525038,264.7663382089828,9,0.1,0.1,40186,28650,0.7129348529338576,198,0.0587825775146484,1.2668368339072913,quantized_global_optimum_not_continuous_global_optimum
06ac6393eee7a87a46f65b36cf9d1863821846f32cd08b7f9dd84710f2fa08a1,5,0,20310729,0.2,13.0,hard,264.999915525038,264.7663382089828,9,0.1,0.1,40186,28650,0.7129348529338576,198,0.0492229461669921,1.3037176659563556,quantized_global_optimum_not_continuous_global_optimum
06ac6393eee7a87a46f65b36cf9d1863821846f32cd08b7f9dd84710f2fa08a1,5,0,20310729,0.4,1.5,hard,270.1317421497792,270.12663664937384,5,0.1,0.1,4448,3415,0.7677607913669064,44,0.0148029327392578,0.1529538750182837,quantized_global_optimum_not_continuous_global_optimum
06ac6393eee7a87a46f65b36cf9d1863821846f32cd08b7f9dd84710f2fa08a1,5,0,20310729,0.4,2.0,hard,265.55616868921686,265.5399006896689,7,0.1,0.1,10814,8093,0.7483817273904199,75,0.0220279693603515,0.3566346250008791,quantized_global_optimum_not_continuous_global_optimum
06ac6393eee7a87a46f65b36cf9d1863821846f32cd08b7f9dd84710f2fa08a1,5,0,20310729,0.4,3.0,hard,260.0459711704956,259.96506567849076,11,0.1,0.1,24386,17849,0.7319363569261051,150,0.0371036529541015,0.7645865419181064,quantized_global_optimum_not_continuous_global_optimum
06ac6393eee7a87a46f65b36cf9d1863821846f32cd08b7f9dd84710f2fa08a1,5,0,20310729,0.4,5.0,hard,256.85154345406767,256.5870170596405,15,0.1,0.1,72590,49704,0.6847224135555862,318,0.0940837860107421,2.357993165962398,quantized_global_optimum_not_continuous_global_optimum
06ac6393eee7a87a46f65b36cf9d1863821846f32cd08b7f9dd84710f2fa08a1,5,0,20310729,0.4,13.0,hard,256.85154345406767,256.5870170596405,15,0.1,0.1,166552,105728,0.6348047456650175,521,0.1591053009033203,5.1192711249459535,quantized_global_optimum_not_continuous_global_optimum
06ac6393eee7a87a46f65b36cf9d1863821846f32cd08b7f9dd84710f2fa08a1,5,0,20310729,0.6,1.5,hard,270.01330059133767,270.01039096189476,5,0.1,0.1,4448,3415,0.7677607913669064,44,0.0148334503173828,0.1557209580205381,quantized_global_optimum_not_continuous_global_optimum
06ac6393eee7a87a46f65b36cf9d1863821846f32cd08b7f9dd84710f2fa08a1,5,0,20310729,0.6,2.0,hard,265.3237287060444,265.314913539835,7,0.1,0.1,10814,8093,0.7483817273904199,75,0.0220584869384765,0.3804883330594748,quantized_global_optimum_not_continuous_global_optimum
06ac6393eee7a87a46f65b36cf9d1863821846f32cd08b7f9dd84710f2fa08a1,5,0,20310729,0.6,3.0,hard,259.24637879218653,259.2095321740577,11,0.1,0.1,24386,17849,0.7319363569261051,150,0.0371570587158203,0.7191383340395987,quantized_global_optimum_not_continuous_global_optimum
06ac6393eee7a87a46f65b36cf9d1863821846f32cd08b7f9dd84710f2fa08a1,5,0,20310729,0.6,5.0,hard,253.32229030516768,253.18356811164355,17,0.1,0.1,72590,49704,0.6847224135555862,318,0.0729618072509765,2.173567125108093,quantized_global_optimum_not_continuous_global_optimum
06ac6393eee7a87a46f65b36cf9d1863821846f32cd08b7f9dd84710f2fa08a1,5,0,20310729,0.6,13.0,hard,253.32229030516768,253.18356811164355,17,0.1,0.1,351343,200720,0.5712935792089212,678,0.3000469207763672,10.51899112504907,quantized_global_optimum_not_continuous_global_optimum
06ac6393eee7a87a46f65b36cf9d1863821846f32cd08b7f9dd84710f2fa08a1,5,0,20310729,0.8,1.5,hard,269.9605838283319,269.9585573228516,5,0.1,0.1,4448,3415,0.7677607913669064,44,0.0148334503173828,0.1587501659523695,quantized_global_optimum_not_continuous_global_optimum
06ac6393eee7a87a46f65b36cf9d1863821846f32cd08b7f9dd84710f2fa08a1,5,0,20310729,0.8,2.0,hard,265.22406415060345,265.21805852220655,7,0.1,0.1,10814,8093,0.7483817273904199,75,0.0220813751220703,0.3589376249583438,quantized_global_optimum_not_continuous_global_optimum
06ac6393eee7a87a46f65b36cf9d1863821846f32cd08b7f9dd84710f2fa08a1,5,0,20310729,0.8,3.0,hard,258.9440067035372,258.9206068620262,11,0.1,0.1,24386,17849,0.7319363569261051,150,0.0371570587158203,0.7474413340678439,quantized_global_optimum_not_continuous_global_optimum
06ac6393eee7a87a46f65b36cf9d1863821846f32cd08b7f9dd84710f2fa08a1,5,0,20310729,0.8,5.0,hard,252.15445928915065,252.0800656540374,17,0.1,0.1,72590,49704,0.6847224135555862,318,0.0729618072509765,2.2248628330416977,quantized_global_optimum_not_continuous_global_optimum
06ac6393eee7a87a46f65b36cf9d1863821846f32cd08b7f9dd84710f2fa08a1,5,0,20310729,0.8,13.0,hard,251.91377181533375,251.80971674718865,19,0.1,0.1,452035,247754,0.5480858783058834,685,0.3132839202880859,14.320948207983747,quantized_global_optimum_not_continuous_global_optimum
06ac6393eee7a87a46f65b36cf9d1863821846f32cd08b7f9dd84710f2fa08a1,5,0,20310729,1.0,1.5,hard,269.93076665468607,269.9292138985085,5,0.1,0.1,4448,3415,0.7677607913669064,44,0.0148334503173828,0.1744742500595748,quantized_global_optimum_not_continuous_global_optimum
06ac6393eee7a87a46f65b36cf9d1863821846f32cd08b7f9dd84710f2fa08a1,5,0,20310729,1.0,2.0,hard,265.16868265228703,265.16413760542633,7,0.1,0.1,10814,8093,0.7483817273904199,75,0.0220813751220703,0.3946519589517265,quantized_global_optimum_not_continuous_global_optimum
06ac6393eee7a87a46f65b36cf9d1863821846f32cd08b7f9dd84710f2fa08a1,5,0,20310729,1.0,3.0,hard,258.78506637944133,258.7680183129774,11,0.1,0.1,24386,17849,0.7319363569261051,150,0.0371570587158203,0.79858345806133,quantized_global_optimum_not_continuous_global_optimum
06ac6393eee7a87a46f65b36cf9d1863821846f32cd08b7f9dd84710f2fa08a1,5,0,20310729,1.0,5.0,hard,251.614916647588,251.5650655814085,17,0.1,0.1,72590,49704,0.6847224135555862,318,0.0729618072509765,2.392830166965723,quantized_global_optimum_not_continuous_global_optimum
06ac6393eee7a87a46f65b36cf9d1863821846f32cd08b7f9dd84710f2fa08a1,5,0,20310729,1.0,13.0,hard,251.21551213727608,251.1382865542676,20,0.1,0.1,452035,247754,0.5480858783058834,685,0.3132839202880859,15.086681165965274,quantized_global_optimum_not_continuous_global_optimum
06ac6393eee7a87a46f65b36cf9d1863821846f32cd08b7f9dd84710f2fa08a1,5,1,20310826,0.2,1.5,hard,270.7781678725259,270.7611175709974,6,0.1,0.1,4728,3807,0.8052030456852792,47,0.0154628753662109,0.1787565828999504,quantized_global_optimum_not_continuous_global_optimum
06ac6393eee7a87a46f65b36cf9d1863821846f32cd08b7f9dd84710f2fa08a1,5,1,20310826,0.2,2.0,hard,267.3749200273254,267.2926788474011,8,0.1,0.1,11074,8643,0.7804767924869063,74,0.0210323333740234,0.3820859999395907,quantized_global_optimum_not_continuous_global_optimum
06ac6393eee7a87a46f65b36cf9d1863821846f32cd08b7f9dd84710f2fa08a1,5,1,20310826,0.2,3.0,hard,266.43391511300234,266.2912889235758,9,0.1,0.1,22994,17119,0.7444985648430025,143,0.0349407196044921,0.7701017919462174,quantized_global_optimum_not_continuous_global_optimum
06ac6393eee7a87a46f65b36cf9d1863821846f32cd08b7f9dd84710f2fa08a1,5,1,20310826,0.2,5.0,hard,266.43391511300234,266.2912889235758,9,0.1,0.1,36427,26335,0.7229527548247179,186,0.0439434051513671,1.2781957080587745,quantized_global_optimum_not_continuous_global_optimum
06ac6393eee7a87a46f65b36cf9d1863821846f32cd08b7f9dd84710f2fa08a1,5,1,20310826,0.2,13.0,hard,266.43391511300234,266.2912889235758,9,0.1,0.1,36427,26335,0.7229527548247179,186,0.0445537567138671,1.3301736250286922,quantized_global_optimum_not_continuous_global_optimum
06ac6393eee7a87a46f65b36cf9d1863821846f32cd08b7f9dd84710f2fa08a1,5,1,20310826,0.4,1.5,hard,270.27316584218147,270.2679121737452,6,0.1,0.1,4728,3807,0.8052030456852792,47,0.0154628753662109,0.1801958750002086,quantized_global_optimum_not_continuous_global_optimum
06ac6393eee7a87a46f65b36cf9d1863821846f32cd08b7f9dd84710f2fa08a1,5,1,20310826,0.4,2.0,hard,266.0493413844239,266.0307493849405,8,0.1,0.1,11074,8643,0.7804767924869063,74,0.0209865570068359,0.3924190000398084,quantized_global_optimum_not_continuous_global_optimum
06ac6393eee7a87a46f65b36cf9d1863821846f32cd08b7f9dd84710f2fa08a1,5,1,20310826,0.4,3.0,hard,261.5233137999777,261.46007648107224,11,0.1,0.1,22994,17119,0.7444985648430025,143,0.0348720550537109,0.81450124992989,quantized_global_optimum_not_continuous_global_optimum
06ac6393eee7a87a46f65b36cf9d1863821846f32cd08b7f9dd84710f2fa08a1,5,1,20310826,0.4,5.0,hard,259.3127866267821,259.0753137677375,15,0.1,0.1,63321,43796,0.6916504793038645,267,0.0599498748779296,2.2604329580208287,quantized_global_optimum_not_continuous_global_optimum
06ac6393eee7a87a46f65b36cf9d1863821846f32cd08b7f9dd84710f2fa08a1,5,1,20310826,0.4,13.0,hard,259.3127866267821,259.0753137677375,15,0.1,0.1,139130,89451,0.642931071659599,392,0.0804471969604492,5.035184000036679,quantized_global_optimum_not_continuous_global_optimum
06ac6393eee7a87a46f65b36cf9d1863821846f32cd08b7f9dd84710f2fa08a1,5,1,20310826,0.6,1.5,hard,270.1501984447217,270.1471487398832,6,0.1,0.1,4728,3807,0.8052030456852792,47,0.0154933929443359,0.1838118330342695,quantized_global_optimum_not_continuous_global_optimum
06ac6393eee7a87a46f65b36cf9d1863821846f32cd08b7f9dd84710f2fa08a1,5,1,20310826,0.6,2.0,hard,265.78369568936967,265.7736212137018,8,0.1,0.1,11074,8643,0.7804767924869063,74,0.0210399627685546,0.4069348750635981,quantized_global_optimum_not_continuous_global_optimum
06ac6393eee7a87a46f65b36cf9d1863821846f32cd08b7f9dd84710f2fa08a1,5,1,20310826,0.6,3.0,hard,260.7708656432957,260.74161165582257,11,0.1,0.1,22994,17119,0.7444985648430025,143,0.0349025726318359,0.802066250005737,quantized_global_optimum_not_continuous_global_optimum
06ac6393eee7a87a46f65b36cf9d1863821846f32cd08b7f9dd84710f2fa08a1,5,1,20310826,0.6,5.0,hard,256.56927817598336,256.438779204451,17,0.1,0.1,63321,43796,0.6916504793038645,267,0.0599803924560546,2.213885540957562,quantized_global_optimum_not_continuous_global_optimum
06ac6393eee7a87a46f65b36cf9d1863821846f32cd08b7f9dd84710f2fa08a1,5,1,20310826,0.6,13.0,hard,256.56927817598336,256.438779204451,17,0.1,0.1,299433,176001,0.587780905912174,603,0.1879482269287109,10.723164375056513,quantized_global_optimum_not_continuous_global_optimum
06ac6393eee7a87a46f65b36cf9d1863821846f32cd08b7f9dd84710f2fa08a1,5,1,20310826,0.8,1.5,hard,270.09472601670814,270.0925843406878,6,0.1,0.1,4728,3807,0.8052030456852792,47,0.0154933929443359,0.1822341670049354,quantized_global_optimum_not_continuous_global_optimum
06ac6393eee7a87a46f65b36cf9d1863821846f32cd08b7f9dd84710f2fa08a1,5,1,20310826,0.8,2.0,hard,265.6697933402943,265.6629297649836,8,0.1,0.1,11074,8643,0.7804767924869063,74,0.0210399627685546,0.3981898329220712,quantized_global_optimum_not_continuous_global_optimum
06ac6393eee7a87a46f65b36cf9d1863821846f32cd08b7f9dd84710f2fa08a1,5,1,20310826,0.8,3.0,hard,260.48289165740505,260.46420223802244,11,0.1,0.1,22994,17119,0.7444985648430025,143,0.0349025726318359,0.8179504999425262,quantized_global_optimum_not_continuous_global_optimum
06ac6393eee7a87a46f65b36cf9d1863821846f32cd08b7f9dd84710f2fa08a1,5,1,20310826,0.8,5.0,hard,255.30056852178,255.2102046259515,18,0.1,0.1,63321,43796,0.6916504793038645,267,0.0599803924560546,2.2483307080110535,quantized_global_optimum_not_continuous_global_optimum
06ac6393eee7a87a46f65b36cf9d1863821846f32cd08b7f9dd84710f2fa08a1,5,1,20310826,0.8,13.0,hard,255.30056852178,255.2102046259515,18,0.1,0.1,401635,225069,0.5603819388250526,786,0.3244495391845703,14.560062124975955,quantized_global_optimum_not_continuous_global_optimum
06ac6393eee7a87a46f65b36cf9d1863821846f32cd08b7f9dd84710f2fa08a1,5,1,20310826,1.0,1.5,hard,270.06314480937334,270.061496096901,6,0.1,0.1,4728,3807,0.8052030456852792,47,0.0154933929443359,0.1878260839730501,quantized_global_optimum_not_continuous_global_optimum
06ac6393eee7a87a46f65b36cf9d1863821846f32cd08b7f9dd84710f2fa08a1,5,1,20310826,1.0,2.0,hard,265.6065001993613,265.6013058600919,8,0.1,0.1,11074,8643,0.7804767924869063,74,0.0210399627685546,0.4209907499607652,quantized_global_optimum_not_continuous_global_optimum
06ac6393eee7a87a46f65b36cf9d1863821846f32cd08b7f9dd84710f2fa08a1,5,1,20310826,1.0,3.0,hard,260.33075445731185,260.31709516025455,11,0.1,0.1,22994,17119,0.7444985648430025,143,0.0349025726318359,0.8430896250065416,quantized_global_optimum_not_continuous_global_optimum
06ac6393eee7a87a46f65b36cf9d1863821846f32cd08b7f9dd84710f2fa08a1,5,1,20310826,1.0,5.0,hard,254.70980450939,254.64951004336103,18,0.1,0.1,63321,43796,0.6916504793038645,267,0.0599803924560546,2.274298124946654,quantized_global_optimum_not_continuous_global_optimum
06ac6393eee7a87a46f65b36cf9d1863821846f32cd08b7f9dd84710f2fa08a1,5,1,20310826,1.0,13.0,hard,254.67499153297152,254.60074312389693,19,0.1,0.1,401635,225069,0.5603819388250526,786,0.3234119415283203,14.534378499956802,quantized_global_optimum_not_continuous_global_optimum
06ac6393eee7a87a46f65b36cf9d1863821846f32cd08b7f9dd84710f2fa08a1,5,2,20310923,0.2,1.5,hard,271.3794506476642,271.36240034613564,6,0.1,0.1,4790,3737,0.7801670146137787,46,0.0153484344482421,0.2077260420192033,quantized_global_optimum_not_continuous_global_optimum
06ac6393eee7a87a46f65b36cf9d1863821846f32cd08b7f9dd84710f2fa08a1,5,2,20310923,0.2,2.0,hard,268.77986759266275,268.69762641273843,8,0.1,0.1,11505,8786,0.7636679704476315,74,0.0218944549560546,0.4271465420024469,quantized_global_optimum_not_continuous_global_optimum
06ac6393eee7a87a46f65b36cf9d1863821846f32cd08b7f9dd84710f2fa08a1,5,2,20310923,0.2,3.0,hard,267.8119486839986,267.669322494572,9,0.1,0.1,24538,18632,0.7593120873746841,130,0.0347318649291992,0.833423167001456,quantized_global_optimum_not_continuous_global_optimum
06ac6393eee7a87a46f65b36cf9d1863821846f32cd08b7f9dd84710f2fa08a1,5,2,20310923,0.2,5.0,hard,267.8119486839986,267.669322494572,9,0.1,0.1,38618,28922,0.7489253715883785,160,0.0403347015380859,1.3201794589404017,quantized_global_optimum_not_continuous_global_optimum
06ac6393eee7a87a46f65b36cf9d1863821846f32cd08b7f9dd84710f2fa08a1,5,2,20310923,0.2,13.0,hard,267.8119486839986,267.669322494572,9,0.1,0.1,38618,28922,0.7489253715883785,160,0.0409450531005859,1.3815864589996636,quantized_global_optimum_not_continuous_global_optimum
06ac6393eee7a87a46f65b36cf9d1863821846f32cd08b7f9dd84710f2fa08a1,5,2,20310923,0.4,1.5,hard,270.8744486173198,270.86919494888343,6,0.1,0.1,4790,3737,0.7801670146137787,46,0.0153484344482421,0.1848273330833763,quantized_global_optimum_not_continuous_global_optimum
06ac6393eee7a87a46f65b36cf9d1863821846f32cd08b7f9dd84710f2fa08a1,5,2,20310923,0.4,2.0,hard,267.45428894976124,267.4356969502779,8,0.1,0.1,11505,8786,0.7636679704476315,74,0.0218944549560546,0.4353991249809041,quantized_global_optimum_not_continuous_global_optimum
06ac6393eee7a87a46f65b36cf9d1863821846f32cd08b7f9dd84710f2fa08a1,5,2,20310923,0.4,3.0,hard,263.22115864956965,263.13289811283704,12,0.1,0.1,24538,18632,0.7593120873746841,130,0.0348033905029296,0.8300020419992507,quantized_global_optimum_not_continuous_global_optimum
06ac6393eee7a87a46f65b36cf9d1863821846f32cd08b7f9dd84710f2fa08a1,5,2,20310923,0.4,5.0,hard,261.95538975265464,261.71974174742166,15,0.1,0.1,65463,47216,0.7212623924965248,241,0.0550556182861328,2.189244791981764,quantized_global_optimum_not_continuous_global_optimum
06ac6393eee7a87a46f65b36cf9d1863821846f32cd08b7f9dd84710f2fa08a1,5,2,20310923,0.4,13.0,hard,261.95538975265464,261.71974174742166,15,0.1,0.1,138402,93718,0.6771433938815913,329,0.0732479095458984,4.686601500026882,quantized_global_optimum_not_continuous_global_optimum
06ac6393eee7a87a46f65b36cf9d1863821846f32cd08b7f9dd84710f2fa08a1,5,2,20310923,0.6,1.5,hard,270.75148121986,270.7484315150215,6,0.1,0.1,4790,3737,0.7801670146137787,46,0.0153789520263671,0.1949896248988807,quantized_global_optimum_not_continuous_global_optimum
06ac6393eee7a87a46f65b36cf9d1863821846f32cd08b7f9dd84710f2fa08a1,5,2,20310923,0.6,2.0,hard,267.188643254707,267.17856877903915,8,0.1,0.1,11505,8786,0.7636679704476315,74,0.0219249725341796,0.4172042919090017,quantized_global_optimum_not_continuous_global_optimum
06ac6393eee7a87a46f65b36cf9d1863821846f32cd08b7f9dd84710f2fa08a1,5,2,20310923,0.6,3.0,hard,262.3488760550506,262.3086797443646,12,0.1,0.1,24538,18632,0.7593120873746841,130,0.0348567962646484,0.8279551670420915,quantized_global_optimum_not_continuous_global_optimum
06ac6393eee7a87a46f65b36cf9d1863821846f32cd08b7f9dd84710f2fa08a1,5,2,20310923,0.6,5.0,hard,259.30749738613156,259.16061506357664,18,0.1,0.1,65463,47216,0.7212623924965248,241,0.0550861358642578,2.1776032090419903,quantized_global_optimum_not_continuous_global_optimum
06ac6393eee7a87a46f65b36cf9d1863821846f32cd08b7f9dd84710f2fa08a1,5,2,20310923,0.6,13.0,hard,259.30749738613156,259.16061506357664,18,0.1,0.1,273611,169423,0.6192112159233364,416,0.1016407012939453,9.145353666972367,quantized_global_optimum_not_continuous_global_optimum
06ac6393eee7a87a46f65b36cf9d1863821846f32cd08b7f9dd84710f2fa08a1,5,2,20310923,0.8,1.5,hard,270.69600879184645,270.69386711582604,6,0.1,0.1,4790,3737,0.7801670146137787,46,0.0153789520263671,0.1882086660480126,quantized_global_optimum_not_continuous_global_optimum
06ac6393eee7a87a46f65b36cf9d1863821846f32cd08b7f9dd84710f2fa08a1,5,2,20310923,0.8,2.0,hard,267.07474090563164,267.0678773303209,8,0.1,0.1,11505,8786,0.7636679704476315,74,0.0219249725341796,0.430228375014849,quantized_global_optimum_not_continuous_global_optimum
06ac6393eee7a87a46f65b36cf9d1863821846f32cd08b7f9dd84710f2fa08a1,5,2,20310923,0.8,3.0,hard,262.0190155947059,261.9934884948757,12,0.1,0.1,24538,18632,0.7593120873746841,130,0.0348567962646484,0.8779819998890162,quantized_global_optimum_not_continuous_global_optimum
06ac6393eee7a87a46f65b36cf9d1863821846f32cd08b7f9dd84710f2fa08a1,5,2,20310923,0.8,5.0,hard,258.04960239399094,257.95923849816245,18,0.1,0.1,65463,47216,0.7212623924965248,241,0.0550861358642578,2.262093875091523,quantized_global_optimum_not_continuous_global_optimum
06ac6393eee7a87a46f65b36cf9d1863821846f32cd08b7f9dd84710f2fa08a1,5,2,20310923,0.8,13.0,hard,257.87107932498157,257.7670242568364,19,0.1,0.1,345193,204914,0.5936215392548516,442,0.1040019989013671,11.527969125076195,quantized_global_optimum_not_continuous_global_optimum
06ac6393eee7a87a46f65b36cf9d1863821846f32cd08b7f9dd84710f2fa08a1,5,2,20310923,1.0,1.5,hard,270.66442758451166,270.66277887203927,6,0.1,0.1,4790,3737,0.7801670146137787,46,0.0153789520263671,0.1935336249880492,quantized_global_optimum_not_continuous_global_optimum
06ac6393eee7a87a46f65b36cf9d1863821846f32cd08b7f9dd84710f2fa08a1,5,2,20310923,1.0,2.0,hard,267.01144776469863,267.00625342542924,8,0.1,0.1,11505,8786,0.7636679704476315,74,0.0219249725341796,0.4423601670423522,quantized_global_optimum_not_continuous_global_optimum
06ac6393eee7a87a46f65b36cf9d1863821846f32cd08b7f9dd84710f2fa08a1,5,2,20310923,1.0,3.0,hard,261.84562615023765,261.82702825954976,12,0.1,0.1,24538,18632,0.7593120873746841,130,0.0348567962646484,0.8430347919929773,quantized_global_optimum_not_continuous_global_optimum
06ac6393eee7a87a46f65b36cf9d1863821846f32cd08b7f9dd84710f2fa08a1,5,2,20310923,1.0,5.0,hard,257.4588383816009,257.39854391557196,18,0.1,0.1,65463,47216,0.7212623924965248,241,0.0550861358642578,2.1704317081021145,quantized_global_optimum_not_continuous_global_optimum
06ac6393eee7a87a46f65b36cf9d1863821846f32cd08b7f9dd84710f2fa08a1,5,2,20310923,1.0,13.0,hard,257.09578888148485,257.0185632984764,20,0.1,0.1,345193,204914,0.5936215392548516,442,0.1040019989013671,11.323148958967067,quantized_global_optimum_not_continuous_global_optimum
06ac6393eee7a87a46f65b36cf9d1863821846f32cd08b7f9dd84710f2fa08a1,5,3,20311020,0.2,1.5,hard,270.1916426340033,270.1745923324748,6,0.1,0.1,4623,3518,0.7609777200951763,44,0.0147953033447265,0.2111375420354306,quantized_global_optimum_not_continuous_global_optimum
06ac6393eee7a87a46f65b36cf9d1863821846f32cd08b7f9dd84710f2fa08a1,5,3,20311020,0.2,2.0,hard,266.7772713376041,266.69503015767975,8,0.1,0.1,11302,8424,0.7453548044593877,74,0.021524429321289,0.4472701250342652,quantized_global_optimum_not_continuous_global_optimum
06ac6393eee7a87a46f65b36cf9d1863821846f32cd08b7f9dd84710f2fa08a1,5,3,20311020,0.2,3.0,hard,265.296644721188,265.03711437001556,10,0.1,0.1,25186,18446,0.7323910108790598,138,0.0352458953857421,0.9254774999571964,quantized_global_optimum_not_continuous_global_optimum
06ac6393eee7a87a46f65b36cf9d1863821846f32cd08b7f9dd84710f2fa08a1,5,3,20311020,0.2,5.0,hard,265.296644721188,265.03711437001556,10,0.1,0.1,41122,29685,0.7218763678809397,186,0.0434703826904296,1.556215584045276,quantized_global_optimum_not_continuous_global_optimum
06ac6393eee7a87a46f65b36cf9d1863821846f32cd08b7f9dd84710f2fa08a1,5,3,20311020,0.2,13.0,hard,265.296644721188,265.03711437001556,10,0.1,0.1,41122,29685,0.7218763678809397,186,0.0440807342529296,1.6297233329387382,quantized_global_optimum_not_continuous_global_optimum
06ac6393eee7a87a46f65b36cf9d1863821846f32cd08b7f9dd84710f2fa08a1,5,3,20311020,0.4,1.5,hard,269.6866406036589,269.6813869352226,6,0.1,0.1,4623,3518,0.7609777200951763,44,0.0147953033447265,0.2030239589512348,quantized_global_optimum_not_continuous_global_optimum
06ac6393eee7a87a46f65b36cf9d1863821846f32cd08b7f9dd84710f2fa08a1,5,3,20311020,0.4,2.0,hard,265.45169269470256,265.4331006952192,8,0.1,0.1,11302,8424,0.7453548044593877,74,0.0215930938720703,0.4556454160483554,quantized_global_optimum_not_continuous_global_optimum
06ac6393eee7a87a46f65b36cf9d1863821846f32cd08b7f9dd84710f2fa08a1,5,3,20311020,0.4,3.0,hard,260.3029606324539,260.25624386647576,11,0.1,0.1,25186,18446,0.7323910108790598,138,0.0352687835693359,0.927192625007592,quantized_global_optimum_not_continuous_global_optimum
06ac6393eee7a87a46f65b36cf9d1863821846f32cd08b7f9dd84710f2fa08a1,5,3,20311020,0.4,5.0,hard,258.1332396748034,257.91934480773364,15,0.1,0.1,72510,50486,0.6962625844711074,295,0.0636920928955078,2.670225583948195,quantized_global_optimum_not_continuous_global_optimum
06ac6393eee7a87a46f65b36cf9d1863821846f32cd08b7f9dd84710f2fa08a1,5,3,20311020,0.4,13.0,hard,258.1332396748034,257.91934480773364,15,0.1,0.1,167093,106513,0.6374474095264314,459,0.0965595245361328,6.3573148750001565,quantized_global_optimum_not_continuous_global_optimum
06ac6393eee7a87a46f65b36cf9d1863821846f32cd08b7f9dd84710f2fa08a1,5,3,20311020,0.6,1.5,hard,269.5636732061991,269.5606235013606,6,0.1,0.1,4623,3518,0.7609777200951763,44,0.0148258209228515,0.1982113750418648,quantized_global_optimum_not_continuous_global_optimum
06ac6393eee7a87a46f65b36cf9d1863821846f32cd08b7f9dd84710f2fa08a1,5,3,20311020,0.6,2.0,hard,265.18604699964834,265.1759725239805,8,0.1,0.1,11302,8424,0.7453548044593877,74,0.0216236114501953,0.4618586249416694,quantized_global_optimum_not_continuous_global_optimum
06ac6393eee7a87a46f65b36cf9d1863821846f32cd08b7f9dd84710f2fa08a1,5,3,20311020,0.6,3.0,hard,259.59522938681306,259.5732865045106,11,0.1,0.1,25186,18446,0.7323910108790598,138,0.0352506637573242,0.9305969160050154,quantized_global_optimum_not_continuous_global_optimum
06ac6393eee7a87a46f65b36cf9d1863821846f32cd08b7f9dd84710f2fa08a1,5,3,20311020,0.6,5.0,hard,255.2597544073544,255.11712746774924,17,0.1,0.1,72510,50486,0.6962625844711074,295,0.0637226104736328,2.653995040920563,quantized_global_optimum_not_continuous_global_optimum
06ac6393eee7a87a46f65b36cf9d1863821846f32cd08b7f9dd84710f2fa08a1,5,3,20311020,0.6,13.0,hard,255.2597544073544,255.11712746774924,17,0.1,0.1,350852,200306,0.570913091559974,612,0.2328777313232422,12.879319124971516,quantized_global_optimum_not_continuous_global_optimum
06ac6393eee7a87a46f65b36cf9d1863821846f32cd08b7f9dd84710f2fa08a1,5,3,20311020,0.8,1.5,hard,269.50820077818554,269.5060591021652,6,0.1,0.1,4623,3518,0.7609777200951763,44,0.0148258209228515,0.2044608750147745,quantized_global_optimum_not_continuous_global_optimum
06ac6393eee7a87a46f65b36cf9d1863821846f32cd08b7f9dd84710f2fa08a1,5,3,20311020,0.8,2.0,hard,265.07214465057297,265.06528107526225,8,0.1,0.1,11302,8424,0.7453548044593877,74,0.0216236114501953,0.4755215409677475,quantized_global_optimum_not_continuous_global_optimum
06ac6393eee7a87a46f65b36cf9d1863821846f32cd08b7f9dd84710f2fa08a1,5,3,20311020,0.8,3.0,hard,259.321190210504,259.30708896423454,11,0.1,0.1,25186,18446,0.7323910108790598,138,0.0352993011474609,0.9758832500083372,quantized_global_optimum_not_continuous_global_optimum
06ac6393eee7a87a46f65b36cf9d1863821846f32cd08b7f9dd84710f2fa08a1,5,3,20311020,0.8,5.0,hard,254.04196331784348,253.95159942201497,18,0.1,0.1,72510,50486,0.6962625844711074,295,0.0637226104736328,2.6964283341076225,quantized_global_optimum_not_continuous_global_optimum
06ac6393eee7a87a46f65b36cf9d1863821846f32cd08b7f9dd84710f2fa08a1,5,3,20311020,0.8,13.0,hard,254.01111780498957,253.90706273684444,19,0.1,0.1,445601,243282,0.5459637657904718,633,0.2757015228271484,16.56883295904845,quantized_global_optimum_not_continuous_global_optimum
06ac6393eee7a87a46f65b36cf9d1863821846f32cd08b7f9dd84710f2fa08a1,5,3,20311020,1.0,1.5,hard,269.47661957085074,269.4749708583784,6,0.1,0.1,4623,3518,0.7609777200951763,44,0.0148258209228515,0.2261535410070791,quantized_global_optimum_not_continuous_global_optimum
06ac6393eee7a87a46f65b36cf9d1863821846f32cd08b7f9dd84710f2fa08a1,5,3,20311020,1.0,2.0,hard,265.00885150963995,265.00365717037056,8,0.1,0.1,11302,8424,0.7453548044593877,74,0.0216236114501953,0.4652775840368122,quantized_global_optimum_not_continuous_global_optimum
06ac6393eee7a87a46f65b36cf9d1863821846f32cd08b7f9dd84710f2fa08a1,5,3,20311020,1.0,3.0,hard,259.17569476978406,259.1653565874872,11,0.1,0.1,25186,18446,0.7323910108790598,138,0.0352764129638671,0.9376984579721466,quantized_global_optimum_not_continuous_global_optimum
06ac6393eee7a87a46f65b36cf9d1863821846f32cd08b7f9dd84710f2fa08a1,5,3,20311020,1.0,5.0,hard,253.45119930545343,253.3909048394245,18,0.1,0.1,72510,50486,0.6962625844711074,295,0.0637226104736328,2.7211191670503467,quantized_global_optimum_not_continuous_global_optimum
06ac6393eee7a87a46f65b36cf9d1863821846f32cd08b7f9dd84710f2fa08a1,5,3,20311020,1.0,13.0,hard,253.26767669094025,253.19045110793172,20,0.1,0.1,445601,243282,0.5459637657904718,633,0.2757015228271484,17.791450915974565,quantized_global_optimum_not_continuous_global_optimum
06ac6393eee7a87a46f65b36cf9d1863821846f32cd08b7f9dd84710f2fa08a1,5,4,20311117,0.2,1.5,hard,270.96323533510474,270.9461850335762,6,0.1,0.1,4629,3627,0.7835385612443292,43,0.0144786834716796,0.205132083967328,quantized_global_optimum_not_continuous_global_optimum
06ac6393eee7a87a46f65b36cf9d1863821846f32cd08b7f9dd84710f2fa08a1,5,4,20311117,0.2,2.0,hard,267.3605044178938,267.2782632379695,8,0.1,0.1,11064,8474,0.7659074475777295,67,0.0205402374267578,0.4107400419889018,quantized_global_optimum_not_continuous_global_optimum
06ac6393eee7a87a46f65b36cf9d1863821846f32cd08b7f9dd84710f2fa08a1,5,4,20311117,0.2,3.0,hard,266.0038502443214,265.744319893149,10,0.1,0.1,23341,17449,0.7475686560130242,124,0.033034324645996,0.8553774580359459,quantized_global_optimum_not_continuous_global_optimum
06ac6393eee7a87a46f65b36cf9d1863821846f32cd08b7f9dd84710f2fa08a1,5,4,20311117,0.2,5.0,hard,266.0038502443214,265.744319893149,10,0.1,0.1,37024,27135,0.7329029818496111,159,0.040140151977539,1.3439072499750182,quantized_global_optimum_not_continuous_global_optimum
06ac6393eee7a87a46f65b36cf9d1863821846f32cd08b7f9dd84710f2fa08a1,5,4,20311117,0.2,13.0,hard,266.0038502443214,265.744319893149,10,0.1,0.1,37024,27135,0.7329029818496111,159,0.040750503540039,1.360793250030838,quantized_global_optimum_not_continuous_global_optimum
06ac6393eee7a87a46f65b36cf9d1863821846f32cd08b7f9dd84710f2fa08a1,5,4,20311117,0.4,1.5,hard,270.4582333047603,270.452979636324,6,0.1,0.1,4629,3627,0.7835385612443292,43,0.0144300460815429,0.1870061249937862,quantized_global_optimum_not_continuous_global_optimum
06ac6393eee7a87a46f65b36cf9d1863821846f32cd08b7f9dd84710f2fa08a1,5,4,20311117,0.4,2.0,hard,266.0349257749923,266.01633377550894,8,0.1,0.1,11064,8474,0.7659074475777295,67,0.0205860137939453,0.4050425830064341,quantized_global_optimum_not_continuous_global_optimum
06ac6393eee7a87a46f65b36cf9d1863821846f32cd08b7f9dd84710f2fa08a1,5,4,20311117,0.4,3.0,hard,261.0278217239042,260.96458440499873,11,0.1,0.1,23341,17449,0.7475686560130242,124,0.033060073852539,0.7996497499989346,quantized_global_optimum_not_continuous_global_optimum
06ac6393eee7a87a46f65b36cf9d1863821846f32cd08b7f9dd84710f2fa08a1,5,4,20311117,0.4,5.0,hard,258.5681946792238,258.35429981215395,15,0.1,0.1,62887,44609,0.7093516943088397,235,0.054056167602539,2.266902209026739,quantized_global_optimum_not_continuous_global_optimum
06ac6393eee7a87a46f65b36cf9d1863821846f32cd08b7f9dd84710f2fa08a1,5,4,20311117,0.4,13.0,hard,258.5681946792238,258.35429981215395,15,0.1,0.1,135188,90228,0.6674261029085422,369,0.0760631561279296,5.44867720908951,quantized_global_optimum_not_continuous_global_optimum
06ac6393eee7a87a46f65b36cf9d1863821846f32cd08b7f9dd84710f2fa08a1,5,4,20311117,0.6,1.5,hard,270.33526590730054,270.33221620246206,6,0.1,0.1,4629,3627,0.7835385612443292,43,0.0145092010498046,0.2062649589497596,quantized_global_optimum_not_continuous_global_optimum
06ac6393eee7a87a46f65b36cf9d1863821846f32cd08b7f9dd84710f2fa08a1,5,4,20311117,0.6,2.0,hard,265.7692800799381,265.7592056042702,8,0.1,0.1,11064,8474,0.7659074475777295,67,0.0206165313720703,0.4111806660657748,quantized_global_optimum_not_continuous_global_optimum
06ac6393eee7a87a46f65b36cf9d1863821846f32cd08b7f9dd84710f2fa08a1,5,4,20311117,0.6,3.0,hard,260.2753735672222,260.24611957974906,11,0.1,0.1,23341,17449,0.7475686560130242,124,0.033090591430664,0.8162344580050558,quantized_global_optimum_not_continuous_global_optimum
06ac6393eee7a87a46f65b36cf9d1863821846f32cd08b7f9dd84710f2fa08a1,5,4,20311117,0.6,5.0,hard,255.60716890491196,255.47418360723287,18,0.1,0.1,62887,44609,0.7093516943088397,235,0.054086685180664,2.1799869999522343,quantized_global_optimum_not_continuous_global_optimum
06ac6393eee7a87a46f65b36cf9d1863821846f32cd08b7f9dd84710f2fa08a1,5,4,20311117,0.6,13.0,hard,255.60716890491196,255.47418360723287,18,0.1,0.1,276062,167622,0.6071896892726996,453,0.1065349578857421,9.687516457983293,quantized_global_optimum_not_continuous_global_optimum
06ac6393eee7a87a46f65b36cf9d1863821846f32cd08b7f9dd84710f2fa08a1,5,4,20311117,0.8,1.5,hard,270.279793479287,270.2776518032666,6,0.1,0.1,4629,3627,0.7835385612443292,43,0.0145092010498046,0.2047357499832287,quantized_global_optimum_not_continuous_global_optimum
06ac6393eee7a87a46f65b36cf9d1863821846f32cd08b7f9dd84710f2fa08a1,5,4,20311117,0.8,2.0,hard,265.6553777308627,265.648514155552,8,0.1,0.1,11064,8474,0.7659074475777295,67,0.0206165313720703,0.4404497090727091,quantized_global_optimum_not_continuous_global_optimum
06ac6393eee7a87a46f65b36cf9d1863821846f32cd08b7f9dd84710f2fa08a1,5,4,20311117,0.8,3.0,hard,259.98739958133154,259.96871016194893,11,0.1,0.1,23341,17449,0.7475686560130242,124,0.033090591430664,0.923341958085075,quantized_global_optimum_not_continuous_global_optimum
06ac6393eee7a87a46f65b36cf9d1863821846f32cd08b7f9dd84710f2fa08a1,5,4,20311117,0.8,5.0,hard,254.33632425514196,254.2655409510538,18,0.1,0.1,62887,44609,0.7093516943088397,235,0.054086685180664,2.1645698330830783,quantized_global_optimum_not_continuous_global_optimum
06ac6393eee7a87a46f65b36cf9d1863821846f32cd08b7f9dd84710f2fa08a1,5,4,20311117,0.8,13.0,hard,254.08740298997415,253.9825149831857,20,0.1,0.1,353913,206589,0.5837282043892142,505,0.1184749603271484,12.164288667030632,quantized_global_optimum_not_continuous_global_optimum
06ac6393eee7a87a46f65b36cf9d1863821846f32cd08b7f9dd84710f2fa08a1,5,4,20311117,1.0,1.5,hard,270.2482122719522,270.24656355947985,6,0.1,0.1,4629,3627,0.7835385612443292,43,0.0145092010498046,0.1854531250428408,quantized_global_optimum_not_continuous_global_optimum
06ac6393eee7a87a46f65b36cf9d1863821846f32cd08b7f9dd84710f2fa08a1,5,4,20311117,1.0,2.0,hard,265.5920845899297,265.5868902506603,8,0.1,0.1,11064,8474,0.7659074475777295,67,0.0206165313720703,0.4137491249712184,quantized_global_optimum_not_continuous_global_optimum
06ac6393eee7a87a46f65b36cf9d1863821846f32cd08b7f9dd84710f2fa08a1,5,4,20311117,1.0,3.0,hard,259.83526238123835,259.82160308418105,11,0.1,0.1,23341,17449,0.7475686560130242,124,0.033090591430664,0.8007660830626264,quantized_global_optimum_not_continuous_global_optimum
06ac6393eee7a87a46f65b36cf9d1863821846f32cd08b7f9dd84710f2fa08a1,5,4,20311117,1.0,5.0,hard,253.75211336481544,253.70484636846336,18,0.1,0.1,62887,44609,0.7093516943088397,235,0.054086685180664,2.1391858749557287,quantized_global_optimum_not_continuous_global_optimum
06ac6393eee7a87a46f65b36cf9d1863821846f32cd08b7f9dd84710f2fa08a1,5,4,20311117,1.0,13.0,hard,253.2099814390185,253.12289351609456,21,0.1,0.1,353913,206589,0.5837282043892142,505,0.1184749603271484,11.499482000013812,quantized_global_optimum_not_continuous_global_optimum
06ac6393eee7a87a46f65b36cf9d1863821846f32cd08b7f9dd84710f2fa08a1,5,5,20311214,0.2,1.5,hard,270.52855952710155,270.511509225573,6,0.1,0.1,4967,3677,0.7402858868532314,44,0.0148115158081054,0.1965919589856639,quantized_global_optimum_not_continuous_global_optimum
06ac6393eee7a87a46f65b36cf9d1863821846f32cd08b7f9dd84710f2fa08a1,5,5,20311214,0.2,2.0,hard,266.8533900248153,266.78142899238156,7,0.1,0.1,11491,8418,0.7325733182490645,63,0.0201292037963867,0.4193714580032974,quantized_global_optimum_not_continuous_global_optimum
06ac6393eee7a87a46f65b36cf9d1863821846f32cd08b7f9dd84710f2fa08a1,5,5,20311214,0.2,3.0,hard,264.741155588628,264.5603340569733,9,0.1,0.1,24026,17486,0.7277948888703905,117,0.0321483612060546,0.8044710829854012,quantized_global_optimum_not_continuous_global_optimum
06ac6393eee7a87a46f65b36cf9d1863821846f32cd08b7f9dd84710f2fa08a1,5,5,20311214,0.2,5.0,hard,264.741155588628,264.5603340569733,9,0.1,0.1,38340,27517,0.7177099634846114,147,0.038675308227539,1.2770297499373555,quantized_global_optimum_not_continuous_global_optimum
06ac6393eee7a87a46f65b36cf9d1863821846f32cd08b7f9dd84710f2fa08a1,5,5,20311214,0.2,13.0,hard,264.741155588628,264.5603340569733,9,0.1,0.1,38340,27517,0.7177099634846114,147,0.039285659790039,1.3625865840585902,quantized_global_optimum_not_continuous_global_optimum
06ac6393eee7a87a46f65b36cf9d1863821846f32cd08b7f9dd84710f2fa08a1,5,5,20311214,0.4,1.5,hard,270.0235574967571,270.01830382832077,6,0.1,0.1,4967,3677,0.7402858868532314,44,0.0148601531982421,0.1915718339150771,quantized_global_optimum_not_continuous_global_optimum
06ac6393eee7a87a46f65b36cf9d1863821846f32cd08b7f9dd84710f2fa08a1,5,5,20311214,0.4,2.0,hard,265.6485392268824,265.62994722739904,8,0.1,0.1,11491,8418,0.7325733182490645,63,0.0201778411865234,0.4253562500234693,quantized_global_optimum_not_continuous_global_optimum
06ac6393eee7a87a46f65b36cf9d1863821846f32cd08b7f9dd84710f2fa08a1,5,5,20311214,0.4,3.0,hard,259.6271023483128,259.56386502940734,11,0.1,0.1,24026,17486,0.7277948888703905,117,0.0321025848388671,0.7997880419716239,quantized_global_optimum_not_continuous_global_optimum
06ac6393eee7a87a46f65b36cf9d1863821846f32cd08b7f9dd84710f2fa08a1,5,5,20311214,0.4,5.0,hard,256.68125368549113,256.49093891004213,15,0.1,0.1,66128,46281,0.6998699491894508,226,0.0532360076904296,2.200438375002705,quantized_global_optimum_not_continuous_global_optimum
06ac6393eee7a87a46f65b36cf9d1863821846f32cd08b7f9dd84710f2fa08a1,5,5,20311214,0.4,13.0,hard,256.68125368549113,256.49093891004213,15,0.1,0.1,142454,95820,0.6726381849579514,325,0.0764331817626953,4.8665555419866,quantized_global_optimum_not_continuous_global_optimum
06ac6393eee7a87a46f65b36cf9d1863821846f32cd08b7f9dd84710f2fa08a1,5,5,20311214,0.6,1.5,hard,269.90059009929735,269.8975403944588,6,0.1,0.1,4967,3677,0.7402858868532314,44,0.0148906707763671,0.19579549995251,quantized_global_optimum_not_continuous_global_optimum
06ac6393eee7a87a46f65b36cf9d1863821846f32cd08b7f9dd84710f2fa08a1,5,5,20311214,0.6,2.0,hard,265.3828935318282,265.3728190561603,8,0.1,0.1,11491,8418,0.7325733182490645,63,0.0202312469482421,0.4361944580450654,quantized_global_optimum_not_continuous_global_optimum
06ac6393eee7a87a46f65b36cf9d1863821846f32cd08b7f9dd84710f2fa08a1,5,5,20311214,0.6,3.0,hard,258.8746541916308,258.84540020415767,11,0.1,0.1,24026,17486,0.7277948888703905,117,0.0321559906005859,0.8366216670256108,quantized_global_optimum_not_continuous_global_optimum
06ac6393eee7a87a46f65b36cf9d1863821846f32cd08b7f9dd84710f2fa08a1,5,5,20311214,0.6,5.0,hard,253.49580121123827,253.37794947533288,17,0.1,0.1,66128,46281,0.6998699491894508,226,0.0532665252685546,2.177960083936341,quantized_global_optimum_not_continuous_global_optimum
06ac6393eee7a87a46f65b36cf9d1863821846f32cd08b7f9dd84710f2fa08a1,5,5,20311214,0.6,13.0,hard,253.49580121123827,253.37794947533288,17,0.1,0.1,286791,176696,0.6161141737362749,488,0.1122503280639648,9.43457683303859,quantized_global_optimum_not_continuous_global_optimum
06ac6393eee7a87a46f65b36cf9d1863821846f32cd08b7f9dd84710f2fa08a1,5,5,20311214,0.8,1.5,hard,269.8451176712838,269.8429759952634,6,0.1,0.1,4967,3677,0.7402858868532314,44,0.0148906707763671,0.1939817080274224,quantized_global_optimum_not_continuous_global_optimum
06ac6393eee7a87a46f65b36cf9d1863821846f32cd08b7f9dd84710f2fa08a1,5,5,20311214,0.8,2.0,hard,265.2689911827528,265.2621276074421,8,0.1,0.1,11491,8418,0.7325733182490645,63,0.0202083587646484,0.4228177500190213,quantized_global_optimum_not_continuous_global_optimum
06ac6393eee7a87a46f65b36cf9d1863821846f32cd08b7f9dd84710f2fa08a1,5,5,20311214,0.8,3.0,hard,258.58668020574015,258.56799078635754,11,0.1,0.1,24026,17486,0.7277948888703905,117,0.0321559906005859,0.8075855419738218,quantized_global_optimum_not_continuous_global_optimum
06ac6393eee7a87a46f65b36cf9d1863821846f32cd08b7f9dd84710f2fa08a1,5,5,20311214,0.8,5.0,hard,252.37502568354444,252.3112497092708,17,0.1,0.1,66128,46281,0.6998699491894508,226,0.0532178878784179,2.160017416928895,quantized_global_optimum_not_continuous_global_optimum
06ac6393eee7a87a46f65b36cf9d1863821846f32cd08b7f9dd84710f2fa08a1,5,5,20311214,0.8,13.0,hard,252.06464804283345,251.9694417309079,19,0.1,0.1,369471,216141,0.5850012585561519,550,0.1731014251708984,13.91354533401318,quantized_global_optimum_not_continuous_global_optimum
06ac6393eee7a87a46f65b36cf9d1863821846f32cd08b7f9dd84710f2fa08a1,5,5,20311214,1.0,1.5,hard,269.813536463949,269.8118877514766,6,0.1,0.1,4967,3677,0.7402858868532314,44,0.0148906707763671,0.6145576660055667,quantized_global_optimum_not_continuous_global_optimum
06ac6393eee7a87a46f65b36cf9d1863821846f32cd08b7f9dd84710f2fa08a1,5,5,20311214,1.0,2.0,hard,265.2056980418198,265.2005037025504,8,0.1,0.1,11491,8418,0.7325733182490645,63,0.0202083587646484,0.4719792080577463,quantized_global_optimum_not_continuous_global_optimum
06ac6393eee7a87a46f65b36cf9d1863821846f32cd08b7f9dd84710f2fa08a1,5,5,20311214,1.0,3.0,hard,258.43454300564696,258.42088370858966,11,0.1,0.1,24026,17486,0.7277948888703905,117,0.0321559906005859,0.882693332969211,quantized_global_optimum_not_continuous_global_optimum
06ac6393eee7a87a46f65b36cf9d1863821846f32cd08b7f9dd84710f2fa08a1,5,5,20311214,1.0,5.0,hard,251.85339510884427,251.81047840407777,17,0.1,0.1,66128,46281,0.6998699491894508,226,0.0532665252685546,2.387595875072293,quantized_global_optimum_not_continuous_global_optimum
06ac6393eee7a87a46f65b36cf9d1863821846f32cd08b7f9dd84710f2fa08a1,5,5,20311214,1.0,13.0,hard,251.2793951041497,251.18913133451636,21,0.1,0.1,369471,216141,0.5850012585561519,550,0.1731014251708984,13.931105958065018,quantized_global_optimum_not_continuous_global_optimum
06ac6393eee7a87a46f65b36cf9d1863821846f32cd08b7f9dd84710f2fa08a1,5,6,20311311,0.2,1.5,hard,271.0190012592115,271.00195095768294,6,0.1,0.1,4624,3617,0.7822231833910035,47,0.015298843383789,0.2474054590566083,quantized_global_optimum_not_continuous_global_optimum
06ac6393eee7a87a46f65b36cf9d1863821846f32cd08b7f9dd84710f2fa08a1,5,6,20311311,0.2,2.0,hard,268.1583559812458,268.0761148013214,8,0.1,0.1,11178,8511,0.761406333870102,76,0.0221538543701171,0.512470709043555,quantized_global_optimum_not_continuous_global_optimum
06ac6393eee7a87a46f65b36cf9d1863821846f32cd08b7f9dd84710f2fa08a1,5,6,20311311,0.2,3.0,hard,266.91783199763273,266.7019944673236,9,0.1,0.1,23895,17765,0.7434609750993931,134,0.0343303680419921,0.9032226669369264,quantized_global_optimum_not_continuous_global_optimum
06ac6393eee7a87a46f65b36cf9d1863821846f32cd08b7f9dd84710f2fa08a1,5,6,20311311,0.2,5.0,hard,266.91783199763273,266.7019944673236,9,0.1,0.1,38349,28080,0.7322224829852148,176,0.0433979034423828,1.5314402079675349,quantized_global_optimum_not_continuous_global_optimum
06ac6393eee7a87a46f65b36cf9d1863821846f32cd08b7f9dd84710f2fa08a1,5,6,20311311,0.2,13.0,hard,266.91783199763273,266.7019944673236,9,0.1,0.1,38349,28080,0.7322224829852148,176,0.043959617614746,1.7342693749815226,quantized_global_optimum_not_continuous_global_optimum
06ac6393eee7a87a46f65b36cf9d1863821846f32cd08b7f9dd84710f2fa08a1,5,6,20311311,0.4,1.5,hard,270.5139992288671,270.5087455604307,6,0.1,0.1,4624,3617,0.7822231833910035,47,0.015298843383789,0.2212189589627087,quantized_global_optimum_not_continuous_global_optimum
06ac6393eee7a87a46f65b36cf9d1863821846f32cd08b7f9dd84710f2fa08a1,5,6,20311311,0.4,2.0,hard,266.8327773383443,266.81418533886085,8,0.1,0.1,11178,8511,0.761406333870102,76,0.0221538543701171,0.7831444169860333,quantized_global_optimum_not_continuous_global_optimum
06ac6393eee7a87a46f65b36cf9d1863821846f32cd08b7f9dd84710f2fa08a1,5,6,20311311,0.4,3.0,hard,262.31771069937844,262.254473380473,11,0.1,0.1,23895,17765,0.7434609750993931,134,0.0342588424682617,1.520096000051126,quantized_global_optimum_not_continuous_global_optimum
06ac6393eee7a87a46f65b36cf9d1863821846f32cd08b7f9dd84710f2fa08a1,5,6,20311311,0.4,5.0,hard,260.8566317852878,260.6762773269958,14,0.1,0.1,67816,47775,0.7044797687861272,284,0.0629405975341796,2.9609174580546096,quantized_global_optimum_not_continuous_global_optimum
06ac6393eee7a87a46f65b36cf9d1863821846f32cd08b7f9dd84710f2fa08a1,5,6,20311311,0.4,13.0,hard,260.8566317852878,260.6762773269958,14,0.1,0.1,154220,100055,0.648780962261704,434,0.0918292999267578,6.6418838339159265,quantized_global_optimum_not_continuous_global_optimum
06ac6393eee7a87a46f65b36cf9d1863821846f32cd08b7f9dd84710f2fa08a1,5,6,20311311,0.6,1.5,hard,270.3910318314073,270.3879821265688,6,0.1,0.1,4624,3617,0.7822231833910035,47,0.015329360961914,0.2174776670290157,quantized_global_optimum_not_continuous_global_optimum
06ac6393eee7a87a46f65b36cf9d1863821846f32cd08b7f9dd84710f2fa08a1,5,6,20311311,0.6,2.0,hard,266.56713164329005,266.55705716762213,8,0.1,0.1,11178,8511,0.761406333870102,76,0.0221357345581054,0.4694310830673203,quantized_global_optimum_not_continuous_global_optimum
06ac6393eee7a87a46f65b36cf9d1863821846f32cd08b7f9dd84710f2fa08a1,5,6,20311311,0.6,3.0,hard,261.5652625426964,261.5360085552233,11,0.1,0.1,23895,17765,0.7434609750993931,134,0.0342693328857421,0.9887370000360534,quantized_global_optimum_not_continuous_global_optimum
06ac6393eee7a87a46f65b36cf9d1863821846f32cd08b7f9dd84710f2fa08a1,5,6,20311311,0.6,5.0,hard,258.471088206314,258.36216745799624,16,0.1,0.1,67816,47775,0.7044797687861272,284,0.0629224777221679,3.239040332962759,quantized_global_optimum_not_continuous_global_optimum
06ac6393eee7a87a46f65b36cf9d1863821846f32cd08b7f9dd84710f2fa08a1,5,6,20311311,0.6,13.0,hard,258.471088206314,258.36216745799624,16,0.1,0.1,321681,186105,0.5785389873819095,566,0.1755580902099609,13.355328417033888,quantized_global_optimum_not_continuous_global_optimum
06ac6393eee7a87a46f65b36cf9d1863821846f32cd08b7f9dd84710f2fa08a1,5,6,20311311,0.8,1.5,hard,270.33555940339375,270.33341772737333,6,0.1,0.1,4624,3617,0.7822231833910035,47,0.015329360961914,0.2121367499930784,quantized_global_optimum_not_continuous_global_optimum
06ac6393eee7a87a46f65b36cf9d1863821846f32cd08b7f9dd84710f2fa08a1,5,6,20311311,0.8,2.0,hard,266.4532292942147,266.4463657189039,8,0.1,0.1,11178,8511,0.761406333870102,76,0.0221843719482421,0.4800661659101024,quantized_global_optimum_not_continuous_global_optimum
06ac6393eee7a87a46f65b36cf9d1863821846f32cd08b7f9dd84710f2fa08a1,5,6,20311311,0.8,3.0,hard,261.2772885568058,261.2585991374232,11,0.1,0.1,23895,17765,0.7434609750993931,134,0.0342206954956054,0.951468167011626,quantized_global_optimum_not_continuous_global_optimum
06ac6393eee7a87a46f65b36cf9d1863821846f32cd08b7f9dd84710f2fa08a1,5,6,20311311,0.8,5.0,hard,257.37799435131933,257.2876304554908,18,0.1,0.1,67816,47775,0.7044797687861272,284,0.0629711151123046,2.590131707955152,quantized_global_optimum_not_continuous_global_optimum
06ac6393eee7a87a46f65b36cf9d1863821846f32cd08b7f9dd84710f2fa08a1,5,6,20311311,0.8,13.0,hard,257.349351615417,257.24702887740557,18,0.1,0.1,407808,225272,0.5523972065285625,566,0.204568862915039,15.427942332928067,quantized_global_optimum_not_continuous_global_optimum
06ac6393eee7a87a46f65b36cf9d1863821846f32cd08b7f9dd84710f2fa08a1,5,6,20311311,1.0,1.5,hard,270.30397819605895,270.30232948358656,6,0.1,0.1,4624,3617,0.7822231833910035,47,0.015329360961914,0.2102283750427886,quantized_global_optimum_not_continuous_global_optimum
06ac6393eee7a87a46f65b36cf9d1863821846f32cd08b7f9dd84710f2fa08a1,5,6,20311311,1.0,2.0,hard,266.38993615328167,266.3847418140122,8,0.1,0.1,11178,8511,0.761406333870102,76,0.0221357345581054,0.4676651670597493,quantized_global_optimum_not_continuous_global_optimum
06ac6393eee7a87a46f65b36cf9d1863821846f32cd08b7f9dd84710f2fa08a1,5,6,20311311,1.0,3.0,hard,261.1251513567126,261.1114920596553,11,0.1,0.1,23895,17765,0.7434609750993931,134,0.0342922210693359,0.9334037919761612,quantized_global_optimum_not_continuous_global_optimum
06ac6393eee7a87a46f65b36cf9d1863821846f32cd08b7f9dd84710f2fa08a1,5,6,20311311,1.0,5.0,hard,256.7872303389293,256.7269358729003,18,0.1,0.1,67816,47775,0.7044797687861272,284,0.0629711151123046,2.792184834019281,quantized_global_optimum_not_continuous_global_optimum
06ac6393eee7a87a46f65b36cf9d1863821846f32cd08b7f9dd84710f2fa08a1,5,6,20311311,1.0,13.0,hard,256.6447783414952,256.56794458278335,19,0.1,0.1,407808,225272,0.5523972065285625,566,0.204568862915039,19.803147208993323,quantized_global_optimum_not_continuous_global_optimum
06ac6393eee7a87a46f65b36cf9d1863821846f32cd08b7f9dd84710f2fa08a1,5,7,20311408,0.2,1.5,hard,271.1270270145478,271.0982827786816,5,0.1,0.1,4735,3683,0.7778247096092925,45,0.0153522491455078,0.5714480000315234,quantized_global_optimum_not_continuous_global_optimum
06ac6393eee7a87a46f65b36cf9d1863821846f32cd08b7f9dd84710f2fa08a1,5,7,20311408,0.2,2.0,hard,268.08706032247704,268.0150992900433,7,0.1,0.1,11280,8597,0.762145390070922,74,0.0224361419677734,0.5794641249813139,quantized_global_optimum_not_continuous_global_optimum
06ac6393eee7a87a46f65b36cf9d1863821846f32cd08b7f9dd84710f2fa08a1,5,7,20311408,0.2,3.0,hard,266.8375887866091,266.6768585362494,8,0.1,0.1,24270,18159,0.7482076637824475,153,0.0374202728271484,0.9672593330033123,quantized_global_optimum_not_continuous_global_optimum
06ac6393eee7a87a46f65b36cf9d1863821846f32cd08b7f9dd84710f2fa08a1,5,7,20311408,0.2,5.0,hard,266.8375887866091,266.6768585362494,8,0.1,0.1,39260,28867,0.7352776362710137,208,0.0509395599365234,1.5050348750082776,quantized_global_optimum_not_continuous_global_optimum
06ac6393eee7a87a46f65b36cf9d1863821846f32cd08b7f9dd84710f2fa08a1,5,7,20311408,0.2,13.0,hard,266.8375887866091,266.6768585362494,8,0.1,0.1,39260,28867,0.7352776362710137,208,0.0515499114990234,1.6254358749138191,quantized_global_optimum_not_continuous_global_optimum
06ac6393eee7a87a46f65b36cf9d1863821846f32cd08b7f9dd84710f2fa08a1,5,7,20311408,0.4,1.5,hard,270.65410785883296,270.6456126682044,5,0.1,0.1,4735,3683,0.7778247096092925,45,0.0153522491455078,0.2066120828967541,quantized_global_optimum_not_continuous_global_optimum
06ac6393eee7a87a46f65b36cf9d1863821846f32cd08b7f9dd84710f2fa08a1,5,7,20311408,0.4,2.0,hard,266.92717900993824,266.9109110103903,7,0.1,0.1,11280,8597,0.762145390070922,74,0.0224361419677734,0.4653362500248477,quantized_global_optimum_not_continuous_global_optimum
06ac6393eee7a87a46f65b36cf9d1863821846f32cd08b7f9dd84710f2fa08a1,5,7,20311408,0.4,3.0,hard,262.1923491681707,262.1453844735887,10,0.1,0.1,24270,18159,0.7482076637824475,153,0.0374202728271484,1.0419888340402397,quantized_global_optimum_not_continuous_global_optimum
06ac6393eee7a87a46f65b36cf9d1863821846f32cd08b7f9dd84710f2fa08a1,5,7,20311408,0.4,5.0,hard,260.1967154456222,260.0484453621,13,0.1,0.1,69397,49513,0.7134746458780639,334,0.0764408111572265,2.8048763750120997,quantized_global_optimum_not_continuous_global_optimum
06ac6393eee7a87a46f65b36cf9d1863821846f32cd08b7f9dd84710f2fa08a1,5,7,20311408,0.4,13.0,hard,260.1967154456222,260.0484453621,13,0.1,0.1,154126,103484,0.6714246785097907,465,0.0991153717041015,6.004262625006959,quantized_global_optimum_not_continuous_global_optimum
06ac6393eee7a87a46f65b36cf9d1863821846f32cd08b7f9dd84710f2fa08a1,5,7,20311408,0.6,1.5,hard,270.5421956922134,270.5373136077295,5,0.1,0.1,4735,3683,0.7778247096092925,45,0.0153827667236328,0.2567802919074893,quantized_global_optimum_not_continuous_global_optimum
06ac6393eee7a87a46f65b36cf9d1863821846f32cd08b7f9dd84710f2fa08a1,5,7,20311408,0.6,2.0,hard,266.6947390267658,266.6859238605564,7,0.1,0.1,11280,8597,0.762145390070922,74,0.0224666595458984,0.5082718750927597,quantized_global_optimum_not_continuous_global_optimum
06ac6393eee7a87a46f65b36cf9d1863821846f32cd08b7f9dd84710f2fa08a1,5,7,20311408,0.6,3.0,hard,261.4799874608389,261.458535833195,10,0.1,0.1,24270,18159,0.7482076637824475,153,0.0374507904052734,1.1009795420104638,quantized_global_optimum_not_continuous_global_optimum
06ac6393eee7a87a46f65b36cf9d1863821846f32cd08b7f9dd84710f2fa08a1,5,7,20311408,0.6,5.0,hard,257.786735573982,257.6825877489543,16,0.1,0.1,69397,49513,0.7134746458780639,334,0.0764713287353515,3.000313083990477,quantized_global_optimum_not_continuous_global_optimum
06ac6393eee7a87a46f65b36cf9d1863821846f32cd08b7f9dd84710f2fa08a1,5,7,20311408,0.6,13.0,hard,257.786735573982,257.6825877489543,16,0.1,0.1,318374,194835,0.6119689421874902,517,0.1233463287353515,12.860056333011016,quantized_global_optimum_not_continuous_global_optimum
06ac6393eee7a87a46f65b36cf9d1863821846f32cd08b7f9dd84710f2fa08a1,5,7,20311408,0.8,1.5,hard,270.492113451903,270.48870043156523,5,0.1,0.1,4735,3683,0.7778247096092925,45,0.015334129333496,0.4215922920266166,quantized_global_optimum_not_continuous_global_optimum
06ac6393eee7a87a46f65b36cf9d1863821846f32cd08b7f9dd84710f2fa08a1,5,7,20311408,0.8,2.0,hard,266.59507447132484,266.58906884292793,7,0.1,0.1,11280,8597,0.762145390070922,74,0.0224666595458984,0.5988109579775482,quantized_global_optimum_not_continuous_global_optimum
06ac6393eee7a87a46f65b36cf9d1863821846f32cd08b7f9dd84710f2fa08a1,5,7,20311408,0.8,3.0,hard,261.2095146389029,261.1958764586209,10,0.1,0.1,24270,18159,0.7482076637824475,153,0.0374507904052734,0.9591375840827824,quantized_global_optimum_not_continuous_global_optimum
06ac6393eee7a87a46f65b36cf9d1863821846f32cd08b7f9dd84710f2fa08a1,5,7,20311408,0.8,5.0,hard,256.6103707976686,256.5325554013156,17,0.1,0.1,69397,49513,0.7134746458780639,334,0.0764713287353515,2.7226439580554143,quantized_global_optimum_not_continuous_global_optimum
06ac6393eee7a87a46f65b36cf9d1863821846f32cd08b7f9dd84710f2fa08a1,5,7,20311408,0.8,13.0,hard,256.5649374412024,256.4787399602514,18,0.1,0.1,413094,241886,0.5855471151844375,693,0.2701778411865234,16.15560125000775,quantized_global_optimum_not_continuous_global_optimum
06ac6393eee7a87a46f65b36cf9d1863821846f32cd08b7f9dd84710f2fa08a1,5,7,20311408,1.0,1.5,hard,270.4637118351036,270.4610911525015,5,0.1,0.1,4735,3683,0.7778247096092925,45,0.015334129333496,0.224898959044367,quantized_global_optimum_not_continuous_global_optimum
06ac6393eee7a87a46f65b36cf9d1863821846f32cd08b7f9dd84710f2fa08a1,5,7,20311408,1.0,2.0,hard,266.5396929730084,266.5351479261477,7,0.1,0.1,11280,8597,0.762145390070922,74,0.0224180221557617,0.5144119580509141,quantized_global_optimum_not_continuous_global_optimum
06ac6393eee7a87a46f65b36cf9d1863821846f32cd08b7f9dd84710f2fa08a1,5,7,20311408,1.0,3.0,hard,261.06710154721867,261.0571595958493,10,0.1,0.1,24270,18159,0.7482076637824475,153,0.0374050140380859,0.9913089579204096,quantized_global_optimum_not_continuous_global_optimum
06ac6393eee7a87a46f65b36cf9d1863821846f32cd08b7f9dd84710f2fa08a1,5,7,20311408,1.0,5.0,hard,256.03987977148086,255.9881410448339,17,0.1,0.1,69397,49513,0.7134746458780639,334,0.0764713287353515,2.7267747910227627,quantized_global_optimum_not_continuous_global_optimum
06ac6393eee7a87a46f65b36cf9d1863821846f32cd08b7f9dd84710f2fa08a1,5,7,20311408,1.0,13.0,hard,255.89036199739124,255.8232761212525,19,0.1,0.1,413094,241886,0.5855471151844375,693,0.2701778411865234,16.350218709092587,quantized_global_optimum_not_continuous_global_optimum
06ac6393eee7a87a46f65b36cf9d1863821846f32cd08b7f9dd84710f2fa08a1,5,8,20311505,0.2,1.5,hard,270.15732449060334,270.14027418907483,6,0.1,0.1,4742,3630,0.7654997891185154,44,0.0148601531982421,0.2050659160595387,quantized_global_optimum_not_continuous_global_optimum
06ac6393eee7a87a46f65b36cf9d1863821846f32cd08b7f9dd84710f2fa08a1,5,8,20311505,0.2,2.0,hard,266.67474895445594,266.59250777453167,8,0.1,0.1,11344,8532,0.7521156558533145,69,0.0212574005126953,0.4428750840015709,quantized_global_optimum_not_continuous_global_optimum
06ac6393eee7a87a46f65b36cf9d1863821846f32cd08b7f9dd84710f2fa08a1,5,8,20311505,0.2,3.0,hard,265.3614500902757,265.2556865863585,9,0.1,0.1,23947,17714,0.7397168747651063,130,0.034463882446289,0.8434712500311434,quantized_global_optimum_not_continuous_global_optimum
06ac6393eee7a87a46f65b36cf9d1863821846f32cd08b7f9dd84710f2fa08a1,5,8,20311505,0.2,5.0,hard,265.3614500902757,265.2556865863585,9,0.1,0.1,37702,27437,0.727733276749244,162,0.0418529510498046,1.4032160829519853,quantized_global_optimum_not_continuous_global_optimum
06ac6393eee7a87a46f65b36cf9d1863821846f32cd08b7f9dd84710f2fa08a1,5,8,20311505,0.2,13.0,hard,265.3614500902757,265.2556865863585,9,0.1,0.1,37702,27437,0.727733276749244,162,0.0424633026123046,1.584943416994065,quantized_global_optimum_not_continuous_global_optimum
06ac6393eee7a87a46f65b36cf9d1863821846f32cd08b7f9dd84710f2fa08a1,5,8,20311505,0.4,1.5,hard,269.6523224602589,269.6470687918226,6,0.1,0.1,4742,3630,0.7654997891185154,44,0.0148601531982421,0.2017523340182379,quantized_global_optimum_not_continuous_global_optimum
06ac6393eee7a87a46f65b36cf9d1863821846f32cd08b7f9dd84710f2fa08a1,5,8,20311505,0.4,2.0,hard,265.3491703115544,265.3305783120711,8,0.1,0.1,11344,8532,0.7521156558533145,69,0.0212574005126953,0.4773365419823676,quantized_global_optimum_not_continuous_global_optimum
06ac6393eee7a87a46f65b36cf9d1863821846f32cd08b7f9dd84710f2fa08a1,5,8,20311505,0.4,3.0,hard,260.46137164051083,260.4262726166132,11,0.1,0.1,23947,17714,0.7397168747651063,130,0.0345783233642578,0.9875833330443128,quantized_global_optimum_not_continuous_global_optimum
06ac6393eee7a87a46f65b36cf9d1863821846f32cd08b7f9dd84710f2fa08a1,5,8,20311505,0.4,5.0,hard,258.47472087594747,258.3036400103449,15,0.1,0.1,62808,44550,0.7093045471914405,227,0.0555706024169921,2.599038499989547,quantized_global_optimum_not_continuous_global_optimum
06ac6393eee7a87a46f65b36cf9d1863821846f32cd08b7f9dd84710f2fa08a1,5,8,20311505,0.4,13.0,hard,258.47472087594747,258.3036400103449,15,0.1,0.1,129917,87459,0.6731913452435017,313,0.0797405242919921,5.317378542036749,quantized_global_optimum_not_continuous_global_optimum
06ac6393eee7a87a46f65b36cf9d1863821846f32cd08b7f9dd84710f2fa08a1,5,8,20311505,0.6,1.5,hard,269.52935506279914,269.52630535796067,6,0.1,0.1,4742,3630,0.7654997891185154,44,0.0148906707763671,0.2296374170109629,quantized_global_optimum_not_continuous_global_optimum
06ac6393eee7a87a46f65b36cf9d1863821846f32cd08b7f9dd84710f2fa08a1,5,8,20311505,0.6,2.0,hard,265.0835246165002,265.0734501408324,8,0.1,0.1,11344,8532,0.7521156558533145,69,0.021310806274414,0.5242809160845354,quantized_global_optimum_not_continuous_global_optimum
06ac6393eee7a87a46f65b36cf9d1863821846f32cd08b7f9dd84710f2fa08a1,5,8,20311505,0.6,3.0,hard,259.7196388743754,259.67944256368946,12,0.1,0.1,23947,17714,0.7397168747651063,130,0.0346088409423828,0.989183499943465,quantized_global_optimum_not_continuous_global_optimum
06ac6393eee7a87a46f65b36cf9d1863821846f32cd08b7f9dd84710f2fa08a1,5,8,20311505,0.6,5.0,hard,255.66376797192632,255.5255925903038,18,0.1,0.1,62808,44550,0.7093045471914405,227,0.0556011199951171,2.3074340419843793,quantized_global_optimum_not_continuous_global_optimum
06ac6393eee7a87a46f65b36cf9d1863821846f32cd08b7f9dd84710f2fa08a1,5,8,20311505,0.6,13.0,hard,255.66376797192632,255.5255925903038,18,0.1,0.1,263587,161050,0.6109937136505215,427,0.105752944946289,10.174091042019429,quantized_global_optimum_not_continuous_global_optimum
06ac6393eee7a87a46f65b36cf9d1863821846f32cd08b7f9dd84710f2fa08a1,5,8,20311505,0.8,1.5,hard,269.4738826347856,269.4717409587652,6,0.1,0.1,4742,3630,0.7654997891185154,44,0.0148906707763671,0.2265762499300763,quantized_global_optimum_not_continuous_global_optimum
06ac6393eee7a87a46f65b36cf9d1863821846f32cd08b7f9dd84710f2fa08a1,5,8,20311505,0.8,2.0,hard,264.9696222674248,264.96275869211416,8,0.1,0.1,11344,8532,0.7521156558533145,69,0.021310806274414,0.4738787499954924,quantized_global_optimum_not_continuous_global_optimum
06ac6393eee7a87a46f65b36cf9d1863821846f32cd08b7f9dd84710f2fa08a1,5,8,20311505,0.8,3.0,hard,259.3897784140307,259.36425131420054,12,0.1,0.1,23947,17714,0.7397168747651063,130,0.0346088409423828,0.9387230839347468,quantized_global_optimum_not_continuous_global_optimum
06ac6393eee7a87a46f65b36cf9d1863821846f32cd08b7f9dd84710f2fa08a1,5,8,20311505,0.8,5.0,hard,254.36237975779895,254.27540960893376,19,0.1,0.1,62808,44550,0.7093045471914405,227,0.0556011199951171,2.3719640410272405,quantized_global_optimum_not_continuous_global_optimum
06ac6393eee7a87a46f65b36cf9d1863821846f32cd08b7f9dd84710f2fa08a1,5,8,20311505,0.8,13.0,hard,254.3228255606196,254.22260839017167,20,0.1,0.1,342604,200792,0.586076052818998,483,0.1314830780029297,11.682729874970391,quantized_global_optimum_not_continuous_global_optimum
06ac6393eee7a87a46f65b36cf9d1863821846f32cd08b7f9dd84710f2fa08a1,5,8,20311505,1.0,1.5,hard,269.4423014274508,269.44065271497846,6,0.1,0.1,4742,3630,0.7654997891185154,44,0.0148420333862304,0.1764982499880716,quantized_global_optimum_not_continuous_global_optimum
06ac6393eee7a87a46f65b36cf9d1863821846f32cd08b7f9dd84710f2fa08a1,5,8,20311505,1.0,2.0,hard,264.9063291264918,264.9011347872225,8,0.1,0.1,11344,8532,0.7521156558533145,69,0.021310806274414,0.3870882500195876,quantized_global_optimum_not_continuous_global_optimum
06ac6393eee7a87a46f65b36cf9d1863821846f32cd08b7f9dd84710f2fa08a1,5,8,20311505,1.0,3.0,hard,259.21638896956244,259.1977910788746,12,0.1,0.1,23947,17714,0.7397168747651063,130,0.0346088409423828,0.7732141660526395,quantized_global_optimum_not_continuous_global_optimum
06ac6393eee7a87a46f65b36cf9d1863821846f32cd08b7f9dd84710f2fa08a1,5,8,20311505,1.0,5.0,hard,253.724772140295,253.66694650463072,19,0.1,0.1,62808,44550,0.7093045471914405,227,0.0556011199951171,2.062194832949899,quantized_global_optimum_not_continuous_global_optimum
06ac6393eee7a87a46f65b36cf9d1863821846f32cd08b7f9dd84710f2fa08a1,5,8,20311505,1.0,13.0,hard,253.49112681893368,253.40745133411065,22,0.1,0.1,342604,200792,0.586076052818998,483,0.1314830780029297,12.020468374947086,quantized_global_optimum_not_continuous_global_optimum
06ac6393eee7a87a46f65b36cf9d1863821846f32cd08b7f9dd84710f2fa08a1,5,9,20311602,0.2,1.5,hard,270.4564176020631,270.4276733661969,5,0.1,0.1,4884,3689,0.7553235053235053,57,0.0170764923095703,0.2000439170515164,quantized_global_optimum_not_continuous_global_optimum
06ac6393eee7a87a46f65b36cf9d1863821846f32cd08b7f9dd84710f2fa08a1,5,9,20311602,0.2,2.0,hard,266.3915570007845,266.3195959683507,7,0.1,0.1,11829,8712,0.7364950545270099,89,0.0245037078857421,0.4315745839849114,quantized_global_optimum_not_continuous_global_optimum
06ac6393eee7a87a46f65b36cf9d1863821846f32cd08b7f9dd84710f2fa08a1,5,9,20311602,0.2,3.0,hard,264.95917043555926,264.7255931195041,9,0.1,0.1,25249,18141,0.7184839003524892,165,0.0395793914794921,1.0316299580736086,quantized_global_optimum_not_continuous_global_optimum
06ac6393eee7a87a46f65b36cf9d1863821846f32cd08b7f9dd84710f2fa08a1,5,9,20311602,0.2,5.0,hard,264.95917043555926,264.7255931195041,9,0.1,0.1,40364,28480,0.7055792290159548,198,0.0467815399169921,2.0402296249521896,quantized_global_optimum_not_continuous_global_optimum
06ac6393eee7a87a46f65b36cf9d1863821846f32cd08b7f9dd84710f2fa08a1,5,9,20311602,0.2,13.0,hard,264.95917043555926,264.7255931195041,9,0.1,0.1,40364,28480,0.7055792290159548,198,0.0473918914794921,1.5194209580076858,quantized_global_optimum_not_continuous_global_optimum
06ac6393eee7a87a46f65b36cf9d1863821846f32cd08b7f9dd84710f2fa08a1,5,9,20311602,0.4,1.5,hard,269.9834984463482,269.97500325571974,5,0.1,0.1,4884,3689,0.7553235053235053,57,0.0170764923095703,0.2044183750404045,quantized_global_optimum_not_continuous_global_optimum
06ac6393eee7a87a46f65b36cf9d1863821846f32cd08b7f9dd84710f2fa08a1,5,9,20311602,0.4,2.0,hard,265.2316756882457,265.2154076886977,7,0.1,0.1,11829,8712,0.7364950545270099,89,0.0244808197021484,0.4408635409781709,quantized_global_optimum_not_continuous_global_optimum
06ac6393eee7a87a46f65b36cf9d1863821846f32cd08b7f9dd84710f2fa08a1,5,9,20311602,0.4,3.0,hard,260.0039504411026,259.92304494909774,11,0.1,0.1,25249,18141,0.7184839003524892,165,0.0396251678466796,0.94768149999436,quantized_global_optimum_not_continuous_global_optimum
06ac6393eee7a87a46f65b36cf9d1863821846f32cd08b7f9dd84710f2fa08a1,5,9,20311602,0.4,5.0,hard,257.6688685349588,257.43139567591425,15,0.1,0.1,69957,47797,0.6832339865917635,259,0.0595912933349609,2.508978958008811,quantized_global_optimum_not_continuous_global_optimum
06ac6393eee7a87a46f65b36cf9d1863821846f32cd08b7f9dd84710f2fa08a1,5,9,20311602,0.4,13.0,hard,257.6688685349588,257.43139567591425,15,0.1,0.1,155344,97829,0.6297571840560305,393,0.0858898162841796,5.7635644159745425,quantized_global_optimum_not_continuous_global_optimum
06ac6393eee7a87a46f65b36cf9d1863821846f32cd08b7f9dd84710f2fa08a1,5,9,20311602,0.6,1.5,hard,269.87158627972866,269.86670419524484,5,0.1,0.1,4884,3689,0.7553235053235053,57,0.0171070098876953,0.5158455830533057,quantized_global_optimum_not_continuous_global_optimum
06ac6393eee7a87a46f65b36cf9d1863821846f32cd08b7f9dd84710f2fa08a1,5,9,20311602,0.6,2.0,hard,264.9992357050732,264.9904205388638,7,0.1,0.1,11829,8712,0.7364950545270099,89,0.0245113372802734,0.4991573749575764,quantized_global_optimum_not_continuous_global_optimum
06ac6393eee7a87a46f65b36cf9d1863821846f32cd08b7f9dd84710f2fa08a1,5,9,20311602,0.6,3.0,hard,259.2043580627935,259.1675114446647,11,0.1,0.1,25249,18141,0.7184839003524892,165,0.0396556854248046,1.007557624951005,quantized_global_optimum_not_continuous_global_optimum
06ac6393eee7a87a46f65b36cf9d1863821846f32cd08b7f9dd84710f2fa08a1,5,9,20311602,0.6,5.0,hard,254.65959823662644,254.50830318524257,17,0.1,0.1,69957,47797,0.6832339865917635,259,0.0596218109130859,2.574111958034337,quantized_global_optimum_not_continuous_global_optimum
06ac6393eee7a87a46f65b36cf9d1863821846f32cd08b7f9dd84710f2fa08a1,5,9,20311602,0.6,13.0,hard,254.65959823662644,254.50830318524257,17,0.1,0.1,323704,181327,0.5601629884091639,550,0.1544628143310547,10.427366125048138,quantized_global_optimum_not_continuous_global_optimum
06ac6393eee7a87a46f65b36cf9d1863821846f32cd08b7f9dd84710f2fa08a1,5,9,20311602,0.8,1.5,hard,269.82150403941824,269.81809101908055,5,0.1,0.1,4884,3689,0.7553235053235053,57,0.0171070098876953,0.1917746249819174,quantized_global_optimum_not_continuous_global_optimum
06ac6393eee7a87a46f65b36cf9d1863821846f32cd08b7f9dd84710f2fa08a1,5,9,20311602,0.8,2.0,hard,264.89957114963227,264.89356552123536,7,0.1,0.1,11829,8712,0.7364950545270099,89,0.0244884490966796,0.4202587080653757,quantized_global_optimum_not_continuous_global_optimum
06ac6393eee7a87a46f65b36cf9d1863821846f32cd08b7f9dd84710f2fa08a1,5,9,20311602,0.8,3.0,hard,258.90198597414417,258.8785861326332,11,0.1,0.1,25249,18141,0.7184839003524892,165,0.0396556854248046,1.014476125012152,quantized_global_optimum_not_continuous_global_optimum
06ac6393eee7a87a46f65b36cf9d1863821846f32cd08b7f9dd84710f2fa08a1,5,9,20311602,0.8,5.0,hard,253.49815957485689,253.39583683684543,18,0.1,0.1,69957,47797,0.6832339865917635,259,0.0596218109130859,2.792520708055235,quantized_global_optimum_not_continuous_global_optimum
06ac6393eee7a87a46f65b36cf9d1863821846f32cd08b7f9dd84710f2fa08a1,5,9,20311602,0.8,13.0,hard,253.46516913352468,253.3707983517961,18,0.1,0.1,409185,221513,0.5413517113286166,570,0.1990985870361328,12.769348500063645,quantized_global_optimum_not_continuous_global_optimum
06ac6393eee7a87a46f65b36cf9d1863821846f32cd08b7f9dd84710f2fa08a1,5,9,20311602,1.0,1.5,hard,269.79310242261886,269.79048174001684,5,0.1,0.1,4884,3689,0.7553235053235053,57,0.0171070098876953,0.188573666033335,quantized_global_optimum_not_continuous_global_optimum
06ac6393eee7a87a46f65b36cf9d1863821846f32cd08b7f9dd84710f2fa08a1,5,9,20311602,1.0,2.0,hard,264.84418965131584,264.83964460445515,7,0.1,0.1,11829,8712,0.7364950545270099,89,0.0245113372802734,0.4276572089875117,quantized_global_optimum_not_continuous_global_optimum
06ac6393eee7a87a46f65b36cf9d1863821846f32cd08b7f9dd84710f2fa08a1,5,9,20311602,1.0,3.0,hard,258.7430456500483,258.7259975835844,11,0.1,0.1,25249,18141,0.7184839003524892,165,0.0396556854248046,0.8520013749366626,quantized_global_optimum_not_continuous_global_optimum
06ac6393eee7a87a46f65b36cf9d1863821846f32cd08b7f9dd84710f2fa08a1,5,9,20311602,1.0,5.0,hard,252.88737673188473,252.8193981064531,18,0.1,0.1,69957,47797,0.6832339865917635,259,0.0596218109130859,2.4293789169751108,quantized_global_optimum_not_continuous_global_optimum
06ac6393eee7a87a46f65b36cf9d1863821846f32cd08b7f9dd84710f2fa08a1,5,9,20311602,1.0,13.0,hard,252.7304457050273,252.65093013284752,19,0.1,0.1,409185,221513,0.5413517113286166,570,0.1990985870361328,13.48447349993512,quantized_global_optimum_not_continuous_global_optimum
