config_hash,task_pool_id,wireless_index,wireless_seed,resource_scenario,workload_capacity_fraction,memory_available_gb_config,algorithm_seed,algorithm,strategy_bits,strategy_feasible_estimated,quantized_oracle_objective,quantized_oracle_gap_percent,runtime_seconds,updates,changes,swaps,full_single_flip_pass,signaling_payload_bytes,signaling_header_bytes,signaling_total_bytes,n_nodes,k_offload,offload_rate,decision_objective,public_objective_J,barrier_penalty,estimated_workload,true_workload,workload_capacity,workload_limit,workload_utilization,estimated_memory_gb,true_memory_gb,memory_available_gb,memory_utilization,estimated_workload_violation,estimated_memory_violation,true_workload_violation,true_memory_violation,total_end_to_end_delay_seconds,mean_end_to_end_delay_seconds,total_device_energy_j,mean_tx_time_ms_offloaded,mean_tx_energy_mj_offloaded,queue_delay_ms_per_offloaded_task,raw_strategy_quantized_feasible,raw_strategy_quantized_objective,quantized_projected_strategy_bits,quantized_projection_change_rate,projected_strategy_quantized_objective
06ac6393eee7a87a46f65b36cf9d1863821846f32cd08b7f9dd84710f2fa08a1,1,0,20270729,abundant,1.0,13.0,20261729,wa_mcbr,0011010001000000001000000000000001010000000000001010010000000000001000110000001000000000001101000001,1,228.63791232671983,0.0046790338869065855,0.0424595830263569,896,77,0,True,34048,71680,105728,100,18,0.18,228.53871516173336,228.53871516173336,0.0,16.990291262135926,16.990291262135926,63.15789473684211,60.0,0.2690129449838188,4.452500000000001,4.452500000000001,13.0,0.3425,0,0,0,0,4158.941310466834,41.58941310466834,7218.980894897795,495.8472610701764,54.494160988618155,112.00332042058665,1,228.6486103721159,0011010001000000001000000000000001010000000000001010010000000000001000110000001000000000001101000001,0.0,228.6486103721159
06ac6393eee7a87a46f65b36cf9d1863821846f32cd08b7f9dd84710f2fa08a1,1,0,20270729,abundant,1.0,13.0,20261729,wa_mcbr_swap,0011010001000000001000000000000001010000000000001010010000000000001000110000001000000000001101000001,1,228.63791232671983,0.0046790338869065855,0.0577078750357031,896,77,0,True,34048,71680,105728,100,18,0.18,228.53871516173336,228.53871516173336,0.0,16.990291262135926,16.990291262135926,63.15789473684211,60.0,0.2690129449838188,4.452500000000001,4.452500000000001,13.0,0.3425,0,0,0,0,4158.941310466834,41.58941310466834,7218.980894897795,495.8472610701764,54.494160988618155,112.00332042058665,1,228.6486103721159,0011010001000000001000000000000001010000000000001010010000000000001000110000001000000000001101000001,0.0,228.6486103721159
06ac6393eee7a87a46f65b36cf9d1863821846f32cd08b7f9dd84710f2fa08a1,1,0,20270729,abundant,1.0,13.0,20261729,capacity_greedy,0001000001000000001000000000000000010000000000001010110000000000001000110000010000000000001110000000,1,228.63791232671983,0.7248205051996275,0.0149397919885814,0,0,0,,0,0,0,100,15,0.15,230.2230458159404,230.2230458159404,0.0,14.077669902912618,14.077669902912618,63.15789473684211,60.0,0.2228964401294497,3.721249999999999,3.721249999999999,13.0,0.2862499999999999,0,0,0,0,4110.737738758204,41.107377387582034,6992.570163010198,784.1418065073431,91.34420067981765,91.7074440395627,1,230.29512679792424,0001000001000000001000000000000000010000000000001010110000000000001000110000010000000000001110000000,0.0,230.29512679792424
06ac6393eee7a87a46f65b36cf9d1863821846f32cd08b7f9dd84710f2fa08a1,1,0,20270729,abundant,1.0,13.0,20261729,lagrangian_relaxation,0000000001000000001000000000000000010000000000000010100000000000000000001000010000000000000110000000,1,228.63791232671983,1.6234305813647638,0.0233992090215906,300,0,0,False,0,0,0,100,9,0.09,232.3265758458647,232.3265758458647,0.0,8.009708737864077,8.009708737864077,63.15789473684211,60.0,0.1268203883495145,2.1775,2.1775,13.0,0.1674999999999999,0,0,0,0,4228.481380744087,42.28481380744087,7546.448275928831,797.1768118864079,94.25288098123724,56.309937456567056,1,232.34969011602576,0000000001000000001000000000000000010000000000000010100000000000000000001000010000000000000110000000,0.0,232.34969011602576
06ac6393eee7a87a46f65b36cf9d1863821846f32cd08b7f9dd84710f2fa08a1,1,0,20270729,abundant,1.0,13.0,20261729,legacy_count_br,1111110101000000001000000000000001010000000100001110010000000000011000110000001000000000001101010001,1,228.63791232671983,1.2983446394293154,0.0037918341113254,549,61,0,False,0,0,0,100,26,0.26,231.30802817858097,231.30802817858097,0.0,24.75728155339806,24.75728155339806,63.15789473684211,60.0,0.3919902912621359,6.4025,6.4025,13.0,0.4925,0,0,0,0,4055.4243409240994,40.55424340924099,6705.033887444836,658.2200831394023,70.53413249371202,181.1776447105788,1,231.6064204051169,1111110101000000001000000000000001010000000100001110010000000000011000110000001000000000001101010001,0.0,231.6064204051169
06ac6393eee7a87a46f65b36cf9d1863821846f32cd08b7f9dd84710f2fa08a1,1,0,20270729,abundant,1.0,13.0,20261729,random_feasible,1111101001010100000101000011101010000110010110100100010001111000110011011001110011001011110101101100,1,228.63791232671983,57.1890210208765,4.270800855010748e-05,0,0,0,,0,0,0,100,49,0.49,498.7570534327302,498.7570534327302,0.0,48.05825242718447,48.05825242718447,63.15789473684211,60.0,0.7609223300970874,13.0,13.0,13.0,1.0,0,0,0,0,3908.1680748088374,39.081680748088374,4799.222189782086,5391.826451604784,596.3712200425803,815.6852791878175,0,inf,1111101001010100000101000011100000000110010110100100010001110000110010011001010001000011110101101100,0.07,359.3936960689408
06ac6393eee7a87a46f65b36cf9d1863821846f32cd08b7f9dd84710f2fa08a1,1,0,20270729,abundant,1.0,13.0,20261729,all_local,0000000000000000000000000000000000000000000000000000000000000000000000000000000000000000000000000000,1,228.63791232671983,6.509020101624232,0.0,0,0,0,,0,0,0,100,0,0.0,243.52,243.52,0.0,0.0,0.0,63.15789473684211,60.0,0.0,0.0,0.0,13.0,0.0,0,0,0,0,4579.199999999999,45.79199999999999,9158.399999999998,0.0,0.0,0.0,1,243.52,0000000000000000000000000000000000000000000000000000000000000000000000000000000000000000000000000000,0.0,243.52
06ac6393eee7a87a46f65b36cf9d1863821846f32cd08b7f9dd84710f2fa08a1,1,0,20270729,abundant,1.0,13.0,20261729,all_offload,1111111111111111111111111111111111111111111111111111111111111111111111111111111111111111111111111111,0,228.63791232671983,18.571108133084657,0.0,0,0,0,,0,0,0,100,100,1.0,inf,inf,0.0,99.99999999999996,99.99999999999996,63.15789473684211,60.0,1.5833333333333328,26.812499999999993,26.812499999999993,13.0,2.0624999999999996,1,1,1,1,inf,inf,122.23048136173882,10540.485602391183,1222.3048136173882,inf,0,inf,1111110111101011001000000100000001010001100110001110011100010000011010110001001100010000011101110001,0.56,271.09850625814227
06ac6393eee7a87a46f65b36cf9d1863821846f32cd08b7f9dd84710f2fa08a1,1,0,20270729,abundant,1.0,13.0,20261729,qdp_oracle,0011010001000000001000000000000001010000000000001010010000000000001000110000001000000000001100000001,1,228.63791232671983,1.2430882149496646e-14,8.79632295796182,0,0,0,,0,0,0,100,17,0.17,228.54203053411447,228.54203053411447,0.0,16.019417475728158,16.019417475728158,63.15789473684211,60.0,0.2536407766990291,4.20875,4.20875,13.0,0.32375,0,0,0,0,4174.619656424824,41.74619656424824,7294.487565125588,472.6674989255288,52.209713269832854,104.95934959349594,1,228.63791232671986,0011010001000000001000000000000001010000000000001010010000000000001000110000001000000000001100000001,0.0,228.63791232671986
06ac6393eee7a87a46f65b36cf9d1863821846f32cd08b7f9dd84710f2fa08a1,1,0,20270729,moderate,0.6,5.0,20261729,wa_mcbr,0001010001000000001000000000000000010000000000001010010000000000001000110000001000000000001100000001,1,230.20713178459317,0.01525767187074079,0.0229732500156387,462,27,0,True,17556,36960,54516,100,15,0.15,230.05564188002108,230.05564188002108,0.0,14.07766990291262,14.07766990291262,37.89473684210527,36.0,0.3714940668824164,3.721249999999999,3.721249999999999,5.0,0.7442499999999999,0,0,0,0,4212.070536867023,42.12070536867023,7467.110643832785,423.60040530923806,47.37625551904277,167.76871915897874,1,230.2422560333839,0001010001000000001000000000000000010000000000001010010000000000001000110000001000000000001100000001,0.0,230.2422560333839
06ac6393eee7a87a46f65b36cf9d1863821846f32cd08b7f9dd84710f2fa08a1,1,0,20270729,moderate,0.6,5.0,20261729,wa_mcbr_swap,0001010001000000001000000000000001010000000000001010010000000000001000110000000000000000001100000001,1,230.20713178459317,1.2346146363961674e-14,0.0483382500242441,462,27,1,True,17556,36960,54516,100,15,0.15,230.0205176312304,230.0205176312304,0.0,14.07766990291262,14.07766990291262,37.89473684210527,36.0,0.3714940668824163,3.721249999999999,3.721249999999999,5.0,0.7442499999999999,0,0,0,0,4217.387137410231,42.17387137410231,7492.282181150928,404.7071081897746,45.47874339526108,167.76871915897868,1,230.2071317845932,0001010001000000001000000000000001010000000000001010010000000000001000110000000000000000001100000001,0.0,230.2071317845932
06ac6393eee7a87a46f65b36cf9d1863821846f32cd08b7f9dd84710f2fa08a1,1,0,20270729,moderate,0.6,5.0,20261729,capacity_greedy,0000000001000000001000000000000000010000000000000010110000000000001000110000010000000000001110000000,1,230.20713178459317,0.4466591508946762,0.013004875043407,0,0,0,,0,0,0,100,13,0.13,231.10884909141436,231.10884909141436,0.0,12.135922330097086,12.135922330097086,37.89473684210527,36.0,0.3202535059331175,3.2337499999999997,3.2337499999999997,5.0,0.6467499999999999,0,0,0,0,4149.148763871112,41.49148763871112,7172.349107343755,750.5822818164374,88.39287259654824,137.78416980757785,1,231.23537300472123,0000000001000000001000000000000000010000000000000010110000000000001000110000010000000000001110000000,0.0,231.23537300472123
06ac6393eee7a87a46f65b36cf9d1863821846f32cd08b7f9dd84710f2fa08a1,1,0,20270729,moderate,0.6,5.0,20261729,lagrangian_relaxation,0011010101000000001000000000000001010000000100001010010000000000001000110000001000000000001101000001,1,230.20713178459317,0.032016792747107885,0.0084177090320736,300,0,0,False,0,0,0,100,20,0.2,231.59066558776192,231.59066558776192,0.0,18.93203883495146,18.93203883495146,37.89473684210527,36.0,0.4995954692556634,4.940000000000001,4.940000000000001,5.0,0.9880000000000002,0,0,0,0,4133.701458121333,41.33701458121333,7082.367906823968,535.4771097853306,58.395341198376485,269.5957962813258,0,inf,0011010001000000001000000000000001010000000000001010010000000000001000110000000000000000001100000001,0.04,230.2808367248657
06ac6393eee7a87a46f65b36cf9d1863821846f32cd08b7f9dd84710f2fa08a1,1,0,20270729,moderate,0.6,5.0,20261729,legacy_count_br,1010110101000001001000000000000000000000000100001010010000000000010010100000001000010000000101010000,1,230.20713178459317,1.2260207023291483,0.0026310000102967,345,12,0,False,0,0,0,100,20,0.2,235.0634916059188,235.0634916059188,0.0,18.93203883495146,18.93203883495146,37.89473684210527,36.0,0.4995954692556634,4.8587500000000015,4.8587500000000015,5.0,0.9717500000000004,0,0,0,0,4173.099085844159,41.730990858441594,7251.748487033094,625.3584959266476,67.42435165470259,269.5957962813258,0,inf,1010010101000000001000000000000000000000000100001010010000000000010010100000001000000000000101010000,0.03,233.02951887851043
06ac6393eee7a87a46f65b36cf9d1863821846f32cd08b7f9dd84710f2fa08a1,1,0,20270729,moderate,0.6,5.0,20261729,random_feasible,1111100001000000000000000000100000000000000110000100010000010000010010011000010000000000010101100000,1,230.20713178459317,2.281034936103477,0.0003431249642744,0,0,0,,0,0,0,100,21,0.21,239.55391325312104,239.55391325312104,0.0,18.68932038834951,18.68932038834951,37.89473684210527,36.0,0.4931903991370009,4.875000000000002,4.875000000000002,5.0,0.9750000000000004,0,0,0,0,4168.243414844221,41.682434148442205,7205.4508825213525,853.0711934472846,88.13726292155543,263.28189437275495,0,inf,1111100001000000000000000000000000000000000100000100010000010000010010011000000000000000000101100000,0.04,235.45823688600152
06ac6393eee7a87a46f65b36cf9d1863821846f32cd08b7f9dd84710f2fa08a1,1,0,20270729,moderate,0.6,5.0,20261729,all_local,0000000000000000000000000000000000000000000000000000000000000000000000000000000000000000000000000000,1,230.20713178459317,5.782995562389355,0.0,0,0,0,,0,0,0,100,0,0.0,243.52,243.52,0.0,0.0,0.0,37.89473684210527,36.0,0.0,0.0,0.0,5.0,0.0,0,0,0,0,4579.199999999999,45.79199999999999,9158.399999999998,0.0,0.0,0.0,1,243.52,0000000000000000000000000000000000000000000000000000000000000000000000000000000000000000000000000000,0.0,243.52
06ac6393eee7a87a46f65b36cf9d1863821846f32cd08b7f9dd84710f2fa08a1,1,0,20270729,moderate,0.6,5.0,20261729,all_offload,1111111111111111111111111111111111111111111111111111111111111111111111111111111111111111111111111111,0,230.20713178459317,0.032016792747107885,0.0,0,0,0,,0,0,0,100,100,1.0,inf,inf,0.0,99.99999999999996,99.99999999999996,37.89473684210527,36.0,2.638888888888888,26.812499999999993,26.812499999999993,5.0,5.362499999999999,1,1,1,1,inf,inf,122.23048136173882,10540.485602391183,1222.3048136173882,inf,0,inf,0011010001000000001000000000000001010000000000001010010000000000001000110000000000000000001100000001,0.84,230.2808367248657
06ac6393eee7a87a46f65b36cf9d1863821846f32cd08b7f9dd84710f2fa08a1,1,0,20270729,moderate,0.6,5.0,20261729,qdp_oracle,0001010001000000001000000000000001010000000000001010010000000000001000110000000000000000001100000001,1,230.20713178459317,1.2346146363961674e-14,1.230441665975377,0,0,0,,0,0,0,100,15,0.15,230.0205176312304,230.0205176312304,0.0,14.07766990291262,14.07766990291262,37.89473684210527,36.0,0.3714940668824163,3.721249999999999,3.721249999999999,5.0,0.7442499999999999,0,0,0,0,4217.387137410231,42.17387137410231,7492.282181150928,404.7071081897746,45.47874339526108,167.76871915897868,1,230.2071317845932,0001010001000000001000000000000001010000000000001010010000000000001000110000000000000000001100000001,0.0,230.2071317845932
06ac6393eee7a87a46f65b36cf9d1863821846f32cd08b7f9dd84710f2fa08a1,1,0,20270729,highly_constrained,0.3,2.0,20261729,wa_mcbr,0010000000000000001000000000000000000000000000001010010000000000000000101000000000000000000100000000,1,233.95784667482812,0.5535978878320701,0.0050932499580085,100,0,0,True,3800,8000,11800,100,8,0.08,234.41401288362815,234.41401288362815,0.0,7.524271844660195,7.524271844660195,18.947368421052634,18.0,0.3971143473570658,1.9825,1.9825,2.0,0.99125,0,0,0,0,4338.3887907488825,43.38388790748883,8053.575296746699,413.9265107988274,46.91209333741886,184.67233281145153,0,inf,0000000000000000001000000000000000000000000000000010010000000000000000101000000000000000000100000000,0.02,235.25303237243736
06ac6393eee7a87a46f65b36cf9d1863821846f32cd08b7f9dd84710f2fa08a1,1,0,20270729,highly_constrained,0.3,2.0,20261729,wa_mcbr_swap,0000000001000000001000000000000000010000000000000010110000000000000000000000010000000000000100000000,1,233.95784667482812,0.014668125993445049,0.0340676249470561,100,0,4,True,3800,8000,11800,100,8,0.08,233.3576514531894,233.3576514531894,0.0,7.038834951456311,7.038834951456311,18.947368421052634,18.0,0.3714940668824164,1.93375,1.93375,2.0,0.966875,0,0,0,0,4286.87960475811,42.8687960475811,7816.117799283944,592.1818756047778,64.72491049301618,167.76871915897874,0,inf,0000000001000000001000000000000000010000000000000010010000000000000000000000010000000000000100000000,0.01,233.99216390654993
06ac6393eee7a87a46f65b36cf9d1863821846f32cd08b7f9dd84710f2fa08a1,1,0,20270729,highly_constrained,0.3,2.0,20261729,capacity_greedy,0000000001000000001000000000000000010000000000000010110000000000000000000000010000000000000010000000,1,233.95784667482812,0.2534283077495756,0.007783166016452,0,0,0,,0,0,0,100,8,0.08,233.6214119608792,233.6214119608792,0.0,7.281553398058253,7.281553398058253,18.947368421052634,18.0,0.384304207119741,1.9825,1.9825,2.0,0.99125,0,0,0,0,4270.713027911107,42.70713027911107,7740.649921636399,663.0838108331496,81.2402045498474,176.04467805519053,0,inf,0000000001000000001000000000000000010000000000000010100000000000000000000000010000000000000000000000,0.02,234.55076208650348
06ac6393eee7a87a46f65b36cf9d1863821846f32cd08b7f9dd84710f2fa08a1,1,0,20270729,highly_constrained,0.3,2.0,20261729,lagrangian_relaxation,0000000001000000001000000000000000010000000000000010010000000000000000100000000000000000001100000000,1,233.95784667482812,0.11577311371243255,0.0082040419802069,300,0,0,True,0,0,0,100,8,0.08,233.52265324066173,233.52265324066173,0.0,7.038834951456311,7.038834951456311,18.947368421052634,18.0,0.3714940668824164,1.93375,1.93375,2.0,0.966875,0,0,0,0,4342.085250961842,43.42085250961841,8075.078235021066,292.8876510711822,34.779377633184254,167.76871915897874,0,inf,0000000001000000001000000000000000010000000000000010010000000000000000000000000000000000001100000000,0.01,234.22870695869813
06ac6393eee7a87a46f65b36cf9d1863821846f32cd08b7f9dd84710f2fa08a1,1,0,20270729,highly_constrained,0.3,2.0,20261729,legacy_count_br,0010000000000000001000000000000000000000000000001010010000000000000000101000000000000000000100000000,1,233.95784667482812,0.5535978878320701,0.00159854197409,100,0,0,True,0,0,0,100,8,0.08,234.41401288362815,234.41401288362815,0.0,7.524271844660195,7.524271844660195,18.947368421052634,18.0,0.3971143473570658,1.9825,1.9825,2.0,0.99125,0,0,0,0,4338.3887907488825,43.38388790748883,8053.575296746699,413.9265107988274,46.91209333741886,184.67233281145153,0,inf,0000000000000000001000000000000000000000000000000010010000000000000000101000000000000000000100000000,0.02,235.25303237243736
06ac6393eee7a87a46f65b36cf9d1863821846f32cd08b7f9dd84710f2fa08a1,1,0,20270729,highly_constrained,0.3,2.0,20261729,random_feasible,0011000001000000000000000000000000000000000000000000010000000000000000011000000000000000000101000000,1,233.95784667482812,0.8510612994565556,0.0004836668958887,0,0,0,,0,0,0,100,8,0.08,235.65519947907904,235.65519947907904,0.0,7.524271844660195,7.524271844660195,18.947368421052634,18.0,0.3971143473570658,1.93375,1.93375,2.0,0.966875,0,0,0,0,4378.067841058213,43.780678410582134,8233.5000734793,373.80779946531686,37.50918491259824,184.67233281145153,0,inf,0011000001000000000000000000000000000000000000000000010000000000000000011000000000000000000100000000,0.01,235.9489713649195
06ac6393eee7a87a46f65b36cf9d1863821846f32cd08b7f9dd84710f2fa08a1,1,0,20270729,highly_constrained,0.3,2.0,20261729,all_local,0000000000000000000000000000000000000000000000000000000000000000000000000000000000000000000000000000,1,233.95784667482812,4.087126574755185,0.0,0,0,0,,0,0,0,100,0,0.0,243.52,243.52,0.0,0.0,0.0,18.947368421052634,18.0,0.0,0.0,0.0,2.0,0.0,0,0,0,0,4579.199999999999,45.79199999999999,9158.399999999998,0.0,0.0,0.0,1,243.52,0000000000000000000000000000000000000000000000000000000000000000000000000000000000000000000000000000,0.0,243.52
06ac6393eee7a87a46f65b36cf9d1863821846f32cd08b7f9dd84710f2fa08a1,1,0,20270729,highly_constrained,0.3,2.0,20261729,all_offload,1111111111111111111111111111111111111111111111111111111111111111111111111111111111111111111111111111,0,233.95784667482812,0.11577311371243255,0.0,0,0,0,,0,0,0,100,100,1.0,inf,inf,0.0,99.99999999999996,99.99999999999996,18.947368421052634,18.0,5.277777777777776,26.812499999999993,26.812499999999993,2.0,13.406249999999996,1,1,1,1,inf,inf,122.23048136173882,10540.485602391183,1222.3048136173882,inf,0,inf,0000000001000000001000000000000000010000000000000010010000000000000000000000000000000000001100000000,0.93,234.22870695869813
06ac6393eee7a87a46f65b36cf9d1863821846f32cd08b7f9dd84710f2fa08a1,1,0,20270729,highly_constrained,0.3,2.0,20261729,qdp_oracle,0000000001000000001000000000000000010000000000000010100000000000000000000000010000000000000100000000,1,233.95784667482812,1.2148218080458997e-14,0.2162072920473292,0,0,0,,0,0,0,100,7,0.07,233.86848808335432,233.86848808335432,0.0,6.067961165048544,6.067961165048544,18.947368421052634,18.0,0.3202535059331176,1.69,1.69,2.0,0.845,0,0,0,0,4310.7114387856645,43.10711438785665,7927.65410481924,592.4213710015567,64.87211703416585,137.78416980757785,1,233.95784667482815,0000000001000000001000000000000000010000000000000010100000000000000000000000010000000000000100000000,0.0,233.95784667482815
06ac6393eee7a87a46f65b36cf9d1863821846f32cd08b7f9dd84710f2fa08a1,1,1,20270826,abundant,1.0,13.0,20261730,wa_mcbr,0010010001100000001000000000000000010000000010101000000100000000000010110000001000000000001101000000,1,229.6911239522308,-2.4747764686209563e-14,0.0339635839918628,718,70,0,True,27284,57440,84724,100,17,0.17,229.59898389142276,229.59898389142276,0.0,15.533980582524272,15.533980582524272,63.15789473684211,60.0,0.2459546925566343,4.07875,4.07875,13.0,0.31375,0,0,0,0,4201.063820826773,42.01063820826773,7413.265676975054,478.6796901383599,50.92217500318306,101.5450643776824,1,229.69112395223075,0010010001100000001000000000000000010000000010101000000100000000000010110000001000000000001101000000,0.0,229.69112395223075
06ac6393eee7a87a46f65b36cf9d1863821846f32cd08b7f9dd84710f2fa08a1,1,1,20270826,abundant,1.0,13.0,20261730,wa_mcbr_swap,0010010001100000001000000000000000010000000010101000000100000000000010110000001000000000001101000000,1,229.6911239522308,-2.4747764686209563e-14,0.0481764170108363,718,70,0,True,27284,57440,84724,100,17,0.17,229.59898389142276,229.59898389142276,0.0,15.533980582524272,15.533980582524272,63.15789473684211,60.0,0.2459546925566343,4.07875,4.07875,13.0,0.31375,0,0,0,0,4201.063820826773,42.01063820826773,7413.265676975054,478.6796901383599,50.92217500318306,101.5450643776824,1,229.69112395223075,0010010001100000001000000000000000010000000010101000000100000000000010110000001000000000001101000000,0.0,229.69112395223075
06ac6393eee7a87a46f65b36cf9d1863821846f32cd08b7f9dd84710f2fa08a1,1,1,20270826,abundant,1.0,13.0,20261730,capacity_greedy,0010010001000000001001000000000000010000000010101000000100000000000010110000001000000000001101000000,1,229.6911239522308,0.30248734647647996,0.0165234999731183,0,0,0,,0,0,0,100,17,0.17,230.28573173190995,230.28573173190995,0.0,15.776699029126211,15.776699029126211,63.15789473684211,60.0,0.2497977346278317,4.16,4.16,13.0,0.32,0,0,0,0,4175.759581415336,41.757595814153355,7291.052340986371,588.4966214054481,61.90241096299442,103.24346184955512,1,230.38591053816592,0010010001000000001001000000000000010000000010101000000100000000000010110000001000000000001101000000,0.0,230.38591053816592
06ac6393eee7a87a46f65b36cf9d1863821846f32cd08b7f9dd84710f2fa08a1,1,1,20270826,abundant,1.0,13.0,20261730,lagrangian_relaxation,0010000001000000001001000000000000011000000010000000000010010000000000101000000000000000001100000100,1,229.6911239522308,1.9144617140496802,0.0365943749202415,300,0,0,False,0,0,0,100,14,0.14,234.02206376751903,234.02206376751903,0.0,11.40776699029126,11.40776699029126,63.15789473684211,60.0,0.1806229773462782,3.266249999999999,3.266249999999999,13.0,0.25125,0,0,0,0,4224.158571944409,42.24158571944409,7510.8362906587645,736.2167180378733,88.30647562599702,75.1098494198963,1,234.08847258086666,0010000001000000001001000000000000011000000010000000000010010000000000101000000000000000001100000100,0.0,234.08847258086666
06ac6393eee7a87a46f65b36cf9d1863821846f32cd08b7f9dd84710f2fa08a1,1,1,20270826,abundant,1.0,13.0,20261730,legacy_count_br,1110010101100000001000000100000001010000000010101000000100000000001010110000001001100000001101010000,1,229.6911239522308,2.3292424528050724,0.0024963340256363,358,61,0,False,0,0,0,100,26,0.26,234.7459721701373,234.7459721701373,0.0,24.029126213592235,24.029126213592235,63.15789473684211,60.0,0.3804611650485437,6.272500000000001,6.272500000000001,13.0,0.4825,0,0,0,0,4085.848643590859,40.85848643590859,6831.25005148097,759.1141831638288,78.848133883481,173.52595494613124,1,235.0411871216513,1110010101100000001000000100000001010000000010101000000100000000001010110000001001100000001101010000,0.0,235.0411871216513
06ac6393eee7a87a46f65b36cf9d1863821846f32cd08b7f9dd84710f2fa08a1,1,1,20270826,abundant,1.0,13.0,20261730,random_feasible,1101000010110110101101101111010100011010001101001000010001010001011101111010010000000001101101001111,1,229.6911239522308,40.37378388352147,2.6250025257468224e-05,0,0,0,,0,0,0,100,48,0.48,478.3601317055744,478.3601317055744,0.0,47.33009708737865,47.33009708737865,63.15789473684211,60.0,0.7493932038834952,12.87,12.87,13.0,0.99,0,0,0,0,3837.207005181568,38.37207005181568,4585.770948098987,5074.233915455391,586.8947520622319,767.5786924939468,0,inf,1101000010110110101001000111000100011010001101001000010001010000011001111000000000000001101101001111,0.08,322.4261219363359
06ac6393eee7a87a46f65b36cf9d1863821846f32cd08b7f9dd84710f2fa08a1,1,1,20270826,abundant,1.0,13.0,20261730,all_local,0000000000000000000000000000000000000000000000000000000000000000000000000000000000000000000000000000,1,229.6911239522308,6.020640157886645,0.0,0,0,0,,0,0,0,100,0,0.0,243.52,243.52,0.0,0.0,0.0,63.15789473684211,60.0,0.0,0.0,0.0,13.0,0.0,0,0,0,0,4579.199999999999,45.79199999999999,9158.399999999998,0.0,0.0,0.0,1,243.52,0000000000000000000000000000000000000000000000000000000000000000000000000000000000000000000000000000,0.0,243.52
06ac6393eee7a87a46f65b36cf9d1863821846f32cd08b7f9dd84710f2fa08a1,1,1,20270826,abundant,1.0,13.0,20261730,all_offload,1111111111111111111111111111111111111111111111111111111111111111111111111111111111111111111111111111,0,229.6911239522308,18.90933000952092,0.0,0,0,0,,0,0,0,100,100,1.0,inf,inf,0.0,99.99999999999996,99.99999999999996,63.15789473684211,60.0,1.5833333333333328,26.812499999999993,26.812499999999993,13.0,2.0624999999999996,1,1,1,1,inf,inf,109.8821156876574,9308.856992753465,1098.821156876574,inf,0,inf,1111110111100011101000000100100001010000000110101000001100010000111010110001001100110000011101011101,0.56,273.1241765829359
06ac6393eee7a87a46f65b36cf9d1863821846f32cd08b7f9dd84710f2fa08a1,1,1,20270826,abundant,1.0,13.0,20261730,qdp_oracle,0010010001100000001000000000000000010000000010101000000100000000000010110000001000000000001101000000,1,229.6911239522308,-2.4747764686209563e-14,7.0504170410567895,0,0,0,,0,0,0,100,17,0.17,229.59898389142276,229.59898389142276,0.0,15.533980582524272,15.533980582524272,63.15789473684211,60.0,0.2459546925566343,4.07875,4.07875,13.0,0.31375,0,0,0,0,4201.063820826773,42.01063820826773,7413.265676975054,478.6796901383599,50.92217500318306,101.5450643776824,1,229.69112395223075,0010010001100000001000000000000000010000000010101000000100000000000010110000001000000000001101000000,0.0,229.69112395223075
06ac6393eee7a87a46f65b36cf9d1863821846f32cd08b7f9dd84710f2fa08a1,1,1,20270826,moderate,0.6,5.0,20261730,wa_mcbr,0010010001000000001000000000000000010000000010101000000100000000000010110000001000000000001100000000,1,231.084046591122,0.0,0.0341171249747276,716,29,0,True,27208,57280,84488,100,15,0.15,230.90864468499575,230.90864468499575,0.0,13.592233009708735,13.592233009708735,37.89473684210527,36.0,0.3586839266450916,3.5912499999999996,3.5912499999999996,5.0,0.7182499999999999,0,0,0,0,4229.118986470328,42.29118986470328,7542.718984107368,448.10905036274966,47.93227382444109,159.82338099243057,1,231.084046591122,0010010001000000001000000000000000010000000010101000000100000000000010110000001000000000001100000000,0.0,231.084046591122
06ac6393eee7a87a46f65b36cf9d1863821846f32cd08b7f9dd84710f2fa08a1,1,1,20270826,moderate,0.6,5.0,20261730,wa_mcbr_swap,0010010001000000001000000000000000010000000010101000000100000000000010110000001000000000001100000000,1,231.084046591122,0.0,0.0469523339997977,716,29,0,True,27208,57280,84488,100,15,0.15,230.90864468499575,230.90864468499575,0.0,13.592233009708735,13.592233009708735,37.89473684210527,36.0,0.3586839266450916,3.5912499999999996,3.5912499999999996,5.0,0.7182499999999999,0,0,0,0,4229.118986470328,42.29118986470328,7542.718984107368,448.10905036274966,47.93227382444109,159.82338099243057,1,231.084046591122,0010010001000000001000000000000000010000000010101000000100000000000010110000001000000000001100000000,0.0,231.084046591122
06ac6393eee7a87a46f65b36cf9d1863821846f32cd08b7f9dd84710f2fa08a1,1,1,20270826,moderate,0.6,5.0,20261730,capacity_greedy,0010000001000000001001000000000000010000000010101000000000000000000010110000001000000000001100000000,1,231.084046591122,0.2948020145371055,0.0140381250530481,0,0,0,,0,0,0,100,14,0.14,231.60477984673196,231.60477984673196,0.0,12.86407766990291,12.86407766990291,37.89473684210527,36.0,0.3394687162891045,3.4287499999999995,3.4287499999999995,5.0,0.6857499999999999,0,0,0,0,4222.548010508461,42.22548010508461,7510.411167314585,547.8032557443756,57.940522470379264,148.48320914565676,1,231.76528701574648,0010000001000000001001000000000000010000000010101000000000000000000010110000001000000000001100000000,0.0,231.76528701574648
06ac6393eee7a87a46f65b36cf9d1863821846f32cd08b7f9dd84710f2fa08a1,1,1,20270826,moderate,0.6,5.0,20261730,lagrangian_relaxation,1010010001100000001000000100000000010000000010101000000100000000000010110000001000100000001101000000,1,231.084046591122,0.14567375067723706,0.0089031250681728,300,0,0,False,0,0,0,100,20,0.2,232.6861509596534,232.6861509596534,0.0,18.446601941747577,18.446601941747577,37.89473684210527,36.0,0.4867853290183387,4.810000000000001,4.810000000000001,5.0,0.9620000000000004,0,0,0,0,4163.267879274812,41.63267879274812,7215.552191082106,546.2683725687588,57.60955410529119,257.12559117183395,0,inf,0010010001100000001000000000000000010000000010101000000100000000000010110000001000000000001101000000,0.03,231.420675389008
06ac6393eee7a87a46f65b36cf9d1863821846f32cd08b7f9dd84710f2fa08a1,1,1,20270826,moderate,0.6,5.0,20261730,legacy_count_br,0100010100100000001000000100000000010000000000000000001100000000111010010000001000110000000101010000,1,231.084046591122,1.4900206325228524,0.0025847080396488,306,6,0,False,0,0,0,100,20,0.2,237.12049572223708,237.12049572223708,0.0,18.93203883495146,18.93203883495146,37.89473684210527,36.0,0.4995954692556634,4.9075000000000015,4.9075000000000015,5.0,0.9815000000000004,0,0,0,0,4226.561179979977,42.26561179979977,7492.897233998332,618.4632027175086,64.86169991657704,269.5957962813258,0,inf,0100010000100000001000000100000000010000000000000000000100000000001010010000001000110000000101010000,0.04,234.52724656379843
06ac6393eee7a87a46f65b36cf9d1863821846f32cd08b7f9dd84710f2fa08a1,1,1,20270826,moderate,0.6,5.0,20261730,random_feasible,1100000000100000101000000100000000010000000100001000000000010000011000110000000000000000001101001101,1,231.084046591122,1.5826266671094464,0.0003607500111684,0,0,0,,0,0,0,100,20,0.2,237.2178975979013,237.2178975979013,0.0,18.689320388349515,18.689320388349515,37.89473684210527,36.0,0.493190399137001,4.988750000000001,4.988750000000001,5.0,0.9977500000000002,0,0,0,0,4199.713251299441,41.99713251299441,7367.063023934224,682.3806705992913,73.15119671119932,263.28189437275506,0,inf,1100000000100000001000000100000000010000000100001000000000010000011000110000000000000000001101000100,0.03,234.7412443359087
06ac6393eee7a87a46f65b36cf9d1863821846f32cd08b7f9dd84710f2fa08a1,1,1,20270826,moderate,0.6,5.0,20261730,all_local,0000000000000000000000000000000000000000000000000000000000000000000000000000000000000000000000000000,1,231.084046591122,5.381571593681707,0.0,0,0,0,,0,0,0,100,0,0.0,243.52,243.52,0.0,0.0,0.0,37.89473684210527,36.0,0.0,0.0,0.0,5.0,0.0,0,0,0,0,4579.199999999999,45.79199999999999,9158.399999999998,0.0,0.0,0.0,1,243.52,0000000000000000000000000000000000000000000000000000000000000000000000000000000000000000000000000000,0.0,243.52
06ac6393eee7a87a46f65b36cf9d1863821846f32cd08b7f9dd84710f2fa08a1,1,1,20270826,moderate,0.6,5.0,20261730,all_offload,1111111111111111111111111111111111111111111111111111111111111111111111111111111111111111111111111111,0,231.084046591122,0.14567375067723706,0.0,0,0,0,,0,0,0,100,100,1.0,inf,inf,0.0,99.99999999999996,99.99999999999996,37.89473684210527,36.0,2.638888888888888,26.812499999999993,26.812499999999993,5.0,5.362499999999999,1,1,1,1,inf,inf,109.8821156876574,9308.856992753465,1098.821156876574,inf,0,inf,0010010001100000001000000000000000010000000010101000000100000000000010110000001000000000001101000000,0.83,231.420675389008
06ac6393eee7a87a46f65b36cf9d1863821846f32cd08b7f9dd84710f2fa08a1,1,1,20270826,moderate,0.6,5.0,20261730,qdp_oracle,0010010001000000001000000000000000010000000010101000000100000000000010110000001000000000001100000000,1,231.084046591122,0.0,0.9946722920285538,0,0,0,,0,0,0,100,15,0.15,230.90864468499575,230.90864468499575,0.0,13.592233009708735,13.592233009708735,37.89473684210527,36.0,0.3586839266450916,3.5912499999999996,3.5912499999999996,5.0,0.7182499999999999,0,0,0,0,4229.118986470328,42.29118986470328,7542.718984107368,448.10905036274966,47.93227382444109,159.82338099243057,1,231.084046591122,0010010001000000001000000000000000010000000010101000000100000000000010110000001000000000001100000000,0.0,231.084046591122
06ac6393eee7a87a46f65b36cf9d1863821846f32cd08b7f9dd84710f2fa08a1,1,1,20270826,highly_constrained,0.3,2.0,20261730,wa_mcbr,0000010000000000001000000000000000010000000000000000000000000000000010010000001000000000000101000000,1,235.25174874961692,0.49707197613016896,0.0052062080940231,100,0,0,True,3800,8000,11800,100,8,0.08,235.6566466928927,235.6566466928927,0.0,7.281553398058253,7.281553398058253,18.947368421052634,18.0,0.384304207119741,1.9825,1.9825,2.0,0.99125,0,0,0,0,4383.284149230192,43.83284149230192,8258.695856450893,334.4739757189068,36.98205636161034,176.04467805519053,0,inf,0000000000000000001000000000000000010000000000000000000000000000000010010000001000000000000100000000,0.02,236.42111926600742
06ac6393eee7a87a46f65b36cf9d1863821846f32cd08b7f9dd84710f2fa08a1,1,1,20270826,highly_constrained,0.3,2.0,20261730,wa_mcbr_swap,0000000001000000001000000000000000010000000010000000000000000000000000110000000000000000001100000000,1,235.25174874961692,0.029180946183465475,0.0367282081861048,100,0,4,True,3800,8000,11800,100,8,0.08,234.4730342089171,234.4730342089171,0.0,6.7961165048543695,6.7961165048543695,18.947368421052634,18.0,0.3586839266450917,1.885,1.885,2.0,0.9425,0,0,0,0,4362.989842811283,43.62989842811283,8168.679319411417,313.9069704179499,34.914926427090734,159.8233809924306,0,inf,0000000001000000001000000000000000010000000010000000000000000000000000100000000000000000001100000000,0.01,235.3203974358152
06ac6393eee7a87a46f65b36cf9d1863821846f32cd08b7f9dd84710f2fa08a1,1,1,20270826,highly_constrained,0.3,2.0,20261730,capacity_greedy,0000000001000000001001000000000000010000000010000000000000000000000000110000000000000000000100000000,1,235.25174874961692,0.0,0.0080201660748571,0,0,0,,0,0,0,100,8,0.08,234.78688080129683,234.78688080129683,0.0,7.038834951456311,7.038834951456311,18.947368421052634,18.0,0.3714940668824164,1.96625,1.96625,2.0,0.983125,0,0,0,0,4348.014873895454,43.48014873895454,8096.775451573165,434.0905177727746,46.931446645569295,167.76871915897874,0,inf,0000000001000000001000000000000000010000000010000000000000000000000000110000000000000000000100000000,0.01,235.25174874961692
06ac6393eee7a87a46f65b36cf9d1863821846f32cd08b7f9dd84710f2fa08a1,1,1,20270826,highly_constrained,0.3,2.0,20261730,lagrangian_relaxation,0000000001000000001000000000000000010000000010001000000000000000000000100000000000000000001100000000,1,235.25174874961692,0.029180946183465475,0.0088754999451339,300,0,0,True,0,0,0,100,8,0.08,234.64024303147963,234.64024303147963,0.0,6.553398058252427,6.553398058252427,18.947368421052634,18.0,0.3458737864077669,1.80375,1.80375,2.0,0.901875,0,0,0,0,4370.037403527744,43.700374035277434,8201.070112417612,302.4862016358288,33.76405220143234,152.18923933209643,0,inf,0000000001000000001000000000000000010000000010000000000000000000000000100000000000000000001100000000,0.01,235.3203974358152
06ac6393eee7a87a46f65b36cf9d1863821846f32cd08b7f9dd84710f2fa08a1,1,1,20270826,highly_constrained,0.3,2.0,20261730,legacy_count_br,0000010000000000001000000000000000010000000000000000000000000000000010010000001000000000000101000000,1,235.25174874961692,0.49707197613016896,0.001630957936868,100,0,0,True,0,0,0,100,8,0.08,235.6566466928927,235.6566466928927,0.0,7.281553398058253,7.281553398058253,18.947368421052634,18.0,0.384304207119741,1.9825,1.9825,2.0,0.99125,0,0,0,0,4383.284149230192,43.83284149230192,8258.695856450893,334.4739757189068,36.98205636161034,176.04467805519053,0,inf,0000000000000000001000000000000000010000000000000000000000000000000010010000001000000000000100000000,0.02,236.42111926600742
06ac6393eee7a87a46f65b36cf9d1863821846f32cd08b7f9dd84710f2fa08a1,1,1,20270826,highly_constrained,0.3,2.0,20261730,random_feasible,0000000000000000001000000000000000010000000000001000000000000000000000110000000000000000001101000000,1,235.25174874961692,0.4159772405270715,0.0004642501007765,0,0,0,,0,0,0,100,8,0.08,234.9791164063599,234.9791164063599,0.0,7.281553398058253,7.281553398058253,18.947368421052634,18.0,0.384304207119741,1.9825,1.9825,2.0,0.99125,0,0,0,0,4372.6693104289725,43.72669310428972,8211.874278718153,307.61912556630864,34.28483976910471,176.04467805519053,0,inf,0000000000000000001000000000000000010000000000001000000000000000000000100000000000000000001100000000,0.02,236.23034248235726
06ac6393eee7a87a46f65b36cf9d1863821846f32cd08b7f9dd84710f2fa08a1,1,1,20270826,highly_constrained,0.3,2.0,20261730,all_local,0000000000000000000000000000000000000000000000000000000000000000000000000000000000000000000000000000,1,235.25174874961692,3.5146396548929166,0.0,0,0,0,,0,0,0,100,0,0.0,243.52,243.52,0.0,0.0,0.0,18.947368421052634,18.0,0.0,0.0,0.0,2.0,0.0,0,0,0,0,4579.199999999999,45.79199999999999,9158.399999999998,0.0,0.0,0.0,1,243.52,0000000000000000000000000000000000000000000000000000000000000000000000000000000000000000000000000000,0.0,243.52
06ac6393eee7a87a46f65b36cf9d1863821846f32cd08b7f9dd84710f2fa08a1,1,1,20270826,highly_constrained,0.3,2.0,20261730,all_offload,1111111111111111111111111111111111111111111111111111111111111111111111111111111111111111111111111111,0,235.25174874961692,0.029180946183465475,0.0,0,0,0,,0,0,0,100,100,1.0,inf,inf,0.0,99.99999999999996,99.99999999999996,18.947368421052634,18.0,5.277777777777776,26.812499999999993,26.812499999999993,2.0,13.406249999999996,1,1,1,1,inf,inf,109.8821156876574,9308.856992753465,1098.821156876574,inf,0,inf,0000000001000000001000000000000000010000000010000000000000000000000000100000000000000000001100000000,0.93,235.3203974358152
06ac6393eee7a87a46f65b36cf9d1863821846f32cd08b7f9dd84710f2fa08a1,1,1,20270826,highly_constrained,0.3,2.0,20261730,qdp_oracle,0000000001000000001000000000000000010000000010000000000000000000000000110000000000000000000100000000,1,235.25174874961692,0.0,0.184282207977958,0,0,0,,0,0,0,100,7,0.07,235.15689506205348,235.15689506205348,0.0,5.825242718446602,5.825242718446602,18.947368421052634,18.0,0.3074433656957928,1.64125,1.64125,2.0,0.8206249999999999,0,0,0,0,4385.4563686756655,43.854563686756656,8273.039388562289,305.64278811245464,34.198366041372125,130.98130841121494,1,235.25174874961692,0000000001000000001000000000000000010000000010000000000000000000000000110000000000000000000100000000,0.0,235.25174874961692
06ac6393eee7a87a46f65b36cf9d1863821846f32cd08b7f9dd84710f2fa08a1,1,2,20270923,abundant,1.0,13.0,20261731,wa_mcbr,1010000101000000001010000000000000000000000010100100010000000000001010010000011000000000001100000000,1,229.94663714693945,0.009939685638588092,0.0348912499612197,723,71,0,True,27474,57840,85314,100,17,0.17,229.88167088834047,229.88167088834047,0.0,15.776699029126217,15.776699029126217,63.15789473684211,60.0,0.2497977346278317,4.07875,4.07875,13.0,0.31375,0,0,0,0,4163.2010216235685,41.632010216235685,7233.461162574611,602.6989865956585,62.42132791831915,103.24346184955516,1,229.96949311980836,1010000101000000001010000000000000000000000010100100010000000000001010010000011000000000001100000000,0.0,229.96949311980836
06ac6393eee7a87a46f65b36cf9d1863821846f32cd08b7f9dd84710f2fa08a1,1,2,20270923,abundant,1.0,13.0,20261731,wa_mcbr_swap,1010000101000000001000000000000000000000000010100100010000000000001010110000011000000000001100000000,1,229.94663714693945,0.0,0.0641299169510603,723,71,1,True,27474,57840,85314,100,17,0.17,229.85881491547156,229.85881491547156,0.0,15.776699029126217,15.776699029126217,63.15789473684211,60.0,0.2497977346278317,4.07875,4.07875,13.0,0.31375,0,0,0,0,4167.763735118277,41.67763735118277,7255.0376533639,588.7409568725819,61.03843317060051,103.24346184955516,1,229.94663714693945,1010000101000000001000000000000000000000000010100100010000000000001010110000011000000000001100000000,0.0,229.94663714693945
06ac6393eee7a87a46f65b36cf9d1863821846f32cd08b7f9dd84710f2fa08a1,1,2,20270923,abundant,1.0,13.0,20261731,capacity_greedy,0010000001000000001010000000000000000000000010100100110000000000001010010000011000000000001100000000,1,229.94663714693945,0.03735311230960502,0.0156459589488804,0,0,0,,0,0,0,100,16,0.16,229.95642553917355,229.95642553917355,0.0,14.805825242718448,14.805825242718448,63.15789473684211,60.0,0.2344255663430421,3.835,3.835,13.0,0.295,0,0,0,0,4143.774125680866,41.43774125680866,7143.537611274521,689.3306753975812,71.10070465749193,96.552179656539,1,230.0325293725651,0010000001000000001010000000000000000000000010100100110000000000001010010000011000000000001100000000,0.0,230.0325293725651
06ac6393eee7a87a46f65b36cf9d1863821846f32cd08b7f9dd84710f2fa08a1,1,2,20270923,abundant,1.0,13.0,20261731,lagrangian_relaxation,0000000001000000001000000000000000010000000010000000100000000000000000000000010000000000000110000000,1,229.94663714693945,1.57307413138153,0.0384392910636961,300,0,0,False,0,0,0,100,8,0.08,233.54612155730305,233.54612155730305,0.0,6.553398058252427,6.553398058252427,63.15789473684211,60.0,0.10376213592233,1.80375,1.80375,13.0,0.1387499999999999,0,0,0,0,4285.140554496233,42.851405544962326,7809.078680484496,693.6255070188657,84.83506056199086,48.943805010155714,1,233.5638682118797,0000000001000000001000000000000000010000000010000000100000000000000000000000010000000000000110000000,0.0,233.5638682118797
06ac6393eee7a87a46f65b36cf9d1863821846f32cd08b7f9dd84710f2fa08a1,1,2,20270923,abundant,1.0,13.0,20261731,legacy_count_br,1111000101100001001000000000000000010000000110100100010000000000001010110000011000010000001101001001,1,229.94663714693945,1.818117076754289,0.003385292016901,478,57,0,False,0,0,0,100,27,0.27,233.7823268085756,233.7823268085756,0.0,25.48543689320389,25.48543689320389,63.15789473684211,60.0,0.4035194174757281,6.597500000000001,6.597500000000001,13.0,0.5075000000000001,0,0,0,0,4017.347234993546,40.17347234993546,6511.040881796801,808.9206133399721,82.99562210376024,189.12512716174976,1,234.12733622433018,1111000101100001001000000000000000010000000110100100010000000000001010110000011000010000001101001001,0.0,234.12733622433018
06ac6393eee7a87a46f65b36cf9d1863821846f32cd08b7f9dd84710f2fa08a1,1,2,20270923,abundant,1.0,13.0,20261731,random_feasible,0011111011101001001101010000000100111000010011100011100001011100011011100001001101011100011011001111,1,229.94663714693945,36.13178843488573,6.391596980392933e-05,0,0,0,,0,0,0,100,49,0.49,417.6797038563558,417.6797038563558,0.0,48.300970873786405,48.300970873786405,63.15789473684211,60.0,0.7647653721682847,12.935,12.935,13.0,0.995,0,0,0,0,3794.37433549289,37.9437433549289,4621.676607250643,3819.768757404875,426.05320919680827,832.7687016337054,0,inf,0011111011101001001100000000000000011000000011100010100001010100011011100001001101011100011011001101,0.08,313.030469594006
06ac6393eee7a87a46f65b36cf9d1863821846f32cd08b7f9dd84710f2fa08a1,1,2,20270923,abundant,1.0,13.0,20261731,all_local,0000000000000000000000000000000000000000000000000000000000000000000000000000000000000000000000000000,1,229.94663714693945,5.902831640189184,0.0,0,0,0,,0,0,0,100,0,0.0,243.52,243.52,0.0,0.0,0.0,63.15789473684211,60.0,0.0,0.0,0.0,13.0,0.0,0,0,0,0,4579.199999999999,45.79199999999999,9158.399999999998,0.0,0.0,0.0,1,243.52,0000000000000000000000000000000000000000000000000000000000000000000000000000000000000000000000000000,0.0,243.52
06ac6393eee7a87a46f65b36cf9d1863821846f32cd08b7f9dd84710f2fa08a1,1,2,20270923,abundant,1.0,13.0,20261731,all_offload,1111111111111111111111111111111111111111111111111111111111111111111111111111111111111111111111111111,0,229.94663714693945,17.59349375127818,0.0,0,0,0,,0,0,0,100,100,1.0,inf,inf,0.0,99.99999999999996,99.99999999999996,63.15789473684211,60.0,1.5833333333333328,26.812499999999993,26.812499999999993,13.0,2.0624999999999996,1,1,1,1,inf,inf,111.38022130470856,9226.149433760613,1113.8022130470854,inf,0,inf,1111100111100011001010000100000001010000000110101100011100000000111010110001011101110000011101101001,0.56,270.40228438466056
06ac6393eee7a87a46f65b36cf9d1863821846f32cd08b7f9dd84710f2fa08a1,1,2,20270923,abundant,1.0,13.0,20261731,qdp_oracle,1010000101000000001000000000000000000000000010100100010000000000001010110000011000000000001100000000,1,229.94663714693945,0.0,7.35140283301007,0,0,0,,0,0,0,100,17,0.17,229.85881491547156,229.85881491547156,0.0,15.776699029126217,15.776699029126217,63.15789473684211,60.0,0.2497977346278317,4.07875,4.07875,13.0,0.31375,0,0,0,0,4167.763735118277,41.67763735118277,7255.0376533639,588.7409568725819,61.03843317060051,103.24346184955516,1,229.94663714693945,1010000101000000001000000000000000000000000010100100010000000000001010110000011000000000001100000000,0.0,229.94663714693945
06ac6393eee7a87a46f65b36cf9d1863821846f32cd08b7f9dd84710f2fa08a1,1,2,20270923,moderate,0.6,5.0,20261731,wa_mcbr,0010000001000000001000000000000000000000000010100100010000000000001010010000011000000000001100000000,1,231.14468497362304,0.013815331287510101,0.0336521670687943,686,28,0,True,26068,54880,80948,100,14,0.14,231.0384901017613,231.0384901017613,0.0,12.864077669902912,12.864077669902912,37.89473684210527,36.0,0.3394687162891046,3.3474999999999997,3.3474999999999997,5.0,0.6695,0,0,0,0,4218.226679804101,42.18226679804101,7492.365597991583,524.8510625758169,54.68557082733732,148.4832091456568,1,231.17661837760562,0010000001000000001000000000000000000000000010100100010000000000001010010000011000000000001100000000,0.0,231.17661837760562
06ac6393eee7a87a46f65b36cf9d1863821846f32cd08b7f9dd84710f2fa08a1,1,2,20270923,moderate,0.6,5.0,20261731,wa_mcbr_swap,0010000001000000001000000000000000000000000010100100100000000000001010010000011000000000001100000000,1,231.14468497362304,0.0,0.057916417135857,686,28,1,True,26068,54880,80948,100,14,0.14,231.00655669777873,231.00655669777873,0.0,12.864077669902912,12.864077669902912,37.89473684210527,36.0,0.3394687162891046,3.3474999999999997,3.3474999999999997,5.0,0.6695,0,0,0,0,4193.733318864874,41.937333188648736,7377.276102960265,603.8967097738924,62.57878287603248,148.4832091456568,1,231.14468497362304,0010000001000000001000000000000000000000000010100100100000000000001010010000011000000000001100000000,0.0,231.14468497362304
06ac6393eee7a87a46f65b36cf9d1863821846f32cd08b7f9dd84710f2fa08a1,1,2,20270923,moderate,0.6,5.0,20261731,capacity_greedy,0010000001000000001010000000000000000000000010100100100000000000001010010000010000000000001100000000,1,231.14468497362304,0.022354963276060815,0.0141104579670354,0,0,0,,0,0,0,100,14,0.14,231.05822900721915,231.05822900721915,0.0,12.86407766990291,12.86407766990291,37.89473684210527,36.0,0.3394687162891045,3.3474999999999997,3.3474999999999997,5.0,0.6695,0,0,0,0,4186.905464518957,41.86905464518957,7344.913222856744,630.4785422083967,65.23020405315967,148.48320914565676,1,231.19635728306346,0010000001000000001010000000000000000000000010100100100000000000001010010000010000000000001100000000,0.0,231.19635728306346
06ac6393eee7a87a46f65b36cf9d1863821846f32cd08b7f9dd84710f2fa08a1,1,2,20270923,moderate,0.6,5.0,20261731,lagrangian_relaxation,1010000101000001001000000000000000000000000010100100010000000000001010010000011000010000001101000001,1,231.14468497362304,0.2513884787915588,0.0090299169532954,300,0,0,False,0,0,0,100,20,0.2,232.91586885916308,232.91586885916308,0.0,18.68932038834952,18.68932038834952,37.89473684210527,36.0,0.4931903991370011,4.810000000000001,4.810000000000001,5.0,0.9620000000000004,0,0,0,0,4134.534455305899,41.34534455305899,7078.889386674719,623.4408709222087,64.46933373596983,263.2818943727551,0,inf,1010000101000000001000000000000000000000000010100100010000000000001010010000011000000000001101000000,0.03,231.72575608098578
06ac6393eee7a87a46f65b36cf9d1863821846f32cd08b7f9dd84710f2fa08a1,1,2,20270923,moderate,0.6,5.0,20261731,legacy_count_br,1111000001100001001000000000000000010000000100000100000000000000101000100000001000010000001001001001,1,231.14468497362304,1.3433169932745486,0.0016867499798536,187,8,0,False,0,0,0,100,20,0.2,235.90265354018356,235.90265354018356,0.0,18.93203883495146,18.93203883495146,37.89473684210527,36.0,0.4995954692556634,4.9075000000000015,4.9075000000000015,5.0,0.9815000000000004,0,0,0,0,4212.437084803242,42.12437084803242,7431.626963968483,592.2584438807863,61.34819842415854,269.5957962813258,0,inf,1111000001000001001000000000000000010000000100000100000000000000001000100000001000010000001001000001,0.03,234.24969080592464
06ac6393eee7a87a46f65b36cf9d1863821846f32cd08b7f9dd84710f2fa08a1,1,2,20270923,moderate,0.6,5.0,20261731,random_feasible,0011000001100001001000000000000000010000000010100000000000000000001010100000001001010000011001001001,1,231.14468497362304,1.2032266445873538,0.0003864170284941,0,0,0,,0,0,0,100,20,0.2,235.63548886902095,235.63548886902095,0.0,18.203883495145632,18.203883495145632,37.89473684210527,36.0,0.4803802588996763,4.8100000000000005,4.8100000000000005,5.0,0.962,0,0,0,0,4205.289147711729,42.05289147711729,7399.269274218409,613.3363268087418,63.46371092045534,251.1210587777345,0,inf,0011000001100001001000000000000000010000000010100000000000000000001010100000001000010000001001000001,0.03,233.92587941077318
06ac6393eee7a87a46f65b36cf9d1863821846f32cd08b7f9dd84710f2fa08a1,1,2,20270923,moderate,0.6,5.0,20261731,all_local,0000000000000000000000000000000000000000000000000000000000000000000000000000000000000000000000000000,1,231.14468497362304,5.353925844234388,0.0,0,0,0,,0,0,0,100,0,0.0,243.52,243.52,0.0,0.0,0.0,37.89473684210527,36.0,0.0,0.0,0.0,5.0,0.0,0,0,0,0,4579.199999999999,45.79199999999999,9158.399999999998,0.0,0.0,0.0,1,243.52,0000000000000000000000000000000000000000000000000000000000000000000000000000000000000000000000000000,0.0,243.52
06ac6393eee7a87a46f65b36cf9d1863821846f32cd08b7f9dd84710f2fa08a1,1,2,20270923,moderate,0.6,5.0,20261731,all_offload,1111111111111111111111111111111111111111111111111111111111111111111111111111111111111111111111111111,0,231.14468497362304,0.2513884787915588,0.0,0,0,0,,0,0,0,100,100,1.0,inf,inf,0.0,99.99999999999996,99.99999999999996,37.89473684210527,36.0,2.638888888888888,26.812499999999993,26.812499999999993,5.0,5.362499999999999,1,1,1,1,inf,inf,111.38022130470856,9226.149433760613,1113.8022130470854,inf,0,inf,1010000101000000001000000000000000000000000010100100010000000000001010010000011000000000001101000000,0.83,231.72575608098578
06ac6393eee7a87a46f65b36cf9d1863821846f32cd08b7f9dd84710f2fa08a1,1,2,20270923,moderate,0.6,5.0,20261731,qdp_oracle,0010000001000000001000000000000000000000000010100100100000000000001010010000011000000000001100000000,1,231.14468497362304,0.0,1.1221854579634964,0,0,0,,0,0,0,100,14,0.14,231.00655669777873,231.00655669777873,0.0,12.864077669902912,12.864077669902912,37.89473684210527,36.0,0.3394687162891046,3.3474999999999997,3.3474999999999997,5.0,0.6695,0,0,0,0,4193.733318864874,41.937333188648736,7377.276102960265,603.8967097738924,62.57878287603248,148.4832091456568,1,231.14468497362304,0010000001000000001000000000000000000000000010100100100000000000001010010000011000000000001100000000,0.0,231.14468497362304
06ac6393eee7a87a46f65b36cf9d1863821846f32cd08b7f9dd84710f2fa08a1,1,2,20270923,highly_constrained,0.3,2.0,20261731,wa_mcbr,0010000001000000001000000000000000010000000000000100000000000000001000000000001000000000001000000000,1,233.865195519421,1.042339836993174,0.0053117090137675,100,0,0,True,3800,8000,11800,100,8,0.08,235.8462568001786,235.8462568001786,0.0,7.038834951456311,7.038834951456311,18.947368421052634,18.0,0.3714940668824164,1.90125,1.90125,2.0,0.950625,0,0,0,0,4391.930994828668,43.91930994828668,8298.277492457397,323.60563442451286,34.686557174661864,167.76871915897874,0,inf,0010000001000000001000000000000000010000000000000100000000000000000000000000001000000000001000000000,0.01,236.3028656171819
06ac6393eee7a87a46f65b36cf9d1863821846f32cd08b7f9dd84710f2fa08a1,1,2,20270923,highly_constrained,0.3,2.0,20261731,wa_mcbr_swap,0000000001000000001010000000000000000000000000000000100000000000000010010000010000000000000100000000,1,233.865195519421,0.05635330186967709,0.0516250840155407,100,0,6,True,3800,8000,11800,100,8,0.08,233.4075610458678,233.4075610458678,0.0,7.281553398058253,7.281553398058253,18.947368421052634,18.0,0.384304207119741,1.93375,1.93375,2.0,0.966875,0,0,0,0,4306.933178226455,43.069331782264555,7909.610914199639,490.6026002517448,51.36427495492577,176.04467805519053,0,inf,0000000001000000001010000000000000000000000000000000100000000000000010000000010000000000000100000000,0.01,233.99698627902018
06ac6393eee7a87a46f65b36cf9d1863821846f32cd08b7f9dd84710f2fa08a1,1,2,20270923,highly_constrained,0.3,2.0,20261731,capacity_greedy,0000000001000000001010000000000000000000000000000000100000000000000010010000010000000000000100000000,1,233.865195519421,0.05635330186967709,0.0076955419499427,0,0,0,,0,0,0,100,8,0.08,233.4075610458678,233.4075610458678,0.0,7.281553398058253,7.281553398058253,18.947368421052634,18.0,0.384304207119741,1.93375,1.93375,2.0,0.966875,0,0,0,0,4306.933178226455,43.069331782264555,7909.610914199639,490.6026002517448,51.36427495492577,176.04467805519053,0,inf,0000000001000000001010000000000000000000000000000000100000000000000010000000010000000000000100000000,0.01,233.99698627902018
06ac6393eee7a87a46f65b36cf9d1863821846f32cd08b7f9dd84710f2fa08a1,1,2,20270923,highly_constrained,0.3,2.0,20261731,lagrangian_relaxation,0010000001000000001000000000000000000000000010000000000000000000000010000000010000000000001100000000,1,233.865195519421,0.2875046905461921,0.0100117499241605,300,0,0,True,0,0,0,100,8,0.08,234.03269286930936,234.03269286930936,0.0,6.7961165048543695,6.7961165048543695,18.947368421052634,18.0,0.3586839266450917,1.80375,1.80375,2.0,0.901875,0,0,0,0,4341.957348874058,43.41957348874058,8071.5265005372175,384.8452282648679,40.81256715220521,159.8233809924306,0,inf,0000000001000000001000000000000000000000000010000000000000000000000010000000010000000000001100000000,0.01,234.53756892609437
06ac6393eee7a87a46f65b36cf9d1863821846f32cd08b7f9dd84710f2fa08a1,1,2,20270923,highly_constrained,0.3,2.0,20261731,legacy_count_br,0010000001000000001000000000000000010000000000000100000000000000001000000000001000000000001000000000,1,233.865195519421,1.042339836993174,0.0016411249525845,100,0,0,True,0,0,0,100,8,0.08,235.8462568001786,235.8462568001786,0.0,7.038834951456311,7.038834951456311,18.947368421052634,18.0,0.3714940668824164,1.90125,1.90125,2.0,0.950625,0,0,0,0,4391.930994828668,43.91930994828668,8298.277492457397,323.60563442451286,34.686557174661864,167.76871915897874,0,inf,0010000001000000001000000000000000010000000000000100000000000000000000000000001000000000001000000000,0.01,236.3028656171819
06ac6393eee7a87a46f65b36cf9d1863821846f32cd08b7f9dd84710f2fa08a1,1,2,20270923,highly_constrained,0.3,2.0,20261731,random_feasible,0010000001000000001000000000000000000000000010100000000000000000000010000000001000000000001000000000,1,233.865195519421,0.9650696419380217,0.0005065000150352,0,0,0,,0,0,0,100,8,0.08,235.6450732053093,235.6450732053093,0.0,7.038834951456311,7.038834951456311,18.947368421052634,18.0,0.3714940668824164,1.8525,1.8525,2.0,0.92625,0,0,0,0,4389.436923384745,43.89436923384745,8287.467996216148,311.846703934184,33.499527018628754,167.76871915897874,0,inf,0010000001000000001000000000000000000000000010000000000000000000000010000000001000000000001000000000,0.01,236.12215752443794
06ac6393eee7a87a46f65b36cf9d1863821846f32cd08b7f9dd84710f2fa08a1,1,2,20270923,highly_constrained,0.3,2.0,20261731,all_local,0000000000000000000000000000000000000000000000000000000000000000000000000000000000000000000000000000,1,233.865195519421,4.128363119247145,0.0,0,0,0,,0,0,0,100,0,0.0,243.52,243.52,0.0,0.0,0.0,18.947368421052634,18.0,0.0,0.0,0.0,2.0,0.0,0,0,0,0,4579.199999999999,45.79199999999999,9158.399999999998,0.0,0.0,0.0,1,243.52,0000000000000000000000000000000000000000000000000000000000000000000000000000000000000000000000000000,0.0,243.52
06ac6393eee7a87a46f65b36cf9d1863821846f32cd08b7f9dd84710f2fa08a1,1,2,20270923,highly_constrained,0.3,2.0,20261731,all_offload,1111111111111111111111111111111111111111111111111111111111111111111111111111111111111111111111111111,0,233.865195519421,0.2875046905461921,0.0,0,0,0,,0,0,0,100,100,1.0,inf,inf,0.0,99.99999999999996,99.99999999999996,18.947368421052634,18.0,5.277777777777776,26.812499999999993,26.812499999999993,2.0,13.406249999999996,1,1,1,1,inf,inf,111.38022130470856,9226.149433760613,1113.8022130470854,inf,0,inf,0000000001000000001000000000000000000000000010000000000000000000000010000000010000000000001100000000,0.93,234.53756892609437
06ac6393eee7a87a46f65b36cf9d1863821846f32cd08b7f9dd84710f2fa08a1,1,2,20270923,highly_constrained,0.3,2.0,20261731,qdp_oracle,0000000001000000001010000000000000000000000000000000100000000000000000010000010000000000000100000000,1,233.865195519421,0.0,0.1848640420939773,0,0,0,,0,0,0,100,7,0.07,233.7817855382075,233.7817855382075,0.0,6.310679611650485,6.310679611650485,18.947368421052634,18.0,0.3330636461704422,1.69,1.69,2.0,0.845,0,0,0,0,4328.321970206768,43.28321970206768,8010.34721067779,472.5759529396229,49.60152539857575,144.8483623129802,1,233.865195519421,0000000001000000001010000000000000000000000000000000100000000000000000010000010000000000000100000000,0.0,233.865195519421
06ac6393eee7a87a46f65b36cf9d1863821846f32cd08b7f9dd84710f2fa08a1,1,3,20271020,abundant,1.0,13.0,20261732,wa_mcbr,0011000000000000000100000000000000010000000010001100110000000000100010110000000000000000001100000100,1,229.67582941747088,-1.2374706342626595e-14,0.0256315829465165,523,59,0,True,19874,41840,61714,100,16,0.16,229.5997255840793,229.5997255840793,0.0,14.805825242718448,14.805825242718448,63.15789473684211,60.0,0.2344255663430421,3.88375,3.88375,13.0,0.29875,0,0,0,0,4177.853443043171,41.77853443043171,7305.338339547271,569.2880105416252,58.64622170440993,96.552179656539,1,229.67582941747085,0011000000000000000100000000000000010000000010001100110000000000100010110000000000000000001100000100,0.0,229.67582941747085
06ac6393eee7a87a46f65b36cf9d1863821846f32cd08b7f9dd84710f2fa08a1,1,3,20271020,abundant,1.0,13.0,20261732,wa_mcbr_swap,0011000000000000000100000000000000010000000010001100110000000000100010110000000000000000001100000100,1,229.67582941747088,-1.2374706342626595e-14,0.0392122080083936,523,59,0,True,19874,41840,61714,100,16,0.16,229.5997255840793,229.5997255840793,0.0,14.805825242718448,14.805825242718448,63.15789473684211,60.0,0.2344255663430421,3.88375,3.88375,13.0,0.29875,0,0,0,0,4177.853443043171,41.77853443043171,7305.338339547271,569.2880105416252,58.64622170440993,96.552179656539,1,229.67582941747085,0011000000000000000100000000000000010000000010001100110000000000100010110000000000000000001100000100,0.0,229.67582941747085
06ac6393eee7a87a46f65b36cf9d1863821846f32cd08b7f9dd84710f2fa08a1,1,3,20271020,abundant,1.0,13.0,20261732,capacity_greedy,0011000000000000000100000000000000010000000010001100110000000000100010110000000000000000001100000100,1,229.67582941747088,-1.2374706342626595e-14,0.0156256250338628,0,0,0,,0,0,0,100,16,0.16,229.5997255840793,229.5997255840793,0.0,14.805825242718448,14.805825242718448,63.15789473684211,60.0,0.2344255663430421,3.88375,3.88375,13.0,0.29875,0,0,0,0,4177.853443043171,41.77853443043171,7305.338339547271,569.2880105416252,58.64622170440993,96.552179656539,1,229.67582941747085,0011000000000000000100000000000000010000000010001100110000000000100010110000000000000000001100000100,0.0,229.67582941747085
06ac6393eee7a87a46f65b36cf9d1863821846f32cd08b7f9dd84710f2fa08a1,1,3,20271020,abundant,1.0,13.0,20261732,lagrangian_relaxation,0000000001000000001100000000000000010000010010000000110000000000000000001000010000000000000100000100,1,229.67582941747088,1.73101509684648,0.0309510830556973,300,0,0,False,0,0,0,100,12,0.12,233.60761007437912,233.60761007437912,0.0,9.951456310679612,9.951456310679612,63.15789473684211,60.0,0.1575647249190938,2.7787499999999996,2.7787499999999996,13.0,0.2137499999999999,0,0,0,0,4198.6800285919135,41.98680028591914,7395.633853155951,889.9103458447081,102.82109632927316,66.75870348139256,1,233.65155269849467,0000000001000000001100000000000000010000010010000000110000000000000000001000010000000000000100000100,0.0,233.65155269849467
06ac6393eee7a87a46f65b36cf9d1863821846f32cd08b7f9dd84710f2fa08a1,1,3,20271020,abundant,1.0,13.0,20261732,legacy_count_br,0011110000000001000000000000000001010000000110001100110000000000101010110000000001000000001101110100,1,229.67582941747088,1.641609200285848,0.0039439169922843,571,54,0,False,0,0,0,100,25,0.25,233.18365363931127,233.18365363931127,0.0,23.058252427184463,23.058252427184463,63.15789473684211,60.0,0.365088996763754,6.0287500000000005,6.0287500000000005,13.0,0.46375,0,0,0,0,4087.875764005016,40.87875764005016,6849.061097727595,727.2745869607214,74.44390910377412,163.75597323988526,1,233.4462089640209,0011110000000001000000000000000001010000000110001100110000000000101010110000000001000000001101110100,0.0,233.4462089640209
06ac6393eee7a87a46f65b36cf9d1863821846f32cd08b7f9dd84710f2fa08a1,1,3,20271020,abundant,1.0,13.0,20261732,random_feasible,1000111011011000001101000010111000001100101011101010100011110110110101001111001001011000111010010010,1,229.67582941747088,51.11215140303538,6.437499541789293e-05,0,0,0,,0,0,0,100,49,0.49,520.3628833357368,520.3628833357368,0.0,47.815533980582515,47.815533980582515,63.15789473684211,60.0,0.7570792880258898,12.935,12.935,13.0,0.995,0,0,0,0,3815.060251601243,38.150602516012434,4379.53430939397,5434.740304390788,700.7001917136548,799.142381348875,0,inf,1000111011011000001101000010110000001000101011101010100011110100110000001001001001011000111000010010,0.08,347.06808708550585
06ac6393eee7a87a46f65b36cf9d1863821846f32cd08b7f9dd84710f2fa08a1,1,3,20271020,abundant,1.0,13.0,20261732,all_local,0000000000000000000000000000000000000000000000000000000000000000000000000000000000000000000000000000,1,229.67582941747088,6.027700266781333,0.0,0,0,0,,0,0,0,100,0,0.0,243.52,243.52,0.0,0.0,0.0,63.15789473684211,60.0,0.0,0.0,0.0,13.0,0.0,0,0,0,0,4579.199999999999,45.79199999999999,9158.399999999998,0.0,0.0,0.0,1,243.52,0000000000000000000000000000000000000000000000000000000000000000000000000000000000000000000000000000,0.0,243.52
06ac6393eee7a87a46f65b36cf9d1863821846f32cd08b7f9dd84710f2fa08a1,1,3,20271020,abundant,1.0,13.0,20261732,all_offload,1111111111111111111111111111111111111111111111111111111111111111111111111111111111111111111111111111,0,229.67582941747088,22.320601578513532,0.0,0,0,0,,0,0,0,100,100,1.0,inf,inf,0.0,99.99999999999996,99.99999999999996,63.15789473684211,60.0,1.5833333333333328,26.812499999999993,26.812499999999993,13.0,2.0624999999999996,1,1,1,1,inf,inf,124.43819133425268,10640.30345313918,1244.381913342527,inf,0,inf,1011110011101001000100000100000001010000100110101100111100000000111010110001001101110001011101110100,0.56,280.94085622389093
06ac6393eee7a87a46f65b36cf9d1863821846f32cd08b7f9dd84710f2fa08a1,1,3,20271020,abundant,1.0,13.0,20261732,qdp_oracle,0011000000000000000100000000000000010000000010001100110000000000100010110000000000000000001100000100,1,229.67582941747088,-1.2374706342626595e-14,9.03788533306215,0,0,0,,0,0,0,100,16,0.16,229.5997255840793,229.5997255840793,0.0,14.805825242718448,14.805825242718448,63.15789473684211,60.0,0.2344255663430421,3.88375,3.88375,13.0,0.29875,0,0,0,0,4177.853443043171,41.77853443043171,7305.338339547271,569.2880105416252,58.64622170440993,96.552179656539,1,229.67582941747085,0011000000000000000100000000000000010000000010001100110000000000100010110000000000000000001100000100,0.0,229.67582941747085
06ac6393eee7a87a46f65b36cf9d1863821846f32cd08b7f9dd84710f2fa08a1,1,3,20271020,moderate,0.6,5.0,20261732,wa_mcbr,0011000000000000000100000000000000010000000010001000110000000000000010110000000000000000001100000100,1,230.8217710772304,0.027504817741581453,0.0225656250258907,461,32,0,True,17518,36880,54398,100,14,0.14,230.7471299088288,230.7471299088288,0.0,12.864077669902914,12.864077669902914,37.89473684210527,36.0,0.3394687162891046,3.39625,3.39625,5.0,0.6792499999999999,0,0,0,0,4210.323840303384,42.103238403033835,7456.36872101418,531.7910982388988,54.908643869929,148.4832091456568,1,230.8852581846731,0011000000000000000100000000000000010000000010001000110000000000000010110000000000000000001100000100,0.0,230.8852581846731
06ac6393eee7a87a46f65b36cf9d1863821846f32cd08b7f9dd84710f2fa08a1,1,3,20271020,moderate,0.6,5.0,20261732,wa_mcbr_swap,0001000000000000000100000000000000010000000010001100110000000000100010110000000000000000001100000000,1,230.8217710772304,2.4626541333394776e-14,0.0588251670124009,461,32,2,True,17518,36880,54398,100,14,0.14,230.6905844478929,230.6905844478929,0.0,13.106796116504851,13.106796116504851,37.89473684210527,36.0,0.3458737864077669,3.39625,3.39625,5.0,0.6792499999999999,0,0,0,0,4218.788230264924,42.18788230264924,7495.907562261355,504.11292244823056,50.54016152532142,152.1892393320964,1,230.82177107723047,0001000000000000000100000000000000010000000010001100110000000000100010110000000000000000001100000000,0.0,230.82177107723047
06ac6393eee7a87a46f65b36cf9d1863821846f32cd08b7f9dd84710f2fa08a1,1,3,20271020,moderate,0.6,5.0,20261732,capacity_greedy,0001000000000000000100000000000000010000000010001100110000000000100010110000000000000000001100000000,1,230.8217710772304,2.4626541333394776e-14,0.0138060419121757,0,0,0,,0,0,0,100,14,0.14,230.6905844478929,230.6905844478929,0.0,13.106796116504851,13.106796116504851,37.89473684210527,36.0,0.3458737864077669,3.39625,3.39625,5.0,0.6792499999999999,0,0,0,0,4218.788230264924,42.18788230264924,7495.907562261355,504.11292244823056,50.54016152532142,152.1892393320964,1,230.82177107723047,0001000000000000000100000000000000010000000010001100110000000000100010110000000000000000001100000000,0.0,230.82177107723047
06ac6393eee7a87a46f65b36cf9d1863821846f32cd08b7f9dd84710f2fa08a1,1,3,20271020,moderate,0.6,5.0,20261732,lagrangian_relaxation,0011010000000000000000000000000001010000000110001100110000000000101010110000000001000000001100000100,1,230.8217710772304,0.3095725865413874,0.0083485840586945,300,0,0,False,0,0,0,100,20,0.2,233.03660582414184,233.03660582414184,0.0,18.44660194174757,18.44660194174757,37.89473684210527,36.0,0.4867853290183386,4.8587500000000015,4.8587500000000015,5.0,0.9717500000000004,0,0,0,0,4149.220869222272,41.49220869222272,7147.242094171369,603.9178699417774,62.10470856842896,257.12559117183383,0,inf,0011000000000000000000000000000001010000000010001100110000000000100010110000000001000000001100000100,0.03,231.53633200425483
06ac6393eee7a87a46f65b36cf9d1863821846f32cd08b7f9dd84710f2fa08a1,1,3,20271020,moderate,0.6,5.0,20261732,legacy_count_br,0011110000000001000100000000000001010000000110001000000000000000101010100000000001000000001101010000,1,230.8217710772304,1.4068885733568812,0.0038075420306995,525,18,0,False,0,0,0,100,20,0.2,235.94253049917495,235.94253049917495,0.0,18.446601941747577,18.446601941747577,37.89473684210527,36.0,0.4867853290183387,4.777500000000002,4.777500000000002,5.0,0.9555000000000003,0,0,0,0,4194.322506535626,41.943225065356266,7345.322004263929,658.9997356094754,66.1002131964353,257.12559117183406,0,inf,0011010000000000000100000000000001010000000110001000000000000000101010100000000001000000001100010000,0.03,234.06917619933594
06ac6393eee7a87a46f65b36cf9d1863821846f32cd08b7f9dd84710f2fa08a1,1,3,20271020,moderate,0.6,5.0,20261732,random_feasible,1000110001001000000100000010000000000000100010101000100000000000100000001001000001010000011000010000,1,230.8217710772304,2.883074162371881,0.0003609580453485,0,0,0,,0,0,0,100,20,0.2,241.40795047331977,241.40795047331977,0.0,18.93203883495146,18.93203883495146,37.89473684210527,36.0,0.4995954692556634,4.891250000000001,4.891250000000001,5.0,0.9782500000000004,0,0,0,0,4188.721225345732,41.88721225345732,7295.529831523084,926.4654710052488,96.49157615418576,269.5957962813258,0,inf,0000110001001000000100000000000000000000000010101000100000000000100000001001000001010000011000010000,0.03,237.4765339202872
06ac6393eee7a87a46f65b36cf9d1863821846f32cd08b7f9dd84710f2fa08a1,1,3,20271020,moderate,0.6,5.0,20261732,all_local,0000000000000000000000000000000000000000000000000000000000000000000000000000000000000000000000000000,1,230.8217710772304,5.50131335684142,0.0,0,0,0,,0,0,0,100,0,0.0,243.52,243.52,0.0,0.0,0.0,37.89473684210527,36.0,0.0,0.0,0.0,5.0,0.0,0,0,0,0,4579.199999999999,45.79199999999999,9158.399999999998,0.0,0.0,0.0,1,243.52,0000000000000000000000000000000000000000000000000000000000000000000000000000000000000000000000000000,0.0,243.52
06ac6393eee7a87a46f65b36cf9d1863821846f32cd08b7f9dd84710f2fa08a1,1,3,20271020,moderate,0.6,5.0,20261732,all_offload,1111111111111111111111111111111111111111111111111111111111111111111111111111111111111111111111111111,0,230.8217710772304,0.3095725865413874,0.0,0,0,0,,0,0,0,100,100,1.0,inf,inf,0.0,99.99999999999996,99.99999999999996,37.89473684210527,36.0,2.638888888888888,26.812499999999993,26.812499999999993,5.0,5.362499999999999,1,1,1,1,inf,inf,124.43819133425268,10640.30345313918,1244.381913342527,inf,0,inf,0011000000000000000000000000000001010000000010001100110000000000100010110000000001000000001100000100,0.83,231.53633200425483
06ac6393eee7a87a46f65b36cf9d1863821846f32cd08b7f9dd84710f2fa08a1,1,3,20271020,moderate,0.6,5.0,20261732,qdp_oracle,0001000000000000000100000000000000010000000010001100110000000000100010110000000000000000001100000000,1,230.8217710772304,2.4626541333394776e-14,1.411298666964285,0,0,0,,0,0,0,100,14,0.14,230.6905844478929,230.6905844478929,0.0,13.106796116504851,13.106796116504851,37.89473684210527,36.0,0.3458737864077669,3.39625,3.39625,5.0,0.6792499999999999,0,0,0,0,4218.788230264924,42.18788230264924,7495.907562261355,504.11292244823056,50.54016152532142,152.1892393320964,1,230.82177107723047,0001000000000000000100000000000000010000000010001100110000000000100010110000000000000000001100000000,0.0,230.82177107723047
06ac6393eee7a87a46f65b36cf9d1863821846f32cd08b7f9dd84710f2fa08a1,1,3,20271020,highly_constrained,0.3,2.0,20261732,wa_mcbr,0011000001000000000000000000000001010000000010000000000000000000000000100000000000000000000100000000,1,234.21090764946027,0.9527210646244912,0.0051940840203315,100,0,0,True,3800,8000,11800,100,8,0.08,236.1349607485448,236.1349607485448,0.0,6.7961165048543695,6.7961165048543695,18.947368421052634,18.0,0.3586839266450917,1.80375,1.80375,2.0,0.901875,0,0,0,0,4395.364366874603,43.953643668746025,8312.689807868566,360.72247833297814,36.225983570724345,159.8233809924306,0,inf,0011000001000000000000000000000000010000000010000000000000000000000000100000000000000000000100000000,0.01,236.4422843022849
06ac6393eee7a87a46f65b36cf9d1863821846f32cd08b7f9dd84710f2fa08a1,1,3,20271020,highly_constrained,0.3,2.0,20261732,wa_mcbr_swap,0000000000000000000100000000000000010000000010000000110000000000000010010000000000000000000100000000,1,234.21090764946027,0.07555128114114874,0.0462001670384779,100,0,5,True,3800,8000,11800,100,8,0.08,233.63110085272163,233.63110085272163,0.0,7.281553398058253,7.281553398058253,18.947368421052634,18.0,0.384304207119741,1.93375,1.93375,2.0,0.966875,0,0,0,0,4333.236447622579,43.33236447622579,8031.903517443619,378.5112747672965,37.93968045249414,176.04467805519053,0,inf,0000000000000000000100000000000000010000000010000000110000000000000010000000000000000000000100000000,0.01,234.38785699076175
06ac6393eee7a87a46f65b36cf9d1863821846f32cd08b7f9dd84710f2fa08a1,1,3,20271020,highly_constrained,0.3,2.0,20261732,capacity_greedy,0000000000000000000100000000000000010000000010000000110000000000000010010000000000000000000100000000,1,234.21090764946027,0.07555128114114874,0.0077629999723285,0,0,0,,0,0,0,100,8,0.08,233.63110085272163,233.63110085272163,0.0,7.281553398058253,7.281553398058253,18.947368421052634,18.0,0.384304207119741,1.93375,1.93375,2.0,0.966875,0,0,0,0,4333.236447622579,43.33236447622579,8031.903517443619,378.5112747672965,37.93968045249414,176.04467805519053,0,inf,0000000000000000000100000000000000010000000010000000110000000000000010000000000000000000000100000000,0.01,234.38785699076175
06ac6393eee7a87a46f65b36cf9d1863821846f32cd08b7f9dd84710f2fa08a1,1,3,20271020,highly_constrained,0.3,2.0,20261732,lagrangian_relaxation,0000000000000000000000000000000000010000000010001000110000000000000010100000000000000000000100000000,1,234.21090764946027,0.20260888103878918,0.009958291077055,300,0,0,True,0,0,0,100,8,0.08,234.0855609156606,234.0855609156606,0.0,7.038834951456311,7.038834951456311,18.947368421052634,18.0,0.3714940668824164,1.8525,1.8525,2.0,0.92625,0,0,0,0,4357.388698351308,43.57388698351309,8143.445360706009,305.8185747545272,30.670088250932594,167.76871915897874,0,inf,0000000000000000000000000000000000010000000010001000110000000000000010000000000000000000000100000000,0.01,234.68543974871963
06ac6393eee7a87a46f65b36cf9d1863821846f32cd08b7f9dd84710f2fa08a1,1,3,20271020,highly_constrained,0.3,2.0,20261732,legacy_count_br,0011000001000000000000000000000001010000000010000000000000000000000000100000000000000000000100100000,1,234.21090764946027,0.9439945319253749,0.0016945829847827,123,1,0,False,0,0,0,100,9,0.09,236.19844790333343,236.19844790333343,0.0,7.524271844660195,7.524271844660195,18.947368421052634,18.0,0.3971143473570658,1.99875,1.99875,2.0,0.999375,0,0,0,0,4386.653738806052,43.86653738806052,8269.540555044976,376.8542011943143,37.83944944173791,184.67233281145153,0,inf,0011000001000000000000000000000000010000000010000000000000000000000000100000000000000000000100100000,0.01,236.42184581084396
06ac6393eee7a87a46f65b36cf9d1863821846f32cd08b7f9dd84710f2fa08a1,1,3,20271020,highly_constrained,0.3,2.0,20261732,random_feasible,0000000001000000000100000000000000000000000010001000100000000000100000001000000000000000001000000000,1,234.21090764946027,0.582891571570669,0.0004789170343428,0,0,0,,0,0,0,100,8,0.08,235.3835884600681,235.3835884600681,0.0,7.281553398058253,7.281553398058253,18.947368421052634,18.0,0.384304207119741,1.8525,1.8525,2.0,0.92625,0,0,0,0,4352.570044688332,43.52570044688332,8114.797099702959,495.2109079862847,49.637462869812666,176.04467805519053,0,inf,0000000001000000000100000000000000000000000010001000100000000000000000001000000000000000001000000000,0.01,235.57610328984813
06ac6393eee7a87a46f65b36cf9d1863821846f32cd08b7f9dd84710f2fa08a1,1,3,20271020,highly_constrained,0.3,2.0,20261732,all_local,0000000000000000000000000000000000000000000000000000000000000000000000000000000000000000000000000000,1,234.21090764946027,3.974662172639932,0.0,0,0,0,,0,0,0,100,0,0.0,243.52,243.52,0.0,0.0,0.0,18.947368421052634,18.0,0.0,0.0,0.0,2.0,0.0,0,0,0,0,4579.199999999999,45.79199999999999,9158.399999999998,0.0,0.0,0.0,1,243.52,0000000000000000000000000000000000000000000000000000000000000000000000000000000000000000000000000000,0.0,243.52
06ac6393eee7a87a46f65b36cf9d1863821846f32cd08b7f9dd84710f2fa08a1,1,3,20271020,highly_constrained,0.3,2.0,20261732,all_offload,1111111111111111111111111111111111111111111111111111111111111111111111111111111111111111111111111111,0,234.21090764946027,0.20260888103878918,0.0,0,0,0,,0,0,0,100,100,1.0,inf,inf,0.0,99.99999999999996,99.99999999999996,18.947368421052634,18.0,5.277777777777776,26.812499999999993,26.812499999999993,2.0,13.406249999999996,1,1,1,1,inf,inf,124.43819133425268,10640.30345313918,1244.381913342527,inf,0,inf,0000000000000000000000000000000000010000000010001000110000000000000010000000000000000000000100000000,0.93,234.68543974871963
06ac6393eee7a87a46f65b36cf9d1863821846f32cd08b7f9dd84710f2fa08a1,1,3,20271020,highly_constrained,0.3,2.0,20261732,qdp_oracle,0000000000000000000100000000000000010000000010000000110000000000000000010000000000000000000100000000,1,234.21090764946027,0.0,0.2389308750862255,0,0,0,,0,0,0,100,7,0.07,234.12749766824675,234.12749766824675,0.0,6.310679611650486,6.310679611650486,18.947368421052634,18.0,0.3330636461704423,1.69,1.69,2.0,0.845,0,0,0,0,4354.737902201206,43.547379022012066,8132.652982126576,360.5662378594476,36.14030379660392,144.8483623129802,1,234.21090764946027,0000000000000000000100000000000000010000000010000000110000000000000000010000000000000000000100000000,0.0,234.21090764946027
06ac6393eee7a87a46f65b36cf9d1863821846f32cd08b7f9dd84710f2fa08a1,1,4,20271117,abundant,1.0,13.0,20261733,wa_mcbr,0010000001000000000010000000000000010000000010101000010100000000001010100000010000000000001100000000,1,230.7601729747543,0.020271935683218754,0.0340558330062776,712,59,0,True,27056,56960,84016,100,15,0.15,230.74763372564,230.74763372564,0.0,13.592233009708735,13.592233009708735,63.15789473684211,60.0,0.2152103559870549,3.5099999999999993,3.5099999999999993,13.0,0.2699999999999999,0,0,0,0,4207.775760338727,42.07775760338727,7442.087115659709,589.827321550836,59.14104398059779,88.55670103092781,1,230.80695252860224,0010000001000000000010000000000000010000000010101000010100000000001010100000010000000000001100000000,0.0,230.80695252860224
06ac6393eee7a87a46f65b36cf9d1863821846f32cd08b7f9dd84710f2fa08a1,1,4,20271117,abundant,1.0,13.0,20261733,wa_mcbr_swap,0010000001000000000010000000000000010000000010101000010100000000001000100000010000010000001100000000,1,230.7601729747543,0.0,0.0600174160208553,712,59,1,True,27056,56960,84016,100,15,0.15,230.7008541717921,230.7008541717921,0.0,13.592233009708735,13.592233009708735,63.15789473684211,60.0,0.2152103559870549,3.5099999999999993,3.5099999999999993,13.0,0.2699999999999999,0,0,0,0,4215.374597005236,42.15374597005236,7478.046764971178,563.0830993181344,56.450998078488176,88.55670103092781,1,230.7601729747543,0010000001000000000010000000000000010000000010101000010100000000001000100000010000010000001100000000,0.0,230.7601729747543
06ac6393eee7a87a46f65b36cf9d1863821846f32cd08b7f9dd84710f2fa08a1,1,4,20271117,abundant,1.0,13.0,20261733,capacity_greedy,0010000001000000000010000010000000010000000010101000010100000000001000100000010000000000001100000000,1,230.7601729747543,0.08555565081179932,0.0146252079866826,0,0,0,,0,0,0,100,15,0.15,230.8919702006687,230.8919702006687,0.0,13.834951456310678,13.834951456310678,63.15789473684211,60.0,0.2190533980582523,3.591249999999999,3.591249999999999,13.0,0.2762499999999999,0,0,0,0,4193.396862164581,41.93396862164581,7373.766632454601,642.9998241810847,64.442163640018,90.12432012432012,1,230.9576013425573,0010000001000000000010000010000000010000000010101000010100000000001000100000010000000000001100000000,0.0,230.9576013425573
06ac6393eee7a87a46f65b36cf9d1863821846f32cd08b7f9dd84710f2fa08a1,1,4,20271117,abundant,1.0,13.0,20261733,lagrangian_relaxation,0010000001000000000010000010000000011000000010000000000000000000000000101100010000000000001100000000,1,230.7601729747543,1.6212432421637035,0.0507484170375391,300,0,0,False,0,0,0,100,13,0.13,234.4504620719779,234.4504620719779,0.0,11.650485436893202,11.650485436893202,63.15789473684211,60.0,0.1844660194174757,3.1037499999999993,3.1037499999999993,13.0,0.2387499999999999,0,0,0,0,4199.775164567389,41.99775164567389,7395.75350849734,890.7727322899499,104.11603825686652,76.54761904761904,1,234.5013566847128,0010000001000000000010000010000000011000000010000000000000000000000000101100010000000000001100000000,0.0,234.5013566847128
06ac6393eee7a87a46f65b36cf9d1863821846f32cd08b7f9dd84710f2fa08a1,1,4,20271117,abundant,1.0,13.0,20261733,legacy_count_br,0111000001001000001010100000010000010000000010101100010100000000000010100000000101010000001101000001,1,230.7601729747543,6.169001113667195,0.0020929579623043,295,39,0,False,0,0,0,100,25,0.25,244.7149345313992,244.7149345313992,0.0,23.300970873786408,23.300970873786408,63.15789473684211,60.0,0.3689320388349514,6.11,6.11,13.0,0.47,0,0,0,0,4100.903499928207,41.009034999282065,6861.077252298074,1149.9861509744387,123.0900919229807,166.15384615384616,1,244.99577061546725,0111000001001000001010100000010000010000000010101100010100000000000010100000000101010000001101000001,0.0,244.99577061546725
06ac6393eee7a87a46f65b36cf9d1863821846f32cd08b7f9dd84710f2fa08a1,1,4,20271117,abundant,1.0,13.0,20261733,random_feasible,1000011110010111110000000110111101010100110000110001001001011110111100100001011101000001010100110001,1,230.7601729747543,38.209995526525425,7.599999662488699e-05,0,0,0,,0,0,0,100,47,0.47,407.4505542623458,407.4505542623458,0.0,48.3009708737864,48.3009708737864,63.15789473684211,60.0,0.7647653721682846,12.7725,12.7725,13.0,0.9825,0,0,0,0,3957.9034440413297,39.579034440413295,5418.665753550657,3718.3684056286424,397.14369256718527,832.7687016337048,0,inf,1000011110010111110000000110100001010100110000100000001000011100111100100001011101000001010100110001,0.07,318.93362474541027
06ac6393eee7a87a46f65b36cf9d1863821846f32cd08b7f9dd84710f2fa08a1,1,4,20271117,abundant,1.0,13.0,20261733,all_local,0000000000000000000000000000000000000000000000000000000000000000000000000000000000000000000000000000,1,230.7601729747543,5.529475411964461,0.0,0,0,0,,0,0,0,100,0,0.0,243.52,243.52,0.0,0.0,0.0,63.15789473684211,60.0,0.0,0.0,0.0,13.0,0.0,0,0,0,0,4579.199999999999,45.79199999999999,9158.399999999998,0.0,0.0,0.0,1,243.52,0000000000000000000000000000000000000000000000000000000000000000000000000000000000000000000000000000,0.0,243.52
06ac6393eee7a87a46f65b36cf9d1863821846f32cd08b7f9dd84710f2fa08a1,1,4,20271117,abundant,1.0,13.0,20261733,all_offload,1111111111111111111111111111111111111111111111111111111111111111111111111111111111111111111111111111,0,230.7601729747543,19.018514596206593,0.0,0,0,0,,0,0,0,100,100,1.0,inf,inf,0.0,99.99999999999996,99.99999999999996,63.15789473684211,60.0,1.5833333333333328,26.812499999999993,26.812499999999993,13.0,2.0624999999999996,1,1,1,1,inf,inf,98.00236547886172,8432.47679172558,980.0236547886173,inf,0,inf,1111110101001011000010000100100001011000100010101000011100010000111010100001001101110000011101111001,0.56,274.64733015418955
06ac6393eee7a87a46f65b36cf9d1863821846f32cd08b7f9dd84710f2fa08a1,1,4,20271117,abundant,1.0,13.0,20261733,qdp_oracle,0010000001000000000010000000000000010000000010101000010100000000001000100000010000010000001100000000,1,230.7601729747543,0.0,7.050950708100572,0,0,0,,0,0,0,100,15,0.15,230.7008541717921,230.7008541717921,0.0,13.592233009708735,13.592233009708735,63.15789473684211,60.0,0.2152103559870549,3.5099999999999993,3.5099999999999993,13.0,0.2699999999999999,0,0,0,0,4215.374597005236,42.15374597005236,7478.046764971178,563.0830993181344,56.450998078488176,88.55670103092781,1,230.7601729747543,0010000001000000000010000000000000010000000010101000010100000000001000100000010000010000001100000000,0.0,230.7601729747543
06ac6393eee7a87a46f65b36cf9d1863821846f32cd08b7f9dd84710f2fa08a1,1,4,20271117,moderate,0.6,5.0,20261733,wa_mcbr,0010000001000000000010000000000000010000000010101000010100000000001000100000010000000000001100000000,1,231.75158290545323,0.0,0.0294231669977307,601,26,0,True,22838,48080,70918,100,14,0.14,231.62861598806515,231.62861598806515,0.0,12.621359223300969,12.621359223300969,37.89473684210527,36.0,0.3330636461704422,3.266249999999999,3.266249999999999,5.0,0.6532499999999999,0,0,0,0,4229.66340825997,42.2966340825997,7542.765483553267,545.3950848277674,54.677396661906855,144.84836231298013,1,231.75158290545323,0010000001000000000010000000000000010000000010101000010100000000001000100000010000000000001100000000,0.0,231.75158290545323
06ac6393eee7a87a46f65b36cf9d1863821846f32cd08b7f9dd84710f2fa08a1,1,4,20271117,moderate,0.6,5.0,20261733,wa_mcbr_swap,0010000001000000000010000000000000010000000010101000010100000000001000100000010000000000001100000000,1,231.75158290545323,0.0,0.0418061250820755,601,26,0,True,22838,48080,70918,100,14,0.14,231.62861598806515,231.62861598806515,0.0,12.621359223300969,12.621359223300969,37.89473684210527,36.0,0.3330636461704422,3.266249999999999,3.266249999999999,5.0,0.6532499999999999,0,0,0,0,4229.66340825997,42.2966340825997,7542.765483553267,545.3950848277674,54.677396661906855,144.84836231298013,1,231.75158290545323,0010000001000000000010000000000000010000000010101000010100000000001000100000010000000000001100000000,0.0,231.75158290545323
06ac6393eee7a87a46f65b36cf9d1863821846f32cd08b7f9dd84710f2fa08a1,1,4,20271117,moderate,0.6,5.0,20261733,capacity_greedy,0010000001000000000010000010000000010000000010101000000000000000001000100000010000000000001100000000,1,231.75158290545323,0.10387352058320065,0.0131717500044032,0,0,0,,0,0,0,100,13,0.13,231.87913333875335,231.87913333875335,0.0,11.893203883495143,11.893203883495143,37.89473684210527,36.0,0.3138484358144552,3.1037499999999993,3.1037499999999993,5.0,0.6207499999999999,0,0,0,0,4234.102695889736,42.341026958897366,7564.357123017223,581.241003997271,58.24023209401116,134.3509875208804,1,231.99231143362442,0010000001000000000010000010000000010000000010101000000000000000001000100000010000000000001100000000,0.0,231.99231143362442
06ac6393eee7a87a46f65b36cf9d1863821846f32cd08b7f9dd84710f2fa08a1,1,4,20271117,moderate,0.6,5.0,20261733,lagrangian_relaxation,0110000001001000000010000000000000010000000010101000010100000000011000100000000001010000011101000001,1,231.75158290545323,0.5151020469449956,0.0081753329141065,300,0,0,False,0,0,0,100,21,0.21,234.51737335864053,234.51737335864053,0.0,18.93203883495146,18.93203883495146,37.89473684210527,36.0,0.4995954692556634,4.923750000000001,4.923750000000001,5.0,0.9847500000000002,0,0,0,0,4190.24202864733,41.9024202864733,7330.781565079247,560.9769964486813,56.26500377374987,269.5957962813258,0,inf,0110000001000000000010000000000000010000000010101000010100000000001000100000000001010000011101000000,0.03,232.94534005282665
06ac6393eee7a87a46f65b36cf9d1863821846f32cd08b7f9dd84710f2fa08a1,1,4,20271117,moderate,0.6,5.0,20261733,legacy_count_br,0110000001001000000010000100000000010000000010101000000100000000010010100000000101010000011101000000,1,231.75158290545323,0.6757004065650686,0.0027236669557169,364,13,0,False,0,0,0,100,21,0.21,235.18090284227017,235.18090284227017,0.0,18.932038834951456,18.932038834951456,37.89473684210527,36.0,0.4995954692556633,4.923750000000002,4.923750000000002,5.0,0.9847500000000003,0,0,0,0,4203.900817888,42.03900817888,7391.987503163019,563.7764840996431,56.547769667560054,269.5957962813257,0,inf,0110000001001000000010000000000000010000000010101000000100000000010000100000000001010000011101000000,0.03,233.31752929336636
06ac6393eee7a87a46f65b36cf9d1863821846f32cd08b7f9dd84710f2fa08a1,1,4,20271117,moderate,0.6,5.0,20261733,random_feasible,1000010000000011000000000100100001010000000000100000001000000000111000100000001101000000010100100001,1,231.75158290545323,2.0857553035836154,0.0003579590702429,0,0,0,,0,0,0,100,21,0.21,239.9981802722581,239.9981802722581,0.0,18.932038834951456,18.932038834951456,37.89473684210527,36.0,0.4995954692556633,4.972500000000001,4.972500000000001,5.0,0.9945000000000002,0,0,0,0,4260.487775482856,42.60487775482856,7637.048707333975,667.9173219498957,68.98606352263207,269.5957962813257,0,inf,0000000000000001000000000100100001010000000000100000000000000000111000100000001101000000010100100001,0.04,236.5853538370427
06ac6393eee7a87a46f65b36cf9d1863821846f32cd08b7f9dd84710f2fa08a1,1,4,20271117,moderate,0.6,5.0,20261733,all_local,0000000000000000000000000000000000000000000000000000000000000000000000000000000000000000000000000000,1,231.75158290545323,5.0780309446032525,0.0,0,0,0,,0,0,0,100,0,0.0,243.52,243.52,0.0,0.0,0.0,37.89473684210527,36.0,0.0,0.0,0.0,5.0,0.0,0,0,0,0,4579.199999999999,45.79199999999999,9158.399999999998,0.0,0.0,0.0,1,243.52,0000000000000000000000000000000000000000000000000000000000000000000000000000000000000000000000000000,0.0,243.52
06ac6393eee7a87a46f65b36cf9d1863821846f32cd08b7f9dd84710f2fa08a1,1,4,20271117,moderate,0.6,5.0,20261733,all_offload,1111111111111111111111111111111111111111111111111111111111111111111111111111111111111111111111111111,0,231.75158290545323,0.5151020469449956,0.0,0,0,0,,0,0,0,100,100,1.0,inf,inf,0.0,99.99999999999996,99.99999999999996,37.89473684210527,36.0,2.638888888888888,26.812499999999993,26.812499999999993,5.0,5.362499999999999,1,1,1,1,inf,inf,98.00236547886172,8432.47679172558,980.0236547886173,inf,0,inf,0110000001000000000010000000000000010000000010101000010100000000001000100000000001010000011101000000,0.82,232.94534005282665
06ac6393eee7a87a46f65b36cf9d1863821846f32cd08b7f9dd84710f2fa08a1,1,4,20271117,moderate,0.6,5.0,20261733,qdp_oracle,0010000001000000000010000000000000010000000010101000010100000000001000100000010000000000001100000000,1,231.75158290545323,0.0,1.0272302500670776,0,0,0,,0,0,0,100,14,0.14,231.62861598806515,231.62861598806515,0.0,12.621359223300969,12.621359223300969,37.89473684210527,36.0,0.3330636461704422,3.266249999999999,3.266249999999999,5.0,0.6532499999999999,0,0,0,0,4229.66340825997,42.2966340825997,7542.765483553267,545.3950848277674,54.677396661906855,144.84836231298013,1,231.75158290545323,0010000001000000000010000000000000010000000010101000010100000000001000100000010000000000001100000000,0.0,231.75158290545323
06ac6393eee7a87a46f65b36cf9d1863821846f32cd08b7f9dd84710f2fa08a1,1,4,20271117,highly_constrained,0.3,2.0,20261733,wa_mcbr,0010000000000000000010000000000000000000000010000000000100000000000010100000010000000000000100000000,1,234.74145973051384,0.3837595145213651,0.0051026250002905,100,0,0,True,3800,8000,11800,100,8,0.08,235.40841090963528,235.40841090963528,0.0,7.281553398058253,7.281553398058253,18.947368421052634,18.0,0.384304207119741,1.8525,1.8525,2.0,0.92625,0,0,0,0,4360.239326273651,43.60239326273651,8150.764024923229,453.8711061512014,45.50311540361096,176.04467805519053,0,inf,0010000000000000000010000000000000000000000010000000000100000000000000100000010000000000000100000000,0.01,235.64230241675602
06ac6393eee7a87a46f65b36cf9d1863821846f32cd08b7f9dd84710f2fa08a1,1,4,20271117,highly_constrained,0.3,2.0,20261733,wa_mcbr_swap,0000000001000000000010000000000000010000000010000000000000000000000000100000010000000000001100000000,1,234.74145973051384,0.00040480514640173025,0.0341061250073835,100,0,3,True,3800,8000,11800,100,8,0.08,234.1709164913478,234.1709164913478,0.0,6.7961165048543695,6.7961165048543695,18.947368421052634,18.0,0.3586839266450917,1.80375,1.80375,2.0,0.901875,0,0,0,0,4349.065957756746,43.490659577567456,8103.899284373357,373.421338600709,37.41054666958221,159.8233809924306,0,inf,0000000001000000000010000000000000010000000010000000000000000000000000000000010000000000001100000000,0.01,234.74240997602357
06ac6393eee7a87a46f65b36cf9d1863821846f32cd08b7f9dd84710f2fa08a1,1,4,20271117,highly_constrained,0.3,2.0,20261733,capacity_greedy,0000000001000000000010000010000000010000000010000000000000000000000000000000010000000000001100000000,1,234.74145973051384,0.00040480514640173025,0.007690249942243,0,0,0,,0,0,0,100,8,0.08,234.24606044066536,234.24606044066536,0.0,7.038834951456311,7.038834951456311,18.947368421052634,18.0,0.3714940668824164,1.885,1.885,2.0,0.9425,0,0,0,0,4334.616757875018,43.34616757875018,8035.567987991971,459.3260152183608,45.99849899633426,167.76871915897874,0,inf,0000000001000000000010000000000000010000000010000000000000000000000000000000010000000000001100000000,0.01,234.74240997602357
06ac6393eee7a87a46f65b36cf9d1863821846f32cd08b7f9dd84710f2fa08a1,1,4,20271117,highly_constrained,0.3,2.0,20261733,lagrangian_relaxation,0010000001000000000010000000000000010000000010000000000000000000000000100000000000000000001100000000,1,234.74145973051384,0.19722260256859486,0.0090903330128639,300,0,0,False,0,0,0,100,8,0.08,234.6141687804906,234.6141687804906,0.0,6.7961165048543695,6.7961165048543695,18.947368421052634,18.0,0.3586839266450917,1.80375,1.80375,2.0,0.901875,0,0,0,0,4377.028826009302,43.77028826009302,8233.41564800593,268.77987017032217,26.95600074118988,159.8233809924306,0,inf,0000000001000000000010000000000000010000000010000000000000000000000000100000000000000000001100000000,0.01,235.20442294670187
06ac6393eee7a87a46f65b36cf9d1863821846f32cd08b7f9dd84710f2fa08a1,1,4,20271117,highly_constrained,0.3,2.0,20261733,legacy_count_br,0010000000000000000010000000000000000000000010000000000100000000000010100000010000000000000100000000,1,234.74145973051384,0.3837595145213651,0.0015145828947424,100,0,0,True,0,0,0,100,8,0.08,235.40841090963528,235.40841090963528,0.0,7.281553398058253,7.281553398058253,18.947368421052634,18.0,0.384304207119741,1.8525,1.8525,2.0,0.92625,0,0,0,0,4360.239326273651,43.60239326273651,8150.764024923229,453.8711061512014,45.50311540361096,176.04467805519053,0,inf,0010000000000000000010000000000000000000000010000000000100000000000000100000010000000000000100000000,0.01,235.64230241675602
06ac6393eee7a87a46f65b36cf9d1863821846f32cd08b7f9dd84710f2fa08a1,1,4,20271117,highly_constrained,0.3,2.0,20261733,random_feasible,0000000000000000000000000000000000010000000000100000000000000000001000100000000001000000010100000001,1,234.74145973051384,0.8875388191766685,0.0005007500294595,0,0,0,,0,0,0,100,8,0.08,236.4967380736452,236.4967380736452,0.0,6.7961165048543695,6.7961165048543695,18.947368421052634,18.0,0.3586839266450917,1.8525,1.8525,2.0,0.92625,0,0,0,0,4427.071676797061,44.270716767970605,8460.179876785785,224.1362186401302,22.484598223075015,159.8233809924306,0,inf,0000000000000000000000000000000000010000000000100000000000000000001000100000000001000000010100000000,0.01,236.82488131032412
06ac6393eee7a87a46f65b36cf9d1863821846f32cd08b7f9dd84710f2fa08a1,1,4,20271117,highly_constrained,0.3,2.0,20261733,all_local,0000000000000000000000000000000000000000000000000000000000000000000000000000000000000000000000000000,1,234.74145973051384,3.7396633213255326,0.0,0,0,0,,0,0,0,100,0,0.0,243.52,243.52,0.0,0.0,0.0,18.947368421052634,18.0,0.0,0.0,0.0,2.0,0.0,0,0,0,0,4579.199999999999,45.79199999999999,9158.399999999998,0.0,0.0,0.0,1,243.52,0000000000000000000000000000000000000000000000000000000000000000000000000000000000000000000000000000,0.0,243.52
06ac6393eee7a87a46f65b36cf9d1863821846f32cd08b7f9dd84710f2fa08a1,1,4,20271117,highly_constrained,0.3,2.0,20261733,all_offload,1111111111111111111111111111111111111111111111111111111111111111111111111111111111111111111111111111,0,234.74145973051384,0.19722260256859486,0.0,0,0,0,,0,0,0,100,100,1.0,inf,inf,0.0,99.99999999999996,99.99999999999996,18.947368421052634,18.0,5.277777777777776,26.812499999999993,26.812499999999993,2.0,13.406249999999996,1,1,1,1,inf,inf,98.00236547886172,8432.47679172558,980.0236547886173,inf,0,inf,0000000001000000000010000000000000010000000010000000000000000000000000100000000000000000001100000000,0.93,235.20442294670187
06ac6393eee7a87a46f65b36cf9d1863821846f32cd08b7f9dd84710f2fa08a1,1,4,20271117,highly_constrained,0.3,2.0,20261733,qdp_oracle,0000000001000000000010000000000000010000000010000000000000000000000000000000010000000000011100000000,1,234.74145973051384,0.0,0.1772159580141306,0,0,0,,0,0,0,100,8,0.08,234.62716747776972,234.62716747776972,0.0,6.553398058252427,6.553398058252427,18.947368421052634,18.0,0.3458737864077669,1.755,1.755,2.0,0.8775,0,0,0,0,4363.282478330119,43.6328247833012,8168.686989826632,358.1205519328281,35.87372832898515,152.18923933209643,1,234.74145973051384,0000000001000000000010000000000000010000000010000000000000000000000000000000010000000000011100000000,0.0,234.74145973051384
06ac6393eee7a87a46f65b36cf9d1863821846f32cd08b7f9dd84710f2fa08a1,1,5,20271214,abundant,1.0,13.0,20261734,wa_mcbr,1011010001000000001000000000000000010000000100000000110000000000100010100000011000000000001100000000,1,229.57048163457023,0.0,0.0300359580432996,614,66,0,True,23332,49120,72452,100,17,0.17,229.49054060054428,229.49054060054428,0.0,15.533980582524272,15.533980582524272,63.15789473684211,60.0,0.2459546925566343,4.046250000000001,4.046250000000001,13.0,0.31125,0,0,0,0,4148.968440391288,41.48968440391288,7168.697081915982,614.2455468745437,64.53423035190934,101.5450643776824,1,229.57048163457023,1011010001000000001000000000000000010000000100000000110000000000100010100000011000000000001100000000,0.0,229.57048163457023
06ac6393eee7a87a46f65b36cf9d1863821846f32cd08b7f9dd84710f2fa08a1,1,5,20271214,abundant,1.0,13.0,20261734,wa_mcbr_swap,1011010001000000001000000000000000010000000100000000110000000000100010100000011000000000001100000000,1,229.57048163457023,0.0,0.0445760410511866,614,66,0,True,23332,49120,72452,100,17,0.17,229.49054060054428,229.49054060054428,0.0,15.533980582524272,15.533980582524272,63.15789473684211,60.0,0.2459546925566343,4.046250000000001,4.046250000000001,13.0,0.31125,0,0,0,0,4148.968440391288,41.48968440391288,7168.697081915982,614.2455468745437,64.53423035190934,101.5450643776824,1,229.57048163457023,1011010001000000001000000000000000010000000100000000110000000000100010100000011000000000001100000000,0.0,229.57048163457023
06ac6393eee7a87a46f65b36cf9d1863821846f32cd08b7f9dd84710f2fa08a1,1,5,20271214,abundant,1.0,13.0,20261734,capacity_greedy,1010000001000000001000000000000000010000000000000000110000000000100010100010011000000000001100000000,1,229.57048163457023,0.5896909178974871,0.0149907920276746,0,0,0,,0,0,0,100,15,0.15,230.86491911198056,230.86491911198056,0.0,13.592233009708735,13.592233009708735,63.15789473684211,60.0,0.2152103559870549,3.5587499999999994,3.5587499999999994,13.0,0.2737499999999999,0,0,0,0,4145.826267133678,41.458262671336776,7154.474410946372,726.5277745475609,84.96072975805855,88.55670103092781,1,230.9242379149428,1010000001000000001000000000000000010000000000000000110000000000100010100010011000000000001100000000,0.0,230.9242379149428
06ac6393eee7a87a46f65b36cf9d1863821846f32cd08b7f9dd84710f2fa08a1,1,5,20271214,abundant,1.0,13.0,20261734,lagrangian_relaxation,0000000001000000001000000000000000010000000000000000100000000000000000000010010000000000000100000000,1,229.57048163457023,1.6561664613514473,0.0351078750099986,300,0,0,False,0,0,0,100,7,0.07,233.35986685199288,233.35986685199288,0.0,5.825242718446601,5.825242718446601,63.15789473684211,60.0,0.0922330097087378,1.60875,1.60875,13.0,0.12375,0,0,0,0,4306.0854611005625,43.060854611005624,7909.715202067235,595.3790877044896,73.60029531925385,45.401069518716575,1,233.37255095656496,0000000001000000001000000000000000010000000000000000100000000000000000000010010000000000000100000000,0.0,233.37255095656496
06ac6393eee7a87a46f65b36cf9d1863821846f32cd08b7f9dd84710f2fa08a1,1,5,20271214,abundant,1.0,13.0,20261734,legacy_count_br,1111010001100000001000000100000000010000000100100000110100000000110010110000001000110000011100001000,1,229.57048163457023,1.9553861349152983,0.0035690839868038,500,56,0,False,0,0,0,100,27,0.27,233.71446158655633,233.71446158655633,0.0,25.48543689320388,25.48543689320388,63.15789473684211,60.0,0.4035194174757281,6.5975,6.5975,13.0,0.5075000000000001,0,0,0,0,4043.158730155869,40.431587301558686,6633.3243814583875,757.4945082407793,78.68079475510046,189.12512716174973,1,234.0594710023109,1111010001100000001000000100000000010000000100100000110100000000110010110000001000110000011100001000,0.0,234.0594710023109
06ac6393eee7a87a46f65b36cf9d1863821846f32cd08b7f9dd84710f2fa08a1,1,5,20271214,abundant,1.0,13.0,20261734,random_feasible,1100101101011000001001010111001001011001010010001000100000011001001110001011001000101101110100011001,1,229.57048163457023,50.53989031418681,2.945901360362768e-05,0,0,0,,0,0,0,100,43,0.43,391.1457708640153,391.1457708640153,0.0,41.74757281553397,41.74757281553397,63.15789473684211,60.0,0.6610032362459545,11.26125,11.26125,13.0,0.8662500000000001,0,0,0,0,3898.9063570070607,38.989063570070606,5272.127952309275,3857.793949378838,458.7895885878009,507.4701670644387,0,inf,1100101101011000001001010111000001011001010010001000100000011000001110001011001000101101110100011001,0.02,345.5951512464324
06ac6393eee7a87a46f65b36cf9d1863821846f32cd08b7f9dd84710f2fa08a1,1,5,20271214,abundant,1.0,13.0,20261734,all_local,0000000000000000000000000000000000000000000000000000000000000000000000000000000000000000000000000000,1,229.57048163457023,6.076355403407042,0.0,0,0,0,,0,0,0,100,0,0.0,243.52,243.52,0.0,0.0,0.0,63.15789473684211,60.0,0.0,0.0,0.0,13.0,0.0,0,0,0,0,4579.199999999999,45.79199999999999,9158.399999999998,0.0,0.0,0.0,1,243.52,0000000000000000000000000000000000000000000000000000000000000000000000000000000000000000000000000000,0.0,243.52
06ac6393eee7a87a46f65b36cf9d1863821846f32cd08b7f9dd84710f2fa08a1,1,5,20271214,abundant,1.0,13.0,20261734,all_offload,1111111111111111111111111111111111111111111111111111111111111111111111111111111111111111111111111111,0,229.57048163457023,17.910462445948568,0.0,0,0,0,,0,0,0,100,100,1.0,inf,inf,0.0,99.99999999999996,99.99999999999996,63.15789473684211,60.0,1.5833333333333328,26.812499999999993,26.812499999999993,13.0,2.0624999999999996,1,1,1,1,inf,inf,103.39925013365878,8797.2928540352,1033.9925013365878,inf,0,inf,1111110111101011101000000100000001010000000100100100111100000000110010110001001101110000011101101001,0.57,270.6876165347132
06ac6393eee7a87a46f65b36cf9d1863821846f32cd08b7f9dd84710f2fa08a1,1,5,20271214,abundant,1.0,13.0,20261734,qdp_oracle,1011010001000000001000000000000000010000000100000000110000000000100010100000011000000000001100000000,1,229.57048163457023,0.0,8.130566416075453,0,0,0,,0,0,0,100,17,0.17,229.49054060054428,229.49054060054428,0.0,15.533980582524272,15.533980582524272,63.15789473684211,60.0,0.2459546925566343,4.046250000000001,4.046250000000001,13.0,0.31125,0,0,0,0,4148.968440391288,41.48968440391288,7168.697081915982,614.2455468745437,64.53423035190934,101.5450643776824,1,229.57048163457023,1011010001000000001000000000000000010000000100000000110000000000100010100000011000000000001100000000,0.0,229.57048163457023
06ac6393eee7a87a46f65b36cf9d1863821846f32cd08b7f9dd84710f2fa08a1,1,5,20271214,moderate,0.6,5.0,20261734,wa_mcbr,1010000001000000001000000000000000010000000100000000110000000000100010100000010000000000001100000000,1,230.79160746537207,0.010605684690873654,0.029652833007276,571,35,0,True,21698,45680,67378,100,14,0.14,230.69311757816476,230.69311757816476,0.0,12.621359223300969,12.621359223300969,37.89473684210527,36.0,0.3330636461704422,3.3149999999999995,3.3149999999999995,5.0,0.6629999999999999,0,0,0,0,4199.463645501341,41.994636455013406,7406.028582369371,559.6977449256387,59.184454955129546,144.84836231298013,1,230.81608449555284,1010000001000000001000000000000000010000000100000000110000000000100010100000010000000000001100000000,0.0,230.81608449555284
06ac6393eee7a87a46f65b36cf9d1863821846f32cd08b7f9dd84710f2fa08a1,1,5,20271214,moderate,0.6,5.0,20261734,wa_mcbr_swap,1010000001000000001000000000000000010000000000000000110000000000100010100000011000000000001100000000,1,230.79160746537207,1.2314879965758025e-14,0.0547861660597845,571,35,1,True,21698,45680,67378,100,14,0.14,230.668640547984,230.668640547984,0.0,12.621359223300969,12.621359223300969,37.89473684210527,36.0,0.3330636461704422,3.3149999999999995,3.3149999999999995,5.0,0.6629999999999999,0,0,0,0,4195.616606199129,41.95616606199129,7388.043946449112,570.6235090533952,60.281889222311534,144.84836231298013,1,230.7916074653721,1010000001000000001000000000000000010000000000000000110000000000100010100000011000000000001100000000,0.0,230.7916074653721
06ac6393eee7a87a46f65b36cf9d1863821846f32cd08b7f9dd84710f2fa08a1,1,5,20271214,moderate,0.6,5.0,20261734,capacity_greedy,1010000001000000001000000000000000010000000000000000110000000000000010100010010000000000001100000000,1,230.79160746537207,0.43884448806908916,0.0128784999251365,0,0,0,,0,0,0,100,13,0.13,231.7040631482413,231.7040631482413,0.0,11.650485436893202,11.650485436893202,37.89473684210527,36.0,0.3074433656957928,3.0712499999999996,3.0712499999999996,5.0,0.61425,0,0,0,0,4179.604925198334,41.79604925198334,7312.674044408881,700.1667837683437,82.61880068309544,130.98130841121488,1,231.8044237136599,1010000001000000001000000000000000010000000000000000110000000000000010100010010000000000001100000000,0.0,231.8044237136599
06ac6393eee7a87a46f65b36cf9d1863821846f32cd08b7f9dd84710f2fa08a1,1,5,20271214,moderate,0.6,5.0,20261734,lagrangian_relaxation,1011010001100000001000000000000000010000000100100000110100000000100010100000001000100000001100000000,1,230.79160746537207,0.2150779548957472,0.0084049160359427,300,0,0,False,0,0,0,100,20,0.2,232.4887499431157,232.4887499431157,0.0,18.446601941747577,18.446601941747577,37.89473684210527,36.0,0.4867853290183387,4.777500000000002,4.777500000000002,5.0,0.9555000000000003,0,0,0,0,4142.425418884311,41.42425418884311,7118.428956917848,584.1453530436855,61.44784589242173,257.12559117183395,0,inf,1011010001000000001000000000000000010000000100000000110000000000100010100000001000100000001100000000,0.03,231.2879893347796
06ac6393eee7a87a46f65b36cf9d1863821846f32cd08b7f9dd84710f2fa08a1,1,5,20271214,moderate,0.6,5.0,20261734,legacy_count_br,0110010001100001001000000000000000010000000100100000010100000000010000110000011000100000000001001000,1,230.79160746537207,1.3922021422051043,0.002502082963474,323,13,0,False,0,0,0,100,20,0.2,236.74522510865745,236.74522510865745,0.0,19.174757281553404,19.174757281553404,37.89473684210527,36.0,0.5060005393743259,4.988750000000001,4.988750000000001,5.0,0.9977500000000002,0,0,0,0,4167.317548251538,41.67317548251538,7215.921143342476,729.8039855263022,76.0571671238173,276.07342705063473,0,inf,0110010001100000001000000000000000010000000100100000010100000000010000100000011000100000000000000000,0.04,234.00469316853457
06ac6393eee7a87a46f65b36cf9d1863821846f32cd08b7f9dd84710f2fa08a1,1,5,20271214,moderate,0.6,5.0,20261734,random_feasible,1100100001001000001000000110000001010000000010000000100000000000000010000001001000100000010100001001,1,230.79160746537207,1.7664499054738916,0.0002822089008986,0,0,0,,0,0,0,100,20,0.2,238.01708412358013,238.01708412358013,0.0,18.446601941747577,18.446601941747577,37.89473684210527,36.0,0.4867853290183387,4.842500000000001,4.842500000000001,5.0,0.9685000000000002,0,0,0,0,4186.935377053183,41.86935377053183,7302.400961270388,769.6432614873349,80.04806351936773,257.12559117183395,0,inf,1100100001001000001000000100000001010000000000000000100000000000000010000000001000100000010100001001,0.03,234.8684255972858
06ac6393eee7a87a46f65b36cf9d1863821846f32cd08b7f9dd84710f2fa08a1,1,5,20271214,moderate,0.6,5.0,20261734,all_local,0000000000000000000000000000000000000000000000000000000000000000000000000000000000000000000000000000,1,230.79160746537207,5.515101989372689,0.0,0,0,0,,0,0,0,100,0,0.0,243.52,243.52,0.0,0.0,0.0,37.89473684210527,36.0,0.0,0.0,0.0,5.0,0.0,0,0,0,0,4579.199999999999,45.79199999999999,9158.399999999998,0.0,0.0,0.0,1,243.52,0000000000000000000000000000000000000000000000000000000000000000000000000000000000000000000000000000,0.0,243.52
06ac6393eee7a87a46f65b36cf9d1863821846f32cd08b7f9dd84710f2fa08a1,1,5,20271214,moderate,0.6,5.0,20261734,all_offload,1111111111111111111111111111111111111111111111111111111111111111111111111111111111111111111111111111,0,230.79160746537207,0.2150779548957472,0.0,0,0,0,,0,0,0,100,100,1.0,inf,inf,0.0,99.99999999999996,99.99999999999996,37.89473684210527,36.0,2.638888888888888,26.812499999999993,26.812499999999993,5.0,5.362499999999999,1,1,1,1,inf,inf,103.39925013365878,8797.2928540352,1033.9925013365878,inf,0,inf,1011010001000000001000000000000000010000000100000000110000000000100010100000001000100000001100000000,0.83,231.2879893347796
06ac6393eee7a87a46f65b36cf9d1863821846f32cd08b7f9dd84710f2fa08a1,1,5,20271214,moderate,0.6,5.0,20261734,qdp_oracle,1010000001000000001000000000000000010000000000000000110000000000100010100000011000000000001100000000,1,230.79160746537207,1.2314879965758025e-14,1.1789245000109076,0,0,0,,0,0,0,100,14,0.14,230.668640547984,230.668640547984,0.0,12.621359223300969,12.621359223300969,37.89473684210527,36.0,0.3330636461704422,3.3149999999999995,3.3149999999999995,5.0,0.6629999999999999,0,0,0,0,4195.616606199129,41.95616606199129,7388.043946449112,570.6235090533952,60.281889222311534,144.84836231298013,1,230.7916074653721,1010000001000000001000000000000000010000000000000000110000000000100010100000011000000000001100000000,0.0,230.7916074653721
06ac6393eee7a87a46f65b36cf9d1863821846f32cd08b7f9dd84710f2fa08a1,1,5,20271214,highly_constrained,0.3,2.0,20261734,wa_mcbr,0010000001000000001000000000000000000000000100100000010000000000000000000000011000000000000000000000,1,233.89728112412377,0.8665312409283712,0.0052876670379191,100,0,0,True,3800,8000,11800,100,8,0.08,235.65342206779695,235.65342206779695,0.0,7.281553398058253,7.281553398058253,18.947368421052634,18.0,0.384304207119741,1.90125,1.90125,2.0,0.950625,0,0,0,0,4365.696355565214,43.65696355565214,8175.977546447928,435.9997675964571,47.19330599090527,176.04467805519053,0,inf,0010000001000000001000000000000000000000000000100000010000000000000000000000011000000000000000000000,0.01,235.92407413674636
06ac6393eee7a87a46f65b36cf9d1863821846f32cd08b7f9dd84710f2fa08a1,1,5,20271214,highly_constrained,0.3,2.0,20261734,wa_mcbr_swap,0000000001000000001000000000000000010000000000000000100000000000000010000000010000000000001100000000,1,233.89728112412377,1.2151363749851063e-14,0.0488788760267198,100,0,5,True,3800,8000,11800,100,8,0.08,233.3639656085814,233.3639656085814,0.0,6.7961165048543695,6.7961165048543695,18.947368421052634,18.0,0.3586839266450917,1.8525,1.8525,2.0,0.92625,0,0,0,0,4312.9536399496865,43.129536399496864,7938.396237088621,459.3816127183512,49.52963607754639,159.8233809924306,0,inf,0000000001000000001000000000000000010000000000000000100000000000000010000000010000000000000100000000,0.01,233.8972811241238
06ac6393eee7a87a46f65b36cf9d1863821846f32cd08b7f9dd84710f2fa08a1,1,5,20271214,highly_constrained,0.3,2.0,20261734,capacity_greedy,0000000001000000001000000000000000010000000000000000100000000000000010000010010000000000000100000000,1,233.89728112412377,1.2151363749851063e-14,0.0081026669358834,0,0,0,,0,0,0,100,8,0.08,233.65835876341652,233.65835876341652,0.0,6.7961165048543695,6.7961165048543695,18.947368421052634,18.0,0.3586839266450917,1.8525,1.8525,2.0,0.92625,0,0,0,0,4285.323212311201,42.85323212311201,7808.994158483437,605.5781579076667,74.26981042949201,159.8233809924306,0,inf,0000000001000000001000000000000000010000000000000000100000000000000010000000010000000000000100000000,0.01,233.8972811241238
06ac6393eee7a87a46f65b36cf9d1863821846f32cd08b7f9dd84710f2fa08a1,1,5,20271214,highly_constrained,0.3,2.0,20261734,lagrangian_relaxation,0010000001000000001000000000000000010000000000000000100000000000000010000000000000000000001100000000,1,233.89728112412377,0.2302076763001654,0.0091563329333439,300,0,0,True,0,0,0,100,8,0.08,233.83565088423035,233.83565088423035,0.0,6.7961165048543695,6.7961165048543695,18.947368421052634,18.0,0.3586839266450917,1.8525,1.8525,2.0,0.92625,0,0,0,0,4340.945139389083,43.40945139389083,8067.915424199812,358.31904264290137,39.42802497631427,159.8233809924306,0,inf,0000000001000000001000000000000000010000000000000000100000000000000010000000000000000000001100000000,0.01,234.43573061992888
06ac6393eee7a87a46f65b36cf9d1863821846f32cd08b7f9dd84710f2fa08a1,1,5,20271214,highly_constrained,0.3,2.0,20261734,legacy_count_br,0010000001000000001000000000000000000000000100100000010000000000000000000000011000000000000000000000,1,233.89728112412377,0.8665312409283712,0.0015485000330954,100,0,0,True,0,0,0,100,8,0.08,235.65342206779695,235.65342206779695,0.0,7.281553398058253,7.281553398058253,18.947368421052634,18.0,0.384304207119741,1.90125,1.90125,2.0,0.950625,0,0,0,0,4365.696355565214,43.65696355565214,8175.977546447928,435.9997675964571,47.19330599090527,176.04467805519053,0,inf,0010000001000000001000000000000000000000000000100000010000000000000000000000011000000000000000000000,0.01,235.92407413674636
06ac6393eee7a87a46f65b36cf9d1863821846f32cd08b7f9dd84710f2fa08a1,1,5,20271214,highly_constrained,0.3,2.0,20261734,random_feasible,1000000001000000001000000000000000010000000000000000100000000000000010000000001000000000000100000000,1,233.89728112412377,0.3038466844774108,0.0004097908968105,0,0,0,,0,0,0,100,8,0.08,234.137633445454,234.137633445454,0.0,6.7961165048543695,6.7961165048543695,18.947368421052634,18.0,0.3586839266450917,1.8525,1.8525,2.0,0.92625,0,0,0,0,4351.949834637304,43.51949834637304,8118.295795631679,333.90594867046866,36.97445395970393,159.8233809924306,0,inf,1000000001000000001000000000000000010000000000000000100000000000000010000000000000000000000100000000,0.01,234.60797025790222
06ac6393eee7a87a46f65b36cf9d1863821846f32cd08b7f9dd84710f2fa08a1,1,5,20271214,highly_constrained,0.3,2.0,20261734,all_local,0000000000000000000000000000000000000000000000000000000000000000000000000000000000000000000000000000,1,233.89728112412377,4.1140789792976244,0.0,0,0,0,,0,0,0,100,0,0.0,243.52,243.52,0.0,0.0,0.0,18.947368421052634,18.0,0.0,0.0,0.0,2.0,0.0,0,0,0,0,4579.199999999999,45.79199999999999,9158.399999999998,0.0,0.0,0.0,1,243.52,0000000000000000000000000000000000000000000000000000000000000000000000000000000000000000000000000000,0.0,243.52
06ac6393eee7a87a46f65b36cf9d1863821846f32cd08b7f9dd84710f2fa08a1,1,5,20271214,highly_constrained,0.3,2.0,20261734,all_offload,1111111111111111111111111111111111111111111111111111111111111111111111111111111111111111111111111111,0,233.89728112412377,0.2302076763001654,0.0,0,0,0,,0,0,0,100,100,1.0,inf,inf,0.0,99.99999999999996,99.99999999999996,18.947368421052634,18.0,5.277777777777776,26.812499999999993,26.812499999999993,2.0,13.406249999999996,1,1,1,1,inf,inf,103.39925013365878,8797.2928540352,1033.9925013365878,inf,0,inf,0000000001000000001000000000000000010000000000000000100000000000000010000000000000000000001100000000,0.93,234.43573061992888
06ac6393eee7a87a46f65b36cf9d1863821846f32cd08b7f9dd84710f2fa08a1,1,5,20271214,highly_constrained,0.3,2.0,20261734,qdp_oracle,0000000001000000001000000000000000010000000000000000100000000000000010000000010000000000000100000000,1,233.89728112412377,1.2151363749851063e-14,0.2093738749390468,0,0,0,,0,0,0,100,7,0.07,233.82299421363817,233.82299421363817,0.0,5.825242718446601,5.825242718446601,18.947368421052634,18.0,0.3074433656957928,1.60875,1.60875,2.0,0.804375,0,0,0,0,4335.195797917468,43.35195797917468,8042.733776579537,439.8469655127132,47.68236850535186,130.98130841121488,1,233.8972811241238,0000000001000000001000000000000000010000000000000000100000000000000010000000010000000000000100000000,0.0,233.8972811241238
06ac6393eee7a87a46f65b36cf9d1863821846f32cd08b7f9dd84710f2fa08a1,1,6,20271311,abundant,1.0,13.0,20261735,wa_mcbr,0010000001000001001000000000000000010000000100001000010100000000001000110000001000010000001100010000,1,230.51836430675783,0.015557703453571053,0.0311544579453766,636,61,0,True,24168,50880,75048,100,17,0.17,230.4664054388148,230.4664054388148,0.0,15.776699029126217,15.776699029126217,63.15789473684211,60.0,0.2497977346278317,4.1275,4.1275,13.0,0.3175,0,0,0,0,4207.215380828196,42.07215380828197,7438.53134023091,509.4259986325536,54.784719465308505,103.24346184955516,1,230.5542276702827,0010000001000001001000000000000000010000000100001000010100000000001000110000001000010000001100010000,0.0,230.5542276702827
06ac6393eee7a87a46f65b36cf9d1863821846f32cd08b7f9dd84710f2fa08a1,1,6,20271311,abundant,1.0,13.0,20261735,wa_mcbr_swap,0010000001000001001000000000000000010000000100101000000100000000001000110000001000010000001100010000,1,230.51836430675783,-1.232947731339199e-14,0.060213791904971,636,61,1,True,24168,50880,75048,100,17,0.17,230.4305420752899,230.4305420752899,0.0,15.776699029126217,15.776699029126217,63.15789473684211,60.0,0.2497977346278317,4.1275,4.1275,13.0,0.3175,0,0,0,0,4212.531592258862,42.12531592258861,7463.702768637362,492.73255337756615,53.104037491821686,103.24346184955516,1,230.5183643067578,0010000001000001001000000000000000010000000100101000000100000000001000110000001000010000001100010000,0.0,230.5183643067578
06ac6393eee7a87a46f65b36cf9d1863821846f32cd08b7f9dd84710f2fa08a1,1,6,20271311,abundant,1.0,13.0,20261735,capacity_greedy,0010000001000000001100000000000000010000000100001010000100000000001000110000001000010000001100000000,1,230.51836430675783,0.18631878918343708,0.0158282910706475,0,0,0,,0,0,0,100,16,0.16,230.86453945178064,230.86453945178064,0.0,15.04854368932039,15.04854368932039,63.15789473684211,60.0,0.2382686084142395,3.965,3.965,13.0,0.305,0,0,0,0,4174.634306920611,41.74634306920611,7287.546135485898,616.4445011786397,71.63346786859854,98.19968135953266,1,230.94786333197965,0010000001000000001100000000000000010000000100001010000100000000001000110000001000010000001100000000,0.0,230.94786333197965
06ac6393eee7a87a46f65b36cf9d1863821846f32cd08b7f9dd84710f2fa08a1,1,6,20271311,abundant,1.0,13.0,20261735,lagrangian_relaxation,0010000001000000001100000000000000010000000000001010100010010000000000100000000000000000000100000000,1,230.51836430675783,1.1185917978252984,0.0280779169406741,300,0,0,False,0,0,0,100,12,0.12,233.05552999269435,233.05552999269435,0.0,10.194174757281552,10.194174757281552,63.15789473684211,60.0,0.1614077669902912,2.8274999999999997,2.8274999999999997,13.0,0.2174999999999999,0,0,0,0,4221.807934263253,42.21807934263253,7507.068570169899,749.2091866748508,89.04751415817391,68.11866859623733,1,233.09692382237427,0010000001000000001100000000000000010000000000001010100010010000000000100000000000000000000100000000,0.0,233.09692382237427
06ac6393eee7a87a46f65b36cf9d1863821846f32cd08b7f9dd84710f2fa08a1,1,6,20271311,abundant,1.0,13.0,20261735,legacy_count_br,1010000011000011000000000000000000010000000100101100010100000000111000110000001000110000001101010001,1,230.51836430675783,1.4982629492507742,0.0032199999550357,450,52,0,False,0,0,0,100,26,0.26,233.7030802929077,233.7030802929077,0.0,24.75728155339806,24.75728155339806,63.15789473684211,60.0,0.3919902912621359,6.32125,6.32125,13.0,0.48625,0,0,0,0,4101.210581887191,41.01210581887192,6906.616051549171,696.1524278737072,69.84813650655566,181.1776447105788,1,233.9721355503849,1010000011000011000000000000000000010000000100101100010100000000111000110000001000110000001101010001,0.0,233.9721355503849
06ac6393eee7a87a46f65b36cf9d1863821846f32cd08b7f9dd84710f2fa08a1,1,6,20271311,abundant,1.0,13.0,20261735,random_feasible,1001100110000000011110011110001000001000110101010101111001000010111100010111001011110110011011010110,1,230.51836430675783,44.53018013672017,2.7416972443461415e-05,0,0,0,,0,0,0,100,49,0.49,529.4211842151278,529.4211842151278,0.0,48.786407766990294,48.786407766990294,63.15789473684211,60.0,0.7724514563106796,12.95125,12.95125,13.0,0.99625,0,0,0,0,3862.89741778169,38.6289741778169,4537.828695064858,5623.117369694339,698.544797241972,868.6666666666665,0,inf,1001100110000000011110000110000000000000110101010101111000000010111100010001001011110100011001010110,0.09,333.16860718077794
06ac6393eee7a87a46f65b36cf9d1863821846f32cd08b7f9dd84710f2fa08a1,1,6,20271311,abundant,1.0,13.0,20261735,all_local,0000000000000000000000000000000000000000000000000000000000000000000000000000000000000000000000000000,1,230.51836430675783,5.64017349868946,0.0,0,0,0,,0,0,0,100,0,0.0,243.52,243.52,0.0,0.0,0.0,63.15789473684211,60.0,0.0,0.0,0.0,13.0,0.0,0,0,0,0,4579.199999999999,45.79199999999999,9158.399999999998,0.0,0.0,0.0,1,243.52,0000000000000000000000000000000000000000000000000000000000000000000000000000000000000000000000000000,0.0,243.52
06ac6393eee7a87a46f65b36cf9d1863821846f32cd08b7f9dd84710f2fa08a1,1,6,20271311,abundant,1.0,13.0,20261735,all_offload,1111111111111111111111111111111111111111111111111111111111111111111111111111111111111111111111111111,0,230.51836430675783,18.904730802747373,0.0,0,0,0,,0,0,0,100,100,1.0,inf,inf,0.0,99.99999999999996,99.99999999999996,63.15789473684211,60.0,1.5833333333333328,26.812499999999993,26.812499999999993,13.0,2.0624999999999996,1,1,1,1,inf,inf,111.39237842393312,9527.268120628034,1113.923784239331,inf,0,inf,1111110111101011001000000100000001010000001100101100010110110000111010110000001100110000011101011001,0.56,274.0972405298469
06ac6393eee7a87a46f65b36cf9d1863821846f32cd08b7f9dd84710f2fa08a1,1,6,20271311,abundant,1.0,13.0,20261735,qdp_oracle,0010000001000001001000000000000000010000000100101000000100000000001000110000001000010000001100010000,1,230.51836430675783,-1.232947731339199e-14,9.2747163339518,0,0,0,,0,0,0,100,17,0.17,230.4305420752899,230.4305420752899,0.0,15.776699029126217,15.776699029126217,63.15789473684211,60.0,0.2497977346278317,4.1275,4.1275,13.0,0.3175,0,0,0,0,4212.531592258862,42.12531592258861,7463.702768637362,492.73255337756615,53.104037491821686,103.24346184955516,1,230.5183643067578,0010000001000001001000000000000000010000000100101000000100000000001000110000001000010000001100010000,0.0,230.5183643067578
06ac6393eee7a87a46f65b36cf9d1863821846f32cd08b7f9dd84710f2fa08a1,1,6,20271311,moderate,0.6,5.0,20261735,wa_mcbr,0010000001000000001000000000000000010000000100001000000100000000001000110000001000010000001100000000,1,231.8467159522694,2.451767264734966e-14,0.0229248750256374,460,18,0,True,17480,36800,54280,100,14,0.14,231.7085876764251,231.7085876764251,0.0,12.864077669902912,12.864077669902912,37.89473684210527,36.0,0.3394687162891046,3.39625,3.39625,5.0,0.6792499999999999,0,0,0,0,4259.286501922917,42.592865019229166,7683.056746405745,429.12407106267943,46.91045755321311,148.4832091456568,1,231.84671595226945,0010000001000000001000000000000000010000000100001000000100000000001000110000001000010000001100000000,0.0,231.84671595226945
06ac6393eee7a87a46f65b36cf9d1863821846f32cd08b7f9dd84710f2fa08a1,1,6,20271311,moderate,0.6,5.0,20261735,wa_mcbr_swap,0010000001000000001000000000000000010000000100001000000100000000001000110000001000010000001100000000,1,231.8467159522694,2.451767264734966e-14,0.0355757920769974,460,18,0,True,17480,36800,54280,100,14,0.14,231.7085876764251,231.7085876764251,0.0,12.864077669902912,12.864077669902912,37.89473684210527,36.0,0.3394687162891046,3.39625,3.39625,5.0,0.6792499999999999,0,0,0,0,4259.286501922917,42.592865019229166,7683.056746405745,429.12407106267943,46.91045755321311,148.4832091456568,1,231.84671595226945,0010000001000000001000000000000000010000000100001000000100000000001000110000001000010000001100000000,0.0,231.84671595226945
06ac6393eee7a87a46f65b36cf9d1863821846f32cd08b7f9dd84710f2fa08a1,1,6,20271311,moderate,0.6,5.0,20261735,capacity_greedy,0010000001000000001100000000000000010000000100001010000000000000001000110000001000010000000100000000,1,231.8467159522694,0.11161442126279277,0.0144686249550431,0,0,0,,0,0,0,100,14,0.14,231.95155251718236,231.95155251718236,0.0,13.106796116504857,13.106796116504857,37.89473684210527,36.0,0.3458737864077669,3.4774999999999996,3.4774999999999996,5.0,0.6954999999999999,0,0,0,0,4213.981462597398,42.139814625973976,7470.930210419743,560.7723747677596,66.44360141020358,152.18923933209643,1,232.1054903224963,0010000001000000001100000000000000010000000100001010000000000000001000110000001000010000000100000000,0.0,232.1054903224963
06ac6393eee7a87a46f65b36cf9d1863821846f32cd08b7f9dd84710f2fa08a1,1,6,20271311,moderate,0.6,5.0,20261735,lagrangian_relaxation,0010000001000001000000000000000000010000000100101000000100010000101000110000001000010000001101010001,1,231.8467159522694,0.2561702047906637,0.0078304579947143,300,0,0,False,0,0,0,100,20,0.2,233.5343859389852,233.5343859389852,0.0,18.446601941747577,18.446601941747577,37.89473684210527,36.0,0.4867853290183387,4.777500000000001,4.777500000000001,5.0,0.9555,0,0,0,0,4198.032674578498,41.98032674578498,7373.852469658715,524.5081377530654,52.62348293573451,257.12559117183406,0,inf,0010000001000001000000000000000000010000000100101000000100010000001000110000001000010000001100010000,0.03,232.44063815932475
06ac6393eee7a87a46f65b36cf9d1863821846f32cd08b7f9dd84710f2fa08a1,1,6,20271311,moderate,0.6,5.0,20261735,legacy_count_br,0010000010000011001000000000000000000000000100101100010000000000111000110000000000010000000101010001,1,231.8467159522694,0.6379711139538072,0.0013121250085532,100,0,0,False,0,0,0,100,20,0.2,235.3953134885048,235.3953134885048,0.0,19.1747572815534,19.1747572815534,37.89473684210527,36.0,0.5060005393743258,4.9075000000000015,4.9075000000000015,5.0,0.9815000000000004,0,0,0,0,4201.832266540315,42.01832266540315,7384.825466967346,575.53989996509,61.27334836730112,276.0734270506346,0,inf,0010000000000001001000000000000000000000000100101000010000000000101000110000000000010000000101010001,0.04,233.3258310286954
06ac6393eee7a87a46f65b36cf9d1863821846f32cd08b7f9dd84710f2fa08a1,1,6,20271311,moderate,0.6,5.0,20261735,random_feasible,1000100010000000001100000100000000000000000100000100010000000000111000010000001000110000011001010000,1,231.8467159522694,1.5361479719968378,0.0003875000402331,0,0,0,,0,0,0,100,20,0.2,238.5247569498243,238.5247569498243,0.0,19.1747572815534,19.1747572815534,37.89473684210527,36.0,0.5060005393743258,4.9075000000000015,4.9075000000000015,5.0,0.9815000000000004,0,0,0,0,4226.364717231962,42.263647172319615,7485.838999479333,682.1624345474723,71.94997396670266,276.0734270506346,0,inf,1000000010000000001000000000000000000000000100000100010000000000111000010000001000110000001001010000,0.04,235.40822457751145
06ac6393eee7a87a46f65b36cf9d1863821846f32cd08b7f9dd84710f2fa08a1,1,6,20271311,moderate,0.6,5.0,20261735,all_local,0000000000000000000000000000000000000000000000000000000000000000000000000000000000000000000000000000,1,231.8467159522694,5.034914555414195,0.0,0,0,0,,0,0,0,100,0,0.0,243.52,243.52,0.0,0.0,0.0,37.89473684210527,36.0,0.0,0.0,0.0,5.0,0.0,0,0,0,0,4579.199999999999,45.79199999999999,9158.399999999998,0.0,0.0,0.0,1,243.52,0000000000000000000000000000000000000000000000000000000000000000000000000000000000000000000000000000,0.0,243.52
06ac6393eee7a87a46f65b36cf9d1863821846f32cd08b7f9dd84710f2fa08a1,1,6,20271311,moderate,0.6,5.0,20261735,all_offload,1111111111111111111111111111111111111111111111111111111111111111111111111111111111111111111111111111,0,231.8467159522694,0.2561702047906637,0.0,0,0,0,,0,0,0,100,100,1.0,inf,inf,0.0,99.99999999999996,99.99999999999996,37.89473684210527,36.0,2.638888888888888,26.812499999999993,26.812499999999993,5.0,5.362499999999999,1,1,1,1,inf,inf,111.39237842393312,9527.268120628034,1113.923784239331,inf,0,inf,0010000001000001000000000000000000010000000100101000000100010000001000110000001000010000001100010000,0.83,232.44063815932475
06ac6393eee7a87a46f65b36cf9d1863821846f32cd08b7f9dd84710f2fa08a1,1,6,20271311,moderate,0.6,5.0,20261735,qdp_oracle,0010000001000000001000000000000000010000000100001000000100000000001000110000001000010000001100000000,1,231.8467159522694,2.451767264734966e-14,1.4052666670177132,0,0,0,,0,0,0,100,14,0.14,231.7085876764251,231.7085876764251,0.0,12.864077669902912,12.864077669902912,37.89473684210527,36.0,0.3394687162891046,3.39625,3.39625,5.0,0.6792499999999999,0,0,0,0,4259.286501922917,42.592865019229166,7683.056746405745,429.12407106267943,46.91045755321311,148.4832091456568,1,231.84671595226945,0010000001000000001000000000000000010000000100001000000100000000001000110000001000010000001100000000,0.0,231.84671595226945
06ac6393eee7a87a46f65b36cf9d1863821846f32cd08b7f9dd84710f2fa08a1,1,6,20271311,highly_constrained,0.3,2.0,20261735,wa_mcbr,0010000000000000001000000000000000000000000000001000000000000000001000110000000000010000000100000000,1,235.11552257573,0.4178584389403863,0.0053557920036837,100,0,0,True,3800,8000,11800,100,8,0.08,235.27796216006607,235.27796216006607,0.0,7.524271844660195,7.524271844660195,18.947368421052634,18.0,0.3971143473570658,1.9825,1.9825,2.0,0.99125,0,0,0,0,4382.863021486436,43.82863021486436,8258.655330194897,273.2053529931168,31.91627436227157,184.67233281145153,0,inf,0010000000000000001000000000000000000000000000001000000000000000000000110000000000000000000100000000,0.02,236.0979726280715
06ac6393eee7a87a46f65b36cf9d1863821846f32cd08b7f9dd84710f2fa08a1,1,6,20271311,highly_constrained,0.3,2.0,20261735,wa_mcbr_swap,0010000001000000001100000000000000010000000000000000000000000000000000010000001000000000000100000000,1,235.11552257573,0.07198115045104399,0.0345494579523801,100,0,4,True,3800,8000,11800,100,8,0.08,234.57184098824283,234.57184098824283,0.0,7.038834951456311,7.038834951456311,18.947368421052634,18.0,0.3714940668824164,1.93375,1.93375,2.0,0.966875,0,0,0,0,4348.52084793425,43.4852084793425,8100.354735095564,397.3372726222065,44.341886945386754,167.76871915897874,0,inf,0010000001000000001100000000000000010000000000000000000000000000000000000000001000000000000100000000,0.01,235.284761433769
06ac6393eee7a87a46f65b36cf9d1863821846f32cd08b7f9dd84710f2fa08a1,1,6,20271311,highly_constrained,0.3,2.0,20261735,capacity_greedy,0010000000000000001100000000000000010000000000000010000000000000000000010000000000000000000100000000,1,235.11552257573,0.21980391771417365,0.0074044589418917,0,0,0,,0,0,0,100,7,0.07,234.89989476505903,234.89989476505903,0.0,6.553398058252427,6.553398058252427,18.947368421052634,18.0,0.3458737864077669,1.82,1.82,2.0,0.91,0,0,0,0,4345.120263447509,43.451202634475095,8086.01653125184,464.9912531692004,59.50446454850594,152.18923933209643,0,inf,0010000000000000001100000000000000010000000000000010000000000000000000000000000000000000000100000000,0.01,235.63231570550562
06ac6393eee7a87a46f65b36cf9d1863821846f32cd08b7f9dd84710f2fa08a1,1,6,20271311,highly_constrained,0.3,2.0,20261735,lagrangian_relaxation,0010000001000000001100000000000000010000000000000010000010000000000000000000000000000000000100000000,1,235.11552257573,0.09447738511817638,0.0081557909725233,300,0,0,True,0,0,0,100,8,0.08,234.70923849700608,234.70923849700608,0.0,6.7961165048543695,6.7961165048543695,18.947368421052634,18.0,0.3586839266450917,1.93375,1.93375,2.0,0.966875,0,0,0,0,4322.2124344650965,43.222124344650965,7978.141189992542,516.7309271445621,67.64874906776296,159.8233809924306,0,inf,0010000001000000001100000000000000010000000000000000000010000000000000000000000000000000000100000000,0.01,235.3376535734665
06ac6393eee7a87a46f65b36cf9d1863821846f32cd08b7f9dd84710f2fa08a1,1,6,20271311,highly_constrained,0.3,2.0,20261735,legacy_count_br,0010000000000000001000000000000000000000000000001000000000000000001000110000000000010000000100000000,1,235.11552257573,0.4178584389403863,0.0016911249840632,100,0,0,True,0,0,0,100,8,0.08,235.27796216006607,235.27796216006607,0.0,7.524271844660195,7.524271844660195,18.947368421052634,18.0,0.3971143473570658,1.9825,1.9825,2.0,0.99125,0,0,0,0,4382.863021486436,43.82863021486436,8258.655330194897,273.2053529931168,31.91627436227157,184.67233281145153,0,inf,0010000000000000001000000000000000000000000000001000000000000000000000110000000000000000000100000000,0.02,236.0979726280715
06ac6393eee7a87a46f65b36cf9d1863821846f32cd08b7f9dd84710f2fa08a1,1,6,20271311,highly_constrained,0.3,2.0,20261735,random_feasible,0000000000000000001000000000000000000000000000000000010000000000001000010000001000010000001000000000,1,235.11552257573,0.9095487314121076,0.0004844170762225,0,0,0,,0,0,0,100,7,0.07,236.80869230823436,236.80869230823436,0.0,6.796116504854368,6.796116504854368,18.947368421052634,18.0,0.3586839266450916,1.7874999999999996,1.7874999999999996,2.0,0.8937499999999998,0,0,0,0,4416.880039408006,44.168800394080066,8413.44985815415,308.75367729429064,35.694022021636705,159.82338099243054,0,inf,0000000000000000001000000000000000000000000000000000010000000000001000010000001000000000001000000000,0.01,237.2540128286705
06ac6393eee7a87a46f65b36cf9d1863821846f32cd08b7f9dd84710f2fa08a1,1,6,20271311,highly_constrained,0.3,2.0,20261735,all_local,0000000000000000000000000000000000000000000000000000000000000000000000000000000000000000000000000000,1,235.11552257573,3.5746161428210006,0.0,0,0,0,,0,0,0,100,0,0.0,243.52,243.52,0.0,0.0,0.0,18.947368421052634,18.0,0.0,0.0,0.0,2.0,0.0,0,0,0,0,4579.199999999999,45.79199999999999,9158.399999999998,0.0,0.0,0.0,1,243.52,0000000000000000000000000000000000000000000000000000000000000000000000000000000000000000000000000000,0.0,243.52
06ac6393eee7a87a46f65b36cf9d1863821846f32cd08b7f9dd84710f2fa08a1,1,6,20271311,highly_constrained,0.3,2.0,20261735,all_offload,1111111111111111111111111111111111111111111111111111111111111111111111111111111111111111111111111111,0,235.11552257573,0.2302227521341358,0.0,0,0,0,,0,0,0,100,100,1.0,inf,inf,0.0,99.99999999999996,99.99999999999996,18.947368421052634,18.0,5.277777777777776,26.812499999999993,26.812499999999993,2.0,13.406249999999996,1,1,1,1,inf,inf,111.39237842393312,9527.268120628034,1113.923784239331,inf,0,inf,0010000001000000000000000000000000010000000000001000000000000000000000100000001000000000000100000000,0.93,235.6568120024984
06ac6393eee7a87a46f65b36cf9d1863821846f32cd08b7f9dd84710f2fa08a1,1,6,20271311,highly_constrained,0.3,2.0,20261735,qdp_oracle,0010000001000000001100000000000000010000000000000010000000000000000000000000000000000000000100000000,1,235.11552257573,0.0,0.2311226250603795,0,0,0,,0,0,0,100,7,0.07,235.0261639842562,235.0261639842562,0.0,6.067961165048544,6.067961165048544,18.947368421052634,18.0,0.3202535059331176,1.69,1.69,2.0,0.845,0,0,0,0,4349.068814533243,43.490688145332435,8104.021457980218,472.0464777985293,60.2082828881732,137.78416980757785,1,235.11552257573,0010000001000000001100000000000000010000000000000010000000000000000000000000000000000000000100000000,0.0,235.11552257573
06ac6393eee7a87a46f65b36cf9d1863821846f32cd08b7f9dd84710f2fa08a1,1,7,20271408,abundant,1.0,13.0,20261736,wa_mcbr,0010000000000011001100000000000000010000000010101000100000000000001010010000001000000000001101000000,1,229.0536013842663,0.0,0.0319800829747691,656,71,0,True,24928,52480,77408,100,17,0.17,228.9657791527984,228.9657791527984,0.0,15.776699029126217,15.776699029126217,63.15789473684211,60.0,0.2497977346278317,4.1275,4.1275,13.0,0.3175,0,0,0,0,4153.910844990176,41.53910844990176,7193.8052241130645,573.865066984315,59.1308301802662,103.24346184955516,1,229.0536013842663,0010000000000011001100000000000000010000000010101000100000000000001010010000001000000000001101000000,0.0,229.0536013842663
06ac6393eee7a87a46f65b36cf9d1863821846f32cd08b7f9dd84710f2fa08a1,1,7,20271408,abundant,1.0,13.0,20261736,wa_mcbr_swap,0010000000000011001100000000000000010000000010101000100000000000001010010000001000000000001101000000,1,229.0536013842663,0.0,0.0465963329188525,656,71,0,True,24928,52480,77408,100,17,0.17,228.9657791527984,228.9657791527984,0.0,15.776699029126217,15.776699029126217,63.15789473684211,60.0,0.2497977346278317,4.1275,4.1275,13.0,0.3175,0,0,0,0,4153.910844990176,41.53910844990176,7193.8052241130645,573.865066984315,59.1308301802662,103.24346184955516,1,229.0536013842663,0010000000000011001100000000000000010000000010101000100000000000001010010000001000000000001101000000,0.0,229.0536013842663
06ac6393eee7a87a46f65b36cf9d1863821846f32cd08b7f9dd84710f2fa08a1,1,7,20271408,abundant,1.0,13.0,20261736,capacity_greedy,0010000000000011001100000000000000010000000010001000100000000000001010011000000000000000001110000000,1,229.0536013842663,0.15881098893199616,0.0159482500748708,0,0,0,,0,0,0,100,16,0.16,229.34125984041745,229.34125984041745,0.0,14.805825242718448,14.805825242718448,63.15789473684211,60.0,0.234425566343042,3.88375,3.88375,13.0,0.29875,0,0,0,0,4125.89009602406,41.258900960240595,7064.399425544893,671.5788218472101,74.96409655585559,96.55217965653898,1,229.417363673809,0010000000000011001100000000000000010000000010001000100000000000001010011000000000000000001110000000,0.0,229.417363673809
06ac6393eee7a87a46f65b36cf9d1863821846f32cd08b7f9dd84710f2fa08a1,1,7,20271408,abundant,1.0,13.0,20261736,lagrangian_relaxation,0000000000000000001100000000000000010000000010000000100000000000000000001000010000000000000110000000,1,229.0536013842663,1.377664151634539,0.0364597500301897,300,0,0,False,0,0,0,100,9,0.09,232.1889773440352,232.1889773440352,0.0,7.766990291262136,7.766990291262136,63.15789473684211,60.0,0.1229773462783171,2.09625,2.09625,13.0,0.16125,0,0,0,0,4237.779896879761,42.377798968797606,7589.566700409778,764.9331916420876,85.1889344196987,55.055350553505534,1,232.2091907385652,0000000000000000001100000000000000010000000010000000100000000000000000001000010000000000000110000000,0.0,232.2091907385652
06ac6393eee7a87a46f65b36cf9d1863821846f32cd08b7f9dd84710f2fa08a1,1,7,20271408,abundant,1.0,13.0,20261736,legacy_count_br,1010000000000011001100000100000001010000000110101100100100000000101010110000001001010000001101100000,1,229.0536013842663,2.504922893475458,0.0042777919443324,611,64,0,False,0,0,0,100,28,0.28,234.41893172759512,234.41893172759512,0.0,25.970873786407765,25.970873786407765,63.15789473684211,60.0,0.4112055016181229,6.760000000000001,6.760000000000001,13.0,0.52,0,0,0,0,4001.6058492919087,40.016058492919086,6431.98455383436,834.1839732142357,85.16263694140648,194.59635863964263,1,234.7912174836708,1010000000000011001100000100000001010000000110101100100100000000101010110000001001010000001101100000,0.0,234.7912174836708
06ac6393eee7a87a46f65b36cf9d1863821846f32cd08b7f9dd84710f2fa08a1,1,7,20271408,abundant,1.0,13.0,20261736,random_feasible,0001001010001001011110111110000001000010001111011011010011010100000100111001010100111010110100111111,1,229.0536013842663,39.564691523427655,8.533301297575235e-05,0,0,0,,0,0,0,100,49,0.49,444.3107973274132,444.3107973274132,0.0,48.3009708737864,48.3009708737864,63.15789473684211,60.0,0.7647653721682846,12.9675,12.9675,13.0,0.9975,0,0,0,0,3855.6264926881727,38.55626492688173,4786.157610225326,4335.118904247379,476.68592296585433,832.7687016337048,0,inf,0001001010001001001110000110000001000010001111011010010000010100000000111001010100111010110100111111,0.08,319.6779521952529
06ac6393eee7a87a46f65b36cf9d1863821846f32cd08b7f9dd84710f2fa08a1,1,7,20271408,abundant,1.0,13.0,20261736,all_local,0000000000000000000000000000000000000000000000000000000000000000000000000000000000000000000000000000,1,229.0536013842663,6.315726331438248,0.0,0,0,0,,0,0,0,100,0,0.0,243.52,243.52,0.0,0.0,0.0,63.15789473684211,60.0,0.0,0.0,0.0,13.0,0.0,0,0,0,0,4579.199999999999,45.79199999999999,9158.399999999998,0.0,0.0,0.0,1,243.52,0000000000000000000000000000000000000000000000000000000000000000000000000000000000000000000000000000,0.0,243.52
06ac6393eee7a87a46f65b36cf9d1863821846f32cd08b7f9dd84710f2fa08a1,1,7,20271408,abundant,1.0,13.0,20261736,all_offload,1111111111111111111111111111111111111111111111111111111111111111111111111111111111111111111111111111,0,229.0536013842663,18.031351368333357,0.0,0,0,0,,0,0,0,100,100,1.0,inf,inf,0.0,99.99999999999996,99.99999999999996,63.15789473684211,60.0,1.5833333333333328,26.812499999999993,26.812499999999993,13.0,2.0624999999999996,1,1,1,1,inf,inf,101.73174288458722,8838.716377883467,1017.3174288458722,inf,0,inf,1111100110101011001100000100000001010000000110101100110100010000101010110001001101110000011101111001,0.56,270.35506107168504
06ac6393eee7a87a46f65b36cf9d1863821846f32cd08b7f9dd84710f2fa08a1,1,7,20271408,abundant,1.0,13.0,20261736,qdp_oracle,0010000000000011001100000000000000010000000010101000100000000000001010010000001000000000001101000000,1,229.0536013842663,0.0,11.681282416917384,0,0,0,,0,0,0,100,17,0.17,228.9657791527984,228.9657791527984,0.0,15.776699029126217,15.776699029126217,63.15789473684211,60.0,0.2497977346278317,4.1275,4.1275,13.0,0.3175,0,0,0,0,4153.910844990176,41.53910844990176,7193.8052241130645,573.865066984315,59.1308301802662,103.24346184955516,1,229.0536013842663,0010000000000011001100000000000000010000000010101000100000000000001010010000001000000000001101000000,0.0,229.0536013842663
06ac6393eee7a87a46f65b36cf9d1863821846f32cd08b7f9dd84710f2fa08a1,1,7,20271408,moderate,0.6,5.0,20261736,wa_mcbr,0010000000000001001100000000000000010000000010001000100000000000001010011000000000000000001100000000,1,230.37495431380373,0.007545253000824104,0.0288875000551342,585,30,0,True,22230,46800,69030,100,14,0.14,230.25420841111293,230.25420841111293,0.0,12.86407766990291,12.86407766990291,37.89473684210527,36.0,0.3394687162891045,3.39625,3.39625,5.0,0.6792499999999999,0,0,0,0,4190.717907831591,41.90717907831591,7366.408507739593,559.9387788251333,57.75055282806359,148.48320914565676,1,230.39233668695724,0010000000000001001100000000000000010000000010001000100000000000001010011000000000000000001100000000,0.0,230.39233668695724
06ac6393eee7a87a46f65b36cf9d1863821846f32cd08b7f9dd84710f2fa08a1,1,7,20271408,moderate,0.6,5.0,20261736,wa_mcbr_swap,0010000000000011001100000000000000010000000010001000100000000000001010010000000000000000001100000000,1,230.37495431380373,0.0,0.0535299170296639,585,30,1,False,22230,46800,69030,100,14,0.14,230.23682603795945,230.23682603795945,0.0,12.864077669902912,12.864077669902912,37.89473684210527,36.0,0.3394687162891046,3.39625,3.39625,5.0,0.6792499999999999,0,0,0,0,4207.518265233419,42.075182652334185,7445.528551080335,502.8214503842314,52.03936288107212,148.4832091456568,1,230.37495431380373,0010000000000011001100000000000000010000000010001000100000000000001010010000000000000000001100000000,0.0,230.37495431380373
06ac6393eee7a87a46f65b36cf9d1863821846f32cd08b7f9dd84710f2fa08a1,1,7,20271408,moderate,0.6,5.0,20261736,capacity_greedy,0010000000000000001100000000000000010000000010001000100000000000001010011000000000000000001110000000,1,230.37495431380373,0.06618099515062476,0.0140187090728431,0,0,0,,0,0,0,100,14,0.14,230.3892904753021,230.3892904753021,0.0,12.864077669902912,12.864077669902912,37.89473684210527,36.0,0.3394687162891046,3.39625,3.39625,5.0,0.6792499999999999,0,0,0,0,4156.780602092336,41.56780602092336,7208.222143615245,650.1312260212372,73.0102582317903,148.4832091456568,1,230.5274187511464,0010000000000000001100000000000000010000000010001000100000000000001010011000000000000000001110000000,0.0,230.5274187511464
06ac6393eee7a87a46f65b36cf9d1863821846f32cd08b7f9dd84710f2fa08a1,1,7,20271408,moderate,0.6,5.0,20261736,lagrangian_relaxation,0010000000000011001100000100000001010000000010101000000000000000001010010000001001000000001101100000,1,230.37495431380373,0.4432507697754206,0.0100656249560415,300,0,0,False,0,0,0,100,20,0.2,232.49417199304625,232.49417199304625,0.0,18.20388349514563,18.20388349514563,37.89473684210527,36.0,0.4803802588996763,4.810000000000001,4.810000000000001,5.0,0.9620000000000004,0,0,0,0,4159.379040229623,41.59379040229623,7197.550243813646,557.8309527034231,57.51219068235075,251.12105877773445,0,inf,0010000000000011001100000000000001010000000010001000000000000000001010010000001000000000001101100000,0.03,231.39609307216944
06ac6393eee7a87a46f65b36cf9d1863821846f32cd08b7f9dd84710f2fa08a1,1,7,20271408,moderate,0.6,5.0,20261736,legacy_count_br,1000000100000001001000000100000001010000000010101100100100000000101000101000000001010000000100100000,1,230.37495431380373,1.2333354537679135,0.002876584068872,331,9,0,False,0,0,0,100,21,0.21,235.6429927837801,235.6429927837801,0.0,18.932038834951456,18.932038834951456,37.89473684210527,36.0,0.4995954692556633,4.972500000000002,4.972500000000002,5.0,0.9945000000000004,0,0,0,0,4152.215796957253,41.522157969572525,7147.491978799951,693.0612016830847,71.04660952148016,269.5957962813257,0,inf,1000000000000001001000000100000001010000000010101100100100000000001000100000000001000000000100100000,0.04,233.2162503019575
06ac6393eee7a87a46f65b36cf9d1863821846f32cd08b7f9dd84710f2fa08a1,1,7,20271408,moderate,0.6,5.0,20261736,random_feasible,0001000000001001001100000100000001000000000110001000010000010000000000111000000000110000000100110001,1,230.37495431380373,1.6188432202607514,0.0004180420655757,0,0,0,,0,0,0,100,21,0.21,237.36986833404887,237.36986833404887,0.0,19.174757281553397,19.174757281553397,37.89473684210527,36.0,0.5060005393743257,4.972500000000002,4.972500000000002,5.0,0.9945000000000004,0,0,0,0,4171.520812313504,41.71520812313504,7230.369693794208,729.6795402591324,74.74732353373733,276.0734270506345,0,inf,0001000000000001001100000100000001000000000110001000010000010000000000111000000000010000000100100000,0.04,234.10436364289154
06ac6393eee7a87a46f65b36cf9d1863821846f32cd08b7f9dd84710f2fa08a1,1,7,20271408,moderate,0.6,5.0,20261736,all_local,0000000000000000000000000000000000000000000000000000000000000000000000000000000000000000000000000000,1,230.37495431380373,5.705935232998829,0.0,0,0,0,,0,0,0,100,0,0.0,243.52,243.52,0.0,0.0,0.0,37.89473684210527,36.0,0.0,0.0,0.0,5.0,0.0,0,0,0,0,4579.199999999999,45.79199999999999,9158.399999999998,0.0,0.0,0.0,1,243.52,0000000000000000000000000000000000000000000000000000000000000000000000000000000000000000000000000000,0.0,243.52
06ac6393eee7a87a46f65b36cf9d1863821846f32cd08b7f9dd84710f2fa08a1,1,7,20271408,moderate,0.6,5.0,20261736,all_offload,1111111111111111111111111111111111111111111111111111111111111111111111111111111111111111111111111111,0,230.37495431380373,0.4432507697754206,0.0,0,0,0,,0,0,0,100,100,1.0,inf,inf,0.0,99.99999999999996,99.99999999999996,37.89473684210527,36.0,2.638888888888888,26.812499999999993,26.812499999999993,5.0,5.362499999999999,1,1,1,1,inf,inf,101.73174288458722,8838.716377883467,1017.3174288458722,inf,0,inf,0010000000000011001100000000000001010000000010001000000000000000001010010000001000000000001101100000,0.83,231.39609307216944
06ac6393eee7a87a46f65b36cf9d1863821846f32cd08b7f9dd84710f2fa08a1,1,7,20271408,moderate,0.6,5.0,20261736,qdp_oracle,0010000000000011001100000000000000010000000010001000100000000000001010010000000000000000001100000000,1,230.37495431380373,0.0,1.5273089170223102,0,0,0,,0,0,0,100,14,0.14,230.23682603795945,230.23682603795945,0.0,12.864077669902912,12.864077669902912,37.89473684210527,36.0,0.3394687162891046,3.39625,3.39625,5.0,0.6792499999999999,0,0,0,0,4207.518265233419,42.075182652334185,7445.528551080335,502.8214503842314,52.03936288107212,148.4832091456568,1,230.37495431380373,0010000000000011001100000000000000010000000010001000100000000000001010010000000000000000001100000000,0.0,230.37495431380373
06ac6393eee7a87a46f65b36cf9d1863821846f32cd08b7f9dd84710f2fa08a1,1,7,20271408,highly_constrained,0.3,2.0,20261736,wa_mcbr,0000000000000001001000000000000000010000000010100000000000000000001000101000000000000000000000000000,1,233.48048071156805,1.1042289678457426,0.0052343750139698,100,0,0,True,3800,8000,11800,100,8,0.08,235.69060011951927,235.69060011951927,0.0,7.038834951456311,7.038834951456311,18.947368421052634,18.0,0.3714940668824164,1.90125,1.90125,2.0,0.950625,0,0,0,0,4387.972921395009,43.879729213950085,8280.277724020187,328.84645521709473,34.71550252336461,167.76871915897874,0,inf,0000000000000001001000000000000000010000000010100000000000000000001000001000000000000000000000000000,0.01,236.05863981385068
06ac6393eee7a87a46f65b36cf9d1863821846f32cd08b7f9dd84710f2fa08a1,1,7,20271408,highly_constrained,0.3,2.0,20261736,wa_mcbr_swap,0000000000000000001100000000000000010000000010000000100000000000000000001000000000000000000110000000,1,233.48048071156805,0.012638339424524149,0.0414765829918906,100,0,4,True,3800,8000,11800,100,8,0.08,232.9481538871732,232.9481538871732,0.0,6.7961165048543695,6.7961165048543695,18.947368421052634,18.0,0.3586839266450917,1.8525,1.8525,2.0,0.92625,0,0,0,0,4288.628204636159,42.88628204636159,7826.886062720137,518.7021985274212,60.75784001698993,159.8233809924306,0,inf,0000000000000000001100000000000000010000000010000000100000000000000000000000000000000000000110000000,0.01,233.5099887672104
06ac6393eee7a87a46f65b36cf9d1863821846f32cd08b7f9dd84710f2fa08a1,1,7,20271408,highly_constrained,0.3,2.0,20261736,capacity_greedy,0000000000000000001100000000000000010000000010000000100000000000000000001000000000000000000110000000,1,233.48048071156805,0.012638339424524149,0.0081212919903919,0,0,0,,0,0,0,100,8,0.08,232.9481538871732,232.9481538871732,0.0,6.7961165048543695,6.7961165048543695,18.947368421052634,18.0,0.3586839266450917,1.8525,1.8525,2.0,0.92625,0,0,0,0,4288.628204636159,42.88628204636159,7826.886062720137,518.7021985274212,60.75784001698993,159.8233809924306,0,inf,0000000000000000001100000000000000010000000010000000100000000000000000000000000000000000000110000000,0.01,233.5099887672104
06ac6393eee7a87a46f65b36cf9d1863821846f32cd08b7f9dd84710f2fa08a1,1,7,20271408,highly_constrained,0.3,2.0,20261736,lagrangian_relaxation,0000000000000000001100000000000000010000000010000000100000000000000000001000000000000000000110000000,1,233.48048071156805,0.012638339424524149,0.0090925839031115,300,0,0,True,0,0,0,100,8,0.08,232.9481538871732,232.9481538871732,0.0,6.7961165048543695,6.7961165048543695,18.947368421052634,18.0,0.3586839266450917,1.8525,1.8525,2.0,0.92625,0,0,0,0,4288.628204636159,42.88628204636159,7826.886062720137,518.7021985274212,60.75784001698993,159.8233809924306,0,inf,0000000000000000001100000000000000010000000010000000100000000000000000000000000000000000000110000000,0.01,233.5099887672104
06ac6393eee7a87a46f65b36cf9d1863821846f32cd08b7f9dd84710f2fa08a1,1,7,20271408,highly_constrained,0.3,2.0,20261736,legacy_count_br,0000000000000001001000000000000000010000000010100000000000000000001000101000000000000000000000000000,1,233.48048071156805,1.1042289678457426,0.0017774580046534,100,0,0,True,0,0,0,100,8,0.08,235.69060011951927,235.69060011951927,0.0,7.038834951456311,7.038834951456311,18.947368421052634,18.0,0.3714940668824164,1.90125,1.90125,2.0,0.950625,0,0,0,0,4387.972921395009,43.879729213950085,8280.277724020187,328.84645521709473,34.71550252336461,167.76871915897874,0,inf,0000000000000001001000000000000000010000000010100000000000000000001000001000000000000000000000000000,0.01,236.05863981385068
06ac6393eee7a87a46f65b36cf9d1863821846f32cd08b7f9dd84710f2fa08a1,1,7,20271408,highly_constrained,0.3,2.0,20261736,random_feasible,0000000000000001001100000000000000000000000010001000000000000000000000011000000000000000000100000000,1,233.48048071156805,0.4516393974975177,0.0005754999583587,0,0,0,,0,0,0,100,8,0.08,234.17300314327764,234.17300314327764,0.0,7.281553398058253,7.281553398058253,18.947368421052634,18.0,0.384304207119741,1.93375,1.93375,2.0,0.966875,0,0,0,0,4348.99791119399,43.4899791119399,8103.893529322368,348.6942211936535,36.69116529598113,176.04467805519053,0,inf,0000000000000000001100000000000000000000000010001000000000000000000000011000000000000000000100000000,0.01,234.53497054792808
06ac6393eee7a87a46f65b36cf9d1863821846f32cd08b7f9dd84710f2fa08a1,1,7,20271408,highly_constrained,0.3,2.0,20261736,all_local,0000000000000000000000000000000000000000000000000000000000000000000000000000000000000000000000000000,1,233.48048071156805,4.299939445830746,0.0,0,0,0,,0,0,0,100,0,0.0,243.52,243.52,0.0,0.0,0.0,18.947368421052634,18.0,0.0,0.0,0.0,2.0,0.0,0,0,0,0,4579.199999999999,45.79199999999999,9158.399999999998,0.0,0.0,0.0,1,243.52,0000000000000000000000000000000000000000000000000000000000000000000000000000000000000000000000000000,0.0,243.52
06ac6393eee7a87a46f65b36cf9d1863821846f32cd08b7f9dd84710f2fa08a1,1,7,20271408,highly_constrained,0.3,2.0,20261736,all_offload,1111111111111111111111111111111111111111111111111111111111111111111111111111111111111111111111111111,0,233.48048071156805,0.45554103870736173,0.0,0,0,0,,0,0,0,100,100,1.0,inf,inf,0.0,99.99999999999996,99.99999999999996,18.947368421052634,18.0,5.277777777777776,26.812499999999993,26.812499999999993,2.0,13.406249999999996,1,1,1,1,inf,inf,101.73174288458722,8838.716377883467,1017.3174288458722,inf,0,inf,0010000000000000001100000000000000010000000010001000000000000000000000000000000000000000000100000000,0.93,234.54408011858047
06ac6393eee7a87a46f65b36cf9d1863821846f32cd08b7f9dd84710f2fa08a1,1,7,20271408,highly_constrained,0.3,2.0,20261736,qdp_oracle,0000000000000000001100000000000000000000000010000000100000000000000000001000000000000000000110000000,1,233.48048071156805,1.2173055899056072e-14,0.226014541927725,0,0,0,,0,0,0,100,7,0.07,233.41235245055668,233.41235245055668,0.0,6.067961165048544,6.067961165048544,18.947368421052634,18.0,0.3202535059331176,1.60875,1.60875,2.0,0.804375,0,0,0,0,4313.954864416184,43.13954864416184,7945.602979574072,484.3393182187832,57.56851058171721,137.78416980757785,1,233.48048071156808,0000000000000000001100000000000000000000000010000000100000000000000000001000000000000000000110000000,0.0,233.48048071156808
06ac6393eee7a87a46f65b36cf9d1863821846f32cd08b7f9dd84710f2fa08a1,1,8,20271505,abundant,1.0,13.0,20261737,wa_mcbr,1001010101000000000000000000000000000000000010001100110000000000000010010000000000010000001100000010,1,230.9546298233083,-1.2306187346037626e-14,0.0280434159794822,573,66,0,True,21774,45840,67614,100,16,0.16,230.8785259899167,230.8785259899167,0.0,14.805825242718448,14.805825242718448,63.15789473684211,60.0,0.234425566343042,3.835,3.835,13.0,0.295,0,0,0,0,4212.690336031544,42.12690336031544,7463.717521440712,546.593822314924,57.3450900444921,96.55217965653898,1,230.95462982330827,1001010101000000000000000000000000000000000010001100110000000000000010010000000000010000001100000010,0.0,230.95462982330827
06ac6393eee7a87a46f65b36cf9d1863821846f32cd08b7f9dd84710f2fa08a1,1,8,20271505,abundant,1.0,13.0,20261737,wa_mcbr_swap,1001010101000000000000000000000000000000000010001100110000000000000010010000000000010000001100000010,1,230.9546298233083,-1.2306187346037626e-14,0.0433170000324025,573,66,0,True,21774,45840,67614,100,16,0.16,230.8785259899167,230.8785259899167,0.0,14.805825242718448,14.805825242718448,63.15789473684211,60.0,0.234425566343042,3.835,3.835,13.0,0.295,0,0,0,0,4212.690336031544,42.12690336031544,7463.717521440712,546.593822314924,57.3450900444921,96.55217965653898,1,230.95462982330827,1001010101000000000000000000000000000000000010001100110000000000000010010000000000010000001100000010,0.0,230.95462982330827
06ac6393eee7a87a46f65b36cf9d1863821846f32cd08b7f9dd84710f2fa08a1,1,8,20271505,abundant,1.0,13.0,20261737,capacity_greedy,1001000101000000000000000000000000000000000010001100100000000000000010010000000000010000001110000010,1,230.9546298233083,0.24604864529767886,0.0175525000086054,0,0,0,,0,0,0,100,15,0.15,231.45725941935223,231.45725941935223,0.0,13.834951456310678,13.834951456310678,63.15789473684211,60.0,0.2190533980582523,3.5912499999999996,3.5912499999999996,13.0,0.27625,0,0,0,0,4200.855600066887,42.00855600066887,7409.862705396996,606.9156843347962,70.84702646635253,90.12432012432012,1,231.5228905612408,1001000101000000000000000000000000000000000010001100100000000000000010010000000000010000001110000010,0.0,231.5228905612408
06ac6393eee7a87a46f65b36cf9d1863821846f32cd08b7f9dd84710f2fa08a1,1,8,20271505,abundant,1.0,13.0,20261737,lagrangian_relaxation,0000000001000000001000000000000000000000000010000000100010000000000000000000000000000000000110000010,1,230.9546298233083,1.5112318978814443,0.0366594999795779,300,0,0,False,0,0,0,100,8,0.08,234.42559742599815,234.42559742599815,0.0,6.310679611650485,6.310679611650485,63.15789473684211,60.0,0.0999190938511326,1.80375,1.80375,13.0,0.1387499999999999,0,0,0,0,4308.599848800566,43.085998488005664,7917.096265691286,627.2282910819727,87.03321141066958,47.752808988764045,1,234.44488985883214,0000000001000000001000000000000000000000000010000000100010000000000000000000000000000000000110000010,0.0,234.44488985883214
06ac6393eee7a87a46f65b36cf9d1863821846f32cd08b7f9dd84710f2fa08a1,1,8,20271505,abundant,1.0,13.0,20261737,legacy_count_br,1001110111100000000000000000000001000010000110001100010000000000100010010000000101010000001101100001,1,230.9546298233083,1.8414087284873268,0.0034643750404939,420,52,0,False,0,0,0,100,26,0.26,234.9122335842063,234.9122335842063,0.0,24.02912621359223,24.02912621359223,63.15789473684211,60.0,0.3804611650485436,6.22375,6.22375,13.0,0.47875,0,0,0,0,4145.787395378847,41.457873953788464,7111.774761918318,664.4507903941364,68.26007378149376,173.5259549461312,1,235.2074485357203,1001110111100000000000000000000001000010000110001100010000000000100010010000000101010000001101100001,0.0,235.2074485357203
06ac6393eee7a87a46f65b36cf9d1863821846f32cd08b7f9dd84710f2fa08a1,1,8,20271505,abundant,1.0,13.0,20261737,random_feasible,0010101100111100101011101000110000011000001001100110011101111000011001110011010000110101100000111011,1,230.9546298233083,40.38101274341788,5.441694520413875e-05,0,0,0,,0,0,0,100,48,0.48,438.2338765158834,438.2338765158834,0.0,47.57281553398059,47.57281553398059,63.15789473684211,60.0,0.7532362459546926,12.87,12.87,13.0,0.99,0,0,0,0,3854.7318659809416,38.54731865980941,4836.693748996522,4240.465787171252,489.4531040941983,783.114754098361,0,inf,0010101100111100101011000000110000011000001000100100011100110000011000110001010000110101100000111011,0.08,324.216448323772
06ac6393eee7a87a46f65b36cf9d1863821846f32cd08b7f9dd84710f2fa08a1,1,8,20271505,abundant,1.0,13.0,20261737,all_local,0000000000000000000000000000000000000000000000000000000000000000000000000000000000000000000000000000,1,230.9546298233083,5.440622769201399,0.0,0,0,0,,0,0,0,100,0,0.0,243.52,243.52,0.0,0.0,0.0,63.15789473684211,60.0,0.0,0.0,0.0,13.0,0.0,0,0,0,0,4579.199999999999,45.79199999999999,9158.399999999998,0.0,0.0,0.0,1,243.52,0000000000000000000000000000000000000000000000000000000000000000000000000000000000000000000000000000,0.0,243.52
06ac6393eee7a87a46f65b36cf9d1863821846f32cd08b7f9dd84710f2fa08a1,1,8,20271505,abundant,1.0,13.0,20261737,all_offload,1111111111111111111111111111111111111111111111111111111111111111111111111111111111111111111111111111,0,230.9546298233083,21.490877794041495,0.0,0,0,0,,0,0,0,100,100,1.0,inf,inf,0.0,99.99999999999996,99.99999999999996,63.15789473684211,60.0,1.5833333333333328,26.812499999999993,26.812499999999993,13.0,2.0624999999999996,1,1,1,1,inf,inf,109.02140244374064,9333.429671508266,1090.2140244374064,inf,0,inf,1001110111101010000000000100100001011011000110101100010010000000101010010000001101110001111101111011,0.56,280.5888070783164
06ac6393eee7a87a46f65b36cf9d1863821846f32cd08b7f9dd84710f2fa08a1,1,8,20271505,abundant,1.0,13.0,20261737,qdp_oracle,1001010101000000000000000000000000000000000010001100110000000000000010010000000000010000001100000010,1,230.9546298233083,-1.2306187346037626e-14,8.226332333986647,0,0,0,,0,0,0,100,16,0.16,230.8785259899167,230.8785259899167,0.0,14.805825242718448,14.805825242718448,63.15789473684211,60.0,0.234425566343042,3.835,3.835,13.0,0.295,0,0,0,0,4212.690336031544,42.12690336031544,7463.717521440712,546.593822314924,57.3450900444921,96.55217965653898,1,230.95462982330827,1001010101000000000000000000000000000000000010001100110000000000000010010000000000010000001100000010,0.0,230.95462982330827
06ac6393eee7a87a46f65b36cf9d1863821846f32cd08b7f9dd84710f2fa08a1,1,8,20271505,moderate,0.6,5.0,20261737,wa_mcbr,1001010001000000000000000000000000000000000010001100100000000000000010010000000000010000001100000010,1,232.12288643344283,0.009068794849795348,0.0272032910725101,549,26,0,True,20862,43920,64782,100,14,0.14,232.0058089059686,232.0058089059686,0.0,12.864077669902912,12.864077669902912,37.89473684210527,36.0,0.3394687162891046,3.3474999999999997,3.3474999999999997,5.0,0.6695,0,0,0,0,4250.499744626173,42.50499744626173,7639.920199714662,487.2128355810036,51.442836761525726,148.4832091456568,1,232.1439371818129,1001010001000000000000000000000000000000000010001100100000000000000010010000000000010000001100000010,0.0,232.1439371818129
06ac6393eee7a87a46f65b36cf9d1863821846f32cd08b7f9dd84710f2fa08a1,1,8,20271505,moderate,0.6,5.0,20261737,wa_mcbr_swap,1001000001000000000000000000000000000000000010001100110000000000000010010000000000010000001100000010,1,232.12288643344283,1.224425125290411e-14,0.0519094581250101,549,26,1,True,20862,43920,64782,100,14,0.14,231.98475815759855,231.98475815759855,0.0,12.864077669902912,12.864077669902912,37.89473684210527,36.0,0.3394687162891046,3.3474999999999997,3.3474999999999997,5.0,0.6695,0,0,0,0,4240.539640244642,42.40539640244642,7593.164444447585,518.633951185888,54.60317482749674,148.4832091456568,1,232.12288643344286,1001000001000000000000000000000000000000000010001100110000000000000010010000000000010000001100000010,0.0,232.12288643344286
06ac6393eee7a87a46f65b36cf9d1863821846f32cd08b7f9dd84710f2fa08a1,1,8,20271505,moderate,0.6,5.0,20261737,capacity_greedy,1001000001000000000000000000000000000000000010001100100000000000000010010000000000000000001110000010,1,232.12288643344283,0.16293886449348458,0.0133086249697953,0,0,0,,0,0,0,100,13,0.13,232.3879267339559,232.3879267339559,0.0,11.893203883495143,11.893203883495143,37.89473684210527,36.0,0.3138484358144552,3.10375,3.10375,5.0,0.6207499999999999,0,0,0,0,4228.585779780256,42.28585779780256,7539.300351084989,587.6320724987963,69.25777576834305,134.3509875208804,1,232.50110482882698,1001000001000000000000000000000000000000000010001100100000000000000010010000000000000000001110000010,0.0,232.50110482882698
06ac6393eee7a87a46f65b36cf9d1863821846f32cd08b7f9dd84710f2fa08a1,1,8,20271505,moderate,0.6,5.0,20261737,lagrangian_relaxation,1001110101100000000000000000000000000000000110001100010000000000100010010000000000010000001101100000,1,232.12288643344283,0.4493291613807569,0.0089727919548749,300,0,0,False,0,0,0,100,20,0.2,234.55878444434663,234.55878444434663,0.0,18.689320388349515,18.689320388349515,37.89473684210527,36.0,0.493190399137001,4.761250000000001,4.761250000000001,5.0,0.9522500000000004,0,0,0,0,4215.8743342218495,42.15874334221849,7453.064426344606,530.4348167197127,53.22131723027797,263.28189437275506,0,inf,1001010101000000000000000000000000000000000010001100010000000000100010010000000000010000001101100000,0.03,233.16588225242702
06ac6393eee7a87a46f65b36cf9d1863821846f32cd08b7f9dd84710f2fa08a1,1,8,20271505,moderate,0.6,5.0,20261737,legacy_count_br,0000110101100000000000000000000000000010000110100000110000000000100010010000000101000000001001100010,1,232.12288643344283,1.2877518703751694,0.0017951249610632,210,4,0,False,0,0,0,100,20,0.2,237.3252781091089,237.3252781091089,0.0,18.20388349514563,18.20388349514563,37.89473684210527,36.0,0.4803802588996763,4.810000000000001,4.810000000000001,5.0,0.9620000000000004,0,0,0,0,4209.056427815195,42.09056427815195,7410.249170722746,681.7003319820166,72.45853613734074,251.12105877773445,0,inf,0000110101100000000000000000000000000000000110000000110000000000100010010000000001000000001001100010,0.03,235.11205324505832
06ac6393eee7a87a46f65b36cf9d1863821846f32cd08b7f9dd84710f2fa08a1,1,8,20271505,moderate,0.6,5.0,20261737,random_feasible,0000100100100000000000000000100000011000000000100100010000000000001000010000000000110001100000110011,1,232.12288643344283,2.6009174234135646,0.0003621669020503,0,0,0,,0,0,0,100,19,0.19,241.52929684043335,241.52929684043335,0.0,17.475728155339805,17.475728155339805,37.89473684210527,36.0,0.4611650485436892,4.745000000000001,4.745000000000001,5.0,0.9490000000000002,0,0,0,0,4265.799306606652,42.65799306606652,7662.495619398112,787.0521732282623,89.24312621642802,233.9639639639639,0,inf,0000100100100000000000000000000000011000000000100100010000000000001000010000000000110000000000110011,0.03,238.16021103042073
06ac6393eee7a87a46f65b36cf9d1863821846f32cd08b7f9dd84710f2fa08a1,1,8,20271505,moderate,0.6,5.0,20261737,all_local,0000000000000000000000000000000000000000000000000000000000000000000000000000000000000000000000000000,1,232.12288643344283,4.909948235468416,0.0,0,0,0,,0,0,0,100,0,0.0,243.52,243.52,0.0,0.0,0.0,37.89473684210527,36.0,0.0,0.0,0.0,5.0,0.0,0,0,0,0,4579.199999999999,45.79199999999999,9158.399999999998,0.0,0.0,0.0,1,243.52,0000000000000000000000000000000000000000000000000000000000000000000000000000000000000000000000000000,0.0,243.52
06ac6393eee7a87a46f65b36cf9d1863821846f32cd08b7f9dd84710f2fa08a1,1,8,20271505,moderate,0.6,5.0,20261737,all_offload,1111111111111111111111111111111111111111111111111111111111111111111111111111111111111111111111111111,0,232.12288643344283,0.4493291613807569,0.0,0,0,0,,0,0,0,100,100,1.0,inf,inf,0.0,99.99999999999996,99.99999999999996,37.89473684210527,36.0,2.638888888888888,26.812499999999993,26.812499999999993,5.0,5.362499999999999,1,1,1,1,inf,inf,109.02140244374064,9333.429671508266,1090.2140244374064,inf,0,inf,1001010101000000000000000000000000000000000010001100010000000000100010010000000000010000001101100000,0.83,233.16588225242702
06ac6393eee7a87a46f65b36cf9d1863821846f32cd08b7f9dd84710f2fa08a1,1,8,20271505,moderate,0.6,5.0,20261737,qdp_oracle,1001000001000000000000000000000000000000000010001100110000000000000010010000000000010000001100000010,1,232.12288643344283,1.224425125290411e-14,1.4057711249915883,0,0,0,,0,0,0,100,14,0.14,231.98475815759855,231.98475815759855,0.0,12.864077669902912,12.864077669902912,37.89473684210527,36.0,0.3394687162891046,3.3474999999999997,3.3474999999999997,5.0,0.6695,0,0,0,0,4240.539640244642,42.40539640244642,7593.164444447585,518.633951185888,54.60317482749674,148.4832091456568,1,232.12288643344286,1001000001000000000000000000000000000000000010001100110000000000000010010000000000010000001100000010,0.0,232.12288643344286
06ac6393eee7a87a46f65b36cf9d1863821846f32cd08b7f9dd84710f2fa08a1,1,8,20271505,highly_constrained,0.3,2.0,20261737,wa_mcbr,0000000001000000000000000000000000000000000010000000110000000000000010010000000000000000001000000010,1,234.837201330664,0.3267159908229882,0.0052362080896273,100,0,0,True,3800,8000,11800,100,8,0.08,235.2323945514375,235.2323945514375,0.0,7.281553398058253,7.281553398058253,18.947368421052634,18.0,0.384304207119741,1.93375,1.93375,2.0,0.966875,0,0,0,0,4359.183385172178,43.59183385172177,8147.161526872849,421.87846846698886,45.19085910597821,176.04467805519053,0,inf,0000000001000000000000000000000000000000000010000000100000000000000010010000000000000000001000000010,0.01,235.60445201981244
06ac6393eee7a87a46f65b36cf9d1863821846f32cd08b7f9dd84710f2fa08a1,1,8,20271505,highly_constrained,0.3,2.0,20261737,wa_mcbr_swap,0000000001000000000000000000000000000000000010000000100000000000000000010000000000000000001110000010,1,234.837201330664,0.07284522230670105,0.0249113331083208,100,0,2,True,3800,8000,11800,100,8,0.08,234.3654892268627,234.3654892268627,0.0,7.038834951456311,7.038834951456311,18.947368421052634,18.0,0.3714940668824164,1.885,1.885,2.0,0.9425,0,0,0,0,4321.270571168736,43.21270571168736,7974.487381308728,491.0526769329123,60.92266359092531,167.76871915897874,0,inf,0000000001000000000000000000000000000000000010000000100000000000000000000000000000000000001110000010,0.01,235.00826901203214
06ac6393eee7a87a46f65b36cf9d1863821846f32cd08b7f9dd84710f2fa08a1,1,8,20271505,highly_constrained,0.3,2.0,20261737,capacity_greedy,0000000001000000000000000000000000000000000010000000100000000000000000010000000000000000001110000010,1,234.837201330664,0.07284522230670105,0.0081095410278067,0,0,0,,0,0,0,100,8,0.08,234.3654892268627,234.3654892268627,0.0,7.038834951456311,7.038834951456311,18.947368421052634,18.0,0.3714940668824164,1.885,1.885,2.0,0.9425,0,0,0,0,4321.270571168736,43.21270571168736,7974.487381308728,491.0526769329123,60.92266359092531,167.76871915897874,0,inf,0000000001000000000000000000000000000000000010000000100000000000000000000000000000000000001110000010,0.01,235.00826901203214
06ac6393eee7a87a46f65b36cf9d1863821846f32cd08b7f9dd84710f2fa08a1,1,8,20271505,highly_constrained,0.3,2.0,20261737,lagrangian_relaxation,0000000001000000000000000000000000000000000010001100000000000000000010010000000000000000001100000000,1,234.837201330664,0.3586410370395957,0.0099133750190958,300,0,0,True,0,0,0,100,8,0.08,235.1753062638652,235.1753062638652,0.0,7.281553398058253,7.281553398058253,18.947368421052634,18.0,0.384304207119741,1.885,1.885,2.0,0.9425,0,0,0,0,4385.9977896458095,43.8599778964581,8273.019779879081,273.67902767101896,27.47248488515594,176.04467805519053,0,inf,0000000001000000000000000000000000000000000010001000000000000000000010010000000000000000001100000000,0.01,235.67942390487104
06ac6393eee7a87a46f65b36cf9d1863821846f32cd08b7f9dd84710f2fa08a1,1,8,20271505,highly_constrained,0.3,2.0,20261737,legacy_count_br,0000000001000000000000000000000000000000000010000000110000000000000010010000000000000000001000000010,1,234.837201330664,0.3267159908229882,0.0018492919625714,100,0,0,True,0,0,0,100,8,0.08,235.2323945514375,235.2323945514375,0.0,7.281553398058253,7.281553398058253,18.947368421052634,18.0,0.384304207119741,1.93375,1.93375,2.0,0.966875,0,0,0,0,4359.183385172178,43.59183385172177,8147.161526872849,421.87846846698886,45.19085910597821,176.04467805519053,0,inf,0000000001000000000000000000000000000000000010000000100000000000000010010000000000000000001000000010,0.01,235.60445201981244
06ac6393eee7a87a46f65b36cf9d1863821846f32cd08b7f9dd84710f2fa08a1,1,8,20271505,highly_constrained,0.3,2.0,20261737,random_feasible,0000000100000000000000000000000000010000000000000100010000000000000000010000000000010000000000100010,1,234.837201330664,1.2196950428339208,0.0005089589394629,0,0,0,,0,0,0,100,8,0.08,237.2570031362635,237.2570031362635,0.0,7.281553398058252,7.281553398058252,18.947368421052634,18.0,0.384304207119741,1.9825,1.9825,2.0,0.99125,0,0,0,0,4419.3050876991465,44.193050876991464,8420.69383389267,337.09128433822286,36.72923658394988,176.04467805519047,0,inf,0000000000000000000000000000000000010000000000000100010000000000000000010000000000010000000000000010,0.02,237.701499034024
06ac6393eee7a87a46f65b36cf9d1863821846f32cd08b7f9dd84710f2fa08a1,1,8,20271505,highly_constrained,0.3,2.0,20261737,all_local,0000000000000000000000000000000000000000000000000000000000000000000000000000000000000000000000000000,1,234.837201330664,3.697369335069768,0.0,0,0,0,,0,0,0,100,0,0.0,243.52,243.52,0.0,0.0,0.0,18.947368421052634,18.0,0.0,0.0,0.0,2.0,0.0,0,0,0,0,4579.199999999999,45.79199999999999,9158.399999999998,0.0,0.0,0.0,1,243.52,0000000000000000000000000000000000000000000000000000000000000000000000000000000000000000000000000000,0.0,243.52
06ac6393eee7a87a46f65b36cf9d1863821846f32cd08b7f9dd84710f2fa08a1,1,8,20271505,highly_constrained,0.3,2.0,20261737,all_offload,1111111111111111111111111111111111111111111111111111111111111111111111111111111111111111111111111111,0,234.837201330664,0.3586410370395957,0.0,0,0,0,,0,0,0,100,100,1.0,inf,inf,0.0,99.99999999999996,99.99999999999996,18.947368421052634,18.0,5.277777777777776,26.812499999999993,26.812499999999993,2.0,13.406249999999996,1,1,1,1,inf,inf,109.02140244374064,9333.429671508266,1090.2140244374064,inf,0,inf,0000000001000000000000000000000000000000000010001000000000000000000010010000000000000000001100000000,0.93,235.67942390487104
06ac6393eee7a87a46f65b36cf9d1863821846f32cd08b7f9dd84710f2fa08a1,1,8,20271505,highly_constrained,0.3,2.0,20261737,qdp_oracle,0000000001000000000000000000000000000000000010000000100000000000000000010000000000000000001110000000,1,234.837201330664,-1.2102728728394545e-14,0.1890259579522535,0,0,0,,0,0,0,100,7,0.07,234.75379134945044,234.75379134945044,0.0,6.310679611650485,6.310679611650485,18.947368421052634,18.0,0.3330636461704422,1.64125,1.64125,2.0,0.8206249999999999,0,0,0,0,4347.397503918017,43.47397503918017,8096.783391802248,454.7950545465786,54.77025746386999,144.8483623129802,1,234.83720133066396,0000000001000000000000000000000000000000000010000000100000000000000000010000000000000000001110000000,0.0,234.83720133066396
06ac6393eee7a87a46f65b36cf9d1863821846f32cd08b7f9dd84710f2fa08a1,1,9,20271602,abundant,1.0,13.0,20261738,wa_mcbr,0010010001000001000000000000000000000000000100101000000100000000000010110000001000000000001101010011,1,230.27438102598668,0.002603422013238806,0.0452430420555174,949,77,0,True,36062,75920,111982,100,18,0.18,230.18426491481267,230.18426491481267,0.0,16.990291262135923,16.990291262135923,63.15789473684211,60.0,0.2690129449838188,4.371250000000001,4.371250000000001,13.0,0.33625,0,0,0,0,4212.840844475493,42.12840844475493,7463.67649589199,468.0435948845537,48.69421622164158,112.0033204205866,1,230.28037603991316,0010010001000001000000000000000000000000000100101000000100000000000010110000001000000000001101010011,0.0,230.28037603991316
06ac6393eee7a87a46f65b36cf9d1863821846f32cd08b7f9dd84710f2fa08a1,1,9,20271602,abundant,1.0,13.0,20261738,wa_mcbr_swap,0010010001000001000000000000000000000000000100101000000100000000000010110000001000000000001101010011,1,230.27438102598668,0.002603422013238806,0.0604252920020371,949,77,0,True,36062,75920,111982,100,18,0.18,230.18426491481267,230.18426491481267,0.0,16.990291262135923,16.990291262135923,63.15789473684211,60.0,0.2690129449838188,4.371250000000001,4.371250000000001,13.0,0.33625,0,0,0,0,4212.840844475493,42.12840844475493,7463.67649589199,468.0435948845537,48.69421622164158,112.0033204205866,1,230.28037603991316,0010010001000001000000000000000000000000000100101000000100000000000010110000001000000000001101010011,0.0,230.28037603991316
06ac6393eee7a87a46f65b36cf9d1863821846f32cd08b7f9dd84710f2fa08a1,1,9,20271602,abundant,1.0,13.0,20261738,capacity_greedy,0010010001000000000000000010000000000000000000101000100100000000000010110000000000000000001101000011,1,230.27438102598668,0.570145984099435,0.0157915420131757,0,0,0,,0,0,0,100,16,0.16,231.5079605624796,231.5079605624796,0.0,15.29126213592233,15.29126213592233,63.15789473684211,60.0,0.2421116504854369,3.965,3.965,13.0,0.305,0,0,0,0,4191.9776452461865,41.91977645246187,7363.068489806541,648.7389367737446,66.78061290881926,99.86389111289031,1,231.58728116181618,0010010001000000000000000010000000000000000000101000100100000000000010110000000000000000001101000011,0.0,231.58728116181618
06ac6393eee7a87a46f65b36cf9d1863821846f32cd08b7f9dd84710f2fa08a1,1,9,20271602,abundant,1.0,13.0,20261738,lagrangian_relaxation,0000000001000000001100000000000000010000000000000000100010000000000000001000000000000000000100000010,1,230.27438102598668,2.2536691197305694,0.0371411660453304,300,0,0,False,0,0,0,100,9,0.09,235.44018556628112,235.44018556628112,0.0,7.281553398058253,7.281553398058253,63.15789473684211,60.0,0.1152912621359223,2.09625,2.09625,13.0,0.16125,0,0,0,0,4285.920584367022,42.85920584367022,7802.105546577789,871.9304989420076,100.61628642096224,52.57887517146776,1,235.46400364182006,0000000001000000001100000000000000010000000000000000100010000000000000001000000000000000000100000010,0.0,235.46400364182006
06ac6393eee7a87a46f65b36cf9d1863821846f32cd08b7f9dd84710f2fa08a1,1,9,20271602,abundant,1.0,13.0,20261738,legacy_count_br,1110110001000011000000000000000000000000000100101100010100000000100010110001001000010000001101010011,1,230.27438102598668,1.8230431830208815,0.0031239170348271,435,64,0,False,0,0,0,100,27,0.27,234.1687697688024,234.1687697688024,0.0,25.728155339805827,25.728155339805827,63.15789473684211,60.0,0.4073624595469255,6.565,6.565,13.0,0.505,0,0,0,0,4091.914355079687,40.91914355079687,6859.924342336577,693.8738513902654,71.27193839173061,191.8430034129693,1,234.47238243152447,1110110001000011000000000000000000000000000100101100010100000000100010110001001000010000001101010011,0.0,234.47238243152447
06ac6393eee7a87a46f65b36cf9d1863821846f32cd08b7f9dd84710f2fa08a1,1,9,20271602,abundant,1.0,13.0,20261738,random_feasible,0111101111011011100100001111010001101011001001110000011111101100000010010001001000110010001110001011,1,230.27438102598668,33.00402403070384,0.0001351669197902,0,0,0,,0,0,0,100,49,0.49,404.1259819006988,404.1259819006988,0.0,48.543689320388346,48.543689320388346,63.15789473684211,60.0,0.7686084142394821,12.98375,12.98375,13.0,0.99875,0,0,0,0,3846.5749152477174,38.46574915247717,4929.527760022423,3463.354200146093,390.36244943720715,850.4195804195801,0,inf,0111101111011011100100000111000001000010001001100000011111100100000010010001001000110010001100001011,0.08,306.27419307635785
06ac6393eee7a87a46f65b36cf9d1863821846f32cd08b7f9dd84710f2fa08a1,1,9,20271602,abundant,1.0,13.0,20261738,all_local,0000000000000000000000000000000000000000000000000000000000000000000000000000000000000000000000000000,1,230.27438102598668,5.752102737177066,0.0,0,0,0,,0,0,0,100,0,0.0,243.52,243.52,0.0,0.0,0.0,63.15789473684211,60.0,0.0,0.0,0.0,13.0,0.0,0,0,0,0,4579.199999999999,45.79199999999999,9158.399999999998,0.0,0.0,0.0,1,243.52,0000000000000000000000000000000000000000000000000000000000000000000000000000000000000000000000000000,0.0,243.52
06ac6393eee7a87a46f65b36cf9d1863821846f32cd08b7f9dd84710f2fa08a1,1,9,20271602,abundant,1.0,13.0,20261738,all_offload,1111111111111111111111111111111111111111111111111111111111111111111111111111111111111111111111111111,0,230.27438102598668,19.03414015998297,0.0,0,0,0,,0,0,0,100,100,1.0,inf,inf,0.0,99.99999999999996,99.99999999999996,63.15789473684211,60.0,1.5833333333333328,26.812499999999993,26.812499999999993,13.0,2.0624999999999996,1,1,1,1,inf,inf,112.70220470756966,9492.350119294762,1127.0220470756967,inf,0,inf,1110110011101011100000000100000001010000000100101100010110010000111010110001001101110000011101111011,0.56,274.1051294630062
06ac6393eee7a87a46f65b36cf9d1863821846f32cd08b7f9dd84710f2fa08a1,1,9,20271602,abundant,1.0,13.0,20261738,qdp_oracle,0010010001000001000000000000000000000000000100101000000100000000000010110000001000000000001101000011,1,230.27438102598668,1.2342540800140764e-14,9.871343249920756,0,0,0,,0,0,0,100,17,0.17,230.19096254186417,230.19096254186417,0.0,16.019417475728158,16.019417475728158,63.15789473684211,60.0,0.2536407766990291,4.1275,4.1275,13.0,0.3175,0,0,0,0,4225.451891109546,42.25451891109546,7524.799016947555,451.0342450856176,47.00099691493163,104.95934959349594,1,230.2743810259867,0010010001000001000000000000000000000000000100101000000100000000000010110000001000000000001101000011,0.0,230.2743810259867
06ac6393eee7a87a46f65b36cf9d1863821846f32cd08b7f9dd84710f2fa08a1,1,9,20271602,moderate,0.6,5.0,20261738,wa_mcbr,0010010001000001000000000000000000000000000000101000000000000000000010110000001000000000001101000011,1,231.7370838564799,0.01428433001321345,0.0212733340449631,414,33,0,True,15732,33120,48852,100,15,0.15,231.61009998759985,231.61009998759985,0.0,14.07766990291262,14.07766990291262,37.89473684210527,36.0,0.3714940668824164,3.64,3.64,5.0,0.728,0,0,0,0,4258.195633429535,42.58195633429535,7675.836581353606,405.2735094766719,42.43875690705326,167.76871915897874,1,231.77018594630096,0010010001000001000000000000000000000000000000101000000000000000000010110000001000000000001101000011,0.0,231.77018594630096
06ac6393eee7a87a46f65b36cf9d1863821846f32cd08b7f9dd84710f2fa08a1,1,9,20271602,moderate,0.6,5.0,20261738,wa_mcbr_swap,0010010001000000000000000000000000000000000000101000000100000000000010110000001000000000001101000011,1,231.7370838564799,1.226463583532717e-14,0.0476575420470908,414,33,1,True,15732,33120,48852,100,15,0.15,231.5769978977788,231.5769978977788,0.0,14.07766990291262,14.07766990291262,37.89473684210527,36.0,0.3714940668824164,3.64,3.64,5.0,0.728,0,0,0,0,4256.633577852112,42.566335778521115,7668.640388715606,407.80313764845585,42.69258104040927,167.76871915897874,1,231.73708385647993,0010010001000000000000000000000000000000000000101000000100000000000010110000001000000000001101000011,0.0,231.73708385647993
06ac6393eee7a87a46f65b36cf9d1863821846f32cd08b7f9dd84710f2fa08a1,1,9,20271602,moderate,0.6,5.0,20261738,capacity_greedy,0010000001000000000000000010000000000000000000101000100000000000000010110000000000000000001101000010,1,231.7370838564799,0.40971448187755305,0.0130342079792171,0,0,0,,0,0,0,100,13,0.13,232.5660730486224,232.5660730486224,0.0,12.37864077669903,12.37864077669903,37.89473684210527,36.0,0.3266585760517799,3.2337499999999997,3.2337499999999997,5.0,0.6467499999999999,0,0,0,0,4236.199878087916,42.361998780879155,7571.621559333225,612.5541085258062,63.19687178652975,141.28266746770802,1,232.68654424892063,0010000001000000000000000010000000000000000000101000100000000000000010110000000000000000001101000010,0.0,232.68654424892063
06ac6393eee7a87a46f65b36cf9d1863821846f32cd08b7f9dd84710f2fa08a1,1,9,20271602,moderate,0.6,5.0,20261738,lagrangian_relaxation,1010010001000001000000000000000000000000000100101000000100000000000010110000001000010000001101010011,1,231.7370838564799,0.15460557822614482,0.008779541007243,300,0,0,False,0,0,0,100,20,0.2,233.3147107427378,233.3147107427378,0.0,18.93203883495146,18.93203883495146,37.89473684210527,36.0,0.4995954692556634,4.8587500000000015,4.8587500000000015,5.0,0.9717500000000004,0,0,0,0,4187.704271528504,41.87704271528504,7327.06887895869,515.6177801438788,53.443947934502575,269.5957962813258,0,inf,0010010001000001000000000000000000000000000100101000000100000000000010110000001000000000001101000011,0.03,232.09536231494062
06ac6393eee7a87a46f65b36cf9d1863821846f32cd08b7f9dd84710f2fa08a1,1,9,20271602,moderate,0.6,5.0,20261738,legacy_count_br,1100110000100011000000000000000001000000000000001000010000000000110010110001001001000000001000000001,1,231.7370838564799,1.435780406985904,0.0018657080363482,216,8,0,False,0,0,0,100,20,0.2,237.6475858608202,237.6475858608202,0.0,19.417475728155345,19.417475728155345,37.89473684210527,36.0,0.5124056094929881,4.956250000000002,4.956250000000002,5.0,0.9912500000000004,0,0,0,0,4259.47665878383,42.5947665878383,7643.946186593683,571.1117002534417,57.309329684136195,282.7212389380531,0,inf,1100010000000011000000000000000001000000000000001000010000000000100010110000001001000000001000000001,0.04,235.06431950221173
06ac6393eee7a87a46f65b36cf9d1863821846f32cd08b7f9dd84710f2fa08a1,1,9,20271602,moderate,0.6,5.0,20261738,random_feasible,0110100001000011000000000000000001000000000000100000010110000000000010010001001000010000001100000011,1,231.7370838564799,0.7684839002197502,0.00044233398512,0,0,0,,0,0,0,100,20,0.2,235.161411684783,235.161411684783,0.0,18.689320388349515,18.689320388349515,37.89473684210527,36.0,0.493190399137001,4.8587500000000015,4.8587500000000015,5.0,0.9717500000000004,0,0,0,0,4196.902455709175,41.96902455709175,7363.259917421738,581.8408910860201,62.9958710868989,263.28189437275506,0,inf,0110000001000011000000000000000001000000000000100000010100000000000010010000001000010000001100000011,0.03,233.5179460367557
06ac6393eee7a87a46f65b36cf9d1863821846f32cd08b7f9dd84710f2fa08a1,1,9,20271602,moderate,0.6,5.0,20261738,all_local,0000000000000000000000000000000000000000000000000000000000000000000000000000000000000000000000000000,1,231.7370838564799,5.0846053412916605,0.0,0,0,0,,0,0,0,100,0,0.0,243.52,243.52,0.0,0.0,0.0,37.89473684210527,36.0,0.0,0.0,0.0,5.0,0.0,0,0,0,0,4579.199999999999,45.79199999999999,9158.399999999998,0.0,0.0,0.0,1,243.52,0000000000000000000000000000000000000000000000000000000000000000000000000000000000000000000000000000,0.0,243.52
06ac6393eee7a87a46f65b36cf9d1863821846f32cd08b7f9dd84710f2fa08a1,1,9,20271602,moderate,0.6,5.0,20261738,all_offload,1111111111111111111111111111111111111111111111111111111111111111111111111111111111111111111111111111,0,231.7370838564799,0.15460557822614482,0.0,0,0,0,,0,0,0,100,100,1.0,inf,inf,0.0,99.99999999999996,99.99999999999996,37.89473684210527,36.0,2.638888888888888,26.812499999999993,26.812499999999993,5.0,5.362499999999999,1,1,1,1,inf,inf,112.70220470756966,9492.350119294762,1127.0220470756967,inf,0,inf,0010010001000001000000000000000000000000000100101000000100000000000010110000001000000000001101000011,0.83,232.09536231494062
06ac6393eee7a87a46f65b36cf9d1863821846f32cd08b7f9dd84710f2fa08a1,1,9,20271602,moderate,0.6,5.0,20261738,qdp_oracle,0010010001000000000000000000000000000000000000101000000100000000000010110000001000000000001101000011,1,231.7370838564799,1.226463583532717e-14,1.619488833937794,0,0,0,,0,0,0,100,15,0.15,231.5769978977788,231.5769978977788,0.0,14.07766990291262,14.07766990291262,37.89473684210527,36.0,0.3714940668824164,3.64,3.64,5.0,0.728,0,0,0,0,4256.633577852112,42.566335778521115,7668.640388715606,407.80313764845585,42.69258104040927,167.76871915897874,1,231.73708385647993,0010010001000000000000000000000000000000000000101000000100000000000010110000001000000000001101000011,0.0,231.73708385647993
06ac6393eee7a87a46f65b36cf9d1863821846f32cd08b7f9dd84710f2fa08a1,1,9,20271602,highly_constrained,0.3,2.0,20261738,wa_mcbr,1000010000000001000000000000000000000000000000001000010000000000000010100000000000000000000000000001,1,235.26512088540667,1.1690253717613492,0.0053120839875191,100,0,0,True,3800,8000,11800,100,8,0.08,237.3689479306041,237.3689479306041,0.0,7.766990291262136,7.766990291262136,18.947368421052634,18.0,0.4099244875943905,1.95,1.95,2.0,0.975,0,0,0,0,4430.999929108812,44.30999929108812,8474.625968115417,281.31654993615416,28.246014427285985,193.67458866544789,0,inf,0000000000000001000000000000000000000000000000001000010000000000000010100000000000000000000000000001,0.02,238.0154298394621
06ac6393eee7a87a46f65b36cf9d1863821846f32cd08b7f9dd84710f2fa08a1,1,9,20271602,highly_constrained,0.3,2.0,20261738,wa_mcbr_swap,0000000001000000000000000000000000000000000000001000000010000000000010010000000000000000001100000010,1,235.26512088540667,0.10971842092917182,0.0481265840353444,100,0,6,True,3800,8000,11800,100,8,0.08,234.67421251079833,234.67421251079833,0.0,7.038834951456311,7.038834951456311,18.947368421052634,18.0,0.3714940668824164,1.93375,1.93375,2.0,0.966875,0,0,0,0,4372.2830366611515,43.72283036661152,8211.85854608294,267.6108634849265,32.31826036744751,167.76871915897874,0,inf,0000000001000000000000000000000000000000000000001000000010000000000010000000000000000000001100000010,0.01,235.52325006103925
06ac6393eee7a87a46f65b36cf9d1863821846f32cd08b7f9dd84710f2fa08a1,1,9,20271602,highly_constrained,0.3,2.0,20261738,capacity_greedy,0000000001000000000000000010000000000000000000000000100000000000000000010000000000000000001100000010,1,235.26512088540667,0.2320912721641954,0.0072543330024927,0,0,0,,0,0,0,100,7,0.07,235.38285863136215,235.38285863136215,0.0,6.5533980582524265,6.5533980582524265,18.947368421052634,18.0,0.3458737864077669,1.77125,1.77125,2.0,0.885625,0,0,0,0,4357.453378768202,43.57453378768202,8139.973145826365,512.5791561253747,53.30654662345436,152.1892393320964,0,inf,0000000001000000000000000010000000000000000000000000000000000000000000010000000000000000001100000010,0.01,235.81115069742825
06ac6393eee7a87a46f65b36cf9d1863821846f32cd08b7f9dd84710f2fa08a1,1,9,20271602,highly_constrained,0.3,2.0,20261738,lagrangian_relaxation,0010000001000000000000000000000000000000000000001000000000000000000010010000000000000000001100000010,1,235.26512088540667,0.11250893069113078,0.0093125000130385,300,0,0,True,0,0,0,100,8,0.08,234.67692338101705,234.67692338101705,0.0,7.281553398058252,7.281553398058252,18.947368421052634,18.0,0.384304207119741,1.93375,1.93375,2.0,0.966875,0,0,0,0,4376.249592077646,43.762495920776466,8229.820256392662,255.1543316506256,27.532049082657263,176.04467805519047,0,inf,0010000001000000000000000000000000000000000000001000000000000000000010000000000000000000001100000010,0.01,235.52981515720404
06ac6393eee7a87a46f65b36cf9d1863821846f32cd08b7f9dd84710f2fa08a1,1,9,20271602,highly_constrained,0.3,2.0,20261738,legacy_count_br,1000010000000001000000000000000000000000000000001000010000000000000010100000000000000000000000000001,1,235.26512088540667,1.1690253717613492,0.0016182500403374,100,0,0,True,0,0,0,100,8,0.08,237.3689479306041,237.3689479306041,0.0,7.766990291262136,7.766990291262136,18.947368421052634,18.0,0.4099244875943905,1.95,1.95,2.0,0.975,0,0,0,0,4430.999929108812,44.30999929108812,8474.625968115417,281.31654993615416,28.246014427285985,193.67458866544789,0,inf,0000000000000001000000000000000000000000000000001000010000000000000010100000000000000000000000000001,0.02,238.0154298394621
06ac6393eee7a87a46f65b36cf9d1863821846f32cd08b7f9dd84710f2fa08a1,1,9,20271602,highly_constrained,0.3,2.0,20261738,random_feasible,0010000001000000000000000000000000000000000000100000000000000000000010010000000000000000001100000010,1,235.26512088540667,0.03205066112372389,0.0005885839927941,0,0,0,,0,0,0,100,8,0.08,234.85676491721185,234.85676491721185,0.0,7.281553398058252,7.281553398058252,18.947368421052634,18.0,0.384304207119741,1.93375,1.93375,2.0,0.966875,0,0,0,0,4378.722626647241,43.78722626647241,8240.627587909607,264.2836528499598,28.448488700927783,176.04467805519047,0,inf,0010000001000000000000000000000000000000000000000000000000000000000010010000000000000000001100000010,0.01,235.34052491204397
06ac6393eee7a87a46f65b36cf9d1863821846f32cd08b7f9dd84710f2fa08a1,1,9,20271602,highly_constrained,0.3,2.0,20261738,all_local,0000000000000000000000000000000000000000000000000000000000000000000000000000000000000000000000000000,1,235.26512088540667,3.508756029591882,0.0,0,0,0,,0,0,0,100,0,0.0,243.52,243.52,0.0,0.0,0.0,18.947368421052634,18.0,0.0,0.0,0.0,2.0,0.0,0,0,0,0,4579.199999999999,45.79199999999999,9158.399999999998,0.0,0.0,0.0,1,243.52,0000000000000000000000000000000000000000000000000000000000000000000000000000000000000000000000000000,0.0,243.52
06ac6393eee7a87a46f65b36cf9d1863821846f32cd08b7f9dd84710f2fa08a1,1,9,20271602,highly_constrained,0.3,2.0,20261738,all_offload,1111111111111111111111111111111111111111111111111111111111111111111111111111111111111111111111111111,0,235.26512088540667,0.11250893069113078,0.0,0,0,0,,0,0,0,100,100,1.0,inf,inf,0.0,99.99999999999996,99.99999999999996,18.947368421052634,18.0,5.277777777777776,26.812499999999993,26.812499999999993,2.0,13.406249999999996,1,1,1,1,inf,inf,112.70220470756966,9492.350119294762,1127.0220470756967,inf,0,inf,0010000001000000000000000000000000000000000000001000000000000000000010000000000000000000001100000010,0.93,235.52981515720404
06ac6393eee7a87a46f65b36cf9d1863821846f32cd08b7f9dd84710f2fa08a1,1,9,20271602,highly_constrained,0.3,2.0,20261738,qdp_oracle,0000000001000000000000000000000000000000000000001000000000000000000010010000000000000000001100000010,1,235.26512088540667,1.208071528981455e-14,0.2383407090092077,0,0,0,,0,0,0,100,7,0.07,235.1817109041932,235.1817109041932,0.0,6.310679611650485,6.310679611650485,18.947368421052634,18.0,0.3330636461704422,1.69,1.69,2.0,0.845,0,0,0,0,4399.297229041542,43.992972290415416,8337.762558756398,211.89864362172432,23.222679485511563,144.8483623129802,1,235.2651208854067,0000000001000000000000000000000000000000000000001000000000000000000010010000000000000000001100000010,0.0,235.2651208854067
06ac6393eee7a87a46f65b36cf9d1863821846f32cd08b7f9dd84710f2fa08a1,2,0,20280729,abundant,1.0,13.0,20262729,wa_mcbr,1000100010000100001100100100000000000000100001000000000000001000001100001110000000000000000000010000,1,243.84472478812975,0.12711108122760642,0.0332645000889897,694,69,0,True,26372,55520,81892,100,17,0.17,244.0921009018018,244.0921009018018,0.0,16.08910891089109,16.08910891089109,63.15789473684211,60.0,0.2547442244224422,4.0625,4.0625,13.0,0.3125,0,0,0,0,3928.4174213483666,39.28417421348367,6531.745404035007,789.6871319523905,79.14141382389023,105.45530030445612,1,244.15467845432443,1000100010000100001100100100000000000000100001000000000000001000001100001110000000000000000000010000,0.0,244.15467845432443
06ac6393eee7a87a46f65b36cf9d1863821846f32cd08b7f9dd84710f2fa08a1,2,0,20280729,abundant,1.0,13.0,20262729,wa_mcbr_swap,1000101010000100001100100100000000000000100000000000000000011000001100001110000000000000000000000000,1,243.84472478812975,0.05651715018120728,0.0767708751372993,694,69,2,False,26372,55520,81892,100,17,0.17,243.9287816089534,243.9287816089534,0.0,15.346534653465344,15.346534653465344,63.15789473684211,60.0,0.2429867986798679,3.9,3.9,13.0,0.3,0,0,0,0,3982.2150585201753,39.822150585201754,6787.05383357604,618.2876225203318,61.99021035530422,100.2452316076294,1,243.9825388774472,1000101010000100001100100100000000000000100000000000000000011000001100001110000000000000000000000000,0.0,243.9825388774472
06ac6393eee7a87a46f65b36cf9d1863821846f32cd08b7f9dd84710f2fa08a1,2,0,20280729,abundant,1.0,13.0,20262729,capacity_greedy,1000000000000100001000000100000000000000000001100000000000001000101000001110000000000000000000000000,1,243.84472478812975,0.8814310211393858,0.0121887499699369,0,0,0,,0,0,0,100,12,0.12,245.95943582013393,245.95943582013393,0.0,12.128712871287126,12.128712871287126,63.15789473684211,60.0,0.1920379537953795,3.10375,3.10375,13.0,0.23875,0,0,0,0,3923.730546551361,39.23730546551361,6510.239527939067,1198.1250710935512,119.960661588903,79.42047485320397,1,245.9940478358243,1000000000000100001000000100000000000000000001100000000000001000101000001110000000000000000000000000,0.0,245.9940478358243
06ac6393eee7a87a46f65b36cf9d1863821846f32cd08b7f9dd84710f2fa08a1,2,0,20280729,abundant,1.0,13.0,20262729,lagrangian_relaxation,0000101000000000001000000100000000000010000001100000000000001000101000001110000000000000000000000000,1,243.84472478812975,1.1052124270676942,0.029674082994461,300,0,0,False,0,0,0,100,13,0.13,246.4988106100402,246.4988106100402,0.0,11.88118811881188,11.88118811881188,63.15789473684211,60.0,0.188118811881188,3.1362499999999995,3.1362499999999995,13.0,0.2412499999999999,0,0,0,0,3921.629459308743,39.21629459308743,6495.943511313084,1185.8777329427735,118.7316394680666,77.92682926829266,1,246.53972698923718,0000101000000000001000000100000000000010000001100000000000001000101000001110000000000000000000000000,0.0,246.53972698923718
06ac6393eee7a87a46f65b36cf9d1863821846f32cd08b7f9dd84710f2fa08a1,2,0,20280729,abundant,1.0,13.0,20262729,legacy_count_br,1000101010000101001100101000100001000010100000000000000000111000001110001111000000000001000001010100,1,243.84472478812975,2.239490896529492,0.0028061659540981,396,58,0,False,0,0,0,100,28,0.28,249.1139804287795,249.1139804287795,0.0,25.495049504950497,25.495049504950497,63.15789473684211,60.0,0.4036716171617161,6.451250000000001,6.451250000000001,13.0,0.4962500000000001,0,0,0,0,3863.339965740112,38.63339965740112,6179.930949632811,830.0523910987778,83.2482011717883,189.23209961950877,1,249.3056052014273,1000101010000101001100101000100001000010100000000000000000111000001110001111000000000001000001010100,0.0,249.3056052014273
06ac6393eee7a87a46f65b36cf9d1863821846f32cd08b7f9dd84710f2fa08a1,2,0,20280729,abundant,1.0,13.0,20262729,random_feasible,1100111000101010101001010100001010100010101110101010100001110000111110100110011011110100110001011010,1,243.84472478812975,38.07920381860062,0.0001320829614996,0,0,0,,0,0,0,100,49,0.49,424.41905244291235,424.41905244291235,0.0,46.53465346534653,46.53465346534653,63.15789473684211,60.0,0.7367986798679866,12.8375,12.8375,13.0,0.9875,0,0,0,0,3687.579147849511,36.87579147849511,4575.17866372871,3638.914859189696,432.2176271165243,719.8432601880872,0,inf,1100111000001010101001010100001010100010101110101000100000110000011110000110011011110100000001011010,0.07,336.69885454110744
06ac6393eee7a87a46f65b36cf9d1863821846f32cd08b7f9dd84710f2fa08a1,2,0,20280729,abundant,1.0,13.0,20262729,all_local,0000000000000000000000000000000000000000000000000000000000000000000000000000000000000000000000000000,1,243.84472478812975,7.273183878502987,0.0,0,0,0,,0,0,0,100,0,0.0,261.58,261.58,0.0,0.0,0.0,63.15789473684211,60.0,0.0,0.0,0.0,13.0,0.0,0,0,0,0,4431.6,44.316,8863.2,0.0,0.0,0.0,1,261.58,0000000000000000000000000000000000000000000000000000000000000000000000000000000000000000000000000000,0.0,261.58
06ac6393eee7a87a46f65b36cf9d1863821846f32cd08b7f9dd84710f2fa08a1,2,0,20280729,abundant,1.0,13.0,20262729,all_offload,1111111111111111111111111111111111111111111111111111111111111111111111111111111111111111111111111111,0,243.84472478812975,17.64404151832691,0.0,0,0,0,,0,0,0,100,100,1.0,inf,inf,0.0,99.99999999999996,99.99999999999996,63.15789473684211,60.0,1.5833333333333328,27.007499999999993,27.007499999999993,13.0,2.0774999999999997,1,1,1,1,inf,inf,93.44527246817898,8297.40983180422,934.4527246817898,inf,0,inf,1100101010001101001110111110100001000010101010000001100010111010011111011111010000000001000001010100,0.56,286.86878926999736
06ac6393eee7a87a46f65b36cf9d1863821846f32cd08b7f9dd84710f2fa08a1,2,0,20280729,abundant,1.0,13.0,20262729,qdp_oracle,1000101010000100001100100000000000000010100000000000000000011000001100001110000000000000000001010000,1,243.84472478812975,1.1655658926023059e-14,8.816025792039,0,0,0,,0,0,0,100,19,0.19,243.7806807183131,243.7806807183131,0.0,16.336633663366335,16.336633663366335,63.15789473684211,60.0,0.2586633663366336,4.17625,4.17625,13.0,0.32125,0,0,0,0,3983.6245120465983,39.83624512046599,6790.681950381408,567.7456037177917,56.94475691614906,107.228714524207,1,243.84472478812978,1000101010000100001100100000000000000010100000000000000000011000001100001110000000000000000001010000,0.0,243.84472478812978
06ac6393eee7a87a46f65b36cf9d1863821846f32cd08b7f9dd84710f2fa08a1,2,0,20280729,moderate,0.6,5.0,20262729,wa_mcbr,1000000010000100001000100100000000000000000001100000000000001000001000001110000000000000000000000000,1,245.3832092436141,0.03422460226231355,0.0206471669953316,409,29,0,True,15542,32720,48262,100,13,0.13,245.38140012773428,245.38140012773428,0.0,12.871287128712869,12.871287128712869,37.89473684210527,36.0,0.3396589658965895,3.266249999999999,3.266249999999999,5.0,0.6532499999999999,0,0,0,0,3961.551644836163,39.61551644836164,6689.923945612733,863.0727341694118,86.45735482571307,148.59225322782163,1,245.46719067099622,1000000010000100001000100100000000000000000001100000000000001000001000001110000000000000000000000000,0.0,245.46719067099622
06ac6393eee7a87a46f65b36cf9d1863821846f32cd08b7f9dd84710f2fa08a1,2,0,20280729,moderate,0.6,5.0,20262729,wa_mcbr_swap,1000100000000100001000000100000000000000100001100000000000001000001000001110000000000000000000000000,1,245.3832092436141,0.023251656932691312,0.0549824170302599,409,29,2,True,15542,32720,48262,100,13,0.13,245.33913191340017,245.33913191340017,0.0,12.376237623762371,12.376237623762371,37.89473684210527,36.0,0.3265951595159514,3.1687499999999993,3.1687499999999993,5.0,0.6337499999999998,0,0,0,0,3964.549870091327,39.64549870091327,6704.31321736007,854.8961505039028,85.63210462074377,141.24770267510715,1,245.44026490559784,1000100000000100001000000100000000000000100001100000000000001000001000001110000000000000000000000000,0.0,245.44026490559784
06ac6393eee7a87a46f65b36cf9d1863821846f32cd08b7f9dd84710f2fa08a1,2,0,20280729,moderate,0.6,5.0,20262729,capacity_greedy,1000000000000000001000000100000000000000000001100000000000001000101000001110000000000000000000000000,1,245.3832092436141,0.5149141838257673,0.0113977500004693,0,0,0,,0,0,0,100,11,0.11,246.57838075359027,246.57838075359027,0.0,11.138613861386135,11.138613861386135,37.89473684210527,36.0,0.2939356435643563,2.86,2.86,5.0,0.572,0,0,0,0,3942.950428893203,39.42950428893203,6600.1201503516695,1198.6908905381738,120.0136683335855,124.0753724802804,1,246.64672219273632,1000000000000000001000000100000000000000000001100000000000001000101000001110000000000000000000000000,0.0,246.64672219273632
06ac6393eee7a87a46f65b36cf9d1863821846f32cd08b7f9dd84710f2fa08a1,2,0,20280729,moderate,0.6,5.0,20262729,lagrangian_relaxation,1000101010000101001100100000100000000010100000000000000000111000001100001110000000000000000001010000,1,245.3832092436141,0.21316048155371498,0.0073316249763593,300,0,0,False,0,0,0,100,22,0.22,247.41280924765417,247.41280924765417,0.0,19.306930693069308,19.306930693069308,37.89473684210527,36.0,0.5094884488448844,4.9075000000000015,4.9075000000000015,5.0,0.9815000000000004,0,0,0,0,3947.4124235969066,39.474124235969065,6596.570041104643,620.892715678642,62.27459566556945,279.6719932716568,0,inf,1000101010000100001100100000000000000010100000000000000000011000001100001110000000000000000001010000,0.03,245.90626927408974
06ac6393eee7a87a46f65b36cf9d1863821846f32cd08b7f9dd84710f2fa08a1,2,0,20280729,moderate,0.6,5.0,20262729,legacy_count_br,1000101010000101001000101000100001000010100000000000000000110000001010001110000000000001000001000000,1,245.3832092436141,0.6606166094211917,0.0031258329981938,415,20,0,False,0,0,0,100,22,0.22,249.1282457433333,249.1282457433333,0.0,19.306930693069308,19.306930693069308,37.89473684210527,36.0,0.5094884488448844,4.9075000000000015,4.9075000000000015,5.0,0.9815000000000004,0,0,0,0,3974.9667664353274,39.749667664353275,6719.0056941199355,636.9992083341494,63.89518726982918,279.6719932716568,0,inf,1000101010000101001000100000100000000010100000000000000000110000001000001110000000000001000001000000,0.03,247.00425148060816
06ac6393eee7a87a46f65b36cf9d1863821846f32cd08b7f9dd84710f2fa08a1,2,0,20280729,moderate,0.6,5.0,20262729,random_feasible,1100101000001000001000000100000000000010101010000000000000110000011110000110000000000000000001010000,1,245.3832092436141,1.7948475268139337,0.0004367080982774,0,0,0,,0,0,0,100,21,0.21,251.5929149626732,251.5929149626732,0.0,18.811881188118814,18.811881188118814,37.89473684210527,36.0,0.4964246424642464,4.875000000000001,4.875000000000001,5.0,0.9750000000000002,0,0,0,0,3984.6331131838338,39.84633113183833,6755.227726616806,773.2220290655283,77.51079127645727,266.4500273074823,0,inf,1100101000001000001000000100000000000010100010000000000000110000001110000110000000000000000001010000,0.02,249.78746370593976
06ac6393eee7a87a46f65b36cf9d1863821846f32cd08b7f9dd84710f2fa08a1,2,0,20280729,moderate,0.6,5.0,20262729,all_local,0000000000000000000000000000000000000000000000000000000000000000000000000000000000000000000000000000,1,245.3832092436141,6.6006108593623765,0.0,0,0,0,,0,0,0,100,0,0.0,261.58,261.58,0.0,0.0,0.0,37.89473684210527,36.0,0.0,0.0,0.0,5.0,0.0,0,0,0,0,4431.6,44.316,8863.2,0.0,0.0,0.0,1,261.58,0000000000000000000000000000000000000000000000000000000000000000000000000000000000000000000000000000,0.0,261.58
06ac6393eee7a87a46f65b36cf9d1863821846f32cd08b7f9dd84710f2fa08a1,2,0,20280729,moderate,0.6,5.0,20262729,all_offload,1111111111111111111111111111111111111111111111111111111111111111111111111111111111111111111111111111,0,245.3832092436141,0.21316048155371498,0.0,0,0,0,,0,0,0,100,100,1.0,inf,inf,0.0,99.99999999999996,99.99999999999996,37.89473684210527,36.0,2.638888888888888,27.007499999999993,27.007499999999993,5.0,5.401499999999999,1,1,1,1,inf,inf,93.44527246817898,8297.40983180422,934.4527246817898,inf,0,inf,1000101010000100001100100000000000000010100000000000000000011000001100001110000000000000000001010000,0.81,245.90626927408974
06ac6393eee7a87a46f65b36cf9d1863821846f32cd08b7f9dd84710f2fa08a1,2,0,20280729,moderate,0.6,5.0,20262729,qdp_oracle,1000101010000100001000000100000000000000100001000000000000001000001000001110000000000000000000000000,1,245.3832092436141,2.3165162374404525e-14,1.9761362500721589,0,0,0,,0,0,0,100,14,0.14,245.28240260111932,245.28240260111932,0.0,12.62376237623762,12.62376237623762,37.89473684210527,36.0,0.3331270627062705,3.2499999999999996,3.2499999999999996,5.0,0.6499999999999999,0,0,0,0,3985.412160243928,39.85412160243928,6801.420426883707,727.413151619877,72.88763455043636,144.88400866068662,1,245.38320924361415,1000101010000100001000000100000000000000100001000000000000001000001000001110000000000000000000000000,0.0,245.38320924361415
06ac6393eee7a87a46f65b36cf9d1863821846f32cd08b7f9dd84710f2fa08a1,2,0,20280729,highly_constrained,0.3,2.0,20262729,wa_mcbr,0000000000000100000000100000000000000010000000100000000000010000001000000010000000000000000001000000,1,248.7885304098548,1.4774644383647935,0.0052227079868316,100,0,0,True,3800,8000,11800,100,8,0.08,252.12509832436615,252.12509832436615,0.0,7.425742574257425,7.425742574257425,18.947368421052634,18.0,0.3919141914191418,1.90125,1.90125,2.0,0.950625,0,0,0,0,4204.940863943589,42.04940863943589,7819.590032320718,486.48180570300974,48.754040089733216,181.1261872455902,0,inf,0000000000000100000000100000000000000010000000100000000000000000001000000010000000000000000001000000,0.01,252.46429247339077
06ac6393eee7a87a46f65b36cf9d1863821846f32cd08b7f9dd84710f2fa08a1,2,0,20280729,highly_constrained,0.3,2.0,20262729,wa_mcbr_swap,0000000000000000001000000000000000000000000001100000000000001000001000001110000000000000000000000000,1,248.7885304098548,0.08678727782810217,0.0542410420021042,100,0,7,True,3800,8000,11800,100,8,0.08,248.0189766986978,248.0189766986978,0.0,7.673267326732672,7.673267326732672,18.947368421052634,18.0,0.4049779977997799,1.96625,1.96625,2.0,0.983125,0,0,0,0,4087.59425288717,40.875942528871704,7283.368248026525,709.1290802745777,71.03100331565065,190.15253062167776,0,inf,0000000000000000001000000000000000000000000001000000000000001000001000001110000000000000000000000000,0.01,249.00444720294604
06ac6393eee7a87a46f65b36cf9d1863821846f32cd08b7f9dd84710f2fa08a1,2,0,20280729,highly_constrained,0.3,2.0,20262729,capacity_greedy,0000000000000000000000000100000000000000000001100000000000000000100000001110000000000000000000000000,1,248.7885304098548,0.10360781130085704,0.0070923750754445,0,0,0,,0,0,0,100,7,0.07,248.74742673214573,248.74742673214573,0.0,7.425742574257425,7.425742574257425,18.947368421052634,18.0,0.3919141914191418,1.93375,1.93375,2.0,0.966875,0,0,0,0,4052.203251106668,40.52203251106667,7114.414371904691,1162.19539942122,116.338843527208,181.1261872455902,0,inf,0000000000000000000000000100000000000000000001100000000000000000000000001110000000000000000000000000,0.01,249.04629476098
06ac6393eee7a87a46f65b36cf9d1863821846f32cd08b7f9dd84710f2fa08a1,2,0,20280729,highly_constrained,0.3,2.0,20262729,lagrangian_relaxation,0000001000000000000000000000000000000000000001100000000000001000001000001110000000000000000000000000,1,248.7885304098548,0.11639553928160458,0.0093242500443011,300,0,0,True,0,0,0,100,8,0.08,248.09795559921304,248.09795559921304,0.0,7.425742574257425,7.425742574257425,18.947368421052634,18.0,0.3919141914191418,1.93375,1.93375,2.0,0.966875,0,0,0,0,4087.672949441113,40.87672949441112,7283.383395225934,727.9924928935194,72.92440324185527,181.1261872455902,0,inf,0000001000000000000000000000000000000000000001000000000000001000001000001110000000000000000000000000,0.01,249.07810916149612
06ac6393eee7a87a46f65b36cf9d1863821846f32cd08b7f9dd84710f2fa08a1,2,0,20280729,highly_constrained,0.3,2.0,20262729,legacy_count_br,0000000000000100000000100000000000000010000000100000000000010000001000000010000000000000000001000000,1,248.7885304098548,1.4774644383647935,0.0016017080051824,100,0,0,True,0,0,0,100,8,0.08,252.12509832436615,252.12509832436615,0.0,7.425742574257425,7.425742574257425,18.947368421052634,18.0,0.3919141914191418,1.90125,1.90125,2.0,0.950625,0,0,0,0,4204.940863943589,42.04940863943589,7819.590032320718,486.48180570300974,48.754040089733216,181.1261872455902,0,inf,0000000000000100000000100000000000000010000000100000000000000000001000000010000000000000000001000000,0.01,252.46429247339077
06ac6393eee7a87a46f65b36cf9d1863821846f32cd08b7f9dd84710f2fa08a1,2,0,20280729,highly_constrained,0.3,2.0,20262729,random_feasible,1000101000000000001000000000000000000010100000000000000000000000001000000110000000000000000000000000,1,248.7885304098548,0.9984043964033206,0.0005670840619131,0,0,0,,0,0,0,100,9,0.09,250.5323734526646,250.5323734526646,0.0,6.930693069306931,6.930693069306931,18.947368421052634,18.0,0.3657865786578657,1.83625,1.83625,2.0,0.918125,0,0,0,0,4193.107460783987,41.931074607839875,7769.123958447347,358.8621262346941,35.99538303851906,164.1890719861231,0,inf,0000101000000000001000000000000000000010100000000000000000000000001000000110000000000000000000000000,0.01,251.272446035214
06ac6393eee7a87a46f65b36cf9d1863821846f32cd08b7f9dd84710f2fa08a1,2,0,20280729,highly_constrained,0.3,2.0,20262729,all_local,0000000000000000000000000000000000000000000000000000000000000000000000000000000000000000000000000000,1,248.7885304098548,5.141502933866164,0.0,0,0,0,,0,0,0,100,0,0.0,261.58,261.58,0.0,0.0,0.0,18.947368421052634,18.0,0.0,0.0,0.0,2.0,0.0,0,0,0,0,4431.6,44.316,8863.2,0.0,0.0,0.0,1,261.58,0000000000000000000000000000000000000000000000000000000000000000000000000000000000000000000000000000,0.0,261.58
06ac6393eee7a87a46f65b36cf9d1863821846f32cd08b7f9dd84710f2fa08a1,2,0,20280729,highly_constrained,0.3,2.0,20262729,all_offload,1111111111111111111111111111111111111111111111111111111111111111111111111111111111111111111111111111,0,248.7885304098548,0.2735963325673999,0.0,0,0,0,,0,0,0,100,100,1.0,inf,inf,0.0,99.99999999999996,99.99999999999996,18.947368421052634,18.0,5.277777777777776,27.007499999999993,27.007499999999993,2.0,13.503749999999997,1,1,1,1,inf,inf,93.44527246817898,8297.40983180422,934.4527246817898,inf,0,inf,0000101000000000001000000000000000000000000000000000000000001000001000001110000000000000000000000000,0.92,249.46920670490448
06ac6393eee7a87a46f65b36cf9d1863821846f32cd08b7f9dd84710f2fa08a1,2,0,20280729,highly_constrained,0.3,2.0,20262729,qdp_oracle,0000000000000000001000000000000000000000000001100000000000000000001000001110000000000000000000000000,1,248.7885304098548,3.4272129889085346e-14,0.4240599579643458,0,0,0,,0,0,0,100,7,0.07,248.7168329005684,248.7168329005684,0.0,6.683168316831683,6.683168316831683,18.947368421052634,18.0,0.3527227722772276,1.7225,1.7225,2.0,0.86125,0,0,0,0,4116.012829780177,41.16012829780177,7416.4927203133775,702.7424132839043,70.38861619672487,156.23326959847032,1,248.78853040985487,0000000000000000001000000000000000000000000001100000000000000000001000001110000000000000000000000000,0.0,248.78853040985487
06ac6393eee7a87a46f65b36cf9d1863821846f32cd08b7f9dd84710f2fa08a1,2,1,20280826,abundant,1.0,13.0,20262730,wa_mcbr,1000101000001101000000100000000000000000000001000000000000101000001100001110010000000001000001000000,1,242.1598672005316,0.0007500148779181133,0.0374002499738708,786,69,0,True,29868,62880,92748,100,18,0.18,242.10670643992563,242.10670643992563,0.0,16.584158415841582,16.584158415841582,63.15789473684211,60.0,0.262582508250825,4.1925,4.1925,13.0,0.3225,0,0,0,0,3940.512917604333,39.40512917604333,6596.297811765314,608.363332330851,60.98954251744775,109.020979020979,1,242.16168343556396,1000101000001101000000100000000000000000000001000000000000101000001100001110010000000001000001000000,0.0,242.16168343556396
06ac6393eee7a87a46f65b36cf9d1863821846f32cd08b7f9dd84710f2fa08a1,2,1,20280826,abundant,1.0,13.0,20262730,wa_mcbr_swap,1000101000001101000000100000000000000000000001000000000000101000001100001110010000000001000001000000,1,242.1598672005316,0.0007500148779181133,0.052451999974437,786,69,0,True,29868,62880,92748,100,18,0.18,242.10670643992563,242.10670643992563,0.0,16.584158415841582,16.584158415841582,63.15789473684211,60.0,0.262582508250825,4.1925,4.1925,13.0,0.3225,0,0,0,0,3940.512917604333,39.40512917604333,6596.297811765314,608.363332330851,60.98954251744775,109.020979020979,1,242.16168343556396,1000101000001101000000100000000000000000000001000000000000101000001100001110010000000001000001000000,0.0,242.16168343556396
06ac6393eee7a87a46f65b36cf9d1863821846f32cd08b7f9dd84710f2fa08a1,2,1,20280826,abundant,1.0,13.0,20262730,capacity_greedy,1000101000001101000000100000000000000000000001000000000000101000001100001110010000000001000001000000,1,242.1598672005316,0.0007500148779181133,0.0175479580648243,0,0,0,,0,0,0,100,18,0.18,242.10670643992563,242.10670643992563,0.0,16.584158415841582,16.584158415841582,63.15789473684211,60.0,0.262582508250825,4.1925,4.1925,13.0,0.3225,0,0,0,0,3940.512917604333,39.40512917604333,6596.297811765314,608.363332330851,60.98954251744775,109.020979020979,1,242.16168343556396,1000101000001101000000100000000000000000000001000000000000101000001100001110010000000001000001000000,0.0,242.16168343556396
06ac6393eee7a87a46f65b36cf9d1863821846f32cd08b7f9dd84710f2fa08a1,2,1,20280826,abundant,1.0,13.0,20262730,lagrangian_relaxation,0000001000000000000000000000000000000000000001000000000000001000101000001110000000000000000000000000,1,242.1598672005316,2.280756662264826,0.033283041906543,300,0,0,False,0,0,0,100,8,0.08,247.67173602190223,247.67173602190223,0.0,7.425742574257425,7.425742574257425,63.15789473684211,60.0,0.1175742574257425,1.93375,1.93375,13.0,0.14875,0,0,0,0,4063.687200124853,40.63687200124853,7171.966979225555,957.5900576823497,95.8724031944682,53.30995792426367,1,247.6829445050394,0000001000000000000000000000000000000000000001000000000000001000101000001110000000000000000000000000,0.0,247.6829445050394
06ac6393eee7a87a46f65b36cf9d1863821846f32cd08b7f9dd84710f2fa08a1,2,1,20280826,abundant,1.0,13.0,20262730,legacy_count_br,1100101010001101000101101000000000000000100001000000100000101010001110001111010000000001000000010000,1,242.1598672005316,2.298386185447417,0.0031480420148,440,65,0,False,0,0,0,100,28,0.28,247.55397930590811,247.55397930590811,0.0,26.485148514851485,26.485148514851485,63.15789473684211,60.0,0.4193481848184818,6.630000000000001,6.630000000000001,13.0,0.51,0,0,0,0,3819.2212896725937,38.192212896725934,5978.367125153248,843.0668666372767,84.54018404454804,200.55062166962696,1,247.72563613496644,1100101010001101000101101000000000000000100001000000100000101010001110001111010000000001000000010000,0.0,247.72563613496644
06ac6393eee7a87a46f65b36cf9d1863821846f32cd08b7f9dd84710f2fa08a1,2,1,20280826,abundant,1.0,13.0,20262730,random_feasible,0101101010101100101101011010001111001000110011100001100001101100000111100111000100101001111111010011,1,242.1598672005316,32.88811258892186,0.000124332960695,0,0,0,,0,0,0,100,51,0.51,413.3333852008682,413.3333852008682,0.0,48.26732673267327,48.26732673267327,63.15789473684211,60.0,0.7642326732673267,12.75625,12.75625,13.0,0.98125,0,0,0,0,3691.803674297453,36.91803674297453,4623.399435594681,3220.684983136719,372.5379528368686,830.3674540682413,0,inf,0100101010101100101101011010001011000000110011000001100001101100000111100111000000100001011101010011,0.08,321.8016769706261
06ac6393eee7a87a46f65b36cf9d1863821846f32cd08b7f9dd84710f2fa08a1,2,1,20280826,abundant,1.0,13.0,20262730,all_local,0000000000000000000000000000000000000000000000000000000000000000000000000000000000000000000000000000,1,242.1598672005316,8.019550482899234,0.0,0,0,0,,0,0,0,100,0,0.0,261.58,261.58,0.0,0.0,0.0,63.15789473684211,60.0,0.0,0.0,0.0,13.0,0.0,0,0,0,0,4431.6,44.316,8863.2,0.0,0.0,0.0,1,261.58,0000000000000000000000000000000000000000000000000000000000000000000000000000000000000000000000000000,0.0,261.58
06ac6393eee7a87a46f65b36cf9d1863821846f32cd08b7f9dd84710f2fa08a1,2,1,20280826,abundant,1.0,13.0,20262730,all_offload,1111111111111111111111111111111111111111111111111111111111111111111111111111111111111111111111111111,0,242.1598672005316,16.97962841322579,0.0,0,0,0,,0,0,0,100,100,1.0,inf,inf,0.0,99.99999999999996,99.99999999999996,63.15789473684211,60.0,1.5833333333333328,27.007499999999993,27.007499999999993,13.0,2.0774999999999997,1,1,1,1,inf,inf,100.52443431636428,8694.26190108216,1005.2443431636428,inf,0,inf,1100101010001101001101111000100001000011101011000001100010111010001111011111010001000001000001010001,0.56,283.2777128171429
06ac6393eee7a87a46f65b36cf9d1863821846f32cd08b7f9dd84710f2fa08a1,2,1,20280826,abundant,1.0,13.0,20262730,qdp_oracle,1000101000001101000000100000000000000000000001000000000000101000001100001110010000000001000000000000,1,242.1598672005316,0.0,11.488086792058311,0,0,0,,0,0,0,100,17,0.17,242.11656756107183,242.11656756107183,0.0,15.84158415841584,15.84158415841584,63.15789473684211,60.0,0.2508250825082507,3.9975,3.9975,13.0,0.3075,0,0,0,0,3954.564043538536,39.54564043538536,6664.602618409463,588.3021205616767,58.97755349777409,103.70044052863432,1,242.1598672005316,1000101000001101000000100000000000000000000001000000000000101000001100001110010000000001000000000000,0.0,242.1598672005316
06ac6393eee7a87a46f65b36cf9d1863821846f32cd08b7f9dd84710f2fa08a1,2,1,20280826,moderate,0.6,5.0,20262730,wa_mcbr,1000101000001100000000100000000000000000000001000000000000001000001100001110010000000001000000000000,1,243.52435290007065,0.0,0.0232887089950963,470,32,0,True,17860,37600,55460,100,15,0.15,243.4398544618705,243.4398544618705,0.0,13.861386138613856,13.861386138613856,37.89473684210527,36.0,0.3657865786578656,3.5099999999999993,3.5099999999999993,5.0,0.7019999999999998,0,0,0,0,3983.9696074216904,39.8396960742169,6801.232726542226,553.7847561265412,55.51510281506112,164.18907198612305,1,243.52435290007065,1000101000001100000000100000000000000000000001000000000000001000001100001110010000000001000000000000,0.0,243.52435290007065
06ac6393eee7a87a46f65b36cf9d1863821846f32cd08b7f9dd84710f2fa08a1,2,1,20280826,moderate,0.6,5.0,20262730,wa_mcbr_swap,1000101000001100000000100000000000000000000001000000000000001000001100001110010000000001000000000000,1,243.52435290007065,0.0,0.0362007090589031,470,32,0,True,17860,37600,55460,100,15,0.15,243.4398544618705,243.4398544618705,0.0,13.861386138613856,13.861386138613856,37.89473684210527,36.0,0.3657865786578656,3.5099999999999993,3.5099999999999993,5.0,0.7019999999999998,0,0,0,0,3983.9696074216904,39.8396960742169,6801.232726542226,553.7847561265412,55.51510281506112,164.18907198612305,1,243.52435290007065,1000101000001100000000100000000000000000000001000000000000001000001100001110010000000001000000000000,0.0,243.52435290007065
06ac6393eee7a87a46f65b36cf9d1863821846f32cd08b7f9dd84710f2fa08a1,2,1,20280826,moderate,0.6,5.0,20262730,capacity_greedy,1000101000001100000000100000000000000000000001000000000000001000001100001110010000000001000000000000,1,243.52435290007065,0.0,0.0147746249567717,0,0,0,,0,0,0,100,15,0.15,243.4398544618705,243.4398544618705,0.0,13.861386138613856,13.861386138613856,37.89473684210527,36.0,0.3657865786578656,3.5099999999999993,3.5099999999999993,5.0,0.7019999999999998,0,0,0,0,3983.9696074216904,39.8396960742169,6801.232726542226,553.7847561265412,55.51510281506112,164.18907198612305,1,243.52435290007065,1000101000001100000000100000000000000000000001000000000000001000001100001110010000000001000000000000,0.0,243.52435290007065
06ac6393eee7a87a46f65b36cf9d1863821846f32cd08b7f9dd84710f2fa08a1,2,1,20280826,moderate,0.6,5.0,20262730,lagrangian_relaxation,1000101000001101000100100000000000000000100001000000000000101010001100001110010000000001000001000000,1,243.52435290007065,0.26983939433973136,0.0083697499940171,300,0,0,False,0,0,0,100,21,0.21,245.71363126103165,245.71363126103165,0.0,19.306930693069308,19.306930693069308,37.89473684210527,36.0,0.5094884488448844,4.875000000000001,4.875000000000001,5.0,0.9750000000000002,0,0,0,0,3903.5154677092382,39.035154677092386,6398.607868295412,668.683611930196,67.04134740056939,279.6719932716568,0,inf,1000101000001101000000100000000000000000100001000000000000001000001100001110010000000001000001000000,0.03,244.18147753900595
06ac6393eee7a87a46f65b36cf9d1863821846f32cd08b7f9dd84710f2fa08a1,2,1,20280826,moderate,0.6,5.0,20262730,legacy_count_br,1000000000001100000001010000000001000001100001000000100000010010001010001110010000000000000001010000,1,243.52435290007065,1.384252391885571,0.0020433749305084,235,9,0,False,0,0,0,100,20,0.2,249.0718448145211,249.0718448145211,0.0,19.05940594059406,19.05940594059406,37.89473684210527,36.0,0.5029565456545655,4.842500000000001,4.842500000000001,5.0,0.9685000000000002,0,0,0,0,3963.2973358192503,39.6329733581925,6668.662687117043,711.8926589940432,73.13435585211482,272.9741319684604,0,inf,1000000000001100000001000000000000000001100001000000100000000010001010001110010000000000000001010000,0.03,246.89534457991374
06ac6393eee7a87a46f65b36cf9d1863821846f32cd08b7f9dd84710f2fa08a1,2,1,20280826,moderate,0.6,5.0,20262730,random_feasible,0100101010001100000101000000000000000000100001000000100000101000000110000111000000000001000001010000,1,243.52435290007065,1.5406253889305435,0.0004959580255672,0,0,0,,0,0,0,100,21,0.21,249.31527336953815,249.31527336953815,0.0,19.554455445544555,19.554455445544555,37.89473684210527,36.0,0.5160203520352035,4.923750000000001,4.923750000000001,5.0,0.9847500000000002,0,0,0,0,3980.076346101858,39.800763461018576,6744.169663706284,650.4182155946188,65.22208125165021,286.55064639863616,0,inf,0100101010001100000100000000000000000000100001000000000000101000000100000111000000000001000001010000,0.03,247.27615090907796
06ac6393eee7a87a46f65b36cf9d1863821846f32cd08b7f9dd84710f2fa08a1,2,1,20280826,moderate,0.6,5.0,20262730,all_local,0000000000000000000000000000000000000000000000000000000000000000000000000000000000000000000000000000,1,243.52435290007065,7.414308624541711,0.0,0,0,0,,0,0,0,100,0,0.0,261.58,261.58,0.0,0.0,0.0,37.89473684210527,36.0,0.0,0.0,0.0,5.0,0.0,0,0,0,0,4431.6,44.316,8863.2,0.0,0.0,0.0,1,261.58,0000000000000000000000000000000000000000000000000000000000000000000000000000000000000000000000000000,0.0,261.58
06ac6393eee7a87a46f65b36cf9d1863821846f32cd08b7f9dd84710f2fa08a1,2,1,20280826,moderate,0.6,5.0,20262730,all_offload,1111111111111111111111111111111111111111111111111111111111111111111111111111111111111111111111111111,0,243.52435290007065,0.26983939433973136,0.0,0,0,0,,0,0,0,100,100,1.0,inf,inf,0.0,99.99999999999996,99.99999999999996,37.89473684210527,36.0,2.638888888888888,27.007499999999993,27.007499999999993,5.0,5.401499999999999,1,1,1,1,inf,inf,100.52443431636428,8694.26190108216,1005.2443431636428,inf,0,inf,1000101000001101000000100000000000000000100001000000000000001000001100001110010000000001000001000000,0.82,244.18147753900595
06ac6393eee7a87a46f65b36cf9d1863821846f32cd08b7f9dd84710f2fa08a1,2,1,20280826,moderate,0.6,5.0,20262730,qdp_oracle,1000101000001100000000100000000000000000000001000000000000001000001100001110010000000001000000000000,1,243.52435290007065,0.0,1.8672209579963237,0,0,0,,0,0,0,100,15,0.15,243.4398544618705,243.4398544618705,0.0,13.861386138613856,13.861386138613856,37.89473684210527,36.0,0.3657865786578656,3.5099999999999993,3.5099999999999993,5.0,0.7019999999999998,0,0,0,0,3983.9696074216904,39.8396960742169,6801.232726542226,553.7847561265412,55.51510281506112,164.18907198612305,1,243.52435290007065,1000101000001100000000100000000000000000000001000000000000001000001100001110010000000001000000000000,0.0,243.52435290007065
06ac6393eee7a87a46f65b36cf9d1863821846f32cd08b7f9dd84710f2fa08a1,2,1,20280826,highly_constrained,0.3,2.0,20262730,wa_mcbr,1000000000001000000000000000000000000000100001000000100000000000000000000000010000000000000001010000,1,247.41760772243768,2.3843613358702638,0.0055434580426663,100,0,0,True,3800,8000,11800,100,8,0.08,253.12939988941812,253.12939988941812,0.0,7.673267326732673,7.673267326732673,18.947368421052634,18.0,0.4049779977997799,1.93375,1.93375,2.0,0.966875,0,0,0,0,4235.584834737265,42.35584834737265,7959.92727447966,407.95181153646064,40.90930995747058,190.1525306216778,0,inf,1000000000001000000000000000000000000000100001000000000000000000000000000000010000000000000001010000,0.01,253.31693749910664
06ac6393eee7a87a46f65b36cf9d1863821846f32cd08b7f9dd84710f2fa08a1,2,1,20280826,highly_constrained,0.3,2.0,20262730,wa_mcbr_swap,1000000000000000000000100000000000000000000001000000000000001000001000001110000000000000000000000000,1,247.41760772243768,2.2974686152724056e-14,0.0490813750075176,100,0,6,True,3800,8000,11800,100,8,0.08,246.7486789027748,246.7486789027748,0.0,7.673267326732672,7.673267326732672,18.947368421052634,18.0,0.4049779977997799,1.93375,1.93375,2.0,0.966875,0,0,0,0,4107.605047264693,41.076050472646926,7383.929109029588,410.4783774649635,41.13862869853729,190.15253062167776,0,inf,0000000000000000000000100000000000000000000001000000000000001000001000001110000000000000000000000000,0.01,247.41760772243774
06ac6393eee7a87a46f65b36cf9d1863821846f32cd08b7f9dd84710f2fa08a1,2,1,20280826,highly_constrained,0.3,2.0,20262730,capacity_greedy,1000000000000000000000100000000000000000000001000000000000001000001000001110000000000000000000000000,1,247.41760772243768,2.2974686152724056e-14,0.0079456249950453,0,0,0,,0,0,0,100,8,0.08,246.7486789027748,246.7486789027748,0.0,7.673267326732672,7.673267326732672,18.947368421052634,18.0,0.4049779977997799,1.93375,1.93375,2.0,0.966875,0,0,0,0,4107.605047264693,41.076050472646926,7383.929109029588,410.4783774649635,41.13862869853729,190.15253062167776,0,inf,0000000000000000000000100000000000000000000001000000000000001000001000001110000000000000000000000000,0.01,247.41760772243774
06ac6393eee7a87a46f65b36cf9d1863821846f32cd08b7f9dd84710f2fa08a1,2,1,20280826,highly_constrained,0.3,2.0,20262730,lagrangian_relaxation,0000001000000000000000100000000000000000000001000000000000001000001000001110000000000000000000000000,1,247.41760772243768,0.12456445143265012,0.0080392500385642,300,0,0,True,0,0,0,100,8,0.08,246.9782464184127,246.9782464184127,0.0,7.1782178217821775,7.1782178217821775,18.947368421052634,18.0,0.3788503850385037,1.8525,1.8525,2.0,0.92625,0,0,0,0,4115.43477308331,41.154347730833095,7419.926188357907,406.8671136071511,40.773544738301254,172.4795218065087,0,inf,0000001000000000000000000000000000000000000001000000000000001000001000001110000000000000000000000000,0.01,247.72580210824492
06ac6393eee7a87a46f65b36cf9d1863821846f32cd08b7f9dd84710f2fa08a1,2,1,20280826,highly_constrained,0.3,2.0,20262730,legacy_count_br,1000000000001000000000000000000000000000100001000000100000000000000000000000010000000000000001010000,1,247.41760772243768,2.3843613358702638,0.0015873329248279,100,0,0,True,0,0,0,100,8,0.08,253.12939988941812,253.12939988941812,0.0,7.673267326732673,7.673267326732673,18.947368421052634,18.0,0.4049779977997799,1.93375,1.93375,2.0,0.966875,0,0,0,0,4235.584834737265,42.35584834737265,7959.92727447966,407.95181153646064,40.90930995747058,190.1525306216778,0,inf,1000000000001000000000000000000000000000100001000000000000000000000000000000010000000000000001010000,0.01,253.31693749910664
06ac6393eee7a87a46f65b36cf9d1863821846f32cd08b7f9dd84710f2fa08a1,2,1,20280826,highly_constrained,0.3,2.0,20262730,random_feasible,0000101000000000000000000000000000000000100001000000000000001000000000000110000000000001000001000000,1,247.41760772243768,0.7891393824013156,0.0005717090098187,0,0,0,,0,0,0,100,9,0.09,248.8009680335807,248.8009680335807,0.0,7.673267326732673,7.673267326732673,18.947368421052634,18.0,0.4049779977997799,1.99875,1.99875,2.0,0.999375,0,0,0,0,4149.576727873362,41.49576727873362,7571.147383541821,385.0394553073725,38.598171313386715,190.1525306216778,0,inf,0000101000000000000000000000000000000000100001000000000000001000000000000110000000000000000001000000,0.01,249.37007750397063
06ac6393eee7a87a46f65b36cf9d1863821846f32cd08b7f9dd84710f2fa08a1,2,1,20280826,highly_constrained,0.3,2.0,20262730,all_local,0000000000000000000000000000000000000000000000000000000000000000000000000000000000000000000000000000,1,247.41760772243768,5.724084234720354,0.0,0,0,0,,0,0,0,100,0,0.0,261.58,261.58,0.0,0.0,0.0,18.947368421052634,18.0,0.0,0.0,0.0,2.0,0.0,0,0,0,0,4431.6,44.316,8863.2,0.0,0.0,0.0,1,261.58,0000000000000000000000000000000000000000000000000000000000000000000000000000000000000000000000000000,0.0,261.58
06ac6393eee7a87a46f65b36cf9d1863821846f32cd08b7f9dd84710f2fa08a1,2,1,20280826,highly_constrained,0.3,2.0,20262730,all_offload,1111111111111111111111111111111111111111111111111111111111111111111111111111111111111111111111111111,0,247.41760772243768,0.12456445143265012,0.0,0,0,0,,0,0,0,100,100,1.0,inf,inf,0.0,99.99999999999996,99.99999999999996,18.947368421052634,18.0,5.277777777777776,27.007499999999993,27.007499999999993,2.0,13.503749999999997,1,1,1,1,inf,inf,100.52443431636428,8694.26190108216,1005.2443431636428,inf,0,inf,0000001000000000000000000000000000000000000001000000000000001000001000001110000000000000000000000000,0.93,247.72580210824492
06ac6393eee7a87a46f65b36cf9d1863821846f32cd08b7f9dd84710f2fa08a1,2,1,20280826,highly_constrained,0.3,2.0,20262730,qdp_oracle,0000000000000000000000100000000000000000000001000000000000001000001000001110000000000000000000000000,1,247.41760772243768,2.2974686152724056e-14,0.3311325840186327,0,0,0,,0,0,0,100,7,0.07,247.36894703164535,247.36894703164535,0.0,6.683168316831682,6.683168316831682,18.947368421052634,18.0,0.3527227722772276,1.69,1.69,2.0,0.845,0,0,0,0,4132.146269529978,41.32146269529978,7499.065799164612,378.9480918269507,37.97130923033428,156.23326959847032,1,247.41760772243774,0000000000000000000000100000000000000000000001000000000000001000001000001110000000000000000000000000,0.0,247.41760772243774
06ac6393eee7a87a46f65b36cf9d1863821846f32cd08b7f9dd84710f2fa08a1,2,2,20280923,abundant,1.0,13.0,20262731,wa_mcbr,0000100000001000000010100100000000000010000001000000000000010000001100001110010000000001000000010100,1,242.78445172313744,0.0011647489635816634,0.0368824580218642,769,74,0,True,29222,61520,90742,100,17,0.17,242.72997696373932,242.72997696373932,0.0,16.336633663366335,16.336633663366335,63.15789473684211,60.0,0.2586633663366336,4.16,4.16,13.0,0.32,0,0,0,0,3936.177963332626,39.36177963332626,6574.757910244794,679.7103050419997,68.11236734083315,107.228714524207,1,242.78727955252262,0000100000001000000010100100000000000010000001000000000000010000001100001110010000000001000000010100,0.0,242.78727955252262
06ac6393eee7a87a46f65b36cf9d1863821846f32cd08b7f9dd84710f2fa08a1,2,2,20280923,abundant,1.0,13.0,20262731,wa_mcbr_swap,0000100000001000000010100000000000000010000001000000000000010000001100001110010000000001000001010100,1,242.78445172313744,2.3413121580631607e-14,0.0655614580027759,769,74,1,True,29222,61520,90742,100,17,0.17,242.7289530568957,242.7289530568957,0.0,15.84158415841584,15.84158415841584,63.15789473684211,60.0,0.2508250825082508,4.03,4.03,13.0,0.31,0,0,0,0,3966.5769731420055,39.665769731420056,6718.60380254828,589.0626854716745,59.047208722348834,103.70044052863436,1,242.7844517231375,0000100000001000000010100000000000000010000001000000000000010000001100001110010000000001000001010100,0.0,242.7844517231375
06ac6393eee7a87a46f65b36cf9d1863821846f32cd08b7f9dd84710f2fa08a1,2,2,20280923,abundant,1.0,13.0,20262731,capacity_greedy,0000000000001000000010100100000000000000000001000000000000010000101100001110000000000001000000010000,1,242.78445172313744,0.6457276803318586,0.0138576660538092,0,0,0,,0,0,0,100,14,0.14,244.3159548256524,244.3159548256524,0.0,14.108910891089105,14.108910891089105,63.15789473684211,60.0,0.2233910891089107,3.558749999999999,3.558749999999999,13.0,0.2737499999999999,0,0,0,0,3926.686591800255,39.26686591800255,6528.101854494267,928.558492277757,92.98960673344992,91.91235059760952,1,244.35217813145567,0000000000001000000010100100000000000000000001000000000000010000101100001110000000000001000000010000,0.0,244.35217813145567
06ac6393eee7a87a46f65b36cf9d1863821846f32cd08b7f9dd84710f2fa08a1,2,2,20280923,abundant,1.0,13.0,20262731,lagrangian_relaxation,0000000000000000000000000000000000000000000001110000000000000000101000001110000000000000000000000000,1,242.78445172313744,1.5208124194859112,0.0306763330008834,300,0,0,False,0,0,0,100,8,0.08,246.46044043411175,246.46044043411175,0.0,8.415841584158414,8.415841584158414,63.15789473684211,60.0,0.1332508250825082,2.1775,2.1775,13.0,0.1675,0,0,0,0,4000.9165882948114,40.00916588294811,6880.565681994132,1206.1394578414593,120.71024926664911,58.43407900999523,1,246.4767478175237,0000000000000000000000000000000000000000000001110000000000000000101000001110000000000000000000000000,0.0,246.4767478175237
06ac6393eee7a87a46f65b36cf9d1863821846f32cd08b7f9dd84710f2fa08a1,2,2,20280923,abundant,1.0,13.0,20262731,legacy_count_br,1000101000001100000111100000100000000010000001000000000000010010001110011011010000000001000001010100,1,242.78445172313744,2.429527862063892,0.0032013750169426,415,59,0,False,0,0,0,100,26,0.26,248.5451760531785,248.5451760531785,0.0,24.504950495049503,24.504950495049503,63.15789473684211,60.0,0.3879950495049504,6.19125,6.19125,13.0,0.47625,0,0,0,0,3878.695189757482,38.786951897574816,6258.971433322856,832.8600245060627,83.51666626366236,178.49342770475224,1,248.68296762251012,1000101000001100000111100000100000000010000001000000000000010010001110011011010000000001000001010100,0.0,248.68296762251012
06ac6393eee7a87a46f65b36cf9d1863821846f32cd08b7f9dd84710f2fa08a1,2,2,20280923,abundant,1.0,13.0,20262731,random_feasible,1101100010001100100010110110101101111010100111010010100010111011000001010100011100010001010111011100,1,242.78445172313744,24.46771312171635,0.0002432910259813,0,0,0,,0,0,0,100,49,0.49,370.48270445344536,370.48270445344536,0.0,47.52475247524752,47.52475247524752,63.15789473684211,60.0,0.7524752475247523,12.88625,12.88625,13.0,0.99125,0,0,0,0,3686.6630668237417,36.86663066823742,4773.492234208315,2629.45034334167,291.6782491492837,779.9999999999991,0,inf,1100100010001100000010110110100101111010100111000010100010111010000001010100010100000001010011011100,0.08,302.18825487488664
06ac6393eee7a87a46f65b36cf9d1863821846f32cd08b7f9dd84710f2fa08a1,2,2,20280923,abundant,1.0,13.0,20262731,all_local,0000000000000000000000000000000000000000000000000000000000000000000000000000000000000000000000000000,1,242.78445172313744,7.7416606143692865,0.0,0,0,0,,0,0,0,100,0,0.0,261.58,261.58,0.0,0.0,0.0,63.15789473684211,60.0,0.0,0.0,0.0,13.0,0.0,0,0,0,0,4431.6,44.316,8863.2,0.0,0.0,0.0,1,261.58,0000000000000000000000000000000000000000000000000000000000000000000000000000000000000000000000000000,0.0,261.58
06ac6393eee7a87a46f65b36cf9d1863821846f32cd08b7f9dd84710f2fa08a1,2,2,20280923,abundant,1.0,13.0,20262731,all_offload,1111111111111111111111111111111111111111111111111111111111111111111111111111111111111111111111111111,0,242.78445172313744,16.656020395585745,0.0,0,0,0,,0,0,0,100,100,1.0,inf,inf,0.0,99.99999999999996,99.99999999999996,63.15789473684211,60.0,1.5833333333333328,27.007499999999993,27.007499999999993,13.0,2.0774999999999997,1,1,1,1,inf,inf,93.15369235443092,8232.763558031407,931.5369235443092,inf,0,inf,1100101000011100001111111000110001000010000101000001100010111010001111011111010010000001010001010100,0.57,283.22267951945423
06ac6393eee7a87a46f65b36cf9d1863821846f32cd08b7f9dd84710f2fa08a1,2,2,20280923,abundant,1.0,13.0,20262731,qdp_oracle,0000100000001000000010100000000000000010000001000000000000010000001100001110010000000001000001010100,1,242.78445172313744,2.3413121580631607e-14,13.736544416984543,0,0,0,,0,0,0,100,17,0.17,242.7289530568957,242.7289530568957,0.0,15.84158415841584,15.84158415841584,63.15789473684211,60.0,0.2508250825082508,4.03,4.03,13.0,0.31,0,0,0,0,3966.5769731420055,39.665769731420056,6718.60380254828,589.0626854716745,59.047208722348834,103.70044052863436,1,242.7844517231375,0000100000001000000010100000000000000010000001000000000000010000001100001110010000000001000001010100,0.0,242.7844517231375
06ac6393eee7a87a46f65b36cf9d1863821846f32cd08b7f9dd84710f2fa08a1,2,2,20280923,moderate,0.6,5.0,20262731,wa_mcbr,0000100000001000000010100100000000000010000001000000000000010000001000001110000000000001000000010000,1,244.05893252574512,0.015461868269345525,0.0358347080182284,732,32,0,True,27816,58560,86376,100,14,0.14,244.01301968738684,244.01301968738684,0.0,13.118811881188115,13.118811881188115,37.89473684210527,36.0,0.3461908690869085,3.3474999999999993,3.3474999999999993,5.0,0.6694999999999999,0,0,0,0,3989.464262485371,39.89464262485371,6826.454853259451,609.3584421780758,61.06094710373946,152.37459249132394,1,244.09666859639182,0000100000001000000010100100000000000010000001000000000000010000001000001110000000000001000000010000,0.0,244.09666859639182
06ac6393eee7a87a46f65b36cf9d1863821846f32cd08b7f9dd84710f2fa08a1,2,2,20280923,moderate,0.6,5.0,20262731,wa_mcbr_swap,0000000000001000000010100100000000000010000001000000000000010000001100001110000000000001000000010000,1,244.05893252574512,2.3290857774612185e-14,0.0604925830848515,732,32,1,True,27816,58560,86376,100,14,0.14,243.9843623201368,243.9843623201368,0.0,13.366336633663362,13.366336633663362,37.89473684210527,36.0,0.3527227722772276,3.3962499999999993,3.3962499999999993,5.0,0.6792499999999999,0,0,0,0,3989.435766595247,39.89435766595248,6826.446569227063,603.4643443478265,60.46923050461987,156.2332695984703,1,244.05893252574518,0000000000001000000010100100000000000010000001000000000000010000001100001110000000000001000000010000,0.0,244.05893252574518
06ac6393eee7a87a46f65b36cf9d1863821846f32cd08b7f9dd84710f2fa08a1,2,2,20280923,moderate,0.6,5.0,20262731,capacity_greedy,0000000000001000000010100100000000000000000001000000000000000000101000001110000000000001000000010000,1,244.05893252574512,0.45856332557248586,0.0122429580660536,0,0,0,,0,0,0,100,12,0.12,245.11358848936757,245.11358848936757,0.0,12.128712871287124,12.128712871287124,37.89473684210527,36.0,0.3200632563256324,3.0712499999999996,3.0712499999999996,5.0,0.61425,0,0,0,0,3962.406532701303,39.62406532701303,6697.0768469133345,896.1964631002797,89.73724277777283,137.68126200829198,1,245.1780972830919,0000000000001000000010100100000000000000000001000000000000000000101000001110000000000001000000010000,0.0,245.1780972830919
06ac6393eee7a87a46f65b36cf9d1863821846f32cd08b7f9dd84710f2fa08a1,2,2,20280923,moderate,0.6,5.0,20262731,lagrangian_relaxation,0000100000001000000110100000100000000010000001000000000000010000001100011110010000000001000001010100,1,244.05893252574512,0.3384249238301909,0.0103512499481439,300,0,0,False,0,0,0,100,20,0.2,245.8797338588234,245.8797338588234,0.0,18.81188118811881,18.81188118811881,37.89473684210527,36.0,0.4964246424642463,4.76125,4.76125,5.0,0.95225,0,0,0,0,3932.164094663533,39.32164094663533,6535.286637250796,641.7547058691634,64.33186253982119,266.4500273074822,0,inf,0000100000001000000110100000100000000010000001000000000000010000001100001110010000000001000001010000,0.02,244.88488878224615
06ac6393eee7a87a46f65b36cf9d1863821846f32cd08b7f9dd84710f2fa08a1,2,2,20280923,moderate,0.6,5.0,20262731,legacy_count_br,1000100000011100000100100100000001000010000001000000000000010010001001001000000000000001000001010100,1,244.05893252574512,1.8012775924180204,0.0022029579849913,258,12,0,False,0,0,0,100,20,0.2,250.9698854035292,250.9698854035292,0.0,19.306930693069308,19.306930693069308,37.89473684210527,36.0,0.5094884488448844,4.891250000000001,4.891250000000001,5.0,0.9782500000000004,0,0,0,0,3963.847698238399,39.63847698238399,6661.629863270323,812.7129186482964,81.4931635161307,279.6719932716568,0,inf,1000100000001100000100100100000000000010000001000000000000010010001000001000000000000001000001010100,0.03,248.45511138962598
06ac6393eee7a87a46f65b36cf9d1863821846f32cd08b7f9dd84710f2fa08a1,2,2,20280923,moderate,0.6,5.0,20262731,random_feasible,1000100000001100000010100000100001000010000001000000100000010010000000010100010000000001000001010100,1,244.05893252574512,1.771607281027006,0.0005184590118005,0,0,0,,0,0,0,100,20,0.2,250.5155065567604,250.5155065567604,0.0,19.05940594059406,19.05940594059406,37.89473684210527,36.0,0.5029565456545655,4.810000000000001,4.810000000000001,5.0,0.9620000000000004,0,0,0,0,4009.7561447217663,40.097561447217664,6880.953538575239,674.8331041198406,67.67692876192793,272.9741319684604,0,inf,1000100000001100000010100000100000000010000001000000000000010000000000010100010000000001000001010100,0.03,248.382698344368
06ac6393eee7a87a46f65b36cf9d1863821846f32cd08b7f9dd84710f2fa08a1,2,2,20280923,moderate,0.6,5.0,20262731,all_local,0000000000000000000000000000000000000000000000000000000000000000000000000000000000000000000000000000,1,244.05893252574512,7.179031430208609,0.0,0,0,0,,0,0,0,100,0,0.0,261.58,261.58,0.0,0.0,0.0,37.89473684210527,36.0,0.0,0.0,0.0,5.0,0.0,0,0,0,0,4431.6,44.316,8863.2,0.0,0.0,0.0,1,261.58,0000000000000000000000000000000000000000000000000000000000000000000000000000000000000000000000000000,0.0,261.58
06ac6393eee7a87a46f65b36cf9d1863821846f32cd08b7f9dd84710f2fa08a1,2,2,20280923,moderate,0.6,5.0,20262731,all_offload,1111111111111111111111111111111111111111111111111111111111111111111111111111111111111111111111111111,0,244.05893252574512,0.3384249238301909,0.0,0,0,0,,0,0,0,100,100,1.0,inf,inf,0.0,99.99999999999996,99.99999999999996,37.89473684210527,36.0,2.638888888888888,27.007499999999993,27.007499999999993,5.0,5.401499999999999,1,1,1,1,inf,inf,93.15369235443092,8232.763558031407,931.5369235443092,inf,0,inf,0000100000001000000110100000100000000010000001000000000000010000001100001110010000000001000001010000,0.82,244.88488878224615
06ac6393eee7a87a46f65b36cf9d1863821846f32cd08b7f9dd84710f2fa08a1,2,2,20280923,moderate,0.6,5.0,20262731,qdp_oracle,0000000000001000000010100100000000000010000001000000000000010000001100001110000000000001000000010000,1,244.05893252574512,2.3290857774612185e-14,2.264714292017743,0,0,0,,0,0,0,100,14,0.14,243.9843623201368,243.9843623201368,0.0,13.366336633663362,13.366336633663362,37.89473684210527,36.0,0.3527227722772276,3.3962499999999993,3.3962499999999993,5.0,0.6792499999999999,0,0,0,0,3989.435766595247,39.89435766595248,6826.446569227063,603.4643443478265,60.46923050461987,156.2332695984703,1,244.05893252574518,0000000000001000000010100100000000000010000001000000000000010000001100001110000000000001000000010000,0.0,244.05893252574518
06ac6393eee7a87a46f65b36cf9d1863821846f32cd08b7f9dd84710f2fa08a1,2,2,20280923,highly_constrained,0.3,2.0,20262731,wa_mcbr,0000101000000000000000100100000000000010000001000000000000000000000000000000000000000001000000010000,1,247.45299304804283,1.93322379575057,0.0053260829299688,100,0,0,True,3800,8000,11800,100,8,0.08,251.76995072696465,251.76995072696465,0.0,7.1782178217821775,7.1782178217821775,18.947368421052634,18.0,0.3788503850385037,1.90125,1.90125,2.0,0.950625,0,0,0,0,4201.5453794837495,42.0154537948375,7805.177468579572,470.6929136622211,47.183572446591256,172.4795218065087,0,inf,0000101000000000000000100100000000000010000001000000000000000000000000000000000000000000000000010000,0.01,252.2368131929446
06ac6393eee7a87a46f65b36cf9d1863821846f32cd08b7f9dd84710f2fa08a1,2,2,20280923,highly_constrained,0.3,2.0,20262731,wa_mcbr_swap,0000100000000000000010000100000000000000000001000000000000000000001000001110000000000000000000000000,1,247.45299304804283,0.14585725967486848,0.0470740408636629,100,0,6,True,3800,8000,11800,100,8,0.08,246.89224242951445,246.89224242951445,0.0,7.673267326732672,7.673267326732672,18.947368421052634,18.0,0.4049779977997799,1.96625,1.96625,2.0,0.983125,0,0,0,0,4096.348813425867,40.96348813425867,7330.003445118819,503.4491476117533,50.43063985234982,190.15253062167776,0,inf,0000100000000000000010000000000000000000000001000000000000000000001000001110000000000000000000000000,0.01,247.81392120268615
06ac6393eee7a87a46f65b36cf9d1863821846f32cd08b7f9dd84710f2fa08a1,2,2,20280923,highly_constrained,0.3,2.0,20262731,capacity_greedy,0000000000000000000000000100000000000000000001000000000000000000101000001110000000000000000000000000,1,247.45299304804283,0.14997380103117944,0.008096000063233,0,0,0,,0,0,0,100,7,0.07,247.1259798852148,247.1259798852148,0.0,7.1782178217821775,7.1782178217821775,18.947368421052634,18.0,0.3788503850385037,1.8525,1.8525,2.0,0.92625,0,0,0,0,4062.742753058368,40.62742753058368,7171.7941850059415,847.9137722460877,84.88357227736832,172.4795218065087,0,inf,0000000000000000000000000100000000000000000001000000000000000000001000001110000000000000000000000000,0.01,247.8241077074824
06ac6393eee7a87a46f65b36cf9d1863821846f32cd08b7f9dd84710f2fa08a1,2,2,20280923,highly_constrained,0.3,2.0,20262731,lagrangian_relaxation,0000001000000000000010000100000000000000000001000000000000000000001000001110000000000000000000000000,1,247.45299304804283,0.14997380103117944,0.0112849579891189,300,0,0,True,0,0,0,100,8,0.08,247.09840786696023,247.09840786696023,0.0,7.425742574257425,7.425742574257425,18.947368421052634,18.0,0.3919141914191418,1.93375,1.93375,2.0,0.966875,0,0,0,0,4097.314203291816,40.97314203291816,7333.627360294414,533.149224231388,53.42003680174904,181.1261872455902,0,inf,0000000000000000000000000100000000000000000001000000000000000000001000001110000000000000000000000000,0.02,247.8241077074824
06ac6393eee7a87a46f65b36cf9d1863821846f32cd08b7f9dd84710f2fa08a1,2,2,20280923,highly_constrained,0.3,2.0,20262731,legacy_count_br,0000101000000000000000100100000000000010000001000000000000000000000000000000000000000001000000010000,1,247.45299304804283,1.93322379575057,0.0019730830099433,100,0,0,True,0,0,0,100,8,0.08,251.76995072696465,251.76995072696465,0.0,7.1782178217821775,7.1782178217821775,18.947368421052634,18.0,0.3788503850385037,1.90125,1.90125,2.0,0.950625,0,0,0,0,4201.5453794837495,42.0154537948375,7805.177468579572,470.6929136622211,47.183572446591256,172.4795218065087,0,inf,0000101000000000000000100100000000000010000001000000000000000000000000000000000000000000000000010000,0.01,252.2368131929446
06ac6393eee7a87a46f65b36cf9d1863821846f32cd08b7f9dd84710f2fa08a1,2,2,20280923,highly_constrained,0.3,2.0,20262731,random_feasible,0000100000000000000010100000000000000010000001000000000000000000000000000100000000000000000001010000,1,247.45299304804283,1.4879316977297419,0.0007455000886693,0,0,0,,0,0,0,100,8,0.08,250.51063750803655,250.51063750803655,0.0,6.93069306930693,6.93069306930693,18.947368421052634,18.0,0.3657865786578657,1.80375,1.80375,2.0,0.901875,0,0,0,0,4198.767683275867,41.98767683275867,7797.866007916432,331.77133749722685,33.250989553966654,164.18907198612308,0,inf,0000100000000000000010100000000000000010000001000000000000000000000000000100000000000000000001000000,0.01,251.13492456858563
06ac6393eee7a87a46f65b36cf9d1863821846f32cd08b7f9dd84710f2fa08a1,2,2,20280923,highly_constrained,0.3,2.0,20262731,all_local,0000000000000000000000000000000000000000000000000000000000000000000000000000000000000000000000000000,1,247.45299304804283,5.708965883962619,0.0,0,0,0,,0,0,0,100,0,0.0,261.58,261.58,0.0,0.0,0.0,18.947368421052634,18.0,0.0,0.0,0.0,2.0,0.0,0,0,0,0,4431.6,44.316,8863.2,0.0,0.0,0.0,1,261.58,0000000000000000000000000000000000000000000000000000000000000000000000000000000000000000000000000000,0.0,261.58
06ac6393eee7a87a46f65b36cf9d1863821846f32cd08b7f9dd84710f2fa08a1,2,2,20280923,highly_constrained,0.3,2.0,20262731,all_offload,1111111111111111111111111111111111111111111111111111111111111111111111111111111111111111111111111111,0,247.45299304804283,0.14894487360858205,0.0,0,0,0,,0,0,0,100,100,1.0,inf,inf,0.0,99.99999999999996,99.99999999999996,18.947368421052634,18.0,5.277777777777776,27.007499999999993,27.007499999999993,2.0,13.503749999999997,1,1,1,1,inf,inf,93.15369235443092,8232.763558031407,931.5369235443092,inf,0,inf,0000100000000000000000000000000000000010000001000000000000000000001000001110000000000000000001000000,0.92,247.8215615957789
06ac6393eee7a87a46f65b36cf9d1863821846f32cd08b7f9dd84710f2fa08a1,2,2,20280923,highly_constrained,0.3,2.0,20262731,qdp_oracle,0000100000000000000000000100000000000000000001000000000000000000001000001110000000000000000000000000,1,247.45299304804283,2.2971400814607204e-14,0.3794531660387292,0,0,0,,0,0,0,100,7,0.07,247.3812955387564,247.3812955387564,0.0,6.683168316831683,6.683168316831683,18.947368421052634,18.0,0.3527227722772276,1.7225,1.7225,2.0,0.86125,0,0,0,0,4120.758247811848,41.20758247811848,7445.127071037848,466.3735606655613,46.72443397821754,156.23326959847032,1,247.45299304804288,0000100000000000000000000100000000000000000001000000000000000000001000001110000000000000000000000000,0.0,247.45299304804288
06ac6393eee7a87a46f65b36cf9d1863821846f32cd08b7f9dd84710f2fa08a1,2,3,20281020,abundant,1.0,13.0,20262732,wa_mcbr,1000100000001100000000100000000000000000101000010000000000001000001100001110000000000001000001010000,1,243.37908788806683,1.1677958725638546e-14,0.0341920830542221,704,71,0,True,26752,56320,83072,100,17,0.17,243.31651033554425,243.31651033554425,0.0,16.08910891089109,16.08910891089109,63.15789473684211,60.0,0.2547442244224422,4.0625,4.0625,13.0,0.3125,0,0,0,0,3961.842201091745,39.61842201091745,6693.487807947417,638.2035874452356,63.98870278922278,105.45530030445612,1,243.37908788806686,1000100000001100000000100000000000000000101000010000000000001000001100001110000000000001000001010000,0.0,243.37908788806686
06ac6393eee7a87a46f65b36cf9d1863821846f32cd08b7f9dd84710f2fa08a1,2,3,20281020,abundant,1.0,13.0,20262732,wa_mcbr_swap,1000100000001100000000100000000000000000101000010000000000001000001100001110000000000001000001010000,1,243.37908788806683,1.1677958725638546e-14,0.048634875100106,704,71,0,True,26752,56320,83072,100,17,0.17,243.31651033554425,243.31651033554425,0.0,16.08910891089109,16.08910891089109,63.15789473684211,60.0,0.2547442244224422,4.0625,4.0625,13.0,0.3125,0,0,0,0,3961.842201091745,39.61842201091745,6693.487807947417,638.2035874452356,63.98870278922278,105.45530030445612,1,243.37908788806686,1000100000001100000000100000000000000000101000010000000000001000001100001110000000000001000001010000,0.0,243.37908788806686
06ac6393eee7a87a46f65b36cf9d1863821846f32cd08b7f9dd84710f2fa08a1,2,3,20281020,abundant,1.0,13.0,20262732,capacity_greedy,1000000000000100000000100000000000000000101001010000000000000000101000001110000000000001000000000000,1,243.37908788806683,0.9580273460152458,0.0131547090131789,0,0,0,,0,0,0,100,13,0.13,245.67089670933817,245.67089670933817,0.0,13.118811881188115,13.118811881188115,63.15789473684211,60.0,0.2077145214521451,3.3474999999999997,3.3474999999999997,13.0,0.2574999999999999,0,0,0,0,3926.120822198108,39.26120822198108,6521.022891446451,1092.9819570811462,109.45318818857766,85.54282738870084,1,245.710726104517,1000000000000100000000100000000000000000101001010000000000000000101000001110000000000001000000000000,0.0,245.710726104517
06ac6393eee7a87a46f65b36cf9d1863821846f32cd08b7f9dd84710f2fa08a1,2,3,20281020,abundant,1.0,13.0,20262732,lagrangian_relaxation,0000001000000000000000000000000000000000000001010000000000000000101000001110000000000000000000000000,1,243.37908788806683,1.6823959280975698,0.0420848749345168,300,0,0,False,0,0,0,100,8,0.08,247.46020216566092,247.46020216566092,0.0,7.673267326732673,7.673267326732673,63.15789473684211,60.0,0.1214933993399339,2.015,2.015,13.0,0.155,0,0,0,0,4036.874202963938,40.36874202963938,7046.084961061838,1104.7015268669834,110.620132729771,54.573843625264146,1,247.47368775253668,0000001000000000000000000000000000000000000001010000000000000000101000001110000000000000000000000000,0.0,247.47368775253668
06ac6393eee7a87a46f65b36cf9d1863821846f32cd08b7f9dd84710f2fa08a1,2,3,20281020,abundant,1.0,13.0,20262732,legacy_count_br,1000101010011101000000100000000001000000101000010001100000011000001100011110000000000001000001010000,1,243.37908788806683,1.679493554381551,0.0050058340420946,689,62,0,False,0,0,0,100,26,0.26,247.30056332206968,247.30056332206968,0.0,24.504950495049503,24.504950495049503,63.15789473684211,60.0,0.3879950495049504,6.175000000000001,6.175000000000001,13.0,0.475,0,0,0,0,3840.209301459391,38.40209301459391,6082.643099606443,860.3258591948883,86.27306178625011,178.49342770475224,1,247.46662398185953,1000101010011101000000100000000001000000101000010001100000011000001100011110000000000001000001010000,0.0,247.46662398185953
06ac6393eee7a87a46f65b36cf9d1863821846f32cd08b7f9dd84710f2fa08a1,2,3,20281020,abundant,1.0,13.0,20262732,random_feasible,0111101000000101101001001111011010011000100110001000111100000000000101010001100101101100000001111001,1,243.37908788806683,63.293037577846974,3.9334059692919254e-05,0,0,0,,0,0,0,100,42,0.42,420.87562234044407,420.87562234044407,0.0,40.0990099009901,40.0990099009901,63.15789473684211,60.0,0.6349009900990098,10.93625,10.93625,13.0,0.84125,0,0,0,0,3970.374525561054,39.703745255610535,5960.967739708593,4030.361988741803,499.2318978236567,454.74576271186424,0,inf,0111101000000101101001001111011010010000100110001000111100000000000101010001100101101100000001111001,0.01,397.4211054416822
06ac6393eee7a87a46f65b36cf9d1863821846f32cd08b7f9dd84710f2fa08a1,2,3,20281020,abundant,1.0,13.0,20262732,all_local,0000000000000000000000000000000000000000000000000000000000000000000000000000000000000000000000000000,1,243.37908788806683,7.478420709795733,0.0,0,0,0,,0,0,0,100,0,0.0,261.58,261.58,0.0,0.0,0.0,63.15789473684211,60.0,0.0,0.0,0.0,13.0,0.0,0,0,0,0,4431.6,44.316,8863.2,0.0,0.0,0.0,1,261.58,0000000000000000000000000000000000000000000000000000000000000000000000000000000000000000000000000000,0.0,261.58
06ac6393eee7a87a46f65b36cf9d1863821846f32cd08b7f9dd84710f2fa08a1,2,3,20281020,abundant,1.0,13.0,20262732,all_offload,1111111111111111111111111111111111111111111111111111111111111111111111111111111111111111111111111111,0,243.37908788806683,17.32088080896431,0.0,0,0,0,,0,0,0,100,100,1.0,inf,inf,0.0,99.99999999999996,99.99999999999996,63.15789473684211,60.0,1.5833333333333328,27.007499999999993,27.007499999999993,13.0,2.0774999999999997,1,1,1,1,inf,inf,92.44880757142909,7985.180275864363,924.4880757142907,inf,0,inf,1100101010011101101101111010100001000011101000010001100011011010001111011110010000000001000001010000,0.57,285.5344896151034
06ac6393eee7a87a46f65b36cf9d1863821846f32cd08b7f9dd84710f2fa08a1,2,3,20281020,abundant,1.0,13.0,20262732,qdp_oracle,1000100000001100000000100000000000000000101000010000000000001000001100001110000000000001000001010000,1,243.37908788806683,1.1677958725638546e-14,12.046509374980817,0,0,0,,0,0,0,100,17,0.17,243.31651033554425,243.31651033554425,0.0,16.08910891089109,16.08910891089109,63.15789473684211,60.0,0.2547442244224422,4.0625,4.0625,13.0,0.3125,0,0,0,0,3961.842201091745,39.61842201091745,6693.487807947417,638.2035874452356,63.98870278922278,105.45530030445612,1,243.37908788806686,1000100000001100000000100000000000000000101000010000000000001000001100001110000000000001000001010000,0.0,243.37908788806686
06ac6393eee7a87a46f65b36cf9d1863821846f32cd08b7f9dd84710f2fa08a1,2,3,20281020,moderate,0.6,5.0,20262732,wa_mcbr,1000100000001100000000100000000000000000101000010000000000000000001100001110000000000001000001000000,1,244.88053400512587,0.011508411357129123,0.0381037500919774,784,28,0,True,29792,62720,92512,100,15,0.15,244.78276695220657,244.78276695220657,0.0,14.108910891089105,14.108910891089105,37.89473684210527,36.0,0.3723184818481846,3.5749999999999993,3.5749999999999993,5.0,0.7149999999999999,0,0,0,0,4008.112662375736,40.08112662375736,6909.240850412809,559.2196650096374,56.05669418723579,168.29116003943466,1,244.9087158643127,1000100000001100000000100000000000000000101000010000000000000000001100001110000000000001000001000000,0.0,244.9087158643127
06ac6393eee7a87a46f65b36cf9d1863821846f32cd08b7f9dd84710f2fa08a1,2,3,20281020,moderate,0.6,5.0,20262732,wa_mcbr_swap,1000100000001100000000100000000000000000101000010000000000000000001000001110000000000001000001010000,1,244.88053400512587,2.321271435140621e-14,0.0641070420388132,784,28,1,True,29792,62720,92512,100,15,0.15,244.75458509301976,244.75458509301976,0.0,14.108910891089105,14.108910891089105,37.89473684210527,36.0,0.3723184818481846,3.5749999999999993,3.5749999999999993,5.0,0.7149999999999999,0,0,0,0,4008.084539390045,40.08084539390045,6909.238026339541,557.3447992968663,55.868422636022565,168.29116003943466,1,244.88053400512592,1000100000001100000000100000000000000000101000010000000000000000001000001110000000000001000001010000,0.0,244.88053400512592
06ac6393eee7a87a46f65b36cf9d1863821846f32cd08b7f9dd84710f2fa08a1,2,3,20281020,moderate,0.6,5.0,20262732,capacity_greedy,1000000000000000000000100000000000000000101001010000000000000000101000001110000000000001000000000000,1,244.88053400512587,0.6553113550338123,0.0123152089072391,0,0,0,,0,0,0,100,12,0.12,246.4030570723565,246.4030570723565,0.0,12.128712871287126,12.128712871287126,37.89473684210527,36.0,0.3200632563256325,3.10375,3.10375,5.0,0.6207499999999999,0,0,0,0,3945.454153054799,39.45454153054799,6610.901978594582,1083.4981592249312,108.49821621512322,137.681262008292,1,246.4852639507289,1000000000000000000000100000000000000000101001010000000000000000101000001110000000000001000000000000,0.0,246.4852639507289
06ac6393eee7a87a46f65b36cf9d1863821846f32cd08b7f9dd84710f2fa08a1,2,3,20281020,moderate,0.6,5.0,20262732,lagrangian_relaxation,1000101000011100000000100000000000000000101000010000100000001000001100011110000000000001000001010000,1,244.88053400512587,0.28787742503577685,0.0094032919732853,300,0,0,False,0,0,0,100,21,0.21,247.34749655693423,247.34749655693423,0.0,19.554455445544555,19.554455445544555,37.89473684210527,36.0,0.5160203520352035,4.956250000000002,4.956250000000002,5.0,0.9912500000000004,0,0,0,0,3908.1868289812446,39.08186828981245,6413.141060055825,731.8697812796908,73.38381218215325,286.55064639863616,0,inf,1000101000001100000000100000000000000000100000010000100000001000001100001110000000000001000001010000,0.03,245.58548978083368
06ac6393eee7a87a46f65b36cf9d1863821846f32cd08b7f9dd84710f2fa08a1,2,3,20281020,moderate,0.6,5.0,20262732,legacy_count_br,0000001000011101000100101000000001000000000000000001100000011000001101011010000000000001000001000000,1,244.88053400512587,1.633804768761662,0.0021537080174311,253,8,0,False,0,0,0,100,21,0.21,251.9751003833338,251.9751003833338,0.0,19.801980198019805,19.801980198019805,37.89473684210527,36.0,0.5225522552255226,4.940000000000001,4.940000000000001,5.0,0.9880000000000002,0,0,0,0,4018.451035050307,40.18451035050307,6913.433319797443,680.2413003986538,68.2533236877375,293.6175115207374,0,inf,0000001000011100000000100000000001000000000000000000100000011000001101011010000000000001000001000000,0.04,248.88140384747064
06ac6393eee7a87a46f65b36cf9d1863821846f32cd08b7f9dd84710f2fa08a1,2,3,20281020,moderate,0.6,5.0,20262732,random_feasible,0100101000000101101001001010000000000000100100000000100000000000000101010001000000000000000001011000,1,244.88053400512587,4.679378384295646,0.0002702920464798,0,0,0,,0,0,0,100,20,0.2,259.73885360532626,259.73885360532626,0.0,18.564356435643564,18.564356435643564,37.89473684210527,36.0,0.4898927392739273,4.842500000000001,4.842500000000001,5.0,0.9685000000000002,0,0,0,0,4151.625691191594,41.516256911915946,7511.23701559301,781.1915551316673,81.85077965048784,260.0930044480388,0,inf,0100101000000101101001001010000000000000100000000000100000000000000101010001000000000000000001010000,0.02,256.3394207807095
06ac6393eee7a87a46f65b36cf9d1863821846f32cd08b7f9dd84710f2fa08a1,2,3,20281020,moderate,0.6,5.0,20262732,all_local,0000000000000000000000000000000000000000000000000000000000000000000000000000000000000000000000000000,1,244.88053400512587,6.819433836470057,0.0,0,0,0,,0,0,0,100,0,0.0,261.58,261.58,0.0,0.0,0.0,37.89473684210527,36.0,0.0,0.0,0.0,5.0,0.0,0,0,0,0,4431.6,44.316,8863.2,0.0,0.0,0.0,1,261.58,0000000000000000000000000000000000000000000000000000000000000000000000000000000000000000000000000000,0.0,261.58
06ac6393eee7a87a46f65b36cf9d1863821846f32cd08b7f9dd84710f2fa08a1,2,3,20281020,moderate,0.6,5.0,20262732,all_offload,1111111111111111111111111111111111111111111111111111111111111111111111111111111111111111111111111111,0,244.88053400512587,0.28787742503577685,0.0,0,0,0,,0,0,0,100,100,1.0,inf,inf,0.0,99.99999999999996,99.99999999999996,37.89473684210527,36.0,2.638888888888888,27.007499999999993,27.007499999999993,5.0,5.401499999999999,1,1,1,1,inf,inf,92.44880757142909,7985.180275864363,924.4880757142907,inf,0,inf,1000101000001100000000100000000000000000100000010000100000001000001100001110000000000001000001010000,0.82,245.58548978083368
06ac6393eee7a87a46f65b36cf9d1863821846f32cd08b7f9dd84710f2fa08a1,2,3,20281020,moderate,0.6,5.0,20262732,qdp_oracle,1000100000001100000000100000000000000000101000010000000000000000001000001110000000000001000001010000,1,244.88053400512587,2.321271435140621e-14,2.030533125041984,0,0,0,,0,0,0,100,15,0.15,244.75458509301976,244.75458509301976,0.0,14.108910891089105,14.108910891089105,37.89473684210527,36.0,0.3723184818481846,3.5749999999999993,3.5749999999999993,5.0,0.7149999999999999,0,0,0,0,4008.084539390045,40.08084539390045,6909.238026339541,557.3447992968663,55.868422636022565,168.29116003943466,1,244.88053400512592,1000100000001100000000100000000000000000101000010000000000000000001000001110000000000001000001010000,0.0,244.88053400512592
06ac6393eee7a87a46f65b36cf9d1863821846f32cd08b7f9dd84710f2fa08a1,2,3,20281020,highly_constrained,0.3,2.0,20262732,wa_mcbr,0000001000001000000000000000000000000010000000000000100000001000000000001010000000000001000001000000,1,248.3905578547405,1.5918594574399796,0.0054209579247981,100,0,0,True,3800,8000,11800,100,9,0.09,252.058054647923,252.058054647923,0.0,7.425742574257425,7.425742574257425,18.947368421052634,18.0,0.3919141914191418,1.93375,1.93375,2.0,0.966875,0,0,0,0,4222.751861581797,42.22751861581797,7902.313411202885,346.8584329540758,34.823466987095124,181.1261872455902,0,inf,0000001000001000000000000000000000000010000000000000000000001000000000001010000000000001000001000000,0.01,252.34458644133912
06ac6393eee7a87a46f65b36cf9d1863821846f32cd08b7f9dd84710f2fa08a1,2,3,20281020,highly_constrained,0.3,2.0,20262732,wa_mcbr_swap,1000100000000000000000100000000000000000100000000000000000000000001000001110000000000001000000000000,1,248.3905578547405,0.3542875059904002,0.0413531250087544,100,0,6,True,3800,8000,11800,100,9,0.09,248.78360989820388,248.78360989820388,0.0,7.92079207920792,7.92079207920792,18.947368421052634,18.0,0.4180418041804179,1.99875,1.99875,2.0,0.999375,0,0,0,0,4154.878615560333,41.54878615560333,7596.309234714724,342.484274609522,34.35941274698004,199.58412098298663,0,inf,1000100000000000000000100000000000000000100000000000000000000000001000001110000000000000000000000000,0.01,249.2705745672797
06ac6393eee7a87a46f65b36cf9d1863821846f32cd08b7f9dd84710f2fa08a1,2,3,20281020,highly_constrained,0.3,2.0,20262732,capacity_greedy,0000000000000000000000000000000000000000000001010000000000000000101000001110000000000000000000000000,1,248.3905578547405,0.1507190044265282,0.0070143339689821,0,0,0,,0,0,0,100,7,0.07,248.39449027072556,248.39449027072556,0.0,7.1782178217821775,7.1782178217821775,18.947368421052634,18.0,0.3788503850385037,1.8525,1.8525,2.0,0.92625,0,0,0,0,4054.1296077546745,40.54129607754675,7125.173201613414,1103.1787288612152,110.45737334473442,172.4795218065087,0,inf,0000000000000000000000000000000000000000000001010000000000000000001000001110000000000000000000000000,0.01,248.76492963062867
06ac6393eee7a87a46f65b36cf9d1863821846f32cd08b7f9dd84710f2fa08a1,2,3,20281020,highly_constrained,0.3,2.0,20262732,lagrangian_relaxation,1000001000000000000000000000000000000000000001010000000000000000001000001110000000000000000000000000,1,248.3905578547405,0.19985101766870894,0.0106804580427706,300,0,0,True,0,0,0,100,8,0.08,247.87582913231785,247.87582913231785,0.0,7.425742574257425,7.425742574257425,18.947368421052634,18.0,0.3919141914191418,1.93375,1.93375,2.0,0.966875,0,0,0,0,4088.210374872368,40.88210374872369,7286.957227389431,695.1706718004139,69.6534236787855,181.1261872455902,0,inf,1000001000000000000000000000000000000000000000010000000000000000001000001110000000000000000000000000,0.01,248.8869689124062
06ac6393eee7a87a46f65b36cf9d1863821846f32cd08b7f9dd84710f2fa08a1,2,3,20281020,highly_constrained,0.3,2.0,20262732,legacy_count_br,0000001000001000000000000000000000000010000000000000100000001000000000001010000000000001000001000000,1,248.3905578547405,1.5918594574399796,0.0016468750545755,100,0,0,True,0,0,0,100,9,0.09,252.058054647923,252.058054647923,0.0,7.425742574257425,7.425742574257425,18.947368421052634,18.0,0.3919141914191418,1.93375,1.93375,2.0,0.966875,0,0,0,0,4222.751861581797,42.22751861581797,7902.313411202885,346.8584329540758,34.823466987095124,181.1261872455902,0,inf,0000001000001000000000000000000000000010000000000000000000001000000000001010000000000001000001000000,0.01,252.34458644133912
06ac6393eee7a87a46f65b36cf9d1863821846f32cd08b7f9dd84710f2fa08a1,2,3,20281020,highly_constrained,0.3,2.0,20262732,random_feasible,0000101000000100000000000000000000000000100000000000100000000000000100010000000000000000000001010000,1,248.3905578547405,2.5600096269278168,0.0003917920403182,0,0,0,,0,0,0,100,9,0.09,254.5955020703404,254.5955020703404,0.0,7.673267326732673,7.673267326732673,18.947368421052634,18.0,0.4049779977997799,1.96625,1.96625,2.0,0.983125,0,0,0,0,4283.811225343592,42.83811225343592,8179.4508406021505,277.76139644410745,27.87117801659476,190.1525306216778,0,inf,0000101000000100000000000000000000000000100000000000100000000000000100000000000000000000000001010000,0.01,254.74938004820157
06ac6393eee7a87a46f65b36cf9d1863821846f32cd08b7f9dd84710f2fa08a1,2,3,20281020,highly_constrained,0.3,2.0,20262732,all_local,0000000000000000000000000000000000000000000000000000000000000000000000000000000000000000000000000000,1,248.3905578547405,5.309961159221157,0.0,0,0,0,,0,0,0,100,0,0.0,261.58,261.58,0.0,0.0,0.0,18.947368421052634,18.0,0.0,0.0,0.0,2.0,0.0,0,0,0,0,4431.6,44.316,8863.2,0.0,0.0,0.0,1,261.58,0000000000000000000000000000000000000000000000000000000000000000000000000000000000000000000000000000,0.0,261.58
06ac6393eee7a87a46f65b36cf9d1863821846f32cd08b7f9dd84710f2fa08a1,2,3,20281020,highly_constrained,0.3,2.0,20262732,all_offload,1111111111111111111111111111111111111111111111111111111111111111111111111111111111111111111111111111,0,248.3905578547405,0.2832373319560128,0.0,0,0,0,,0,0,0,100,100,1.0,inf,inf,0.0,99.99999999999996,99.99999999999996,18.947368421052634,18.0,5.277777777777776,27.007499999999993,27.007499999999993,2.0,13.503749999999997,1,1,1,1,inf,inf,92.44880757142909,7985.180275864363,924.4880757142907,inf,0,inf,0000100000000000000000000000000000000000100000010000000000000000001000001110000000000000000000000000,0.93,249.09409264363893
06ac6393eee7a87a46f65b36cf9d1863821846f32cd08b7f9dd84710f2fa08a1,2,3,20281020,highly_constrained,0.3,2.0,20262732,qdp_oracle,0000000000000000000000000000000000000000100001010000000000000000001000001110000000000000000000000000,1,248.3905578547405,2.2884693907749186e-14,0.3939950839849189,0,0,0,,0,0,0,100,7,0.07,248.31886034545408,248.31886034545408,0.0,6.683168316831683,6.683168316831683,18.947368421052634,18.0,0.3527227722772276,1.7225,1.7225,2.0,0.86125,0,0,0,0,4112.574581247538,41.12574581247538,7402.068950655617,668.706908621316,66.99295080257508,156.23326959847032,1,248.39055785474056,0000000000000000000000000000000000000000100001010000000000000000001000001110000000000000000000000000,0.0,248.39055785474056
06ac6393eee7a87a46f65b36cf9d1863821846f32cd08b7f9dd84710f2fa08a1,2,4,20281117,abundant,1.0,13.0,20262733,wa_mcbr,1000100000000100001000100100000000000000000001000000100000001000001001001110010000000001000001000000,1,243.31497274050824,0.0024776731849940987,0.0275279169436544,552,62,0,True,20976,44160,65136,100,17,0.17,243.25842373782027,243.25842373782027,0.0,16.08910891089109,16.08910891089109,63.15789473684211,60.0,0.2547442244224422,4.0625,4.0625,13.0,0.3125,0,0,0,0,3930.6243693916126,39.30624369391612,6546.045973797885,731.2723109668685,73.29257634618935,105.45530030445612,1,243.3210012903429,1000100000000100001000100100000000000000000001000000100000001000001001001110010000000001000001000000,0.0,243.3210012903429
06ac6393eee7a87a46f65b36cf9d1863821846f32cd08b7f9dd84710f2fa08a1,2,4,20281117,abundant,1.0,13.0,20262733,wa_mcbr_swap,1000100000000100001000100100000000000000000001000000100000001000001001001110010000000001000001000000,1,243.31497274050824,0.0024776731849940987,0.0420982919167727,552,62,0,True,20976,44160,65136,100,17,0.17,243.25842373782027,243.25842373782027,0.0,16.08910891089109,16.08910891089109,63.15789473684211,60.0,0.2547442244224422,4.0625,4.0625,13.0,0.3125,0,0,0,0,3930.6243693916126,39.30624369391612,6546.045973797885,731.2723109668685,73.29257634618935,105.45530030445612,1,243.3210012903429,1000100000000100001000100100000000000000000001000000100000001000001001001110010000000001000001000000,0.0,243.3210012903429
06ac6393eee7a87a46f65b36cf9d1863821846f32cd08b7f9dd84710f2fa08a1,2,4,20281117,abundant,1.0,13.0,20262733,capacity_greedy,1000100000000100001000100100000000000000000001000000000000001000101001001110000000000000000001000000,1,243.31497274050824,0.19546770833093569,0.0149065840523689,0,0,0,,0,0,0,100,15,0.15,243.73591002327703,243.73591002327703,0.0,14.356435643564351,14.356435643564351,63.15789473684211,60.0,0.2273102310231022,3.656249999999999,3.656249999999999,13.0,0.2812499999999999,0,0,0,0,3906.7446887233623,39.06744688723362,6434.576395460135,916.1008001017032,91.7596973423683,93.54511478910835,1,243.79057494175015,1000100000000100001000100100000000000000000001000000000000001000101001001110000000000000000001000000,0.0,243.79057494175015
06ac6393eee7a87a46f65b36cf9d1863821846f32cd08b7f9dd84710f2fa08a1,2,4,20281117,abundant,1.0,13.0,20262733,lagrangian_relaxation,0000001000000000000000000100000000000000000001010000000000001000101000001110000000000000000000000000,1,243.31497274050824,1.330438716235862,0.0270880419993773,300,0,0,False,0,0,0,100,10,0.1,246.52974905882272,246.52974905882272,0.0,9.9009900990099,9.9009900990099,63.15789473684211,60.0,0.1567656765676567,2.58375,2.58375,13.0,0.1987499999999999,0,0,0,0,3963.782025523823,39.63782025523823,6700.8332697642745,1231.7250572746764,123.32697642746074,66.47749510763208,1,246.5521293402467,0000001000000000000000000100000000000000000001010000000000001000101000001110000000000000000000000000,0.0,246.5521293402467
06ac6393eee7a87a46f65b36cf9d1863821846f32cd08b7f9dd84710f2fa08a1,2,4,20281117,abundant,1.0,13.0,20262733,legacy_count_br,1100101000010100001100110110000000000000100001000000100010101000001001001110010000000001000001000000,1,243.31497274050824,1.8420115991924746,0.0034194160252809,471,57,0,False,0,0,0,100,26,0.26,247.61961187299485,247.61961187299485,0.0,24.257425742574256,24.257425742574256,63.15789473684211,60.0,0.384075907590759,6.28875,6.28875,13.0,0.48375,0,0,0,0,3816.20953282731,38.1620953282731,5967.609644242571,924.4724743977944,92.6786247142796,175.89417280642996,1,247.7968627609604,1100101000010100001100110110000000000000100001000000100010101000001001001110010000000001000001000000,0.0,247.7968627609604
06ac6393eee7a87a46f65b36cf9d1863821846f32cd08b7f9dd84710f2fa08a1,2,4,20281117,abundant,1.0,13.0,20262733,random_feasible,0100000011000000110110000110110111011010001000101010010110000101001010111010110011100001000010011100,1,243.31497274050824,45.5673714734301,2.6958994567394257e-05,0,0,0,,0,0,0,100,42,0.42,424.62846984825546,424.62846984825546,0.0,43.81188118811881,43.81188118811881,63.15789473684211,60.0,0.6936881188118811,11.65125,11.65125,13.0,0.89625,0,0,0,0,3790.493095897461,37.9049309589746,5068.498505592026,4339.864476635062,507.1072760006251,586.1616161616159,0,inf,0100000011000000100110000110110011011010001000001010010110000101001010111010110010100001000010011100,0.04,354.1872102196508
06ac6393eee7a87a46f65b36cf9d1863821846f32cd08b7f9dd84710f2fa08a1,2,4,20281117,abundant,1.0,13.0,20262733,all_local,0000000000000000000000000000000000000000000000000000000000000000000000000000000000000000000000000000,1,243.31497274050824,7.506742003489905,0.0,0,0,0,,0,0,0,100,0,0.0,261.58,261.58,0.0,0.0,0.0,63.15789473684211,60.0,0.0,0.0,0.0,13.0,0.0,0,0,0,0,4431.6,44.316,8863.2,0.0,0.0,0.0,1,261.58,0000000000000000000000000000000000000000000000000000000000000000000000000000000000000000000000000000,0.0,261.58
06ac6393eee7a87a46f65b36cf9d1863821846f32cd08b7f9dd84710f2fa08a1,2,4,20281117,abundant,1.0,13.0,20262733,all_offload,1111111111111111111111111111111111111111111111111111111111111111111111111111111111111111111111111111,0,243.31497274050824,18.374358698290262,0.0,0,0,0,,0,0,0,100,100,1.0,inf,inf,0.0,99.99999999999996,99.99999999999996,63.15789473684211,60.0,1.5833333333333328,27.007499999999993,27.007499999999993,13.0,2.0774999999999997,1,1,1,1,inf,inf,98.4196613790004,8456.049185439284,984.196613790004,inf,0,inf,1100111010011101001101110110100000010010101011000001100010101010001111011111010000000001000001000100,0.57,288.0225385984964
06ac6393eee7a87a46f65b36cf9d1863821846f32cd08b7f9dd84710f2fa08a1,2,4,20281117,abundant,1.0,13.0,20262733,qdp_oracle,1000100000000100001000100100000000000000000001000000000000001000001001001110010000000001000001000000,1,243.31497274050824,1.1681035947062467e-14,13.58068795897998,0,0,0,,0,0,0,100,16,0.16,243.2595968824154,243.2595968824154,0.0,15.099009900990096,15.099009900990096,63.15789473684211,60.0,0.2390676567656765,3.81875,3.81875,13.0,0.2937499999999999,0,0,0,0,3944.6666661824943,39.44666666182495,6614.351581844708,718.1223154517229,71.97386529418256,98.54432095418812,1,243.31497274050827,1000100000000100001000100100000000000000000001000000000000001000001001001110010000000001000001000000,0.0,243.31497274050827
06ac6393eee7a87a46f65b36cf9d1863821846f32cd08b7f9dd84710f2fa08a1,2,4,20281117,moderate,0.6,5.0,20262733,wa_mcbr,1000100000000100001000100100000000000000000001000000000000001000001000001110010000000000000001000000,1,244.56874862854667,0.0059252684832625324,0.0243679590057581,451,24,0,True,17138,36080,53218,100,14,0.14,244.47721218135388,244.47721218135388,0.0,13.118811881188115,13.118811881188115,37.89473684210527,36.0,0.3461908690869085,3.331249999999999,3.331249999999999,5.0,0.6662499999999998,0,0,0,0,3978.526790922372,39.78526790922372,6772.561438914545,685.2533305353019,68.67420818183137,152.37459249132394,1,244.58323998352907,1000100000000100001000100100000000000000000001000000000000001000001000001110010000000000000001000000,0.0,244.58323998352907
06ac6393eee7a87a46f65b36cf9d1863821846f32cd08b7f9dd84710f2fa08a1,2,4,20281117,moderate,0.6,5.0,20262733,wa_mcbr_swap,1000100000000100001000100100000000000000000001000000000000001000001001001110000000000000000001000000,1,244.56874862854667,1.1621153393384356e-14,0.0488191259792074,451,24,1,True,17138,36080,53218,100,14,0.14,244.4627208263715,244.4627208263715,0.0,13.118811881188115,13.118811881188115,37.89473684210527,36.0,0.3461908690869085,3.331249999999999,3.331249999999999,5.0,0.6662499999999998,0,0,0,0,3982.31269212116,39.8231269212116,6790.53995052367,669.9605590201134,67.13932311931684,152.37459249132394,1,244.5687486285467,1000100000000100001000100100000000000000000001000000000000001000001001001110000000000000000001000000,0.0,244.5687486285467
06ac6393eee7a87a46f65b36cf9d1863821846f32cd08b7f9dd84710f2fa08a1,2,4,20281117,moderate,0.6,5.0,20262733,capacity_greedy,1000000000000100001000100100000000000000000001000000000000001000101000001110000000000000000000000000,1,244.56874862854667,0.02398948558915778,0.0123206669231876,0,0,0,,0,0,0,100,12,0.12,244.55590906826328,244.55590906826328,0.0,11.881188118811878,11.881188118811878,37.89473684210527,36.0,0.3135313531353134,3.0224999999999995,3.0224999999999995,5.0,0.6044999999999999,0,0,0,0,3951.207363401498,39.512073634014975,6646.681426242734,899.7642578170929,90.11885356114097,134.18269230769224,1,244.6274194132545,1000000000000100001000100100000000000000000001000000000000001000101000001110000000000000000000000000,0.0,244.6274194132545
06ac6393eee7a87a46f65b36cf9d1863821846f32cd08b7f9dd84710f2fa08a1,2,4,20281117,moderate,0.6,5.0,20262733,lagrangian_relaxation,1100101000010100001000110010000000000000100000000000100000101000001001001110010000000001000001000000,1,244.56874862854667,0.8304693037875681,0.0097938330145552,300,0,0,False,0,0,0,100,22,0.22,248.75188807596757,248.75188807596757,0.0,19.801980198019805,19.801980198019805,37.89473684210527,36.0,0.5225522552255226,4.988750000000001,4.988750000000001,5.0,0.9977500000000002,0,0,0,0,3957.109698248832,39.57109698248832,6636.229449264965,647.732408880723,64.9749665893034,293.6175115207374,0,inf,1100101000010100001000100000000000000000100000000000100000001000001001001110010000000001000001000000,0.03,246.59981701256413
06ac6393eee7a87a46f65b36cf9d1863821846f32cd08b7f9dd84710f2fa08a1,2,4,20281117,moderate,0.6,5.0,20262733,legacy_count_br,1000101000000100001100010110000000000000000001000000000000101000001101001010010000000001000001000000,1,244.56874862854667,1.0956965561186542,0.0023782500065863,288,14,0,False,0,0,0,100,20,0.2,249.5188153103319,249.5188153103319,0.0,18.811881188118814,18.811881188118814,37.89473684210527,36.0,0.4964246424642464,4.761250000000001,4.761250000000001,5.0,0.9522500000000004,0,0,0,0,3936.5584297618066,39.365584297618064,6539.247020031271,821.4714607828271,82.35100156353981,266.4500273074823,0,inf,1000101000000100001000010110000000000000000001000000000000001000001001001010010000000001000001000000,0.03,247.24847998461215
06ac6393eee7a87a46f65b36cf9d1863821846f32cd08b7f9dd84710f2fa08a1,2,4,20281117,moderate,0.6,5.0,20262733,random_feasible,0100000010000000000100000110010000010010001000000000000010000000001010011010010000100001000000000100,1,244.56874862854667,2.8688462677507327,0.0002941250568255,0,0,0,,0,0,0,100,19,0.19,256.07549051396853,256.07549051396853,0.0,18.81188118811881,18.81188118811881,37.89473684210527,36.0,0.4964246424642463,4.9887500000000005,4.9887500000000005,5.0,0.99775,0,0,0,0,4049.5882558328726,40.49588255832872,7046.954017467623,890.8265954752723,92.31670882222396,266.4500273074822,0,inf,0100000010000000000100000110000000000010001000000000000010000000001000011010010000000001000000000100,0.04,251.5850500456614
06ac6393eee7a87a46f65b36cf9d1863821846f32cd08b7f9dd84710f2fa08a1,2,4,20281117,moderate,0.6,5.0,20262733,all_local,0000000000000000000000000000000000000000000000000000000000000000000000000000000000000000000000000000,1,244.56874862854667,6.955611240948108,0.0,0,0,0,,0,0,0,100,0,0.0,261.58,261.58,0.0,0.0,0.0,37.89473684210527,36.0,0.0,0.0,0.0,5.0,0.0,0,0,0,0,4431.6,44.316,8863.2,0.0,0.0,0.0,1,261.58,0000000000000000000000000000000000000000000000000000000000000000000000000000000000000000000000000000,0.0,261.58
06ac6393eee7a87a46f65b36cf9d1863821846f32cd08b7f9dd84710f2fa08a1,2,4,20281117,moderate,0.6,5.0,20262733,all_offload,1111111111111111111111111111111111111111111111111111111111111111111111111111111111111111111111111111,0,244.56874862854667,0.8304693037875681,0.0,0,0,0,,0,0,0,100,100,1.0,inf,inf,0.0,99.99999999999996,99.99999999999996,37.89473684210527,36.0,2.638888888888888,27.007499999999993,27.007499999999993,5.0,5.401499999999999,1,1,1,1,inf,inf,98.4196613790004,8456.049185439284,984.196613790004,inf,0,inf,1100101000010100001000100000000000000000100000000000100000001000001001001110010000000001000001000000,0.81,246.59981701256413
06ac6393eee7a87a46f65b36cf9d1863821846f32cd08b7f9dd84710f2fa08a1,2,4,20281117,moderate,0.6,5.0,20262733,qdp_oracle,1000100000000100001000100100000000000000000001000000000000001000001001001110000000000000000001000000,1,244.56874862854667,1.1621153393384356e-14,2.4004379579564556,0,0,0,,0,0,0,100,14,0.14,244.4627208263715,244.4627208263715,0.0,13.118811881188115,13.118811881188115,37.89473684210527,36.0,0.3461908690869085,3.331249999999999,3.331249999999999,5.0,0.6662499999999998,0,0,0,0,3982.31269212116,39.8231269212116,6790.53995052367,669.9605590201134,67.13932311931684,152.37459249132394,1,244.5687486285467,1000100000000100001000100100000000000000000001000000000000001000001001001110000000000000000001000000,0.0,244.5687486285467
06ac6393eee7a87a46f65b36cf9d1863821846f32cd08b7f9dd84710f2fa08a1,2,4,20281117,highly_constrained,0.3,2.0,20262733,wa_mcbr,1000100000000100000000000100000000000000000000000000000000001000000000001010000000000000000001000000,1,248.32913107128508,1.1460766983472939,0.0053447500104084,100,0,0,True,3800,8000,11800,100,8,0.08,250.49714313943855,250.49714313943855,0.0,7.425742574257425,7.425742574257425,18.947368421052634,18.0,0.3919141914191418,1.885,1.885,2.0,0.9425,0,0,0,0,4194.193428270268,41.941934282702675,7776.275184851063,343.05234653793593,34.39810638305183,181.1261872455902,0,inf,1000100000000000000000000100000000000000000000000000000000001000000000001010000000000000000001000000,0.01,251.17517337770138
06ac6393eee7a87a46f65b36cf9d1863821846f32cd08b7f9dd84710f2fa08a1,2,4,20281117,highly_constrained,0.3,2.0,20262733,wa_mcbr_swap,0000000000000000001000000000000000000000000001000000000000001000101000001110000000000000000000000000,1,248.32913107128508,0.1410747087544583,0.0393380420282483,100,0,5,True,3800,8000,11800,100,8,0.08,247.4695132757975,247.4695132757975,0.0,7.673267326732672,7.673267326732672,18.947368421052634,18.0,0.4049779977997799,1.96625,1.96625,2.0,0.983125,0,0,0,0,4063.484421506568,40.63484421506568,7171.837338480005,795.4001576993348,79.66731000066937,190.15253062167776,0,inf,0000000000000000001000000000000000000000000001000000000000001000001000001110000000000000000000000000,0.01,248.67946066969637
06ac6393eee7a87a46f65b36cf9d1863821846f32cd08b7f9dd84710f2fa08a1,2,4,20281117,highly_constrained,0.3,2.0,20262733,capacity_greedy,0000000000000000000000000100000000000000000001000000000000000000101000001110000000000000000000000000,1,248.32913107128508,0.10153697404897769,0.0071782500017434,0,0,0,,0,0,0,100,7,0.07,247.55091571124925,247.55091571124925,0.0,7.1782178217821775,7.1782178217821775,18.947368421052634,18.0,0.3788503850385037,1.8525,1.8525,2.0,0.92625,0,0,0,0,4063.1661756884487,40.63166175688448,7171.83682990814,908.4027194004684,90.9757011629154,172.4795218065087,0,inf,0000000000000000000000000000000000000000000001000000000000000000101000001110000000000000000000000000,0.01,248.58127695665698
06ac6393eee7a87a46f65b36cf9d1863821846f32cd08b7f9dd84710f2fa08a1,2,4,20281117,highly_constrained,0.3,2.0,20262733,lagrangian_relaxation,0000000000000000000000000100000000000000000001000000000000000000101000001110000000000000000000000000,1,248.32913107128508,0.10153697404897769,0.0097455420764163,300,0,0,True,0,0,0,100,7,0.07,247.55091571124925,247.55091571124925,0.0,7.1782178217821775,7.1782178217821775,18.947368421052634,18.0,0.3788503850385037,1.8525,1.8525,2.0,0.92625,0,0,0,0,4063.1661756884487,40.63166175688448,7171.83682990814,908.4027194004684,90.9757011629154,172.4795218065087,0,inf,0000000000000000000000000000000000000000000001000000000000000000101000001110000000000000000000000000,0.01,248.58127695665698
06ac6393eee7a87a46f65b36cf9d1863821846f32cd08b7f9dd84710f2fa08a1,2,4,20281117,highly_constrained,0.3,2.0,20262733,legacy_count_br,1000100000000100000000000100000000000000000000000000000000001000000000001010000000000000000001000000,1,248.32913107128508,1.1460766983472939,0.0017679160227999,100,0,0,True,0,0,0,100,8,0.08,250.49714313943855,250.49714313943855,0.0,7.425742574257425,7.425742574257425,18.947368421052634,18.0,0.3919141914191418,1.885,1.885,2.0,0.9425,0,0,0,0,4194.193428270268,41.941934282702675,7776.275184851063,343.05234653793593,34.39810638305183,181.1261872455902,0,inf,1000100000000000000000000100000000000000000000000000000000001000000000001010000000000000000001000000,0.01,251.17517337770138
06ac6393eee7a87a46f65b36cf9d1863821846f32cd08b7f9dd84710f2fa08a1,2,4,20281117,highly_constrained,0.3,2.0,20262733,random_feasible,0100000000000000000000000100000000000010000000000000000000000000001000001010010000000001000000000000,1,248.32913107128508,1.4313577725211284,0.0004406250081956,0,0,0,,0,0,0,100,8,0.08,251.71893019321567,251.71893019321567,0.0,7.425742574257425,7.425742574257425,18.947368421052634,18.0,0.3919141914191418,1.90125,1.90125,2.0,0.950625,0,0,0,0,4196.933271738454,41.96933271738454,7783.589557915002,485.5327800611046,48.69473937516275,181.1261872455902,0,inf,0000000000000000000000000100000000000010000000000000000000000000001000001010010000000001000000000000,0.01,251.8836093903081
06ac6393eee7a87a46f65b36cf9d1863821846f32cd08b7f9dd84710f2fa08a1,2,4,20281117,highly_constrained,0.3,2.0,20262733,all_local,0000000000000000000000000000000000000000000000000000000000000000000000000000000000000000000000000000,1,248.32913107128508,5.336010669207846,0.0,0,0,0,,0,0,0,100,0,0.0,261.58,261.58,0.0,0.0,0.0,18.947368421052634,18.0,0.0,0.0,0.0,2.0,0.0,0,0,0,0,4431.6,44.316,8863.2,0.0,0.0,0.0,1,261.58,0000000000000000000000000000000000000000000000000000000000000000000000000000000000000000000000000000,0.0,261.58
06ac6393eee7a87a46f65b36cf9d1863821846f32cd08b7f9dd84710f2fa08a1,2,4,20281117,highly_constrained,0.3,2.0,20262733,all_offload,1111111111111111111111111111111111111111111111111111111111111111111111111111111111111111111111111111,0,248.32913107128508,0.40141910545865245,0.0,0,0,0,,0,0,0,100,100,1.0,inf,inf,0.0,99.99999999999996,99.99999999999996,18.947368421052634,18.0,5.277777777777776,27.007499999999993,27.007499999999993,2.0,13.503749999999997,1,1,1,1,inf,inf,98.4196613790004,8456.049185439284,984.196613790004,inf,0,inf,1000100000000000001000000000000000000000000000000000000000001000001000001110000000000000000000000000,0.92,249.32597164782467
06ac6393eee7a87a46f65b36cf9d1863821846f32cd08b7f9dd84710f2fa08a1,2,4,20281117,highly_constrained,0.3,2.0,20262733,qdp_oracle,0000000000000000001000000000000000000000000001000000000000000000101000001110000000000000000000000000,1,248.32913107128508,2.289035467389068e-14,0.431010500062257,0,0,0,,0,0,0,100,7,0.07,248.25743356199865,248.25743356199865,0.0,6.683168316831683,6.683168316831683,18.947368421052634,18.0,0.3527227722772276,1.7225,1.7225,2.0,0.86125,0,0,0,0,4091.992782259055,40.91992782259055,7304.970845197775,814.1641959807965,81.54931396790106,156.23326959847032,1,248.32913107128513,0000000000000000001000000000000000000000000001000000000000000000101000001110000000000000000000000000,0.0,248.32913107128513
06ac6393eee7a87a46f65b36cf9d1863821846f32cd08b7f9dd84710f2fa08a1,2,5,20281214,abundant,1.0,13.0,20262734,wa_mcbr,1100100000000101000100100000000000000000001000000000000000001000101100001110010000000001000000000000,1,242.8808248519352,2.3403831445096933e-14,0.0297102080658078,578,61,0,True,21964,46240,68204,100,17,0.17,242.82890213383237,242.82890213383237,0.0,16.584158415841582,16.584158415841582,63.15789473684211,60.0,0.262582508250825,4.16,4.16,13.0,0.32,0,0,0,0,3943.876757268412,39.43876757268412,6610.724769035589,660.200036767962,66.16288444644704,109.020979020979,1,242.88082485193524,1100100000000101000100100000000000000000001000000000000000001000101100001110010000000001000000000000,0.0,242.88082485193524
06ac6393eee7a87a46f65b36cf9d1863821846f32cd08b7f9dd84710f2fa08a1,2,5,20281214,abundant,1.0,13.0,20262734,wa_mcbr_swap,1100100000000101000100100000000000000000001000000000000000001000101100001110010000000001000000000000,1,242.8808248519352,2.3403831445096933e-14,0.0446304579963907,578,61,0,True,21964,46240,68204,100,17,0.17,242.82890213383237,242.82890213383237,0.0,16.584158415841582,16.584158415841582,63.15789473684211,60.0,0.262582508250825,4.16,4.16,13.0,0.32,0,0,0,0,3943.876757268412,39.43876757268412,6610.724769035589,660.200036767962,66.16288444644704,109.020979020979,1,242.88082485193524,1100100000000101000100100000000000000000001000000000000000001000101100001110010000000001000000000000,0.0,242.88082485193524
06ac6393eee7a87a46f65b36cf9d1863821846f32cd08b7f9dd84710f2fa08a1,2,5,20281214,abundant,1.0,13.0,20262734,capacity_greedy,1000100000000100000000100000000000000000001000010000000000001000101100001110010000000001000000000000,1,242.8808248519352,0.40929786138641006,0.0155087090097367,0,0,0,,0,0,0,100,15,0.15,243.82898173333624,243.82898173333624,0.0,14.851485148514843,14.851485148514843,63.15789473684211,60.0,0.235148514851485,3.7537499999999993,3.7537499999999993,13.0,0.2887499999999999,0,0,0,0,3933.438969837752,39.33438969837752,6560.440608100756,825.7371477594959,82.70720671707696,96.86084142394816,1,243.87493087377183,1000100000000100000000100000000000000000001000010000000000001000101100001110010000000001000000000000,0.0,243.87493087377183
06ac6393eee7a87a46f65b36cf9d1863821846f32cd08b7f9dd84710f2fa08a1,2,5,20281214,abundant,1.0,13.0,20262734,lagrangian_relaxation,1000100000000000000000000000000000000010000000010000000000001000101000001110000000000000000000000000,1,242.8808248519352,1.2384211240069911,0.0359849999658763,300,0,0,False,0,0,0,100,10,0.1,245.870098187306,245.870098187306,0.0,9.158415841584157,9.158415841584157,63.15789473684211,60.0,0.1450082508250824,2.3724999999999996,2.3724999999999996,13.0,0.1824999999999999,0,0,0,0,4042.1645600023817,40.421645600023815,7074.755163154715,754.055517729094,75.51631547140082,62.40048250904703,1,245.88871229306397,1000100000000000000000000000000000000010000000010000000000001000101000001110000000000000000000000000,0.0,245.88871229306397
06ac6393eee7a87a46f65b36cf9d1863821846f32cd08b7f9dd84710f2fa08a1,2,5,20281214,abundant,1.0,13.0,20262734,legacy_count_br,1100100000010101000100101000100000000000001010000000000010111010001111001111010000000001000000010000,1,242.8808248519352,2.198347533050649,0.0038957500364631,552,58,0,False,0,0,0,100,28,0.28,248.06244656190165,248.06244656190165,0.0,26.73267326732673,26.73267326732673,63.15789473684211,60.0,0.4232673267326732,6.8412500000000005,6.8412500000000005,13.0,0.52625,0,0,0,0,3876.7311291634887,38.76731129163489,6248.109642490452,751.2067895605176,75.3443746590029,203.47639484978535,1,248.22018947332077,1100100000010101000100101000100000000000001010000000000010111010001111001111010000000001000000010000,0.0,248.22018947332077
06ac6393eee7a87a46f65b36cf9d1863821846f32cd08b7f9dd84710f2fa08a1,2,5,20281214,abundant,1.0,13.0,20262734,random_feasible,1100101000001001010011010111101011110010000000101011011001111011100100010001100011010110100111001100,1,242.8808248519352,43.626618705630484,7.087504491209984e-05,0,0,0,,0,0,0,100,48,0.48,455.03989683419906,455.03989683419906,0.0,48.01980198019801,48.01980198019801,63.15789473684211,60.0,0.7603135313531352,12.82125,12.82125,13.0,0.98625,0,0,0,0,3800.983130796282,38.00983130796281,4962.411125839707,4215.7859650258015,483.56512166057,813.0292598967292,0,inf,1100101000001001010011010110100011110010000000000011001001111010100100010001100011010010100101001100,0.08,348.84151621917914
06ac6393eee7a87a46f65b36cf9d1863821846f32cd08b7f9dd84710f2fa08a1,2,5,20281214,abundant,1.0,13.0,20262734,all_local,0000000000000000000000000000000000000000000000000000000000000000000000000000000000000000000000000000,1,242.8808248519352,7.698909602873826,0.0,0,0,0,,0,0,0,100,0,0.0,261.58,261.58,0.0,0.0,0.0,63.15789473684211,60.0,0.0,0.0,0.0,13.0,0.0,0,0,0,0,4431.6,44.316,8863.2,0.0,0.0,0.0,1,261.58,0000000000000000000000000000000000000000000000000000000000000000000000000000000000000000000000000000,0.0,261.58
06ac6393eee7a87a46f65b36cf9d1863821846f32cd08b7f9dd84710f2fa08a1,2,5,20281214,abundant,1.0,13.0,20262734,all_offload,1111111111111111111111111111111111111111111111111111111111111111111111111111111111111111111111111111,0,242.8808248519352,18.307842917489523,0.0,0,0,0,,0,0,0,100,100,1.0,inf,inf,0.0,99.99999999999996,99.99999999999996,63.15789473684211,60.0,1.5833333333333328,27.007499999999993,27.007499999999993,13.0,2.0774999999999997,1,1,1,1,inf,inf,100.97040326814634,8782.480353352452,1009.7040326814634,inf,0,inf,1100100010011101001101111010100001000011101010000001100010111010001111001111010010100001000001010100,0.56,287.34706474253034
06ac6393eee7a87a46f65b36cf9d1863821846f32cd08b7f9dd84710f2fa08a1,2,5,20281214,abundant,1.0,13.0,20262734,qdp_oracle,1100100000000101000100100000000000000000001000000000000000001000101100001110010000000001000000000000,1,242.8808248519352,2.3403831445096933e-14,14.57848341704812,0,0,0,,0,0,0,100,17,0.17,242.82890213383237,242.82890213383237,0.0,16.584158415841582,16.584158415841582,63.15789473684211,60.0,0.262582508250825,4.16,4.16,13.0,0.32,0,0,0,0,3943.876757268412,39.43876757268412,6610.724769035589,660.200036767962,66.16288444644704,109.020979020979,1,242.88082485193524,1100100000000101000100100000000000000000001000000000000000001000101100001110010000000001000000000000,0.0,242.88082485193524
06ac6393eee7a87a46f65b36cf9d1863821846f32cd08b7f9dd84710f2fa08a1,2,5,20281214,moderate,0.6,5.0,20262734,wa_mcbr,1000100000000101000000100000000000000000001000000000000000001000101100001110000000000001000000000000,1,244.19143239339135,0.025261723264897826,0.0342850419692695,691,32,0,True,26258,55280,81538,100,14,0.14,244.1648472326397,244.1648472326397,0.0,13.613861386138607,13.613861386138607,37.89473684210527,36.0,0.3592546754675466,3.428749999999999,3.428749999999999,5.0,0.6857499999999999,0,0,0,0,3989.615851719152,39.89615851719152,6826.459145407781,612.3902179171453,61.36752912725087,160.17061916514635,1,244.25311935727916,1000100000000101000000100000000000000000001000000000000000001000101100001110000000000001000000000000,0.0,244.25311935727916
06ac6393eee7a87a46f65b36cf9d1863821846f32cd08b7f9dd84710f2fa08a1,2,5,20281214,moderate,0.6,5.0,20262734,wa_mcbr_swap,1000100000000100000000100000000000000000001000000000000000001000101100001110010000000001000000000000,1,244.19143239339135,4.655644000583404e-14,0.0588787499582394,691,32,1,True,26258,55280,81538,100,14,0.14,244.103160268752,244.103160268752,0.0,13.613861386138607,13.613861386138607,37.89473684210527,36.0,0.3592546754675466,3.428749999999999,3.428749999999999,5.0,0.6857499999999999,0,0,0,0,3988.034173434723,39.88034173434723,6819.260975843447,613.6989118865038,61.49827453191924,160.17061916514635,1,244.19143239339147,1000100000000100000000100000000000000000001000000000000000001000101100001110010000000001000000000000,0.0,244.19143239339147
06ac6393eee7a87a46f65b36cf9d1863821846f32cd08b7f9dd84710f2fa08a1,2,5,20281214,moderate,0.6,5.0,20262734,capacity_greedy,1000100000000100000000100000000000000000001000010000000000001000101000001110000000000001000000000000,1,244.19143239339135,0.3104233879360598,0.0131488749757409,0,0,0,,0,0,0,100,13,0.13,244.86366916761455,244.86366916761455,0.0,12.871287128712869,12.871287128712869,37.89473684210527,36.0,0.3396589658965895,3.266249999999999,3.266249999999999,5.0,0.6532499999999999,0,0,0,0,3967.875703308408,39.67875703308408,6722.235993573486,795.69261664973,79.69181334507157,148.59225322782163,1,244.9494597108765,1000100000000100000000100000000000000000001000010000000000001000101000001110000000000001000000000000,0.0,244.9494597108765
06ac6393eee7a87a46f65b36cf9d1863821846f32cd08b7f9dd84710f2fa08a1,2,5,20281214,moderate,0.6,5.0,20262734,lagrangian_relaxation,1100100000000101000100100000100000000000001010000000000000001000001101001111010000000001000000010000,1,244.19143239339135,0.4407192821183684,0.0096197499660775,300,0,0,False,0,0,0,100,21,0.21,247.29546922388533,247.29546922388533,0.0,19.8019801980198,19.8019801980198,37.89473684210527,36.0,0.5225522552255225,4.972500000000001,4.972500000000001,5.0,0.9945000000000002,0,0,0,0,3959.0572166103498,39.5905721661035,6654.0527754095465,594.8213746864363,59.655971883259184,293.6175115207373,0,inf,1100100000000101000100100000000000000000001010000000000000001000001100001110010000000001000000000000,0.04,245.26763112123007
06ac6393eee7a87a46f65b36cf9d1863821846f32cd08b7f9dd84710f2fa08a1,2,5,20281214,moderate,0.6,5.0,20262734,legacy_count_br,0100100000010101001100101000100000000000001010000000000000011000000101001110000000000000000001010000,1,244.19143239339135,1.3709616556362194,0.0026275829877704,332,19,0,False,0,0,0,100,21,0.21,249.29333942999943,249.29333942999943,0.0,19.306930693069308,19.306930693069308,37.89473684210527,36.0,0.5094884488448844,4.875000000000001,4.875000000000001,5.0,0.9750000000000002,0,0,0,0,4001.332689562785,40.01332689562785,6844.8700877438505,602.8370335276613,60.48036875480179,279.6719932716568,0,inf,0100100000000101001100100000100000000000001010000000000000001000000101001110000000000000000001010000,0.03,247.5392032978536
06ac6393eee7a87a46f65b36cf9d1863821846f32cd08b7f9dd84710f2fa08a1,2,5,20281214,moderate,0.6,5.0,20262734,random_feasible,1100100000001001000001010010100001000010000000000000000000111010100100000001000010000000000001000000,1,244.19143239339135,3.5260662979968327,0.0004059170605614,0,0,0,,0,0,0,100,20,0.2,256.3206078382634,256.3206078382634,0.0,18.811881188118814,18.811881188118814,37.89473684210527,36.0,0.4964246424642464,4.777500000000001,4.777500000000001,5.0,0.9555,0,0,0,0,4079.9017924612185,40.79901792461219,7187.2330422669165,788.6395957534423,81.65211334579341,266.4500273074823,0,inf,1100100000001001000000000010100001000010000000000000000000111010100100000001000000000000000001000000,0.03,252.80178419361044
06ac6393eee7a87a46f65b36cf9d1863821846f32cd08b7f9dd84710f2fa08a1,2,5,20281214,moderate,0.6,5.0,20262734,all_local,0000000000000000000000000000000000000000000000000000000000000000000000000000000000000000000000000000,1,244.19143239339135,7.120875387059331,0.0,0,0,0,,0,0,0,100,0,0.0,261.58,261.58,0.0,0.0,0.0,37.89473684210527,36.0,0.0,0.0,0.0,5.0,0.0,0,0,0,0,4431.6,44.316,8863.2,0.0,0.0,0.0,1,261.58,0000000000000000000000000000000000000000000000000000000000000000000000000000000000000000000000000000,0.0,261.58
06ac6393eee7a87a46f65b36cf9d1863821846f32cd08b7f9dd84710f2fa08a1,2,5,20281214,moderate,0.6,5.0,20262734,all_offload,1111111111111111111111111111111111111111111111111111111111111111111111111111111111111111111111111111,0,244.19143239339135,0.6081020213572899,0.0,0,0,0,,0,0,0,100,100,1.0,inf,inf,0.0,99.99999999999996,99.99999999999996,37.89473684210527,36.0,2.638888888888888,27.007499999999993,27.007499999999993,5.0,5.401499999999999,1,1,1,1,inf,inf,100.97040326814634,8782.480353352452,1009.7040326814634,inf,0,inf,1100100000000101000100100000000000000000101010000000000000001000001100001110010000000001000000000000,0.82,245.67636542975688
06ac6393eee7a87a46f65b36cf9d1863821846f32cd08b7f9dd84710f2fa08a1,2,5,20281214,moderate,0.6,5.0,20262734,qdp_oracle,1000100000000100000000100000000000000000001000000000000000001000101100001110010000000001000000000000,1,244.19143239339135,4.655644000583404e-14,2.185484708053991,0,0,0,,0,0,0,100,14,0.14,244.103160268752,244.103160268752,0.0,13.613861386138607,13.613861386138607,37.89473684210527,36.0,0.3592546754675466,3.428749999999999,3.428749999999999,5.0,0.6857499999999999,0,0,0,0,3988.034173434723,39.88034173434723,6819.260975843447,613.6989118865038,61.49827453191924,160.17061916514635,1,244.19143239339147,1000100000000100000000100000000000000000001000000000000000001000101100001110010000000001000000000000,0.0,244.19143239339147
06ac6393eee7a87a46f65b36cf9d1863821846f32cd08b7f9dd84710f2fa08a1,2,5,20281214,highly_constrained,0.3,2.0,20262734,wa_mcbr,0100100000000001001100100000000000000000000000000000000000000000000000000110000000000000000001000000,1,247.8898700150172,1.7647846780852234,0.0062805000925436,118,1,0,True,4484,9440,13924,100,9,0.09,251.97918975969523,251.97918975969523,0.0,7.92079207920792,7.92079207920792,18.947368421052634,18.0,0.4180418041804179,1.99875,1.99875,2.0,0.999375,0,0,0,0,4222.673709105167,42.226737091051675,7902.288841332538,319.7168907022332,32.093481393072956,199.58412098298663,0,inf,0000100000000001001100100000000000000000000000000000000000000000000000000110000000000000000001000000,0.01,252.2645924595676
06ac6393eee7a87a46f65b36cf9d1863821846f32cd08b7f9dd84710f2fa08a1,2,5,20281214,highly_constrained,0.3,2.0,20262734,wa_mcbr_swap,1000100000000000000000000000000000000000100000000000000000001000001000001110000000000001000000000000,1,247.8898700150172,0.637253137190311,0.0420079580508172,118,1,6,True,4484,9440,13924,100,9,0.09,248.6388227334468,248.6388227334468,0.0,7.92079207920792,7.92079207920792,18.947368421052634,18.0,0.4180418041804179,1.99875,1.99875,2.0,0.999375,0,0,0,0,4149.413843471841,41.49413843471841,7571.1227544906205,357.50959811037563,35.86161006895946,199.58412098298663,0,inf,1000100000000000000000000000000000000000000000000000000000001000001000001110000000000000000000000000,0.02,249.4695559884649
06ac6393eee7a87a46f65b36cf9d1863821846f32cd08b7f9dd84710f2fa08a1,2,5,20281214,highly_constrained,0.3,2.0,20262734,capacity_greedy,1000100000000000000000000000000000000000000000000000000000001000101000001110000000000000000000000000,1,247.8898700150172,0.10309711086983045,0.0078186249593272,0,0,0,,0,0,0,100,8,0.08,247.36529357846143,247.36529357846143,0.0,7.425742574257425,7.425742574257425,18.947368421052634,18.0,0.3919141914191418,1.885,1.885,2.0,0.9425,0,0,0,0,4109.741796399698,41.097417963996975,7391.189978125925,486.5983627166458,48.74726574075271,181.1261872455902,0,inf,0000100000000000000000000000000000000000000000000000000000001000101000001110000000000000000000000000,0.01,248.14543730914167
06ac6393eee7a87a46f65b36cf9d1863821846f32cd08b7f9dd84710f2fa08a1,2,5,20281214,highly_constrained,0.3,2.0,20262734,lagrangian_relaxation,1000100000000000000000000000000000000000000000000000000000001000101000001110000000000000000000000000,1,247.8898700150172,0.10309711086983045,0.0104704999830573,300,0,0,True,0,0,0,100,8,0.08,247.36529357846143,247.36529357846143,0.0,7.425742574257425,7.425742574257425,18.947368421052634,18.0,0.3919141914191418,1.885,1.885,2.0,0.9425,0,0,0,0,4109.741796399698,41.097417963996975,7391.189978125925,486.5983627166458,48.74726574075271,181.1261872455902,0,inf,0000100000000000000000000000000000000000000000000000000000001000101000001110000000000000000000000000,0.01,248.14543730914167
06ac6393eee7a87a46f65b36cf9d1863821846f32cd08b7f9dd84710f2fa08a1,2,5,20281214,highly_constrained,0.3,2.0,20262734,legacy_count_br,0100100000000001001100100000000000000000000000000000000000000000000000000110000000000000000001000000,1,247.8898700150172,1.7647846780852234,0.0016307499026879,118,1,0,True,0,0,0,100,9,0.09,251.97918975969523,251.97918975969523,0.0,7.92079207920792,7.92079207920792,18.947368421052634,18.0,0.4180418041804179,1.99875,1.99875,2.0,0.999375,0,0,0,0,4222.673709105167,42.226737091051675,7902.288841332538,319.7168907022332,32.093481393072956,199.58412098298663,0,inf,0000100000000001001100100000000000000000000000000000000000000000000000000110000000000000000001000000,0.01,252.2645924595676
06ac6393eee7a87a46f65b36cf9d1863821846f32cd08b7f9dd84710f2fa08a1,2,5,20281214,highly_constrained,0.3,2.0,20262734,random_feasible,1100100000000001000000000000000000000000000000000000000000001000100100000000000000000000000001000000,1,247.8898700150172,1.883109489694189,0.0005057910457253,0,0,0,,0,0,0,100,8,0.08,252.31516925787992,252.31516925787992,0.0,7.673267326732672,7.673267326732672,18.947368421052634,18.0,0.4049779977997799,1.93375,1.93375,2.0,0.966875,0,0,0,0,4220.33216686832,42.2033216686832,7891.521695140247,401.3683279182451,40.211892530837126,190.15253062167776,0,inf,1000100000000001000000000000000000000000000000000000000000001000100100000000000000000000000001000000,0.01,252.5579076812606
06ac6393eee7a87a46f65b36cf9d1863821846f32cd08b7f9dd84710f2fa08a1,2,5,20281214,highly_constrained,0.3,2.0,20262734,all_local,0000000000000000000000000000000000000000000000000000000000000000000000000000000000000000000000000000,1,247.8898700150172,5.5226661679048945,0.0,0,0,0,,0,0,0,100,0,0.0,261.58,261.58,0.0,0.0,0.0,18.947368421052634,18.0,0.0,0.0,0.0,2.0,0.0,0,0,0,0,4431.6,44.316,8863.2,0.0,0.0,0.0,1,261.58,0000000000000000000000000000000000000000000000000000000000000000000000000000000000000000000000000000,0.0,261.58
06ac6393eee7a87a46f65b36cf9d1863821846f32cd08b7f9dd84710f2fa08a1,2,5,20281214,highly_constrained,0.3,2.0,20262734,all_offload,1111111111111111111111111111111111111111111111111111111111111111111111111111111111111111111111111111,0,247.8898700150172,0.637253137190311,0.0,0,0,0,,0,0,0,100,100,1.0,inf,inf,0.0,99.99999999999996,99.99999999999996,18.947368421052634,18.0,5.277777777777776,27.007499999999993,27.007499999999993,2.0,13.503749999999997,1,1,1,1,inf,inf,100.97040326814634,8782.480353352452,1009.7040326814634,inf,0,inf,1000100000000000000000000000000000000000000000000000000000001000001000001110000000000000000000000000,0.93,249.4695559884649
06ac6393eee7a87a46f65b36cf9d1863821846f32cd08b7f9dd84710f2fa08a1,2,5,20281214,highly_constrained,0.3,2.0,20262734,qdp_oracle,1000000000000000000000000000000000000000000000000000000000001000101000001110000000000000000000000000,1,247.8898700150172,2.2930916401450544e-14,0.3757567909779027,0,0,0,,0,0,0,100,7,0.07,247.8412093242249,247.8412093242249,0.0,6.683168316831682,6.683168316831682,18.947368421052634,18.0,0.3527227722772276,1.69,1.69,2.0,0.845,0,0,0,0,4127.298125009271,41.272981250092705,7473.941066075198,486.35601744030066,48.7237250284148,156.23326959847032,1,247.88987001501727,1000000000000000000000000000000000000000000000000000000000001000101000001110000000000000000000000000,0.0,247.88987001501727
06ac6393eee7a87a46f65b36cf9d1863821846f32cd08b7f9dd84710f2fa08a1,2,6,20281311,abundant,1.0,13.0,20262735,wa_mcbr,1000101010000100000000100000000000000000100001000000000000011000100100000110000000000001000000000100,1,243.9078133291939,3.4957932313604335e-14,0.0391362499212846,815,69,0,True,30970,65200,96170,100,16,0.16,243.85721825296457,243.85721825296457,0.0,15.346534653465344,15.346534653465344,63.15789473684211,60.0,0.2429867986798679,3.91625,3.91625,13.0,0.30125,0,0,0,0,3951.3456425937297,39.51345642593729,6643.176487020648,733.8574305004516,73.53043879048509,100.2452316076294,1,243.907813329194,1000101010000100000000100000000000000000100001000000000000011000100100000110000000000001000000000100,0.0,243.907813329194
06ac6393eee7a87a46f65b36cf9d1863821846f32cd08b7f9dd84710f2fa08a1,2,6,20281311,abundant,1.0,13.0,20262735,wa_mcbr_swap,1000101010000100000000100000000000000000100001000000000000011000100100000110000000000001000000000100,1,243.9078133291939,3.4957932313604335e-14,0.0528917498886585,815,69,0,True,30970,65200,96170,100,16,0.16,243.85721825296457,243.85721825296457,0.0,15.346534653465344,15.346534653465344,63.15789473684211,60.0,0.2429867986798679,3.91625,3.91625,13.0,0.30125,0,0,0,0,3951.3456425937297,39.51345642593729,6643.176487020648,733.8574305004516,73.53043879048509,100.2452316076294,1,243.907813329194,1000101010000100000000100000000000000000100001000000000000011000100100000110000000000001000000000100,0.0,243.907813329194
06ac6393eee7a87a46f65b36cf9d1863821846f32cd08b7f9dd84710f2fa08a1,2,6,20281311,abundant,1.0,13.0,20262735,capacity_greedy,1000100000000100000000100100000000000000000001000000000000011000100100000110000000000001000000000100,1,243.9078133291939,0.21203454816376033,0.0145536659983918,0,0,0,,0,0,0,100,14,0.14,244.3834339664313,244.3834339664313,0.0,14.356435643564351,14.356435643564351,63.15789473684211,60.0,0.2273102310231022,3.64,3.64,13.0,0.2799999999999999,0,0,0,0,3954.1138527447456,39.54113852744746,6657.562338358106,828.8729384070657,83.02416843620496,93.54511478910835,1,244.42498215912258,1000100000000100000000100100000000000000000001000000000000011000100100000110000000000001000000000100,0.0,244.42498215912258
06ac6393eee7a87a46f65b36cf9d1863821846f32cd08b7f9dd84710f2fa08a1,2,6,20281311,abundant,1.0,13.0,20262735,lagrangian_relaxation,1000101000000000000000000100000000000010000001100000000000001000101000000110000000000000000000000000,1,243.9078133291939,1.3068191709747359,0.0412335000000894,300,0,0,False,0,0,0,100,12,0.12,247.06575542906964,247.06575542906964,0.0,11.386138613861384,11.386138613861384,63.15789473684211,60.0,0.1802805280528052,2.99,2.99,13.0,0.2299999999999999,0,0,0,0,3952.95693846794,39.5295693846794,6643.407478376413,1171.4291534891984,117.28986470108336,74.9823855057876,1,247.0952473932851,1000101000000000000000000100000000000010000001100000000000001000101000000110000000000000000000000000,0.0,247.0952473932851
06ac6393eee7a87a46f65b36cf9d1863821846f32cd08b7f9dd84710f2fa08a1,2,6,20281311,abundant,1.0,13.0,20262735,legacy_count_br,1000101010011100001101110000100000000010100001000000000000011000000110000111000000000011000000010100,1,243.9078133291939,3.0474717240171856,0.0036575419362634,447,58,0,False,0,0,0,100,27,0.27,251.17453053999287,251.17453053999287,0.0,25.247524752475247,25.247524752475247,63.15789473684211,60.0,0.3997524752475247,6.386250000000001,6.386250000000001,13.0,0.4912500000000001,0,0,0,0,3871.084359079107,38.71084359079107,6208.890934117614,920.3332686801582,92.25681917087748,186.4948453608247,1,251.34083497306972,1000101010011100001101110000100000000010100001000000000000011000000110000111000000000011000000010100,0.0,251.34083497306972
06ac6393eee7a87a46f65b36cf9d1863821846f32cd08b7f9dd84710f2fa08a1,2,6,20281311,abundant,1.0,13.0,20262735,random_feasible,0000100001001100110000010000100111100111001110111001011101010100111000101101010010000100001111101111,1,243.9078133291939,44.75404432215154,9.987491648644208e-05,0,0,0,,0,0,0,100,47,0.47,471.0402242431819,471.0402242431819,0.0,47.52475247524752,47.52475247524752,63.15789473684211,60.0,0.7524752475247524,12.88625,12.88625,13.0,0.99125,0,0,0,0,3708.088061044794,37.08088061044794,4449.9612387441575,4813.363000953051,543.8561434927025,779.9999999999995,0,inf,0000100001001100100000010000100111100011001110101001010001010100111000101101010010000100001011100101,0.08,353.066424211732
06ac6393eee7a87a46f65b36cf9d1863821846f32cd08b7f9dd84710f2fa08a1,2,6,20281311,abundant,1.0,13.0,20262735,all_local,0000000000000000000000000000000000000000000000000000000000000000000000000000000000000000000000000000,1,243.9078133291939,7.245436884366854,0.0,0,0,0,,0,0,0,100,0,0.0,261.58,261.58,0.0,0.0,0.0,63.15789473684211,60.0,0.0,0.0,0.0,13.0,0.0,0,0,0,0,4431.6,44.316,8863.2,0.0,0.0,0.0,1,261.58,0000000000000000000000000000000000000000000000000000000000000000000000000000000000000000000000000000,0.0,261.58
06ac6393eee7a87a46f65b36cf9d1863821846f32cd08b7f9dd84710f2fa08a1,2,6,20281311,abundant,1.0,13.0,20262735,all_offload,1111111111111111111111111111111111111111111111111111111111111111111111111111111111111111111111111111,0,243.9078133291939,19.29100656972868,0.0,0,0,0,,0,0,0,100,100,1.0,inf,inf,0.0,99.99999999999996,99.99999999999996,63.15789473684211,60.0,1.5833333333333328,27.007499999999993,27.007499999999993,13.0,2.0774999999999997,1,1,1,1,inf,inf,103.06875298579952,8908.536967394783,1030.687529857995,inf,0,inf,1100101010011101001111111010100001000010101011000000100010111010001111011111010000001001000000010100,0.56,290.9600856226103
06ac6393eee7a87a46f65b36cf9d1863821846f32cd08b7f9dd84710f2fa08a1,2,6,20281311,abundant,1.0,13.0,20262735,qdp_oracle,1000101010000100000000100000000000000000100001000000000000011000100100000110000000000001000000000100,1,243.9078133291939,3.4957932313604335e-14,12.216201875009574,0,0,0,,0,0,0,100,16,0.16,243.85721825296457,243.85721825296457,0.0,15.346534653465344,15.346534653465344,63.15789473684211,60.0,0.2429867986798679,3.91625,3.91625,13.0,0.30125,0,0,0,0,3951.3456425937297,39.51345642593729,6643.176487020648,733.8574305004516,73.53043879048509,100.2452316076294,1,243.907813329194,1000101010000100000000100000000000000000100001000000000000011000100100000110000000000001000000000100,0.0,243.907813329194
06ac6393eee7a87a46f65b36cf9d1863821846f32cd08b7f9dd84710f2fa08a1,2,6,20281311,moderate,0.6,5.0,20262735,wa_mcbr,1000101000000100000000000000000000000000000001000000000000011000100100000110000000000001000000000100,1,244.9991140932609,2.3201479348684545e-14,0.0393718749983236,815,35,0,True,30970,65200,96170,100,13,0.13,244.92546032847147,244.92546032847147,0.0,12.62376237623762,12.62376237623762,37.89473684210527,36.0,0.3331270627062705,3.2337499999999997,3.2337499999999997,5.0,0.6467499999999999,0,0,0,0,4005.178271725628,40.05178271725628,6898.450915681871,653.4445856184352,65.45505245173347,144.88400866068662,1,244.99911409326097,1000101000000100000000000000000000000000000001000000000000011000100100000110000000000001000000000100,0.0,244.99911409326097
06ac6393eee7a87a46f65b36cf9d1863821846f32cd08b7f9dd84710f2fa08a1,2,6,20281311,moderate,0.6,5.0,20262735,wa_mcbr_swap,1000101000000100000000000000000000000000000001000000000000011000100100000110000000000001000000000100,1,244.9991140932609,2.3201479348684545e-14,0.0510287500219419,815,35,0,True,30970,65200,96170,100,13,0.13,244.92546032847147,244.92546032847147,0.0,12.62376237623762,12.62376237623762,37.89473684210527,36.0,0.3331270627062705,3.2337499999999997,3.2337499999999997,5.0,0.6467499999999999,0,0,0,0,4005.178271725628,40.05178271725628,6898.450915681871,653.4445856184352,65.45505245173347,144.88400866068662,1,244.99911409326097,1000101000000100000000000000000000000000000001000000000000011000100100000110000000000001000000000100,0.0,244.99911409326097
06ac6393eee7a87a46f65b36cf9d1863821846f32cd08b7f9dd84710f2fa08a1,2,6,20281311,moderate,0.6,5.0,20262735,capacity_greedy,1000100000000100000000000100000000000000000001000000000000001000100100000110000000000001000000000100,1,244.9991140932609,0.16363014032504364,0.0124086249852553,0,0,0,,0,0,0,100,12,0.12,245.32477757726625,245.32477757726625,0.0,12.376237623762371,12.376237623762371,37.89473684210527,36.0,0.3265951595159514,3.1524999999999994,3.1524999999999994,5.0,0.6304999999999998,0,0,0,0,3995.298448953441,39.95298448953441,6851.721613376899,766.9563767782844,76.80111474158723,141.24770267510715,1,245.40000648744683,1000100000000100000000000100000000000000000001000000000000001000100100000110000000000001000000000100,0.0,245.40000648744683
06ac6393eee7a87a46f65b36cf9d1863821846f32cd08b7f9dd84710f2fa08a1,2,6,20281311,moderate,0.6,5.0,20262735,lagrangian_relaxation,1000101010010100001100100000000000000000100001000000000000011000000100000111000000000001000000010100,1,244.9991140932609,0.5182133534874234,0.0097230840474367,300,0,0,False,0,0,0,100,20,0.2,247.0845728080372,247.0845728080372,0.0,18.81188118811881,18.81188118811881,37.89473684210527,36.0,0.4964246424642463,4.76125,4.76125,5.0,0.95225,0,0,0,0,3947.8061354479178,39.47806135447917,6603.731400962201,663.8567450883544,66.5700481100402,266.4500273074822,0,inf,1000101010010100001100100000000000000000100001000000000000011000000100000110000000000001000000010000,0.02,246.26873221841808
06ac6393eee7a87a46f65b36cf9d1863821846f32cd08b7f9dd84710f2fa08a1,2,6,20281311,moderate,0.6,5.0,20262735,legacy_count_br,1000100000011100001101110000000000000010100000000000000000001000000110000111000000000001000000010100,1,244.9991140932609,1.1485763517825291,0.0036112919915467,458,13,0,False,0,0,0,100,21,0.21,249.53532449854595,249.53532449854595,0.0,19.554455445544555,19.554455445544555,37.89473684210527,36.0,0.5160203520352035,4.923750000000001,4.923750000000001,5.0,0.9847500000000002,0,0,0,0,4015.256198942541,40.15256198942541,6909.607688648018,573.2683508652184,57.508983238950336,286.55064639863616,0,inf,1000100000011100001100100000000000000010100000000000000000001000000100000111000000000001000000010100,0.03,247.8131159798128
06ac6393eee7a87a46f65b36cf9d1863821846f32cd08b7f9dd84710f2fa08a1,2,6,20281311,moderate,0.6,5.0,20262735,random_feasible,0000100000001100000000010000100001000010001010000000000000010000111000001101010010000100000000000100,1,244.9991140932609,3.3736165830113904,0.000399291049689,0,0,0,,0,0,0,100,20,0.2,258.2296863773391,258.2296863773391,0.0,18.564356435643564,18.564356435643564,37.89473684210527,36.0,0.4898927392739273,4.891250000000001,4.891250000000001,5.0,0.9782500000000004,0,0,0,0,3997.903509785367,39.97903509785367,6791.907400288035,1095.0824848203067,115.37001440175224,260.0930044480388,0,inf,0000100000001100000000010000100001000010001010000000000000010000101000001101010000000000000000000100,0.03,253.26444483454216
06ac6393eee7a87a46f65b36cf9d1863821846f32cd08b7f9dd84710f2fa08a1,2,6,20281311,moderate,0.6,5.0,20262735,all_local,0000000000000000000000000000000000000000000000000000000000000000000000000000000000000000000000000000,1,244.9991140932609,6.767733005119121,0.0,0,0,0,,0,0,0,100,0,0.0,261.58,261.58,0.0,0.0,0.0,37.89473684210527,36.0,0.0,0.0,0.0,5.0,0.0,0,0,0,0,4431.6,44.316,8863.2,0.0,0.0,0.0,1,261.58,0000000000000000000000000000000000000000000000000000000000000000000000000000000000000000000000000000,0.0,261.58
06ac6393eee7a87a46f65b36cf9d1863821846f32cd08b7f9dd84710f2fa08a1,2,6,20281311,moderate,0.6,5.0,20262735,all_offload,1111111111111111111111111111111111111111111111111111111111111111111111111111111111111111111111111111,0,244.9991140932609,0.5182133534874234,0.0,0,0,0,,0,0,0,100,100,1.0,inf,inf,0.0,99.99999999999996,99.99999999999996,37.89473684210527,36.0,2.638888888888888,27.007499999999993,27.007499999999993,5.0,5.401499999999999,1,1,1,1,inf,inf,103.06875298579952,8908.536967394783,1030.687529857995,inf,0,inf,1000101010010100001100100000000000000000100001000000000000011000000100000110000000000001000000010000,0.82,246.26873221841808
06ac6393eee7a87a46f65b36cf9d1863821846f32cd08b7f9dd84710f2fa08a1,2,6,20281311,moderate,0.6,5.0,20262735,qdp_oracle,1000101000000100000000000000000000000000000001000000000000011000100100000110000000000001000000000100,1,244.9991140932609,2.3201479348684545e-14,2.138075708062388,0,0,0,,0,0,0,100,13,0.13,244.92546032847147,244.92546032847147,0.0,12.62376237623762,12.62376237623762,37.89473684210527,36.0,0.3331270627062705,3.2337499999999997,3.2337499999999997,5.0,0.6467499999999999,0,0,0,0,4005.178271725628,40.05178271725628,6898.450915681871,653.4445856184352,65.45505245173347,144.88400866068662,1,244.99911409326097,1000101000000100000000000000000000000000000001000000000000011000100100000110000000000001000000000100,0.0,244.99911409326097
06ac6393eee7a87a46f65b36cf9d1863821846f32cd08b7f9dd84710f2fa08a1,2,6,20281311,highly_constrained,0.3,2.0,20262735,wa_mcbr,1000100000010100001000000000000000000000100000000000000000001000000000000100000000000001000000000000,1,248.11565005224008,1.5557567760713622,0.0055188330588862,104,1,0,True,3952,8320,12272,100,9,0.09,251.63830641675145,251.63830641675145,0.0,7.92079207920792,7.92079207920792,18.947368421052634,18.0,0.4180418041804179,1.99875,1.99875,2.0,0.999375,0,0,0,0,4220.053642455016,42.200536424550165,7891.4666713289635,295.2650406855138,29.630147662660384,199.58412098298663,0,inf,1000100000000100001000000000000000000000100000000000000000001000000000000100000000000001000000000000,0.01,251.97572609042132
06ac6393eee7a87a46f65b36cf9d1863821846f32cd08b7f9dd84710f2fa08a1,2,6,20281311,highly_constrained,0.3,2.0,20262735,wa_mcbr_swap,1000101000000100000000000000000000000000100000000000000000001000000100000110000000000000000000000000,1,248.11565005224008,0.9818270094856022,0.0259297911543399,104,1,3,True,3952,8320,12272,100,9,0.09,249.99607562122995,249.99607562122995,0.0,7.673267326732672,7.673267326732672,18.947368421052634,18.0,0.4049779977997799,1.96625,1.96625,2.0,0.983125,0,0,0,0,4196.372516239539,41.96372516239539,7787.026826222733,251.23816266048073,25.20291363694787,190.15253062167776,0,inf,1000101000000100000000000000000000000000100000000000000000001000000000000110000000000000000000000000,0.01,250.55171651921376
06ac6393eee7a87a46f65b36cf9d1863821846f32cd08b7f9dd84710f2fa08a1,2,6,20281311,highly_constrained,0.3,2.0,20262735,capacity_greedy,1000000000000000000000000100000000000000000001000000000000001000100000000110000000000000000000000000,1,248.11565005224008,1.1455024874255168e-14,0.0072677499847486,0,0,0,,0,0,0,100,7,0.07,247.5712481998372,247.5712481998372,0.0,7.425742574257425,7.425742574257425,18.947368421052634,18.0,0.3919141914191418,1.90125,1.90125,2.0,0.950625,0,0,0,0,4089.0285991660894,40.890285991660896,7294.096601392287,708.6736936243351,70.94305604093903,181.1261872455902,0,inf,1000000000000000000000000000000000000000000001000000000000001000100000000110000000000000000000000000,0.01,248.1156500522401
06ac6393eee7a87a46f65b36cf9d1863821846f32cd08b7f9dd84710f2fa08a1,2,6,20281311,highly_constrained,0.3,2.0,20262735,lagrangian_relaxation,1000001000000000000000000000000000000000000001000000000000001000101000000110000000000000000000000000,1,248.11565005224008,0.172421065619322,0.0102292079245671,300,0,0,True,0,0,0,100,8,0.08,247.50074748911172,247.50074748911172,0.0,7.673267326732672,7.673267326732672,18.947368421052634,18.0,0.4049779977997799,1.9825,1.9825,2.0,0.99125,0,0,0,0,4077.956092555226,40.77956092555226,7240.164418217802,704.3590387815701,70.55227722529949,190.15253062167776,0,inf,0000001000000000000000000000000000000000000001000000000000001000100000000110000000000000000000000000,0.02,248.54345370002846
06ac6393eee7a87a46f65b36cf9d1863821846f32cd08b7f9dd84710f2fa08a1,2,6,20281311,highly_constrained,0.3,2.0,20262735,legacy_count_br,1000100000010100001000000000000000000000100000000000000000001000000000000100000000000001000000000000,1,248.11565005224008,1.5557567760713622,0.0018785001011565,104,1,0,True,0,0,0,100,9,0.09,251.63830641675145,251.63830641675145,0.0,7.92079207920792,7.92079207920792,18.947368421052634,18.0,0.4180418041804179,1.99875,1.99875,2.0,0.999375,0,0,0,0,4220.053642455016,42.200536424550165,7891.4666713289635,295.2650406855138,29.630147662660384,199.58412098298663,0,inf,1000100000000100001000000000000000000000100000000000000000001000000000000100000000000001000000000000,0.01,251.97572609042132
06ac6393eee7a87a46f65b36cf9d1863821846f32cd08b7f9dd84710f2fa08a1,2,6,20281311,highly_constrained,0.3,2.0,20262735,random_feasible,0000100000001100000000000000000000000010000000000000000000010000100000000101000000000000000000000000,1,248.11565005224008,1.666857714960391,0.000537791987881,0,0,0,,0,0,0,100,8,0.08,252.0455142434409,252.0455142434409,0.0,7.178217821782177,7.178217821782177,18.947368421052634,18.0,0.3788503850385037,1.8525,1.8525,2.0,0.92625,0,0,0,0,4207.141942124485,42.07141942124485,7830.376925018794,470.2632437540887,47.115627349310415,172.47952180650864,0,inf,0000100000000100000000000000000000000010000000000000000000010000100000000101000000000000000000000000,0.01,252.25138490715997
06ac6393eee7a87a46f65b36cf9d1863821846f32cd08b7f9dd84710f2fa08a1,2,6,20281311,highly_constrained,0.3,2.0,20262735,all_local,0000000000000000000000000000000000000000000000000000000000000000000000000000000000000000000000000000,1,248.11565005224008,5.426642755072087,0.0,0,0,0,,0,0,0,100,0,0.0,261.58,261.58,0.0,0.0,0.0,18.947368421052634,18.0,0.0,0.0,0.0,2.0,0.0,0,0,0,0,4431.6,44.316,8863.2,0.0,0.0,0.0,1,261.58,0000000000000000000000000000000000000000000000000000000000000000000000000000000000000000000000000000,0.0,261.58
06ac6393eee7a87a46f65b36cf9d1863821846f32cd08b7f9dd84710f2fa08a1,2,6,20281311,highly_constrained,0.3,2.0,20262735,all_offload,1111111111111111111111111111111111111111111111111111111111111111111111111111111111111111111111111111,0,248.11565005224008,0.4541708050220194,0.0,0,0,0,,0,0,0,100,100,1.0,inf,inf,0.0,99.99999999999996,99.99999999999996,18.947368421052634,18.0,5.277777777777776,27.007499999999993,27.007499999999993,2.0,13.503749999999997,1,1,1,1,inf,inf,103.06875298579952,8908.536967394783,1030.687529857995,inf,0,inf,1000101000000000000000000000000000000000000001000000000000001000000000000110000000000000000000000000,0.93,249.24251889746796
06ac6393eee7a87a46f65b36cf9d1863821846f32cd08b7f9dd84710f2fa08a1,2,6,20281311,highly_constrained,0.3,2.0,20262735,qdp_oracle,1000000000000000000000000000000000000000000001000000000000001000100000000110000000000000000000000000,1,248.11565005224008,1.1455024874255168e-14,0.4016503749880939,0,0,0,,0,0,0,100,6,0.06,248.0780355971498,248.0780355971498,0.0,6.188118811881187,6.188118811881187,18.947368421052634,18.0,0.3265951595159515,1.57625,1.57625,2.0,0.788125,0,0,0,0,4133.976326244293,41.33976326244293,7506.313225873395,521.4733380404109,52.20431223259706,141.24770267510718,1,248.1156500522401,1000000000000000000000000000000000000000000001000000000000001000100000000110000000000000000000000000,0.0,248.1156500522401
06ac6393eee7a87a46f65b36cf9d1863821846f32cd08b7f9dd84710f2fa08a1,2,7,20281408,abundant,1.0,13.0,20262736,wa_mcbr,1000100000011001001000100000000000000000001001000000000000001000100000001110000000000001000000000000,1,244.6784901591909,0.053626925995312005,0.0304482079809531,623,60,0,True,23674,49840,73514,100,15,0.15,244.75935526304977,244.75935526304977,0.0,14.6039603960396,14.6039603960396,63.15789473684211,60.0,0.2312293729372936,3.705,3.705,13.0,0.285,0,0,0,0,3945.7635262844583,39.45763526284458,6614.476726634521,849.0405592017925,85.11510896806455,95.19452642876304,1,244.809703712035,1000100000011001001000100000000000000000001001000000000000001000100000001110000000000001000000000000,0.0,244.809703712035
06ac6393eee7a87a46f65b36cf9d1863821846f32cd08b7f9dd84710f2fa08a1,2,7,20281408,abundant,1.0,13.0,20262736,wa_mcbr_swap,1000100000011001001000100000000000000000001001000000000000001000100000001110000000000001000000000000,1,244.6784901591909,0.053626925995312005,0.0435589579865336,623,60,0,True,23674,49840,73514,100,15,0.15,244.75935526304977,244.75935526304977,0.0,14.6039603960396,14.6039603960396,63.15789473684211,60.0,0.2312293729372936,3.705,3.705,13.0,0.285,0,0,0,0,3945.7635262844583,39.45763526284458,6614.476726634521,849.0405592017925,85.11510896806455,95.19452642876304,1,244.809703712035,1000100000011001001000100000000000000000001001000000000000001000100000001110000000000001000000000000,0.0,244.809703712035
06ac6393eee7a87a46f65b36cf9d1863821846f32cd08b7f9dd84710f2fa08a1,2,7,20281408,abundant,1.0,13.0,20262736,capacity_greedy,1000100000010000000000100000000000000000001001010000000000001000100000001110000000000001000000000000,1,244.6784901591909,3.4847823458342195e-14,0.0132062080083414,0,0,0,,0,0,0,100,13,0.13,244.63866076401217,244.63866076401217,0.0,13.118811881188115,13.118811881188115,63.15789473684211,60.0,0.2077145214521451,3.3474999999999997,3.3474999999999997,13.0,0.2574999999999999,0,0,0,0,3937.245460936312,39.372454609363125,6578.4559803835655,964.108013866098,96.61387565891296,85.54282738870084,1,244.67849015919097,1000100000010000000000100000000000000000001001010000000000001000100000001110000000000001000000000000,0.0,244.67849015919097
06ac6393eee7a87a46f65b36cf9d1863821846f32cd08b7f9dd84710f2fa08a1,2,7,20281408,abundant,1.0,13.0,20262736,lagrangian_relaxation,0000001000000000000000000000000000000010000001010000000000001000100000001110000000000000000000000000,1,244.6784901591909,0.8807910296317784,0.034071333007887,300,0,0,False,0,0,0,100,9,0.09,246.81791439308225,246.81791439308225,0.0,8.168316831683168,8.168316831683168,63.15789473684211,60.0,0.1293316831683168,2.1775,2.1775,13.0,0.1675,0,0,0,0,4035.868257450925,40.358682574509245,7042.4573349586835,950.4484113915744,95.25943985376236,57.13574982231698,1,246.8335963519515,0000001000000000000000000000000000000010000001010000000000001000100000001110000000000000000000000000,0.0,246.8335963519515
06ac6393eee7a87a46f65b36cf9d1863821846f32cd08b7f9dd84710f2fa08a1,2,7,20281408,abundant,1.0,13.0,20262736,legacy_count_br,1000101000011101001000101010000000000010001010000000000010111000000100001111010000000001000001000000,1,244.6784901591909,2.0372006183955174,0.0037852500099688,544,57,0,False,0,0,0,100,26,0.26,249.5237983250476,249.5237983250476,0.0,23.267326732673265,23.267326732673265,63.15789473684211,60.0,0.3683993399339933,6.09375,6.09375,13.0,0.46875,0,0,0,0,3921.4682265636343,39.21468226563634,6456.882805721905,798.3428344702779,80.10791238097721,165.81972566949702,1,249.66308187379474,1000101000011101001000101010000000000010001010000000000010111000000100001111010000000001000001000000,0.0,249.66308187379474
06ac6393eee7a87a46f65b36cf9d1863821846f32cd08b7f9dd84710f2fa08a1,2,7,20281408,abundant,1.0,13.0,20262736,random_feasible,0100111100101001101011101000101010010101000100011000111011111100101011010010011011001000000100001110,1,244.6784901591909,32.75638952857666,0.0001326249912381,0,0,0,,0,0,0,100,47,0.47,400.5368574632857,400.5368574632857,0.0,47.277227722772274,47.277227722772274,63.15789473684211,60.0,0.748556105610561,12.82125,12.82125,13.0,0.98625,0,0,0,0,3723.311689674857,37.23311689674857,4827.316191860692,3331.7358091503484,376.9402523551562,764.2575881870381,0,inf,0100111100101001101001101000101010010000000100011000110010111100101011010010011000000000000100001110,0.08,324.82632948837556
06ac6393eee7a87a46f65b36cf9d1863821846f32cd08b7f9dd84710f2fa08a1,2,7,20281408,abundant,1.0,13.0,20262736,all_local,0000000000000000000000000000000000000000000000000000000000000000000000000000000000000000000000000000,1,244.6784901591909,6.907640238344109,0.0,0,0,0,,0,0,0,100,0,0.0,261.58,261.58,0.0,0.0,0.0,63.15789473684211,60.0,0.0,0.0,0.0,13.0,0.0,0,0,0,0,4431.6,44.316,8863.2,0.0,0.0,0.0,1,261.58,0000000000000000000000000000000000000000000000000000000000000000000000000000000000000000000000000000,0.0,261.58
06ac6393eee7a87a46f65b36cf9d1863821846f32cd08b7f9dd84710f2fa08a1,2,7,20281408,abundant,1.0,13.0,20262736,all_offload,1111111111111111111111111111111111111111111111111111111111111111111111111111111111111111111111111111,0,244.6784901591909,20.35196386108475,0.0,0,0,0,,0,0,0,100,100,1.0,inf,inf,0.0,99.99999999999996,99.99999999999996,63.15789473684211,60.0,1.5833333333333328,27.007499999999993,27.007499999999993,13.0,2.0774999999999997,1,1,1,1,inf,inf,97.84106728251484,8606.50703458442,978.4106728251484,inf,0,inf,1100101010011101001101111010000011000010101011000001100010111010000111011111010000000001000001010110,0.56,294.47536805223723
06ac6393eee7a87a46f65b36cf9d1863821846f32cd08b7f9dd84710f2fa08a1,2,7,20281408,abundant,1.0,13.0,20262736,qdp_oracle,1000100000010000000000100000000000000000001001010000000000001000100000001110000000000001000000000000,1,244.6784901591909,3.4847823458342195e-14,14.775642083957791,0,0,0,,0,0,0,100,13,0.13,244.63866076401217,244.63866076401217,0.0,13.118811881188115,13.118811881188115,63.15789473684211,60.0,0.2077145214521451,3.3474999999999997,3.3474999999999997,13.0,0.2574999999999999,0,0,0,0,3937.245460936312,39.372454609363125,6578.4559803835655,964.108013866098,96.61387565891296,85.54282738870084,1,244.67849015919097,1000100000010000000000100000000000000000001001010000000000001000100000001110000000000001000000000000,0.0,244.67849015919097
06ac6393eee7a87a46f65b36cf9d1863821846f32cd08b7f9dd84710f2fa08a1,2,7,20281408,moderate,0.6,5.0,20262736,wa_mcbr,1000100000000000000000100000000000000000001001010000000000001000100000001110000000000001000000000000,1,245.5230359154899,1.1575984845750638e-14,0.0263469580095261,544,34,0,True,20672,43520,64192,100,12,0.12,245.4408290371175,245.4408290371175,0.0,12.128712871287126,12.128712871287126,37.89473684210527,36.0,0.3200632563256325,3.1037499999999993,3.1037499999999993,5.0,0.6207499999999999,0,0,0,0,3955.12866213236,39.5512866213236,6661.150082079778,956.373915688332,95.840173314801,137.681262008292,1,245.52303591548994,1000100000000000000000100000000000000000001001010000000000001000100000001110000000000001000000000000,0.0,245.52303591548994
06ac6393eee7a87a46f65b36cf9d1863821846f32cd08b7f9dd84710f2fa08a1,2,7,20281408,moderate,0.6,5.0,20262736,wa_mcbr_swap,1000100000000000000000100000000000000000001001010000000000001000100000001110000000000001000000000000,1,245.5230359154899,1.1575984845750638e-14,0.037276791059412,544,34,0,True,20672,43520,64192,100,12,0.12,245.4408290371175,245.4408290371175,0.0,12.128712871287126,12.128712871287126,37.89473684210527,36.0,0.3200632563256325,3.1037499999999993,3.1037499999999993,5.0,0.6207499999999999,0,0,0,0,3955.12866213236,39.5512866213236,6661.150082079778,956.373915688332,95.840173314801,137.681262008292,1,245.52303591548994,1000100000000000000000100000000000000000001001010000000000001000100000001110000000000001000000000000,0.0,245.52303591548994
06ac6393eee7a87a46f65b36cf9d1863821846f32cd08b7f9dd84710f2fa08a1,2,7,20281408,moderate,0.6,5.0,20262736,capacity_greedy,1000100000000000000000100000000000000000001001010000000000001000100000001110000000000001000000000000,1,245.5230359154899,1.1575984845750638e-14,0.0123672910267487,0,0,0,,0,0,0,100,12,0.12,245.4408290371175,245.4408290371175,0.0,12.128712871287126,12.128712871287126,37.89473684210527,36.0,0.3200632563256325,3.1037499999999993,3.1037499999999993,5.0,0.6207499999999999,0,0,0,0,3955.12866213236,39.5512866213236,6661.150082079778,956.373915688332,95.840173314801,137.681262008292,1,245.52303591548994,1000100000000000000000100000000000000000001001010000000000001000100000001110000000000001000000000000,0.0,245.52303591548994
06ac6393eee7a87a46f65b36cf9d1863821846f32cd08b7f9dd84710f2fa08a1,2,7,20281408,moderate,0.6,5.0,20262736,lagrangian_relaxation,0000000000000000000000000000000000000000000001010000000000000000100000000110000000000000000000000000,1,245.5230359154899,1.3122325215867,0.008400582941249,300,0,0,False,0,0,0,100,5,0.05,248.73333153615152,248.73333153615152,0.0,5.445544554455445,5.445544554455445,37.89473684210527,36.0,0.1437018701870186,1.41375,1.41375,5.0,0.28275,0,0,0,0,4131.95045632909,41.319504563290906,7495.604643478239,808.1368736549382,80.92869564793463,61.95439216316041,1,248.74486904075997,0000000000000000000000000000000000000000000001010000000000000000100000000110000000000000000000000000,0.0,248.74486904075997
06ac6393eee7a87a46f65b36cf9d1863821846f32cd08b7f9dd84710f2fa08a1,2,7,20281408,moderate,0.6,5.0,20262736,legacy_count_br,0000101000010101001000100010000000000000000011000000000000111000000100000111010000000001000001000010,1,245.5230359154899,1.5328024528296778,0.0030075419927015,395,13,0,False,0,0,0,100,21,0.21,251.744899802845,251.744899802845,0.0,18.811881188118814,18.811881188118814,37.89473684210527,36.0,0.4964246424642464,4.842500000000001,4.842500000000001,5.0,0.9685000000000002,0,0,0,0,3965.492255963603,39.65492255963603,6665.372209306863,814.1335900069562,84.39091937442672,266.4500273074823,0,inf,0000101000010001001000100010000000000000000011000000000000111000000100000111000000000001000001000000,0.03,249.28641903226443
06ac6393eee7a87a46f65b36cf9d1863821846f32cd08b7f9dd84710f2fa08a1,2,7,20281408,moderate,0.6,5.0,20262736,random_feasible,0000101000001001001000101000000010000000000000010000100010111000100001000010010000000000000000000010,1,245.5230359154899,2.192194312718514,0.0004385829670354,0,0,0,,0,0,0,100,19,0.19,253.6344929750604,253.6344929750604,0.0,17.821782178217823,17.821782178217823,37.89473684210527,36.0,0.4702970297029702,4.777500000000001,4.777500000000001,5.0,0.9555,0,0,0,0,4001.391259391357,40.01391259391357,6831.012043683913,904.9457721963464,95.37072020598868,241.96261682242988,0,inf,0000101000001001001000101000000000000000000000010000000010111000100001000010010000000000000000000000,0.03,250.90537794524312
06ac6393eee7a87a46f65b36cf9d1863821846f32cd08b7f9dd84710f2fa08a1,2,7,20281408,moderate,0.6,5.0,20262736,all_local,0000000000000000000000000000000000000000000000000000000000000000000000000000000000000000000000000000,1,245.5230359154899,6.539901245778399,0.0,0,0,0,,0,0,0,100,0,0.0,261.58,261.58,0.0,0.0,0.0,37.89473684210527,36.0,0.0,0.0,0.0,5.0,0.0,0,0,0,0,4431.6,44.316,8863.2,0.0,0.0,0.0,1,261.58,0000000000000000000000000000000000000000000000000000000000000000000000000000000000000000000000000000,0.0,261.58
06ac6393eee7a87a46f65b36cf9d1863821846f32cd08b7f9dd84710f2fa08a1,2,7,20281408,moderate,0.6,5.0,20262736,all_offload,1111111111111111111111111111111111111111111111111111111111111111111111111111111111111111111111111111,0,245.5230359154899,1.267121353228359,0.0,0,0,0,,0,0,0,100,100,1.0,inf,inf,0.0,99.99999999999996,99.99999999999996,37.89473684210527,36.0,2.638888888888888,27.007499999999993,27.007499999999993,5.0,5.401499999999999,1,1,1,1,inf,inf,97.84106728251484,8606.50703458442,978.4106728251484,inf,0,inf,1000101000011001001000100000000000000010001010000000000000011000000000001111000000000001000001000000,0.81,248.63411073066962
06ac6393eee7a87a46f65b36cf9d1863821846f32cd08b7f9dd84710f2fa08a1,2,7,20281408,moderate,0.6,5.0,20262736,qdp_oracle,1000100000000000000000100000000000000000001001010000000000001000100000001110000000000001000000000000,1,245.5230359154899,1.1575984845750638e-14,2.536636749980971,0,0,0,,0,0,0,100,12,0.12,245.4408290371175,245.4408290371175,0.0,12.128712871287126,12.128712871287126,37.89473684210527,36.0,0.3200632563256325,3.1037499999999993,3.1037499999999993,5.0,0.6207499999999999,0,0,0,0,3955.12866213236,39.5512866213236,6661.150082079778,956.373915688332,95.840173314801,137.681262008292,1,245.52303591548994,1000100000000000000000100000000000000000001001010000000000001000100000001110000000000001000000000000,0.0,245.52303591548994
06ac6393eee7a87a46f65b36cf9d1863821846f32cd08b7f9dd84710f2fa08a1,2,7,20281408,highly_constrained,0.3,2.0,20262736,wa_mcbr,0000101000000000001000000000000000000000000001000000000000001000000000000110000000000001000001000000,1,248.35737101522068,1.0269065377946207,0.0076938330894336,157,3,0,True,5966,12560,18526,100,9,0.09,250.2180318023603,250.2180318023603,0.0,7.673267326732673,7.673267326732673,18.947368421052634,18.0,0.4049779977997799,1.99875,1.99875,2.0,0.999375,0,0,0,0,4150.991250559999,41.509912505599985,7571.289344026913,542.2086427114867,54.37155854585518,190.1525306216778,0,inf,0000101000000000001000000000000000000000000001000000000000001000000000000110000000000000000000000000,0.02,250.90776909527082
06ac6393eee7a87a46f65b36cf9d1863821846f32cd08b7f9dd84710f2fa08a1,2,7,20281408,highly_constrained,0.3,2.0,20262736,wa_mcbr_swap,1000101000000000001000000000000000000000000000000000000000001000100000001110000000000000000000000000,1,248.35737101522068,0.571241448032779,0.0274272500537335,157,3,3,True,5966,12560,18526,100,9,0.09,249.3571169169914,249.3571169169914,0.0,7.673267326732673,7.673267326732673,18.947368421052634,18.0,0.4049779977997799,1.99875,1.99875,2.0,0.999375,0,0,0,0,4118.207575390148,41.18207575390148,7420.171528566825,632.9114016169215,63.5031740915581,190.1525306216778,0,inf,1000100000000000000000000000000000000000000000000000000000001000100000001110000000000000000000000000,0.02,249.77609125770417
06ac6393eee7a87a46f65b36cf9d1863821846f32cd08b7f9dd84710f2fa08a1,2,7,20281408,highly_constrained,0.3,2.0,20262736,capacity_greedy,1000000000000000000000000000000000000000000001010000000000001000100000000110000000000000000000000000,1,248.35737101522068,1.1443875941440115e-14,0.0074247500160709,0,0,0,,0,0,0,100,7,0.07,247.8424227217512,247.8424227217512,0.0,7.425742574257425,7.425742574257425,18.947368421052634,18.0,0.3919141914191418,1.90125,1.90125,2.0,0.950625,0,0,0,0,4079.4179754215415,40.79417975421541,7247.375898671125,821.4417301174999,82.27123873202267,181.1261872455902,0,inf,0000000000000000000000000000000000000000000001010000000000001000100000000110000000000000000000000000,0.01,248.3573710152207
06ac6393eee7a87a46f65b36cf9d1863821846f32cd08b7f9dd84710f2fa08a1,2,7,20281408,highly_constrained,0.3,2.0,20262736,lagrangian_relaxation,1000001000000000000000000000000000000000000001000000000000001000100000001110000000000000000000000000,1,248.35737101522068,0.25434494663059903,0.0105277909897267,300,0,0,True,0,0,0,100,8,0.08,248.2750546388851,248.2750546388851,0.0,7.425742574257425,7.425742574257425,18.947368421052634,18.0,0.3919141914191418,1.93375,1.93375,2.0,0.966875,0,0,0,0,4079.4859578207465,40.794859578207465,7243.845514195907,804.6185403476798,80.68927448824137,181.1261872455902,0,inf,0000000000000000000000000000000000000000000001000000000000001000100000001110000000000000000000000000,0.02,248.9890554379825
06ac6393eee7a87a46f65b36cf9d1863821846f32cd08b7f9dd84710f2fa08a1,2,7,20281408,highly_constrained,0.3,2.0,20262736,legacy_count_br,0000101000000000000000000000000000000000000011000000000000001000000000000110000000000001000001000000,1,248.35737101522068,0.9288015723710789,0.0013851670082658,109,1,0,False,0,0,0,100,9,0.09,250.4427817302318,250.4427817302318,0.0,7.425742574257425,7.425742574257425,18.947368421052634,18.0,0.3919141914191418,1.9662500000000005,1.9662500000000005,2.0,0.983125,0,0,0,0,4160.336377140815,41.60336377140815,7614.471905063444,522.915717289399,52.433895938203534,181.1261872455902,0,inf,0000101000000000000000000000000000000000000001000000000000001000000000000110000000000001000000000000,0.02,250.66411818230952
06ac6393eee7a87a46f65b36cf9d1863821846f32cd08b7f9dd84710f2fa08a1,2,7,20281408,highly_constrained,0.3,2.0,20262736,random_feasible,0000101000000000001000100000000000000000000000010000000000001000100000000010000000000000000000000000,1,248.35737101522068,0.996356180688867,0.0005545000312849,0,0,0,,0,0,0,100,8,0.08,250.44816302224967,250.44816302224967,0.0,7.425742574257425,7.425742574257425,18.947368421052634,18.0,0.3919141914191418,1.93375,1.93375,2.0,0.966875,0,0,0,0,4149.303846555177,41.49303846555177,7564.106346999136,631.8546321515348,63.29337489196988,181.1261872455902,0,inf,0000101000000000001000000000000000000000000000010000000000001000100000000010000000000000000000000000,0.01,250.8318950315272
06ac6393eee7a87a46f65b36cf9d1863821846f32cd08b7f9dd84710f2fa08a1,2,7,20281408,highly_constrained,0.3,2.0,20262736,all_local,0000000000000000000000000000000000000000000000000000000000000000000000000000000000000000000000000000,1,248.35737101522068,5.324033239170079,0.0,0,0,0,,0,0,0,100,0,0.0,261.58,261.58,0.0,0.0,0.0,18.947368421052634,18.0,0.0,0.0,0.0,2.0,0.0,0,0,0,0,4431.6,44.316,8863.2,0.0,0.0,0.0,1,261.58,0000000000000000000000000000000000000000000000000000000000000000000000000000000000000000000000000000,0.0,261.58
06ac6393eee7a87a46f65b36cf9d1863821846f32cd08b7f9dd84710f2fa08a1,2,7,20281408,highly_constrained,0.3,2.0,20262736,all_offload,1111111111111111111111111111111111111111111111111111111111111111111111111111111111111111111111111111,0,248.35737101522068,1.1570991635085865,0.0,0,0,0,,0,0,0,100,100,1.0,inf,inf,0.0,99.99999999999996,99.99999999999996,18.947368421052634,18.0,5.277777777777776,27.007499999999993,27.007499999999993,2.0,13.503749999999997,1,1,1,1,inf,inf,97.84106728251484,8606.50703458442,978.4106728251484,inf,0,inf,1000101000000000001000000000000000000000000000000000000000001000000000001110000000000000000000000000,0.92,251.2311120777497
06ac6393eee7a87a46f65b36cf9d1863821846f32cd08b7f9dd84710f2fa08a1,2,7,20281408,highly_constrained,0.3,2.0,20262736,qdp_oracle,0000000000000000000000000000000000000000000001010000000000001000100000000110000000000000000000000000,1,248.35737101522068,1.1443875941440115e-14,0.4486989169381559,0,0,0,,0,0,0,100,6,0.06,248.30834009109816,248.30834009109816,0.0,6.435643564356435,6.435643564356435,18.947368421052634,18.0,0.3396589658965896,1.6575,1.6575,2.0,0.82875,0,0,0,0,4103.804622859278,41.03804622859278,7362.492050380354,818.8448899852796,82.00839672584627,148.59225322782171,1,248.3573710152207,0000000000000000000000000000000000000000000001010000000000001000100000000110000000000000000000000000,0.0,248.3573710152207
06ac6393eee7a87a46f65b36cf9d1863821846f32cd08b7f9dd84710f2fa08a1,2,8,20281505,abundant,1.0,13.0,20262737,wa_mcbr,1000101000000001001000100100000000000000001001000000000000011000001000001111000000000000000000000000,1,244.02341655531765,0.026751101757465166,0.0269167909864336,543,68,0,True,20634,43440,64074,100,16,0.16,244.0333196496995,244.0333196496995,0.0,15.099009900990096,15.099009900990096,63.15789473684211,60.0,0.2390676567656765,3.8675,3.8675,13.0,0.2975,0,0,0,0,3938.598082988322,39.385980829883216,6582.065184717581,788.8358658159353,79.07404484881239,98.54432095418812,1,244.0886955077924,1000101000000001001000100100000000000000001001000000000000011000001000001111000000000000000000000000,0.0,244.0886955077924
06ac6393eee7a87a46f65b36cf9d1863821846f32cd08b7f9dd84710f2fa08a1,2,8,20281505,abundant,1.0,13.0,20262737,wa_mcbr_swap,1000101000000101001000100100000000000000001001000000000000001000001000001111000000000000000000000000,1,244.02341655531765,2.3294247602636193e-14,0.0541147909825667,543,68,1,True,20634,43440,64074,100,16,0.16,243.96804069722484,243.96804069722484,0.0,15.099009900990096,15.099009900990096,63.15789473684211,60.0,0.2390676567656765,3.8675,3.8675,13.0,0.2975,0,0,0,0,3937.7729003519776,39.377729003519775,6578.4626471907195,787.2619510444392,78.91544942002851,98.54432095418812,1,244.0234165553177,1000101000000101001000100100000000000000001001000000000000001000001000001111000000000000000000000000,0.0,244.0234165553177
06ac6393eee7a87a46f65b36cf9d1863821846f32cd08b7f9dd84710f2fa08a1,2,8,20281505,abundant,1.0,13.0,20262737,capacity_greedy,1000100000000000001000100100000000000000001001000000000000001000101000001110000000000000000000000000,1,244.02341655531765,0.5804861379210443,0.0134157909778878,0,0,0,,0,0,0,100,13,0.13,245.396565952177,245.396565952177,0.0,12.871287128712869,12.871287128712869,63.15789473684211,60.0,0.2037953795379537,3.2987499999999996,3.2987499999999996,13.0,0.25375,0,0,0,0,3929.6444930914618,39.29644493091461,6538.977677352791,1057.894446652894,105.97518098398564,83.98963730569946,1,245.4399386617026,1000100000000000001000100100000000000000001001000000000000001000101000001110000000000000000000000000,0.0,245.4399386617026
06ac6393eee7a87a46f65b36cf9d1863821846f32cd08b7f9dd84710f2fa08a1,2,8,20281505,abundant,1.0,13.0,20262737,lagrangian_relaxation,1000101000000000001000000100000000000010000001000000000000001000101000001110000000000000000000000000,1,244.02341655531765,0.8059263176875897,0.037635541986674,300,0,0,False,0,0,0,100,13,0.13,245.9536793399471,245.9536793399471,0.0,11.63366336633663,11.63366336633663,63.15789473684211,60.0,0.1841996699669966,3.0549999999999997,3.0549999999999997,13.0,0.235,0,0,0,0,3948.441682845793,39.48441682845792,6625.347185788214,1034.4511456794478,103.62967601647848,76.44753476611882,1,245.99006549065737,1000101000000000001000000100000000000010000001000000000000001000101000001110000000000000000000000000,0.0,245.99006549065737
06ac6393eee7a87a46f65b36cf9d1863821846f32cd08b7f9dd84710f2fa08a1,2,8,20281505,abundant,1.0,13.0,20262737,legacy_count_br,1000101010010101001000111100000000000010101001000000100000011000001110001111000000000001000000000000,1,244.02341655531765,2.6214987465408104,0.0036785840056836,494,69,0,False,0,0,0,100,27,0.27,250.22355407698615,250.22355407698615,0.0,25.247524752475247,25.247524752475247,63.15789473684211,60.0,0.3997524752475247,6.418750000000001,6.418750000000001,13.0,0.4937500000000001,0,0,0,0,3788.046262217429,37.88046262217429,5820.42854851118,1044.8481997291328,104.76105596963367,186.4948453608247,1,250.42048736158137,1000101010010101001000111100000000000010101001000000100000011000001110001111000000000001000000000000,0.0,250.42048736158137
06ac6393eee7a87a46f65b36cf9d1863821846f32cd08b7f9dd84710f2fa08a1,2,8,20281505,abundant,1.0,13.0,20262737,random_feasible,0010011001101111000101110110001001000100010011101111011111010100111000101100011000000000010000110100,1,244.02341655531765,42.78012228832929,4.608405288308859e-05,0,0,0,,0,0,0,100,45,0.45,534.1511116884399,534.1511116884399,0.0,47.27722772277228,47.27722772277228,63.15789473684211,60.0,0.7485561056105611,12.5775,12.5775,13.0,0.9675,0,0,0,0,3735.1094211922946,37.35109421192295,4302.052121071617,6442.6184383083955,721.1582460359298,764.2575881870386,0,inf,0010011000001101000101110110001001000000010011001111010111010100111000101100011000000000010000010100,0.07,348.4169325698417
06ac6393eee7a87a46f65b36cf9d1863821846f32cd08b7f9dd84710f2fa08a1,2,8,20281505,abundant,1.0,13.0,20262737,all_local,0000000000000000000000000000000000000000000000000000000000000000000000000000000000000000000000000000,1,244.02341655531765,7.194630618862117,0.0,0,0,0,,0,0,0,100,0,0.0,261.58,261.58,0.0,0.0,0.0,63.15789473684211,60.0,0.0,0.0,0.0,13.0,0.0,0,0,0,0,4431.6,44.316,8863.2,0.0,0.0,0.0,1,261.58,0000000000000000000000000000000000000000000000000000000000000000000000000000000000000000000000000000,0.0,261.58
06ac6393eee7a87a46f65b36cf9d1863821846f32cd08b7f9dd84710f2fa08a1,2,8,20281505,abundant,1.0,13.0,20262737,all_offload,1111111111111111111111111111111111111111111111111111111111111111111111111111111111111111111111111111,0,244.02341655531765,18.938657724038222,0.0,0,0,0,,0,0,0,100,100,1.0,inf,inf,0.0,99.99999999999996,99.99999999999996,63.15789473684211,60.0,1.5833333333333328,27.007499999999993,27.007499999999993,13.0,2.0774999999999997,1,1,1,1,inf,inf,104.74414135908935,9131.20097364553,1047.4414135908935,inf,0,inf,1100101010010101001101111110100001000010101011000001100010111010001111011111010000000001000001010001,0.56,290.2381761832333
06ac6393eee7a87a46f65b36cf9d1863821846f32cd08b7f9dd84710f2fa08a1,2,8,20281505,abundant,1.0,13.0,20262737,qdp_oracle,1000101000000101001000100100000000000000001001000000000000001000001000001111000000000000000000000000,1,244.02341655531765,2.3294247602636193e-14,11.50872966600582,0,0,0,,0,0,0,100,16,0.16,243.96804069722484,243.96804069722484,0.0,15.099009900990096,15.099009900990096,63.15789473684211,60.0,0.2390676567656765,3.8675,3.8675,13.0,0.2975,0,0,0,0,3937.7729003519776,39.377729003519775,6578.4626471907195,787.2619510444392,78.91544942002851,98.54432095418812,1,244.0234165553177,1000101000000101001000100100000000000000001001000000000000001000001000001111000000000000000000000000,0.0,244.0234165553177
06ac6393eee7a87a46f65b36cf9d1863821846f32cd08b7f9dd84710f2fa08a1,2,8,20281505,moderate,0.6,5.0,20262737,wa_mcbr,1000101000000001001000100100000000000000000001000000000000001000001000001111000000000000000000000000,1,245.2034164859589,2.3182147979599234e-14,0.0230074999853968,467,28,0,True,17746,37360,55106,100,14,0.14,245.1110266701384,245.1110266701384,0.0,12.871287128712869,12.871287128712869,37.89473684210527,36.0,0.3396589658965895,3.2987499999999996,3.2987499999999996,5.0,0.65975,0,0,0,0,3981.43854790968,39.814385479096806,6783.418321388542,725.5897403207655,72.73724203862164,148.59225322782163,1,245.20341648595897,1000101000000001001000100100000000000000000001000000000000001000001000001111000000000000000000000000,0.0,245.20341648595897
06ac6393eee7a87a46f65b36cf9d1863821846f32cd08b7f9dd84710f2fa08a1,2,8,20281505,moderate,0.6,5.0,20262737,wa_mcbr_swap,1000101000000001001000100100000000000000000001000000000000001000001000001111000000000000000000000000,1,245.2034164859589,2.3182147979599234e-14,0.0351815829053521,467,28,0,True,17746,37360,55106,100,14,0.14,245.1110266701384,245.1110266701384,0.0,12.871287128712869,12.871287128712869,37.89473684210527,36.0,0.3396589658965895,3.2987499999999996,3.2987499999999996,5.0,0.65975,0,0,0,0,3981.43854790968,39.814385479096806,6783.418321388542,725.5897403207655,72.73724203862164,148.59225322782163,1,245.20341648595897,1000101000000001001000100100000000000000000001000000000000001000001000001111000000000000000000000000,0.0,245.20341648595897
06ac6393eee7a87a46f65b36cf9d1863821846f32cd08b7f9dd84710f2fa08a1,2,8,20281505,moderate,0.6,5.0,20262737,capacity_greedy,1000001000000000001000100100000000000000000001000000000000001000101000001110000000000000000000000000,1,245.2034164859589,0.40595126957152305,0.0123775829561054,0,0,0,,0,0,0,100,12,0.12,246.1308061969412,246.1308061969412,0.0,11.386138613861384,11.386138613861384,37.89473684210527,36.0,0.3004675467546753,2.9412499999999993,2.9412499999999993,5.0,0.5882499999999998,0,0,0,0,3955.0598152361913,39.550598152361914,6657.63532184276,1027.603042174572,102.94348689662392,127.38156084136028,1,246.1988228682164,1000001000000000001000100100000000000000000001000000000000001000101000001110000000000000000000000000,0.0,246.1988228682164
06ac6393eee7a87a46f65b36cf9d1863821846f32cd08b7f9dd84710f2fa08a1,2,8,20281505,moderate,0.6,5.0,20262737,lagrangian_relaxation,1000101000000000001000100100000000000010100001000000000000001000101000001110000000000000000000000000,1,245.2034164859589,0.7899623033558195,0.0072272079996764,300,0,0,False,0,0,0,100,15,0.15,247.0115786938663,247.0115786938663,0.0,13.366336633663364,13.366336633663364,37.89473684210527,36.0,0.3527227722772276,3.49375,3.49375,5.0,0.69875,0,0,0,0,3910.7765648043983,39.10776564804399,6438.406309353936,1068.871050694764,107.08729026238026,156.23326959847032,1,247.14043104273856,1000101000000000001000100100000000000010100001000000000000001000101000001110000000000000000000000000,0.0,247.14043104273856
06ac6393eee7a87a46f65b36cf9d1863821846f32cd08b7f9dd84710f2fa08a1,2,8,20281505,moderate,0.6,5.0,20262737,legacy_count_br,1100001010010001001100100000000001000010100000000000100000011000000110001111000000000000000000000000,1,245.2034164859589,1.4683220957634975,0.0027632500277832,347,17,0,False,0,0,0,100,21,0.21,250.97379145775147,250.97379145775147,0.0,18.811881188118814,18.811881188118814,37.89473684210527,36.0,0.4964246424642464,4.761250000000001,4.761250000000001,5.0,0.9522500000000004,0,0,0,0,4000.727646606726,40.00727646606726,6834.278448573532,701.5331444413632,70.40231302533317,266.4500273074823,0,inf,1000001010010001001100100000000000000010100000000000100000011000000100001111000000000000000000000000,0.03,248.80379242978924
06ac6393eee7a87a46f65b36cf9d1863821846f32cd08b7f9dd84710f2fa08a1,2,8,20281505,moderate,0.6,5.0,20262737,random_feasible,0000001000000101000101110110000001000000000011000001000010010000001000001100010000000000000000010000,1,245.2034164859589,1.8653082040800624,0.0003045829944312,0,0,0,,0,0,0,100,20,0.2,254.4236040812583,254.4236040812583,0.0,18.811881188118814,18.811881188118814,37.89473684210527,36.0,0.4964246424642464,4.940000000000001,4.940000000000001,5.0,0.9880000000000002,0,0,0,0,3982.495681716693,39.82495681716693,6733.922252589968,958.3340585271826,96.11262949836822,266.4500273074823,0,inf,0000001000000101000101110110000001000000000001000000000000010000001000001100000000000000000000010000,0.04,249.7772159303561
06ac6393eee7a87a46f65b36cf9d1863821846f32cd08b7f9dd84710f2fa08a1,2,8,20281505,moderate,0.6,5.0,20262737,all_local,0000000000000000000000000000000000000000000000000000000000000000000000000000000000000000000000000000,1,245.2034164859589,6.6787746062987035,0.0,0,0,0,,0,0,0,100,0,0.0,261.58,261.58,0.0,0.0,0.0,37.89473684210527,36.0,0.0,0.0,0.0,5.0,0.0,0,0,0,0,4431.6,44.316,8863.2,0.0,0.0,0.0,1,261.58,0000000000000000000000000000000000000000000000000000000000000000000000000000000000000000000000000000,0.0,261.58
06ac6393eee7a87a46f65b36cf9d1863821846f32cd08b7f9dd84710f2fa08a1,2,8,20281505,moderate,0.6,5.0,20262737,all_offload,1111111111111111111111111111111111111111111111111111111111111111111111111111111111111111111111111111,0,245.2034164859589,0.9559023470694159,0.0,0,0,0,,0,0,0,100,100,1.0,inf,inf,0.0,99.99999999999996,99.99999999999996,37.89473684210527,36.0,2.638888888888888,27.007499999999993,27.007499999999993,5.0,5.401499999999999,1,1,1,1,inf,inf,104.74414135908935,9131.20097364553,1047.4414135908935,inf,0,inf,1000101000000101001000100000000000000010100000000000100000011000001000001111000000000001000000000000,0.82,247.5473216992426
06ac6393eee7a87a46f65b36cf9d1863821846f32cd08b7f9dd84710f2fa08a1,2,8,20281505,moderate,0.6,5.0,20262737,qdp_oracle,1000101000000001001000100100000000000000000001000000000000001000001000001111000000000000000000000000,1,245.2034164859589,2.3182147979599234e-14,2.2103916669730097,0,0,0,,0,0,0,100,14,0.14,245.1110266701384,245.1110266701384,0.0,12.871287128712869,12.871287128712869,37.89473684210527,36.0,0.3396589658965895,3.2987499999999996,3.2987499999999996,5.0,0.65975,0,0,0,0,3981.43854790968,39.814385479096806,6783.418321388542,725.5897403207655,72.73724203862164,148.59225322782163,1,245.20341648595897,1000101000000001001000100100000000000000000001000000000000001000001000001111000000000000000000000000,0.0,245.20341648595897
06ac6393eee7a87a46f65b36cf9d1863821846f32cd08b7f9dd84710f2fa08a1,2,8,20281505,highly_constrained,0.3,2.0,20262737,wa_mcbr,1000000000010000000000100000000000000000100000000000100000011000000000001000000000000000000000000000,1,248.76668975834193,1.8490339948321886,0.005224416963756,100,0,0,True,3800,8000,11800,100,8,0.08,253.105740218818,253.105740218818,0.0,7.425742574257425,7.425742574257425,18.947368421052634,18.0,0.3919141914191418,1.8525,1.8525,2.0,0.92625,0,0,0,0,4245.44016491073,42.454401649107304,8006.680230602895,348.89442659563906,35.02882536176823,181.1261872455902,0,inf,1000000000010000000000100000000000000000100000000000000000011000000000001000000000000000000000000000,0.01,253.3664704197924
06ac6393eee7a87a46f65b36cf9d1863821846f32cd08b7f9dd84710f2fa08a1,2,8,20281505,highly_constrained,0.3,2.0,20262737,wa_mcbr_swap,1000000000000000000000100000000000000000000001000000000000001000001000001110000000000000000000000000,1,248.76668975834193,0.03013144512208103,0.0367672089487314,100,0,4,True,3800,8000,11800,100,8,0.08,248.29193102285777,248.29193102285777,0.0,7.673267326732672,7.673267326732672,18.947368421052634,18.0,0.4049779977997799,1.93375,1.93375,2.0,0.966875,0,0,0,0,4109.144666176427,41.091446661764266,7384.083797562432,602.9307414316037,60.4746953039473,190.15253062167776,0,inf,1000000000000000000000000000000000000000000001000000000000001000001000001110000000000000000000000000,0.01,248.84164675694848
06ac6393eee7a87a46f65b36cf9d1863821846f32cd08b7f9dd84710f2fa08a1,2,8,20281505,highly_constrained,0.3,2.0,20262737,capacity_greedy,0000000000000000000000000100000000000000000001000000000000000000101000001110000000000000000000000000,1,248.76668975834193,0.1603374028754821,0.0071009580278769,0,0,0,,0,0,0,100,7,0.07,248.4383311312373,248.4383311312373,0.0,7.1782178217821775,7.1782178217821775,18.947368421052634,18.0,0.3788503850385037,1.8525,1.8525,2.0,0.92625,0,0,0,0,4064.05202114474,40.640520211447395,7171.925728446508,1034.9520702991392,103.67549235842154,172.4795218065087,0,inf,0000000000000000000000000100000000000000000001000000000000000000001000001110000000000000000000000000,0.01,249.16555580791976
06ac6393eee7a87a46f65b36cf9d1863821846f32cd08b7f9dd84710f2fa08a1,2,8,20281505,highly_constrained,0.3,2.0,20262737,lagrangian_relaxation,0000001000000000000000000100000000000000000001000000000000001000001000001110000000000000000000000000,1,248.76668975834193,0.15247869037888082,0.0104533330304548,300,0,0,True,0,0,0,100,8,0.08,248.0741990770728,248.0741990770728,0.0,7.425742574257425,7.425742574257425,18.947368421052634,18.0,0.3919141914191418,1.93375,1.93375,2.0,0.966875,0,0,0,0,4094.487156980043,40.944871569800426,7315.745223167614,679.7684352597428,68.1528959517274,181.1261872455902,0,inf,0000001000000000000000000000000000000000000001000000000000001000001000001110000000000000000000000000,0.01,249.14600594898434
06ac6393eee7a87a46f65b36cf9d1863821846f32cd08b7f9dd84710f2fa08a1,2,8,20281505,highly_constrained,0.3,2.0,20262737,legacy_count_br,1000000000010000000000100000000000000000100000000000100000011000000000001000000000000000000000000000,1,248.76668975834193,1.8490339948321886,0.0016787499189376,100,0,0,True,0,0,0,100,8,0.08,253.105740218818,253.105740218818,0.0,7.425742574257425,7.425742574257425,18.947368421052634,18.0,0.3919141914191418,1.8525,1.8525,2.0,0.92625,0,0,0,0,4245.44016491073,42.454401649107304,8006.680230602895,348.89442659563906,35.02882536176823,181.1261872455902,0,inf,1000000000010000000000100000000000000000100000000000000000011000000000001000000000000000000000000000,0.01,253.3664704197924
06ac6393eee7a87a46f65b36cf9d1863821846f32cd08b7f9dd84710f2fa08a1,2,8,20281505,highly_constrained,0.3,2.0,20262737,random_feasible,0000001000000100000000100100000000000000000001000000000000000000001000001100000000000000000000000000,1,248.76668975834193,0.3164226741090847,0.0004771660314872,0,0,0,,0,0,0,100,8,0.08,249.2613298679071,249.2613298679071,0.0,7.425742574257425,7.425742574257425,18.947368421052634,18.0,0.3919141914191418,1.93375,1.93375,2.0,0.966875,0,0,0,0,4124.555272992105,41.24555272992104,7452.511837724574,638.2829367674923,63.97971557180962,181.1261872455902,0,inf,0000001000000000000000100100000000000000000001000000000000000000001000001100000000000000000000000000,0.01,249.55384397036792
06ac6393eee7a87a46f65b36cf9d1863821846f32cd08b7f9dd84710f2fa08a1,2,8,20281505,highly_constrained,0.3,2.0,20262737,all_local,0000000000000000000000000000000000000000000000000000000000000000000000000000000000000000000000000000,1,248.76668975834193,5.150733908187315,0.0,0,0,0,,0,0,0,100,0,0.0,261.58,261.58,0.0,0.0,0.0,18.947368421052634,18.0,0.0,0.0,0.0,2.0,0.0,0,0,0,0,4431.6,44.316,8863.2,0.0,0.0,0.0,1,261.58,0000000000000000000000000000000000000000000000000000000000000000000000000000000000000000000000000000,0.0,261.58
06ac6393eee7a87a46f65b36cf9d1863821846f32cd08b7f9dd84710f2fa08a1,2,8,20281505,highly_constrained,0.3,2.0,20262737,all_offload,1111111111111111111111111111111111111111111111111111111111111111111111111111111111111111111111111111,0,248.76668975834193,0.6003493911735835,0.0,0,0,0,,0,0,0,100,100,1.0,inf,inf,0.0,99.99999999999996,99.99999999999996,18.947368421052634,18.0,5.277777777777776,27.007499999999993,27.007499999999993,2.0,13.503749999999997,1,1,1,1,inf,inf,104.74414135908935,9131.20097364553,1047.4414135908935,inf,0,inf,0000101000000000001000000000000000000000000000000000000000001000001000001110000000000000000000000000,0.92,250.2601590657488
06ac6393eee7a87a46f65b36cf9d1863821846f32cd08b7f9dd84710f2fa08a1,2,8,20281505,highly_constrained,0.3,2.0,20262737,qdp_oracle,0000000000000000001000000100000000000000000001000000000000000000001000001110000000000000000000000000,1,248.76668975834193,1.1425046278508411e-14,0.4099677089834586,0,0,0,,0,0,0,100,7,0.07,248.69499224905547,248.69499224905547,0.0,6.683168316831683,6.683168316831683,18.947368421052634,18.0,0.3527227722772276,1.7225,1.7225,2.0,0.86125,0,0,0,0,4122.829187276565,41.22829187276565,7448.854716433436,647.93634133931,64.9594904908164,156.23326959847032,1,248.76668975834195,0000000000000000001000000100000000000000000001000000000000000000001000001110000000000000000000000000,0.0,248.76668975834195
06ac6393eee7a87a46f65b36cf9d1863821846f32cd08b7f9dd84710f2fa08a1,2,9,20281602,abundant,1.0,13.0,20262738,wa_mcbr,1000100000011000000000100100000000000000001001100000000000001000001000001111000000000000000000010000,1,241.8950881394658,1.1749601717426082e-14,0.043906916049309,883,66,0,True,33554,70640,104194,100,16,0.16,241.83619161944452,241.83619161944452,0.0,16.089108910891085,16.089108910891085,63.15789473684211,60.0,0.2547442244224421,4.078749999999999,4.078749999999999,13.0,0.31375,0,0,0,0,3901.4421840830255,39.01442184083025,6416.4182914350995,759.6812048846281,76.14321469370228,105.4553003044561,1,241.89508813946583,1000100000011000000000100100000000000000001001100000000000001000001000001111000000000000000000010000,0.0,241.89508813946583
06ac6393eee7a87a46f65b36cf9d1863821846f32cd08b7f9dd84710f2fa08a1,2,9,20281602,abundant,1.0,13.0,20262738,wa_mcbr_swap,1000100000011000000000100100000000000000001001100000000000001000001000001111000000000000000000010000,1,241.8950881394658,1.1749601717426082e-14,0.0579460830194875,883,66,0,True,33554,70640,104194,100,16,0.16,241.83619161944452,241.83619161944452,0.0,16.089108910891085,16.089108910891085,63.15789473684211,60.0,0.2547442244224421,4.078749999999999,4.078749999999999,13.0,0.31375,0,0,0,0,3901.4421840830255,39.01442184083025,6416.4182914350995,759.6812048846281,76.14321469370228,105.4553003044561,1,241.89508813946583,1000100000011000000000100100000000000000001001100000000000001000001000001111000000000000000000010000,0.0,241.89508813946583
06ac6393eee7a87a46f65b36cf9d1863821846f32cd08b7f9dd84710f2fa08a1,2,9,20281602,abundant,1.0,13.0,20262738,capacity_greedy,1000100000000000000000100100000000000000001001100000000000001000101000001111000000000000000000000000,1,241.8950881394658,0.5376010452115482,0.0140270419651642,0,0,0,,0,0,0,100,14,0.14,243.14449807104407,243.14449807104407,0.0,14.356435643564351,14.356435643564351,63.15789473684211,60.0,0.2273102310231022,3.672499999999999,3.672499999999999,13.0,0.2825,0,0,0,0,3876.8721541731143,38.768721541731146,6297.8387210361925,1025.8944690048097,102.76578829946936,93.54511478910835,1,243.19551866161896,1000100000000000000000100100000000000000001001100000000000001000101000001111000000000000000000000000,0.0,243.19551866161896
06ac6393eee7a87a46f65b36cf9d1863821846f32cd08b7f9dd84710f2fa08a1,2,9,20281602,abundant,1.0,13.0,20262738,lagrangian_relaxation,1000100000000000000000100100000000000010100001100000000000001000101000001110000000000000000000000000,1,241.8950881394658,0.7896483263366807,0.0379989999346435,300,0,0,False,0,0,0,100,14,0.14,243.75711015608945,243.75711015608945,0.0,13.366336633663362,13.366336633663362,63.15789473684211,60.0,0.2116336633663365,3.4612499999999993,3.4612499999999993,13.0,0.2662499999999999,0,0,0,0,3888.884128877829,38.88884128877829,6351.8490530994795,1033.1834598762844,103.5037928199286,87.11145996860279,1,243.80520865444973,1000100000000000000000100100000000000010100001100000000000001000101000001110000000000000000000000000,0.0,243.80520865444973
06ac6393eee7a87a46f65b36cf9d1863821846f32cd08b7f9dd84710f2fa08a1,2,9,20281602,abundant,1.0,13.0,20262738,legacy_count_br,1100100000011000000100100100100000000010101001000000100010001000001111001111010000000000000000010000,1,241.8950881394658,1.8034425202475044,0.0034636249765753,494,54,0,False,0,0,0,100,26,0.26,246.08565442947568,246.08565442947568,0.0,25.0,25.0,63.15789473684211,60.0,0.3958333333333333,6.467500000000001,6.467500000000001,13.0,0.4975000000000001,0,0,0,0,3812.39470129475,38.123947012947504,5956.647798687454,862.1569463498166,86.4537956713299,183.79310344827584,1,246.2575270133631,1100100000011000000100100100100000000010101001000000100010001000001111001111010000000000000000010000,0.0,246.2575270133631
06ac6393eee7a87a46f65b36cf9d1863821846f32cd08b7f9dd84710f2fa08a1,2,9,20281602,abundant,1.0,13.0,20262738,random_feasible,1000100001111000001101011011010101000001111011001001110000101001111111000010010100111001001110100101,1,241.8950881394658,31.669674725570676,0.0001443339278921,0,0,0,,0,0,0,100,48,0.48,414.06800037318584,414.06800037318584,0.0,48.26732673267327,48.26732673267327,63.15789473684211,60.0,0.7642326732673267,12.772499999999996,12.772499999999996,13.0,0.9824999999999998,0,0,0,0,3671.492037900475,36.714920379004745,4508.082632505061,3584.0500021916596,393.3881771887934,830.3674540682413,0,inf,1000100001011000001101011010010001000001101011001001100000101000111111000010010000111001001010100101,0.08,318.5024757303671
06ac6393eee7a87a46f65b36cf9d1863821846f32cd08b7f9dd84710f2fa08a1,2,9,20281602,abundant,1.0,13.0,20262738,all_local,0000000000000000000000000000000000000000000000000000000000000000000000000000000000000000000000000000,1,241.8950881394658,8.137788994369638,0.0,0,0,0,,0,0,0,100,0,0.0,261.58,261.58,0.0,0.0,0.0,63.15789473684211,60.0,0.0,0.0,0.0,13.0,0.0,0,0,0,0,4431.6,44.316,8863.2,0.0,0.0,0.0,1,261.58,0000000000000000000000000000000000000000000000000000000000000000000000000000000000000000000000000000,0.0,261.58
06ac6393eee7a87a46f65b36cf9d1863821846f32cd08b7f9dd84710f2fa08a1,2,9,20281602,abundant,1.0,13.0,20262738,all_offload,1111111111111111111111111111111111111111111111111111111111111111111111111111111111111111111111111111,0,241.8950881394658,17.357285470655345,0.0,0,0,0,,0,0,0,100,100,1.0,inf,inf,0.0,99.99999999999996,99.99999999999996,63.15789473684211,60.0,1.5833333333333328,27.007499999999993,27.007499999999993,13.0,2.0774999999999997,1,1,1,1,inf,inf,100.12622963595314,8632.689472103253,1001.2622963595314,inf,0,inf,1110100000011100001101111110100000100010101011000001100010101010001111011111010001000001000001010100,0.57,283.88150912732624
06ac6393eee7a87a46f65b36cf9d1863821846f32cd08b7f9dd84710f2fa08a1,2,9,20281602,abundant,1.0,13.0,20262738,qdp_oracle,1000100000011000000000100100000000000000001001100000000000001000001000001111000000000000000000010000,1,241.8950881394658,1.1749601717426082e-14,20.744864832959134,0,0,0,,0,0,0,100,16,0.16,241.83619161944452,241.83619161944452,0.0,16.089108910891085,16.089108910891085,63.15789473684211,60.0,0.2547442244224421,4.078749999999999,4.078749999999999,13.0,0.31375,0,0,0,0,3901.4421840830255,39.01442184083025,6416.4182914350995,759.6812048846281,76.14321469370228,105.4553003044561,1,241.89508813946583,1000100000011000000000100100000000000000001001100000000000001000001000001111000000000000000000010000,0.0,241.89508813946583
06ac6393eee7a87a46f65b36cf9d1863821846f32cd08b7f9dd84710f2fa08a1,2,9,20281602,moderate,0.6,5.0,20262738,wa_mcbr,1000100000001000000000100100000000000000001001100000000000001000001000001111000000000000000000000000,1,243.2665122478816,0.0061921220816602614,0.023117083008401,438,24,0,True,16644,35040,51684,100,14,0.14,243.164023289338,243.164023289338,0.0,14.108910891089105,14.108910891089105,37.89473684210527,36.0,0.3723184818481846,3.5912499999999996,3.5912499999999996,5.0,0.7182499999999999,0,0,0,0,3936.932278562897,39.36932278562897,6581.819969177523,726.8715944531906,72.85494125162226,168.29116003943466,1,243.28157560730378,1000100000001000000000100100000000000000001001100000000000001000001000001111000000000000000000000000,0.0,243.28157560730378
06ac6393eee7a87a46f65b36cf9d1863821846f32cd08b7f9dd84710f2fa08a1,2,9,20281602,moderate,0.6,5.0,20262738,wa_mcbr_swap,1000100000010000000000100100000000000000001001100000000000001000001000001111000000000000000000000000,1,243.2665122478816,2.3366725792034296e-14,0.0472656249767169,438,24,1,True,16644,35040,51684,100,14,0.14,243.1489599299159,243.1489599299159,0.0,14.108910891089105,14.108910891089105,37.89473684210527,36.0,0.3723184818481846,3.5912499999999996,3.5912499999999996,5.0,0.7182499999999999,0,0,0,0,3934.637005188178,39.346370051881784,6571.030483843109,734.352067687615,73.60598879357794,168.29116003943466,1,243.26651224788165,1000100000010000000000100100000000000000001001100000000000001000001000001111000000000000000000000000,0.0,243.26651224788165
06ac6393eee7a87a46f65b36cf9d1863821846f32cd08b7f9dd84710f2fa08a1,2,9,20281602,moderate,0.6,5.0,20262738,capacity_greedy,1000000000000000000000100100000000000000001001100000000000001000101000001110000000000000000000000000,1,243.2665122478816,0.3708957474778656,0.0123361670412123,0,0,0,,0,0,0,100,12,0.12,244.08237170327973,244.08237170327973,0.0,12.623762376237622,12.623762376237622,37.89473684210527,36.0,0.3331270627062705,3.2337499999999997,3.2337499999999997,5.0,0.6467499999999999,0,0,0,0,3910.451634725507,39.10451634725507,6456.033450057713,1026.0855517982484,102.78750480936672,144.88400866068662,1,244.1687773968467,1000000000000000000000100100000000000000001001100000000000001000101000001110000000000000000000000000,0.0,244.1687773968467
06ac6393eee7a87a46f65b36cf9d1863821846f32cd08b7f9dd84710f2fa08a1,2,9,20281602,moderate,0.6,5.0,20262738,lagrangian_relaxation,1000100000010000000000100100000000000010100001100000000000001000101000001110000000000000000000000000,1,243.2665122478816,0.7568268950362588,0.0077520000049844,300,0,0,False,0,0,0,100,15,0.15,244.96490759812585,244.96490759812585,0.0,14.356435643564351,14.356435643564351,37.89473684210527,36.0,0.3788503850385037,3.705,3.705,5.0,0.7409999999999999,0,0,0,0,3873.0108494192823,38.73010849419283,6269.165177294986,1041.5771061456833,104.34515299914048,172.47952180650864,1,245.10761863919024,1000100000010000000000100100000000000010100001100000000000001000101000001110000000000000000000000000,0.0,245.10761863919024
06ac6393eee7a87a46f65b36cf9d1863821846f32cd08b7f9dd84710f2fa08a1,2,9,20281602,moderate,0.6,5.0,20262738,legacy_count_br,1100000000011000000100001100100000000010100001100000100000101000000110000100000001000000000000010000,1,243.2665122478816,1.9467043931244659,0.0015005830209702,170,6,0,False,0,0,0,100,20,0.2,251.2510840517896,251.2510840517896,0.0,19.306930693069308,19.306930693069308,37.89473684210527,36.0,0.5094884488448844,4.940000000000001,4.940000000000001,5.0,0.9880000000000002,0,0,0,0,3965.485425406966,39.65485425406966,6668.866330283119,814.5992770766336,83.31651415590115,279.6719932716568,0,inf,1100000000011000000100000100000000000010100001100000100000001000000100000100000001000000000000010000,0.04,248.00219212881177
06ac6393eee7a87a46f65b36cf9d1863821846f32cd08b7f9dd84710f2fa08a1,2,9,20281602,moderate,0.6,5.0,20262738,random_feasible,1000100000011000000100001000000000000000101001000000100000101000001111000010010000000000000000000100,1,243.2665122478816,1.7892192295268496,0.0004567500436678,0,0,0,,0,0,0,100,19,0.19,249.82696983488145,249.82696983488145,0.0,19.059405940594058,19.059405940594058,37.89473684210527,36.0,0.5029565456545654,4.777500000000001,4.777500000000001,5.0,0.9555,0,0,0,0,4001.82914607356,40.0182914607356,6848.507828508881,686.4546087451918,68.83307941475098,272.9741319684603,0,inf,1000100000011000000100000000000000000000101001000000100000001000001111000010010000000000000000000000,0.03,247.61908346401998
06ac6393eee7a87a46f65b36cf9d1863821846f32cd08b7f9dd84710f2fa08a1,2,9,20281602,moderate,0.6,5.0,20262738,all_local,0000000000000000000000000000000000000000000000000000000000000000000000000000000000000000000000000000,1,243.2665122478816,7.528158143467553,0.0,0,0,0,,0,0,0,100,0,0.0,261.58,261.58,0.0,0.0,0.0,37.89473684210527,36.0,0.0,0.0,0.0,5.0,0.0,0,0,0,0,4431.6,44.316,8863.2,0.0,0.0,0.0,1,261.58,0000000000000000000000000000000000000000000000000000000000000000000000000000000000000000000000000000,0.0,261.58
06ac6393eee7a87a46f65b36cf9d1863821846f32cd08b7f9dd84710f2fa08a1,2,9,20281602,moderate,0.6,5.0,20262738,all_offload,1111111111111111111111111111111111111111111111111111111111111111111111111111111111111111111111111111,0,243.2665122478816,0.24413617687484473,0.0,0,0,0,,0,0,0,100,100,1.0,inf,inf,0.0,99.99999999999996,99.99999999999996,37.89473684210527,36.0,2.638888888888888,27.007499999999993,27.007499999999993,5.0,5.401499999999999,1,1,1,1,inf,inf,100.12622963595314,8632.689472103253,1001.2622963595314,inf,0,inf,1000100000011000000000100100000000000010101001000000000000001000001000001111000000000000000000010000,0.83,243.86041381050035
06ac6393eee7a87a46f65b36cf9d1863821846f32cd08b7f9dd84710f2fa08a1,2,9,20281602,moderate,0.6,5.0,20262738,qdp_oracle,1000100000010000000000100100000000000000001001100000000000001000001000001111000000000000000000000000,1,243.2665122478816,2.3366725792034296e-14,3.184104499989189,0,0,0,,0,0,0,100,14,0.14,243.1489599299159,243.1489599299159,0.0,14.108910891089105,14.108910891089105,37.89473684210527,36.0,0.3723184818481846,3.5912499999999996,3.5912499999999996,5.0,0.7182499999999999,0,0,0,0,3934.637005188178,39.346370051881784,6571.030483843109,734.352067687615,73.60598879357794,168.29116003943466,1,243.26651224788165,1000100000010000000000100100000000000000001001100000000000001000001000001111000000000000000000000000,0.0,243.26651224788165
06ac6393eee7a87a46f65b36cf9d1863821846f32cd08b7f9dd84710f2fa08a1,2,9,20281602,highly_constrained,0.3,2.0,20262738,wa_mcbr,1000000000000000000000000100000000000010100001100000000000001000000000000000000000000000000000000000,1,247.70299434011963,1.0727574272472689,0.005353125045076,100,0,0,True,3800,8000,11800,100,7,0.07,250.0986290468044,250.0986290468044,0.0,6.930693069306931,6.930693069306931,18.947368421052634,18.0,0.3657865786578657,1.82,1.82,2.0,0.91,0,0,0,0,4173.636064834318,41.73636064834318,7682.729186975539,469.53447577361055,47.02671079125442,164.1890719861231,0,inf,1000000000000000000000000100000000000000100001100000000000001000000000000000000000000000000000000000,0.01,250.36024660941715
06ac6393eee7a87a46f65b36cf9d1863821846f32cd08b7f9dd84710f2fa08a1,2,9,20281602,highly_constrained,0.3,2.0,20262738,wa_mcbr_swap,0000000000000000000000000100000000000000000001100000000000000000001000001110000000000000000000000000,1,247.70299434011963,0.19991960243656534,0.0371641251258552,100,0,4,True,3800,8000,11800,100,7,0.07,246.79850474031187,246.79850474031187,0.0,7.1782178217821775,7.1782178217821775,18.947368421052634,18.0,0.3788503850385037,1.8525,1.8525,2.0,0.92625,0,0,0,0,4085.972824557907,40.85972824557908,7283.237682827007,623.638272180259,62.52611814386844,172.4795218065087,0,inf,0000000000000000000000000100000000000000000001000000000000000000001000001110000000000000000000000000,0.01,248.19820118162787
06ac6393eee7a87a46f65b36cf9d1863821846f32cd08b7f9dd84710f2fa08a1,2,9,20281602,highly_constrained,0.3,2.0,20262738,capacity_greedy,0000000000000000000000000100000000000000000001100000000000000000101000001010000000000000000000000000,1,247.70299434011963,0.09784719698566617,0.0067979170707985,0,0,0,,0,0,0,100,7,0.07,247.0826029819016,247.0826029819016,0.0,7.673267326732673,7.673267326732673,18.947368421052634,18.0,0.4049779977997799,1.9825,1.9825,2.0,0.99125,0,0,0,0,4055.859383749435,40.55859383749435,7139.413475450002,875.4737192975894,87.63935000023537,190.1525306216778,0,inf,0000000000000000000000000100000000000000000001100000000000000000001000001010000000000000000000000000,0.01,247.945364776931
06ac6393eee7a87a46f65b36cf9d1863821846f32cd08b7f9dd84710f2fa08a1,2,9,20281602,highly_constrained,0.3,2.0,20262738,lagrangian_relaxation,0000000000000000000000000100000000000000000001100000000000000000001000001110000000000000000000000000,1,247.70299434011963,0.19991960243656534,0.0093422500649467,300,0,0,True,0,0,0,100,7,0.07,246.79850474031187,246.79850474031187,0.0,7.1782178217821775,7.1782178217821775,18.947368421052634,18.0,0.3788503850385037,1.8525,1.8525,2.0,0.92625,0,0,0,0,4085.972824557907,40.85972824557908,7283.237682827007,623.638272180259,62.52611814386844,172.4795218065087,0,inf,0000000000000000000000000100000000000000000001000000000000000000001000001110000000000000000000000000,0.01,248.19820118162787
06ac6393eee7a87a46f65b36cf9d1863821846f32cd08b7f9dd84710f2fa08a1,2,9,20281602,highly_constrained,0.3,2.0,20262738,legacy_count_br,1000000000000000000000000100000000000010100011100000000000001000000000000000000000000000000000000000,1,247.70299434011963,1.0727574272472689,0.0016017919406294,123,1,0,False,0,0,0,100,8,0.08,250.37329631287508,250.37329631287508,0.0,7.425742574257425,7.425742574257425,18.947368421052634,18.0,0.3919141914191418,1.9825,1.9825,2.0,0.99125,0,0,0,0,4166.709726192449,41.66709726192449,7646.806785693533,507.5895868105942,50.84821169169921,181.1261872455902,0,inf,1000000000000000000000000100000000000000100001100000000000001000000000000000000000000000000000000000,0.02,250.36024660941715
06ac6393eee7a87a46f65b36cf9d1863821846f32cd08b7f9dd84710f2fa08a1,2,9,20281602,highly_constrained,0.3,2.0,20262738,random_feasible,1000100000010000000000000000000000000000100001000000000000001000001000000010000000000000000000000000,1,247.70299434011963,0.9325700975553629,0.0005901249824091,0,0,0,,0,0,0,100,8,0.08,249.578703981771,249.578703981771,0.0,7.673267326732672,7.673267326732672,18.947368421052634,18.0,0.4049779977997799,1.93375,1.93375,2.0,0.966875,0,0,0,0,4165.1540088152005,41.651540088152,7643.124217890337,404.09857127834493,40.52723629210397,190.15253062167776,0,inf,1000100000000000000000000000000000000000100001000000000000001000001000000010000000000000000000000000,0.01,250.01299839608484
06ac6393eee7a87a46f65b36cf9d1863821846f32cd08b7f9dd84710f2fa08a1,2,9,20281602,highly_constrained,0.3,2.0,20262738,all_local,0000000000000000000000000000000000000000000000000000000000000000000000000000000000000000000000000000,1,247.70299434011963,5.602276103625099,0.0,0,0,0,,0,0,0,100,0,0.0,261.58,261.58,0.0,0.0,0.0,18.947368421052634,18.0,0.0,0.0,0.0,2.0,0.0,0,0,0,0,4431.6,44.316,8863.2,0.0,0.0,0.0,1,261.58,0000000000000000000000000000000000000000000000000000000000000000000000000000000000000000000000000000,0.0,261.58
06ac6393eee7a87a46f65b36cf9d1863821846f32cd08b7f9dd84710f2fa08a1,2,9,20281602,highly_constrained,0.3,2.0,20262738,all_offload,1111111111111111111111111111111111111111111111111111111111111111111111111111111111111111111111111111,0,247.70299434011963,1.1474108137497245e-14,0.0,0,0,0,,0,0,0,100,100,1.0,inf,inf,0.0,99.99999999999996,99.99999999999996,18.947368421052634,18.0,5.277777777777776,27.007499999999993,27.007499999999993,2.0,13.503749999999997,1,1,1,1,inf,inf,100.12622963595314,8632.689472103253,1001.2622963595314,inf,0,inf,0000100000000000000000000100000000000000000001000000000000000000001000001110000000000000000000000000,0.93,247.70299434011966
06ac6393eee7a87a46f65b36cf9d1863821846f32cd08b7f9dd84710f2fa08a1,2,9,20281602,highly_constrained,0.3,2.0,20262738,qdp_oracle,0000100000000000000000000100000000000000000001000000000000000000001000001110000000000000000000000000,1,247.70299434011963,1.1474108137497245e-14,0.4583904159953818,0,0,0,,0,0,0,100,7,0.07,247.6312968308332,247.6312968308332,0.0,6.683168316831683,6.683168316831683,18.947368421052634,18.0,0.3527227722772276,1.7225,1.7225,2.0,0.86125,0,0,0,0,4121.005486802962,41.21005486802962,7445.152347397152,501.69341653889,50.33534245022122,156.23326959847032,1,247.70299434011966,0000100000000000000000000100000000000000000001000000000000000000001000001110000000000000000000000000,0.0,247.70299434011966
06ac6393eee7a87a46f65b36cf9d1863821846f32cd08b7f9dd84710f2fa08a1,3,0,20290729,abundant,1.0,13.0,20263729,wa_mcbr,0000100101000001001100001001000000000000010100000110000000011000000000000010010000000000010000010000,1,232.47232254768403,0.01069886559258351,0.0606775409542024,1240,72,0,True,47120,99200,146320,100,18,0.18,232.3777007362777,232.3777007362777,0.0,15.254237288135592,15.254237288135592,63.15789473684211,60.0,0.2415254237288135,4.14375,4.14375,13.0,0.31875,0,0,0,0,4158.847413300787,41.588474133007864,7211.778775455064,480.80291149619217,54.37641417023126,99.60893854748603,1,232.49719444901336,0000100101000001001100001001000000000000010100000110000000011000000000000010010000000000010000010000,0.0,232.49719444901336
06ac6393eee7a87a46f65b36cf9d1863821846f32cd08b7f9dd84710f2fa08a1,3,0,20290729,abundant,1.0,13.0,20263729,wa_mcbr_swap,0000100001000001001100001001000000000000010100000110000000011000000000000011010000000000010000010000,1,232.47232254768403,1.2225846551937051e-14,0.0911432489519938,1240,72,1,True,47120,99200,146320,100,18,0.18,232.35282883494835,232.35282883494835,0.0,15.254237288135592,15.254237288135592,63.15789473684211,60.0,0.2415254237288135,4.14375,4.14375,13.0,0.31875,0,0,0,0,4156.531456531168,41.56531456531168,7200.98721493358,485.4719798507153,54.84527408768583,99.60893854748603,1,232.47232254768406,0000100001000001001100001001000000000000010100000110000000011000000000000011010000000000010000010000,0.0,232.47232254768406
06ac6393eee7a87a46f65b36cf9d1863821846f32cd08b7f9dd84710f2fa08a1,3,0,20290729,abundant,1.0,13.0,20263729,capacity_greedy,0000100001000001001100000001000000000000010000000110000000011000000100000010010000000000010000010000,1,232.47232254768403,1.0155093046168842,0.0159691249718889,0,0,0,,0,0,0,100,16,0.16,234.73463012033392,234.73463012033392,0.0,13.559322033898304,13.559322033898304,63.15789473684211,60.0,0.2146892655367231,3.7375,3.7375,13.0,0.2875,0,0,0,0,4138.308908959459,41.383089089594584,7107.672864428317,730.9614862251652,79.55402676981963,88.34532374100719,1,234.83310061381474,0000100001000001001100000001000000000000010000000110000000011000000100000010010000000000010000010000,0.0,234.83310061381474
06ac6393eee7a87a46f65b36cf9d1863821846f32cd08b7f9dd84710f2fa08a1,3,0,20290729,abundant,1.0,13.0,20263729,lagrangian_relaxation,0000100000000000001100000001000000000000000000000101000001011000000100000000000000001000000000010000,1,232.47232254768403,1.758729098708551,0.0375000000931322,300,0,0,False,0,0,0,100,12,0.12,236.5231881061713,236.5231881061713,0.0,8.716707021791768,8.716707021791768,63.15789473684211,60.0,0.1380145278450363,2.535,2.535,13.0,0.195,0,0,0,0,4211.145408362203,42.11145408362203,7449.405335804422,768.7559402959529,83.77798370179119,60.028089887640455,1,236.56088093077375,0000100000000000001100000001000000000000000000000101000001011000000100000000000000001000000000010000,0.0,236.56088093077375
06ac6393eee7a87a46f65b36cf9d1863821846f32cd08b7f9dd84710f2fa08a1,3,0,20290729,abundant,1.0,13.0,20263729,legacy_count_br,0000100101100001001100001111000000000000010100000110000101011000010000100011010000001000011000010000,1,232.47232254768403,4.621486822772937,0.004453666973859,564,54,0,False,0,0,0,100,28,0.28,242.85069694462447,242.85069694462447,0.0,23.97094430992736,23.97094430992736,63.15789473684211,60.0,0.3795399515738498,6.581250000000001,6.581250000000001,13.0,0.5062500000000001,0,0,0,0,4016.976359531856,40.16976359531856,6486.664671950152,904.8002968694308,109.45256964827452,172.92682926829264,1,243.21600030081945,0000100101100001001100001111000000000000010100000110000101011000010000100011010000001000011000010000,0.0,243.21600030081945
06ac6393eee7a87a46f65b36cf9d1863821846f32cd08b7f9dd84710f2fa08a1,3,0,20290729,abundant,1.0,13.0,20263729,random_feasible,1001101110010110010101111101110010100000100110111010001111001001100101100100000011000010010110111001,1,232.47232254768403,37.89135801277988,0.0001414580037817,0,0,0,,0,0,0,100,49,0.49,415.9745261491008,415.9745261491008,0.0,46.973365617433416,46.973365617433416,63.15789473684211,60.0,0.7437449556093624,12.95125,12.95125,13.0,0.99625,0,0,0,0,3924.459813099418,39.244598130994184,5265.633712037273,3598.4872671743738,417.0145313729132,745.5905511811023,0,inf,1000101110010100000101111001100000100000100110111010001111001001100001100100000011000010010110111001,0.07,320.5592425648514
06ac6393eee7a87a46f65b36cf9d1863821846f32cd08b7f9dd84710f2fa08a1,3,0,20290729,abundant,1.0,13.0,20263729,all_local,0000000000000000000000000000000000000000000000000000000000000000000000000000000000000000000000000000,1,232.47232254768403,6.812324231913011,0.0,0,0,0,,0,0,0,100,0,0.0,248.30909090909088,248.30909090909088,0.0,0.0,0.0,63.15789473684211,60.0,0.0,0.0,0.0,13.0,0.0,0,0,0,0,4582.8,45.828,9165.6,0.0,0.0,0.0,1,248.30909090909088,0000000000000000000000000000000000000000000000000000000000000000000000000000000000000000000000000000,0.0,248.30909090909088
06ac6393eee7a87a46f65b36cf9d1863821846f32cd08b7f9dd84710f2fa08a1,3,0,20290729,abundant,1.0,13.0,20263729,all_offload,1111111111111111111111111111111111111111111111111111111111111111111111111111111111111111111111111111,0,232.47232254768403,17.099233937805593,0.0,0,0,0,,0,0,0,100,100,1.0,inf,inf,0.0,100.0,100.0,63.15789473684211,60.0,1.5833333333333333,26.909999999999993,26.909999999999993,13.0,2.0699999999999994,1,1,1,1,inf,inf,124.70771238137628,9563.177724372772,1247.077123813763,inf,0,inf,0000101101100101001100111011000000100001011100001111000111011000010010100011010001011001111001010011,0.55,272.2233088207625
06ac6393eee7a87a46f65b36cf9d1863821846f32cd08b7f9dd84710f2fa08a1,3,0,20290729,abundant,1.0,13.0,20263729,qdp_oracle,0000100001000001001100001001000000000000010100000110000000011000000000000011010000000000010000010000,1,232.47232254768403,1.2225846551937051e-14,8.063676208024845,0,0,0,,0,0,0,100,18,0.18,232.35282883494835,232.35282883494835,0.0,15.254237288135592,15.254237288135592,63.15789473684211,60.0,0.2415254237288135,4.14375,4.14375,13.0,0.31875,0,0,0,0,4156.531456531168,41.56531456531168,7200.98721493358,485.4719798507153,54.84527408768583,99.60893854748603,1,232.47232254768406,0000100001000001001100001001000000000000010100000110000000011000000000000011010000000000010000010000,0.0,232.47232254768406
06ac6393eee7a87a46f65b36cf9d1863821846f32cd08b7f9dd84710f2fa08a1,3,0,20290729,moderate,0.6,5.0,20263729,wa_mcbr,0000100001000001001100000001000000000000010000000110000000011000000000000010010000000000010000010000,1,233.7263341139576,1.2160251234910687e-14,0.0224359589628875,444,16,0,True,16872,35520,52392,100,15,0.15,233.5345641873464,233.5345641873464,0.0,12.348668280871667,12.348668280871667,37.89473684210527,36.0,0.325867635189669,3.4124999999999996,3.4124999999999996,5.0,0.6824999999999999,0,0,0,0,4199.353085546843,41.993530855468435,7402.342151886931,429.358651341997,49.476792462117075,140.84705178090388,1,233.72633411395762,0000100001000001001100000001000000000000010000000110000000011000000000000010010000000000010000010000,0.0,233.72633411395762
06ac6393eee7a87a46f65b36cf9d1863821846f32cd08b7f9dd84710f2fa08a1,3,0,20290729,moderate,0.6,5.0,20263729,wa_mcbr_swap,0000100001000001001100000001000000000000010000000110000000011000000000000010010000000000010000010000,1,233.7263341139576,1.2160251234910687e-14,0.035689583979547,444,16,0,True,16872,35520,52392,100,15,0.15,233.5345641873464,233.5345641873464,0.0,12.348668280871667,12.348668280871667,37.89473684210527,36.0,0.325867635189669,3.4124999999999996,3.4124999999999996,5.0,0.6824999999999999,0,0,0,0,4199.353085546843,41.993530855468435,7402.342151886931,429.358651341997,49.476792462117075,140.84705178090388,1,233.72633411395762,0000100001000001001100000001000000000000010000000110000000011000000000000010010000000000010000010000,0.0,233.72633411395762
06ac6393eee7a87a46f65b36cf9d1863821846f32cd08b7f9dd84710f2fa08a1,3,0,20290729,moderate,0.6,5.0,20263729,capacity_greedy,0000100000000001001100000001000000000000010000000110000000011000000100000000010000000000010000010000,1,233.7263341139576,0.8982153445923877,0.0140468750614672,0,0,0,,0,0,0,100,14,0.14,235.65121397454817,235.65121397454817,0.0,11.622276029055689,11.622276029055689,37.89473684210527,36.0,0.3066989507667473,3.25,3.25,5.0,0.65,0,0,0,0,4174.368052782728,41.74368052782728,7276.6669699539325,695.6957708600631,76.21213956655778,130.59371362048887,1,235.82569991132243,0000100000000001001100000001000000000000010000000110000000011000000100000000010000000000010000010000,0.0,235.82569991132243
06ac6393eee7a87a46f65b36cf9d1863821846f32cd08b7f9dd84710f2fa08a1,3,0,20290729,moderate,0.6,5.0,20263729,lagrangian_relaxation,0000100101100001001100001001000000000000010100000110000001001000000000100011010000001000010000010000,1,233.7263341139576,0.4976165809416341,0.0076421669218689,300,0,0,False,0,0,0,100,22,0.22,236.12342170250585,236.12342170250585,0.0,18.401937046004843,18.401937046004843,37.89473684210527,36.0,0.48560667204735,4.95625,4.95625,5.0,0.99125,0,0,0,0,4130.894997016893,41.30894997016893,7053.659236654788,548.3086319964617,57.238029763069825,256.0094142259414,0,inf,0000100101000001001100000001000000000000010100000110000001001000000000000011010000001000010000010000,0.03,234.8893951065357
06ac6393eee7a87a46f65b36cf9d1863821846f32cd08b7f9dd84710f2fa08a1,3,0,20290729,moderate,0.6,5.0,20263729,legacy_count_br,0000000100000001001100001001000000000000000100000111000101011000000010000001010000001000011000010001,1,233.7263341139576,0.6840743930504386,0.0017469170270487,199,9,0,False,0,0,0,100,22,0.22,237.20001719685848,237.20001719685848,0.0,18.159806295399516,18.159806295399516,37.89473684210527,36.0,0.4792171105730427,4.92375,4.92375,5.0,0.98475,0,0,0,0,4091.0949056550226,40.91094905655022,6863.21313786066,672.4492179848235,73.32444821186319,250.046493607129,0,inf,0000000100000001001100001001000000000000000100000111000001011000000000000001010000001000011000010000,0.03,235.3251961154467
06ac6393eee7a87a46f65b36cf9d1863821846f32cd08b7f9dd84710f2fa08a1,3,0,20290729,moderate,0.6,5.0,20263729,random_feasible,0000101100000000000100111001000000100000000100001010000111001000000000100000000001000000010000010001,1,233.7263341139576,2.049202679505453,0.0004038750194013,0,0,0,,0,0,0,100,21,0.21,240.814851021502,240.814851021502,0.0,18.159806295399516,18.159806295399516,37.89473684210527,36.0,0.4792171105730427,4.875,4.875,5.0,0.975,0,0,0,0,4225.303984316503,42.253039843165034,7478.496565045166,593.0003786073298,61.741192626951936,250.046493607129,0,inf,0000100100000000000100111001000000000000000100001010000101001000000000100000000001000000010000010001,0.03,238.51586041533068
06ac6393eee7a87a46f65b36cf9d1863821846f32cd08b7f9dd84710f2fa08a1,3,0,20290729,moderate,0.6,5.0,20263729,all_local,0000000000000000000000000000000000000000000000000000000000000000000000000000000000000000000000000000,1,233.7263341139576,6.239244221416317,0.0,0,0,0,,0,0,0,100,0,0.0,248.30909090909088,248.30909090909088,0.0,0.0,0.0,37.89473684210527,36.0,0.0,0.0,0.0,5.0,0.0,0,0,0,0,4582.8,45.828,9165.6,0.0,0.0,0.0,1,248.30909090909088,0000000000000000000000000000000000000000000000000000000000000000000000000000000000000000000000000000,0.0,248.30909090909088
06ac6393eee7a87a46f65b36cf9d1863821846f32cd08b7f9dd84710f2fa08a1,3,0,20290729,moderate,0.6,5.0,20263729,all_offload,1111111111111111111111111111111111111111111111111111111111111111111111111111111111111111111111111111,0,233.7263341139576,0.4976165809416341,0.0,0,0,0,,0,0,0,100,100,1.0,inf,inf,0.0,100.0,100.0,37.89473684210527,36.0,2.6388888888888884,26.909999999999993,26.909999999999993,5.0,5.381999999999999,1,1,1,1,inf,inf,124.70771238137628,9563.177724372772,1247.077123813763,inf,0,inf,0000100101000001001100000001000000000000010100000110000001001000000000000011010000001000010000010000,0.81,234.8893951065357
06ac6393eee7a87a46f65b36cf9d1863821846f32cd08b7f9dd84710f2fa08a1,3,0,20290729,moderate,0.6,5.0,20263729,qdp_oracle,0000100001000001001100000001000000000000010000000110000000011000000000000010010000000000010000010000,1,233.7263341139576,1.2160251234910687e-14,1.4121885829372332,0,0,0,,0,0,0,100,15,0.15,233.5345641873464,233.5345641873464,0.0,12.348668280871667,12.348668280871667,37.89473684210527,36.0,0.325867635189669,3.4124999999999996,3.4124999999999996,5.0,0.6824999999999999,0,0,0,0,4199.353085546843,41.993530855468435,7402.342151886931,429.358651341997,49.476792462117075,140.84705178090388,1,233.72633411395762,0000100001000001001100000001000000000000010000000110000000011000000000000010010000000000010000010000,0.0,233.72633411395762
06ac6393eee7a87a46f65b36cf9d1863821846f32cd08b7f9dd84710f2fa08a1,3,0,20290729,highly_constrained,0.3,2.0,20263729,wa_mcbr,0000000000000000001100000001000000000000000000000100000000011000000000000000010000001000010000010000,1,237.54689622592173,0.08902159362070398,0.0052527089137583,100,0,0,True,3800,8000,11800,100,10,0.1,237.04139954740089,237.04139954740089,0.0,6.779661016949152,6.779661016949152,18.947368421052634,18.0,0.3578154425612052,1.99875,1.99875,2.0,0.999375,0,0,0,0,4313.246507202504,43.13246507202504,7931.197060274274,325.35453256717943,39.70602742736933,159.29618768328444,0,inf,0000000000000000001100000001000000000000000000000100000000011000000000000000010000000000000000010000,0.02,237.75836425853856
06ac6393eee7a87a46f65b36cf9d1863821846f32cd08b7f9dd84710f2fa08a1,3,0,20290729,highly_constrained,0.3,2.0,20263729,wa_mcbr_swap,0000100000000000001100000001000000000000000000000100000001011000000000000000010000000000000000010000,1,237.54689622592173,0.03820398822094773,0.0194627919699996,100,0,2,True,3800,8000,11800,100,10,0.1,236.79181345302928,236.79181345302928,0.0,6.779661016949152,6.779661016949152,18.947368421052634,18.0,0.3578154425612052,1.99875,1.99875,2.0,0.999375,0,0,0,0,4299.250464396048,42.99250464396048,7866.437656426955,365.75025192151446,43.76564269541417,159.29618768328444,0,inf,0000100000000000001100000001000000000000000000000100000000011000000000000000000000000000000000010000,0.02,237.6376486141751
06ac6393eee7a87a46f65b36cf9d1863821846f32cd08b7f9dd84710f2fa08a1,3,0,20290729,highly_constrained,0.3,2.0,20263729,capacity_greedy,0000000000000000001100000001000000000000000000000110000000011000000100000000000000000000000000000000,1,237.54689622592173,0.20311208696071062,0.0081492499448359,0,0,0,,0,0,0,100,8,0.08,238.187061362204,238.187061362204,0.0,6.779661016949152,6.779661016949152,18.947368421052634,18.0,0.3578154425612052,1.93375,1.93375,2.0,0.966875,0,0,0,0,4290.737693172787,42.90737693172787,7823.3671150959235,632.9154589151638,70.88938699056332,159.29618768328444,0,inf,0000000000000000001100000001000000000000000000000110000000011000000000000000000000000000000000000000,0.01,238.0293826843566
06ac6393eee7a87a46f65b36cf9d1863821846f32cd08b7f9dd84710f2fa08a1,3,0,20290729,highly_constrained,0.3,2.0,20263729,lagrangian_relaxation,0000100000000000001100000001000000000000000000000100000001011000000000000000000000000000000000010000,1,237.54689622592173,0.03820398822094773,0.0084463750245049,300,0,0,False,0,0,0,100,9,0.09,237.1848655131616,237.1848655131616,0.0,6.053268765133172,6.053268765133172,18.947368421052634,18.0,0.3194780737153618,1.80375,1.80375,2.0,0.901875,0,0,0,0,4317.598071185369,43.17598071185369,7952.782628310463,351.30948423664955,42.51425671805904,137.36509191539824,0,inf,0000100000000000001100000001000000000000000000000100000000011000000000000000000000000000000000010000,0.01,237.6376486141751
06ac6393eee7a87a46f65b36cf9d1863821846f32cd08b7f9dd84710f2fa08a1,3,0,20290729,highly_constrained,0.3,2.0,20263729,legacy_count_br,0000000000000000001100000001000000000000000000000100000000011000000000000000010000001000010000010000,1,237.54689622592173,0.08902159362070398,0.0015903749736025,100,0,0,True,0,0,0,100,10,0.1,237.04139954740089,237.04139954740089,0.0,6.779661016949152,6.779661016949152,18.947368421052634,18.0,0.3578154425612052,1.99875,1.99875,2.0,0.999375,0,0,0,0,4313.246507202504,43.13246507202504,7931.197060274274,325.35453256717943,39.70602742736933,159.29618768328444,0,inf,0000000000000000001100000001000000000000000000000100000000011000000000000000010000000000000000010000,0.02,237.75836425853856
06ac6393eee7a87a46f65b36cf9d1863821846f32cd08b7f9dd84710f2fa08a1,3,0,20290729,highly_constrained,0.3,2.0,20263729,random_feasible,0000100000000000000100001001000000000000000000000010000001001000000000000000000000000000010000010000,1,237.54689622592173,0.6216062378023652,0.0005390000296756,0,0,0,,0,0,0,100,9,0.09,238.66217011805304,238.66217011805304,0.0,6.779661016949152,6.779661016949152,18.947368421052634,18.0,0.3578154425612052,1.9175,1.9175,2.0,0.95875,0,0,0,0,4362.813624592181,43.628136245921816,8157.882250450022,286.66210033685456,31.361161113664853,159.29618768328444,0,inf,0000100000000000000100000001000000000000000000000010000001001000000000000000000000000000010000010000,0.01,239.02350255056797
06ac6393eee7a87a46f65b36cf9d1863821846f32cd08b7f9dd84710f2fa08a1,3,0,20290729,highly_constrained,0.3,2.0,20263729,all_local,0000000000000000000000000000000000000000000000000000000000000000000000000000000000000000000000000000,1,237.54689622592173,4.530555799362516,0.0,0,0,0,,0,0,0,100,0,0.0,248.30909090909088,248.30909090909088,0.0,0.0,0.0,18.947368421052634,18.0,0.0,0.0,0.0,2.0,0.0,0,0,0,0,4582.8,45.828,9165.6,0.0,0.0,0.0,1,248.30909090909088,0000000000000000000000000000000000000000000000000000000000000000000000000000000000000000000000000000,0.0,248.30909090909088
06ac6393eee7a87a46f65b36cf9d1863821846f32cd08b7f9dd84710f2fa08a1,3,0,20290729,highly_constrained,0.3,2.0,20263729,all_offload,1111111111111111111111111111111111111111111111111111111111111111111111111111111111111111111111111111,0,237.54689622592173,0.08975141305215427,0.0,0,0,0,,0,0,0,100,100,1.0,inf,inf,0.0,100.0,100.0,18.947368421052634,18.0,5.277777777777777,26.909999999999993,26.909999999999993,2.0,13.454999999999997,1,1,1,1,inf,inf,124.70771238137628,9563.177724372772,1247.077123813763,inf,0,inf,0000100000000000001100000001000000000000000000000100000000001000000000000000010000000000010000010000,0.91,237.76009792194603
06ac6393eee7a87a46f65b36cf9d1863821846f32cd08b7f9dd84710f2fa08a1,3,0,20290729,highly_constrained,0.3,2.0,20263729,qdp_oracle,0000100000000001001100000001000000000000000000000100000000011000000000000000000000000000000000000000,1,237.54689622592173,0.0,0.3241350830066949,0,0,0,,0,0,0,100,8,0.08,237.4414194982428,237.4414194982428,0.0,6.053268765133172,6.053268765133172,18.947368421052634,18.0,0.3194780737153618,1.7225,1.7225,2.0,0.8612500000000001,0,0,0,0,4335.046908804165,43.35046908804165,8035.495519127518,293.4985086052122,36.93989093974201,137.36509191539824,1,237.54689622592173,0000100000000001001100000001000000000000000000000100000000011000000000000000000000000000000000000000,0.0,237.54689622592173
06ac6393eee7a87a46f65b36cf9d1863821846f32cd08b7f9dd84710f2fa08a1,3,1,20290826,abundant,1.0,13.0,20263730,wa_mcbr,0000100001000001001100000001000000000000010000000101000000011000000100100010010000000000001000000000,1,233.11701719969167,0.11846806881685003,0.0333141250303015,679,63,0,True,25802,54320,80122,100,16,0.16,233.30190210167103,233.30190210167103,0.0,14.04358353510896,14.04358353510896,63.15789473684211,60.0,0.2223567393058918,3.78625,3.78625,13.0,0.29125,0,0,0,0,4136.136784671246,41.361367846712454,7103.925781823003,642.0648696643356,70.36136393765693,91.4841722885314,1,233.3931864280516,0000100001000001001100000001000000000000010000000101000000011000000100100010010000000000001000000000,0.0,233.3931864280516
06ac6393eee7a87a46f65b36cf9d1863821846f32cd08b7f9dd84710f2fa08a1,3,1,20290826,abundant,1.0,13.0,20263730,wa_mcbr_swap,0000100001000001001100000001000000000000010000000101000000011000000000100010010000000000011000000000,1,233.11701719969167,0.043472004333875644,0.0607955829473212,679,63,1,False,25802,54320,80122,100,16,0.16,233.13053586910877,233.13053586910877,0.0,13.559322033898304,13.559322033898304,63.15789473684211,60.0,0.2146892655367231,3.65625,3.65625,13.0,0.28125,0,0,0,0,4181.7833181307415,41.817833181307414,7319.695513751853,498.1120594303433,55.9696094908059,88.34532374100719,1,233.21835783951173,0000100001000001001100000001000000000000010000000101000000011000000000100010010000000000011000000000,0.0,233.21835783951173
06ac6393eee7a87a46f65b36cf9d1863821846f32cd08b7f9dd84710f2fa08a1,3,1,20290826,abundant,1.0,13.0,20263730,capacity_greedy,0000100001000001001100000001000000000000010000000101000000011000000100000010010000000000011000000000,1,233.11701719969167,0.11639959817383433,0.0158062500413507,0,0,0,,0,0,0,100,16,0.16,233.29345268351375,233.29345268351375,0.0,13.801452784503631,13.801452784503631,63.15789473684211,60.0,0.2185230024213074,3.7375,3.7375,13.0,0.2875,0,0,0,0,4131.546080555724,41.31546080555725,7082.349322112142,656.7229859334034,71.83263200888729,89.90704879938033,1,233.38836447098694,0000100001000001001100000001000000000000010000000101000000011000000100000010010000000000011000000000,0.0,233.38836447098694
06ac6393eee7a87a46f65b36cf9d1863821846f32cd08b7f9dd84710f2fa08a1,3,1,20290826,abundant,1.0,13.0,20263730,lagrangian_relaxation,0000100000000000001100000001000000000000000000000100000001011000000100000000000000000000000000010000,1,233.11701719969167,1.2000501239352848,0.0291470419615507,300,0,0,False,0,0,0,100,10,0.1,235.88718237424035,235.88718237424035,0.0,7.263922518159807,7.263922518159807,63.15789473684211,60.0,0.1150121065375302,2.12875,2.12875,13.0,0.16375,0,0,0,0,4254.0740265762215,42.54074026576222,7657.862998622599,594.9129175400052,66.29986225984462,52.48974008207934,1,235.9145382535108,0000100000000000001100000001000000000000000000000100000001011000000100000000000000000000000000010000,0.0,235.9145382535108
06ac6393eee7a87a46f65b36cf9d1863821846f32cd08b7f9dd84710f2fa08a1,3,1,20290826,abundant,1.0,13.0,20263730,legacy_count_br,0000100101000001001110001001000000000000010000000101000001011000000000100011010010100001111000010010,1,233.11701719969167,1.6189448661107015,0.0036125419428572,501,54,0,False,0,0,0,100,27,0.27,236.5726308474878,236.5726308474878,0.0,23.24455205811138,23.24455205811138,63.15789473684211,60.0,0.3680387409200968,6.175000000000001,6.175000000000001,13.0,0.475,0,0,0,0,4030.5192489467217,40.30519248946721,6572.157316008369,742.5264616282291,79.90059290251104,165.59386973180077,1,236.89105318167648,0000100101000001001110001001000000000000010000000101000001011000000000100011010010100001111000010010,0.0,236.89105318167648
06ac6393eee7a87a46f65b36cf9d1863821846f32cd08b7f9dd84710f2fa08a1,3,1,20290826,abundant,1.0,13.0,20263730,random_feasible,1000010110101101011110100100001010110110111001000010000100100011001001111000001110100100001111111100,1,233.11701719969167,42.27306129111574,2.7125002816319466e-05,0,0,0,,0,0,0,100,47,0.47,546.8511474870302,546.8511474870302,0.0,47.94188861985472,47.94188861985472,63.15789473684211,60.0,0.7590799031476997,12.804999999999998,12.804999999999998,13.0,0.985,0,0,0,0,3970.8337572632263,39.70833757263226,5070.177990819965,5712.17873360226,795.276400424771,807.688442211055,0,inf,1000000110100101011110100000000010100010111000000010000100100011001001111000001110100100001111111100,0.07,331.66271676053816
06ac6393eee7a87a46f65b36cf9d1863821846f32cd08b7f9dd84710f2fa08a1,3,1,20290826,abundant,1.0,13.0,20263730,all_local,0000000000000000000000000000000000000000000000000000000000000000000000000000000000000000000000000000,1,233.11701719969167,6.516930377667557,0.0,0,0,0,,0,0,0,100,0,0.0,248.30909090909088,248.30909090909088,0.0,0.0,0.0,63.15789473684211,60.0,0.0,0.0,0.0,13.0,0.0,0,0,0,0,4582.8,45.828,9165.6,0.0,0.0,0.0,1,248.30909090909088,0000000000000000000000000000000000000000000000000000000000000000000000000000000000000000000000000000,0.0,248.30909090909088
06ac6393eee7a87a46f65b36cf9d1863821846f32cd08b7f9dd84710f2fa08a1,3,1,20290826,abundant,1.0,13.0,20263730,all_offload,1111111111111111111111111111111111111111111111111111111111111111111111111111111111111111111111111111,0,233.11701719969167,19.056908909246825,0.0,0,0,0,,0,0,0,100,100,1.0,inf,inf,0.0,100.0,100.0,63.15789473684211,60.0,1.5833333333333333,26.909999999999993,26.909999999999993,13.0,2.0699999999999994,1,1,1,1,inf,inf,132.55898089327903,10130.36092760328,1325.5898089327902,inf,0,inf,0000100101000101001110001011000000100000110000001101000111011000011010110011010010110111111011111011,0.54,277.5419148193902
06ac6393eee7a87a46f65b36cf9d1863821846f32cd08b7f9dd84710f2fa08a1,3,1,20290826,abundant,1.0,13.0,20263730,qdp_oracle,0000100101000001001100000001000000000000010000000101000000011000000000100010010000000000011000000000,1,233.11701719969167,0.0,7.81250437500421,0,0,0,,0,0,0,100,17,0.17,233.0162172432192,233.0162172432192,0.0,14.527845036319611,14.527845036319611,63.15789473684211,60.0,0.2300242130750605,3.9,3.9,13.0,0.3,0,0,0,0,4169.062536661832,41.69062536661832,7258.568751646383,508.99309257537936,56.98539096370052,94.68553459119497,1,233.11701719969167,0000100101000001001100000001000000000000010000000101000000011000000000100010010000000000011000000000,0.0,233.11701719969167
06ac6393eee7a87a46f65b36cf9d1863821846f32cd08b7f9dd84710f2fa08a1,3,1,20290826,moderate,0.6,5.0,20263730,wa_mcbr,0000100001000001001100000001000000000000010000000101000000011000000000000010010000000000011000000000,1,234.40508450906464,0.00010585854798217476,0.0239633750170469,478,38,0,True,18164,38240,56404,100,15,0.15,234.21980626821625,234.21980626821625,0.0,12.590799031476996,12.590799031476996,37.89473684210527,36.0,0.3322571966639762,3.412499999999999,3.412499999999999,5.0,0.6824999999999999,0,0,0,0,4194.7155566490355,41.94715556649035,7377.228539388461,489.97479459859255,55.235959230757175,144.39564867042702,1,234.4053326468835,0000100001000001001100000001000000000000010000000101000000011000000000000010010000000000011000000000,0.0,234.4053326468835
06ac6393eee7a87a46f65b36cf9d1863821846f32cd08b7f9dd84710f2fa08a1,3,1,20290826,moderate,0.6,5.0,20263730,wa_mcbr_swap,0000100001000001001100000001000000000000010000000101000000011000000000000010010000000000011000000000,1,234.40508450906464,0.00010585854798217476,0.037036208086647,478,38,0,True,18164,38240,56404,100,15,0.15,234.21980626821625,234.21980626821625,0.0,12.590799031476996,12.590799031476996,37.89473684210527,36.0,0.3322571966639762,3.412499999999999,3.412499999999999,5.0,0.6824999999999999,0,0,0,0,4194.7155566490355,41.94715556649035,7377.228539388461,489.97479459859255,55.235959230757175,144.39564867042702,1,234.4053326468835,0000100001000001001100000001000000000000010000000101000000011000000000000010010000000000011000000000,0.0,234.4053326468835
06ac6393eee7a87a46f65b36cf9d1863821846f32cd08b7f9dd84710f2fa08a1,3,1,20290826,moderate,0.6,5.0,20263730,capacity_greedy,0000100001000001001100000001000000000000010000000101000000011000000100000000010000000000001000000000,1,234.40508450906464,0.027071004838957503,0.0141187920235097,0,0,0,,0,0,0,100,14,0.14,234.30527131706293,234.30527131706293,0.0,12.106537530266342,12.106537530266342,37.89473684210527,36.0,0.3194780737153618,3.2987499999999996,3.2987499999999996,5.0,0.65975,0,0,0,0,4166.935753359835,41.66935753359835,7247.749713253293,615.1887195014009,67.83666094949848,137.36509191539824,1,234.46854032083485,0000100001000001001100000001000000000000010000000101000000011000000100000000010000000000001000000000,0.0,234.46854032083485
06ac6393eee7a87a46f65b36cf9d1863821846f32cd08b7f9dd84710f2fa08a1,3,1,20290826,moderate,0.6,5.0,20263730,lagrangian_relaxation,0000100101000001001110000001000000000000010000000101000001011000000000100010010000100000011000010010,1,234.40508450906464,0.3534744063244452,0.0084664999740198,300,0,0,False,0,0,0,100,22,0.22,236.6862869144969,236.6862869144969,0.0,18.401937046004843,18.401937046004843,37.89473684210527,36.0,0.48560667204735,4.956250000000001,4.956250000000001,5.0,0.9912500000000002,0,0,0,0,4095.1903382494306,40.95190338249431,6884.72409375575,634.4605062027213,69.27698889773436,256.0094142259414,0,inf,0000100101000001001100000001000000000000010000000101000001011000000000100010010000000000011000010000,0.03,235.23364648992737
06ac6393eee7a87a46f65b36cf9d1863821846f32cd08b7f9dd84710f2fa08a1,3,1,20290826,moderate,0.6,5.0,20263730,legacy_count_br,0000000101000000001110001001000000000000000000001101000110011000000010110000010010000001000000000010,1,234.40508450906464,1.115368639589209,0.002257207990624,274,14,0,False,0,0,0,100,21,0.21,239.09989318074133,239.09989318074133,0.0,18.64406779661017,18.64406779661017,37.89473684210527,36.0,0.4919962335216572,4.891250000000001,4.891250000000001,5.0,0.9782500000000004,0,0,0,0,4144.574063260038,41.44574063260038,7107.910297223784,660.4521054583827,71.91891541833374,262.1223354958295,0,inf,0000000101000000001110001001000000000000000000001101000000011000000010100000010010000001000000000010,0.03,237.01956531128133
06ac6393eee7a87a46f65b36cf9d1863821846f32cd08b7f9dd84710f2fa08a1,3,1,20290826,moderate,0.6,5.0,20263730,random_feasible,0000000100000101001110000000000000100000010000000000000100000000001000110000000010100100001011111000,1,234.40508450906464,2.996685353986638,0.0003133750287815,0,0,0,,0,0,0,100,21,0.21,244.12654036754955,244.12654036754955,0.0,19.128329297820823,19.128329297820823,37.89473684210527,36.0,0.5047753564702717,4.972500000000001,4.972500000000001,5.0,0.9945000000000002,0,0,0,0,4276.95911324364,42.7695911324364,7705.323180890985,627.9935120448987,63.00861385644635,274.8214043188918,0,inf,0000000100000101001110000000000000000000010000000000000100000000001000110000000010100100001001011000,0.03,241.42946734554778
06ac6393eee7a87a46f65b36cf9d1863821846f32cd08b7f9dd84710f2fa08a1,3,1,20290826,moderate,0.6,5.0,20263730,all_local,0000000000000000000000000000000000000000000000000000000000000000000000000000000000000000000000000000,1,234.40508450906464,5.931614678558121,0.0,0,0,0,,0,0,0,100,0,0.0,248.30909090909088,248.30909090909088,0.0,0.0,0.0,37.89473684210527,36.0,0.0,0.0,0.0,5.0,0.0,0,0,0,0,4582.8,45.828,9165.6,0.0,0.0,0.0,1,248.30909090909088,0000000000000000000000000000000000000000000000000000000000000000000000000000000000000000000000000000,0.0,248.30909090909088
06ac6393eee7a87a46f65b36cf9d1863821846f32cd08b7f9dd84710f2fa08a1,3,1,20290826,moderate,0.6,5.0,20263730,all_offload,1111111111111111111111111111111111111111111111111111111111111111111111111111111111111111111111111111,0,234.40508450906464,0.3534744063244452,0.0,0,0,0,,0,0,0,100,100,1.0,inf,inf,0.0,100.0,100.0,37.89473684210527,36.0,2.6388888888888884,26.909999999999993,26.909999999999993,5.0,5.381999999999999,1,1,1,1,inf,inf,132.55898089327903,10130.36092760328,1325.5898089327902,inf,0,inf,0000100101000001001100000001000000000000010000000101000001011000000000100010010000000000011000010000,0.81,235.23364648992737
06ac6393eee7a87a46f65b36cf9d1863821846f32cd08b7f9dd84710f2fa08a1,3,1,20290826,moderate,0.6,5.0,20263730,qdp_oracle,0000100001000001001100000001000000000000010000000101000001011000000000000010010000000000001000000000,1,234.40508450906464,-1.2125039646614371e-14,1.4968432920286432,0,0,0,,0,0,0,100,15,0.15,234.23652303890916,234.23652303890916,0.0,12.348668280871667,12.348668280871667,37.89473684210527,36.0,0.325867635189669,3.379999999999999,3.379999999999999,5.0,0.6759999999999999,0,0,0,0,4190.913475888603,41.90913475888603,7359.253777350341,506.7180074593291,56.918490022736115,140.84705178090388,1,234.4050845090646,0000100001000001001100000001000000000000010000000101000001011000000000000010010000000000001000000000,0.0,234.4050845090646
06ac6393eee7a87a46f65b36cf9d1863821846f32cd08b7f9dd84710f2fa08a1,3,1,20290826,highly_constrained,0.3,2.0,20263730,wa_mcbr,0000000001000000001000000000000000000000000000000101000000010000000000000000010000000000000000011010,1,237.63172657909044,0.8468521385008416,0.005545041989535,106,1,0,True,4028,8480,12508,100,9,0.09,239.38787925294983,239.38787925294983,0.0,7.02179176755448,7.02179176755448,18.947368421052634,18.0,0.3705945655098197,1.93375,1.93375,2.0,0.966875,0,0,0,0,4360.458007792795,43.60458007792795,8143.564931204128,372.5783871788209,40.54791156981024,167.2002564650566,0,inf,0000000001000000001000000000000000000000000000000101000000010000000000000000010000000000000000011000,0.01,239.64411593738194
06ac6393eee7a87a46f65b36cf9d1863821846f32cd08b7f9dd84710f2fa08a1,3,1,20290826,highly_constrained,0.3,2.0,20263730,wa_mcbr_swap,0000000000000001001100000001000000000000000000000101000000011000000000000000010000000000000000000000,1,237.63172657909044,0.055182844786434454,0.0329235419631004,106,1,4,True,4028,8480,12508,100,9,0.09,237.14671815123668,237.14671815123668,0.0,7.021791767554479,7.021791767554479,18.947368421052634,18.0,0.3705945655098197,1.96625,1.96625,2.0,0.983125,0,0,0,0,4309.944173886499,43.09944173886499,7916.786264192598,359.93017536807616,42.918243621905326,167.20025646505658,0,inf,0000000000000000001100000001000000000000000000000101000000011000000000000000010000000000000000000000,0.01,237.7628585259319
06ac6393eee7a87a46f65b36cf9d1863821846f32cd08b7f9dd84710f2fa08a1,3,1,20290826,highly_constrained,0.3,2.0,20263730,capacity_greedy,0000000000000000001100000001000000000000000000000101000000011000000100000000000000000000000000000000,1,237.63172657909044,0.03707833992203961,0.0078267080243676,0,0,0,,0,0,0,100,8,0.08,237.05545015148527,237.05545015148527,0.0,6.5375302663438255,6.5375302663438255,18.947368421052634,18.0,0.3450363196125907,1.8525,1.8525,2.0,0.92625,0,0,0,0,4285.043405199164,42.85043405199164,7801.679934521303,528.7250953668978,59.991815162894454,151.7005545286506,0,inf,0000000000000000001100000001000000000000000000000100000000011000000100000000000000000000000000000000,0.01,237.71983647843405
06ac6393eee7a87a46f65b36cf9d1863821846f32cd08b7f9dd84710f2fa08a1,3,1,20290826,highly_constrained,0.3,2.0,20263730,lagrangian_relaxation,0000000000000000001100000001000000000000000000000100000001011000000100000000000000000000000000000000,1,237.63172657909044,0.4114285726397743,0.0103604160249233,300,0,0,False,0,0,0,100,8,0.08,237.33676061380885,237.33676061380885,0.0,6.053268765133172,6.053268765133172,18.947368421052634,18.0,0.3194780737153618,1.77125,1.77125,2.0,0.885625,0,0,0,0,4295.251433647749,42.95251433647749,7848.472316684454,519.0641140532466,59.03958555681686,137.36509191539824,0,inf,0000000000000000001100000001000000000000000000000100000001011000000000000000000000000000000000000000,0.01,238.60941139989404
06ac6393eee7a87a46f65b36cf9d1863821846f32cd08b7f9dd84710f2fa08a1,3,1,20290826,highly_constrained,0.3,2.0,20263730,legacy_count_br,0000000001000000001000000000000000000000000000000101000000010000000000000000010000000000000000011010,1,237.63172657909044,0.8468521385008416,0.001674750004895,106,1,0,True,0,0,0,100,9,0.09,239.38787925294983,239.38787925294983,0.0,7.02179176755448,7.02179176755448,18.947368421052634,18.0,0.3705945655098197,1.93375,1.93375,2.0,0.966875,0,0,0,0,4360.458007792795,43.60458007792795,8143.564931204128,372.5783871788209,40.54791156981024,167.2002564650566,0,inf,0000000001000000001000000000000000000000000000000101000000010000000000000000010000000000000000011000,0.01,239.64411593738194
06ac6393eee7a87a46f65b36cf9d1863821846f32cd08b7f9dd84710f2fa08a1,3,1,20290826,highly_constrained,0.3,2.0,20263730,random_feasible,0000000100000001001100000000000000000000010000000000000000000000000000100000000000000000001000010000,1,237.63172657909044,1.623321175251166,0.0004477920010685,0,0,0,,0,0,0,100,8,0.08,241.10973538058485,241.10973538058485,0.0,6.779661016949152,6.779661016949152,18.947368421052634,18.0,0.3578154425612052,1.82,1.82,2.0,0.91,0,0,0,0,4426.069802853638,44.26069802853638,8445.800257113335,249.4291690214206,25.03213916673217,159.29618768328444,0,inf,0000000100000001001100000000000000000000010000000000000000000000000000000000000000000000001000010000,0.01,241.48925271576377
06ac6393eee7a87a46f65b36cf9d1863821846f32cd08b7f9dd84710f2fa08a1,3,1,20290826,highly_constrained,0.3,2.0,20263730,all_local,0000000000000000000000000000000000000000000000000000000000000000000000000000000000000000000000000000,1,237.63172657909044,4.493240226677695,0.0,0,0,0,,0,0,0,100,0,0.0,248.30909090909088,248.30909090909088,0.0,0.0,0.0,18.947368421052634,18.0,0.0,0.0,0.0,2.0,0.0,0,0,0,0,4582.8,45.828,9165.6,0.0,0.0,0.0,1,248.30909090909088,0000000000000000000000000000000000000000000000000000000000000000000000000000000000000000000000000000,0.0,248.30909090909088
06ac6393eee7a87a46f65b36cf9d1863821846f32cd08b7f9dd84710f2fa08a1,3,1,20290826,highly_constrained,0.3,2.0,20263730,all_offload,1111111111111111111111111111111111111111111111111111111111111111111111111111111111111111111111111111,0,237.63172657909044,0.1723498462337108,0.0,0,0,0,,0,0,0,100,100,1.0,inf,inf,0.0,100.0,100.0,18.947368421052634,18.0,5.277777777777777,26.909999999999993,26.909999999999993,2.0,13.454999999999997,1,1,1,1,inf,inf,132.55898089327903,10130.36092760328,1325.5898089327902,inf,0,inf,0000000000000000001100000001000000000000000000000100000001011000000000000000010000000000000000000000,0.92,238.04128449445201
06ac6393eee7a87a46f65b36cf9d1863821846f32cd08b7f9dd84710f2fa08a1,3,1,20290826,highly_constrained,0.3,2.0,20263730,qdp_oracle,0000000000000000000100000001000000000000000000000101000000011000000100000000000000000000000000000000,1,237.63172657909044,0.0,0.3414447919931263,0,0,0,,0,0,0,100,7,0.07,237.53943444237137,237.53943444237137,0.0,6.053268765133173,6.053268765133173,18.947368421052634,18.0,0.3194780737153618,1.69,1.69,2.0,0.845,0,0,0,0,4309.591838929939,43.095918389299385,7916.794365612957,490.040469504412,56.33794470825946,137.3650919153983,1,237.63172657909044,0000000000000000000100000001000000000000000000000101000000011000000100000000000000000000000000000000,0.0,237.63172657909044
06ac6393eee7a87a46f65b36cf9d1863821846f32cd08b7f9dd84710f2fa08a1,3,2,20290923,abundant,1.0,13.0,20263731,wa_mcbr,0000100001000000001100001001000000000001100000010111000101010000010000000000000000000000010000011000,1,233.12229785197968,0.006168208789998717,0.0399823329644277,817,72,0,True,31046,65360,96406,100,19,0.19,233.0102930082234,233.0102930082234,0.0,15.980629539951574,15.980629539951574,63.15789473684211,60.0,0.2530266343825665,4.30625,4.30625,13.0,0.33125,0,0,0,0,4157.0723876941765,41.57072387694176,7197.452283954814,520.1785556006749,55.38336604286082,104.6839546191248,1,233.13667732204723,0000100001000000001100001001000000000001100000010111000101010000010000000000000000000000010000011000,0.0,233.13667732204723
06ac6393eee7a87a46f65b36cf9d1863821846f32cd08b7f9dd84710f2fa08a1,3,2,20290923,abundant,1.0,13.0,20263731,wa_mcbr_swap,0000100001000000001100001001000000000001100000010111000101010000010000000000000000000000010000011000,1,233.12229785197968,0.006168208789998717,0.0558767489856109,817,72,0,True,31046,65360,96406,100,19,0.19,233.0102930082234,233.0102930082234,0.0,15.980629539951574,15.980629539951574,63.15789473684211,60.0,0.2530266343825665,4.30625,4.30625,13.0,0.33125,0,0,0,0,4157.0723876941765,41.57072387694176,7197.452283954814,520.1785556006749,55.38336604286082,104.6839546191248,1,233.13667732204723,0000100001000000001100001001000000000001100000010111000101010000010000000000000000000000010000011000,0.0,233.13667732204723
06ac6393eee7a87a46f65b36cf9d1863821846f32cd08b7f9dd84710f2fa08a1,3,2,20290923,abundant,1.0,13.0,20263731,capacity_greedy,0000100000000000001100001001000000001001000000010111000101010000000000000000000000000000010000011000,1,233.12229785197968,0.7629321259239281,0.0170456250198185,0,0,0,,0,0,0,100,17,0.17,234.79615552191905,234.79615552191905,0.0,14.285714285714285,14.285714285714285,63.15789473684211,60.0,0.2261904761904761,3.9,3.9,13.0,0.3,0,0,0,0,4152.740070234157,41.52740070234157,7172.414266039011,679.8683848146596,71.42741405941604,93.07692307692308,1,234.9008627549845,0000100000000000001100001001000000001001000000010111000101010000000000000000000000000000010000011000,0.0,234.9008627549845
06ac6393eee7a87a46f65b36cf9d1863821846f32cd08b7f9dd84710f2fa08a1,3,2,20290923,abundant,1.0,13.0,20263731,lagrangian_relaxation,0000100000000000001100000001000000001000000000000101000001010000000000000000000000000000000000010000,1,233.12229785197968,1.5029887693610797,0.0403040000237524,300,0,0,False,0,0,0,100,10,0.1,236.60069238864008,236.60069238864008,0.0,7.5060532687651325,7.5060532687651325,63.15789473684211,60.0,0.1188458434221145,2.12875,2.12875,13.0,0.16375,0,0,0,0,4277.844498531256,42.77844498531256,7765.809242551783,570.7310530340297,60.9242551783515,53.71880009159605,1,236.62609980757142,0000100000000000001100000001000000001000000000000101000001010000000000000000000000000000000000010000,0.0,236.62609980757142
06ac6393eee7a87a46f65b36cf9d1863821846f32cd08b7f9dd84710f2fa08a1,3,2,20290923,abundant,1.0,13.0,20263731,legacy_count_br,0000101001000000001100001011000000000001110000010111000101010000010000000000000001000100010101011110,1,233.12229785197968,1.8850305417270512,0.003185375011526,437,47,0,False,0,0,0,100,28,0.28,237.09803359678276,237.09803359678276,0.0,25.181598062953995,25.181598062953995,63.15789473684211,60.0,0.3987086359967716,6.74375,6.74375,13.0,0.51875,0,0,0,0,4027.1806097665494,40.2718060976655,6550.566839214331,742.107108153373,77.387114797523,185.7718120805369,1,237.5167243660654,0000101001000000001100001011000000000001110000010111000101010000010000000000000001000100010101011110,0.0,237.5167243660654
06ac6393eee7a87a46f65b36cf9d1863821846f32cd08b7f9dd84710f2fa08a1,3,2,20290923,abundant,1.0,13.0,20263731,random_feasible,1001001010101000001101110101000101100101011111001001010011001111000000010110111010111000011001110011,1,233.12229785197968,33.360501976952364,5.3333002142608166e-05,0,0,0,,0,0,0,100,49,0.49,450.2540284277073,450.2540284277073,0.0,46.73123486682809,46.73123486682809,63.15789473684211,60.0,0.739911218724778,12.75625,12.75625,13.0,0.98125,0,0,0,0,3827.5531322418874,38.27553132241887,4731.34165319201,4084.159805256291,533.503126367566,731.210240496509,0,inf,1001001010100000001101110001000001100001011110001001010011000111000000010110011010111000011001110011,0.07,310.89306663560615
06ac6393eee7a87a46f65b36cf9d1863821846f32cd08b7f9dd84710f2fa08a1,3,2,20290923,abundant,1.0,13.0,20263731,all_local,0000000000000000000000000000000000000000000000000000000000000000000000000000000000000000000000000000,1,233.12229785197968,6.5145175716970725,0.0,0,0,0,,0,0,0,100,0,0.0,248.30909090909088,248.30909090909088,0.0,0.0,0.0,63.15789473684211,60.0,0.0,0.0,0.0,13.0,0.0,0,0,0,0,4582.8,45.828,9165.6,0.0,0.0,0.0,1,248.30909090909088,0000000000000000000000000000000000000000000000000000000000000000000000000000000000000000000000000000,0.0,248.30909090909088
06ac6393eee7a87a46f65b36cf9d1863821846f32cd08b7f9dd84710f2fa08a1,3,2,20290923,abundant,1.0,13.0,20263731,all_offload,1111111111111111111111111111111111111111111111111111111111111111111111111111111111111111111111111111,0,233.12229785197968,15.816880131695463,0.0,0,0,0,,0,0,0,100,100,1.0,inf,inf,0.0,100.0,100.0,63.15789473684211,60.0,1.5833333333333333,26.909999999999993,26.909999999999993,13.0,2.0699999999999994,1,1,1,1,inf,inf,125.13645483399,9621.92934002598,1251.3645483398998,inf,0,inf,0000101001000000001100011011000000100001111100010111010111010000010000100011000011110111011101011111,0.56,269.9949722634814
06ac6393eee7a87a46f65b36cf9d1863821846f32cd08b7f9dd84710f2fa08a1,3,2,20290923,abundant,1.0,13.0,20263731,qdp_oracle,0000100001000000001100001001000000000001100000010111000101010000000000000000000000000000010000011000,1,233.12229785197968,2.4383518601425497e-14,9.195365249994213,0,0,0,,0,0,0,100,18,0.18,233.01138845459815,233.01138845459815,0.0,15.012106537530263,15.012106537530263,63.15789473684211,60.0,0.2376916868442291,4.0625,4.0625,13.0,0.3125,0,0,0,0,4166.614190049549,41.66614190049549,7244.186364533214,513.9481502146227,54.79802962302081,97.95129698253042,1,233.12229785197974,0000100001000000001100001001000000000001100000010111000101010000000000000000000000000000010000011000,0.0,233.12229785197974
06ac6393eee7a87a46f65b36cf9d1863821846f32cd08b7f9dd84710f2fa08a1,3,2,20290923,moderate,0.6,5.0,20263731,wa_mcbr,0000100001000000001100001001000000000001000000000111000101010000000000000000000000000000010000011000,1,234.4217407081716,0.008589166245722075,0.0416026250459253,852,18,0,True,32376,68160,100536,100,16,0.16,234.25091249417773,234.25091249417773,0.0,12.832929782082324,12.832929782082324,37.89473684210527,36.0,0.3386467581382835,3.4937500000000004,3.4937500000000004,5.0,0.6987500000000001,0,0,0,0,4197.626609668715,41.97626609668715,7388.021610120483,478.6502903009796,51.350632530203114,148.01281399369466,1,234.44187558119714,0000100001000000001100001001000000000001000000000111000101010000000000000000000000000000010000011000,0.0,234.44187558119714
06ac6393eee7a87a46f65b36cf9d1863821846f32cd08b7f9dd84710f2fa08a1,3,2,20290923,moderate,0.6,5.0,20263731,wa_mcbr_swap,0000100001000000001100001001000000000001000000000111000101010000000000000000000000000000010000011000,1,234.4217407081716,0.008589166245722075,0.055402124999091,852,18,0,True,32376,68160,100536,100,16,0.16,234.25091249417773,234.25091249417773,0.0,12.832929782082324,12.832929782082324,37.89473684210527,36.0,0.3386467581382835,3.4937500000000004,3.4937500000000004,5.0,0.6987500000000001,0,0,0,0,4197.626609668715,41.97626609668715,7388.021610120483,478.6502903009796,51.350632530203114,148.01281399369466,1,234.44187558119714,0000100001000000001100001001000000000001000000000111000101010000000000000000000000000000010000011000,0.0,234.44187558119714
06ac6393eee7a87a46f65b36cf9d1863821846f32cd08b7f9dd84710f2fa08a1,3,2,20290923,moderate,0.6,5.0,20263731,capacity_greedy,0000100000000000001100000001000000001001000000000111000001010000000000000000000000000000010000011000,1,234.4217407081716,0.606861401304615,0.0142470409628003,0,0,0,,0,0,0,100,14,0.14,235.69905253013388,235.69905253013388,0.0,11.138014527845035,11.138014527845035,37.89473684210527,36.0,0.2939198278181328,3.0875,3.0875,5.0,0.6174999999999999,0,0,0,0,4197.539043669447,41.97539043669447,7384.55039353928,643.0071064002052,67.88525280568194,124.06744141741282,1,235.84435576879588,0000100000000000001100000001000000001001000000000111000001010000000000000000000000000000010000011000,0.0,235.84435576879588
06ac6393eee7a87a46f65b36cf9d1863821846f32cd08b7f9dd84710f2fa08a1,3,2,20290923,moderate,0.6,5.0,20263731,lagrangian_relaxation,0000100001000000001100001001000000000001100000010111000101010000010000000000000000000000010101011000,1,234.4217407081716,0.3346565680144102,0.0101619589840993,300,0,0,False,0,0,0,100,21,0.21,235.93811646915503,235.93811646915503,0.0,17.91767554479419,17.91767554479419,37.89473684210527,36.0,0.4728275490987355,4.79375,4.79375,5.0,0.95875,0,0,0,0,4127.935721161859,41.27935721161859,7042.870263035958,571.7586025750835,60.48871599798703,244.22811941821888,0,inf,0000100001000000001100001001000000000001100000000111000101010000010000000000000000000000010001011000,0.02,235.2062484603052
06ac6393eee7a87a46f65b36cf9d1863821846f32cd08b7f9dd84710f2fa08a1,3,2,20290923,moderate,0.6,5.0,20263731,legacy_count_br,0000001000000000001000011011000000000000100000010010000100010000000000000000000001100100010001011110,1,234.4217407081716,1.5565874345483852,0.0011605410836637,100,0,0,False,0,0,0,100,20,0.2,239.5830558636124,239.5830558636124,0.0,18.159806295399516,18.159806295399516,37.89473684210527,36.0,0.4792171105730427,4.89125,4.89125,5.0,0.97825,0,0,0,0,4222.066301778495,42.22066301778494,7471.173524371294,553.2685953176227,58.67621856475378,250.046493607129,0,inf,0000001000000000001000011011000000000000100000010010000100010000000000000000000000000000010001011110,0.03,238.0707200678846
06ac6393eee7a87a46f65b36cf9d1863821846f32cd08b7f9dd84710f2fa08a1,3,2,20290923,moderate,0.6,5.0,20263731,random_feasible,0000001000000000001100010001000000000001010100000001010011000000000000000010000000110000011001010011,1,234.4217407081716,1.943201308782715,0.0003607090329751,0,0,0,,0,0,0,100,21,0.21,241.18418649659665,241.18418649659665,0.0,18.159806295399516,18.159806295399516,37.89473684210527,36.0,0.4792171105730427,4.8100000000000005,4.8100000000000005,5.0,0.962,0,0,0,0,4204.395646674494,42.04395646674494,7377.824902268022,664.0319194640118,67.85248895343965,250.046493607129,0,inf,0000001000000000001100010001000000000001010000000001010011000000000000000000000000100000011001010011,0.03,238.977027041684
06ac6393eee7a87a46f65b36cf9d1863821846f32cd08b7f9dd84710f2fa08a1,3,2,20290923,moderate,0.6,5.0,20263731,all_local,0000000000000000000000000000000000000000000000000000000000000000000000000000000000000000000000000000,1,234.4217407081716,5.924087995834592,0.0,0,0,0,,0,0,0,100,0,0.0,248.30909090909088,248.30909090909088,0.0,0.0,0.0,37.89473684210527,36.0,0.0,0.0,0.0,5.0,0.0,0,0,0,0,4582.8,45.828,9165.6,0.0,0.0,0.0,1,248.30909090909088,0000000000000000000000000000000000000000000000000000000000000000000000000000000000000000000000000000,0.0,248.30909090909088
06ac6393eee7a87a46f65b36cf9d1863821846f32cd08b7f9dd84710f2fa08a1,3,2,20290923,moderate,0.6,5.0,20263731,all_offload,1111111111111111111111111111111111111111111111111111111111111111111111111111111111111111111111111111,0,234.4217407081716,0.3346565680144102,0.0,0,0,0,,0,0,0,100,100,1.0,inf,inf,0.0,100.0,100.0,37.89473684210527,36.0,2.6388888888888884,26.909999999999993,26.909999999999993,5.0,5.381999999999999,1,1,1,1,inf,inf,125.13645483399,9621.92934002598,1251.3645483398998,inf,0,inf,0000100001000000001100001001000000000001100000000111000101010000010000000000000000000000010001011000,0.81,235.2062484603052
06ac6393eee7a87a46f65b36cf9d1863821846f32cd08b7f9dd84710f2fa08a1,3,2,20290923,moderate,0.6,5.0,20263731,qdp_oracle,0000100000000000001100001001000000000001000000000111000101010000000000000000000000000000010000011000,1,234.4217407081716,2.4248356269810148e-14,1.336185917025432,0,0,0,,0,0,0,100,15,0.15,234.26298182298785,234.26298182298785,0.0,11.864406779661016,11.864406779661016,37.89473684210527,36.0,0.3130885122410545,3.2499999999999996,3.2499999999999996,5.0,0.6499999999999999,0,0,0,0,4214.816574047911,42.14816574047911,7470.733653459152,453.8236936669688,48.91023061015061,133.9479095270733,1,234.42174070817165,0000100000000000001100001001000000000001000000000111000101010000000000000000000000000000010000011000,0.0,234.42174070817165
06ac6393eee7a87a46f65b36cf9d1863821846f32cd08b7f9dd84710f2fa08a1,3,2,20290923,highly_constrained,0.3,2.0,20263731,wa_mcbr,0000000000000000001000001001000000000000000000000010000100010000000000000000000000000000010000011000,1,237.7311740036245,0.8565447387041645,0.0053370000096037,100,0,0,True,3800,8000,11800,100,9,0.09,239.41533081065944,239.41533081065944,0.0,7.021791767554479,7.021791767554479,18.947368421052634,18.0,0.3705945655098197,1.96625,1.96625,2.0,0.983125,0,0,0,0,4374.965230665919,43.74965230665919,8211.901517410177,295.6031508592524,33.501934464000485,167.20025646505658,0,inf,0000000000000000001000001001000000000000000000000010000000010000000000000000000000000000010000011000,0.01,239.76744786681218
06ac6393eee7a87a46f65b36cf9d1863821846f32cd08b7f9dd84710f2fa08a1,3,2,20290923,highly_constrained,0.3,2.0,20263731,wa_mcbr_swap,0000100000000000001100000001000000000000000000000111000001010000000000000000000000000000000000000000,1,237.7311740036245,0.06731361843481552,0.041132790967822,100,0,5,True,3800,8000,11800,100,9,0.09,237.24142925464687,237.24142925464687,0.0,7.021791767554479,7.021791767554479,18.947368421052634,18.0,0.3705945655098197,1.96625,1.96625,2.0,0.983125,0,0,0,0,4315.5179400203615,43.155179400203615,7941.956920708984,357.01530135286697,39.65785655375356,167.20025646505658,0,inf,0000100000000000001100000001000000000000000000000101000001010000000000000000000000000000000000000000,0.01,237.8911994589939
06ac6393eee7a87a46f65b36cf9d1863821846f32cd08b7f9dd84710f2fa08a1,3,2,20290923,highly_constrained,0.3,2.0,20263731,capacity_greedy,0000100000000000001100000001000000001000000000000101000001010000000000000000000000000000000000000000,1,237.7311740036245,0.06731361843481552,0.0084570000180974,0,0,0,,0,0,0,100,9,0.09,238.0578641409792,238.0578641409792,0.0,7.021791767554479,7.021791767554479,18.947368421052634,18.0,0.3705945655098197,1.96625,1.96625,2.0,0.983125,0,0,0,0,4295.716507840185,42.95716507840185,7844.936714540631,556.8561702221372,59.634948959060914,167.20025646505658,0,inf,0000100000000000001100000001000000000000000000000101000001010000000000000000000000000000000000000000,0.01,237.8911994589939
06ac6393eee7a87a46f65b36cf9d1863821846f32cd08b7f9dd84710f2fa08a1,3,2,20290923,highly_constrained,0.3,2.0,20263731,lagrangian_relaxation,0000100000000000001100000001000000000000000000000101000001010000000000000000000000000000010000010000,1,237.7311740036245,1.1955398592348973e-14,0.0095565420342609,300,0,0,True,0,0,0,100,10,0.1,237.023867571952,237.023867571952,0.0,7.021791767554479,7.021791767554479,18.947368421052634,18.0,0.3705945655098197,1.99875,1.99875,2.0,0.999375,0,0,0,0,4308.049728893546,43.080497288935454,7905.996236732208,357.7726328895198,39.62367322071248,167.20025646505658,0,inf,0000100000000000001100000001000000000000000000000100000001010000000000000000000000000000010000010000,0.01,237.73117400362452
06ac6393eee7a87a46f65b36cf9d1863821846f32cd08b7f9dd84710f2fa08a1,3,2,20290923,highly_constrained,0.3,2.0,20263731,legacy_count_br,0000000000000000001000001001000000000000000000000010000100010000000000000000000000000000010000011000,1,237.7311740036245,0.8565447387041645,0.0018135829595848,100,0,0,True,0,0,0,100,9,0.09,239.41533081065944,239.41533081065944,0.0,7.021791767554479,7.021791767554479,18.947368421052634,18.0,0.3705945655098197,1.96625,1.96625,2.0,0.983125,0,0,0,0,4374.965230665919,43.74965230665919,8211.901517410177,295.6031508592524,33.501934464000485,167.20025646505658,0,inf,0000000000000000001000001001000000000000000000000010000000010000000000000000000000000000010000011000,0.01,239.76744786681218
06ac6393eee7a87a46f65b36cf9d1863821846f32cd08b7f9dd84710f2fa08a1,3,2,20290923,highly_constrained,0.3,2.0,20263731,random_feasible,0000000000000000001100000001000000000001000000000001000001000000000000000000000000000000010001010000,1,237.7311740036245,0.7196740482683439,0.0005098750116303,0,0,0,,0,0,0,100,9,0.09,239.06915200091063,239.06915200091063,0.0,6.5375302663438255,6.5375302663438255,18.947368421052634,18.0,0.3450363196125907,1.80375,1.80375,2.0,0.901875,0,0,0,0,4371.737786861427,43.717377868614264,8197.478066669508,308.05354118550355,30.8962966121177,151.7005545286506,0,inf,0000000000000000001100000001000000000001000000000001000001000000000000000000000000000000010000010000,0.01,239.44206356757223
06ac6393eee7a87a46f65b36cf9d1863821846f32cd08b7f9dd84710f2fa08a1,3,2,20290923,highly_constrained,0.3,2.0,20263731,all_local,0000000000000000000000000000000000000000000000000000000000000000000000000000000000000000000000000000,1,237.7311740036245,4.449528737575293,0.0,0,0,0,,0,0,0,100,0,0.0,248.30909090909088,248.30909090909088,0.0,0.0,0.0,18.947368421052634,18.0,0.0,0.0,0.0,2.0,0.0,0,0,0,0,4582.8,45.828,9165.6,0.0,0.0,0.0,1,248.30909090909088,0000000000000000000000000000000000000000000000000000000000000000000000000000000000000000000000000000,0.0,248.30909090909088
06ac6393eee7a87a46f65b36cf9d1863821846f32cd08b7f9dd84710f2fa08a1,3,2,20290923,highly_constrained,0.3,2.0,20263731,all_offload,1111111111111111111111111111111111111111111111111111111111111111111111111111111111111111111111111111,0,237.7311740036245,1.1955398592348973e-14,0.0,0,0,0,,0,0,0,100,100,1.0,inf,inf,0.0,100.0,100.0,18.947368421052634,18.0,5.277777777777777,26.909999999999993,26.909999999999993,2.0,13.454999999999997,1,1,1,1,inf,inf,125.13645483399,9621.92934002598,1251.3645483398998,inf,0,inf,0000100000000000001100000001000000000000000000000100000001010000000000000000000000000000010000010000,0.91,237.73117400362452
06ac6393eee7a87a46f65b36cf9d1863821846f32cd08b7f9dd84710f2fa08a1,3,2,20290923,highly_constrained,0.3,2.0,20263731,qdp_oracle,0000100000000000001100000001000000000000000000000100000001010000000000000000000000000000010000010000,1,237.7311740036245,1.1955398592348973e-14,0.276920499978587,0,0,0,,0,0,0,100,9,0.09,237.61251268498572,237.61251268498572,0.0,6.053268765133172,6.053268765133172,18.947368421052634,18.0,0.3194780737153618,1.755,1.755,2.0,0.8775000000000001,0,0,0,0,4338.798703242382,43.387987032423815,8049.911730902762,306.93526834918214,34.63676697360367,137.36509191539824,1,237.73117400362452,0000100000000000001100000001000000000000000000000100000001010000000000000000000000000000010000010000,0.0,237.73117400362452
06ac6393eee7a87a46f65b36cf9d1863821846f32cd08b7f9dd84710f2fa08a1,3,3,20291020,abundant,1.0,13.0,20263732,wa_mcbr,0000101001100000001100001001000000000001000000000010000001011000000000000001000000000000001100001010,1,234.1100221200145,0.014474175625350865,0.0350589159643277,731,70,0,True,27778,58480,86258,100,18,0.18,234.0372756229257,234.0372756229257,0.0,15.254237288135592,15.254237288135592,63.15789473684211,60.0,0.2415254237288135,4.11125,4.11125,13.0,0.31625,0,0,0,0,4177.370911818358,41.773709118183575,7291.0583405806365,532.1083846946296,58.79669892425489,99.60893854748603,1,234.1439076157727,0000101001100000001100001001000000000001000000000010000001011000000000000001000000000000001100001010,0.0,234.1439076157727
06ac6393eee7a87a46f65b36cf9d1863821846f32cd08b7f9dd84710f2fa08a1,3,3,20291020,abundant,1.0,13.0,20263732,wa_mcbr_swap,1000101001100000001100001000000000000001000000000010000001011000000000000001000000000000001100001010,1,234.1100221200145,0.010307036038563007,0.065534416004084,731,70,1,False,27778,58480,86258,100,18,0.18,234.02324805479537,234.02324805479537,0.0,15.738498789346249,15.738498789346249,63.15789473684211,60.0,0.2491928974979822,4.24125,4.24125,13.0,0.32625,0,0,0,0,4166.668077832749,41.66668077832749,7240.701577724682,556.3626506563187,61.19876248230889,102.97500671862404,1,234.1341519243643,1000101001100000001100001000000000000001000000000010000001011000000000000001000000000000001100001010,0.0,234.1341519243643
06ac6393eee7a87a46f65b36cf9d1863821846f32cd08b7f9dd84710f2fa08a1,3,3,20291020,abundant,1.0,13.0,20263732,capacity_greedy,1000101001100000001100001001000000000001000000000010000000011000000000000000000000000000001100001010,1,234.1100221200145,0.0008934096783066993,0.0174447090830653,0,0,0,,0,0,0,100,17,0.17,234.00736591741628,234.00736591741628,0.0,15.012106537530268,15.012106537530268,63.15789473684211,60.0,0.2376916868442292,4.03,4.03,13.0,0.31,0,0,0,0,4173.146928757569,41.73146928757569,7273.043899466492,557.7503946391992,61.40585097013982,97.95129698253042,1,234.11211368161,1000101001100000001100001001000000000001000000000010000000011000000000000000000000000000001100001010,0.0,234.11211368161
06ac6393eee7a87a46f65b36cf9d1863821846f32cd08b7f9dd84710f2fa08a1,3,3,20291020,abundant,1.0,13.0,20263732,lagrangian_relaxation,0000100000000000001100000001000000000000000000000000000001011000000000000000000000001000000000010000,1,234.1100221200145,1.596368403349148,0.0309480830328539,300,0,0,False,0,0,0,100,9,0.09,237.82867402020983,237.82867402020983,0.0,5.5690072639225185,5.5690072639225185,63.15789473684211,60.0,0.0881759483454398,1.7225,1.7225,13.0,0.1325,0,0,0,0,4337.37733259534,43.3737733259534,8042.83551613945,419.9723635598132,48.39068216117096,44.17570258906837,1,237.8472805422121,0000100000000000001100000001000000000000000000000000000001011000000000000000000000001000000000010000,0.0,237.8472805422121
06ac6393eee7a87a46f65b36cf9d1863821846f32cd08b7f9dd84710f2fa08a1,3,3,20291020,abundant,1.0,13.0,20263732,legacy_count_br,0000101101100000001101001001000000000001101000001010000001011000000000000011000000110000011100011010,1,234.1100221200145,1.8742043203675984,0.004954666015692,695,66,0,False,0,0,0,100,28,0.28,238.11811131739609,238.11811131739609,0.0,24.455205811138015,24.455205811138015,63.15789473684211,60.0,0.3872074253430185,6.5,6.5,13.0,0.5,0,0,0,0,4032.4958998461616,40.32495899846162,6572.297538969077,768.3137475044982,82.05496318134585,177.9683898584129,1,238.49772226900134,0000101101100000001101001001000000000001101000001010000001011000000000000011000000110000011100011010,0.0,238.49772226900134
06ac6393eee7a87a46f65b36cf9d1863821846f32cd08b7f9dd84710f2fa08a1,3,3,20291020,abundant,1.0,13.0,20263732,random_feasible,1010001111110100110101110011000011000000011110111010000111111001101110110111000000000000000000101111,1,234.1100221200145,26.05441993805083,0.0001132920151576,0,0,0,,0,0,0,100,48,0.48,377.78165580609937,377.78165580609937,0.0,47.94188861985472,47.94188861985472,63.15789473684211,60.0,0.7590799031476997,12.91875,12.91875,13.0,0.99375,0,0,0,0,3838.6904679170298,38.38690467917029,4990.81401621054,3090.029639393727,325.29200438625475,807.688442211055,0,inf,1000001111100100000101110011000011000000011110011010000111111001001010110111000000000000000000101111,0.07,295.10603040022676
06ac6393eee7a87a46f65b36cf9d1863821846f32cd08b7f9dd84710f2fa08a1,3,3,20291020,abundant,1.0,13.0,20263732,all_local,0000000000000000000000000000000000000000000000000000000000000000000000000000000000000000000000000000,1,234.1100221200145,6.06512641385227,0.0,0,0,0,,0,0,0,100,0,0.0,248.30909090909088,248.30909090909088,0.0,0.0,0.0,63.15789473684211,60.0,0.0,0.0,0.0,13.0,0.0,0,0,0,0,4582.8,45.828,9165.6,0.0,0.0,0.0,1,248.30909090909088,0000000000000000000000000000000000000000000000000000000000000000000000000000000000000000000000000000,0.0,248.30909090909088
06ac6393eee7a87a46f65b36cf9d1863821846f32cd08b7f9dd84710f2fa08a1,3,3,20291020,abundant,1.0,13.0,20263732,all_offload,1111111111111111111111111111111111111111111111111111111111111111111111111111111111111111111111111111,0,234.1100221200145,16.63721489765573,0.0,0,0,0,,0,0,0,100,100,1.0,inf,inf,0.0,100.0,100.0,63.15789473684211,60.0,1.5833333333333333,26.909999999999993,26.909999999999993,13.0,2.0699999999999994,1,1,1,1,inf,inf,134.29445115798453,10145.467861959256,1342.9445115798453,inf,0,inf,0000101101100100001101011001000000100001111100001010000111011000011000110011000001111011111100011011,0.55,273.05940959707067
06ac6393eee7a87a46f65b36cf9d1863821846f32cd08b7f9dd84710f2fa08a1,3,3,20291020,abundant,1.0,13.0,20263732,qdp_oracle,1000101001100000001100001000000000000001000000000010000001011000000000000000000000000000001100001010,1,234.1100221200145,-1.2140321534732872e-14,7.746452583000064,0,0,0,,0,0,0,100,17,0.17,234.01320597838313,234.01320597838313,0.0,14.769975786924938,14.769975786924938,63.15789473684211,60.0,0.2338579499596448,3.9975,3.9975,13.0,0.3075,0,0,0,0,4181.554012634627,41.81554012634627,7312.607148879469,536.2787335772505,59.244051733468105,96.31024493020806,1,234.11002212001446,1000101001100000001100001000000000000001000000000010000001011000000000000000000000000000001100001010,0.0,234.11002212001446
06ac6393eee7a87a46f65b36cf9d1863821846f32cd08b7f9dd84710f2fa08a1,3,3,20291020,moderate,0.6,5.0,20263732,wa_mcbr,1000100000100000001100001001000000000001000000000010000001011000000000000000000000000000001000001010,1,235.3458087042812,0.011080589080685311,0.0358780829701572,700,34,0,True,26600,56000,82600,100,15,0.15,235.18636002759507,235.18636002759507,0.0,12.590799031476996,12.590799031476996,37.89473684210527,36.0,0.3322571966639762,3.4612499999999997,3.4612499999999997,5.0,0.6922499999999999,0,0,0,0,4199.535637604797,41.995356376047965,7395.303478408397,544.6468583160005,60.23189389315848,144.39564867042702,1,235.37188640626235,1000100000100000001100001001000000000001000000000010000001011000000000000000000000000000001000001010,0.0,235.37188640626235
06ac6393eee7a87a46f65b36cf9d1863821846f32cd08b7f9dd84710f2fa08a1,3,3,20291020,moderate,0.6,5.0,20263732,wa_mcbr_swap,1000100001100000001100001000000000000001000000000010000001011000000000000000000000000000001000001010,1,235.3458087042812,-1.2076573441814171e-14,0.0621047490276396,700,34,1,True,26600,56000,82600,100,15,0.15,235.1667808102005,235.1667808102005,0.0,12.832929782082322,12.832929782082322,37.89473684210527,36.0,0.3386467581382835,3.51,3.51,5.0,0.702,0,0,0,0,4210.972459472943,42.109724594729435,7449.241363721028,503.4844842025132,56.0909147351984,148.01281399369464,1,235.34580870428118,1000100001100000001100001000000000000001000000000010000001011000000000000000000000000000001000001010,0.0,235.34580870428118
06ac6393eee7a87a46f65b36cf9d1863821846f32cd08b7f9dd84710f2fa08a1,3,3,20291020,moderate,0.6,5.0,20263732,capacity_greedy,1000100001100000001100001001000000000001000000000010000000011000000000000000000000000000001000001010,1,235.3458087042812,0.009728576550606827,0.0150850829668343,0,0,0,,0,0,0,100,15,0.15,235.1718614265201,235.1718614265201,0.0,13.07506053268765,13.07506053268765,37.89473684210527,36.0,0.3450363196125907,3.5424999999999995,3.5424999999999995,5.0,0.7084999999999999,0,0,0,0,4202.576320572916,42.02576320572916,7409.6764621234925,526.7208169990743,58.430808232812765,151.70055452865057,1,235.36870450143965,1000100001100000001100001001000000000001000000000010000000011000000000000000000000000000001000001010,0.0,235.36870450143965
06ac6393eee7a87a46f65b36cf9d1863821846f32cd08b7f9dd84710f2fa08a1,3,3,20291020,moderate,0.6,5.0,20263732,lagrangian_relaxation,0000101001100000001100001001000000000001000000000010000001011000000000000001000000101000011100011010,1,235.3458087042812,0.3699367774869655,0.0083603330422192,300,0,0,False,0,0,0,100,22,0.22,237.42242902169983,237.42242902169983,0.0,17.917675544794186,17.917675544794186,37.89473684210527,36.0,0.4728275490987354,4.875,4.875,5.0,0.975,0,0,0,0,4120.408430468929,41.20408430468929,6999.902704531091,628.8823564421424,68.30475141321504,244.22811941821885,0,inf,0000100001100000001100001001000000000001000000000010000001011000000000000000000000001000011100011010,0.03,236.21643940495247
06ac6393eee7a87a46f65b36cf9d1863821846f32cd08b7f9dd84710f2fa08a1,3,3,20291020,moderate,0.6,5.0,20263732,legacy_count_br,1000000001000000001100001000000000000000101000001010000100001000001000000001000000111010110100000010,1,235.3458087042812,1.1608944971325021,0.0015517090214416,136,8,0,False,0,0,0,100,21,0.21,240.8655652409361,240.8655652409361,0.0,18.886198547215496,18.886198547215496,37.89473684210527,36.0,0.4983857949959644,4.972500000000001,4.972500000000001,5.0,0.9945000000000002,0,0,0,0,4201.687727590276,42.016877275902765,7366.975264665667,631.0246099955496,65.48879360323834,268.39098954143196,0,inf,1000000001000000001100001000000000000000101000001010000000001000000000000001000000101000110100000010,0.04,238.0779252467612
06ac6393eee7a87a46f65b36cf9d1863821846f32cd08b7f9dd84710f2fa08a1,3,3,20291020,moderate,0.6,5.0,20263732,random_feasible,1000001101100000000101000001000000000000001000001010000101011000000000010011000000000000000000001010,1,235.3458087042812,0.9607830966124288,0.0004551659803837,0,0,0,,0,0,0,100,20,0.2,239.47879324374313,239.47879324374313,0.0,18.401937046004843,18.401937046004843,37.89473684210527,36.0,0.48560667204735,4.891250000000001,4.891250000000001,5.0,0.9782500000000004,0,0,0,0,4152.255758243382,41.52255758243382,7143.903618541413,696.7784979431577,75.18092707065438,256.0094142259414,0,inf,1000001101100000000101000001000000000000000000001010000001011000000000000011000000000000000000001010,0.03,237.60697145289777
06ac6393eee7a87a46f65b36cf9d1863821846f32cd08b7f9dd84710f2fa08a1,3,3,20291020,moderate,0.6,5.0,20263732,all_local,0000000000000000000000000000000000000000000000000000000000000000000000000000000000000000000000000000,1,235.3458087042812,5.508184860474151,0.0,0,0,0,,0,0,0,100,0,0.0,248.30909090909088,248.30909090909088,0.0,0.0,0.0,37.89473684210527,36.0,0.0,0.0,0.0,5.0,0.0,0,0,0,0,4582.8,45.828,9165.6,0.0,0.0,0.0,1,248.30909090909088,0000000000000000000000000000000000000000000000000000000000000000000000000000000000000000000000000000,0.0,248.30909090909088
06ac6393eee7a87a46f65b36cf9d1863821846f32cd08b7f9dd84710f2fa08a1,3,3,20291020,moderate,0.6,5.0,20263732,all_offload,1111111111111111111111111111111111111111111111111111111111111111111111111111111111111111111111111111,0,235.3458087042812,0.3699367774869655,0.0,0,0,0,,0,0,0,100,100,1.0,inf,inf,0.0,100.0,100.0,37.89473684210527,36.0,2.6388888888888884,26.909999999999993,26.909999999999993,5.0,5.381999999999999,1,1,1,1,inf,inf,134.29445115798453,10145.467861959256,1342.9445115798453,inf,0,inf,0000100001100000001100001001000000000001000000000010000001011000000000000000000000001000011100011010,0.81,236.21643940495247
06ac6393eee7a87a46f65b36cf9d1863821846f32cd08b7f9dd84710f2fa08a1,3,3,20291020,moderate,0.6,5.0,20263732,qdp_oracle,1000100001100000001100001000000000000001000000000010000001011000000000000000000000000000001000001010,1,235.3458087042812,-1.2076573441814171e-14,1.448431541910395,0,0,0,,0,0,0,100,15,0.15,235.1667808102005,235.1667808102005,0.0,12.832929782082322,12.832929782082322,37.89473684210527,36.0,0.3386467581382835,3.51,3.51,5.0,0.702,0,0,0,0,4210.972459472943,42.109724594729435,7449.241363721028,503.4844842025132,56.0909147351984,148.01281399369464,1,235.34580870428118,1000100001100000001100001000000000000001000000000010000001011000000000000000000000000000001000001010,0.0,235.34580870428118
06ac6393eee7a87a46f65b36cf9d1863821846f32cd08b7f9dd84710f2fa08a1,3,3,20291020,highly_constrained,0.3,2.0,20263732,wa_mcbr,1000000001000000000100001000000000000000000000001000000000001000000000000000000000001000010000000000,1,238.3846334107057,1.0303669808815765,0.0052480419399216,100,0,0,True,3800,8000,11800,100,8,0.08,240.45639635679672,240.45639635679672,0.0,6.779661016949153,6.779661016949153,18.947368421052634,18.0,0.3578154425612053,1.8525,1.8525,2.0,0.92625,0,0,0,0,4390.949297954568,43.909492979545675,8283.908912525754,359.366056637788,38.61406571948258,159.29618768328444,0,inf,1000000001000000000100001000000000000000000000000000000000001000000000000000000000001000010000000000,0.01,240.8408699608652
06ac6393eee7a87a46f65b36cf9d1863821846f32cd08b7f9dd84710f2fa08a1,3,3,20291020,highly_constrained,0.3,2.0,20263732,wa_mcbr_swap,1000100000000000001100000000000000000001000000000010000000011000000000000000000000000000000000000000,1,238.3846334107057,0.13700360951541754,0.0423938338644802,100,0,5,True,3800,8000,11800,100,8,0.08,237.92692381461623,237.92692381461623,0.0,6.779661016949152,6.779661016949152,18.947368421052634,18.0,0.3578154425612052,1.93375,1.93375,2.0,0.966875,0,0,0,0,4330.2307876856485,43.30230787685648,8010.347596316939,369.55227302272687,43.449539617386385,159.29618768328444,0,inf,1000100000000000001100000000000000000001000000000000000000011000000000000000000000000000000000000000,0.01,238.71122896300847
06ac6393eee7a87a46f65b36cf9d1863821846f32cd08b7f9dd84710f2fa08a1,3,3,20291020,highly_constrained,0.3,2.0,20263732,capacity_greedy,1000100000000000001100000000000000000001000000000010000000011000000000000000000000000000000000000000,1,238.3846334107057,0.13700360951541754,0.0080034589627757,0,0,0,,0,0,0,100,8,0.08,237.92692381461623,237.92692381461623,0.0,6.779661016949152,6.779661016949152,18.947368421052634,18.0,0.3578154425612052,1.93375,1.93375,2.0,0.966875,0,0,0,0,4330.2307876856485,43.30230787685648,8010.347596316939,369.55227302272687,43.449539617386385,159.29618768328444,0,inf,1000100000000000001100000000000000000001000000000000000000011000000000000000000000000000000000000000,0.01,238.71122896300847
06ac6393eee7a87a46f65b36cf9d1863821846f32cd08b7f9dd84710f2fa08a1,3,3,20291020,highly_constrained,0.3,2.0,20263732,lagrangian_relaxation,0000100000000000001100000001000000000001000000000000000001011000000000000000000000000000000000011000,1,238.3846334107057,0.040200145340522395,0.0102291660150513,300,0,0,True,0,0,0,100,10,0.1,237.97585665335933,237.97585665335933,0.0,6.779661016949152,6.779661016949152,18.947368421052634,18.0,0.3578154425612052,1.99875,1.99875,2.0,0.999375,0,0,0,0,4313.463328794109,43.134633287941085,7927.689542263579,427.0366917275427,48.954226357774914,159.29618768328444,0,inf,0000100000000000001100000001000000000000000000000000000001011000000000000000000000000000000000011000,0.01,238.48046437980628
06ac6393eee7a87a46f65b36cf9d1863821846f32cd08b7f9dd84710f2fa08a1,3,3,20291020,highly_constrained,0.3,2.0,20263732,legacy_count_br,1000000001000000000100001000000000000000000000001000000000001000000000000000000000001000010000000000,1,238.3846334107057,1.0303669808815765,0.0017252910183742,100,0,0,True,0,0,0,100,8,0.08,240.45639635679672,240.45639635679672,0.0,6.779661016949153,6.779661016949153,18.947368421052634,18.0,0.3578154425612053,1.8525,1.8525,2.0,0.92625,0,0,0,0,4390.949297954568,43.909492979545675,8283.908912525754,359.366056637788,38.61406571948258,159.29618768328444,0,inf,1000000001000000000100001000000000000000000000000000000000001000000000000000000000001000010000000000,0.01,240.8408699608652
06ac6393eee7a87a46f65b36cf9d1863821846f32cd08b7f9dd84710f2fa08a1,3,3,20291020,highly_constrained,0.3,2.0,20263732,random_feasible,1000000000000000000100000001000000000000000000000010000001011000000000000000000000000000000000001000,1,238.3846334107057,0.44418017876274224,0.0005724169313907,0,0,0,,0,0,0,100,8,0.08,238.6696291423452,238.6696291423452,0.0,6.5375302663438255,6.5375302663438255,18.947368421052634,18.0,0.3450363196125907,1.885,1.885,2.0,0.9425,0,0,0,0,4334.0258856996315,43.340258856996314,8024.813613178519,451.5351579252927,51.70164731491585,151.7005545286506,0,inf,1000000000000000000100000001000000000000000000000000000001011000000000000000000000000000000000001000,0.01,239.44349070153228
06ac6393eee7a87a46f65b36cf9d1863821846f32cd08b7f9dd84710f2fa08a1,3,3,20291020,highly_constrained,0.3,2.0,20263732,all_local,0000000000000000000000000000000000000000000000000000000000000000000000000000000000000000000000000000,1,238.3846334107057,4.163211930395963,0.0,0,0,0,,0,0,0,100,0,0.0,248.30909090909088,248.30909090909088,0.0,0.0,0.0,18.947368421052634,18.0,0.0,0.0,0.0,2.0,0.0,0,0,0,0,4582.8,45.828,9165.6,0.0,0.0,0.0,1,248.30909090909088,0000000000000000000000000000000000000000000000000000000000000000000000000000000000000000000000000000,0.0,248.30909090909088
06ac6393eee7a87a46f65b36cf9d1863821846f32cd08b7f9dd84710f2fa08a1,3,3,20291020,highly_constrained,0.3,2.0,20263732,all_offload,1111111111111111111111111111111111111111111111111111111111111111111111111111111111111111111111111111,0,238.3846334107057,0.040200145340522395,0.0,0,0,0,,0,0,0,100,100,1.0,inf,inf,0.0,100.0,100.0,18.947368421052634,18.0,5.277777777777777,26.909999999999993,26.909999999999993,2.0,13.454999999999997,1,1,1,1,inf,inf,134.29445115798453,10145.467861959256,1342.9445115798453,inf,0,inf,0000100000000000001100000001000000000000000000000000000001011000000000000000000000000000000000011000,0.91,238.48046437980628
06ac6393eee7a87a46f65b36cf9d1863821846f32cd08b7f9dd84710f2fa08a1,3,3,20291020,highly_constrained,0.3,2.0,20263732,qdp_oracle,1000100000000000001100000001000000000000000000000000000001011000000000000000000000000000000000000000,1,238.3846334107057,1.1922626481312283e-14,0.2963673750637099,0,0,0,,0,0,0,100,8,0.08,238.2731284380217,238.2731284380217,0.0,5.811138014527845,5.811138014527845,18.947368421052634,18.0,0.3066989507667473,1.7225,1.7225,2.0,0.8612500000000001,0,0,0,0,4328.283982088948,43.28283982088948,7999.616297962359,454.90404749802514,52.03724529482437,130.59371362048893,1,238.38463341070573,1000100000000000001100000001000000000000000000000000000001011000000000000000000000000000000000000000,0.0,238.38463341070573
06ac6393eee7a87a46f65b36cf9d1863821846f32cd08b7f9dd84710f2fa08a1,3,4,20291117,abundant,1.0,13.0,20263733,wa_mcbr,0000100000000000001000000001000000000001000100000100000001001000000110010010000000000000010000010001,1,235.4422535126553,0.002265811728589718,0.0495587089098989,1043,75,0,True,39634,83440,123074,100,15,0.15,235.38705699436645,235.38705699436645,0.0,12.348668280871667,12.348668280871667,63.15789473684211,60.0,0.1955205811138014,3.3474999999999997,3.3474999999999997,13.0,0.2574999999999999,0,0,0,0,4200.643628986309,42.00643628986309,7399.00099945448,628.8152958517246,66.73329696533797,80.75996990218208,1,235.44758819084944,0000100000000000001000000001000000000001000100000100000001001000000110010010000000000000010000010001,0.0,235.44758819084944
06ac6393eee7a87a46f65b36cf9d1863821846f32cd08b7f9dd84710f2fa08a1,3,4,20291117,abundant,1.0,13.0,20263733,wa_mcbr_swap,0000100000000000001000000001000000000001000100000100000001001000000110010010000000000000010000010001,1,235.4422535126553,0.002265811728589718,0.0626154168276116,1043,75,0,True,39634,83440,123074,100,15,0.15,235.38705699436645,235.38705699436645,0.0,12.348668280871667,12.348668280871667,63.15789473684211,60.0,0.1955205811138014,3.3474999999999997,3.3474999999999997,13.0,0.2574999999999999,0,0,0,0,4200.643628986309,42.00643628986309,7399.00099945448,628.8152958517246,66.73329696533797,80.75996990218208,1,235.44758819084944,0000100000000000001000000001000000000001000100000100000001001000000110010010000000000000010000010001,0.0,235.44758819084944
06ac6393eee7a87a46f65b36cf9d1863821846f32cd08b7f9dd84710f2fa08a1,3,4,20291117,abundant,1.0,13.0,20263733,capacity_greedy,0000100000000000001000000001000000001001000000000100000001001000000110000010000000000000000000010001,1,235.4422535126553,0.30519831673844733,0.0131930829957127,0,0,0,,0,0,0,100,13,0.13,236.1148880128484,236.1148880128484,0.0,10.895883777239709,10.895883777239709,63.15789473684211,60.0,0.1725181598062953,2.99,2.99,13.0,0.23,0,0,0,0,4198.3110862685535,41.983110862685535,7388.229020202688,751.8082791690366,79.15540020675286,72.12143379663495,1,236.160819307267,0000100000000000001000000001000000001001000000000100000001001000000110000010000000000000000000010001,0.0,236.160819307267
06ac6393eee7a87a46f65b36cf9d1863821846f32cd08b7f9dd84710f2fa08a1,3,4,20291117,abundant,1.0,13.0,20263733,lagrangian_relaxation,0000100000000000001000000001000000000000000000000100000001011000000100000000000000001000000000010000,1,235.4422535126553,0.6082340281313909,0.0509768329793587,300,0,0,False,0,0,0,100,10,0.1,236.85012680882824,236.85012680882824,0.0,7.021791767554479,7.021791767554479,63.15789473684211,60.0,0.1111783696529459,2.09625,2.09625,13.0,0.16125,0,0,0,0,4269.281158460106,42.69281158460106,7726.317910960393,596.8445633772183,71.79109603944144,51.271282633371165,1,236.87429341511864,0000100000000000001000000001000000000000000000000100000001011000000100000000000000001000000000010000,0.0,236.87429341511864
06ac6393eee7a87a46f65b36cf9d1863821846f32cd08b7f9dd84710f2fa08a1,3,4,20291117,abundant,1.0,13.0,20263733,legacy_count_br,0000101100000000001000001011000000000001100100000100000101000000000010010011000010101011111000010001,1,235.4422535126553,1.9861728002069388,0.0038808749523013,547,71,0,False,0,0,0,100,27,0.27,239.86531220111345,239.86531220111345,0.0,23.486682808716708,23.486682808716708,63.15789473684211,60.0,0.3718724778046812,6.109999999999999,6.109999999999999,13.0,0.47,0,0,0,0,4118.543119302864,41.18543119302864,6968.00694614116,740.9960665526426,74.33133856148801,168.00835207195627,1,240.11854351211792,0000101100000000001000001011000000000001100100000100000101000000000010010011000010101011111000010001,0.0,240.11854351211792
06ac6393eee7a87a46f65b36cf9d1863821846f32cd08b7f9dd84710f2fa08a1,3,4,20291117,abundant,1.0,13.0,20263733,random_feasible,1010101101000100001000101100000000100010001011011001100001000111101111101010011011011111111100011111,1,235.4422535126553,29.67720647064697,8.933397475630045e-05,0,0,0,,0,0,0,100,50,0.5,392.85878096202737,392.85878096202737,0.0,47.94188861985472,47.94188861985472,63.15789473684211,60.0,0.7590799031476997,12.87,12.87,13.0,0.99,0,0,0,0,3851.294767039221,38.51294767039221,4985.2220190956095,3218.2068985733604,344.44038191219875,807.688442211055,0,inf,1000101101000100001000101100000000100010001010010001000001000001101111101010010011011111111100011111,0.07,305.3149372067501
06ac6393eee7a87a46f65b36cf9d1863821846f32cd08b7f9dd84710f2fa08a1,3,4,20291117,abundant,1.0,13.0,20263733,all_local,0000000000000000000000000000000000000000000000000000000000000000000000000000000000000000000000000000,1,235.4422535126553,5.464965274699079,0.0,0,0,0,,0,0,0,100,0,0.0,248.30909090909088,248.30909090909088,0.0,0.0,0.0,63.15789473684211,60.0,0.0,0.0,0.0,13.0,0.0,0,0,0,0,4582.8,45.828,9165.6,0.0,0.0,0.0,1,248.30909090909088,0000000000000000000000000000000000000000000000000000000000000000000000000000000000000000000000000000,0.0,248.30909090909088
06ac6393eee7a87a46f65b36cf9d1863821846f32cd08b7f9dd84710f2fa08a1,3,4,20291117,abundant,1.0,13.0,20263733,all_offload,1111111111111111111111111111111111111111111111111111111111111111111111111111111111111111111111111111,0,235.4422535126553,17.658371941031124,0.0,0,0,0,,0,0,0,100,100,1.0,inf,inf,0.0,100.0,100.0,63.15789473684211,60.0,1.5833333333333333,26.909999999999993,26.909999999999993,13.0,2.0699999999999994,1,1,1,1,inf,inf,115.9061657699016,9101.929320639236,1159.0616576990158,inf,0,inf,0000101101000101001011001011000000100001110110000100000111000000000010011111000011101111111101111001,0.56,277.0175223442654
06ac6393eee7a87a46f65b36cf9d1863821846f32cd08b7f9dd84710f2fa08a1,3,4,20291117,abundant,1.0,13.0,20263733,qdp_oracle,0000100000000000001000000001000000000001000000000100000001001000000110010010000000000000010000010001,1,235.4422535126553,0.0,8.821837374940515,0,0,0,,0,0,0,100,14,0.14,235.3905250264367,235.3905250264367,0.0,11.380145278450362,11.380145278450362,63.15789473684211,60.0,0.180185633575464,3.10375,3.10375,13.0,0.23875,0,0,0,0,4212.480197468864,42.12480197468864,7456.517886614318,616.4955929115677,65.56332959413912,74.94708343588479,1,235.4422535126553,0000100000000000001000000001000000000001000000000100000001001000000110010010000000000000010000010001,0.0,235.4422535126553
06ac6393eee7a87a46f65b36cf9d1863821846f32cd08b7f9dd84710f2fa08a1,3,4,20291117,moderate,0.6,5.0,20263733,wa_mcbr,0000100000000000001000000001000000000001000000000100000001001000000110000010000000000000010000010001,1,236.13928373303295,1.2035993749577111e-14,0.0250225829659029,500,29,0,True,19000,40000,59000,100,13,0.13,236.04124781253552,236.04124781253552,0.0,10.411622276029057,10.411622276029057,37.89473684210527,36.0,0.2747511433952112,2.86,2.86,5.0,0.572,0,0,0,0,4228.018971996639,42.280189719966394,7528.424503046157,594.4424274660515,63.42331124290822,114.70926458314013,1,236.13928373303298,0000100000000000001000000001000000000001000000000100000001001000000110000010000000000000010000010001,0.0,236.13928373303298
06ac6393eee7a87a46f65b36cf9d1863821846f32cd08b7f9dd84710f2fa08a1,3,4,20291117,moderate,0.6,5.0,20263733,wa_mcbr_swap,0000100000000000001000000001000000000001000000000100000001001000000110000010000000000000010000010001,1,236.13928373303295,1.2035993749577111e-14,0.0366328739328309,500,29,0,True,19000,40000,59000,100,13,0.13,236.04124781253552,236.04124781253552,0.0,10.411622276029057,10.411622276029057,37.89473684210527,36.0,0.2747511433952112,2.86,2.86,5.0,0.572,0,0,0,0,4228.018971996639,42.280189719966394,7528.424503046157,594.4424274660515,63.42331124290822,114.70926458314013,1,236.13928373303298,0000100000000000001000000001000000000001000000000100000001001000000110000010000000000000010000010001,0.0,236.13928373303298
06ac6393eee7a87a46f65b36cf9d1863821846f32cd08b7f9dd84710f2fa08a1,3,4,20291117,moderate,0.6,5.0,20263733,capacity_greedy,0000100000000000001000000001000000001001000000000100000000001000000110000010000000000000000000010001,1,236.13928373303295,0.26731043260984794,0.0123272499768063,0,0,0,,0,0,0,100,12,0.12,236.68001397809772,236.68001397809772,0.0,10.411622276029057,10.411622276029057,37.89473684210527,36.0,0.2747511433952112,2.8274999999999997,2.8274999999999997,5.0,0.5654999999999999,0,0,0,0,4219.110469395435,42.19110469395435,7485.301850193122,711.1631850364429,75.15418276014461,114.70926458314013,1,236.77050867394152,0000100000000000001000000001000000001001000000000100000000001000000110000010000000000000000000010001,0.0,236.77050867394152
06ac6393eee7a87a46f65b36cf9d1863821846f32cd08b7f9dd84710f2fa08a1,3,4,20291117,moderate,0.6,5.0,20263733,lagrangian_relaxation,0000101100000000001000000011000000000001100100000100000001000000000010010010000010101010011000010001,1,236.13928373303295,0.8544953375128396,0.0091407500440254,300,0,0,False,0,0,0,100,22,0.22,239.87550468130544,239.87550468130544,0.0,18.64406779661017,18.64406779661017,37.89473684210527,36.0,0.4919962335216572,4.891250000000001,4.891250000000001,5.0,0.9782500000000004,0,0,0,0,4187.582046908062,41.875820469080615,7302.145681652819,609.7888875978718,61.167347855394375,262.1223354958295,0,inf,0000101100000000001000000011000000000001000100000100000001000000000010010010000000001010011000010001,0.03,238.15708290256794
06ac6393eee7a87a46f65b36cf9d1863821846f32cd08b7f9dd84710f2fa08a1,3,4,20291117,moderate,0.6,5.0,20263733,legacy_count_br,0000101100000000001000001011000000000001100100000100000001001000000010000000000010101010011100010000,1,236.13928373303295,0.943958109637934,0.0033306669211015,437,14,0,False,0,0,0,100,22,0.22,240.24338960248153,240.24338960248153,0.0,18.401937046004843,18.401937046004843,37.89473684210527,36.0,0.48560667204735,4.891250000000001,4.891250000000001,5.0,0.9782500000000004,0,0,0,0,4170.776622054391,41.70776622054391,7223.113249549215,652.0188609736439,68.78407041884999,256.0094142259414,0,inf,0000101100000000001000000011000000000001100100000100000001001000000010000000000000101010011000010000,0.03,238.36833965187185
06ac6393eee7a87a46f65b36cf9d1863821846f32cd08b7f9dd84710f2fa08a1,3,4,20291117,moderate,0.6,5.0,20263733,random_feasible,0000101101000100001000001000000000000000000000000000000001000000000010000010000011001011111100011001,1,236.13928373303295,1.9391967501371365,0.0003870839718729,0,0,0,,0,0,0,100,22,0.22,243.1313483795227,243.1313483795227,0.0,18.64406779661017,18.64406779661017,37.89473684210527,36.0,0.4919962335216572,4.9725,4.9725,5.0,0.9945,0,0,0,0,4236.653943773015,42.366539437730154,7518.253297069602,658.5114723684978,66.05895770923242,262.1223354958295,0,inf,0000101101000000001000001000000000000000000000000000000001000000000010000010000010001010111100011001,0.03,240.71848904898104
06ac6393eee7a87a46f65b36cf9d1863821846f32cd08b7f9dd84710f2fa08a1,3,4,20291117,moderate,0.6,5.0,20263733,all_local,0000000000000000000000000000000000000000000000000000000000000000000000000000000000000000000000000000,1,236.13928373303295,5.153656343692688,0.0,0,0,0,,0,0,0,100,0,0.0,248.30909090909088,248.30909090909088,0.0,0.0,0.0,37.89473684210527,36.0,0.0,0.0,0.0,5.0,0.0,0,0,0,0,4582.8,45.828,9165.6,0.0,0.0,0.0,1,248.30909090909088,0000000000000000000000000000000000000000000000000000000000000000000000000000000000000000000000000000,0.0,248.30909090909088
06ac6393eee7a87a46f65b36cf9d1863821846f32cd08b7f9dd84710f2fa08a1,3,4,20291117,moderate,0.6,5.0,20263733,all_offload,1111111111111111111111111111111111111111111111111111111111111111111111111111111111111111111111111111,0,236.13928373303295,0.8544953375128396,0.0,0,0,0,,0,0,0,100,100,1.0,inf,inf,0.0,100.0,100.0,37.89473684210527,36.0,2.6388888888888884,26.909999999999993,26.909999999999993,5.0,5.381999999999999,1,1,1,1,inf,inf,115.9061657699016,9101.929320639236,1159.0616576990158,inf,0,inf,0000101100000000001000000011000000000001000100000100000001000000000010010010000000001010011000010001,0.81,238.15708290256794
06ac6393eee7a87a46f65b36cf9d1863821846f32cd08b7f9dd84710f2fa08a1,3,4,20291117,moderate,0.6,5.0,20263733,qdp_oracle,0000100000000000001000000001000000000001000000000100000001001000000110000010000000000000010000010001,1,236.13928373303295,1.2035993749577111e-14,1.4818495840299877,0,0,0,,0,0,0,100,13,0.13,236.04124781253552,236.04124781253552,0.0,10.411622276029057,10.411622276029057,37.89473684210527,36.0,0.2747511433952112,2.86,2.86,5.0,0.572,0,0,0,0,4228.018971996639,42.280189719966394,7528.424503046157,594.4424274660515,63.42331124290822,114.70926458314013,1,236.13928373303298,0000100000000000001000000001000000000001000000000100000001001000000110000010000000000000010000010001,0.0,236.13928373303298
06ac6393eee7a87a46f65b36cf9d1863821846f32cd08b7f9dd84710f2fa08a1,3,4,20291117,highly_constrained,0.3,2.0,20263733,wa_mcbr,0000100000000000001000000011000000000000000100000000000000001000000000000000000000000000011000010000,1,238.31671987385337,0.8298912215150326,0.0053091660374775,100,0,0,True,3800,8000,11800,100,9,0.09,240.05896432328208,240.05896432328208,0.0,6.779661016949152,6.779661016949152,18.947368421052634,18.0,0.3578154425612052,1.885,1.885,2.0,0.9425,0,0,0,0,4385.5177406000175,43.85517740600017,8258.727561326648,320.4527678742145,36.39570296097774,159.29618768328444,0,inf,0000100000000000001000000011000000000000000000000000000000001000000000000000000000000000011000010000,0.01,240.29448941148905
06ac6393eee7a87a46f65b36cf9d1863821846f32cd08b7f9dd84710f2fa08a1,3,4,20291117,highly_constrained,0.3,2.0,20263733,wa_mcbr_swap,0000100000000000001000000001000000000000000000000100000001001000000110000000000000000000000000010000,1,238.31671987385337,0.0,0.0329667080659419,100,0,4,True,3800,8000,11800,100,9,0.09,237.83454276559743,237.83454276559743,0.0,6.779661016949152,6.779661016949152,18.947368421052634,18.0,0.3578154425612052,1.93375,1.93375,2.0,0.966875,0,0,0,0,4302.3478702862985,43.02347870286299,7877.290573137394,501.5782885720038,54.5081263769957,159.29618768328444,0,inf,0000100000000000001000000001000000000000000000000100000001001000000100000000000000000000000000010000,0.01,238.31671987385337
06ac6393eee7a87a46f65b36cf9d1863821846f32cd08b7f9dd84710f2fa08a1,3,4,20291117,highly_constrained,0.3,2.0,20263733,capacity_greedy,0000100000000000001000000001000000001000000000000100000000001000000110000000000000000000000000000000,1,238.31671987385337,0.07441033124285987,0.0077818339923396,0,0,0,,0,0,0,100,8,0.08,238.2695571187959,238.2695571187959,0.0,7.02179176755448,7.02179176755448,18.947368421052634,18.0,0.3705945655098197,1.93375,1.93375,2.0,0.966875,0,0,0,0,4293.23599401297,42.9323599401297,7834.14564272638,637.2989951562645,68.20534079762285,167.2002564650566,0,inf,0000100000000000001000000001000000000000000000000100000000001000000110000000000000000000000000000000,0.01,238.49405213451863
06ac6393eee7a87a46f65b36cf9d1863821846f32cd08b7f9dd84710f2fa08a1,3,4,20291117,highly_constrained,0.3,2.0,20263733,lagrangian_relaxation,0000100000000000001000000001000000000000000000000100000001011000000100000000000000000000000000010000,1,238.31671987385337,0.0,0.0082001250702887,300,0,0,True,0,0,0,100,9,0.09,237.93505773483716,237.93505773483716,0.0,6.5375302663438255,6.5375302663438255,18.947368421052634,18.0,0.3450363196125907,1.93375,1.93375,2.0,0.966875,0,0,0,0,4283.749195848489,42.83749195848489,7791.031925099406,575.9878730812278,70.21389993404398,151.7005545286506,0,inf,0000100000000000001000000001000000000000000000000100000001001000000100000000000000000000000000010000,0.01,238.31671987385337
06ac6393eee7a87a46f65b36cf9d1863821846f32cd08b7f9dd84710f2fa08a1,3,4,20291117,highly_constrained,0.3,2.0,20263733,legacy_count_br,0000100000000000001000000011000000000000000100000000000000001000000000000000000000000000011000010000,1,238.31671987385337,0.8298912215150326,0.0015657920157536,100,0,0,True,0,0,0,100,9,0.09,240.05896432328208,240.05896432328208,0.0,6.779661016949152,6.779661016949152,18.947368421052634,18.0,0.3578154425612052,1.885,1.885,2.0,0.9425,0,0,0,0,4385.5177406000175,43.85517740600017,8258.727561326648,320.4527678742145,36.39570296097774,159.29618768328444,0,inf,0000100000000000001000000011000000000000000000000000000000001000000000000000000000000000011000010000,0.01,240.29448941148905
06ac6393eee7a87a46f65b36cf9d1863821846f32cd08b7f9dd84710f2fa08a1,3,4,20291117,highly_constrained,0.3,2.0,20263733,random_feasible,0000100000000000001000000000000000000000000000000000000001000000000010000010000000001000010000011001,1,238.31671987385337,1.038476086553491,0.0005187500501051,0,0,0,,0,0,0,100,10,0.1,240.50221403801203,240.50221403801203,0.0,7.02179176755448,7.02179176755448,18.947368421052634,18.0,0.3705945655098197,1.96625,1.96625,2.0,0.983125,0,0,0,0,4384.2596897802905,43.842596897802906,8247.980000845835,378.7687215639749,38.00008458355895,167.2002564650566,0,inf,0000100000000000001000000000000000000000000000000000000001000000000010000010000000001000010000011000,0.01,240.791582020002
06ac6393eee7a87a46f65b36cf9d1863821846f32cd08b7f9dd84710f2fa08a1,3,4,20291117,highly_constrained,0.3,2.0,20263733,all_local,0000000000000000000000000000000000000000000000000000000000000000000000000000000000000000000000000000,1,238.31671987385337,4.192895504992981,0.0,0,0,0,,0,0,0,100,0,0.0,248.30909090909088,248.30909090909088,0.0,0.0,0.0,18.947368421052634,18.0,0.0,0.0,0.0,2.0,0.0,0,0,0,0,4582.8,45.828,9165.6,0.0,0.0,0.0,1,248.30909090909088,0000000000000000000000000000000000000000000000000000000000000000000000000000000000000000000000000000,0.0,248.30909090909088
06ac6393eee7a87a46f65b36cf9d1863821846f32cd08b7f9dd84710f2fa08a1,3,4,20291117,highly_constrained,0.3,2.0,20263733,all_offload,1111111111111111111111111111111111111111111111111111111111111111111111111111111111111111111111111111,0,238.31671987385337,0.426759987095266,0.0,0,0,0,,0,0,0,100,100,1.0,inf,inf,0.0,100.0,100.0,18.947368421052634,18.0,5.277777777777777,26.909999999999993,26.909999999999993,2.0,13.454999999999997,1,1,1,1,inf,inf,115.9061657699016,9101.929320639236,1159.0616576990158,inf,0,inf,0000100000000000001000000001000000000000000000000100000001000000000010000000000000001000010000010000,0.91,239.3337602768329
06ac6393eee7a87a46f65b36cf9d1863821846f32cd08b7f9dd84710f2fa08a1,3,4,20291117,highly_constrained,0.3,2.0,20263733,qdp_oracle,0000100000000000001000000001000000000000000000000100000001001000000100000000000000000000000000010000,1,238.31671987385337,0.0,0.3317450829781592,0,0,0,,0,0,0,100,8,0.08,238.22871978925824,238.22871978925824,0.0,5.811138014527845,5.811138014527845,18.947368421052634,18.0,0.3066989507667473,1.69,1.69,2.0,0.845,0,0,0,0,4328.321730026726,43.28321730026726,7999.603641438828,459.6225397203091,50.45517985350937,130.59371362048893,1,238.31671987385337,0000100000000000001000000001000000000000000000000100000001001000000100000000000000000000000000010000,0.0,238.31671987385337
06ac6393eee7a87a46f65b36cf9d1863821846f32cd08b7f9dd84710f2fa08a1,3,5,20291214,abundant,1.0,13.0,20263734,wa_mcbr,0000100001000001000100000001000000000001011000000110000001000000000000010000010000001000011100011000,1,234.25744899299067,0.0023659708151409645,0.0403641669545322,829,62,0,True,31502,66320,97822,100,19,0.19,234.1366071420423,234.1366071420423,0.0,15.980629539951574,15.980629539951574,63.15789473684211,60.0,0.2530266343825665,4.2575,4.2575,13.0,0.3275,0,0,0,0,4192.865709826078,41.928657098260786,7359.370941841115,509.3007730691869,51.10220216395969,104.6839546191248,1,234.26299145586614,0000100001000001000100000001000000000001011000000110000001000000000000010000010000001000011100011000,0.0,234.26299145586614
06ac6393eee7a87a46f65b36cf9d1863821846f32cd08b7f9dd84710f2fa08a1,3,5,20291214,abundant,1.0,13.0,20263734,wa_mcbr_swap,0000100001000001000100000001000000000001011000000110000001000000000000010000010000001000011100011000,1,234.25744899299067,0.0023659708151409645,0.0562073749024421,829,62,0,True,31502,66320,97822,100,19,0.19,234.1366071420423,234.1366071420423,0.0,15.980629539951574,15.980629539951574,63.15789473684211,60.0,0.2530266343825665,4.2575,4.2575,13.0,0.3275,0,0,0,0,4192.865709826078,41.928657098260786,7359.370941841115,509.3007730691869,51.10220216395969,104.6839546191248,1,234.26299145586614,0000100001000001000100000001000000000001011000000110000001000000000000010000010000001000011100011000,0.0,234.26299145586614
06ac6393eee7a87a46f65b36cf9d1863821846f32cd08b7f9dd84710f2fa08a1,3,5,20291214,abundant,1.0,13.0,20263734,capacity_greedy,1000100001000001000100000000000000001001010000000110000001000000000100000000000000000000001000001000,1,234.25744899299067,1.6826061649585522,0.0140358750941231,0,0,0,,0,0,0,100,14,0.14,238.1222350475188,238.1222350475188,0.0,13.559322033898304,13.559322033898304,63.15789473684211,60.0,0.2146892655367231,3.5912500000000005,3.5912500000000005,13.0,0.27625,0,0,0,0,4184.16743766992,41.8416743766992,7309.294928880185,923.6145098246664,92.49492001310676,88.34532374100718,1,238.19907927162137,1000100001000001000100000000000000001001010000000110000001000000000100000000000000000000001000001000,0.0,238.19907927162137
06ac6393eee7a87a46f65b36cf9d1863821846f32cd08b7f9dd84710f2fa08a1,3,5,20291214,abundant,1.0,13.0,20263734,lagrangian_relaxation,1000100000000000001100000001000000001000000000000100000001000000000100000000000000001000000000010000,1,234.25744899299067,2.4975487865481516,0.0300280000083148,300,0,0,False,0,0,0,100,11,0.11,240.07359131182815,240.07359131182815,0.0,8.716707021791768,8.716707021791768,63.15789473684211,60.0,0.1380145278450363,2.4537500000000003,2.4537500000000003,13.0,0.18875,0,0,0,0,4240.662545330948,42.40662545330948,7571.962432830394,1054.7487583803422,105.67571185403996,60.028089887640455,1,240.10814306771377,1000100000000000001100000001000000001000000000000100000001000000000100000000000000001000000000010000,0.0,240.10814306771377
06ac6393eee7a87a46f65b36cf9d1863821846f32cd08b7f9dd84710f2fa08a1,3,5,20291214,abundant,1.0,13.0,20263734,legacy_count_br,0000101001000101000100100001000000000001011100000110000001000000000000110000010010001010011100011001,1,234.25744899299067,1.3643328778529353,0.004348958027549,580,56,0,False,0,0,0,100,27,0.27,237.11446518545517,237.11446518545517,0.0,23.486682808716708,23.486682808716708,63.15789473684211,60.0,0.3718724778046812,6.15875,6.15875,13.0,0.47375,0,0,0,0,4111.213926443806,41.112139264438056,6946.153332387571,647.3222569578603,64.93823657669608,168.00835207195627,1,237.45350038842162,0000101001000101000100100001000000000001011100000110000001000000000000110000010010001010011100011001,0.0,237.45350038842162
06ac6393eee7a87a46f65b36cf9d1863821846f32cd08b7f9dd84710f2fa08a1,3,5,20291214,abundant,1.0,13.0,20263734,random_feasible,0000001111001110110111001100000001101000011110100011110110111110001100000110010101011000101001010010,1,234.25744899299067,37.28956857357209,8.645805064588785e-05,0,0,0,,0,0,0,100,47,0.47,447.4408765905952,447.4408765905952,0.0,47.21549636803874,47.21549636803874,63.15789473684211,60.0,0.7475786924939467,12.85375,12.85375,13.0,0.98875,0,0,0,0,3879.539786260616,38.79539786260616,4923.756644261274,4446.821821045822,513.9711544952074,760.4076738609112,0,inf,0000001111000100000111001100000001101000011110000011100110110110001000000110010101011000101001010010,0.08,321.6110410739326
06ac6393eee7a87a46f65b36cf9d1863821846f32cd08b7f9dd84710f2fa08a1,3,5,20291214,abundant,1.0,13.0,20263734,all_local,0000000000000000000000000000000000000000000000000000000000000000000000000000000000000000000000000000,1,234.25744899299067,5.998375708650637,0.0,0,0,0,,0,0,0,100,0,0.0,248.30909090909088,248.30909090909088,0.0,0.0,0.0,63.15789473684211,60.0,0.0,0.0,0.0,13.0,0.0,0,0,0,0,4582.8,45.828,9165.6,0.0,0.0,0.0,1,248.30909090909088,0000000000000000000000000000000000000000000000000000000000000000000000000000000000000000000000000000,0.0,248.30909090909088
06ac6393eee7a87a46f65b36cf9d1863821846f32cd08b7f9dd84710f2fa08a1,3,5,20291214,abundant,1.0,13.0,20263734,all_offload,1111111111111111111111111111111111111111111111111111111111111111111111111111111111111111111111111111,0,234.25744899299067,17.93315689799988,0.0,0,0,0,,0,0,0,100,100,1.0,inf,inf,0.0,100.0,100.0,63.15789473684211,60.0,1.5833333333333333,26.909999999999993,26.909999999999993,13.0,2.0699999999999994,1,1,1,1,inf,inf,146.95195645077928,10944.319721043004,1469.519564507793,inf,0,inf,0000101101100101000100110001100000000001111100000110000011100000010000110001010011111111111110011111,0.55,276.26720486615574
06ac6393eee7a87a46f65b36cf9d1863821846f32cd08b7f9dd84710f2fa08a1,3,5,20291214,abundant,1.0,13.0,20263734,qdp_oracle,0000100001000001000100000001000000000001010000000110000001000000000000010000010000001000011100011000,1,234.25744899299067,1.2132681181572341e-14,9.850019583012909,0,0,0,,0,0,0,100,18,0.18,234.1465395956091,234.1465395956091,0.0,15.012106537530263,15.012106537530263,63.15789473684211,60.0,0.2376916868442291,4.01375,4.01375,13.0,0.3087499999999999,0,0,0,0,4205.4585782215145,42.05458578221514,7420.492592307857,494.19193754601446,49.58846154757935,97.95129698253042,1,234.2574489929907,0000100001000001000100000001000000000001010000000110000001000000000000010000010000001000011100011000,0.0,234.2574489929907
06ac6393eee7a87a46f65b36cf9d1863821846f32cd08b7f9dd84710f2fa08a1,3,5,20291214,moderate,0.6,5.0,20263734,wa_mcbr,0000100001000001000100000001000000000001010000000110000001000000000000000000010000001000011000011000,1,235.6648151263005,0.0,0.0390270829666405,782,32,0,True,29716,62560,92276,100,16,0.16,235.45484917971964,235.45484917971964,0.0,13.075060532687653,13.075060532687653,37.89473684210527,36.0,0.3450363196125907,3.52625,3.52625,5.0,0.70525,0,0,0,0,4236.514741445874,42.36514741445874,7564.331320258657,455.4707858384951,45.70751616600724,151.7005545286506,1,235.6648151263005,0000100001000001000100000001000000000001010000000110000001000000000000000000010000001000011000011000,0.0,235.6648151263005
06ac6393eee7a87a46f65b36cf9d1863821846f32cd08b7f9dd84710f2fa08a1,3,5,20291214,moderate,0.6,5.0,20263734,wa_mcbr_swap,0000100001000001000100000001000000000001010000000110000001000000000000000000010000001000011000011000,1,235.6648151263005,0.0,0.0528125829296186,782,32,0,True,29716,62560,92276,100,16,0.16,235.45484917971964,235.45484917971964,0.0,13.075060532687653,13.075060532687653,37.89473684210527,36.0,0.3450363196125907,3.52625,3.52625,5.0,0.70525,0,0,0,0,4236.514741445874,42.36514741445874,7564.331320258657,455.4707858384951,45.70751616600724,151.7005545286506,1,235.6648151263005,0000100001000001000100000001000000000001010000000110000001000000000000000000010000001000011000011000,0.0,235.6648151263005
06ac6393eee7a87a46f65b36cf9d1863821846f32cd08b7f9dd84710f2fa08a1,3,5,20291214,moderate,0.6,5.0,20263734,capacity_greedy,1000100000000001000100000000000000001001010000000110000001000000000100000000000000000000000000001000,1,235.6648151263005,1.4553757476979214,0.012321374961175,0,0,0,,0,0,0,100,12,0.12,238.96262356461315,238.96262356461315,0.0,11.622276029055689,11.622276029055689,37.89473684210527,36.0,0.3066989507667473,3.10375,3.10375,5.0,0.62075,0,0,0,0,4219.336733719297,42.19336733719297,7474.698502521012,914.1340963208928,91.54187675100172,130.59371362048887,1,239.09462369150583,1000100000000001000100000000000000001001010000000110000001000000000100000000000000000000000000001000,0.0,239.09462369150583
06ac6393eee7a87a46f65b36cf9d1863821846f32cd08b7f9dd84710f2fa08a1,3,5,20291214,moderate,0.6,5.0,20263734,lagrangian_relaxation,0000101001000001000100100001000000000001011100000110000001000000000000010000010000001000011100011000,1,235.6648151263005,0.33368884661602155,0.0093046670081093,300,0,0,False,0,0,0,100,22,0.22,237.71844129150745,237.71844129150745,0.0,18.64406779661017,18.64406779661017,37.89473684210527,36.0,0.4919962335216572,4.94,4.94,5.0,0.988,0,0,0,0,4166.334839342239,41.6633483934224,7212.02080791326,553.0976346059447,55.491268784522376,262.1223354958295,0,inf,0000100001000001000100100001000000000001011000000110000001000000000000010000010000001000011000011000,0.03,236.45120232977524
06ac6393eee7a87a46f65b36cf9d1863821846f32cd08b7f9dd84710f2fa08a1,3,5,20291214,moderate,0.6,5.0,20263734,legacy_count_br,0000101001100101000000100001000000000000001100000010000001000000000000100000000010100001011100010010,1,235.6648151263005,1.4667848157684424,0.0023677919525653,292,11,0,False,0,0,0,100,21,0.21,241.04289410104656,241.04289410104656,0.0,18.64406779661017,18.64406779661017,37.89473684210527,36.0,0.4919962335216572,4.8425,4.8425,5.0,0.9685,0,0,0,0,4250.968421651725,42.50968421651725,7597.150370659587,545.8977431577518,54.7795552184035,262.1223354958295,0,inf,0000101001100001000000100001000000000000001100000010000001000000000000100000000010000001011100010000,0.03,239.12151085068186
06ac6393eee7a87a46f65b36cf9d1863821846f32cd08b7f9dd84710f2fa08a1,3,5,20291214,moderate,0.6,5.0,20263734,random_feasible,0000001101000100000100000000000000000000011100000011000010100000000000000010010000011000101000010010,1,235.6648151263005,2.10955285018491,0.0003739579115062,0,0,0,,0,0,0,100,20,0.2,243.30150353768536,243.30150353768536,0.0,18.64406779661017,18.64406779661017,37.89473684210527,36.0,0.4919962335216572,4.858750000000001,4.858750000000001,5.0,0.97175,0,0,0,0,4252.061277121231,42.520612771212306,7593.766291960786,680.9415205657315,68.31459803929647,262.1223354958295,0,inf,0000001101000100000100000000000000000000011100000010000010000000000000000000010000011000101000010010,0.03,240.63628895068038
06ac6393eee7a87a46f65b36cf9d1863821846f32cd08b7f9dd84710f2fa08a1,3,5,20291214,moderate,0.6,5.0,20263734,all_local,0000000000000000000000000000000000000000000000000000000000000000000000000000000000000000000000000000,1,235.6648151263005,5.365364267896288,0.0,0,0,0,,0,0,0,100,0,0.0,248.30909090909088,248.30909090909088,0.0,0.0,0.0,37.89473684210527,36.0,0.0,0.0,0.0,5.0,0.0,0,0,0,0,4582.8,45.828,9165.6,0.0,0.0,0.0,1,248.30909090909088,0000000000000000000000000000000000000000000000000000000000000000000000000000000000000000000000000000,0.0,248.30909090909088
06ac6393eee7a87a46f65b36cf9d1863821846f32cd08b7f9dd84710f2fa08a1,3,5,20291214,moderate,0.6,5.0,20263734,all_offload,1111111111111111111111111111111111111111111111111111111111111111111111111111111111111111111111111111,0,235.6648151263005,0.33368884661602155,0.0,0,0,0,,0,0,0,100,100,1.0,inf,inf,0.0,100.0,100.0,37.89473684210527,36.0,2.6388888888888884,26.909999999999993,26.909999999999993,5.0,5.381999999999999,1,1,1,1,inf,inf,146.95195645077928,10944.319721043004,1469.519564507793,inf,0,inf,0000100001000001000100100001000000000001011000000110000001000000000000010000010000001000011000011000,0.81,236.45120232977524
06ac6393eee7a87a46f65b36cf9d1863821846f32cd08b7f9dd84710f2fa08a1,3,5,20291214,moderate,0.6,5.0,20263734,qdp_oracle,0000100001000001000100000001000000000001010000000110000001000000000000000000010000001000011000011000,1,235.6648151263005,0.0,1.9292589160613716,0,0,0,,0,0,0,100,16,0.16,235.45484917971964,235.45484917971964,0.0,13.075060532687653,13.075060532687653,37.89473684210527,36.0,0.3450363196125907,3.52625,3.52625,5.0,0.70525,0,0,0,0,4236.514741445874,42.36514741445874,7564.331320258657,455.4707858384951,45.70751616600724,151.7005545286506,1,235.6648151263005,0000100001000001000100000001000000000001010000000110000001000000000000000000010000001000011000011000,0.0,235.6648151263005
06ac6393eee7a87a46f65b36cf9d1863821846f32cd08b7f9dd84710f2fa08a1,3,5,20291214,highly_constrained,0.3,2.0,20263734,wa_mcbr,0000100001000000000000000001000000000000001000000010000001000000000000000000000000000000001100000000,1,239.68248095957492,0.6391297233184055,0.0051587079651653,100,0,0,True,3800,8000,11800,100,8,0.08,240.869615022822,240.869615022822,0.0,7.02179176755448,7.02179176755448,18.947368421052634,18.0,0.3705945655098197,1.8525,1.8525,2.0,0.92625,0,0,0,0,4415.90169072958,44.1590169072958,8399.017266453706,270.5110847325108,27.15830671337853,167.2002564650566,0,inf,0000100001000000000000000001000000000000000000000010000001000000000000000000000000000000001100000000,0.01,241.21436293697454
06ac6393eee7a87a46f65b36cf9d1863821846f32cd08b7f9dd84710f2fa08a1,3,5,20291214,highly_constrained,0.3,2.0,20263734,wa_mcbr_swap,1000100000000001000100000000000000000001000000000110000001000000000000000000000000000000000000000000,1,239.68248095957492,0.21237960199182468,0.0432182078948244,100,0,5,True,3800,8000,11800,100,8,0.08,239.38270057702096,239.38270057702096,0.0,7.263922518159807,7.263922518159807,18.947368421052634,18.0,0.3833736884584341,1.93375,1.93375,2.0,0.966875,0,0,0,0,4364.778053359117,43.64778053359117,8165.098389229754,371.8247327169071,37.29865371927877,175.43193717277484,0,inf,0000100000000001000100000000000000000001000000000110000001000000000000000000000000000000000000000000,0.01,240.191517658681
06ac6393eee7a87a46f65b36cf9d1863821846f32cd08b7f9dd84710f2fa08a1,3,5,20291214,highly_constrained,0.3,2.0,20263734,capacity_greedy,1000100000000000000000000000000000001001000000000110000000000000000100000000000000000000000000000000,1,239.68248095957492,0.4124302674319751,0.0070537499850615,0,0,0,,0,0,0,100,7,0.07,240.98580028430524,240.98580028430524,0.0,7.506053268765134,7.506053268765134,18.947368421052634,18.0,0.3961528114070487,1.9824999999999997,1.9824999999999997,2.0,0.99125,0,0,0,0,4325.509612646553,43.25509612646553,7974.622844917077,888.7897772452942,88.97784529665695,184.01202940521276,0,inf,1000100000000000000000000000000000001001000000000110000000000000000000000000000000000000000000000000,0.01,240.67100405678408
06ac6393eee7a87a46f65b36cf9d1863821846f32cd08b7f9dd84710f2fa08a1,3,5,20291214,highly_constrained,0.3,2.0,20263734,lagrangian_relaxation,0000100000000001000100000001000000000001000000000100000001000000000000000000000000001000000000011000,1,239.68248095957492,1.185806710470326e-14,0.0077684159623458,300,0,0,True,0,0,0,100,10,0.1,239.07079341343817,239.07079341343817,0.0,7.263922518159806,7.263922518159806,18.947368421052634,18.0,0.3833736884584341,1.99875,1.99875,2.0,0.999375,0,0,0,0,4354.572534936546,43.545725349365455,8114.763291433679,361.8215564817358,36.32914336785338,175.43193717277484,0,inf,0000100000000000000100000001000000000001000000000100000001000000000000000000000000001000000000011000,0.01,239.68248095957495
06ac6393eee7a87a46f65b36cf9d1863821846f32cd08b7f9dd84710f2fa08a1,3,5,20291214,highly_constrained,0.3,2.0,20263734,legacy_count_br,0000100001000000000000000001000000000000001000000010000001000000000000000000000000000000001100000000,1,239.68248095957492,0.6391297233184055,0.001545250066556,100,0,0,True,0,0,0,100,8,0.08,240.869615022822,240.869615022822,0.0,7.02179176755448,7.02179176755448,18.947368421052634,18.0,0.3705945655098197,1.8525,1.8525,2.0,0.92625,0,0,0,0,4415.90169072958,44.1590169072958,8399.017266453706,270.5110847325108,27.15830671337853,167.2002564650566,0,inf,0000100001000000000000000001000000000000000000000010000001000000000000000000000000000000001100000000,0.01,241.21436293697454
06ac6393eee7a87a46f65b36cf9d1863821846f32cd08b7f9dd84710f2fa08a1,3,5,20291214,highly_constrained,0.3,2.0,20263734,random_feasible,0000000001000000000100000000000000000000010000000010000000000000000000000000010000001000001000010000,1,239.68248095957492,0.7747565227354483,0.0004733339883387,0,0,0,,0,0,0,100,8,0.08,240.79564173646625,240.79564173646625,0.0,6.779661016949153,6.779661016949153,18.947368421052634,18.0,0.3578154425612053,1.8525,1.8525,2.0,0.92625,0,0,0,0,4419.646592528401,44.19646592528401,8416.997941235215,246.52787836694685,24.742654401939877,159.29618768328444,0,inf,0000000001000000000100000000000000000000000000000010000000000000000000000000010000001000001000010000,0.01,241.53943661466337
06ac6393eee7a87a46f65b36cf9d1863821846f32cd08b7f9dd84710f2fa08a1,3,5,20291214,highly_constrained,0.3,2.0,20263734,all_local,0000000000000000000000000000000000000000000000000000000000000000000000000000000000000000000000000000,1,239.68248095957492,3.599182516377131,0.0,0,0,0,,0,0,0,100,0,0.0,248.30909090909088,248.30909090909088,0.0,0.0,0.0,18.947368421052634,18.0,0.0,0.0,0.0,2.0,0.0,0,0,0,0,4582.8,45.828,9165.6,0.0,0.0,0.0,1,248.30909090909088,0000000000000000000000000000000000000000000000000000000000000000000000000000000000000000000000000000,0.0,248.30909090909088
06ac6393eee7a87a46f65b36cf9d1863821846f32cd08b7f9dd84710f2fa08a1,3,5,20291214,highly_constrained,0.3,2.0,20263734,all_offload,1111111111111111111111111111111111111111111111111111111111111111111111111111111111111111111111111111,0,239.68248095957492,0.1233466347218174,0.0,0,0,0,,0,0,0,100,100,1.0,inf,inf,0.0,100.0,100.0,18.947368421052634,18.0,5.277777777777777,26.909999999999993,26.909999999999993,2.0,13.454999999999997,1,1,1,1,inf,inf,146.95195645077928,10944.319721043004,1469.519564507793,inf,0,inf,0000100000000000000100000001000000000000000000000100000001000000000000000000010000001000000000011000,0.91,239.9781212338563
06ac6393eee7a87a46f65b36cf9d1863821846f32cd08b7f9dd84710f2fa08a1,3,5,20291214,highly_constrained,0.3,2.0,20263734,qdp_oracle,0000100000000000000100000001000000000001000000000100000001000000000000000000000000001000000000011000,1,239.68248095957492,1.185806710470326e-14,0.4135640830500051,0,0,0,,0,0,0,100,9,0.09,239.57116513237457,239.57116513237457,0.0,6.295399515738499,6.295399515738499,18.947368421052634,18.0,0.3322571966639763,1.755,1.755,2.0,0.8775000000000001,0,0,0,0,4374.527990824211,43.74527990824211,8208.324205132976,358.71444290871966,36.02279255306359,144.39564867042702,1,239.68248095957495,0000100000000000000100000001000000000001000000000100000001000000000000000000000000001000000000011000,0.0,239.68248095957495
06ac6393eee7a87a46f65b36cf9d1863821846f32cd08b7f9dd84710f2fa08a1,3,6,20291311,abundant,1.0,13.0,20263735,wa_mcbr,0000100001000001000100001001000000000001100000000111000001010000000000000000000000100000000001011001,1,233.70903048237355,0.0,0.0352270419243723,721,59,0,True,27398,57680,85078,100,18,0.18,233.6067608634684,233.6067608634684,0.0,15.49636803874092,15.49636803874092,63.15789473684211,60.0,0.2453591606133978,4.11125,4.11125,13.0,0.31625,0,0,0,0,4168.66834474595,41.6866834474595,7251.439480264943,535.8468412039856,57.74890360797923,101.28342245989305,1,233.70903048237355,0000100001000001000100001001000000000001100000000111000001010000000000000000000000100000000001011001,0.0,233.70903048237355
06ac6393eee7a87a46f65b36cf9d1863821846f32cd08b7f9dd84710f2fa08a1,3,6,20291311,abundant,1.0,13.0,20263735,wa_mcbr_swap,0000100001000001000100001001000000000001100000000111000001010000000000000000000000100000000001011001,1,233.70903048237355,0.0,0.0502334169577807,721,59,0,True,27398,57680,85078,100,18,0.18,233.6067608634684,233.6067608634684,0.0,15.49636803874092,15.49636803874092,63.15789473684211,60.0,0.2453591606133978,4.11125,4.11125,13.0,0.31625,0,0,0,0,4168.66834474595,41.6866834474595,7251.439480264943,535.8468412039856,57.74890360797923,101.28342245989305,1,233.70903048237355,0000100001000001000100001001000000000001100000000111000001010000000000000000000000100000000001011001,0.0,233.70903048237355
06ac6393eee7a87a46f65b36cf9d1863821846f32cd08b7f9dd84710f2fa08a1,3,6,20291311,abundant,1.0,13.0,20263735,capacity_greedy,0000100001000001000100001001000000000001100000000111000001010000000000000000000000100000000001011001,1,233.70903048237355,0.0,0.0174416248919442,0,0,0,,0,0,0,100,18,0.18,233.6067608634684,233.6067608634684,0.0,15.49636803874092,15.49636803874092,63.15789473684211,60.0,0.2453591606133978,4.11125,4.11125,13.0,0.31625,0,0,0,0,4168.66834474595,41.6866834474595,7251.439480264943,535.8468412039856,57.74890360797923,101.28342245989305,1,233.70903048237355,0000100001000001000100001001000000000001100000000111000001010000000000000000000000100000000001011001,0.0,233.70903048237355
06ac6393eee7a87a46f65b36cf9d1863821846f32cd08b7f9dd84710f2fa08a1,3,6,20291311,abundant,1.0,13.0,20263735,lagrangian_relaxation,0000100000000000001100000001000000000000000000000101000001011000000000000000000000000000000000010000,1,233.70903048237355,1.485793738735911,0.0459142089821398,300,0,0,False,0,0,0,100,10,0.1,237.15729801785065,237.15729801785065,0.0,7.021791767554479,7.021791767554479,63.15789473684211,60.0,0.1111783696529459,2.0475,2.0475,13.0,0.1575,0,0,0,0,4287.168889669127,42.87168889669127,7809.063299354025,545.6176842793101,66.32993540240727,51.271282633371165,1,237.18146462414106,0000100000000000001100000001000000000000000000000101000001011000000000000000000000000000000000010000,0.0,237.18146462414106
06ac6393eee7a87a46f65b36cf9d1863821846f32cd08b7f9dd84710f2fa08a1,3,6,20291311,abundant,1.0,13.0,20263735,legacy_count_br,0000101001100001100110001001000000000001100000000111000101010000010000100001000000100000100101011001,1,233.70903048237355,3.622592628219491,0.0030598749872297,396,41,0,False,0,0,0,100,28,0.28,241.7983775460559,241.7983775460559,0.0,25.42372881355932,25.42372881355932,63.15789473684211,60.0,0.4025423728813559,6.630000000000001,6.630000000000001,13.0,0.51,0,0,0,0,4037.139771527157,40.37139771527157,6576.212612605366,895.1235525149784,93.30759304882766,188.43971631205673,1,242.17535659211126,0000101001100001100110001001000000000001100000000111000101010000010000100001000000100000100101011001,0.0,242.17535659211126
06ac6393eee7a87a46f65b36cf9d1863821846f32cd08b7f9dd84710f2fa08a1,3,6,20291311,abundant,1.0,13.0,20263735,random_feasible,0101010011000001011110111110010001110101000011110000011010100001111001010110101010101001100110000010,1,233.70903048237355,39.977150780404756,4.308298230171203e-05,0,0,0,,0,0,0,100,47,0.47,646.4835944985725,646.4835944985725,0.0,46.48910411622276,46.48910411622276,63.15789473684211,60.0,0.7360774818401937,12.691250000000002,12.691250000000002,13.0,0.9762500000000002,0,0,0,0,4128.012833357866,41.28012833357866,5482.484371343745,7257.493428851708,1065.624922207331,717.2477064220184,0,inf,0001000011000001011110111110000001100001000011010000011010100001111001010110100010101001100110000010,0.07,327.13924198573415
06ac6393eee7a87a46f65b36cf9d1863821846f32cd08b7f9dd84710f2fa08a1,3,6,20291311,abundant,1.0,13.0,20263735,all_local,0000000000000000000000000000000000000000000000000000000000000000000000000000000000000000000000000000,1,233.70903048237355,6.247110090946391,0.0,0,0,0,,0,0,0,100,0,0.0,248.30909090909088,248.30909090909088,0.0,0.0,0.0,63.15789473684211,60.0,0.0,0.0,0.0,13.0,0.0,0,0,0,0,4582.8,45.828,9165.6,0.0,0.0,0.0,1,248.30909090909088,0000000000000000000000000000000000000000000000000000000000000000000000000000000000000000000000000000,0.0,248.30909090909088
06ac6393eee7a87a46f65b36cf9d1863821846f32cd08b7f9dd84710f2fa08a1,3,6,20291311,abundant,1.0,13.0,20263735,all_offload,1111111111111111111111111111111111111111111111111111111111111111111111111111111111111111111111111111,0,233.70903048237355,15.859865927159436,0.0,0,0,0,,0,0,0,100,100,1.0,inf,inf,0.0,100.0,100.0,63.15789473684211,60.0,1.5833333333333333,26.909999999999993,26.909999999999993,13.0,2.0699999999999994,1,1,1,1,inf,inf,135.2122851551652,10194.40309588128,1352.122851551652,inf,0,inf,0000101101100001000111111011000000000001111100000111000101000000010000110011010011110001101111011011,0.56,270.7749693765422
06ac6393eee7a87a46f65b36cf9d1863821846f32cd08b7f9dd84710f2fa08a1,3,6,20291311,abundant,1.0,13.0,20263735,qdp_oracle,0000100001000001000100001001000000000001100000000111000001010000000000000000000000100000000001011001,1,233.70903048237355,0.0,9.24014604196418,0,0,0,,0,0,0,100,18,0.18,233.6067608634684,233.6067608634684,0.0,15.49636803874092,15.49636803874092,63.15789473684211,60.0,0.2453591606133978,4.11125,4.11125,13.0,0.31625,0,0,0,0,4168.66834474595,41.6866834474595,7251.439480264943,535.8468412039856,57.74890360797923,101.28342245989305,1,233.70903048237355,0000100001000001000100001001000000000001100000000111000001010000000000000000000000100000000001011001,0.0,233.70903048237355
06ac6393eee7a87a46f65b36cf9d1863821846f32cd08b7f9dd84710f2fa08a1,3,6,20291311,moderate,0.6,5.0,20263735,wa_mcbr,0000100000000001000100001001000000000001100000000111000001010000000000000000000000000000000001011001,1,235.13609203064553,0.006331785322332958,0.0402977920603007,792,22,0,True,30096,63360,93456,100,16,0.16,234.95544988372723,234.95544988372723,0.0,13.559322033898306,13.559322033898306,37.89473684210527,36.0,0.3578154425612053,3.62375,3.62375,5.0,0.72475,0,0,0,0,4201.321937118264,42.01321937118264,7402.465840546443,498.3248822082439,54.11503415274551,159.29618768328444,1,235.15098034320823,0000100000000001000100001001000000000001100000000111000001010000000000000000000000000000000001011001,0.0,235.15098034320823
06ac6393eee7a87a46f65b36cf9d1863821846f32cd08b7f9dd84710f2fa08a1,3,6,20291311,moderate,0.6,5.0,20263735,wa_mcbr_swap,0000100000000001000100001001000000000001100000000111000001010000000000000000000000000000000001011001,1,235.13609203064553,0.006331785322332958,0.0538537501124665,792,22,0,True,30096,63360,93456,100,16,0.16,234.95544988372723,234.95544988372723,0.0,13.559322033898306,13.559322033898306,37.89473684210527,36.0,0.3578154425612053,3.62375,3.62375,5.0,0.72475,0,0,0,0,4201.321937118264,42.01321937118264,7402.465840546443,498.3248822082439,54.11503415274551,159.29618768328444,1,235.15098034320823,0000100000000001000100001001000000000001100000000111000001010000000000000000000000000000000001011001,0.0,235.15098034320823
06ac6393eee7a87a46f65b36cf9d1863821846f32cd08b7f9dd84710f2fa08a1,3,6,20291311,moderate,0.6,5.0,20263735,capacity_greedy,0000100000000001000100001001000000000001100000000111000001010000000000000000000000000000000001011001,1,235.13609203064553,0.006331785322332958,0.0156751250615343,0,0,0,,0,0,0,100,16,0.16,234.95544988372723,234.95544988372723,0.0,13.559322033898306,13.559322033898306,37.89473684210527,36.0,0.3578154425612053,3.62375,3.62375,5.0,0.72475,0,0,0,0,4201.321937118264,42.01321937118264,7402.465840546443,498.3248822082439,54.11503415274551,159.29618768328444,1,235.15098034320823,0000100000000001000100001001000000000001100000000111000001010000000000000000000000000000000001011001,0.0,235.15098034320823
06ac6393eee7a87a46f65b36cf9d1863821846f32cd08b7f9dd84710f2fa08a1,3,6,20291311,moderate,0.6,5.0,20263735,lagrangian_relaxation,0000100001000001000110001001000000000001100000000111000001000000010000000001000000100000000101011001,1,235.13609203064553,0.30785615356907375,0.0087809169199317,300,0,0,False,0,0,0,100,21,0.21,236.947933426417,236.947933426417,0.0,18.64406779661017,18.64406779661017,37.89473684210527,36.0,0.4919962335216572,4.8425,4.8425,5.0,0.9685,0,0,0,0,4165.167695926027,41.651676959260264,7211.929632915412,536.3393752673558,53.79204359105741,262.1223354958295,0,inf,0000100001000001000100001001000000000001100000000111000001000000000000000001000000100000000001011001,0.03,235.8599729592237
06ac6393eee7a87a46f65b36cf9d1863821846f32cd08b7f9dd84710f2fa08a1,3,6,20291311,moderate,0.6,5.0,20263735,legacy_count_br,0000001001000001000110001001000000000001100000000111000001010000010000100001000000100000000100001001,1,235.13609203064553,0.35693769795051544,0.0012406669557094,108,1,0,False,0,0,0,100,21,0.21,237.87604093570235,237.87604093570235,0.0,19.128329297820823,19.128329297820823,37.89473684210527,36.0,0.5047753564702717,4.972500000000002,4.972500000000002,5.0,0.9945000000000004,0,0,0,0,4153.472579237684,41.53472579237684,7154.4944616779385,576.2537974755899,61.64103228279777,274.8214043188918,0,inf,0000000001000001000100001001000000000001100000000111000001010000000000000001000000100000000100001001,0.04,235.97538138459052
06ac6393eee7a87a46f65b36cf9d1863821846f32cd08b7f9dd84710f2fa08a1,3,6,20291311,moderate,0.6,5.0,20263735,random_feasible,0000000001000001001110111010000000100001000000000000000000000000010000010010000010100001100110000010,1,235.13609203064553,2.384615486900829,0.0003141249762848,0,0,0,,0,0,0,100,21,0.21,244.36674290098537,244.36674290098537,0.0,19.37046004842615,19.37046004842615,37.89473684210527,36.0,0.5111649179445789,4.940000000000001,4.940000000000001,5.0,0.9880000000000002,0,0,0,0,4273.37909029735,42.733790902973496,7687.35173043954,641.3939007333953,64.36811616857263,281.41992294991735,0,inf,0000000001000001001110101000000000000001000000000000000000000000010000010010000000100001100110000010,0.04,240.7431836965017
06ac6393eee7a87a46f65b36cf9d1863821846f32cd08b7f9dd84710f2fa08a1,3,6,20291311,moderate,0.6,5.0,20263735,all_local,0000000000000000000000000000000000000000000000000000000000000000000000000000000000000000000000000000,1,235.13609203064553,5.602287069025756,0.0,0,0,0,,0,0,0,100,0,0.0,248.30909090909088,248.30909090909088,0.0,0.0,0.0,37.89473684210527,36.0,0.0,0.0,0.0,5.0,0.0,0,0,0,0,4582.8,45.828,9165.6,0.0,0.0,0.0,1,248.30909090909088,0000000000000000000000000000000000000000000000000000000000000000000000000000000000000000000000000000,0.0,248.30909090909088
06ac6393eee7a87a46f65b36cf9d1863821846f32cd08b7f9dd84710f2fa08a1,3,6,20291311,moderate,0.6,5.0,20263735,all_offload,1111111111111111111111111111111111111111111111111111111111111111111111111111111111111111111111111111,0,235.13609203064553,0.30785615356907375,0.0,0,0,0,,0,0,0,100,100,1.0,inf,inf,0.0,100.0,100.0,37.89473684210527,36.0,2.6388888888888884,26.909999999999993,26.909999999999993,5.0,5.381999999999999,1,1,1,1,inf,inf,135.2122851551652,10194.40309588128,1352.122851551652,inf,0,inf,0000100001000001000100001001000000000001100000000111000001000000000000000001000000100000000001011001,0.82,235.8599729592237
06ac6393eee7a87a46f65b36cf9d1863821846f32cd08b7f9dd84710f2fa08a1,3,6,20291311,moderate,0.6,5.0,20263735,qdp_oracle,0000100000000001000100001001000000000001000000000111000001010000000000000000000000000000000001011001,1,235.13609203064553,1.2087344475683374e-14,1.4531077910214665,0,0,0,,0,0,0,100,15,0.15,234.97415387390544,234.97415387390544,0.0,12.590799031476996,12.590799031476996,37.89473684210527,36.0,0.3322571966639762,3.379999999999999,3.379999999999999,5.0,0.6759999999999999,0,0,0,0,4214.7020000798475,42.14702000079848,7467.1989463847,489.0710233193941,53.26309231332079,144.39564867042702,1,235.13609203064556,0000100000000001000100001001000000000001000000000111000001010000000000000000000000000000000001011001,0.0,235.13609203064556
06ac6393eee7a87a46f65b36cf9d1863821846f32cd08b7f9dd84710f2fa08a1,3,6,20291311,highly_constrained,0.3,2.0,20263735,wa_mcbr,0000000000000001000000000001000000000001000000000101000001010000000000000000010000000000000000001000,1,238.52634119025504,0.4920104106600216,0.0055756659712642,103,1,0,True,3914,8240,12154,100,9,0.09,239.0539570720547,239.0539570720547,0.0,7.263922518159808,7.263922518159808,18.947368421052634,18.0,0.3833736884584342,1.96625,1.96625,2.0,0.983125,0,0,0,0,4343.245278113617,43.43245278113617,8064.41201122323,407.3767421180561,45.77902480333958,175.43193717277487,0,inf,0000000000000000000000000001000000000001000000000101000001010000000000000000000000000000000000001000,0.02,239.69991562107754
06ac6393eee7a87a46f65b36cf9d1863821846f32cd08b7f9dd84710f2fa08a1,3,6,20291311,highly_constrained,0.3,2.0,20263735,wa_mcbr_swap,0000100000000001000100000001000000000001000000000101000001010000000000000000000000000000000000000000,1,238.52634119025504,1.1915543284896189e-14,0.0207656250568106,103,1,2,True,3914,8240,12154,100,9,0.09,238.03928201804715,238.03928201804715,0.0,7.263922518159806,7.263922518159806,18.947368421052634,18.0,0.3833736884584341,1.96625,1.96625,2.0,0.983125,0,0,0,0,4325.431311156771,43.25431311156771,7985.190472908113,383.6026358017518,43.385878679247455,175.43193717277484,0,inf,0000100000000000000100000001000000000001000000000101000001010000000000000000000000000000000000000000,0.01,238.52634119025507
06ac6393eee7a87a46f65b36cf9d1863821846f32cd08b7f9dd84710f2fa08a1,3,6,20291311,highly_constrained,0.3,2.0,20263735,capacity_greedy,0000100000000000000100000001000000000000000000000111000001010000000000000000000000000000000000001000,1,238.52634119025504,0.047739834847000236,0.0084280830342322,0,0,0,,0,0,0,100,9,0.09,237.95605151090257,237.95605151090257,0.0,7.263922518159806,7.263922518159806,18.947368421052634,18.0,0.3833736884584341,1.99875,1.99875,2.0,0.999375,0,0,0,0,4323.82074611133,43.2382074611133,7977.989428765773,382.4287418639052,43.26986286375755,175.43193717277484,0,inf,0000100000000000000100000001000000000000000000000101000001010000000000000000000000000000000000001000,0.01,238.64021327160586
06ac6393eee7a87a46f65b36cf9d1863821846f32cd08b7f9dd84710f2fa08a1,3,6,20291311,highly_constrained,0.3,2.0,20263735,lagrangian_relaxation,0000100000000000001100000001000000000000000000000101000001010000000000000000000000000000000000010000,1,238.52634119025504,0.05168206492121091,0.0103795420145615,300,0,0,False,0,0,0,100,9,0.09,238.3652412113552,238.3652412113552,0.0,6.295399515738499,6.295399515738499,18.947368421052634,18.0,0.3322571966639763,1.80375,1.80375,2.0,0.901875,0,0,0,0,4325.75545108951,43.2575545108951,7985.251183413153,450.6544723862203,50.131490350337515,144.39564867042702,0,inf,0000100000000000000100000001000000000000000000000101000001010000000000000000000000000000000000010000,0.01,238.64961652876318
06ac6393eee7a87a46f65b36cf9d1863821846f32cd08b7f9dd84710f2fa08a1,3,6,20291311,highly_constrained,0.3,2.0,20263735,legacy_count_br,0000000000000001000000000001000000000001000000000101000001010000000000000000010000000000000000001000,1,238.52634119025504,0.4920104106600216,0.0017508750315755,103,1,0,True,0,0,0,100,9,0.09,239.0539570720547,239.0539570720547,0.0,7.263922518159808,7.263922518159808,18.947368421052634,18.0,0.3833736884584342,1.96625,1.96625,2.0,0.983125,0,0,0,0,4343.245278113617,43.43245278113617,8064.41201122323,407.3767421180561,45.77902480333958,175.43193717277487,0,inf,0000000000000000000000000001000000000001000000000101000001010000000000000000000000000000000000001000,0.02,239.69991562107754
06ac6393eee7a87a46f65b36cf9d1863821846f32cd08b7f9dd84710f2fa08a1,3,6,20291311,highly_constrained,0.3,2.0,20263735,random_feasible,0000000001000001001100001000000000000001000000000000000000000000000000000000000000100000000100000000,1,238.52634119025504,1.3304030901767745,0.0004549999721348,0,0,0,,0,0,0,100,8,0.08,241.3166076760729,241.3166076760729,0.0,7.02179176755448,7.02179176755448,18.947368421052634,18.0,0.3705945655098197,1.82,1.82,2.0,0.91,0,0,0,0,4422.457340762652,44.22457340762652,8427.832918162867,289.9673388665009,29.114770358525124,167.2002564650566,0,inf,0000000001000001001100001000000000000001000000000000000000000000000000000000000000100000000000000000,0.01,241.6997030043358
06ac6393eee7a87a46f65b36cf9d1863821846f32cd08b7f9dd84710f2fa08a1,3,6,20291311,highly_constrained,0.3,2.0,20263735,all_local,0000000000000000000000000000000000000000000000000000000000000000000000000000000000000000000000000000,1,238.52634119025504,4.101328880499978,0.0,0,0,0,,0,0,0,100,0,0.0,248.30909090909088,248.30909090909088,0.0,0.0,0.0,18.947368421052634,18.0,0.0,0.0,0.0,2.0,0.0,0,0,0,0,4582.8,45.828,9165.6,0.0,0.0,0.0,1,248.30909090909088,0000000000000000000000000000000000000000000000000000000000000000000000000000000000000000000000000000,0.0,248.30909090909088
06ac6393eee7a87a46f65b36cf9d1863821846f32cd08b7f9dd84710f2fa08a1,3,6,20291311,highly_constrained,0.3,2.0,20263735,all_offload,1111111111111111111111111111111111111111111111111111111111111111111111111111111111111111111111111111,0,238.52634119025504,0.3082690947813148,0.0,0,0,0,,0,0,0,100,100,1.0,inf,inf,0.0,100.0,100.0,18.947368421052634,18.0,5.277777777777777,26.909999999999993,26.909999999999993,2.0,13.454999999999997,1,1,1,1,inf,inf,135.2122851551652,10194.40309588128,1352.122851551652,inf,0,inf,0000100000000000000100000001000000000000000000000101000001000000000000000000000000000000000000011000,0.92,239.26164418305723
06ac6393eee7a87a46f65b36cf9d1863821846f32cd08b7f9dd84710f2fa08a1,3,6,20291311,highly_constrained,0.3,2.0,20263735,qdp_oracle,0000100000000000000100000001000000000001000000000101000001010000000000000000000000000000000000000000,1,238.52634119025504,1.1915543284896189e-14,0.3072847089497372,0,0,0,,0,0,0,100,8,0.08,238.4273937882992,238.4273937882992,0.0,6.295399515738499,6.295399515738499,18.947368421052634,18.0,0.3322571966639763,1.7225,1.7225,2.0,0.8612500000000001,0,0,0,0,4345.291570860105,43.45291570860105,8078.735350607258,367.0507088426928,41.9188259073073,144.39564867042702,1,238.52634119025507,0000100000000000000100000001000000000001000000000101000001010000000000000000000000000000000000000000,0.0,238.52634119025507
06ac6393eee7a87a46f65b36cf9d1863821846f32cd08b7f9dd84710f2fa08a1,3,7,20291408,abundant,1.0,13.0,20263736,wa_mcbr,0000000001100001001100000011000000000001010000000110000000000000000010000010000000000001001000011010,1,233.8433344154953,0.01222916227553478,0.0283887920668348,558,73,0,True,21204,44640,65844,100,18,0.18,233.76996650633615,233.76996650633615,0.0,16.222760290556902,16.222760290556902,63.15789473684211,60.0,0.2568603712671509,4.24125,4.24125,13.0,0.32625,0,0,0,0,4202.029325206837,42.02029325206837,7406.054067272326,472.9964210453448,47.44818179594122,106.4105348900353,1,233.87193149633148,0000000001100001001100000011000000000001010000000110000000000000000010000010000000000001001000011010,0.0,233.87193149633148
06ac6393eee7a87a46f65b36cf9d1863821846f32cd08b7f9dd84710f2fa08a1,3,7,20291408,abundant,1.0,13.0,20263736,wa_mcbr_swap,0000000001100001001100000001000000000001010000000110000000000000000010000011000000000001001000011010,1,233.8433344154953,1.215416702017429e-14,0.058802584069781,558,73,1,True,21204,44640,65844,100,18,0.18,233.7413694255,233.7413694255,0.0,16.222760290556902,16.222760290556902,63.15789473684211,60.0,0.2568603712671509,4.24125,4.24125,13.0,0.32625,0,0,0,0,4201.2370929104345,42.01237092910434,7402.454843813073,473.4279601340743,47.4913229484844,106.4105348900353,1,233.84333441549532,0000000001100001001100000001000000000001010000000110000000000000000010000011000000000001001000011010,0.0,233.84333441549532
06ac6393eee7a87a46f65b36cf9d1863821846f32cd08b7f9dd84710f2fa08a1,3,7,20291408,abundant,1.0,13.0,20263736,capacity_greedy,0000000001100001001100000001000000000001010000000111000000010000000010000010000000000000001000011010,1,233.8433344154953,0.21961118158205223,0.0173036250052973,0,0,0,,0,0,0,100,18,0.18,234.25040151766456,234.25040151766456,0.0,15.980629539951574,15.980629539951574,63.15789473684211,60.0,0.2530266343825665,4.24125,4.24125,13.0,0.32625,0,0,0,0,4153.849103697151,41.53849103697151,7179.58946608823,598.0440285559204,66.08144934614918,104.6839546191248,1,234.35688052525603,0000000001100001001100000001000000000001010000000111000000010000000010000010000000000000001000011010,0.0,234.35688052525603
06ac6393eee7a87a46f65b36cf9d1863821846f32cd08b7f9dd84710f2fa08a1,3,7,20291408,abundant,1.0,13.0,20263736,lagrangian_relaxation,0000100000000000001100000001000000000000000000000101000001010000000000000000000000001000000000010000,1,233.8433344154953,1.9057783098578758,0.0289364159107208,300,0,0,False,0,0,0,100,10,0.1,238.27883244433272,238.27883244433272,0.0,6.779661016949152,6.779661016949152,63.15789473684211,60.0,0.1073446327683615,1.9662500000000005,1.9662500000000005,13.0,0.15125,0,0,0,0,4312.151618640147,43.121516186401465,7920.645086788258,565.0985728754164,64.50867882580991,50.063291139240505,1,238.29986996183422,0000100000000000001100000001000000000000000000000101000001010000000000000000000000001000000000010000,0.0,238.29986996183422
06ac6393eee7a87a46f65b36cf9d1863821846f32cd08b7f9dd84710f2fa08a1,3,7,20291408,abundant,1.0,13.0,20263736,legacy_count_br,0000001001100001001100010011000000000001010100000110000000000000000010000011000000100101101100011010,1,233.8433344154953,1.3640409596176308,0.0031952920835465,418,57,0,False,0,0,0,100,26,0.26,236.7505301495787,236.7505301495787,0.0,23.97094430992736,23.97094430992736,63.15789473684211,60.0,0.3795399515738498,6.19125,6.19125,13.0,0.47625,0,0,0,0,4099.759457409129,40.99759457409129,6895.731823260178,663.9753787751371,66.60858692992258,172.92682926829264,1,237.03305327825828,0000001001100001001100010011000000000001010100000110000000000000000010000011000000100101101100011010,0.0,237.03305327825828
06ac6393eee7a87a46f65b36cf9d1863821846f32cd08b7f9dd84710f2fa08a1,3,7,20291408,abundant,1.0,13.0,20263736,random_feasible,1010101011110111001011110010100101001000010111010011010000010010011010000110110101111011110000011000,1,233.8433344154953,30.620123836066938,8.67500202730298e-05,0,0,0,,0,0,0,100,49,0.49,416.926332791679,416.926332791679,0.0,47.45762711864407,47.45762711864407,63.15789473684211,60.0,0.751412429378531,12.87,12.87,13.0,0.99,0,0,0,0,3841.744310539805,38.41744310539805,4880.966358231628,3627.263294875424,427.8848618699597,775.681818181818,0,inf,1000101011110101001011110010100000000000010110010011010000010010011010000110110001111011110000011000,0.07,305.4464529959081
06ac6393eee7a87a46f65b36cf9d1863821846f32cd08b7f9dd84710f2fa08a1,3,7,20291408,abundant,1.0,13.0,20263736,all_local,0000000000000000000000000000000000000000000000000000000000000000000000000000000000000000000000000000,1,233.8433344154953,6.18608887431133,0.0,0,0,0,,0,0,0,100,0,0.0,248.30909090909088,248.30909090909088,0.0,0.0,0.0,63.15789473684211,60.0,0.0,0.0,0.0,13.0,0.0,0,0,0,0,4582.8,45.828,9165.6,0.0,0.0,0.0,1,248.30909090909088,0000000000000000000000000000000000000000000000000000000000000000000000000000000000000000000000000000,0.0,248.30909090909088
06ac6393eee7a87a46f65b36cf9d1863821846f32cd08b7f9dd84710f2fa08a1,3,7,20291408,abundant,1.0,13.0,20263736,all_offload,1111111111111111111111111111111111111111111111111111111111111111111111111111111111111111111111111111,0,233.8433344154953,18.461264589927207,0.0,0,0,0,,0,0,0,100,100,1.0,inf,inf,0.0,100.0,100.0,63.15789473684211,60.0,1.5833333333333333,26.909999999999993,26.909999999999993,13.0,2.0699999999999994,1,1,1,1,inf,inf,152.1823660908092,11258.223277405488,1521.8236609080925,inf,0,inf,0000101101100101001101011011000000000001011110001111000110000000010010010011010010111101111101011010,0.55,277.0137711078482
06ac6393eee7a87a46f65b36cf9d1863821846f32cd08b7f9dd84710f2fa08a1,3,7,20291408,abundant,1.0,13.0,20263736,qdp_oracle,0000000001100001001100000001000000000001010000000110000000000000000010000011000000000001001000011010,1,233.8433344154953,1.215416702017429e-14,8.531523999990895,0,0,0,,0,0,0,100,18,0.18,233.7413694255,233.7413694255,0.0,16.222760290556902,16.222760290556902,63.15789473684211,60.0,0.2568603712671509,4.24125,4.24125,13.0,0.32625,0,0,0,0,4201.2370929104345,42.01237092910434,7402.454843813073,473.4279601340743,47.4913229484844,106.4105348900353,1,233.84333441549532,0000000001100001001100000001000000000001010000000110000000000000000010000011000000000001001000011010,0.0,233.84333441549532
06ac6393eee7a87a46f65b36cf9d1863821846f32cd08b7f9dd84710f2fa08a1,3,7,20291408,moderate,0.6,5.0,20263736,wa_mcbr,0000000001000001001100000001000000000001010000000110000000000000000010000010000000000000001000011010,1,235.3195457516584,0.0,0.0417983330553397,810,26,0,True,30780,64800,95580,100,15,0.15,235.1543235297915,235.1543235297915,0.0,13.317191283292976,13.317191283292976,37.89473684210527,36.0,0.3514258810868979,3.5099999999999993,3.5099999999999993,5.0,0.7019999999999998,0,0,0,0,4244.980706210373,42.44980706210373,7607.426875377993,416.5861245575273,41.79169186618595,155.46095613398313,1,235.3195457516584,0000000001000001001100000001000000000001010000000110000000000000000010000010000000000000001000011010,0.0,235.3195457516584
06ac6393eee7a87a46f65b36cf9d1863821846f32cd08b7f9dd84710f2fa08a1,3,7,20291408,moderate,0.6,5.0,20263736,wa_mcbr_swap,0000000001000001001100000001000000000001010000000110000000000000000010000010000000000000001000011010,1,235.3195457516584,0.0,0.0612866660812869,810,26,0,True,30780,64800,95580,100,15,0.15,235.1543235297915,235.1543235297915,0.0,13.317191283292976,13.317191283292976,37.89473684210527,36.0,0.3514258810868979,3.5099999999999993,3.5099999999999993,5.0,0.7019999999999998,0,0,0,0,4244.980706210373,42.44980706210373,7607.426875377993,416.5861245575273,41.79169186618595,155.46095613398313,1,235.3195457516584,0000000001000001001100000001000000000001010000000110000000000000000010000010000000000000001000011010,0.0,235.3195457516584
06ac6393eee7a87a46f65b36cf9d1863821846f32cd08b7f9dd84710f2fa08a1,3,7,20291408,moderate,0.6,5.0,20263736,capacity_greedy,0000000001000000001100000001000000000001000000000111000000010000000010000010000000000000001000011010,1,235.3195457516584,0.14269663523064693,0.0152993329102173,0,0,0,,0,0,0,100,15,0.15,235.50028831694488,235.50028831694488,0.0,12.832929782082322,12.832929782082322,37.89473684210527,36.0,0.3386467581382835,3.4287499999999995,3.4287499999999995,5.0,0.6857499999999999,0,0,0,0,4210.470213671455,42.10470213671455,7445.685562529799,523.33476410327,59.03750198656314,148.01281399369464,1,235.65533882548607,0000000001000000001100000001000000000001000000000111000000010000000010000010000000000000001000011010,0.0,235.65533882548607
06ac6393eee7a87a46f65b36cf9d1863821846f32cd08b7f9dd84710f2fa08a1,3,7,20291408,moderate,0.6,5.0,20263736,lagrangian_relaxation,0000000001100001001100000011000000000001010000000110000000000000000010000011000000001001101000011010,1,235.3195457516584,0.23713255851192178,0.0073337919311597,300,0,0,False,0,0,0,100,21,0.21,237.08051588921197,237.08051588921197,0.0,18.64406779661017,18.64406779661017,37.89473684210527,36.0,0.4919962335216572,4.891250000000001,4.891250000000001,5.0,0.9782500000000004,0,0,0,0,4162.24429941021,41.6224429941021,7197.557579968643,549.5109697522971,55.12285564970137,262.1223354958295,0,inf,0000000001100001001100000001000000000001000000000110000000000000000010000011000000001001001000011010,0.03,235.87756501117795
06ac6393eee7a87a46f65b36cf9d1863821846f32cd08b7f9dd84710f2fa08a1,3,7,20291408,moderate,0.6,5.0,20263736,legacy_count_br,0000101000100000001100011010000000000001000100000110000010000000000010000000010000100000101100010010,1,235.3195457516584,1.3095821177539186,0.0027072080411016,312,6,0,False,0,0,0,100,21,0.21,240.3143326319654,240.3143326319654,0.0,18.886198547215496,18.886198547215496,37.89473684210527,36.0,0.4983857949959644,4.89125,4.89125,5.0,0.97825,0,0,0,0,4192.200513408351,41.92200513408351,7323.74101228934,636.3953632371752,63.8577280637706,268.39098954143196,0,inf,0000101000100000001100011010000000000001000000000110000000000000000010000000010000000000101100010010,0.03,238.40124844240188
06ac6393eee7a87a46f65b36cf9d1863821846f32cd08b7f9dd84710f2fa08a1,3,7,20291408,moderate,0.6,5.0,20263736,random_feasible,0000101001100001001000010010000000000000010100000011000000000000000010000010010000001001110000011000,1,235.3195457516584,1.7831466746776612,0.0004231249913573,0,0,0,,0,0,0,100,21,0.21,241.1600224228492,241.1600224228492,0.0,18.401937046004843,18.401937046004843,37.89473684210527,36.0,0.48560667204735,4.8425,4.8425,5.0,0.9685,0,0,0,0,4199.919423537268,41.99919423537268,7356.218805997332,673.4869446915892,67.56219034915178,256.0094142259414,0,inf,0000101001100001001000000010000000000000010000000010000000000000000010000010010000001001110000011000,0.03,239.51563840659568
06ac6393eee7a87a46f65b36cf9d1863821846f32cd08b7f9dd84710f2fa08a1,3,7,20291408,moderate,0.6,5.0,20263736,all_local,0000000000000000000000000000000000000000000000000000000000000000000000000000000000000000000000000000,1,235.3195457516584,5.5199601528811515,0.0,0,0,0,,0,0,0,100,0,0.0,248.30909090909088,248.30909090909088,0.0,0.0,0.0,37.89473684210527,36.0,0.0,0.0,0.0,5.0,0.0,0,0,0,0,4582.8,45.828,9165.6,0.0,0.0,0.0,1,248.30909090909088,0000000000000000000000000000000000000000000000000000000000000000000000000000000000000000000000000000,0.0,248.30909090909088
06ac6393eee7a87a46f65b36cf9d1863821846f32cd08b7f9dd84710f2fa08a1,3,7,20291408,moderate,0.6,5.0,20263736,all_offload,1111111111111111111111111111111111111111111111111111111111111111111111111111111111111111111111111111,0,235.3195457516584,0.23713255851192178,0.0,0,0,0,,0,0,0,100,100,1.0,inf,inf,0.0,100.0,100.0,37.89473684210527,36.0,2.6388888888888884,26.909999999999993,26.909999999999993,5.0,5.381999999999999,1,1,1,1,inf,inf,152.1823660908092,11258.223277405488,1521.8236609080925,inf,0,inf,0000000001100001001100000001000000000001000000000110000000000000000010000011000000001001001000011010,0.82,235.87756501117795
06ac6393eee7a87a46f65b36cf9d1863821846f32cd08b7f9dd84710f2fa08a1,3,7,20291408,moderate,0.6,5.0,20263736,qdp_oracle,0000000001000001001100000001000000000001010000000110000000000000000010000010000000000000001000011010,1,235.3195457516584,0.0,1.5636820410145449,0,0,0,,0,0,0,100,15,0.15,235.1543235297915,235.1543235297915,0.0,13.317191283292976,13.317191283292976,37.89473684210527,36.0,0.3514258810868979,3.5099999999999993,3.5099999999999993,5.0,0.7019999999999998,0,0,0,0,4244.980706210373,42.44980706210373,7607.426875377993,416.5861245575273,41.79169186618595,155.46095613398313,1,235.3195457516584,0000000001000001001100000001000000000001010000000110000000000000000010000010000000000000001000011010,0.0,235.3195457516584
06ac6393eee7a87a46f65b36cf9d1863821846f32cd08b7f9dd84710f2fa08a1,3,7,20291408,highly_constrained,0.3,2.0,20263736,wa_mcbr,0000000000000000001100000000000000000001000000000100000000000000000010000000010000000000001000010010,1,238.97740324310865,0.3387006335952598,0.0055633329320698,100,0,0,True,3800,8000,11800,100,9,0.09,239.3510017419451,239.3510017419451,0.0,7.263922518159807,7.263922518159807,18.947368421052634,18.0,0.3833736884584341,1.93375,1.93375,2.0,0.966875,0,0,0,0,4376.6014287823755,43.76601428782376,8219.063077817604,291.39348309123017,29.230868622780186,175.43193717277484,0,inf,0000000000000000001100000000000000000001000000000100000000000000000010000000010000000000001000010000,0.01,239.78682122204256
06ac6393eee7a87a46f65b36cf9d1863821846f32cd08b7f9dd84710f2fa08a1,3,7,20291408,highly_constrained,0.3,2.0,20263736,wa_mcbr_swap,0000000000000000001100000001000000000000000000000101000000000000000010000010000000000000001000001000,1,238.97740324310865,0.016424897546214463,0.0328324999427422,100,0,4,True,3800,8000,11800,100,9,0.09,238.46165393767777,238.46165393767777,0.0,7.506053268765134,7.506053268765134,18.947368421052634,18.0,0.3961528114070487,1.96625,1.96625,2.0,0.983125,0,0,0,0,4352.803723282308,43.52803723282308,8111.075438541932,305.29055751789747,30.604282436774408,184.01202940521276,0,inf,0000000000000000001100000001000000000000000000000100000000000000000010000010000000000000001000001000,0.01,239.01665503674994
06ac6393eee7a87a46f65b36cf9d1863821846f32cd08b7f9dd84710f2fa08a1,3,7,20291408,highly_constrained,0.3,2.0,20263736,capacity_greedy,0000000000000000001100000001000000000000000000000101000000010000000010000010000000000000000000001000,1,238.97740324310865,0.0,0.0085569579387083,0,0,0,,0,0,0,100,9,0.09,238.48505215925616,238.48505215925616,0.0,7.263922518159808,7.263922518159808,18.947368421052634,18.0,0.3833736884584342,1.96625,1.96625,2.0,0.983125,0,0,0,0,4325.730096015042,43.257300960150424,7985.249748450528,416.8009533875184,49.97205005864836,175.43193717277487,0,inf,0000000000000000001100000001000000000000000000000101000000000000000010000010000000000000000000001000,0.01,238.97740324310865
06ac6393eee7a87a46f65b36cf9d1863821846f32cd08b7f9dd84710f2fa08a1,3,7,20291408,highly_constrained,0.3,2.0,20263736,lagrangian_relaxation,0000000000000000001100000001000000000000000000000100000000000000000010000010000000000000001000011000,1,238.97740324310865,0.038389489977476036,0.0085855000652372,300,0,0,True,0,0,0,100,9,0.09,238.49132876096536,238.49132876096536,0.0,7.021791767554479,7.021791767554479,18.947368421052634,18.0,0.3705945655098197,1.885,1.885,2.0,0.9425,0,0,0,0,4366.57908955415,43.665790895541505,8175.828058384141,252.69858288494112,25.33982046014932,167.20025646505658,0,inf,0000000000000000001100000001000000000000000000000100000000000000000010000010000000000000000000011000,0.01,239.0691454493751
06ac6393eee7a87a46f65b36cf9d1863821846f32cd08b7f9dd84710f2fa08a1,3,7,20291408,highly_constrained,0.3,2.0,20263736,legacy_count_br,0000000000000000001100000000000000000001000000000100000000000000000010000000010000000000001000010010,1,238.97740324310865,0.3387006335952598,0.0017309170216321,100,0,0,True,0,0,0,100,9,0.09,239.3510017419451,239.3510017419451,0.0,7.263922518159807,7.263922518159807,18.947368421052634,18.0,0.3833736884584341,1.93375,1.93375,2.0,0.966875,0,0,0,0,4376.6014287823755,43.76601428782376,8219.063077817604,291.39348309123017,29.230868622780186,175.43193717277484,0,inf,0000000000000000001100000000000000000001000000000100000000000000000010000000010000000000001000010000,0.01,239.78682122204256
06ac6393eee7a87a46f65b36cf9d1863821846f32cd08b7f9dd84710f2fa08a1,3,7,20291408,highly_constrained,0.3,2.0,20263736,random_feasible,0000100001000000001000000000000000000000000000000001000000000000000010000010000000001000000000011000,1,238.97740324310865,0.8506145139551596,0.0005175829865038,0,0,0,,0,0,0,100,9,0.09,240.5392144550057,240.5392144550057,0.0,6.779661016949152,6.779661016949152,18.947368421052634,18.0,0.3578154425612052,1.8525,1.8525,2.0,0.92625,0,0,0,0,4390.770473210664,43.90770473210664,8280.334701728292,370.7563912793578,37.18908092139215,159.29618768328444,0,inf,0000100000000000001000000000000000000000000000000001000000000000000010000010000000001000000000011000,0.01,241.01017972016768
06ac6393eee7a87a46f65b36cf9d1863821846f32cd08b7f9dd84710f2fa08a1,3,7,20291408,highly_constrained,0.3,2.0,20263736,all_local,0000000000000000000000000000000000000000000000000000000000000000000000000000000000000000000000000000,1,238.97740324310865,3.9048410181648947,0.0,0,0,0,,0,0,0,100,0,0.0,248.30909090909088,248.30909090909088,0.0,0.0,0.0,18.947368421052634,18.0,0.0,0.0,0.0,2.0,0.0,0,0,0,0,4582.8,45.828,9165.6,0.0,0.0,0.0,1,248.30909090909088,0000000000000000000000000000000000000000000000000000000000000000000000000000000000000000000000000000,0.0,248.30909090909088
06ac6393eee7a87a46f65b36cf9d1863821846f32cd08b7f9dd84710f2fa08a1,3,7,20291408,highly_constrained,0.3,2.0,20263736,all_offload,1111111111111111111111111111111111111111111111111111111111111111111111111111111111111111111111111111,0,238.97740324310865,0.038389489977476036,0.0,0,0,0,,0,0,0,100,100,1.0,inf,inf,0.0,100.0,100.0,18.947368421052634,18.0,5.277777777777777,26.909999999999993,26.909999999999993,2.0,13.454999999999997,1,1,1,1,inf,inf,152.1823660908092,11258.223277405488,1521.8236609080925,inf,0,inf,0000000000000000001100000001000000000000000000000100000000000000000010000010000000000000000000011000,0.92,239.0691454493751
06ac6393eee7a87a46f65b36cf9d1863821846f32cd08b7f9dd84710f2fa08a1,3,7,20291408,highly_constrained,0.3,2.0,20263736,qdp_oracle,0000000000000000001100000001000000000000000000000101000000000000000010000010000000000000000000001000,1,238.97740324310865,0.0,0.2897545419400558,0,0,0,,0,0,0,100,8,0.08,238.8855293045017,238.8855293045017,0.0,6.537530266343826,6.537530266343826,18.947368421052634,18.0,0.3450363196125908,1.7225,1.7225,2.0,0.8612500000000001,0,0,0,0,4370.391676766016,43.70391676766016,8193.838395922494,297.25904122326654,29.79949031175792,151.7005545286506,1,238.97740324310865,0000000000000000001100000001000000000000000000000101000000000000000010000010000000000000000000001000,0.0,238.97740324310865
06ac6393eee7a87a46f65b36cf9d1863821846f32cd08b7f9dd84710f2fa08a1,3,8,20291505,abundant,1.0,13.0,20263737,wa_mcbr,0000100000000001001000000011000000000001011000000110000001000000000000000010010000000000011000001001,1,234.89015083939577,0.0,0.0321869999170303,660,79,0,True,25080,52800,77880,100,17,0.17,234.79333469776444,234.79333469776444,0.0,14.76997578692494,14.76997578692494,63.15789473684211,60.0,0.2338579499596448,3.899999999999999,3.899999999999999,13.0,0.2999999999999999,0,0,0,0,4224.797875941699,42.247978759416995,7510.4387882926385,491.8001045815179,49.34048780223347,96.31024493020809,1,234.89015083939577,0000100000000001001000000011000000000001011000000110000001000000000000000010010000000000011000001001,0.0,234.89015083939577
06ac6393eee7a87a46f65b36cf9d1863821846f32cd08b7f9dd84710f2fa08a1,3,8,20291505,abundant,1.0,13.0,20263737,wa_mcbr_swap,0000100000000001001000000011000000000001011000000110000001000000000000000010010000000000011000001001,1,234.89015083939577,0.0,0.0467363749630749,660,79,0,True,25080,52800,77880,100,17,0.17,234.79333469776444,234.79333469776444,0.0,14.76997578692494,14.76997578692494,63.15789473684211,60.0,0.2338579499596448,3.899999999999999,3.899999999999999,13.0,0.2999999999999999,0,0,0,0,4224.797875941699,42.247978759416995,7510.4387882926385,491.8001045815179,49.34048780223347,96.31024493020809,1,234.89015083939577,0000100000000001001000000011000000000001011000000110000001000000000000000010010000000000011000001001,0.0,234.89015083939577
06ac6393eee7a87a46f65b36cf9d1863821846f32cd08b7f9dd84710f2fa08a1,3,8,20291505,abundant,1.0,13.0,20263737,capacity_greedy,0100100000000000001000000001000000001011000000000110000001000000000000000000000000000000010000000000,1,234.89015083939577,2.1175922105946996,0.0113755000056698,0,0,0,,0,0,0,100,11,0.11,239.82240798710097,239.82240798710097,0.0,9.927360774818402,9.927360774818402,63.15789473684211,60.0,0.157183212267958,2.6975,2.6975,13.0,0.2075,0,0,0,0,4245.660508568557,42.45660508568557,7600.78696211367,920.6945892192734,107.9056466971264,66.62437155853482,1,239.86416637702496,0100100000000000001000000001000000001011000000000110000001000000000000000000000000000000010000000000,0.0,239.86416637702496
06ac6393eee7a87a46f65b36cf9d1863821846f32cd08b7f9dd84710f2fa08a1,3,8,20291505,abundant,1.0,13.0,20263737,lagrangian_relaxation,0000100000001000001000000001000000000000000000000100000001010000000000000000000000000000000000000000,1,234.89015083939577,2.450454684488176,0.0334449999500066,300,0,0,False,0,0,0,100,7,0.07,240.63563935377317,240.63563935377317,0.0,5.084745762711865,5.084745762711865,63.15789473684211,60.0,0.0805084745762712,1.4462499999999998,1.4462499999999998,13.0,0.1112499999999999,0,0,0,0,4358.618011965108,43.58618011965108,8136.614185911781,617.8265940937696,87.7408445400708,41.88940092165899,1,240.6460275440411,0000100000001000001000000001000000000000000000000100000001010000000000000000000000000000000000000000,0.0,240.6460275440411
06ac6393eee7a87a46f65b36cf9d1863821846f32cd08b7f9dd84710f2fa08a1,3,8,20291505,abundant,1.0,13.0,20263737,legacy_count_br,0000101001100001001010000011000000000001011100000110000001000000000000010011010010100100011000001001,1,234.89015083939577,1.6818123011211519,0.0037425840273499,523,63,0,False,0,0,0,100,27,0.27,238.50481195552535,238.50481195552535,0.0,24.455205811138015,24.455205811138015,63.15789473684211,60.0,0.3872074253430185,6.337500000000001,6.337500000000001,13.0,0.4875000000000001,0,0,0,0,4095.800872356461,40.95800872356461,6867.145815048297,718.3602159364215,72.06722401095735,177.9683898584129,1,238.84056229033476,0000101001100001001010000011000000000001011100000110000001000000000000010011010010100100011000001001,0.0,238.84056229033476
06ac6393eee7a87a46f65b36cf9d1863821846f32cd08b7f9dd84710f2fa08a1,3,8,20291505,abundant,1.0,13.0,20263737,random_feasible,0110010010101010100001010110110101100100101000001111100011100101111100100010000101010000000001100010,1,234.89015083939577,73.96145337122385,2.8208945877850056e-05,0,0,0,,0,0,0,100,42,0.42,623.1341735347024,623.1341735347024,0.0,43.82566585956417,43.82566585956417,63.15789473684211,60.0,0.6939063761097659,11.81375,11.81375,13.0,0.90875,0,0,0,0,4059.045684488868,40.59045684488868,5231.799761433939,8009.582248322388,1138.0895579509308,586.7435728411338,0,inf,0110000010101010100001010010110001100100101000001111100011100101111100100010000001010000000001100010,0.04,408.61832022607285
06ac6393eee7a87a46f65b36cf9d1863821846f32cd08b7f9dd84710f2fa08a1,3,8,20291505,abundant,1.0,13.0,20263737,all_local,0000000000000000000000000000000000000000000000000000000000000000000000000000000000000000000000000000,1,234.89015083939577,5.712857700393833,0.0,0,0,0,,0,0,0,100,0,0.0,248.30909090909088,248.30909090909088,0.0,0.0,0.0,63.15789473684211,60.0,0.0,0.0,0.0,13.0,0.0,0,0,0,0,4582.8,45.828,9165.6,0.0,0.0,0.0,1,248.30909090909088,0000000000000000000000000000000000000000000000000000000000000000000000000000000000000000000000000000,0.0,248.30909090909088
06ac6393eee7a87a46f65b36cf9d1863821846f32cd08b7f9dd84710f2fa08a1,3,8,20291505,abundant,1.0,13.0,20263737,all_offload,1111111111111111111111111111111111111111111111111111111111111111111111111111111111111111111111111111,0,234.89015083939577,16.877457664180458,0.0,0,0,0,,0,0,0,100,100,1.0,inf,inf,0.0,100.0,100.0,63.15789473684211,60.0,1.5833333333333333,26.909999999999993,26.909999999999993,13.0,2.0699999999999994,1,1,1,1,inf,inf,141.8913776295026,10669.460788475562,1418.913776295026,inf,0,inf,0000101001100101001010010011000000100001111100000110000101000000010010110011010011111111111011001011,0.56,274.5336366046444
06ac6393eee7a87a46f65b36cf9d1863821846f32cd08b7f9dd84710f2fa08a1,3,8,20291505,abundant,1.0,13.0,20263737,qdp_oracle,0000100000000001001000000011000000000001011000000110000001000000000000000010010000000000011000001001,1,234.89015083939577,0.0,8.671333624981344,0,0,0,,0,0,0,100,17,0.17,234.79333469776444,234.79333469776444,0.0,14.76997578692494,14.76997578692494,63.15789473684211,60.0,0.2338579499596448,3.899999999999999,3.899999999999999,13.0,0.2999999999999999,0,0,0,0,4224.797875941699,42.247978759416995,7510.4387882926385,491.8001045815179,49.34048780223347,96.31024493020809,1,234.89015083939577,0000100000000001001000000011000000000001011000000110000001000000000000000010010000000000011000001001,0.0,234.89015083939577
06ac6393eee7a87a46f65b36cf9d1863821846f32cd08b7f9dd84710f2fa08a1,3,8,20291505,moderate,0.6,5.0,20263737,wa_mcbr,0000100000000001001000000011000000000001010000000110000001000000000000000000010000000000011000001001,1,236.19083842885556,0.008423557445848015,0.0288444159086793,556,31,0,True,21128,44480,65608,100,15,0.15,236.03170620573172,236.03170620573172,0.0,12.832929782082322,12.832929782082322,37.89473684210527,36.0,0.3386467581382835,3.412499999999999,3.412499999999999,5.0,0.6824999999999999,0,0,0,0,4256.547878723347,42.56547878723347,7657.8749886932765,448.512434229385,44.999246218382225,148.01281399369464,1,236.21073409981244,0000100000000001001000000011000000000001010000000110000001000000000000000000010000000000011000001001,0.0,236.21073409981244
06ac6393eee7a87a46f65b36cf9d1863821846f32cd08b7f9dd84710f2fa08a1,3,8,20291505,moderate,0.6,5.0,20263737,wa_mcbr_swap,0000100000000000001000000011000000000001010000000110000001000000000000000010010000000000011000001001,1,236.19083842885556,-1.2033366585878427e-14,0.0551982488250359,556,31,1,True,21128,44480,65608,100,15,0.15,236.0118105347748,236.0118105347748,0.0,12.832929782082322,12.832929782082322,37.89473684210527,36.0,0.3386467581382835,3.412499999999999,3.412499999999999,5.0,0.6824999999999999,0,0,0,0,4258.055545733889,42.58055545733889,7665.065697403485,442.3569015989351,44.379826898971785,148.01281399369464,1,236.19083842885553,0000100000000000001000000011000000000001010000000110000001000000000000000010010000000000011000001001,0.0,236.19083842885553
06ac6393eee7a87a46f65b36cf9d1863821846f32cd08b7f9dd84710f2fa08a1,3,8,20291505,moderate,0.6,5.0,20263737,capacity_greedy,0100100000000000001000000001000000001011000000000110000001000000000000000000000000000000000000000000,1,236.19083842885556,1.7440037191854052,0.010385415982455,0,0,0,,0,0,0,100,10,0.1,240.2396181371697,240.2396181371697,0.0,9.20096852300242,9.20096852300242,37.89473684210527,36.0,0.242803336023675,2.5025000000000004,2.5025000000000004,5.0,0.5005000000000001,0,0,0,0,4262.5467745156475,42.62546774515648,7679.874899141841,914.5122357182304,107.48991418408828,100.16521584650914,1,240.31001543543,0100100000000000001000000001000000001011000000000110000001000000000000000000000000000000000000000000,0.0,240.31001543543
06ac6393eee7a87a46f65b36cf9d1863821846f32cd08b7f9dd84710f2fa08a1,3,8,20291505,moderate,0.6,5.0,20263737,lagrangian_relaxation,0000100000100001001000000011000000000001011000000110000001000000000000010010010000100100011000001001,1,236.19083842885556,0.2661992208653457,0.0090935829794034,300,0,0,False,0,0,0,100,21,0.21,238.24591833424532,238.24591833424532,0.0,18.64406779661017,18.64406779661017,37.89473684210527,36.0,0.4919962335216572,4.875000000000001,4.875000000000001,5.0,0.9750000000000002,0,0,0,0,4172.571261270304,41.725712612703035,7240.830691544368,584.1282011852926,58.604359255637455,262.1223354958295,0,inf,0000100000000001001000000011000000000001011000000110000001000000000000000010010000100000011000001001,0.03,236.8195766005085
06ac6393eee7a87a46f65b36cf9d1863821846f32cd08b7f9dd84710f2fa08a1,3,8,20291505,moderate,0.6,5.0,20263737,legacy_count_br,0000101001100001001010000011000000000001001100000110000001000000000010000001010000000100011000000000,1,236.19083842885556,0.6103368260281983,0.0029039999935775,364,21,0,False,0,0,0,100,21,0.21,239.34508666353983,239.34508666353983,0.0,18.64406779661017,18.64406779661017,37.89473684210527,36.0,0.4919962335216572,4.842500000000001,4.842500000000001,5.0,0.9685000000000002,0,0,0,0,4179.779374933685,41.797793749336854,7269.711532025707,622.6098042034697,62.453905986061784,262.1223354958295,0,inf,0000100001100001001000000011000000000001001100000110000001000000000000000001010000000100011000000000,0.03,237.63239809549162
06ac6393eee7a87a46f65b36cf9d1863821846f32cd08b7f9dd84710f2fa08a1,3,8,20291505,moderate,0.6,5.0,20263737,random_feasible,0000000000100000000001010010000000100000101000000110000001100000011000100010000001010000000001000010,1,236.19083842885556,2.518224579387312,0.0002821249654516,0,0,0,,0,0,0,100,19,0.19,245.16609866926177,245.16609866926177,0.0,18.401937046004843,18.401937046004843,37.89473684210527,36.0,0.48560667204735,4.826250000000001,4.826250000000001,5.0,0.9652500000000002,0,0,0,0,4301.634980139566,43.01634980139566,7820.521485651048,693.2000668038704,69.55187637096039,256.0094142259414,0,inf,0000000000100000000001010010000000000000101000000110000001000000010000100010000001010000000001000010,0.03,242.13865417643197
06ac6393eee7a87a46f65b36cf9d1863821846f32cd08b7f9dd84710f2fa08a1,3,8,20291505,moderate,0.6,5.0,20263737,all_local,0000000000000000000000000000000000000000000000000000000000000000000000000000000000000000000000000000,1,236.19083842885556,5.130703866774045,0.0,0,0,0,,0,0,0,100,0,0.0,248.30909090909088,248.30909090909088,0.0,0.0,0.0,37.89473684210527,36.0,0.0,0.0,0.0,5.0,0.0,0,0,0,0,4582.8,45.828,9165.6,0.0,0.0,0.0,1,248.30909090909088,0000000000000000000000000000000000000000000000000000000000000000000000000000000000000000000000000000,0.0,248.30909090909088
06ac6393eee7a87a46f65b36cf9d1863821846f32cd08b7f9dd84710f2fa08a1,3,8,20291505,moderate,0.6,5.0,20263737,all_offload,1111111111111111111111111111111111111111111111111111111111111111111111111111111111111111111111111111,0,236.19083842885556,0.2661992208653457,0.0,0,0,0,,0,0,0,100,100,1.0,inf,inf,0.0,100.0,100.0,37.89473684210527,36.0,2.6388888888888884,26.909999999999993,26.909999999999993,5.0,5.381999999999999,1,1,1,1,inf,inf,141.8913776295026,10669.460788475562,1418.913776295026,inf,0,inf,0000100000000001001000000011000000000001011000000110000001000000000000000010010000100000011000001001,0.82,236.8195766005085
06ac6393eee7a87a46f65b36cf9d1863821846f32cd08b7f9dd84710f2fa08a1,3,8,20291505,moderate,0.6,5.0,20263737,qdp_oracle,0000100000000000001000000011000000000001010000000110000001000000000000000010010000000000011000001001,1,236.19083842885556,-1.2033366585878427e-14,1.374324542004615,0,0,0,,0,0,0,100,15,0.15,236.0118105347748,236.0118105347748,0.0,12.832929782082322,12.832929782082322,37.89473684210527,36.0,0.3386467581382835,3.412499999999999,3.412499999999999,5.0,0.6824999999999999,0,0,0,0,4258.055545733889,42.58055545733889,7665.065697403485,442.3569015989351,44.379826898971785,148.01281399369464,1,236.19083842885553,0000100000000000001000000011000000000001010000000110000001000000000000000010010000000000011000001001,0.0,236.19083842885553
06ac6393eee7a87a46f65b36cf9d1863821846f32cd08b7f9dd84710f2fa08a1,3,8,20291505,highly_constrained,0.3,2.0,20263737,wa_mcbr,0000100000100000000000000001000000000001000000000010000001000000000000000000010000001000001000000000,1,239.27043866040785,0.5785693401404366,0.0056310420623049,105,1,0,True,3990,8400,12390,100,9,0.09,240.39360366395388,240.39360366395388,0.0,7.263922518159807,7.263922518159807,18.947368421052634,18.0,0.3833736884584341,1.96625,1.96625,2.0,0.983125,0,0,0,0,4392.151820654438,43.92151820654438,8287.49837719662,330.3259133202601,33.15302184653508,175.43193717277484,0,inf,0000100000000000000000000001000000000001000000000010000001000000000000000000010000001000001000000000,0.01,240.6547840585165
06ac6393eee7a87a46f65b36cf9d1863821846f32cd08b7f9dd84710f2fa08a1,3,8,20291505,highly_constrained,0.3,2.0,20263737,wa_mcbr_swap,0000100000000000001000000001000000000001000000000110000001000000000000000000010000000000010000000000,1,239.27043866040785,0.1526914804978507,0.0278673761058598,105,1,3,True,3990,8400,12390,100,9,0.09,238.80812031848976,238.80812031848976,0.0,7.021791767554479,7.021791767554479,18.947368421052634,18.0,0.3705945655098197,1.9175,1.9175,2.0,0.95875,0,0,0,0,4363.839797222025,43.63839797222025,8161.47443683795,303.88832375993513,30.49298199440438,167.20025646505658,0,inf,0000100000000000001000000001000000000001000000000100000001000000000000000000010000000000010000000000,0.01,239.63578423559213
06ac6393eee7a87a46f65b36cf9d1863821846f32cd08b7f9dd84710f2fa08a1,3,8,20291505,highly_constrained,0.3,2.0,20263737,capacity_greedy,0100000000000000001000000001000000001010000000000110000000000000000000000000000000000000000000000000,1,239.27043866040785,0.5976377046273627,0.0069343750365078,0,0,0,,0,0,0,100,7,0.07,241.38041815381095,241.38041815381095,0.0,7.02179176755448,7.02179176755448,18.947368421052634,18.0,0.3705945655098197,1.90125,1.90125,2.0,0.950625,0,0,0,0,4328.373250486354,43.283732504863536,7989.1180820389645,857.5498130140232,102.58314842356246,167.2002564650566,0,inf,0000000000000000001000000001000000001010000000000110000000000000000000000000000000000000000000000000,0.01,240.70040901786973
06ac6393eee7a87a46f65b36cf9d1863821846f32cd08b7f9dd84710f2fa08a1,3,8,20291505,highly_constrained,0.3,2.0,20263737,lagrangian_relaxation,0000100000000000001000000001000000000000000000000110000001000000000000000000010000000000010000001000,1,239.27043866040785,0.19659026181523043,0.0099523330572992,300,0,0,True,0,0,0,100,9,0.09,238.88329376734055,238.88329376734055,0.0,6.779661016949152,6.779661016949152,18.947368421052634,18.0,0.3578154425612052,1.86875,1.86875,2.0,0.934375,0,0,0,0,4368.497012672422,43.68497012672422,8183.067227280948,295.9274425857972,29.69192010526183,159.29618768328444,0,inf,0000100000000000001000000001000000000000000000000100000001000000000000000000010000000000010000001000,0.01,239.7408210422168
06ac6393eee7a87a46f65b36cf9d1863821846f32cd08b7f9dd84710f2fa08a1,3,8,20291505,highly_constrained,0.3,2.0,20263737,legacy_count_br,0000100000100000000000000001000000000001000000000010000001000000000000000000010000001000001000000000,1,239.27043866040785,0.5785693401404366,0.0016666249139234,105,1,0,True,0,0,0,100,9,0.09,240.39360366395388,240.39360366395388,0.0,7.263922518159807,7.263922518159807,18.947368421052634,18.0,0.3833736884584341,1.96625,1.96625,2.0,0.983125,0,0,0,0,4392.151820654438,43.92151820654438,8287.49837719662,330.3259133202601,33.15302184653508,175.43193717277484,0,inf,0000100000000000000000000001000000000001000000000010000001000000000000000000010000001000001000000000,0.01,240.6547840585165
06ac6393eee7a87a46f65b36cf9d1863821846f32cd08b7f9dd84710f2fa08a1,3,8,20291505,highly_constrained,0.3,2.0,20263737,random_feasible,0000000000100000000000000010000000000000001000000110000001000000000000000010000000000000000000000010,1,239.27043866040785,1.069601757739532,0.0003950410755351,0,0,0,,0,0,0,100,8,0.08,241.30660098290272,241.30660098290272,0.0,7.506053268765134,7.506053268765134,18.947368421052634,18.0,0.3961528114070487,1.95,1.95,2.0,0.975,0,0,0,0,4422.44791478881,44.2244791478881,8427.818410003267,271.9773191959856,27.301250408290635,184.01202940521276,0,inf,0000000000100000000000000010000000000000000000000110000001000000000000000010000000000000000000000000,0.02,241.82967947807066
06ac6393eee7a87a46f65b36cf9d1863821846f32cd08b7f9dd84710f2fa08a1,3,8,20291505,highly_constrained,0.3,2.0,20263737,all_local,0000000000000000000000000000000000000000000000000000000000000000000000000000000000000000000000000000,1,239.27043866040785,3.777588363730728,0.0,0,0,0,,0,0,0,100,0,0.0,248.30909090909088,248.30909090909088,0.0,0.0,0.0,18.947368421052634,18.0,0.0,0.0,0.0,2.0,0.0,0,0,0,0,4582.8,45.828,9165.6,0.0,0.0,0.0,1,248.30909090909088,0000000000000000000000000000000000000000000000000000000000000000000000000000000000000000000000000000,0.0,248.30909090909088
06ac6393eee7a87a46f65b36cf9d1863821846f32cd08b7f9dd84710f2fa08a1,3,8,20291505,highly_constrained,0.3,2.0,20263737,all_offload,1111111111111111111111111111111111111111111111111111111111111111111111111111111111111111111111111111,0,239.27043866040785,-1.187848761824791e-14,0.0,0,0,0,,0,0,0,100,100,1.0,inf,inf,0.0,100.0,100.0,18.947368421052634,18.0,5.277777777777777,26.909999999999993,26.909999999999993,2.0,13.454999999999997,1,1,1,1,inf,inf,141.8913776295026,10669.460788475562,1418.913776295026,inf,0,inf,0000100000000000001000000001000000000001000000000100000001000000000000000000010000000000010000001000,0.91,239.27043866040782
06ac6393eee7a87a46f65b36cf9d1863821846f32cd08b7f9dd84710f2fa08a1,3,8,20291505,highly_constrained,0.3,2.0,20263737,qdp_oracle,0000100000000000001000000001000000000001000000000100000001000000000000000000010000000000010000001000,1,239.27043866040785,-1.187848761824791e-14,0.2743909159908071,0,0,0,,0,0,0,100,9,0.09,239.1374617128397,239.1374617128397,0.0,6.5375302663438255,6.5375302663438255,18.947368421052634,18.0,0.3450363196125907,1.7875,1.7875,2.0,0.89375,0,0,0,0,4373.332806981636,43.73332806981636,8204.677681145327,307.5002212087663,30.85346059205323,151.7005545286506,1,239.27043866040782,0000100000000000001000000001000000000001000000000100000001000000000000000000010000000000010000001000,0.0,239.27043866040782
06ac6393eee7a87a46f65b36cf9d1863821846f32cd08b7f9dd84710f2fa08a1,3,9,20291602,abundant,1.0,13.0,20263738,wa_mcbr,0000100000100000001100001011000000000001010000000110000010010000000000000011000000000000000001000011,1,234.13370616036403,1.2139093467788558e-14,0.0394617919810116,792,72,0,True,30096,63360,93456,100,18,0.18,234.02286083663205,234.02286083663205,0.0,16.46489104116223,16.46489104116223,63.15789473684211,60.0,0.2606941081517352,4.322500000000001,4.322500000000001,13.0,0.3325000000000001,0,0,0,0,4182.1631146859045,41.82163114685905,7312.597218023071,523.1291273828568,55.40100128172298,108.15502183406116,1,234.13370616036406,0000100000100000001100001011000000000001010000000110000010010000000000000011000000000000000001000011,0.0,234.13370616036406
06ac6393eee7a87a46f65b36cf9d1863821846f32cd08b7f9dd84710f2fa08a1,3,9,20291602,abundant,1.0,13.0,20263738,wa_mcbr_swap,0000100000100000001100001011000000000001010000000110000010010000000000000011000000000000000001000011,1,234.13370616036403,1.2139093467788558e-14,0.0550143329892307,792,72,0,True,30096,63360,93456,100,18,0.18,234.02286083663205,234.02286083663205,0.0,16.46489104116223,16.46489104116223,63.15789473684211,60.0,0.2606941081517352,4.322500000000001,4.322500000000001,13.0,0.3325000000000001,0,0,0,0,4182.1631146859045,41.82163114685905,7312.597218023071,523.1291273828568,55.40100128172298,108.15502183406116,1,234.13370616036406,0000100000100000001100001011000000000001010000000110000010010000000000000011000000000000000001000011,0.0,234.13370616036406
06ac6393eee7a87a46f65b36cf9d1863821846f32cd08b7f9dd84710f2fa08a1,3,9,20291602,abundant,1.0,13.0,20263738,capacity_greedy,0000100000100000001100000001000000000001010000000110000010010000000100000010000000000000000001000011,1,234.13370616036403,0.6007838123834528,0.0166103749070316,0,0,0,,0,0,0,100,16,0.16,235.4492224918324,235.4492224918324,0.0,14.769975786924942,14.769975786924942,63.15789473684211,60.0,0.2338579499596449,3.91625,3.91625,13.0,0.3012499999999999,0,0,0,0,4165.251584234935,41.652515842349345,7229.981498773893,706.9137697532657,73.84367336835534,96.31024493020809,1,235.54034356630893,0000100000100000001100000001000000000001010000000110000010010000000100000010000000000000000001000011,0.0,235.54034356630893
06ac6393eee7a87a46f65b36cf9d1863821846f32cd08b7f9dd84710f2fa08a1,3,9,20291602,abundant,1.0,13.0,20263738,lagrangian_relaxation,0000100000000000001100000001000000000000000000000000000001010000000100000000000000001000000000000000,1,234.13370616036403,1.8106215050943564,0.0443476249929517,300,0,0,False,0,0,0,100,8,0.08,238.35644226410935,238.35644226410935,0.0,5.5690072639225185,5.5690072639225185,63.15789473684211,60.0,0.0881759483454398,1.64125,1.64125,13.0,0.12625,0,0,0,0,4329.249715826044,43.29249715826044,8003.278249035418,562.0387756664396,59.78112942736725,44.17570258906837,1,238.372981394778,0000100000000000001100000001000000000000000000000000000001010000000100000000000000001000000000000000,0.0,238.372981394778
06ac6393eee7a87a46f65b36cf9d1863821846f32cd08b7f9dd84710f2fa08a1,3,9,20291602,abundant,1.0,13.0,20263738,legacy_count_br,0000101001100000001110111011000000000001011000000110000011010000000000010011000000011000100001000011,1,234.13370616036403,1.9714271215335089,0.0045831250026822,622,59,0,False,0,0,0,100,29,0.29,238.34311316534684,238.34311316534684,0.0,25.907990314769975,25.907990314769975,63.15789473684211,60.0,0.4102098466505245,6.7925,6.7925,13.0,0.5225000000000001,0,0,0,0,4043.36023722178,40.4336023722178,6619.017620868406,735.7837766968788,76.4696851174811,193.8795757783099,1,238.74948154426102,0000101001100000001110111011000000000001011000000110000011010000000000010011000000011000100001000011,0.0,238.74948154426102
06ac6393eee7a87a46f65b36cf9d1863821846f32cd08b7f9dd84710f2fa08a1,3,9,20291602,abundant,1.0,13.0,20263738,random_feasible,1010101101000010010111100010010010110000101100110110100010010000111111100101110100111101001000011100,1,234.13370616036403,36.008804519122464,0.0001312919193878,0,0,0,,0,0,0,100,48,0.48,410.8668494430561,410.8668494430561,0.0,47.94188861985472,47.94188861985472,63.15789473684211,60.0,0.7590799031476997,12.78875,12.78875,13.0,0.98375,0,0,0,0,3870.725492863591,38.70725492863591,5030.954825170549,3590.7593257804215,411.5588577197532,807.688442211055,0,inf,1010101101000000000111100010000010100000101100110110100010010000011111100101010000111101001000011100,0.07,318.4424547250261
06ac6393eee7a87a46f65b36cf9d1863821846f32cd08b7f9dd84710f2fa08a1,3,9,20291602,abundant,1.0,13.0,20263738,all_local,0000000000000000000000000000000000000000000000000000000000000000000000000000000000000000000000000000,1,234.13370616036403,6.054397284864991,0.0,0,0,0,,0,0,0,100,0,0.0,248.30909090909088,248.30909090909088,0.0,0.0,0.0,63.15789473684211,60.0,0.0,0.0,0.0,13.0,0.0,0,0,0,0,4582.8,45.828,9165.6,0.0,0.0,0.0,1,248.30909090909088,0000000000000000000000000000000000000000000000000000000000000000000000000000000000000000000000000000,0.0,248.30909090909088
06ac6393eee7a87a46f65b36cf9d1863821846f32cd08b7f9dd84710f2fa08a1,3,9,20291602,abundant,1.0,13.0,20263738,all_offload,1111111111111111111111111111111111111111111111111111111111111111111111111111111111111111111111111111,0,234.13370616036403,16.60400297751615,0.0,0,0,0,,0,0,0,100,100,1.0,inf,inf,0.0,100.0,100.0,63.15789473684211,60.0,1.5833333333333333,26.909999999999993,26.909999999999993,13.0,2.0699999999999994,1,1,1,1,inf,inf,111.95300298779756,8766.01730045005,1119.5300298779755,inf,0,inf,0001101101100100001110111011000000000001011110000110000011010000000000110011010011111111110101000111,0.55,273.0092737025998
06ac6393eee7a87a46f65b36cf9d1863821846f32cd08b7f9dd84710f2fa08a1,3,9,20291602,abundant,1.0,13.0,20263738,qdp_oracle,0000100000100000001100001011000000000001010000000110000010010000000000000011000000000000000001000011,1,234.13370616036403,1.2139093467788558e-14,7.118673541001044,0,0,0,,0,0,0,100,18,0.18,234.02286083663205,234.02286083663205,0.0,16.46489104116223,16.46489104116223,63.15789473684211,60.0,0.2606941081517352,4.322500000000001,4.322500000000001,13.0,0.3325000000000001,0,0,0,0,4182.1631146859045,41.82163114685905,7312.597218023071,523.1291273828568,55.40100128172298,108.15502183406116,1,234.13370616036406,0000100000100000001100001011000000000001010000000110000010010000000000000011000000000000000001000011,0.0,234.13370616036406
06ac6393eee7a87a46f65b36cf9d1863821846f32cd08b7f9dd84710f2fa08a1,3,9,20291602,moderate,0.6,5.0,20263738,wa_mcbr,0000100001100000001100000011000000000001010000000110000000010000000000000000000000000000000001000011,1,235.58506461363407,0.06431410144015828,0.0347274160012602,686,30,0,True,26068,54880,80948,100,15,0.15,235.5532692253041,235.5532692253041,0.0,13.559322033898304,13.559322033898304,37.89473684210527,36.0,0.3578154425612052,3.5912499999999996,3.5912499999999996,5.0,0.7182499999999999,0,0,0,0,4226.823072692396,42.26823072692396,7521.171220476113,482.2419918098189,51.4146984076288,159.29618768328442,1,235.73657903106755,0000100001100000001100000011000000000001010000000110000000010000000000000000000000000000000001000011,0.0,235.73657903106755
06ac6393eee7a87a46f65b36cf9d1863821846f32cd08b7f9dd84710f2fa08a1,3,9,20291602,moderate,0.6,5.0,20263738,wa_mcbr_swap,0000100000100000001100000001000000000001010000000110000011010000000000000010000000000000000001000010,1,235.58506461363407,-1.206430869334454e-14,0.0866200410528108,686,30,3,True,26068,54880,80948,100,15,0.15,235.412800978746,235.412800978746,0.0,13.07506053268765,13.07506053268765,37.89473684210527,36.0,0.3450363196125907,3.51,3.51,5.0,0.702,0,0,0,0,4224.391364793172,42.24391364793172,7510.379509248275,487.7237650161731,51.96728321835736,151.70055452865057,1,235.58506461363405,0000100000100000001100000001000000000001010000000110000011010000000000000010000000000000000001000010,0.0,235.58506461363405
06ac6393eee7a87a46f65b36cf9d1863821846f32cd08b7f9dd84710f2fa08a1,3,9,20291602,moderate,0.6,5.0,20263738,capacity_greedy,0000100000000000001100000001000000000001010000000110000000010000000100000010000000000000000001000010,1,235.58506461363407,0.4181722429318297,0.0132454169215634,0,0,0,,0,0,0,100,13,0.13,236.43262492851537,236.43262492851537,0.0,11.864406779661016,11.864406779661016,37.89473684210527,36.0,0.3130885122410545,3.185,3.185,5.0,0.637,0,0,0,0,4211.656091049983,42.11656091049983,7449.314056325592,670.3667866254902,70.3120250455599,133.9479095270733,1,236.5702159623413,0000100000000000001100000001000000000001010000000110000000010000000100000010000000000000000001000010,0.0,236.5702159623413
06ac6393eee7a87a46f65b36cf9d1863821846f32cd08b7f9dd84710f2fa08a1,3,9,20291602,moderate,0.6,5.0,20263738,lagrangian_relaxation,0000100000100000001110001011000000000001011000000100000011010000000000000011000000001000000001000011,1,235.58506461363407,0.2508085537130386,0.0095247499411925,300,0,0,False,0,0,0,100,21,0.21,237.12959994041864,237.12959994041864,0.0,18.159806295399516,18.159806295399516,37.89473684210527,36.0,0.4792171105730427,4.8100000000000005,4.8100000000000005,5.0,0.962,0,0,0,0,4152.832172909957,41.528321729099574,7154.461241424148,570.5331687718034,60.05911543568433,250.046493607129,0,inf,0000100000100000001100001011000000000001000000000100000011010000000000000011000000001000000001000011,0.03,236.17593210695546
06ac6393eee7a87a46f65b36cf9d1863821846f32cd08b7f9dd84710f2fa08a1,3,9,20291602,moderate,0.6,5.0,20263738,legacy_count_br,0001001001000000000110010010000000000001010010000000000011010000000000010010010000111000110000000000,1,235.58506461363407,1.4740581794448124,0.0021442079450935,248,8,0,False,0,0,0,100,21,0.21,240.85782574076865,240.85782574076865,0.0,18.64406779661017,18.64406779661017,37.89473684210527,36.0,0.4919962335216572,4.891250000000001,4.891250000000001,5.0,0.9782500000000004,0,0,0,0,4213.631627315042,42.13631627315042,7424.55612733029,596.5265842680905,64.57749191857548,262.1223354958295,0,inf,0001001001000000000110000010000000000001010000000000000011010000000000010010010000011000110000000000,0.03,239.0577255281217
06ac6393eee7a87a46f65b36cf9d1863821846f32cd08b7f9dd84710f2fa08a1,3,9,20291602,moderate,0.6,5.0,20263738,random_feasible,0000101101000000000110100010000000000000001000000110000010010000000000000001010000111001000000000100,1,235.58506461363407,1.2975940766022633,0.0004339169245213,0,0,0,,0,0,0,100,20,0.2,240.39201912260617,240.39201912260617,0.0,18.159806295399516,18.159806295399516,37.89473684210527,36.0,0.4792171105730427,4.76125,4.76125,5.0,0.95225,0,0,0,0,4220.613957144298,42.20613957144298,7460.462369668331,600.6513636077807,63.11848341658504,250.046493607129,0,inf,0000101001000000000110100010000000000000001000000110000010010000000000000001010000111000000000000000,0.03,238.6420024574202
06ac6393eee7a87a46f65b36cf9d1863821846f32cd08b7f9dd84710f2fa08a1,3,9,20291602,moderate,0.6,5.0,20263738,all_local,0000000000000000000000000000000000000000000000000000000000000000000000000000000000000000000000000000,1,235.58506461363407,5.401032665769606,0.0,0,0,0,,0,0,0,100,0,0.0,248.30909090909088,248.30909090909088,0.0,0.0,0.0,37.89473684210527,36.0,0.0,0.0,0.0,5.0,0.0,0,0,0,0,4582.8,45.828,9165.6,0.0,0.0,0.0,1,248.30909090909088,0000000000000000000000000000000000000000000000000000000000000000000000000000000000000000000000000000,0.0,248.30909090909088
06ac6393eee7a87a46f65b36cf9d1863821846f32cd08b7f9dd84710f2fa08a1,3,9,20291602,moderate,0.6,5.0,20263738,all_offload,1111111111111111111111111111111111111111111111111111111111111111111111111111111111111111111111111111,0,235.58506461363407,0.2508085537130386,0.0,0,0,0,,0,0,0,100,100,1.0,inf,inf,0.0,100.0,100.0,37.89473684210527,36.0,2.6388888888888884,26.909999999999993,26.909999999999993,5.0,5.381999999999999,1,1,1,1,inf,inf,111.95300298779756,8766.01730045005,1119.5300298779755,inf,0,inf,0000100000100000001100001011000000000001000000000100000011010000000000000011000000001000000001000011,0.82,236.17593210695546
06ac6393eee7a87a46f65b36cf9d1863821846f32cd08b7f9dd84710f2fa08a1,3,9,20291602,moderate,0.6,5.0,20263738,qdp_oracle,0000100000100000001100000001000000000001010000000110000011010000000000000010000000000000000001000010,1,235.58506461363407,-1.206430869334454e-14,1.166628209059127,0,0,0,,0,0,0,100,15,0.15,235.412800978746,235.412800978746,0.0,13.07506053268765,13.07506053268765,37.89473684210527,36.0,0.3450363196125907,3.51,3.51,5.0,0.702,0,0,0,0,4224.391364793172,42.24391364793172,7510.379509248275,487.7237650161731,51.96728321835736,151.70055452865057,1,235.58506461363405,0000100000100000001100000001000000000001010000000110000011010000000000000010000000000000000001000010,0.0,235.58506461363405
06ac6393eee7a87a46f65b36cf9d1863821846f32cd08b7f9dd84710f2fa08a1,3,9,20291602,highly_constrained,0.3,2.0,20263738,wa_mcbr,0001000000000000000100000000000000000001000000000000000011000000000000000010010000001000010000000000,1,238.5863659149918,1.1755232359469996,0.0053545000264421,100,0,0,True,3800,8000,11800,100,9,0.09,241.07752142535975,241.07752142535975,0.0,7.021791767554481,7.021791767554481,18.947368421052634,18.0,0.3705945655098198,1.885,1.885,2.0,0.9425,0,0,0,0,4406.4846853059225,44.06484685305922,8352.318373705477,331.0981108597788,35.374856164359656,167.2002564650566,0,inf,0001000000000000000100000000000000000001000000000000000001000000000000000010010000001000010000000000,0.01,241.39100408412406
06ac6393eee7a87a46f65b36cf9d1863821846f32cd08b7f9dd84710f2fa08a1,3,9,20291602,highly_constrained,0.3,2.0,20263738,wa_mcbr_swap,0000100000000000001100000001000000000001000000000110000001010000000000000000000000000000000000000000,1,238.5863659149918,0.005083673813458497,0.0489691250259056,100,0,6,True,3800,8000,11800,100,9,0.09,238.11215103979748,238.11215103979748,0.0,7.021791767554479,7.021791767554479,18.947368421052634,18.0,0.3705945655098197,1.96625,1.96625,2.0,0.983125,0,0,0,0,4325.570889266765,43.255708892667656,7985.1984974141005,407.3429953977764,44.27749045564035,167.20025646505658,0,inf,0000100000000000001100000001000000000001000000000100000001010000000000000000000000000000000000000000,0.01,238.5984948675983
06ac6393eee7a87a46f65b36cf9d1863821846f32cd08b7f9dd84710f2fa08a1,3,9,20291602,highly_constrained,0.3,2.0,20263738,capacity_greedy,0000100000000000001100000001000000000001000000000100000001010000000100000000000000000000000000000000,1,238.5863659149918,0.005083673813458497,0.0084008750272914,0,0,0,,0,0,0,100,9,0.09,238.32852293573697,238.32852293573697,0.0,7.02179176755448,7.02179176755448,18.947368421052634,18.0,0.3705945655098197,1.96625,1.96625,2.0,0.983125,0,0,0,0,4289.133673223909,42.89133673223909,7812.594584306666,625.4301017470179,66.06492296280504,167.2002564650566,0,inf,0000100000000000001100000001000000000001000000000100000001010000000000000000000000000000000000000000,0.01,238.5984948675983
06ac6393eee7a87a46f65b36cf9d1863821846f32cd08b7f9dd84710f2fa08a1,3,9,20291602,highly_constrained,0.3,2.0,20263738,lagrangian_relaxation,0000100000000000001100000001000000000001000000000100000001010000000000000000000000001000000000000000,1,238.5863659149918,0.09184869198362401,0.0101919589797034,300,0,0,False,0,0,0,100,9,0.09,238.25438985922128,238.25438985922128,0.0,6.295399515738499,6.295399515738499,18.947368421052634,18.0,0.3322571966639763,1.80375,1.80375,2.0,0.901875,0,0,0,0,4337.932328397676,43.37932328397677,8042.774961775545,381.418617738109,41.662419505102655,144.39564867042702,0,inf,0000100000000000001100000001000000000000000000000100000001010000000000000000000000001000000000000000,0.01,238.80550437133599
06ac6393eee7a87a46f65b36cf9d1863821846f32cd08b7f9dd84710f2fa08a1,3,9,20291602,highly_constrained,0.3,2.0,20263738,legacy_count_br,0001000000000000000100000000000000000001000000000000000011000000000000000010010000001000010000000000,1,238.5863659149918,1.1755232359469996,0.0016799588920548,100,0,0,True,0,0,0,100,9,0.09,241.07752142535975,241.07752142535975,0.0,7.021791767554481,7.021791767554481,18.947368421052634,18.0,0.3705945655098198,1.885,1.885,2.0,0.9425,0,0,0,0,4406.4846853059225,44.06484685305922,8352.318373705477,331.0981108597788,35.374856164359656,167.2002564650566,0,inf,0001000000000000000100000000000000000001000000000000000001000000000000000010010000001000010000000000,0.01,241.39100408412406
06ac6393eee7a87a46f65b36cf9d1863821846f32cd08b7f9dd84710f2fa08a1,3,9,20291602,highly_constrained,0.3,2.0,20263738,random_feasible,0000100001000000000100000000000000000000000000000100000010010000000000000001010000001000000000000000,1,238.5863659149918,0.617606920542907,0.0005519170081242,0,0,0,,0,0,0,100,9,0.09,239.7603619087535,239.7603619087535,0.0,7.263922518159807,7.263922518159807,18.947368421052634,18.0,0.3833736884584341,1.96625,1.96625,2.0,0.983125,0,0,0,0,4370.747905054653,43.707479050546524,8190.34848404192,352.1130688997366,38.720449102317765,175.43193717277484,0,inf,0000100001000000000100000000000000000000000000000100000000010000000000000001010000001000000000000000,0.01,240.05989182235461
06ac6393eee7a87a46f65b36cf9d1863821846f32cd08b7f9dd84710f2fa08a1,3,9,20291602,highly_constrained,0.3,2.0,20263738,all_local,0000000000000000000000000000000000000000000000000000000000000000000000000000000000000000000000000000,1,238.5863659149918,4.0751385590756195,0.0,0,0,0,,0,0,0,100,0,0.0,248.30909090909088,248.30909090909088,0.0,0.0,0.0,18.947368421052634,18.0,0.0,0.0,0.0,2.0,0.0,0,0,0,0,4582.8,45.828,9165.6,0.0,0.0,0.0,1,248.30909090909088,0000000000000000000000000000000000000000000000000000000000000000000000000000000000000000000000000000,0.0,248.30909090909088
06ac6393eee7a87a46f65b36cf9d1863821846f32cd08b7f9dd84710f2fa08a1,3,9,20291602,highly_constrained,0.3,2.0,20263738,all_offload,1111111111111111111111111111111111111111111111111111111111111111111111111111111111111111111111111111,0,238.5863659149918,0.09184869198362401,0.0,0,0,0,,0,0,0,100,100,1.0,inf,inf,0.0,100.0,100.0,18.947368421052634,18.0,5.277777777777777,26.909999999999993,26.909999999999993,2.0,13.454999999999997,1,1,1,1,inf,inf,111.95300298779756,8766.01730045005,1119.5300298779755,inf,0,inf,0000100000000000001100000001000000000000000000000100000001010000000000000000000000001000000000000000,0.92,238.80550437133599
06ac6393eee7a87a46f65b36cf9d1863821846f32cd08b7f9dd84710f2fa08a1,3,9,20291602,highly_constrained,0.3,2.0,20263738,qdp_oracle,0000100000000000001100000001000000000001000000000100000000010000000000000000000000000000000001000000,1,238.5863659149918,-1.1912545514243948e-14,0.2365884589962661,0,0,0,,0,0,0,100,8,0.08,238.48741851303592,238.48741851303592,0.0,6.2953995157385,6.2953995157385,18.947368421052634,18.0,0.3322571966639763,1.7225,1.7225,2.0,0.8612500000000001,0,0,0,0,4354.580011153357,43.54580011153357,8121.891238795607,328.1057454992619,36.404849450978176,144.39564867042708,1,238.58636591499177,0000100000000000001100000001000000000001000000000100000000010000000000000000000000000000000001000000,0.0,238.58636591499177
06ac6393eee7a87a46f65b36cf9d1863821846f32cd08b7f9dd84710f2fa08a1,4,0,20300729,abundant,1.0,13.0,20264729,wa_mcbr,0000000011000010000000001100000000000000000001000000010000000010010000101100000000000010000000001000,1,267.1531904435071,0.0,0.064373290981166,1194,66,0,True,45372,95520,140892,100,14,0.14,267.08829530209726,267.08829530209726,0.0,13.58901515151515,13.58901515151515,63.15789473684211,60.0,0.2151594065656565,3.64,3.64,13.0,0.28,0,0,0,0,5468.1322507162195,54.68132250716219,9044.531683558957,949.4818869852206,95.12025421106094,88.53602131617313,1,267.1531904435071,0000000011000010000000001100000000000000000001000000010000000010010000101100000000000010000000001000,0.0,267.1531904435071
06ac6393eee7a87a46f65b36cf9d1863821846f32cd08b7f9dd84710f2fa08a1,4,0,20300729,abundant,1.0,13.0,20264729,wa_mcbr_swap,0000000011000010000000001100000000000000000001000000010000000010010000101100000000000010000000001000,1,267.1531904435071,0.0,0.0769053739495575,1194,66,0,True,45372,95520,140892,100,14,0.14,267.08829530209726,267.08829530209726,0.0,13.58901515151515,13.58901515151515,63.15789473684211,60.0,0.2151594065656565,3.64,3.64,13.0,0.28,0,0,0,0,5468.1322507162195,54.68132250716219,9044.531683558957,949.4818869852206,95.12025421106094,88.53602131617313,1,267.1531904435071,0000000011000010000000001100000000000000000001000000010000000010010000101100000000000010000000001000,0.0,267.1531904435071
06ac6393eee7a87a46f65b36cf9d1863821846f32cd08b7f9dd84710f2fa08a1,4,0,20300729,abundant,1.0,13.0,20264729,capacity_greedy,0000000011000010000000001100000000000000000001000000010000000010010000101100000000000010000000001000,1,267.1531904435071,0.0,0.0139270409708842,0,0,0,,0,0,0,100,14,0.14,267.08829530209726,267.08829530209726,0.0,13.58901515151515,13.58901515151515,63.15789473684211,60.0,0.2151594065656565,3.64,3.64,13.0,0.28,0,0,0,0,5468.1322507162195,54.68132250716219,9044.531683558957,949.4818869852206,95.12025421106094,88.53602131617313,1,267.1531904435071,0000000011000010000000001100000000000000000001000000010000000010010000101100000000000010000000001000,0.0,267.1531904435071
06ac6393eee7a87a46f65b36cf9d1863821846f32cd08b7f9dd84710f2fa08a1,4,0,20300729,abundant,1.0,13.0,20264729,lagrangian_relaxation,0000000010000010000000001000000001000000000011000000010000000010010000100100000000000010000000001000,1,267.1531904435071,0.7999982982302233,0.0311763749923557,300,0,0,False,0,0,0,100,13,0.13,269.2393403375112,269.2393403375112,0.0,12.878787878787875,12.878787878787875,63.15789473684211,60.0,0.2039141414141413,3.4775000000000005,3.4775000000000005,13.0,0.2675,0,0,0,0,5386.996406416699,53.869964064166986,8659.934980003152,1377.2255530688506,148.8446156270695,84.03647898493259,1,269.29041142072293,0000000010000010000000001000000001000000000011000000010000000010010000100100000000000010000000001000,0.0,269.29041142072293
06ac6393eee7a87a46f65b36cf9d1863821846f32cd08b7f9dd84710f2fa08a1,4,0,20300729,abundant,1.0,13.0,20264729,legacy_count_br,0000000011000010100000011100110000000000100001000000010000000010010010101000001010000011001001001001,1,267.1531904435071,1.9765011472423344,0.0041962499963119,566,57,0,False,0,0,0,100,25,0.25,272.08878055759715,272.08878055759715,0.0,24.005681818181813,24.005681818181813,63.15789473684211,60.0,0.380089962121212,6.4025,6.4025,13.0,0.4925,0,0,0,0,5332.102202971695,53.32102202971695,8365.395125006637,1014.8037957820204,103.8050002654278,173.284323085736,1,272.43347631751755,0000000011000010100000011100110000000000100001000000010000000010010010101000001010000011001001001001,0.0,272.43347631751755
06ac6393eee7a87a46f65b36cf9d1863821846f32cd08b7f9dd84710f2fa08a1,4,0,20300729,abundant,1.0,13.0,20264729,random_feasible,1010101001110010110001111011100000000101011100011000001001011110010001101010000000010011100000001110,1,267.1531904435071,38.555421969142955,4.379195161163807e-05,0,0,0,,0,0,0,100,42,0.42,605.1893222414703,605.1893222414703,0.0,42.61363636363637,42.61363636363637,63.15789473684211,60.0,0.6747159090909091,11.84625,11.84625,13.0,0.91125,0,0,0,0,5315.1101635263185,53.15110163526319,6816.861700497409,8145.016370090135,906.2309642240224,538.5589519650654,0,inf,1010101001110010100001111011100000000001011100001000001001011110010001101010000000000011100000001110,0.04,370.1552303230294
06ac6393eee7a87a46f65b36cf9d1863821846f32cd08b7f9dd84710f2fa08a1,4,0,20300729,abundant,1.0,13.0,20264729,all_local,0000000000000000000000000000000000000000000000000000000000000000000000000000000000000000000000000000,1,267.1531904435071,7.791338565688753,0.0,0,0,0,,0,0,0,100,0,0.0,287.968,287.968,0.0,0.0,0.0,63.15789473684211,60.0,0.0,0.0,0.0,13.0,0.0,0,0,0,0,6199.2,61.992,12398.4,0.0,0.0,0.0,1,287.968,0000000000000000000000000000000000000000000000000000000000000000000000000000000000000000000000000000,0.0,287.968
06ac6393eee7a87a46f65b36cf9d1863821846f32cd08b7f9dd84710f2fa08a1,4,0,20300729,abundant,1.0,13.0,20264729,all_offload,1111111111111111111111111111111111111111111111111111111111111111111111111111111111111111111111111111,0,267.1531904435071,14.252601716018553,0.0,0,0,0,,0,0,0,100,100,1.0,inf,inf,0.0,100.0,100.0,63.15789473684211,60.0,1.5833333333333333,28.112499999999997,28.112499999999997,13.0,2.1624999999999996,1,1,1,1,inf,inf,118.04289909183734,10353.913156249566,1180.4289909183733,inf,0,inf,1000101011000010100000011101110010000001101001100010010101001010010010001011101010000011001101001011,0.59,305.22947064905674
06ac6393eee7a87a46f65b36cf9d1863821846f32cd08b7f9dd84710f2fa08a1,4,0,20300729,abundant,1.0,13.0,20264729,qdp_oracle,0000000011000010000000001100000000000000000001000000010000000010010000101100000000000010000000001000,1,267.1531904435071,0.0,15.599176541902125,0,0,0,,0,0,0,100,14,0.14,267.08829530209726,267.08829530209726,0.0,13.58901515151515,13.58901515151515,63.15789473684211,60.0,0.2151594065656565,3.64,3.64,13.0,0.28,0,0,0,0,5468.1322507162195,54.68132250716219,9044.531683558957,949.4818869852206,95.12025421106094,88.53602131617313,1,267.1531904435071,0000000011000010000000001100000000000000000001000000010000000010010000101100000000000010000000001000,0.0,267.1531904435071
06ac6393eee7a87a46f65b36cf9d1863821846f32cd08b7f9dd84710f2fa08a1,4,0,20300729,moderate,0.6,5.0,20264729,wa_mcbr,0000000011000010000000001000000000000000000001000000010000000010010000101100000000000010000000001000,1,268.08952024575933,0.0,0.0188686250476166,357,22,0,True,13566,28560,42126,100,13,0.13,267.95905095645315,267.95905095645315,0.0,12.642045454545451,12.642045454545451,37.89473684210527,36.0,0.3336095328282827,3.39625,3.39625,5.0,0.67925,0,0,0,0,5490.876147138406,54.90876147138406,9148.82109342286,937.6251224991048,93.93026329679316,145.1554266090354,1,268.08952024575933,0000000011000010000000001000000000000000000001000000010000000010010000101100000000000010000000001000,0.0,268.08952024575933
06ac6393eee7a87a46f65b36cf9d1863821846f32cd08b7f9dd84710f2fa08a1,4,0,20300729,moderate,0.6,5.0,20264729,wa_mcbr_swap,0000000011000010000000001000000000000000000001000000010000000010010000101100000000000010000000001000,1,268.08952024575933,0.0,0.0306601250777021,357,22,0,True,13566,28560,42126,100,13,0.13,267.95905095645315,267.95905095645315,0.0,12.642045454545451,12.642045454545451,37.89473684210527,36.0,0.3336095328282827,3.39625,3.39625,5.0,0.67925,0,0,0,0,5490.876147138406,54.90876147138406,9148.82109342286,937.6251224991048,93.93026329679316,145.1554266090354,1,268.08952024575933,0000000011000010000000001000000000000000000001000000010000000010010000101100000000000010000000001000,0.0,268.08952024575933
06ac6393eee7a87a46f65b36cf9d1863821846f32cd08b7f9dd84710f2fa08a1,4,0,20300729,moderate,0.6,5.0,20264729,capacity_greedy,0000000011000010000000001000000000000000000001000000010000000010010000101100000000000010000000001000,1,268.08952024575933,0.0,0.0132374160457402,0,0,0,,0,0,0,100,13,0.13,267.95905095645315,267.95905095645315,0.0,12.642045454545451,12.642045454545451,37.89473684210527,36.0,0.3336095328282827,3.39625,3.39625,5.0,0.67925,0,0,0,0,5490.876147138406,54.90876147138406,9148.82109342286,937.6251224991048,93.93026329679316,145.1554266090354,1,268.08952024575933,0000000011000010000000001000000000000000000001000000010000000010010000101100000000000010000000001000,0.0,268.08952024575933
06ac6393eee7a87a46f65b36cf9d1863821846f32cd08b7f9dd84710f2fa08a1,4,0,20300729,moderate,0.6,5.0,20264729,lagrangian_relaxation,0000000011000010000000011100010000000000100001000000010000000010010000001000001010000010001000001010,1,268.08952024575933,0.7832438086149937,0.0101324580609798,300,0,0,False,0,0,0,100,19,0.19,271.22494774750675,271.22494774750675,0.0,18.087121212121207,18.087121212121207,37.89473684210527,36.0,0.4772990319865318,4.777500000000001,4.777500000000001,5.0,0.9555,0,0,0,0,5518.040537888566,55.18040537888566,9249.815594378731,743.322319443784,74.5049673016566,248.28493784912664,0,inf,0000000011000010000000011100000000000000100001000000010000000010010000001000001000000010000000001010,0.03,270.1893148146299
06ac6393eee7a87a46f65b36cf9d1863821846f32cd08b7f9dd84710f2fa08a1,4,0,20300729,moderate,0.6,5.0,20264729,legacy_count_br,0000100000000010100000001000110000000000100001100000000000000000010010000101101000000010001000001001,1,268.08952024575933,2.1707419576741396,0.0015189159894362,100,0,0,False,0,0,0,100,19,0.19,277.0057084671467,277.0057084671467,0.0,18.087121212121207,18.087121212121207,37.89473684210527,36.0,0.4772990319865318,4.89125,4.89125,5.0,0.97825,0,0,0,0,5575.06808715972,55.7506808715972,9491.400191595543,923.7196495045096,94.74692608126747,248.28493784912664,0,inf,0000000000000010100000001000110000000000100001100000000000000000010010000100001000000010001000001000,0.04,273.90905194586134
06ac6393eee7a87a46f65b36cf9d1863821846f32cd08b7f9dd84710f2fa08a1,4,0,20300729,moderate,0.6,5.0,20264729,random_feasible,0000101001000010100000011001100000000001000000000000000000000010010000101010000000000011000000001010,1,268.08952024575933,1.822106092231495,0.0003191250143572,0,0,0,,0,0,0,100,19,0.19,275.44316985092547,275.44316985092547,0.0,18.22916666666666,18.22916666666666,37.89473684210527,36.0,0.4810474537037035,4.858750000000001,4.858750000000001,5.0,0.97175,0,0,0,0,5596.7518032367125,55.96751803236712,9599.120748377489,798.3552919179709,80.039388288782,251.7396152773904,0,inf,0000100001000010100000011001100000000000000000000000000000000010010000101000000000000011000000001010,0.03,272.9743957267915
06ac6393eee7a87a46f65b36cf9d1863821846f32cd08b7f9dd84710f2fa08a1,4,0,20300729,moderate,0.6,5.0,20264729,all_local,0000000000000000000000000000000000000000000000000000000000000000000000000000000000000000000000000000,1,268.08952024575933,7.414866398364979,0.0,0,0,0,,0,0,0,100,0,0.0,287.968,287.968,0.0,0.0,0.0,37.89473684210527,36.0,0.0,0.0,0.0,5.0,0.0,0,0,0,0,6199.2,61.992,12398.4,0.0,0.0,0.0,1,287.968,0000000000000000000000000000000000000000000000000000000000000000000000000000000000000000000000000000,0.0,287.968
06ac6393eee7a87a46f65b36cf9d1863821846f32cd08b7f9dd84710f2fa08a1,4,0,20300729,moderate,0.6,5.0,20264729,all_offload,1111111111111111111111111111111111111111111111111111111111111111111111111111111111111111111111111111,0,268.08952024575933,0.7832438086149937,0.0,0,0,0,,0,0,0,100,100,1.0,inf,inf,0.0,100.0,100.0,37.89473684210527,36.0,2.6388888888888884,28.112499999999997,28.112499999999997,5.0,5.6225,1,1,1,1,inf,inf,118.04289909183734,10353.913156249566,1180.4289909183733,inf,0,inf,0000000011000010000000011100000000000000100001000000010000000010010000001000001000000010000000001010,0.84,270.1893148146299
06ac6393eee7a87a46f65b36cf9d1863821846f32cd08b7f9dd84710f2fa08a1,4,0,20300729,moderate,0.6,5.0,20264729,qdp_oracle,0000000011000010000000001000000000000000000001000000010000000010010000101100000000000010000000001000,1,268.08952024575933,0.0,1.9370551250176504,0,0,0,,0,0,0,100,13,0.13,267.95905095645315,267.95905095645315,0.0,12.642045454545451,12.642045454545451,37.89473684210527,36.0,0.3336095328282827,3.39625,3.39625,5.0,0.67925,0,0,0,0,5490.876147138406,54.90876147138406,9148.82109342286,937.6251224991048,93.93026329679316,145.1554266090354,1,268.08952024575933,0000000011000010000000001000000000000000000001000000010000000010010000101100000000000010000000001000,0.0,268.08952024575933
06ac6393eee7a87a46f65b36cf9d1863821846f32cd08b7f9dd84710f2fa08a1,4,0,20300729,highly_constrained,0.3,2.0,20264729,wa_mcbr,0000000000000010000000001000000000000000000001000000000000000000010000000100000000000010000000001000,1,273.49183597817125,0.8271691824478141,0.0057422498939558,100,0,0,True,3800,8000,11800,100,7,0.07,274.30389590006456,274.30389590006456,0.0,6.9602272727272725,6.9602272727272725,18.947368421052634,18.0,0.3673453282828282,1.90125,1.90125,2.0,0.950625,0,0,0,0,5784.363962069704,57.84363962069704,10505.281570773965,686.8342969906278,68.79582485222026,165.1602843956592,0,inf,0000000000000010000000001000000000000000000001000000000000000000010000000000000000000010000000001000,0.01,275.7540761618934
06ac6393eee7a87a46f65b36cf9d1863821846f32cd08b7f9dd84710f2fa08a1,4,0,20300729,highly_constrained,0.3,2.0,20264729,wa_mcbr_swap,0000000000000010000000000000000000000000000001000000000000000010000000100100000000000010000000001000,1,273.49183597817125,0.0,0.0221346248872578,100,0,2,True,3800,8000,11800,100,7,0.07,272.17098901494353,272.17098901494353,0.0,7.196969696969696,7.196969696969696,18.947368421052634,18.0,0.3798400673400672,1.9825,1.9825,2.0,0.99125,0,0,0,0,5703.127083507221,57.031270835072206,10134.592304179108,845.0329679471247,84.61488272963284,173.12181879877835,0,inf,0000000000000010000000000000000000000000000001000000000000000010000000100000000000000010000000001000,0.01,273.49183597817125
06ac6393eee7a87a46f65b36cf9d1863821846f32cd08b7f9dd84710f2fa08a1,4,0,20300729,highly_constrained,0.3,2.0,20264729,capacity_greedy,0000000000000000000000000000000000000000000001000000010000000010000000100100000000000010000000000000,1,273.49183597817125,0.27360588395906466,0.0060710419202223,0,0,0,,0,0,0,100,6,0.06,272.7350305184034,272.7350305184034,0.0,6.960227272727272,6.960227272727272,18.947368421052634,18.0,0.3673453282828282,1.86875,1.86875,2.0,0.934375,0,0,0,0,5728.6352918797775,57.286352918797775,10253.325180745069,874.0550289004627,87.53012417760058,165.16028439565915,0,inf,0000000000000000000000000000000000000000000001000000010000000010000000100000000000000010000000000000,0.01,274.2401257335552
06ac6393eee7a87a46f65b36cf9d1863821846f32cd08b7f9dd84710f2fa08a1,4,0,20300729,highly_constrained,0.3,2.0,20264729,lagrangian_relaxation,0000000000000010000000000000000000000000000001000000010000000010000000100000000000000010000000001000,1,273.49183597817125,0.15294922973835312,0.010435750009492,300,0,0,True,0,0,0,100,7,0.07,272.2216087984569,272.2216087984569,0.0,6.9602272727272725,6.9602272727272725,18.947368421052634,18.0,0.3673453282828282,1.90125,1.90125,2.0,0.950625,0,0,0,0,5736.9698234733405,57.369698234733406,10292.86212721328,659.1002117958606,66.01817332576347,165.1602843956592,0,inf,0000000000000010000000000000000000000000000001000000010000000010000000100000000000000000000000001000,0.01,273.91013963469715
06ac6393eee7a87a46f65b36cf9d1863821846f32cd08b7f9dd84710f2fa08a1,4,0,20300729,highly_constrained,0.3,2.0,20264729,legacy_count_br,0000000000000010000000001000000000000000000001000000000000000000010000000100000000000010000000001000,1,273.49183597817125,0.8271691824478141,0.0016740410355851,100,0,0,True,0,0,0,100,7,0.07,274.30389590006456,274.30389590006456,0.0,6.9602272727272725,6.9602272727272725,18.947368421052634,18.0,0.3673453282828282,1.90125,1.90125,2.0,0.950625,0,0,0,0,5784.363962069704,57.84363962069704,10505.281570773965,686.8342969906278,68.79582485222026,165.1602843956592,0,inf,0000000000000010000000001000000000000000000001000000000000000000010000000000000000000010000000001000,0.01,275.7540761618934
06ac6393eee7a87a46f65b36cf9d1863821846f32cd08b7f9dd84710f2fa08a1,4,0,20300729,highly_constrained,0.3,2.0,20264729,random_feasible,0000000001000010000000001000000000000000000000000000000000000010010000100000000000000010000000001000,1,273.49183597817125,0.6906016550458655,0.0003983749775215,0,0,0,,0,0,0,100,8,0.08,273.7234584588596,273.7234584588596,0.0,7.3390151515151505,7.3390151515151505,18.947368421052634,18.0,0.3873369107744107,1.9825,1.9825,2.0,0.99125,0,0,0,0,5784.9505387379895,57.84950538737989,10508.833594127276,540.7627288787403,54.199265909622135,178.05461336997118,0,inf,0000000000000010000000001000000000000000000000000000000000000010000000100000000000000010000000001000,0.02,275.3805751238518
06ac6393eee7a87a46f65b36cf9d1863821846f32cd08b7f9dd84710f2fa08a1,4,0,20300729,highly_constrained,0.3,2.0,20264729,all_local,0000000000000000000000000000000000000000000000000000000000000000000000000000000000000000000000000000,1,273.49183597817125,5.293088172103309,0.0,0,0,0,,0,0,0,100,0,0.0,287.968,287.968,0.0,0.0,0.0,18.947368421052634,18.0,0.0,0.0,0.0,2.0,0.0,0,0,0,0,6199.2,61.992,12398.4,0.0,0.0,0.0,1,287.968,0000000000000000000000000000000000000000000000000000000000000000000000000000000000000000000000000000,0.0,287.968
06ac6393eee7a87a46f65b36cf9d1863821846f32cd08b7f9dd84710f2fa08a1,4,0,20300729,highly_constrained,0.3,2.0,20264729,all_offload,1111111111111111111111111111111111111111111111111111111111111111111111111111111111111111111111111111,0,273.49183597817125,0.3525720892248758,0.0,0,0,0,,0,0,0,100,100,1.0,inf,inf,0.0,100.0,100.0,18.947368421052634,18.0,5.277777777777777,28.112499999999997,28.112499999999997,2.0,14.05625,1,1,1,1,inf,inf,118.04289909183734,10353.913156249566,1180.4289909183733,inf,0,inf,0000000000000010000000000000000000000000000001000000010000000010000000000000000000000010000000001000,0.94,274.45609185813896
06ac6393eee7a87a46f65b36cf9d1863821846f32cd08b7f9dd84710f2fa08a1,4,0,20300729,highly_constrained,0.3,2.0,20264729,qdp_oracle,0000000000000010000000000000000000000000000001000000000000000010000000100000000000000010000000001000,1,273.49183597817125,0.0,0.2668495409889146,0,0,0,,0,0,0,100,6,0.06,273.4420169371869,273.4420169371869,0.0,6.013257575757575,6.013257575757575,18.947368421052634,18.0,0.3173663720538719,1.6575000000000002,1.6575000000000002,2.0,0.8287500000000001,0,0,0,0,5785.407272668701,57.85407272668701,10515.979538923542,631.6501164082116,63.25648725702145,136.22866170860462,1,273.49183597817125,0000000000000010000000000000000000000000000001000000000000000010000000100000000000000010000000001000,0.0,273.49183597817125
06ac6393eee7a87a46f65b36cf9d1863821846f32cd08b7f9dd84710f2fa08a1,4,1,20300826,abundant,1.0,13.0,20264730,wa_mcbr,0000000000000010000000000000000001000000000010010000010000010000010000000100000000000010000000001100,1,266.9912772024059,0.0,0.0230384999886155,454,51,0,True,17252,36320,53572,100,11,0.11,266.96716739394867,266.96716739394867,0.0,11.126893939393938,11.126893939393938,63.15789473684211,60.0,0.1761758207070706,3.0387500000000007,3.0387500000000007,13.0,0.23375,0,0,0,0,5415.759862555054,54.157598625550534,8807.09023813281,1286.52469548333,135.47619389188196,73.4628095215288,1,266.9912772024059,0000000000000010000000000000000001000000000010010000010000010000010000000100000000000010000000001100,0.0,266.9912772024059
06ac6393eee7a87a46f65b36cf9d1863821846f32cd08b7f9dd84710f2fa08a1,4,1,20300826,abundant,1.0,13.0,20264730,wa_mcbr_swap,0000000000000010000000000000000001000000000010010000010000010000010000000100000000000010000000001100,1,266.9912772024059,0.0,0.0330296249594539,454,51,0,True,17252,36320,53572,100,11,0.11,266.96716739394867,266.96716739394867,0.0,11.126893939393938,11.126893939393938,63.15789473684211,60.0,0.1761758207070706,3.0387500000000007,3.0387500000000007,13.0,0.23375,0,0,0,0,5415.759862555054,54.157598625550534,8807.09023813281,1286.52469548333,135.47619389188196,73.4628095215288,1,266.9912772024059,0000000000000010000000000000000001000000000010010000010000010000010000000100000000000010000000001100,0.0,266.9912772024059
06ac6393eee7a87a46f65b36cf9d1863821846f32cd08b7f9dd84710f2fa08a1,4,1,20300826,abundant,1.0,13.0,20264730,capacity_greedy,0000000000000010000000000000000001000000000010010000010000010000010000000100000000000010000000001100,1,266.9912772024059,0.0,0.0113114159321412,0,0,0,,0,0,0,100,11,0.11,266.96716739394867,266.96716739394867,0.0,11.126893939393938,11.126893939393938,63.15789473684211,60.0,0.1761758207070706,3.0387500000000007,3.0387500000000007,13.0,0.23375,0,0,0,0,5415.759862555054,54.157598625550534,8807.09023813281,1286.52469548333,135.47619389188196,73.4628095215288,1,266.9912772024059,0000000000000010000000000000000001000000000010010000010000010000010000000100000000000010000000001100,0.0,266.9912772024059
06ac6393eee7a87a46f65b36cf9d1863821846f32cd08b7f9dd84710f2fa08a1,4,1,20300826,abundant,1.0,13.0,20264730,lagrangian_relaxation,0000000000000000000000000000000001000000000011010000010000010000000000000100000000000010000000001100,1,266.9912772024059,0.22366361918371233,0.0309876250103116,300,0,0,False,0,0,0,100,10,0.1,267.57004768217485,267.57004768217485,0.0,10.984848484848484,10.984848484848484,63.15789473684211,60.0,0.1739267676767676,3.00625,3.00625,13.0,0.23125,0,0,0,0,5383.7273233581545,53.83727323358155,8656.05104059382,1580.0957290136685,165.10405938179386,72.6366068016813,1,267.58843955590163,0000000000000000000000000000000001000000000011010000010000010000000000000100000000000010000000001100,0.0,267.58843955590163
06ac6393eee7a87a46f65b36cf9d1863821846f32cd08b7f9dd84710f2fa08a1,4,1,20300826,abundant,1.0,13.0,20264730,legacy_count_br,1000000011000010100000000000100011000001100000110100010100000000010000001101101000000011001001001000,1,266.9912772024059,3.5308215587537672,0.0033305829856544,454,54,0,False,0,0,0,100,26,0.26,276.0590103991588,276.0590103991588,0.0,24.857954545454543,24.857954545454543,63.15789473684211,60.0,0.3935842803030302,6.5975,6.5975,13.0,0.5075000000000001,0,0,0,0,5402.142072206162,54.02142072206162,8675.154122909187,1007.821257918012,105.9278041994758,182.25844231895368,1,276.4182627778605,1000000011000010100000000000100011000001100000110100010100000000010000001101101000000011001001001000,0.0,276.4182627778605
06ac6393eee7a87a46f65b36cf9d1863821846f32cd08b7f9dd84710f2fa08a1,4,1,20300826,abundant,1.0,13.0,20264730,random_feasible,1001001011111100101000010001110110000001001101111110010000100010010110010000111110001011011100101110,1,266.9912772024059,25.341633842510333,0.0001663330476731,0,0,0,,0,0,0,100,48,0.48,390.8942198289527,390.8942198289527,0.0,45.312499999999986,45.312499999999986,63.15789473684211,60.0,0.7174479166666664,12.61,12.61,13.0,0.97,0,0,0,0,5095.976625324313,50.95976625324313,6703.674976825065,2794.7204008617487,309.89535052217303,654.7926267281098,0,inf,1000001011010100100000010001110110000001001100111100010000100000010110010000111110001011011100101110,0.07,334.6512290624814
06ac6393eee7a87a46f65b36cf9d1863821846f32cd08b7f9dd84710f2fa08a1,4,1,20300826,abundant,1.0,13.0,20264730,all_local,0000000000000000000000000000000000000000000000000000000000000000000000000000000000000000000000000000,1,266.9912772024059,7.856707161894157,0.0,0,0,0,,0,0,0,100,0,0.0,287.968,287.968,0.0,0.0,0.0,63.15789473684211,60.0,0.0,0.0,0.0,13.0,0.0,0,0,0,0,6199.2,61.992,12398.4,0.0,0.0,0.0,1,287.968,0000000000000000000000000000000000000000000000000000000000000000000000000000000000000000000000000000,0.0,287.968
06ac6393eee7a87a46f65b36cf9d1863821846f32cd08b7f9dd84710f2fa08a1,4,1,20300826,abundant,1.0,13.0,20264730,all_offload,1111111111111111111111111111111111111111111111111111111111111111111111111111111111111111111111111111,0,266.9912772024059,16.237557395611425,0.0,0,0,0,,0,0,0,100,100,1.0,inf,inf,0.0,100.0,100.0,63.15789473684211,60.0,1.5833333333333333,28.112499999999997,28.112499999999997,13.0,2.1624999999999996,1,1,1,1,inf,inf,97.42815991118536,8349.981902276846,974.2815991118536,inf,0,inf,1000000011000010100010001101100111001001100100100100110101000000010100011101101110000011001001011011,0.59,310.3441390794226
06ac6393eee7a87a46f65b36cf9d1863821846f32cd08b7f9dd84710f2fa08a1,4,1,20300826,abundant,1.0,13.0,20264730,qdp_oracle,0000000000000010000000000000000001000000000010010000010000010000010000000100000000000010000000001100,1,266.9912772024059,0.0,19.284862458938733,0,0,0,,0,0,0,100,11,0.11,266.96716739394867,266.96716739394867,0.0,11.126893939393938,11.126893939393938,63.15789473684211,60.0,0.1761758207070706,3.0387500000000007,3.0387500000000007,13.0,0.23375,0,0,0,0,5415.759862555054,54.157598625550534,8807.09023813281,1286.52469548333,135.47619389188196,73.4628095215288,1,266.9912772024059,0000000000000010000000000000000001000000000010010000010000010000010000000100000000000010000000001100,0.0,266.9912772024059
06ac6393eee7a87a46f65b36cf9d1863821846f32cd08b7f9dd84710f2fa08a1,4,1,20300826,moderate,0.6,5.0,20264730,wa_mcbr,0000000000000000000000000000000001000000000010010000010000010000010000000100000000000010000000001100,1,267.540661916027,0.0,0.0351000840310007,721,22,0,True,27398,57680,85078,100,10,0.1,267.5047411585525,267.5047411585525,0.0,10.416666666666664,10.416666666666664,37.89473684210527,36.0,0.2748842592592592,2.8437500000000004,2.8437500000000004,5.0,0.5687500000000001,0,0,0,0,5445.102464956093,54.451024649560935,8943.746329190211,1275.4739497194412,134.63291902113244,114.77254588986428,1,267.540661916027,0000000000000000000000000000000001000000000010010000010000010000010000000100000000000010000000001100,0.0,267.540661916027
06ac6393eee7a87a46f65b36cf9d1863821846f32cd08b7f9dd84710f2fa08a1,4,1,20300826,moderate,0.6,5.0,20264730,wa_mcbr_swap,0000000000000000000000000000000001000000000010010000010000010000010000000100000000000010000000001100,1,267.540661916027,0.0,0.0441550420364365,721,22,0,True,27398,57680,85078,100,10,0.1,267.5047411585525,267.5047411585525,0.0,10.416666666666664,10.416666666666664,37.89473684210527,36.0,0.2748842592592592,2.8437500000000004,2.8437500000000004,5.0,0.5687500000000001,0,0,0,0,5445.102464956093,54.451024649560935,8943.746329190211,1275.4739497194412,134.63291902113244,114.77254588986428,1,267.540661916027,0000000000000000000000000000000001000000000010010000010000010000010000000100000000000010000000001100,0.0,267.540661916027
06ac6393eee7a87a46f65b36cf9d1863821846f32cd08b7f9dd84710f2fa08a1,4,1,20300826,moderate,0.6,5.0,20264730,capacity_greedy,0000000000000000000000000000000001000000000010010000010000010000010000000100000000000010000000001100,1,267.540661916027,0.0,0.0103745000669732,0,0,0,,0,0,0,100,10,0.1,267.5047411585525,267.5047411585525,0.0,10.416666666666664,10.416666666666664,37.89473684210527,36.0,0.2748842592592592,2.8437500000000004,2.8437500000000004,5.0,0.5687500000000001,0,0,0,0,5445.102464956093,54.451024649560935,8943.746329190211,1275.4739497194412,134.63291902113244,114.77254588986428,1,267.540661916027,0000000000000000000000000000000001000000000010010000010000010000010000000100000000000010000000001100,0.0,267.540661916027
06ac6393eee7a87a46f65b36cf9d1863821846f32cd08b7f9dd84710f2fa08a1,4,1,20300826,moderate,0.6,5.0,20264730,lagrangian_relaxation,0000000011000010000000000000010001010000000010110000110000010000010000001100000000000010000000001100,1,267.540661916027,0.9139885388681397,0.0086421250598505,300,0,0,False,0,0,0,100,18,0.18,274.26146326942734,274.26146326942734,0.0,17.51893939393939,17.51893939393939,37.89473684210527,36.0,0.462305345117845,4.72875,4.72875,5.0,0.94575,0,0,0,0,5218.311519585755,52.18311519585755,7840.313434477413,1582.3587448223232,172.9685820785824,234.94789883078113,0,inf,0000000011000010000000000000000001000000000010110000010000010000010000001100000000000010000000001100,0.03,269.9859529027514
06ac6393eee7a87a46f65b36cf9d1863821846f32cd08b7f9dd84710f2fa08a1,4,1,20300826,moderate,0.6,5.0,20264730,legacy_count_br,1000000010000010000000001000100010000001100100110000010000000000000000001000100000000010001000010100,1,267.540661916027,3.0761455225689365,0.0010783330071717,100,0,0,False,0,0,0,100,18,0.18,278.1082946816629,278.1082946816629,0.0,17.99242424242424,17.99242424242424,37.89473684210527,36.0,0.474800084175084,4.9725,4.9725,5.0,0.9945,0,0,0,0,5615.911858206803,56.15911858206803,9678.512456527453,949.094018044658,95.13647374735136,246.0092156666331,0,inf,1000000010000010000000001000100010000000100000110000010000000000000000001000100000000010001000000100,0.03,275.77060200860814
06ac6393eee7a87a46f65b36cf9d1863821846f32cd08b7f9dd84710f2fa08a1,4,1,20300826,moderate,0.6,5.0,20264730,random_feasible,1000000011000000100000000000100010000001000000110100010000000000010000000000101000000011001000001010,1,267.540661916027,2.518821543781624,0.0004719579592347,0,0,0,,0,0,0,100,19,0.19,276.2009348031573,276.2009348031573,0.0,18.22916666666666,18.22916666666666,37.89473684210527,36.0,0.4810474537037035,4.85875,4.85875,5.0,0.97175,0,0,0,0,5645.127076510331,56.45127076510331,9822.197974040571,733.8959905295243,73.5775810826983,251.7396152773904,0,inf,1000000011000000100000000000100010000000000000110100010000000000010000000000001000000011001000001000,0.03,274.2795337467438
06ac6393eee7a87a46f65b36cf9d1863821846f32cd08b7f9dd84710f2fa08a1,4,1,20300826,moderate,0.6,5.0,20264730,all_local,0000000000000000000000000000000000000000000000000000000000000000000000000000000000000000000000000000,1,267.540661916027,7.635227459512144,0.0,0,0,0,,0,0,0,100,0,0.0,287.968,287.968,0.0,0.0,0.0,37.89473684210527,36.0,0.0,0.0,0.0,5.0,0.0,0,0,0,0,6199.2,61.992,12398.4,0.0,0.0,0.0,1,287.968,0000000000000000000000000000000000000000000000000000000000000000000000000000000000000000000000000000,0.0,287.968
06ac6393eee7a87a46f65b36cf9d1863821846f32cd08b7f9dd84710f2fa08a1,4,1,20300826,moderate,0.6,5.0,20264730,all_offload,1111111111111111111111111111111111111111111111111111111111111111111111111111111111111111111111111111,0,267.540661916027,2.212739141156297,0.0,0,0,0,,0,0,0,100,100,1.0,inf,inf,0.0,100.0,100.0,37.89473684210527,36.0,2.6388888888888884,28.112499999999997,28.112499999999997,5.0,5.6225,1,1,1,1,inf,inf,97.42815991118536,8349.981902276846,974.2815991118536,inf,0,inf,0000000011000010100000000000000011000000100000100000010100000000010000001100001000000010001000001000,0.83,273.46063886075154
06ac6393eee7a87a46f65b36cf9d1863821846f32cd08b7f9dd84710f2fa08a1,4,1,20300826,moderate,0.6,5.0,20264730,qdp_oracle,0000000000000000000000000000000001000000000010010000010000010000010000000100000000000010000000001100,1,267.540661916027,0.0,1.9428635409567503,0,0,0,,0,0,0,100,10,0.1,267.5047411585525,267.5047411585525,0.0,10.416666666666664,10.416666666666664,37.89473684210527,36.0,0.2748842592592592,2.8437500000000004,2.8437500000000004,5.0,0.5687500000000001,0,0,0,0,5445.102464956093,54.451024649560935,8943.746329190211,1275.4739497194412,134.63291902113244,114.77254588986428,1,267.540661916027,0000000000000000000000000000000001000000000010010000010000010000010000000100000000000010000000001100,0.0,267.540661916027
06ac6393eee7a87a46f65b36cf9d1863821846f32cd08b7f9dd84710f2fa08a1,4,1,20300826,highly_constrained,0.3,2.0,20264730,wa_mcbr,0000000010000010000000000000000000000000000000010000010000000000000000001000000000000010000000000100,1,272.7923942726576,0.9430251068777494,0.0052129999967291,100,0,0,True,3800,8000,11800,100,7,0.07,275.0524685166672,275.0524685166672,0.0,6.865530303030303,6.865530303030303,18.947368421052634,18.0,0.3623474326599326,1.8525,1.8525,2.0,0.92625,0,0,0,0,5802.00756373765,58.0200756373765,10584.488293205975,696.160357389502,69.75617228232385,162.06303370323002,0,inf,0000000010000010000000000000000000000000000000010000010000000000000000000000000000000010000000000100,0.01,275.3648950403017
06ac6393eee7a87a46f65b36cf9d1863821846f32cd08b7f9dd84710f2fa08a1,4,1,20300826,highly_constrained,0.3,2.0,20264730,wa_mcbr_swap,0000000000000000000000000000000001000000000000010000010000010000000000000100000000000010000000001000,1,272.7923942726576,0.030760142579258565,0.0331037499709054,100,0,4,True,3800,8000,11800,100,7,0.07,271.1902869168026,271.1902869168026,0.0,7.102272727272727,7.102272727272727,18.947368421052634,18.0,0.3748421717171716,1.95,1.95,2.0,0.975,0,0,0,0,5664.997038630368,56.64997038630368,9961.878624209545,886.8207889379908,96.9463156491027,169.89901540015146,0,inf,0000000000000000000000000000000001000000000000010000010000010000000000000100000000000000000000001000,0.01,272.87630560208123
06ac6393eee7a87a46f65b36cf9d1863821846f32cd08b7f9dd84710f2fa08a1,4,1,20300826,highly_constrained,0.3,2.0,20264730,capacity_greedy,0000000000000000000000000000000000000000000010010000000000010000000000000100000000000010000000000100,1,272.7923942726576,-2.0837611331638772e-14,0.0060969999758526,0,0,0,,0,0,0,100,6,0.06,271.3236857348735,271.3236857348735,0.0,7.102272727272727,7.102272727272727,18.947368421052634,18.0,0.3748421717171716,1.95,1.95,2.0,0.975,0,0,0,0,5651.193963890291,56.51193963890291,9897.097801348707,1162.428299648291,116.30022478425845,169.89901540015146,0,inf,0000000000000000000000000000000000000000000010010000000000010000000000000100000000000010000000000000,0.01,272.79239427265753
06ac6393eee7a87a46f65b36cf9d1863821846f32cd08b7f9dd84710f2fa08a1,4,1,20300826,highly_constrained,0.3,2.0,20264730,lagrangian_relaxation,0000000000000000000000000000000001000000000000010000010000010000000000000100000000000010000000001000,1,272.7923942726576,0.030760142579258565,0.0111054169246926,300,0,0,True,0,0,0,100,7,0.07,271.1902869168026,271.1902869168026,0.0,7.102272727272727,7.102272727272727,18.947368421052634,18.0,0.3748421717171716,1.95,1.95,2.0,0.975,0,0,0,0,5664.997038630368,56.64997038630368,9961.878624209545,886.8207889379908,96.9463156491027,169.89901540015146,0,inf,0000000000000000000000000000000001000000000000010000010000010000000000000100000000000000000000001000,0.01,272.87630560208123
06ac6393eee7a87a46f65b36cf9d1863821846f32cd08b7f9dd84710f2fa08a1,4,1,20300826,highly_constrained,0.3,2.0,20264730,legacy_count_br,0000000010000010000000000000000000000000000000010000010000000000000000001000000000000010000000000100,1,272.7923942726576,0.9430251068777494,0.0016046660020947,100,0,0,True,0,0,0,100,7,0.07,275.0524685166672,275.0524685166672,0.0,6.865530303030303,6.865530303030303,18.947368421052634,18.0,0.3623474326599326,1.8525,1.8525,2.0,0.92625,0,0,0,0,5802.00756373765,58.0200756373765,10584.488293205975,696.160357389502,69.75617228232385,162.06303370323002,0,inf,0000000010000010000000000000000000000000000000010000010000000000000000000000000000000010000000000100,0.01,275.3648950403017
06ac6393eee7a87a46f65b36cf9d1863821846f32cd08b7f9dd84710f2fa08a1,4,1,20300826,highly_constrained,0.3,2.0,20264730,random_feasible,0000000011000000000000000000000000000000000000110000010000000000010000000000000000000010000000001000,1,272.7923942726576,0.9371207272305216,0.0005832919850945,0,0,0,,0,0,0,100,8,0.08,274.6505598020694,274.6505598020694,0.0,7.102272727272727,7.102272727272727,18.947368421052634,18.0,0.3748421717171716,1.93375,1.93375,2.0,0.966875,0,0,0,0,5812.757771840431,58.12757771840431,10634.82081556405,524.8224646536825,52.6019455063353,169.89901540015146,0,inf,0000000010000000000000000000000000000000000000010000010000000000010000000000000000000010000000001000,0.02,275.34878834169507
06ac6393eee7a87a46f65b36cf9d1863821846f32cd08b7f9dd84710f2fa08a1,4,1,20300826,highly_constrained,0.3,2.0,20264730,all_local,0000000000000000000000000000000000000000000000000000000000000000000000000000000000000000000000000000,1,272.7923942726576,5.563060424688499,0.0,0,0,0,,0,0,0,100,0,0.0,287.968,287.968,0.0,0.0,0.0,18.947368421052634,18.0,0.0,0.0,0.0,2.0,0.0,0,0,0,0,6199.2,61.992,12398.4,0.0,0.0,0.0,1,287.968,0000000000000000000000000000000000000000000000000000000000000000000000000000000000000000000000000000,0.0,287.968
06ac6393eee7a87a46f65b36cf9d1863821846f32cd08b7f9dd84710f2fa08a1,4,1,20300826,highly_constrained,0.3,2.0,20264730,all_offload,1111111111111111111111111111111111111111111111111111111111111111111111111111111111111111111111111111,0,272.7923942726576,0.7657448809949219,0.0,0,0,0,,0,0,0,100,100,1.0,inf,inf,0.0,100.0,100.0,18.947368421052634,18.0,5.277777777777777,28.112499999999997,28.112499999999997,2.0,14.05625,1,1,1,1,inf,inf,97.42815991118536,8349.981902276846,974.2815991118536,inf,0,inf,0000000000000000000000000000000001000000000000000000010000000000010000000100000000000010000000001000,0.94,274.88128806754395
06ac6393eee7a87a46f65b36cf9d1863821846f32cd08b7f9dd84710f2fa08a1,4,1,20300826,highly_constrained,0.3,2.0,20264730,qdp_oracle,0000000000000000000000000000000000000000000010010000000000010000000000000100000000000010000000000000,1,272.7923942726576,-2.0837611331638772e-14,0.2203399590216577,0,0,0,,0,0,0,100,5,0.05,272.7809600337598,272.7809600337598,0.0,5.9185606060606055,5.9185606060606055,18.947368421052634,18.0,0.3123684764309763,1.625,1.625,2.0,0.8125,0,0,0,0,5733.659635178191,57.33659635178191,10278.499445083557,998.3602248810088,99.88901671088396,133.5668107570483,1,272.79239427265753,0000000000000000000000000000000000000000000010010000000000010000000000000100000000000010000000000000,0.0,272.79239427265753
06ac6393eee7a87a46f65b36cf9d1863821846f32cd08b7f9dd84710f2fa08a1,4,2,20300923,abundant,1.0,13.0,20264731,wa_mcbr,0000000001000010000000001000000001000000000011000000010000000010010000101100000000000010000000001000,1,263.5808811674313,-2.1565835355372402e-14,0.0357975420774892,737,59,0,True,28006,58960,86966,100,14,0.14,263.52164723301496,263.52164723301496,0.0,14.062499999999998,14.062499999999998,63.15789473684211,60.0,0.2226562499999999,3.770000000000001,3.770000000000001,13.0,0.29,0,0,0,0,5348.114367855549,53.48114367855549,8501.102241404767,1002.275378052506,107.30295748333371,91.608040201005,1,263.58088116743124,0000000001000010000000001000000001000000000011000000010000000010010000101100000000000010000000001000,0.0,263.58088116743124
06ac6393eee7a87a46f65b36cf9d1863821846f32cd08b7f9dd84710f2fa08a1,4,2,20300923,abundant,1.0,13.0,20264731,wa_mcbr_swap,0000000001000010000000001000000001000000000011000000010000000010010000101100000000000010000000001000,1,263.5808811674313,-2.1565835355372402e-14,0.0480955831008031,737,59,0,True,28006,58960,86966,100,14,0.14,263.52164723301496,263.52164723301496,0.0,14.062499999999998,14.062499999999998,63.15789473684211,60.0,0.2226562499999999,3.770000000000001,3.770000000000001,13.0,0.29,0,0,0,0,5348.114367855549,53.48114367855549,8501.102241404767,1002.275378052506,107.30295748333371,91.608040201005,1,263.58088116743124,0000000001000010000000001000000001000000000011000000010000000010010000101100000000000010000000001000,0.0,263.58088116743124
06ac6393eee7a87a46f65b36cf9d1863821846f32cd08b7f9dd84710f2fa08a1,4,2,20300923,abundant,1.0,13.0,20264731,capacity_greedy,0000000000000010000000001000000001000000000011010000010000000010010000101100000000000010000000001000,1,263.5808811674313,0.1645151315688103,0.0140168749494478,0,0,0,,0,0,0,100,14,0.14,263.9581886902047,263.9581886902047,0.0,14.299242424242422,14.299242424242422,63.15789473684211,60.0,0.2264046717171716,3.85125,3.85125,13.0,0.29625,0,0,0,0,5271.750710649938,52.717507106499376,8141.463733744353,1260.455811641722,133.12383888228098,93.16637763949812,1,264.01451160087413,0000000000000010000000001000000001000000000011010000010000000010010000101100000000000010000000001000,0.0,264.01451160087413
06ac6393eee7a87a46f65b36cf9d1863821846f32cd08b7f9dd84710f2fa08a1,4,2,20300923,abundant,1.0,13.0,20264731,lagrangian_relaxation,0000000000000010000000001000000001000000000011010000010000000011010000100100000000000010000000001000,1,263.5808811674313,0.5340491207946448,0.0285224580438807,300,0,0,False,0,0,0,100,14,0.14,264.93517575462243,264.93517575462243,0.0,14.535984848484846,14.535984848484846,63.15789473684211,60.0,0.2301530934343433,3.932500000000001,3.932500000000001,13.0,0.3025,0,0,0,0,5205.911571135563,52.05911571135562,7828.6376421909235,1527.5151907933064,159.83158506590502,94.73989031828198,1,264.98853254588875,0000000000000010000000001000000001000000000011010000010000000011010000100100000000000010000000001000,0.0,264.98853254588875
06ac6393eee7a87a46f65b36cf9d1863821846f32cd08b7f9dd84710f2fa08a1,4,2,20300923,abundant,1.0,13.0,20264731,legacy_count_br,1000001011000010000000011100000000000000100101100010010000000010010000101001000100000010001100001010,1,263.5808811674313,2.1524018415648887,0.0036910830531269,501,52,0,False,0,0,0,100,25,0.25,268.9037023224133,268.9037023224133,0.0,23.76893939393939,23.76893939393939,63.15789473684211,60.0,0.3763415404040403,6.4350000000000005,6.4350000000000005,13.0,0.495,0,0,0,0,5376.030496257206,53.760304962572064,8584.460939756895,822.3594175412205,82.43759027577246,170.86043274705804,1,269.25420090769205,1000001011000010000000011100000000000000100101100010010000000010010000101001000100000010001100001010,0.0,269.25420090769205
06ac6393eee7a87a46f65b36cf9d1863821846f32cd08b7f9dd84710f2fa08a1,4,2,20300923,abundant,1.0,13.0,20264731,random_feasible,1010101110010000100001011011101010100010101110100010001101000010011000001111101100001101111101100010,1,263.5808811674313,21.53481002770392,0.0001673749648034,0,0,0,,0,0,0,100,47,0.47,368.6418667013234,368.6418667013234,0.0,45.69128787878787,45.69128787878787,63.15789473684211,60.0,0.7234453914141412,12.691249999999998,12.691249999999998,13.0,0.9762499999999998,0,0,0,0,5313.442856205457,53.13442856205457,7816.189178916752,2199.2716633144905,242.32295567556096,673.9805963760872,0,inf,1010101110010000100001011011101010000000101100100010000101000010010000001111101100001001011101100010,0.07,320.34252319618565
06ac6393eee7a87a46f65b36cf9d1863821846f32cd08b7f9dd84710f2fa08a1,4,2,20300923,abundant,1.0,13.0,20264731,all_local,0000000000000000000000000000000000000000000000000000000000000000000000000000000000000000000000000000,1,263.5808811674313,9.2522335931784,0.0,0,0,0,,0,0,0,100,0,0.0,287.968,287.968,0.0,0.0,0.0,63.15789473684211,60.0,0.0,0.0,0.0,13.0,0.0,0,0,0,0,6199.2,61.992,12398.4,0.0,0.0,0.0,1,287.968,0000000000000000000000000000000000000000000000000000000000000000000000000000000000000000000000000000,0.0,287.968
06ac6393eee7a87a46f65b36cf9d1863821846f32cd08b7f9dd84710f2fa08a1,4,2,20300923,abundant,1.0,13.0,20264731,all_offload,1111111111111111111111111111111111111111111111111111111111111111111111111111111111111111111111111111,0,263.5808811674313,13.549411316517453,0.0,0,0,0,,0,0,0,100,100,1.0,inf,inf,0.0,100.0,100.0,63.15789473684211,60.0,1.5833333333333333,28.112499999999997,28.112499999999997,13.0,2.1624999999999996,1,1,1,1,inf,inf,99.36619406574634,8490.5109896186,993.6619406574632,inf,0,inf,1000001011010011000000011101100010001001100101100110010101001010010000101001001100000011011100001011,0.6,299.29453890850766
06ac6393eee7a87a46f65b36cf9d1863821846f32cd08b7f9dd84710f2fa08a1,4,2,20300923,abundant,1.0,13.0,20264731,qdp_oracle,0000000001000010000000001000000001000000000011000000010000000010010000101100000000000010000000001000,1,263.5808811674313,-2.1565835355372402e-14,19.534942666999996,0,0,0,,0,0,0,100,14,0.14,263.52164723301496,263.52164723301496,0.0,14.062499999999998,14.062499999999998,63.15789473684211,60.0,0.2226562499999999,3.770000000000001,3.770000000000001,13.0,0.29,0,0,0,0,5348.114367855549,53.48114367855549,8501.102241404767,1002.275378052506,107.30295748333371,91.608040201005,1,263.58088116743124,0000000001000010000000001000000001000000000011000000010000000010010000101100000000000010000000001000,0.0,263.58088116743124
06ac6393eee7a87a46f65b36cf9d1863821846f32cd08b7f9dd84710f2fa08a1,4,2,20300923,moderate,0.6,5.0,20264731,wa_mcbr,0000000000000010000000001000000001000000000011000000010000000010010000101100000000000010000000001000,1,264.64568727550613,-2.1479064875760426e-14,0.0312491250224411,616,24,0,True,23408,49280,72688,100,13,0.13,264.5256224048796,264.5256224048796,0.0,13.1155303030303,13.1155303030303,37.89473684210527,36.0,0.3461042718855218,3.52625,3.52625,5.0,0.70525,0,0,0,0,5375.619775700365,53.75619775700365,8626.978725771289,987.6587926046544,106.05582856069464,152.32395357724715,1,264.6456872755061,0000000000000010000000001000000001000000000011000000010000000010010000101100000000000010000000001000,0.0,264.6456872755061
06ac6393eee7a87a46f65b36cf9d1863821846f32cd08b7f9dd84710f2fa08a1,4,2,20300923,moderate,0.6,5.0,20264731,wa_mcbr_swap,0000000000000010000000001000000001000000000011000000010000000010010000101100000000000010000000001000,1,264.64568727550613,-2.1479064875760426e-14,0.0426768331089988,616,24,0,True,23408,49280,72688,100,13,0.13,264.5256224048796,264.5256224048796,0.0,13.1155303030303,13.1155303030303,37.89473684210527,36.0,0.3461042718855218,3.52625,3.52625,5.0,0.70525,0,0,0,0,5375.619775700365,53.75619775700365,8626.978725771289,987.6587926046544,106.05582856069464,152.32395357724715,1,264.6456872755061,0000000000000010000000001000000001000000000011000000010000000010010000101100000000000010000000001000,0.0,264.6456872755061
06ac6393eee7a87a46f65b36cf9d1863821846f32cd08b7f9dd84710f2fa08a1,4,2,20300923,moderate,0.6,5.0,20264731,capacity_greedy,0000000000000010000000001000000001000000000011010000010000000010010000100100000000000010000000001000,1,264.64568727550613,0.17491981704254544,0.0130523750558495,0,0,0,,0,0,0,100,13,0.13,264.9940557203674,264.9940557203674,0.0,13.352272727272725,13.352272727272725,37.89473684210527,36.0,0.3523516414141413,3.6075,3.6075,5.0,0.7215,0,0,0,0,5304.664084334384,53.04664084334384,8292.518387187301,1248.917623157479,132.18362979240615,156.0119410259534,1,265.10860502749944,0000000000000010000000001000000001000000000011010000010000000010010000100100000000000010000000001000,0.0,265.10860502749944
06ac6393eee7a87a46f65b36cf9d1863821846f32cd08b7f9dd84710f2fa08a1,4,2,20300923,moderate,0.6,5.0,20264731,lagrangian_relaxation,0000000011000010000000001000000001010000000011110000010000000010010000101100000000000010000000001000,1,264.64568727550613,0.4680680571992786,0.009700708091259,300,0,0,False,0,0,0,100,18,0.18,268.1505777489389,268.1505777489389,0.0,17.61363636363636,17.61363636363636,37.89473684210527,36.0,0.4648042929292927,4.72875,4.72875,5.0,0.94575,0,0,0,0,5168.8499154846695,51.688499154846696,7634.638310082123,1365.654238482793,146.5727823401656,237.11884399882027,0,inf,0000000011000010000000001000000001010000000001100000010000000010010000101100000000000010000000001000,0.02,265.8844092023983
06ac6393eee7a87a46f65b36cf9d1863821846f32cd08b7f9dd84710f2fa08a1,4,2,20300923,moderate,0.6,5.0,20264731,legacy_count_br,0000001010010011000000011100000000000000000100100000000000000010000000100001000100000000011100001010,1,264.64568727550613,3.3630787350200215,0.0018523329636082,217,4,0,False,0,0,0,100,19,0.19,274.87000012007314,274.87000012007314,0.0,17.282196969696965,17.282196969696965,37.89473684210527,36.0,0.4560579755892254,4.89125,4.89125,5.0,0.97825,0,0,0,0,5676.520149153088,56.76520149153088,9976.79933027881,597.7684660068414,63.1226462531607,229.607805208308,0,inf,0000001010000010000000011100000000000000000000100000000000000010000000100001000100000000011100001010,0.03,273.54593010741627
06ac6393eee7a87a46f65b36cf9d1863821846f32cd08b7f9dd84710f2fa08a1,4,2,20300923,moderate,0.6,5.0,20264731,random_feasible,1000001010000000000000011000000000000000100100100010000000000010010000001101000100000000011100000010,1,264.64568727550613,4.451849924574208,0.0004543339600786,0,0,0,,0,0,0,100,19,0.19,278.02591375387453,278.02591375387453,0.0,17.992424242424235,17.992424242424235,37.89473684210527,36.0,0.4748000841750839,4.8587500000000015,4.8587500000000015,5.0,0.9717500000000004,0,0,0,0,5723.751728342815,57.237517283428154,10182.071392406726,667.2396444815462,66.91538982772416,246.00921566663305,0,inf,1000001010000000000000011000000000000000100000100000000000000010010000001101000100000000001100000010,0.03,276.42731610486965
06ac6393eee7a87a46f65b36cf9d1863821846f32cd08b7f9dd84710f2fa08a1,4,2,20300923,moderate,0.6,5.0,20264731,all_local,0000000000000000000000000000000000000000000000000000000000000000000000000000000000000000000000000000,1,264.64568727550613,8.812655503512694,0.0,0,0,0,,0,0,0,100,0,0.0,287.968,287.968,0.0,0.0,0.0,37.89473684210527,36.0,0.0,0.0,0.0,5.0,0.0,0,0,0,0,6199.2,61.992,12398.4,0.0,0.0,0.0,1,287.968,0000000000000000000000000000000000000000000000000000000000000000000000000000000000000000000000000000,0.0,287.968
06ac6393eee7a87a46f65b36cf9d1863821846f32cd08b7f9dd84710f2fa08a1,4,2,20300923,moderate,0.6,5.0,20264731,all_offload,1111111111111111111111111111111111111111111111111111111111111111111111111111111111111111111111111111,0,264.64568727550613,0.7075541512552234,0.0,0,0,0,,0,0,0,100,100,1.0,inf,inf,0.0,100.0,100.0,37.89473684210527,36.0,2.6388888888888884,28.112499999999997,28.112499999999997,5.0,5.6225,1,1,1,1,inf,inf,99.36619406574634,8490.5109896186,993.6619406574632,inf,0,inf,0000000011000010000000001100000000000000000001100000010000000010010000101000000000000010000100001010,0.84,266.5181988219419
06ac6393eee7a87a46f65b36cf9d1863821846f32cd08b7f9dd84710f2fa08a1,4,2,20300923,moderate,0.6,5.0,20264731,qdp_oracle,0000000000000010000000001000000001000000000011000000010000000010010000101100000000000010000000001000,1,264.64568727550613,-2.1479064875760426e-14,2.018083499977365,0,0,0,,0,0,0,100,13,0.13,264.5256224048796,264.5256224048796,0.0,13.1155303030303,13.1155303030303,37.89473684210527,36.0,0.3461042718855218,3.52625,3.52625,5.0,0.70525,0,0,0,0,5375.619775700365,53.75619775700365,8626.978725771289,987.6587926046544,106.05582856069464,152.32395357724715,1,264.6456872755061,0000000000000010000000001000000001000000000011000000010000000010010000101100000000000010000000001000,0.0,264.6456872755061
06ac6393eee7a87a46f65b36cf9d1863821846f32cd08b7f9dd84710f2fa08a1,4,2,20300923,highly_constrained,0.3,2.0,20264731,wa_mcbr,0000000010000000000000011100000000000000000000000000000000000010000000100000000000000000000000001010,1,271.9764987389035,1.3949194913310923,0.0052476250566542,100,0,0,True,3800,8000,11800,100,8,0.08,275.4482516142105,275.4482516142105,0.0,7.102272727272727,7.102272727272727,18.947368421052634,18.0,0.3748421717171716,1.90125,1.90125,2.0,0.950625,0,0,0,0,5868.851975864938,58.688519758649385,10893.87013352403,336.59796771705544,33.76669050352606,169.89901540015146,0,inf,0000000010000000000000001100000000000000000000000000000000000010000000100000000000000000000000001010,0.01,275.7703519316523
06ac6393eee7a87a46f65b36cf9d1863821846f32cd08b7f9dd84710f2fa08a1,4,2,20300923,highly_constrained,0.3,2.0,20264731,wa_mcbr_swap,0000000000000010000000000000000001000000000000000000010000000010010000100000000000000010000000001000,1,271.9764987389035,0.5352877589093791,0.038034375058487,100,0,5,True,3800,8000,11800,100,8,0.08,270.813212152355,270.813212152355,0.0,7.3390151515151505,7.3390151515151505,18.947368421052634,18.0,0.3873369107744107,1.9825,1.9825,2.0,0.99125,0,0,0,0,5727.155315560058,57.27155315560058,10253.205467183769,416.3598316373225,50.68339797114671,178.05461336997118,0,inf,0000000000000010000000000000000000000000000000000000010000000010000000100000000000000010000000001000,0.02,273.4323556437632
06ac6393eee7a87a46f65b36cf9d1863821846f32cd08b7f9dd84710f2fa08a1,4,2,20300923,highly_constrained,0.3,2.0,20264731,capacity_greedy,0000000000000000000000000000000000000000000011010000000000000010000000100000000000000010000000000000,1,271.9764987389035,0.10754465625067575,0.0059199160896241,0,0,0,,0,0,0,100,6,0.06,270.55977178708855,270.55977178708855,0.0,7.196969696969696,7.196969696969696,18.947368421052634,18.0,0.3798400673400672,1.9499999999999995,1.9499999999999995,2.0,0.975,0,0,0,0,5658.10990214636,56.581099021463594,9932.987491051505,978.5285389277764,97.91517525041856,173.12181879877835,0,inf,0000000000000000000000000000000000000000000011000000000000000010000000100000000000000010000000000000,0.01,272.2689949295549
06ac6393eee7a87a46f65b36cf9d1863821846f32cd08b7f9dd84710f2fa08a1,4,2,20300923,highly_constrained,0.3,2.0,20264731,lagrangian_relaxation,0000000000000000000000000000000001000000000001000000010000000010000000100000000000000010000000001000,1,271.9764987389035,0.3344831213360002,0.0112851250451058,300,0,0,True,0,0,0,100,7,0.07,270.01991570555845,270.01991570555845,0.0,7.196969696969696,7.196969696969696,18.947368421052634,18.0,0.3798400673400672,1.95,1.95,2.0,0.975,0,0,0,0,5693.729766925038,56.937297669250384,10102.039421175448,531.1305990637713,62.77445363553745,173.12181879877835,0,inf,0000000000000000000000000000000000000000000001000000000000000010000000100000000000000010000000001000,0.02,272.88621422118575
06ac6393eee7a87a46f65b36cf9d1863821846f32cd08b7f9dd84710f2fa08a1,4,2,20300923,highly_constrained,0.3,2.0,20264731,legacy_count_br,0000000010000000000000011100000000000000000000000000000000000010000000100000000000000000000000001010,1,271.9764987389035,1.3949194913310923,0.0015782079426571,100,0,0,True,0,0,0,100,8,0.08,275.4482516142105,275.4482516142105,0.0,7.102272727272727,7.102272727272727,18.947368421052634,18.0,0.3748421717171716,1.90125,1.90125,2.0,0.950625,0,0,0,0,5868.851975864938,58.688519758649385,10893.87013352403,336.59796771705544,33.76669050352606,169.89901540015146,0,inf,0000000010000000000000001100000000000000000000000000000000000010000000100000000000000000000000001010,0.01,275.7703519316523
06ac6393eee7a87a46f65b36cf9d1863821846f32cd08b7f9dd84710f2fa08a1,4,2,20300923,highly_constrained,0.3,2.0,20264731,random_feasible,0000000010000000000000001000000000000000000000100000000000000010010000001100000000000000000000000010,1,271.9764987389035,1.8861702090531798,0.0005818750942125,0,0,0,,0,0,0,100,8,0.08,276.7913475645852,276.7913475645852,0.0,7.3390151515151505,7.3390151515151505,18.947368421052634,18.0,0.3873369107744107,1.93375,1.93375,2.0,0.966875,0,0,0,0,5872.498038251296,58.72498038251296,10904.788421997093,484.20016804205534,48.55274963642875,178.05461336997118,0,inf,0000000010000000000000001000000000000000000000100000000000000010010000001100000000000000000000000000,0.01,277.1064384337426
06ac6393eee7a87a46f65b36cf9d1863821846f32cd08b7f9dd84710f2fa08a1,4,2,20300923,highly_constrained,0.3,2.0,20264731,all_local,0000000000000000000000000000000000000000000000000000000000000000000000000000000000000000000000000000,1,271.9764987389035,5.879736424009304,0.0,0,0,0,,0,0,0,100,0,0.0,287.968,287.968,0.0,0.0,0.0,18.947368421052634,18.0,0.0,0.0,0.0,2.0,0.0,0,0,0,0,6199.2,61.992,12398.4,0.0,0.0,0.0,1,287.968,0000000000000000000000000000000000000000000000000000000000000000000000000000000000000000000000000000,0.0,287.968
06ac6393eee7a87a46f65b36cf9d1863821846f32cd08b7f9dd84710f2fa08a1,4,2,20300923,highly_constrained,0.3,2.0,20264731,all_offload,1111111111111111111111111111111111111111111111111111111111111111111111111111111111111111111111111111,0,271.9764987389035,0.3344831213360002,0.0,0,0,0,,0,0,0,100,100,1.0,inf,inf,0.0,100.0,100.0,18.947368421052634,18.0,5.277777777777777,28.112499999999997,28.112499999999997,2.0,14.05625,1,1,1,1,inf,inf,99.36619406574634,8490.5109896186,993.6619406574632,inf,0,inf,0000000000000000000000000000000000000000000001000000000000000010000000100000000000000010000000001000,0.95,272.88621422118575
06ac6393eee7a87a46f65b36cf9d1863821846f32cd08b7f9dd84710f2fa08a1,4,2,20300923,highly_constrained,0.3,2.0,20264731,qdp_oracle,0000000000000010000000000000000000000000000001000000000000000010000000100000000000000010000000001000,1,271.9764987389035,0.0,0.2510671659838408,0,0,0,,0,0,0,100,6,0.06,271.92667969791916,271.92667969791916,0.0,6.013257575757575,6.013257575757575,18.947368421052634,18.0,0.3173663720538719,1.6575000000000002,1.6575000000000002,2.0,0.8287500000000001,0,0,0,0,5783.8934233270975,57.838934233270976,10515.82785640985,379.34189280755135,37.9760683081627,136.22866170860462,1,271.9764987389035,0000000000000010000000000000000000000000000001000000000000000010000000100000000000000010000000001000,0.0,271.9764987389035
06ac6393eee7a87a46f65b36cf9d1863821846f32cd08b7f9dd84710f2fa08a1,4,3,20301020,abundant,1.0,13.0,20264732,wa_mcbr,0000000011000010000000000000000001010000000000010000010000010010010000101000000000000010000000001000,1,264.45075907536216,-2.1494897220018567e-14,0.0350226250011473,618,62,0,True,23484,49440,72924,100,14,0.14,264.3929842764745,264.3929842764745,0.0,13.257575757575756,13.257575757575756,63.15789473684211,60.0,0.2099116161616161,3.55875,3.55875,13.0,0.27375,0,0,0,0,5391.939291524911,53.91939291524911,8702.622879288901,937.8148132769628,101.63423492146671,86.42029564522572,1,264.4507590753621,0000000011000010000000000000000001010000000000010000010000010010010000101000000000000010000000001000,0.0,264.4507590753621
06ac6393eee7a87a46f65b36cf9d1863821846f32cd08b7f9dd84710f2fa08a1,4,3,20301020,abundant,1.0,13.0,20264732,wa_mcbr_swap,0000000011000010000000000000000001010000000000010000010000010010010000101000000000000010000000001000,1,264.45075907536216,-2.1494897220018567e-14,0.0482727079652249,618,62,0,True,23484,49440,72924,100,14,0.14,264.3929842764745,264.3929842764745,0.0,13.257575757575756,13.257575757575756,63.15789473684211,60.0,0.2099116161616161,3.55875,3.55875,13.0,0.27375,0,0,0,0,5391.939291524911,53.91939291524911,8702.622879288901,937.8148132769628,101.63423492146671,86.42029564522572,1,264.4507590753621,0000000011000010000000000000000001010000000000010000010000010010010000101000000000000010000000001000,0.0,264.4507590753621
06ac6393eee7a87a46f65b36cf9d1863821846f32cd08b7f9dd84710f2fa08a1,4,3,20301020,abundant,1.0,13.0,20264732,capacity_greedy,0000000011000010000000000000000001010000000000010000010000010010010000101000000000000010000000001000,1,264.45075907536216,-2.1494897220018567e-14,0.0143464999273419,0,0,0,,0,0,0,100,14,0.14,264.3929842764745,264.3929842764745,0.0,13.257575757575756,13.257575757575756,63.15789473684211,60.0,0.2099116161616161,3.55875,3.55875,13.0,0.27375,0,0,0,0,5391.939291524911,53.91939291524911,8702.622879288901,937.8148132769628,101.63423492146671,86.42029564522572,1,264.4507590753621,0000000011000010000000000000000001010000000000010000010000010010010000101000000000000010000000001000,0.0,264.4507590753621
06ac6393eee7a87a46f65b36cf9d1863821846f32cd08b7f9dd84710f2fa08a1,4,3,20301020,abundant,1.0,13.0,20264732,lagrangian_relaxation,0000000000000010000000000000000001000000000000010000010000010010010000100000000000000010000000001000,1,264.45075907536216,0.45975082407086243,0.0331030829111114,300,0,0,False,0,0,0,100,10,0.1,265.6446622396973,265.6446622396973,0.0,9.706439393939393,9.706439393939393,63.15789473684211,60.0,0.1536852904040403,2.6325,2.6325,13.0,0.2024999999999999,0,0,0,0,5513.1823607754495,55.1318236077545,9270.913297983525,852.8376906737549,91.32979835233397,65.3983868711828,1,265.6665736194728,0000000000000010000000000000000001000000000000010000010000010010010000100000000000000010000000001000,0.0,265.6665736194728
06ac6393eee7a87a46f65b36cf9d1863821846f32cd08b7f9dd84710f2fa08a1,4,3,20301020,abundant,1.0,13.0,20264732,legacy_count_br,0000000011000010000000000100100001010000100000110000010000011010010000101001001100000011011100001001,1,264.45075907536216,3.007500046994698,0.0038470000727102,506,47,0,False,0,0,0,100,27,0.27,272.0010476154173,272.0010476154173,0.0,26.04166666666666,26.04166666666666,63.15789473684211,60.0,0.4123263888888888,6.9225,6.9225,13.0,0.5325,0,0,0,0,5183.20649526112,51.8320649526112,7667.654363246602,1138.167694719535,120.53197209637663,195.4062038404726,1,272.4041157788315,0000000011000010000000000100100001010000100000110000010000011010010000101001001100000011011100001001,0.0,272.4041157788315
06ac6393eee7a87a46f65b36cf9d1863821846f32cd08b7f9dd84710f2fa08a1,4,3,20301020,abundant,1.0,13.0,20264732,random_feasible,1100011111011000100000111001011100101000100100110111101000100100011100011110111000000110001111000010,1,264.45075907536216,29.89120005017936,0.0001575000351294,0,0,0,,0,0,0,100,47,0.47,406.891543518971,406.891543518971,0.0,45.69128787878786,45.69128787878786,63.15789473684211,60.0,0.7234453914141411,12.772499999999996,12.772499999999996,13.0,0.9824999999999998,0,0,0,0,5277.61793029892,52.776179302989206,7489.450406870936,3002.9966440264507,337.2426993815885,673.9805963760869,0,inf,1000011111001000100000011001011000101000100100110111101000100000011100011110101000000010001101000010,0.08,343.4982645047965
06ac6393eee7a87a46f65b36cf9d1863821846f32cd08b7f9dd84710f2fa08a1,4,3,20301020,abundant,1.0,13.0,20264732,all_local,0000000000000000000000000000000000000000000000000000000000000000000000000000000000000000000000000000,1,264.45075907536216,8.892861947859265,0.0,0,0,0,,0,0,0,100,0,0.0,287.968,287.968,0.0,0.0,0.0,63.15789473684211,60.0,0.0,0.0,0.0,13.0,0.0,0,0,0,0,6199.2,61.992,12398.4,0.0,0.0,0.0,1,287.968,0000000000000000000000000000000000000000000000000000000000000000000000000000000000000000000000000000,0.0,287.968
06ac6393eee7a87a46f65b36cf9d1863821846f32cd08b7f9dd84710f2fa08a1,4,3,20301020,abundant,1.0,13.0,20264732,all_offload,1111111111111111111111111111111111111111111111111111111111111111111111111111111111111111111111111111,0,264.45075907536216,15.164813341121324,0.0,0,0,0,,0,0,0,100,100,1.0,inf,inf,0.0,100.0,100.0,63.15789473684211,60.0,1.5833333333333333,28.112499999999997,28.112499999999997,13.0,2.1624999999999996,1,1,1,1,inf,inf,98.42730313105662,8443.180147855881,984.2730313105662,inf,0,inf,1010101011000010000000010100100001011001101100100100010101011010010000101011001100000011011101001011,0.59,304.5542230683193
06ac6393eee7a87a46f65b36cf9d1863821846f32cd08b7f9dd84710f2fa08a1,4,3,20301020,abundant,1.0,13.0,20264732,qdp_oracle,0000000011000010000000000000000001010000000000010000010000010010010000101000000000000010000000001000,1,264.45075907536216,-2.1494897220018567e-14,16.488894166075625,0,0,0,,0,0,0,100,14,0.14,264.3929842764745,264.3929842764745,0.0,13.257575757575756,13.257575757575756,63.15789473684211,60.0,0.2099116161616161,3.55875,3.55875,13.0,0.27375,0,0,0,0,5391.939291524911,53.91939291524911,8702.622879288901,937.8148132769628,101.63423492146671,86.42029564522572,1,264.4507590753621,0000000011000010000000000000000001010000000000010000010000010010010000101000000000000010000000001000,0.0,264.4507590753621
06ac6393eee7a87a46f65b36cf9d1863821846f32cd08b7f9dd84710f2fa08a1,4,3,20301020,moderate,0.6,5.0,20264732,wa_mcbr,0000000001000010000000000000000001010000000000010000010000010010010000101000000000000010000000001000,1,265.42435574317744,0.0,0.0287354160100221,555,22,0,True,21090,44400,65490,100,13,0.13,265.3160576277266,265.3160576277266,0.0,12.547348484848484,12.547348484848484,37.89473684210527,36.0,0.3311105850168349,3.36375,3.36375,5.0,0.67275,0,0,0,0,5417.8352483830995,54.17835248383099,8821.300806670719,920.4960167638828,100.06205159372868,143.75385885915406,1,265.42435574317744,0000000001000010000000000000000001010000000000010000010000010010010000101000000000000010000000001000,0.0,265.42435574317744
06ac6393eee7a87a46f65b36cf9d1863821846f32cd08b7f9dd84710f2fa08a1,4,3,20301020,moderate,0.6,5.0,20264732,wa_mcbr_swap,0000000001000010000000000000000001010000000000010000010000010010010000101000000000000010000000001000,1,265.42435574317744,0.0,0.0403902489924803,555,22,0,True,21090,44400,65490,100,13,0.13,265.3160576277266,265.3160576277266,0.0,12.547348484848484,12.547348484848484,37.89473684210527,36.0,0.3311105850168349,3.36375,3.36375,5.0,0.67275,0,0,0,0,5417.8352483830995,54.17835248383099,8821.300806670719,920.4960167638828,100.06205159372868,143.75385885915406,1,265.42435574317744,0000000001000010000000000000000001010000000000010000010000010010010000101000000000000010000000001000,0.0,265.42435574317744
06ac6393eee7a87a46f65b36cf9d1863821846f32cd08b7f9dd84710f2fa08a1,4,3,20301020,moderate,0.6,5.0,20264732,capacity_greedy,0000000001000010000000000000000001010000000000010000010000010010010000101000000000000010000000001000,1,265.42435574317744,0.0,0.0132456249557435,0,0,0,,0,0,0,100,13,0.13,265.3160576277266,265.3160576277266,0.0,12.547348484848484,12.547348484848484,37.89473684210527,36.0,0.3311105850168349,3.36375,3.36375,5.0,0.67275,0,0,0,0,5417.8352483830995,54.17835248383099,8821.300806670719,920.4960167638828,100.06205159372868,143.75385885915406,1,265.42435574317744,0000000001000010000000000000000001010000000000010000010000010010010000101000000000000010000000001000,0.0,265.42435574317744
06ac6393eee7a87a46f65b36cf9d1863821846f32cd08b7f9dd84710f2fa08a1,4,3,20301020,moderate,0.6,5.0,20264732,lagrangian_relaxation,0000000011000010000000000100000001010000000000110000010000010010010000101000000100000011000000001001,1,265.42435574317744,0.238478321963445,0.007299542077817,300,0,0,False,0,0,0,100,19,0.19,267.7560669135737,267.7560669135737,0.0,17.755681818181813,17.755681818181813,37.89473684210527,36.0,0.4685527146464645,4.72875,4.72875,5.0,0.94575,0,0,0,0,5303.466844807892,53.03466844807892,8264.02774317173,994.6835529441576,106.72332482791133,240.4135422080331,0,inf,0000000011000010000000000100000001010000000000110000010000010010010000101000000000000010000000001000,0.03,266.05733529283606
06ac6393eee7a87a46f65b36cf9d1863821846f32cd08b7f9dd84710f2fa08a1,4,3,20301020,moderate,0.6,5.0,20264732,legacy_count_br,0000001011000010000000000100000000010000100000100000010000010010000000100001001100000010001100001001,1,265.42435574317744,1.6906009805005593,0.0017632920062169,198,3,0,False,0,0,0,100,20,0.2,272.80101251654446,272.80101251654446,0.0,18.70265151515151,18.70265151515151,37.89473684210527,36.0,0.4935421927609425,4.9725,4.9725,5.0,0.9945,0,0,0,0,5489.832597688495,54.898325976884955,9109.70569366286,828.0053486260751,85.28468314309958,263.6245357986857,0,inf,0000000011000010000000000100000000010000000000100000010000010010000000100000001100000010001000001001,0.04,269.9116225038589
06ac6393eee7a87a46f65b36cf9d1863821846f32cd08b7f9dd84710f2fa08a1,4,3,20301020,moderate,0.6,5.0,20264732,random_feasible,0000001011000000000000010000001000000000100100110100000000000000010000001010001000000010001100000010,1,265.42435574317744,4.241919021919712,0.0004642920102924,0,0,0,,0,0,0,100,18,0.18,278.2613278640611,278.2613278640611,0.0,17.518939393939387,17.518939393939387,37.89473684210527,36.0,0.4623053451178449,4.777500000000001,4.777500000000001,5.0,0.9555,0,0,0,0,5692.09999185776,56.9209999185776,10034.630560169142,792.8294266003251,79.47556495226758,234.94789883078107,0,inf,0000001011000000000000010000001000000000100000110100000000000000010000001000001000000010001100000010,0.02,276.68344197825513
06ac6393eee7a87a46f65b36cf9d1863821846f32cd08b7f9dd84710f2fa08a1,4,3,20301020,moderate,0.6,5.0,20264732,all_local,0000000000000000000000000000000000000000000000000000000000000000000000000000000000000000000000000000,1,265.42435574317744,8.493434671321433,0.0,0,0,0,,0,0,0,100,0,0.0,287.968,287.968,0.0,0.0,0.0,37.89473684210527,36.0,0.0,0.0,0.0,5.0,0.0,0,0,0,0,6199.2,61.992,12398.4,0.0,0.0,0.0,1,287.968,0000000000000000000000000000000000000000000000000000000000000000000000000000000000000000000000000000,0.0,287.968
06ac6393eee7a87a46f65b36cf9d1863821846f32cd08b7f9dd84710f2fa08a1,4,3,20301020,moderate,0.6,5.0,20264732,all_offload,1111111111111111111111111111111111111111111111111111111111111111111111111111111111111111111111111111,0,265.42435574317744,0.9742826426978733,0.0,0,0,0,,0,0,0,100,100,1.0,inf,inf,0.0,100.0,100.0,37.89473684210527,36.0,2.6388888888888884,28.112499999999997,28.112499999999997,5.0,5.6225,1,1,1,1,inf,inf,98.42730313105662,8443.180147855881,984.2730313105662,inf,0,inf,0000000011000010000000000100000001010000000000100000010000010010010000101000000000000011000000001001,0.83,268.0103391706759
06ac6393eee7a87a46f65b36cf9d1863821846f32cd08b7f9dd84710f2fa08a1,4,3,20301020,moderate,0.6,5.0,20264732,qdp_oracle,0000000001000010000000000000000001010000000000010000010000010010010000101000000000000010000000001000,1,265.42435574317744,0.0,1.6231967919738963,0,0,0,,0,0,0,100,13,0.13,265.3160576277266,265.3160576277266,0.0,12.547348484848484,12.547348484848484,37.89473684210527,36.0,0.3311105850168349,3.36375,3.36375,5.0,0.67275,0,0,0,0,5417.8352483830995,54.17835248383099,8821.300806670719,920.4960167638828,100.06205159372868,143.75385885915406,1,265.42435574317744,0000000001000010000000000000000001010000000000010000010000010010010000101000000000000010000000001000,0.0,265.42435574317744
06ac6393eee7a87a46f65b36cf9d1863821846f32cd08b7f9dd84710f2fa08a1,4,3,20301020,highly_constrained,0.3,2.0,20264732,wa_mcbr,0000000010000000000000000000000000000000000000000000010000010010000000100000000000000010000000001000,1,270.8246643020925,0.5554723842951557,0.0053457079920917,100,0,0,True,3800,8000,11800,100,7,0.07,271.81194075507204,271.81194075507204,0.0,6.628787878787878,6.628787878787878,18.947368421052634,18.0,0.3498526936026935,1.82,1.82,2.0,0.91,0,0,0,0,5738.0961629455405,57.380961629455406,10300.022202087892,602.0664656899421,60.31458398421548,154.5282408156659,0,inf,0000000000000000000000000000000000000000000000000000010000010010000000100000000000000010000000001000,0.01,272.3290205221507
06ac6393eee7a87a46f65b36cf9d1863821846f32cd08b7f9dd84710f2fa08a1,4,3,20301020,highly_constrained,0.3,2.0,20264732,wa_mcbr_swap,0000000000000000000000000000000001000000000000010000000000010010000000100000000000000010000000001000,1,270.8246643020925,-2.0989011103287766e-14,0.0228788750246167,100,0,2,True,3800,8000,11800,100,7,0.07,269.20569312271437,269.20569312271437,0.0,7.102272727272727,7.102272727272727,18.947368421052634,18.0,0.3748421717171716,1.95,1.95,2.0,0.975,0,0,0,0,5634.644382521587,56.34644382521587,9828.593771061604,779.2984876837912,84.82443737199972,169.89901540015146,0,inf,0000000000000000000000000000000001000000000000010000000000010010000000100000000000000000000000001000,0.01,270.82466430209246
06ac6393eee7a87a46f65b36cf9d1863821846f32cd08b7f9dd84710f2fa08a1,4,3,20301020,highly_constrained,0.3,2.0,20264732,capacity_greedy,0000000000000000000000000000000001000000000000010000000000010010000000100000000000000010000000001000,1,270.8246643020925,-2.0989011103287766e-14,0.0067260420182719,0,0,0,,0,0,0,100,7,0.07,269.20569312271437,269.20569312271437,0.0,7.102272727272727,7.102272727272727,18.947368421052634,18.0,0.3748421717171716,1.95,1.95,2.0,0.975,0,0,0,0,5634.644382521587,56.34644382521587,9828.593771061604,779.2984876837912,84.82443737199972,169.89901540015146,0,inf,0000000000000000000000000000000001000000000000010000000000010010000000100000000000000000000000001000,0.01,270.82466430209246
06ac6393eee7a87a46f65b36cf9d1863821846f32cd08b7f9dd84710f2fa08a1,4,3,20301020,highly_constrained,0.3,2.0,20264732,lagrangian_relaxation,0000000000000000000000000000000001000000000000010000000000010010000000100000000000000010000000001000,1,270.8246643020925,-2.0989011103287766e-14,0.0089705410646274,300,0,0,True,0,0,0,100,7,0.07,269.20569312271437,269.20569312271437,0.0,7.102272727272727,7.102272727272727,18.947368421052634,18.0,0.3748421717171716,1.95,1.95,2.0,0.975,0,0,0,0,5634.644382521587,56.34644382521587,9828.593771061604,779.2984876837912,84.82443737199972,169.89901540015146,0,inf,0000000000000000000000000000000001000000000000010000000000010010000000100000000000000000000000001000,0.01,270.82466430209246
06ac6393eee7a87a46f65b36cf9d1863821846f32cd08b7f9dd84710f2fa08a1,4,3,20301020,highly_constrained,0.3,2.0,20264732,legacy_count_br,0000000010000000000000000000000000000000000000000000010000010010000000100000000000000010000000001000,1,270.8246643020925,0.5554723842951557,0.0016299169510602,100,0,0,True,0,0,0,100,7,0.07,271.81194075507204,271.81194075507204,0.0,6.628787878787878,6.628787878787878,18.947368421052634,18.0,0.3498526936026935,1.82,1.82,2.0,0.91,0,0,0,0,5738.0961629455405,57.380961629455406,10300.022202087892,602.0664656899421,60.31458398421548,154.5282408156659,0,inf,0000000000000000000000000000000000000000000000000000010000010010000000100000000000000010000000001000,0.01,272.3290205221507
06ac6393eee7a87a46f65b36cf9d1863821846f32cd08b7f9dd84710f2fa08a1,4,3,20301020,highly_constrained,0.3,2.0,20264732,random_feasible,0000000011000000000000000000000000000000000000110000000000000000010000001000000000000010000000000000,1,270.8246643020925,2.2281241255014725,0.0005737079773098,0,0,0,,0,0,0,100,7,0.07,276.2018591544653,276.2018591544653,0.0,6.628787878787879,6.628787878787879,18.947368421052634,18.0,0.3498526936026935,1.7712499999999998,1.7712499999999998,2.0,0.8856249999999999,0,0,0,0,5873.046886402129,58.73046886402128,10911.917113422109,452.1698166312217,45.30191744418066,154.52824081566592,0,inf,0000000010000000000000000000000000000000000000110000000000000000010000001000000000000010000000000000,0.01,276.8589739852158
06ac6393eee7a87a46f65b36cf9d1863821846f32cd08b7f9dd84710f2fa08a1,4,3,20301020,highly_constrained,0.3,2.0,20264732,all_local,0000000000000000000000000000000000000000000000000000000000000000000000000000000000000000000000000000,1,270.8246643020925,6.330049643774283,0.0,0,0,0,,0,0,0,100,0,0.0,287.968,287.968,0.0,0.0,0.0,18.947368421052634,18.0,0.0,0.0,0.0,2.0,0.0,0,0,0,0,6199.2,61.992,12398.4,0.0,0.0,0.0,1,287.968,0000000000000000000000000000000000000000000000000000000000000000000000000000000000000000000000000000,0.0,287.968
06ac6393eee7a87a46f65b36cf9d1863821846f32cd08b7f9dd84710f2fa08a1,4,3,20301020,highly_constrained,0.3,2.0,20264732,all_offload,1111111111111111111111111111111111111111111111111111111111111111111111111111111111111111111111111111,0,270.8246643020925,0.615394715117755,0.0,0,0,0,,0,0,0,100,100,1.0,inf,inf,0.0,100.0,100.0,18.947368421052634,18.0,5.277777777777777,28.112499999999997,28.112499999999997,2.0,14.05625,1,1,1,1,inf,inf,98.42730313105662,8443.180147855881,984.2730313105662,inf,0,inf,0000000000000000000000000000000001000000000000000000010000010010000000100000000000000000000000001000,0.94,272.491304973443
06ac6393eee7a87a46f65b36cf9d1863821846f32cd08b7f9dd84710f2fa08a1,4,3,20301020,highly_constrained,0.3,2.0,20264732,qdp_oracle,0000000000000000000000000000000001000000000000010000000000010010000000100000000000000000000000001000,1,270.8246643020925,-2.0989011103287766e-14,0.2122990839416161,0,0,0,,0,0,0,100,6,0.06,270.793857055205,270.793857055205,0.0,5.9185606060606055,5.9185606060606055,18.947368421052634,18.0,0.3123684764309763,1.625,1.625,2.0,0.8125,0,0,0,0,5703.437318670403,57.03437318670403,10145.267699457543,705.9863009769776,77.94990959106103,133.5668107570483,1,270.82466430209246,0000000000000000000000000000000001000000000000010000000000010010000000100000000000000000000000001000,0.0,270.82466430209246
06ac6393eee7a87a46f65b36cf9d1863821846f32cd08b7f9dd84710f2fa08a1,4,4,20301117,abundant,1.0,13.0,20264733,wa_mcbr,0000000010000010000000001000010001000000000010000000110000000011010000100000000000000010000000001000,1,264.1278145476952,-2.1521178660471384e-14,0.0415127919986844,848,64,0,True,32224,67840,100064,100,14,0.14,264.0728613046867,264.0728613046867,0.0,13.49431818181818,13.49431818181818,63.15789473684211,60.0,0.2136600378787878,3.64,3.64,13.0,0.28,0,0,0,0,5402.522313808164,54.025223138081635,8752.928840774748,892.2366253158863,94.91719819621044,87.92864669576997,1,264.12781454769515,0000000010000010000000001000010001000000000010000000110000000011010000100000000000000010000000001000,0.0,264.12781454769515
06ac6393eee7a87a46f65b36cf9d1863821846f32cd08b7f9dd84710f2fa08a1,4,4,20301117,abundant,1.0,13.0,20264733,wa_mcbr_swap,0000000010000010000000001000010001000000000010000000110000000011010000100000000000000010000000001000,1,264.1278145476952,-2.1521178660471384e-14,0.0537271669600158,848,64,0,True,32224,67840,100064,100,14,0.14,264.0728613046867,264.0728613046867,0.0,13.49431818181818,13.49431818181818,63.15789473684211,60.0,0.2136600378787878,3.64,3.64,13.0,0.28,0,0,0,0,5402.522313808164,54.025223138081635,8752.928840774748,892.2366253158863,94.91719819621044,87.92864669576997,1,264.12781454769515,0000000010000010000000001000010001000000000010000000110000000011010000100000000000000010000000001000,0.0,264.12781454769515
06ac6393eee7a87a46f65b36cf9d1863821846f32cd08b7f9dd84710f2fa08a1,4,4,20301117,abundant,1.0,13.0,20264733,capacity_greedy,0000000010000010000000001000010001000000000010000000110000000011010000100000000000000010000000001000,1,264.1278145476952,-2.1521178660471384e-14,0.0140715839806944,0,0,0,,0,0,0,100,14,0.14,264.0728613046867,264.0728613046867,0.0,13.49431818181818,13.49431818181818,63.15789473684211,60.0,0.2136600378787878,3.64,3.64,13.0,0.28,0,0,0,0,5402.522313808164,54.025223138081635,8752.928840774748,892.2366253158863,94.91719819621044,87.92864669576997,1,264.12781454769515,0000000010000010000000001000010001000000000010000000110000000011010000100000000000000010000000001000,0.0,264.12781454769515
06ac6393eee7a87a46f65b36cf9d1863821846f32cd08b7f9dd84710f2fa08a1,4,4,20301117,abundant,1.0,13.0,20264733,lagrangian_relaxation,0000000000000000000000000000000001000000000010010000010000000011010000100000000000000010000000001000,1,264.1278145476952,1.0472098145602426,0.0227104170480743,300,0,0,False,0,0,0,100,10,0.1,266.87567097320857,266.87567097320857,0.0,10.17992424242424,10.17992424242424,63.15789473684211,60.0,0.1611821338383837,2.7625,2.7625,13.0,0.2125,0,0,0,0,5456.975561482221,54.569755614822206,9001.257539568598,1229.5176704009305,125.75395685984594,68.03847782115807,1,266.89378694462215,0000000000000000000000000000000001000000000010010000010000000011010000100000000000000010000000001000,0.0,266.89378694462215
06ac6393eee7a87a46f65b36cf9d1863821846f32cd08b7f9dd84710f2fa08a1,4,4,20301117,abundant,1.0,13.0,20264733,legacy_count_br,0000100010000110100000011100100001001000001100100100110000000010010000101000001000000011001000001010,1,264.1278145476952,2.829754315489575,0.0035459160571917,477,57,0,False,0,0,0,100,27,0.27,271.1726158309205,271.1726158309205,0.0,25.09469696969696,25.09469696969696,63.15789473684211,60.0,0.3973327020202019,6.87375,6.87375,13.0,0.52875,0,0,0,0,5340.593079263955,53.405930792639545,8408.540194289153,874.1803613927593,94.08126996864893,184.82257430928365,1,271.6019827782669,0000100010000110100000011100100001001000001100100100110000000010010000101000001000000011001000001010,0.0,271.6019827782669
06ac6393eee7a87a46f65b36cf9d1863821846f32cd08b7f9dd84710f2fa08a1,4,4,20301117,abundant,1.0,13.0,20264733,random_feasible,0010001110000011001001001011101001001001110100100010110101101000111000101000111000001001111101110010,1,264.1278145476952,19.666481846863665,0.0001975420163944,0,0,0,,0,0,0,100,45,0.45,368.099103423411,368.099103423411,0.0,44.9810606060606,44.9810606060606,63.15789473684211,60.0,0.7122001262626262,12.691249999999998,12.691249999999998,13.0,0.9762499999999998,0,0,0,0,5278.700441532791,52.787004415327914,7665.397410257754,2336.906195473224,262.16467239452305,638.6591719221276,0,inf,0000001110000011000000001011100001001001110100100010110101001000111000101000111000000001111101010010,0.07,316.0724632482354
06ac6393eee7a87a46f65b36cf9d1863821846f32cd08b7f9dd84710f2fa08a1,4,4,20301117,abundant,1.0,13.0,20264733,all_local,0000000000000000000000000000000000000000000000000000000000000000000000000000000000000000000000000000,1,264.1278145476952,9.02600337383242,0.0,0,0,0,,0,0,0,100,0,0.0,287.968,287.968,0.0,0.0,0.0,63.15789473684211,60.0,0.0,0.0,0.0,13.0,0.0,0,0,0,0,6199.2,61.992,12398.4,0.0,0.0,0.0,1,287.968,0000000000000000000000000000000000000000000000000000000000000000000000000000000000000000000000000000,0.0,287.968
06ac6393eee7a87a46f65b36cf9d1863821846f32cd08b7f9dd84710f2fa08a1,4,4,20301117,abundant,1.0,13.0,20264733,all_offload,1111111111111111111111111111111111111111111111111111111111111111111111111111111111111111111111111111,0,264.1278145476952,13.604879204077514,0.0,0,0,0,,0,0,0,100,100,1.0,inf,inf,0.0,100.0,100.0,63.15789473684211,60.0,1.5833333333333333,28.112499999999997,28.112499999999997,13.0,2.1624999999999996,1,1,1,1,inf,inf,96.78460301888929,8394.53295245192,967.8460301888928,inf,0,inf,0000101011000110100000011111110011001001001100100110110000001010010000111011001000000011011001001010,0.59,300.062084661279
06ac6393eee7a87a46f65b36cf9d1863821846f32cd08b7f9dd84710f2fa08a1,4,4,20301117,abundant,1.0,13.0,20264733,qdp_oracle,0000000010000010000000001000010001000000000010000000110000000011010000100000000000000010000000001000,1,264.1278145476952,-2.1521178660471384e-14,20.443184999981895,0,0,0,,0,0,0,100,14,0.14,264.0728613046867,264.0728613046867,0.0,13.49431818181818,13.49431818181818,63.15789473684211,60.0,0.2136600378787878,3.64,3.64,13.0,0.28,0,0,0,0,5402.522313808164,54.025223138081635,8752.928840774748,892.2366253158863,94.91719819621044,87.92864669576997,1,264.12781454769515,0000000010000010000000001000010001000000000010000000110000000011010000100000000000000010000000001000,0.0,264.12781454769515
06ac6393eee7a87a46f65b36cf9d1863821846f32cd08b7f9dd84710f2fa08a1,4,4,20301117,moderate,0.6,5.0,20264733,wa_mcbr,0000000010000010000000001000010001000000000010000000010000000011010000100000000000000010000000001000,1,265.039354302672,0.004442993346549738,0.0428367500426247,848,28,0,True,32224,67840,100064,100,13,0.13,264.93761617707713,264.93761617707713,0.0,12.31060606060606,12.31060606060606,37.89473684210527,36.0,0.3248632154882154,3.3150000000000004,3.3150000000000004,5.0,0.663,0,0,0,0,5440.075207710559,54.40075207710559,8925.540018532309,850.1052607736696,87.69373325456138,140.29533234629466,1,265.0511299835494,0000000010000010000000001000010001000000000010000000010000000011010000100000000000000010000000001000,0.0,265.0511299835494
06ac6393eee7a87a46f65b36cf9d1863821846f32cd08b7f9dd84710f2fa08a1,4,4,20301117,moderate,0.6,5.0,20264733,wa_mcbr_swap,0000000010000010000000001000010001000000000010000000010000000011010000100000000000000010000000001000,1,265.039354302672,0.004442993346549738,0.0550274170236662,848,28,0,True,32224,67840,100064,100,13,0.13,264.93761617707713,264.93761617707713,0.0,12.31060606060606,12.31060606060606,37.89473684210527,36.0,0.3248632154882154,3.3150000000000004,3.3150000000000004,5.0,0.663,0,0,0,0,5440.075207710559,54.40075207710559,8925.540018532309,850.1052607736696,87.69373325456138,140.29533234629466,1,265.0511299835494,0000000010000010000000001000010001000000000010000000010000000011010000100000000000000010000000001000,0.0,265.0511299835494
06ac6393eee7a87a46f65b36cf9d1863821846f32cd08b7f9dd84710f2fa08a1,4,4,20301117,moderate,0.6,5.0,20264733,capacity_greedy,0000000010000010000000001000010001000000000010000000010000000011010000100000000000000010000000001000,1,265.039354302672,0.004442993346549738,0.0137468749890103,0,0,0,,0,0,0,100,13,0.13,264.93761617707713,264.93761617707713,0.0,12.31060606060606,12.31060606060606,37.89473684210527,36.0,0.3248632154882154,3.3150000000000004,3.3150000000000004,5.0,0.663,0,0,0,0,5440.075207710559,54.40075207710559,8925.540018532309,850.1052607736696,87.69373325456138,140.29533234629466,1,265.0511299835494,0000000010000010000000001000010001000000000010000000010000000011010000100000000000000010000000001000,0.0,265.0511299835494
06ac6393eee7a87a46f65b36cf9d1863821846f32cd08b7f9dd84710f2fa08a1,4,4,20301117,moderate,0.6,5.0,20264733,lagrangian_relaxation,0000100010000110100000011100010001000000000000100100010000000010010000100000000000000011000000001010,1,265.039354302672,0.9109715573598078,0.0075374169973656,300,0,0,False,0,0,0,100,20,0.2,268.59102267587065,268.59102267587065,0.0,17.755681818181813,17.755681818181813,37.89473684210527,36.0,0.4685527146464645,4.76125,4.76125,5.0,0.95225,0,0,0,0,5474.712128470133,54.747121284701336,9058.991764603745,655.1928812986491,69.58823018723453,240.4135422080331,0,inf,0000100010000010000000011100010001000000000000100000010000000010010000100000000000000011000000001010,0.03,267.4537874361794
06ac6393eee7a87a46f65b36cf9d1863821846f32cd08b7f9dd84710f2fa08a1,4,4,20301117,moderate,0.6,5.0,20264733,legacy_count_br,0000100010000001100000010100100001000000000000100000000000000000010000101000001000000011001001001010,1,265.039354302672,2.629066953488646,0.0017784170340746,196,8,0,False,0,0,0,100,19,0.19,273.8536582628,273.8536582628,0.0,17.755681818181813,17.755681818181813,37.89473684210527,36.0,0.4685527146464645,4.891249999999999,4.891249999999999,5.0,0.9782499999999998,0,0,0,0,5583.104821317883,55.83104821317883,9545.085063790577,722.9981061015724,78.16125213560427,240.4135422080331,0,inf,0000100010000000100000010100100001000000000000100000000000000000010000101000000000000011001000001010,0.03,272.00741638038323
06ac6393eee7a87a46f65b36cf9d1863821846f32cd08b7f9dd84710f2fa08a1,4,4,20301117,moderate,0.6,5.0,20264733,random_feasible,0000000010000010000000001001100001001000000100100000110000000000010000101000001000000001001001000010,1,265.039354302672,2.7957785444464966,0.0004453749861568,0,0,0,,0,0,0,100,19,0.19,274.3048506179549,274.3048506179549,0.0,18.22916666666666,18.22916666666666,37.89473684210527,36.0,0.4810474537037035,4.972500000000001,4.972500000000001,5.0,0.9945000000000002,0,0,0,0,5608.16814637037,56.081681463703696,9660.202650217529,683.4259831631283,73.82369565931296,251.7396152773904,0,inf,0000000010000010000000001000100001001000000000100000110000000000010000101000001000000001001000000010,0.03,272.44926770460563
06ac6393eee7a87a46f65b36cf9d1863821846f32cd08b7f9dd84710f2fa08a1,4,4,20301117,moderate,0.6,5.0,20264733,all_local,0000000000000000000000000000000000000000000000000000000000000000000000000000000000000000000000000000,1,265.039354302672,8.651034393610754,0.0,0,0,0,,0,0,0,100,0,0.0,287.968,287.968,0.0,0.0,0.0,37.89473684210527,36.0,0.0,0.0,0.0,5.0,0.0,0,0,0,0,6199.2,61.992,12398.4,0.0,0.0,0.0,1,287.968,0000000000000000000000000000000000000000000000000000000000000000000000000000000000000000000000000000,0.0,287.968
06ac6393eee7a87a46f65b36cf9d1863821846f32cd08b7f9dd84710f2fa08a1,4,4,20301117,moderate,0.6,5.0,20264733,all_offload,1111111111111111111111111111111111111111111111111111111111111111111111111111111111111111111111111111,0,265.039354302672,0.9109715573598078,0.0,0,0,0,,0,0,0,100,100,1.0,inf,inf,0.0,100.0,100.0,37.89473684210527,36.0,2.6388888888888884,28.112499999999997,28.112499999999997,5.0,5.6225,1,1,1,1,inf,inf,96.78460301888929,8394.53295245192,967.8460301888928,inf,0,inf,0000100010000010000000011100010001000000000000100000010000000010010000100000000000000011000000001010,0.83,267.4537874361794
06ac6393eee7a87a46f65b36cf9d1863821846f32cd08b7f9dd84710f2fa08a1,4,4,20301117,moderate,0.6,5.0,20264733,qdp_oracle,0000000010000000000000001000010001000000000010000000010000000011010000100000000000000010000000001000,1,265.039354302672,0.0,1.5562191249337047,0,0,0,,0,0,0,100,12,0.12,264.955611528302,264.955611528302,0.0,11.600378787878784,11.600378787878784,37.89473684210527,36.0,0.3061211069023568,3.12,3.12,5.0,0.624,0,0,0,0,5468.889517747327,54.68889517747327,9062.205018425995,810.4997248322719,83.75153549948104,130.29342077828528,1,265.039354302672,0000000010000000000000001000010001000000000010000000010000000011010000100000000000000010000000001000,0.0,265.039354302672
06ac6393eee7a87a46f65b36cf9d1863821846f32cd08b7f9dd84710f2fa08a1,4,4,20301117,highly_constrained,0.3,2.0,20264733,wa_mcbr,0000000010000000000000000100000000000000000000100000000000000000010000100000000000000011000000001000,1,270.9970044630967,1.6941265290125294,0.0052486249478533,100,0,0,True,3800,8000,11800,100,8,0.08,275.16271523274133,275.16271523274133,0.0,7.102272727272727,7.102272727272727,18.947368421052634,18.0,0.3748421717171716,1.93375,1.93375,2.0,0.966875,0,0,0,0,5850.903526881366,58.50903526881366,10811.11507114609,393.04184477064416,39.383893261436945,169.89901540015146,0,inf,0000000010000000000000000000000000000000000000100000000000000000010000100000000000000011000000001000,0.01,275.5880366085353
06ac6393eee7a87a46f65b36cf9d1863821846f32cd08b7f9dd84710f2fa08a1,4,4,20301117,highly_constrained,0.3,2.0,20264733,wa_mcbr_swap,0000000010000000000000000000000001000000000010000000010000000010010000100000000000000000000000001000,1,270.9970044630967,0.3185360057891819,0.0316124579403549,100,0,4,True,3800,8000,11800,100,8,0.08,270.0614848418103,270.0614848418103,0.0,7.3390151515151505,7.3390151515151505,18.947368421052634,18.0,0.3873369107744107,1.9825,1.9825,2.0,0.99125,0,0,0,0,5704.378002380059,57.04378002380059,10148.79845303966,469.19568413741774,49.80662995752032,178.05461336997118,0,inf,0000000000000000000000000000000001000000000010000000010000000010000000100000000000000000000000001000,0.02,271.86022749692177
06ac6393eee7a87a46f65b36cf9d1863821846f32cd08b7f9dd84710f2fa08a1,4,4,20301117,highly_constrained,0.3,2.0,20264733,capacity_greedy,0000000000000000000000000000000001000000000010000000000000000011000000100000000000000010000000001000,1,270.9970044630967,0.0,0.006610709009692,0,0,0,,0,0,0,100,7,0.07,269.5578941615457,269.5578941615457,0.0,7.102272727272727,7.102272727272727,18.947368421052634,18.0,0.3748421717171716,1.95,1.95,2.0,0.975,0,0,0,0,5652.030618612391,56.52030618612391,9907.744787660293,748.7607863698846,77.82680861285687,169.89901540015146,0,inf,0000000000000000000000000000000001000000000010000000000000000011000000100000000000000000000000001000,0.01,270.9970044630967
06ac6393eee7a87a46f65b36cf9d1863821846f32cd08b7f9dd84710f2fa08a1,4,4,20301117,highly_constrained,0.3,2.0,20264733,lagrangian_relaxation,0000000000000000000000000000000001000000000010000000010000000011000000100000000000000000000000001000,1,270.9970044630967,0.0,0.0090127079747617,300,0,0,True,0,0,0,100,7,0.07,269.7009120186857,269.7009120186857,0.0,6.865530303030302,6.865530303030302,18.947368421052634,18.0,0.3623474326599326,1.86875,1.86875,2.0,0.934375,0,0,0,0,5672.141535178264,56.721415351782646,10001.28138476232,658.1562774773729,68.76925175977848,162.06303370323,0,inf,0000000000000000000000000000000001000000000010000000000000000011000000100000000000000000000000001000,0.01,270.9970044630967
06ac6393eee7a87a46f65b36cf9d1863821846f32cd08b7f9dd84710f2fa08a1,4,4,20301117,highly_constrained,0.3,2.0,20264733,legacy_count_br,0000000010000000000000000100000000000000000000100000000000000000010000100000000000000011000000001000,1,270.9970044630967,1.6941265290125294,0.0015911250375211,100,0,0,True,0,0,0,100,8,0.08,275.16271523274133,275.16271523274133,0.0,7.102272727272727,7.102272727272727,18.947368421052634,18.0,0.3748421717171716,1.93375,1.93375,2.0,0.966875,0,0,0,0,5850.903526881366,58.50903526881366,10811.11507114609,393.04184477064416,39.383893261436945,169.89901540015146,0,inf,0000000010000000000000000000000000000000000000100000000000000000010000100000000000000011000000001000,0.01,275.5880366085353
06ac6393eee7a87a46f65b36cf9d1863821846f32cd08b7f9dd84710f2fa08a1,4,4,20301117,highly_constrained,0.3,2.0,20264733,random_feasible,0000000010000010000000001000000001000000000000100000010000000000010000100000000000000000000000000000,1,270.9970044630967,1.2055866585158923,0.0005767910042777,0,0,0,,0,0,0,100,8,0.08,273.81034528506615,273.81034528506615,0.0,7.102272727272727,7.102272727272727,18.947368421052634,18.0,0.3748421717171716,1.885,1.885,2.0,0.9425,0,0,0,0,5824.09399470906,58.2409399470906,10692.29675037379,341.8503232322993,37.093796723392536,169.89901540015146,0,inf,0000000010000010000000001000000001000000000000000000010000000000010000100000000000000000000000000000,0.01,274.2641081938815
06ac6393eee7a87a46f65b36cf9d1863821846f32cd08b7f9dd84710f2fa08a1,4,4,20301117,highly_constrained,0.3,2.0,20264733,all_local,0000000000000000000000000000000000000000000000000000000000000000000000000000000000000000000000000000,1,270.9970044630967,6.262429199365698,0.0,0,0,0,,0,0,0,100,0,0.0,287.968,287.968,0.0,0.0,0.0,18.947368421052634,18.0,0.0,0.0,0.0,2.0,0.0,0,0,0,0,6199.2,61.992,12398.4,0.0,0.0,0.0,1,287.968,0000000000000000000000000000000000000000000000000000000000000000000000000000000000000000000000000000,0.0,287.968
06ac6393eee7a87a46f65b36cf9d1863821846f32cd08b7f9dd84710f2fa08a1,4,4,20301117,highly_constrained,0.3,2.0,20264733,all_offload,1111111111111111111111111111111111111111111111111111111111111111111111111111111111111111111111111111,0,270.9970044630967,0.7090953180923854,0.0,0,0,0,,0,0,0,100,100,1.0,inf,inf,0.0,100.0,100.0,18.947368421052634,18.0,5.277777777777777,28.112499999999997,28.112499999999997,2.0,14.05625,1,1,1,1,inf,inf,96.78460301888929,8394.53295245192,967.8460301888928,inf,0,inf,0000000000000000000000000000000001000000000000000000010000000010010000100000000000000000000000001000,0.94,272.9186315339151
06ac6393eee7a87a46f65b36cf9d1863821846f32cd08b7f9dd84710f2fa08a1,4,4,20301117,highly_constrained,0.3,2.0,20264733,qdp_oracle,0000000000000000000000000000000001000000000010000000000000000011000000100000000000000000000000001000,1,270.9970044630967,0.0,0.2177829589927569,0,0,0,,0,0,0,100,6,0.06,270.96619721620925,270.96619721620925,0.0,5.9185606060606055,5.9185606060606055,18.947368421052634,18.0,0.3123684764309763,1.625,1.625,2.0,0.8125,0,0,0,0,5720.635215056767,57.206352150567675,10224.40157785111,638.9690320376352,66.929641851802,133.5668107570483,1,270.9970044630967,0000000000000000000000000000000001000000000010000000000000000011000000100000000000000000000000001000,0.0,270.9970044630967
06ac6393eee7a87a46f65b36cf9d1863821846f32cd08b7f9dd84710f2fa08a1,4,5,20301214,abundant,1.0,13.0,20264734,wa_mcbr,0000000000000010000000001000000000000000000001000000010000010011010000101100000000000010000000001000,1,265.7416673893739,0.0,0.0253232920076698,502,58,0,True,19076,40160,59236,100,13,0.13,265.69584041787715,265.69584041787715,0.0,13.352272727272725,13.352272727272725,63.15789473684211,60.0,0.2114109848484848,3.607500000000001,3.607500000000001,13.0,0.2775000000000001,0,0,0,0,5335.780402398969,53.357804023989694,8432.907199353736,1311.4705768876418,131.32302721042848,87.02191534073852,1,265.7416673893739,0000000000000010000000001000000000000000000001000000010000010011010000101100000000000010000000001000,0.0,265.7416673893739
06ac6393eee7a87a46f65b36cf9d1863821846f32cd08b7f9dd84710f2fa08a1,4,5,20301214,abundant,1.0,13.0,20264734,wa_mcbr_swap,0000000000000010000000001000000000000000000001000000010000010011010000101100000000000010000000001000,1,265.7416673893739,0.0,0.0367537500569596,502,58,0,True,19076,40160,59236,100,13,0.13,265.69584041787715,265.69584041787715,0.0,13.352272727272725,13.352272727272725,63.15789473684211,60.0,0.2114109848484848,3.607500000000001,3.607500000000001,13.0,0.2775000000000001,0,0,0,0,5335.780402398969,53.357804023989694,8432.907199353736,1311.4705768876418,131.32302721042848,87.02191534073852,1,265.7416673893739,0000000000000010000000001000000000000000000001000000010000010011010000101100000000000010000000001000,0.0,265.7416673893739
06ac6393eee7a87a46f65b36cf9d1863821846f32cd08b7f9dd84710f2fa08a1,4,5,20301214,abundant,1.0,13.0,20264734,capacity_greedy,0000000000000010000000001000000000000000000001000000010000010011010000101100000000000010000000001000,1,265.7416673893739,0.0,0.0129133339505642,0,0,0,,0,0,0,100,13,0.13,265.69584041787715,265.69584041787715,0.0,13.352272727272725,13.352272727272725,63.15789473684211,60.0,0.2114109848484848,3.607500000000001,3.607500000000001,13.0,0.2775000000000001,0,0,0,0,5335.780402398969,53.357804023989694,8432.907199353736,1311.4705768876418,131.32302721042848,87.02191534073852,1,265.7416673893739,0000000000000010000000001000000000000000000001000000010000010011010000101100000000000010000000001000,0.0,265.7416673893739
06ac6393eee7a87a46f65b36cf9d1863821846f32cd08b7f9dd84710f2fa08a1,4,5,20301214,abundant,1.0,13.0,20264734,lagrangian_relaxation,0000000000000010000000000000000000000000000001000000010000010011010000100100000000000010000000001100,1,265.7416673893739,0.13136232702944942,0.0311660410370677,300,0,0,False,0,0,0,100,12,0.12,266.0564378522483,266.0564378522483,0.0,12.642045454545451,12.642045454545451,63.15789473684211,60.0,0.2001657196969696,3.4450000000000007,3.4450000000000007,13.0,0.265,0,0,0,0,5322.687449279618,53.22687449279618,8371.771464945285,1474.7226922990812,147.6220787737471,82.56474766908391,1,266.09075182754344,0000000000000010000000000000000000000000000001000000010000010011010000100100000000000010000000001100,0.0,266.09075182754344
06ac6393eee7a87a46f65b36cf9d1863821846f32cd08b7f9dd84710f2fa08a1,4,5,20301214,abundant,1.0,13.0,20264734,legacy_count_br,0000101010000010100000011100000010000000100100000000010100011010010000101101000100000010010000001010,1,265.7416673893739,2.8336840305772606,0.0037714580539613,509,51,0,False,0,0,0,100,26,0.26,272.9063123268421,272.9063123268421,0.0,24.62121212121211,24.62121212121211,63.15789473684211,60.0,0.3898358585858584,6.678750000000001,6.678750000000001,13.0,0.51375,0,0,0,0,5311.310061362943,53.11310061362943,8261.149369210607,1055.2765453175225,105.74496963867098,179.72581479565434,1,273.27194658077633,0000101010000010100000011100000010000000100100000000010100011010010000101101000100000010010000001010,0.0,273.27194658077633
06ac6393eee7a87a46f65b36cf9d1863821846f32cd08b7f9dd84710f2fa08a1,4,5,20301214,abundant,1.0,13.0,20264734,random_feasible,1001011111000111000010000000110110000001010111010000100010100010000000011011001010001011000001011001,1,265.7416673893739,41.511387435933194,4.283292219042778e-05,0,0,0,,0,0,0,100,38,0.38,404.54445834496886,404.54445834496886,0.0,37.26325757575758,37.26325757575758,63.15789473684211,60.0,0.5900015782828283,10.822499999999998,10.822499999999998,13.0,0.8324999999999998,0,0,0,0,5220.168952695005,52.20168952695005,7256.946514309224,4024.687678744729,456.4872186637617,379.75844480800697,0,inf,1001011111000111000010000000110110000001010101010000100010100010000000011011001010001011000001011001,0.01,376.05472051808584
06ac6393eee7a87a46f65b36cf9d1863821846f32cd08b7f9dd84710f2fa08a1,4,5,20301214,abundant,1.0,13.0,20264734,all_local,0000000000000000000000000000000000000000000000000000000000000000000000000000000000000000000000000000,1,265.7416673893739,8.36388693913752,0.0,0,0,0,,0,0,0,100,0,0.0,287.968,287.968,0.0,0.0,0.0,63.15789473684211,60.0,0.0,0.0,0.0,13.0,0.0,0,0,0,0,6199.2,61.992,12398.4,0.0,0.0,0.0,1,287.968,0000000000000000000000000000000000000000000000000000000000000000000000000000000000000000000000000000,0.0,287.968
06ac6393eee7a87a46f65b36cf9d1863821846f32cd08b7f9dd84710f2fa08a1,4,5,20301214,abundant,1.0,13.0,20264734,all_offload,1111111111111111111111111111111111111111111111111111111111111111111111111111111111111111111111111111,0,265.7416673893739,16.115255930526228,0.0,0,0,0,,0,0,0,100,100,1.0,inf,inf,0.0,100.0,100.0,63.15789473684211,60.0,1.5833333333333333,28.112499999999997,28.112499999999997,13.0,2.1624999999999996,1,1,1,1,inf,inf,118.88072163419126,9630.63076953339,1188.8072163419126,inf,0,inf,1000101011010010100000011101010010001001101100100110010101001010010100111001101100000011011000001010,0.58,308.56661720321927
06ac6393eee7a87a46f65b36cf9d1863821846f32cd08b7f9dd84710f2fa08a1,4,5,20301214,abundant,1.0,13.0,20264734,qdp_oracle,0000000000000010000000001000000000000000000001000000010000010011010000101100000000000010000000001000,1,265.7416673893739,0.0,14.441279666963965,0,0,0,,0,0,0,100,13,0.13,265.69584041787715,265.69584041787715,0.0,13.352272727272725,13.352272727272725,63.15789473684211,60.0,0.2114109848484848,3.607500000000001,3.607500000000001,13.0,0.2775000000000001,0,0,0,0,5335.780402398969,53.357804023989694,8432.907199353736,1311.4705768876418,131.32302721042848,87.02191534073852,1,265.7416673893739,0000000000000010000000001000000000000000000001000000010000010011010000101100000000000010000000001000,0.0,265.7416673893739
06ac6393eee7a87a46f65b36cf9d1863821846f32cd08b7f9dd84710f2fa08a1,4,5,20301214,moderate,0.6,5.0,20264734,wa_mcbr,0000000010000010000000001100000000000000000000000000010000010011010000100100000000000010000000001000,1,266.52431642928076,0.10415947178999563,0.0192804589169099,335,22,0,True,12730,26800,39530,100,13,0.13,266.69362863401454,266.69362863401454,0.0,12.547348484848484,12.547348484848484,37.89473684210527,36.0,0.3311105850168349,3.39625,3.39625,5.0,0.67925,0,0,0,0,5425.099493355514,54.25099493355514,8846.565096374736,1048.514860795753,105.00741344112596,143.75385885915406,1,266.8019267494654,0000000010000010000000001100000000000000000000000000010000010011010000100100000000000010000000001000,0.0,266.8019267494654
06ac6393eee7a87a46f65b36cf9d1863821846f32cd08b7f9dd84710f2fa08a1,4,5,20301214,moderate,0.6,5.0,20264734,wa_mcbr_swap,0000000010000010000000001000000000000000000001000000010000010011010000100100000000000010000000001000,1,266.52431642928076,0.06700084804262534,0.0451580008957535,335,22,1,False,12730,26800,39530,100,13,0.13,266.5828251109017,266.5828251109017,0.0,13.1155303030303,13.1155303030303,37.89473684210527,36.0,0.3461042718855218,3.5587500000000007,3.5587500000000007,5.0,0.7117500000000001,0,0,0,0,5343.580071178963,53.43580071178963,8465.282136764634,1292.2969063429657,129.39513574104933,152.32395357724715,1,266.7028899815282,0000000010000010000000001000000000000000000001000000010000010011010000100100000000000010000000001000,0.0,266.7028899815282
06ac6393eee7a87a46f65b36cf9d1863821846f32cd08b7f9dd84710f2fa08a1,4,5,20301214,moderate,0.6,5.0,20264734,capacity_greedy,0000000000000010000000001000000000000000000001000000010000010011010000100100000000000010000000001000,1,266.52431642928076,0.004865238680667957,0.0140690410044044,0,0,0,,0,0,0,100,12,0.12,266.4490099131693,266.4490099131693,0.0,12.405303030303028,12.405303030303028,37.89473684210527,36.0,0.3273621632996631,3.363750000000001,3.363750000000001,5.0,0.6727500000000002,0,0,0,0,5368.391164539376,53.68391164539376,8583.951080288387,1290.926011355246,129.25669069874843,141.67103359274168,1,266.53728347341706,0000000000000010000000001000000000000000000001000000010000010011010000100100000000000010000000001000,0.0,266.53728347341706
06ac6393eee7a87a46f65b36cf9d1863821846f32cd08b7f9dd84710f2fa08a1,4,5,20301214,moderate,0.6,5.0,20264734,lagrangian_relaxation,0000000010000010000000001000000001010000000001000000010000010011010000100100000000000010000000001100,1,266.52431642928076,0.83887822170947,0.0100862919352948,300,0,0,False,0,0,0,100,16,0.16,270.0569679101726,270.0569679101726,0.0,16.193181818181817,16.193181818181817,37.89473684210527,36.0,0.4273200757575757,4.37125,4.37125,5.0,0.87425,0,0,0,0,5158.968732933905,51.58968732933905,7584.5136498463135,1679.0017819118066,182.10311539453485,206.54402645721368,0,inf,0000000010000010000000001000000001010000000001000000010000010011010000100100000000000010000000001000,0.01,268.76013087536603
06ac6393eee7a87a46f65b36cf9d1863821846f32cd08b7f9dd84710f2fa08a1,4,5,20301214,moderate,0.6,5.0,20264734,legacy_count_br,0000101010000010000000011100010010000000100000000000010000010000000100000101000100000010010000001010,1,266.52431642928076,2.7680911313915826,0.0029537080554291,337,15,0,False,0,0,0,100,20,0.2,276.32386461984925,276.32386461984925,0.0,18.465909090909083,18.465909090909083,37.89473684210527,36.0,0.487294823232323,4.89125,4.89125,5.0,0.97825,0,0,0,0,5568.851804814386,55.68851804814386,9462.533173110533,864.9805747195683,86.65865552659727,257.6096659996919,0,inf,0000101010000010000000011100010000000000100000000000010000010000000000000101000000000010010000001010,0.03,273.9019523953617
06ac6393eee7a87a46f65b36cf9d1863821846f32cd08b7f9dd84710f2fa08a1,4,5,20301214,moderate,0.6,5.0,20264734,random_feasible,1000001011000010000000000000010010000001000101000000000000000010000000011011001000000011000000001000,1,266.52431642928076,4.0649762673139,0.000255832914263,0,0,0,,0,0,0,100,19,0.19,280.92535557526196,280.92535557526196,0.0,18.087121212121207,18.087121212121207,37.89473684210527,36.0,0.4772990319865318,4.9725,4.9725,5.0,0.9945,0,0,0,0,5639.860458912072,56.39860458912072,9775.919283841931,1007.5286891020644,101.0149390490415,248.28493784912664,0,inf,1000001011000010000000000000010010000000000101000000000000000010000000011001001000000010000000001000,0.03,277.3584666387516
06ac6393eee7a87a46f65b36cf9d1863821846f32cd08b7f9dd84710f2fa08a1,4,5,20301214,moderate,0.6,5.0,20264734,all_local,0000000000000000000000000000000000000000000000000000000000000000000000000000000000000000000000000000,1,266.52431642928076,8.045676228723806,0.0,0,0,0,,0,0,0,100,0,0.0,287.968,287.968,0.0,0.0,0.0,37.89473684210527,36.0,0.0,0.0,0.0,5.0,0.0,0,0,0,0,6199.2,61.992,12398.4,0.0,0.0,0.0,1,287.968,0000000000000000000000000000000000000000000000000000000000000000000000000000000000000000000000000000,0.0,287.968
06ac6393eee7a87a46f65b36cf9d1863821846f32cd08b7f9dd84710f2fa08a1,4,5,20301214,moderate,0.6,5.0,20264734,all_offload,1111111111111111111111111111111111111111111111111111111111111111111111111111111111111111111111111111,0,266.52431642928076,1.587578574321933,0.0,0,0,0,,0,0,0,100,100,1.0,inf,inf,0.0,100.0,100.0,37.89473684210527,36.0,2.6388888888888884,28.112499999999997,28.112499999999997,5.0,5.6225,1,1,1,1,inf,inf,118.88072163419126,9630.63076953339,1188.8072163419126,inf,0,inf,0000100010000010100000011100000000000000000000000000010100001010010000101000000000000010010000001000,0.83,270.75559937227
06ac6393eee7a87a46f65b36cf9d1863821846f32cd08b7f9dd84710f2fa08a1,4,5,20301214,moderate,0.6,5.0,20264734,qdp_oracle,0000000000000010000000000000000000000000000001000000010000010011010000100100000000000010000000001000,1,266.52431642928076,0.0,1.44135241699405,0,0,0,,0,0,0,100,11,0.11,266.4573405512755,266.4573405512755,0.0,11.458333333333332,11.458333333333332,37.89473684210527,36.0,0.3023726851851851,3.120000000000001,3.120000000000001,5.0,0.6240000000000001,0,0,0,0,5404.097305301114,54.040973053011136,8752.990144299347,1262.3065902863896,126.3767544861236,128.35752799668185,1,266.52431642928076,0000000000000010000000000000000000000000000001000000010000010011010000100100000000000010000000001000,0.0,266.52431642928076
06ac6393eee7a87a46f65b36cf9d1863821846f32cd08b7f9dd84710f2fa08a1,4,5,20301214,highly_constrained,0.3,2.0,20264734,wa_mcbr,0000100000000010000000000100000000000000000000000000010000010000000000000100000000000010000000000000,1,272.2842689217389,1.0434388135701709,0.0052192499861121,100,0,0,True,3800,8000,11800,100,7,0.07,275.0348534371269,275.0348534371269,0.0,6.865530303030303,6.865530303030303,18.947368421052634,18.0,0.3623474326599326,1.8525,1.8525,2.0,0.92625,0,0,0,0,5822.7287801655875,58.22728780165587,10681.599848547274,570.6198470951125,57.121221039182835,162.06303370323002,0,inf,0000000000000010000000000100000000000000000000000000010000010000000000000100000000000010000000000000,0.01,275.1253886669141
06ac6393eee7a87a46f65b36cf9d1863821846f32cd08b7f9dd84710f2fa08a1,4,5,20301214,highly_constrained,0.3,2.0,20264734,wa_mcbr_swap,0000000000000000000000000000000000000000000000000000010000010011000000100000000000000010000000001000,1,272.2842689217389,0.0,0.0330630829557776,100,0,4,True,3800,8000,11800,100,7,0.07,270.7388328563927,270.7388328563927,0.0,7.102272727272727,7.102272727272727,18.947368421052634,18.0,0.3748421717171716,1.95,1.95,2.0,0.975,0,0,0,0,5663.294186863386,56.632941868633864,9954.61141857416,872.1276793693643,87.34551059425307,169.89901540015146,0,inf,0000000000000000000000000000000000000000000000000000010000010011000000100000000000000000000000001000,0.01,272.2842689217389
06ac6393eee7a87a46f65b36cf9d1863821846f32cd08b7f9dd84710f2fa08a1,4,5,20301214,highly_constrained,0.3,2.0,20264734,capacity_greedy,0000000000000000000000000000000000000000000001000000000000010011000000100100000000000000000000000000,1,272.2842689217389,0.23435471831943966,0.005927832913585,0,0,0,,0,0,0,100,6,0.06,271.1285007786094,271.1285007786094,0.0,7.196969696969696,7.196969696969696,18.947368421052634,18.0,0.3798400673400672,1.95,1.95,2.0,0.975,0,0,0,0,5637.172253212748,56.37172253212748,9832.334201743168,1222.253716659111,122.36695719464636,173.12181879877835,0,inf,0000000000000000000000000000000000000000000000000000000000010011000000100100000000000000000000000000,0.01,272.9223799531986
06ac6393eee7a87a46f65b36cf9d1863821846f32cd08b7f9dd84710f2fa08a1,4,5,20301214,highly_constrained,0.3,2.0,20264734,lagrangian_relaxation,0000000000000000000000000000000000000000000000000000010000010011000000100000000000000010000000001000,1,272.2842689217389,0.0,0.0110960410675033,300,0,0,True,0,0,0,100,7,0.07,270.7388328563927,270.7388328563927,0.0,7.102272727272727,7.102272727272727,18.947368421052634,18.0,0.3748421717171716,1.95,1.95,2.0,0.975,0,0,0,0,5663.294186863386,56.632941868633864,9954.61141857416,872.1276793693643,87.34551059425307,169.89901540015146,0,inf,0000000000000000000000000000000000000000000000000000010000010011000000100000000000000000000000001000,0.01,272.2842689217389
06ac6393eee7a87a46f65b36cf9d1863821846f32cd08b7f9dd84710f2fa08a1,4,5,20301214,highly_constrained,0.3,2.0,20264734,legacy_count_br,0000100000000010000000000100000000000000000000000000010000010000000000000100000000000010000000000000,1,272.2842689217389,1.0434388135701709,0.0015817090170457,100,0,0,True,0,0,0,100,7,0.07,275.0348534371269,275.0348534371269,0.0,6.865530303030303,6.865530303030303,18.947368421052634,18.0,0.3623474326599326,1.8525,1.8525,2.0,0.92625,0,0,0,0,5822.7287801655875,58.22728780165587,10681.599848547274,570.6198470951125,57.121221039182835,162.06303370323002,0,inf,0000000000000010000000000100000000000000000000000000010000010000000000000100000000000010000000000000,0.01,275.1253886669141
06ac6393eee7a87a46f65b36cf9d1863821846f32cd08b7f9dd84710f2fa08a1,4,5,20301214,highly_constrained,0.3,2.0,20264734,random_feasible,0000000010000010000000000000000000000000000001000000000000000010000000001000000000000010000000001000,1,272.2842689217389,1.4793974328643635,0.0003630409482866,0,0,0,,0,0,0,100,7,0.07,275.62936280000895,275.62936280000895,0.0,6.486742424242424,6.486742424242424,18.947368421052634,18.0,0.3423558501683501,1.77125,1.77125,2.0,0.885625,0,0,0,0,5824.856287954368,58.24856287954368,10688.861542408618,657.8963421300596,65.93462980274748,150.14479420823162,0,inf,0000000010000010000000000000000000000000000001000000000000000010000000000000000000000010000000001000,0.01,276.3124354062606
06ac6393eee7a87a46f65b36cf9d1863821846f32cd08b7f9dd84710f2fa08a1,4,5,20301214,highly_constrained,0.3,2.0,20264734,all_local,0000000000000000000000000000000000000000000000000000000000000000000000000000000000000000000000000000,1,272.2842689217389,5.76005772950806,0.0,0,0,0,,0,0,0,100,0,0.0,287.968,287.968,0.0,0.0,0.0,18.947368421052634,18.0,0.0,0.0,0.0,2.0,0.0,0,0,0,0,6199.2,61.992,12398.4,0.0,0.0,0.0,1,287.968,0000000000000000000000000000000000000000000000000000000000000000000000000000000000000000000000000000,0.0,287.968
06ac6393eee7a87a46f65b36cf9d1863821846f32cd08b7f9dd84710f2fa08a1,4,5,20301214,highly_constrained,0.3,2.0,20264734,all_offload,1111111111111111111111111111111111111111111111111111111111111111111111111111111111111111111111111111,0,272.2842689217389,1.1721294460720106,0.0,0,0,0,,0,0,0,100,100,1.0,inf,inf,0.0,100.0,100.0,18.947368421052634,18.0,5.277777777777777,28.112499999999997,28.112499999999997,2.0,14.05625,1,1,1,1,inf,inf,118.88072163419126,9630.63076953339,1188.8072163419126,inf,0,inf,0000000000000010000000000000000000000000000000000000010000000010010000100000000000000000000000001000,0.94,275.4757930147925
06ac6393eee7a87a46f65b36cf9d1863821846f32cd08b7f9dd84710f2fa08a1,4,5,20301214,highly_constrained,0.3,2.0,20264734,qdp_oracle,0000000000000000000000000000000000000000000000000000010000010011000000100000000000000000000000001000,1,272.2842689217389,0.0,0.1982525830389931,0,0,0,,0,0,0,100,6,0.06,272.25346167485145,272.25346167485145,0.0,5.9185606060606055,5.9185606060606055,18.947368421052634,18.0,0.3123684764309763,1.625,1.625,2.0,0.8125,0,0,0,0,5731.993360684503,57.319933606845034,10271.280016180066,798.6599699934293,80.00269667762853,133.5668107570483,1,272.2842689217389,0000000000000000000000000000000000000000000000000000010000010011000000100000000000000000000000001000,0.0,272.2842689217389
06ac6393eee7a87a46f65b36cf9d1863821846f32cd08b7f9dd84710f2fa08a1,4,6,20301311,abundant,1.0,13.0,20264735,wa_mcbr,0000000000000000000000001000000001000000000010000000010000010011000000100100000000000010000000001100,1,264.96912216207244,0.0,0.0205623749643564,407,53,0,True,15466,32560,48026,100,12,0.12,264.94285281147506,264.94285281147506,0.0,12.547348484848484,12.547348484848484,63.15789473684211,60.0,0.1986663510101009,3.4125000000000005,3.4125000000000005,13.0,0.2625,0,0,0,0,5296.825374248327,52.96825374248326,8256.580457245,1453.46794364265,148.3714370834076,81.97991038455855,1,264.96912216207244,0000000000000000000000001000000001000000000010000000010000010011000000100100000000000010000000001100,0.0,264.96912216207244
06ac6393eee7a87a46f65b36cf9d1863821846f32cd08b7f9dd84710f2fa08a1,4,6,20301311,abundant,1.0,13.0,20264735,wa_mcbr_swap,0000000000000000000000001000000001000000000010000000010000010011000000100100000000000010000000001100,1,264.96912216207244,0.0,0.0310341659933328,407,53,0,True,15466,32560,48026,100,12,0.12,264.94285281147506,264.94285281147506,0.0,12.547348484848484,12.547348484848484,63.15789473684211,60.0,0.1986663510101009,3.4125000000000005,3.4125000000000005,13.0,0.2625,0,0,0,0,5296.825374248327,52.96825374248326,8256.580457245,1453.46794364265,148.3714370834076,81.97991038455855,1,264.96912216207244,0000000000000000000000001000000001000000000010000000010000010011000000100100000000000010000000001100,0.0,264.96912216207244
06ac6393eee7a87a46f65b36cf9d1863821846f32cd08b7f9dd84710f2fa08a1,4,6,20301311,abundant,1.0,13.0,20264735,capacity_greedy,0000000000000000000000001000000001000000000010000000010000010011000000100100000000000010000000001100,1,264.96912216207244,0.0,0.0125923749292269,0,0,0,,0,0,0,100,12,0.12,264.94285281147506,264.94285281147506,0.0,12.547348484848484,12.547348484848484,63.15789473684211,60.0,0.1986663510101009,3.4125000000000005,3.4125000000000005,13.0,0.2625,0,0,0,0,5296.825374248327,52.96825374248326,8256.580457245,1453.46794364265,148.3714370834076,81.97991038455855,1,264.96912216207244,0000000000000000000000001000000001000000000010000000010000010011000000100100000000000010000000001100,0.0,264.96912216207244
06ac6393eee7a87a46f65b36cf9d1863821846f32cd08b7f9dd84710f2fa08a1,4,6,20301311,abundant,1.0,13.0,20264735,lagrangian_relaxation,0000000000000000000000000000000001000000000011010000010000010011000000100100000000000010000000001100,1,264.96912216207244,0.8622040275786305,0.0256735000293701,300,0,0,False,0,0,0,100,13,0.13,267.21895205279316,267.21895205279316,0.0,14.299242424242422,14.299242424242422,63.15789473684211,60.0,0.2264046717171716,3.900000000000001,3.900000000000001,13.0,0.3,0,0,0,0,5128.223887957414,51.282238879574145,7454.740285323886,2077.9019267769454,210.79117876045495,93.16637763949812,1,267.25369660519357,0000000000000000000000000000000001000000000011010000010000010011000000100100000000000010000000001100,0.0,267.25369660519357
06ac6393eee7a87a46f65b36cf9d1863821846f32cd08b7f9dd84710f2fa08a1,4,6,20301311,abundant,1.0,13.0,20264735,legacy_count_br,0000001011000010000000001110100001000000001000100000110100000010010000100100101000000011001000001110,1,264.96912216207244,3.151619307853205,0.0035294159315526,489,63,0,False,0,0,0,100,26,0.26,272.9739776357337,272.9739776357337,0.0,25.33143939393939,25.33143939393939,63.15789473684211,60.0,0.4010811237373736,6.760000000000001,6.760000000000001,13.0,0.52,0,0,0,0,5233.877650917133,52.33877650917133,7901.526141549473,1146.3370022124736,120.236213441253,187.4188022926411,1,273.31994017598146,0000001011000010000000001110100001000000001000100000110100000010010000100100101000000011001000001110,0.0,273.31994017598146
06ac6393eee7a87a46f65b36cf9d1863821846f32cd08b7f9dd84710f2fa08a1,4,6,20301311,abundant,1.0,13.0,20264735,random_feasible,0001100000010000111010110000010000001100000111011001001101001001000110101100011100101101100110010001,1,264.96912216207244,45.194231541662475,2.6791938580572605e-05,0,0,0,,0,0,0,100,40,0.4,460.5801568145629,460.5801568145629,0.0,40.104166666666664,40.104166666666664,63.15789473684211,60.0,0.6349826388888888,11.4075,11.4075,13.0,0.8775,0,0,0,0,5156.970553467636,51.56970553467636,6767.300180296767,4909.3649068454615,612.5045074191842,454.898929845422,0,inf,0001100000010000111010110000010000001000000111011001001101001001000110101100011100001001100110010001,0.03,384.71988074590996
06ac6393eee7a87a46f65b36cf9d1863821846f32cd08b7f9dd84710f2fa08a1,4,6,20301311,abundant,1.0,13.0,20264735,all_local,0000000000000000000000000000000000000000000000000000000000000000000000000000000000000000000000000000,1,264.96912216207244,8.679833201039918,0.0,0,0,0,,0,0,0,100,0,0.0,287.968,287.968,0.0,0.0,0.0,63.15789473684211,60.0,0.0,0.0,0.0,13.0,0.0,0,0,0,0,6199.2,61.992,12398.4,0.0,0.0,0.0,1,287.968,0000000000000000000000000000000000000000000000000000000000000000000000000000000000000000000000000000,0.0,287.968
06ac6393eee7a87a46f65b36cf9d1863821846f32cd08b7f9dd84710f2fa08a1,4,6,20301311,abundant,1.0,13.0,20264735,all_offload,1111111111111111111111111111111111111111111111111111111111111111111111111111111111111111111111111111,0,264.96912216207244,14.607737470097971,0.0,0,0,0,,0,0,0,100,100,1.0,inf,inf,0.0,100.0,100.0,63.15789473684211,60.0,1.5833333333333333,28.112499999999997,28.112499999999997,13.0,2.1624999999999996,1,1,1,1,inf,inf,96.7772622442257,8210.388729688257,967.7726224422568,inf,0,inf,1000101111000010100000001111100001001001101100100110110100100010010100100100101010000001001001001011,0.6,303.67511590433116
06ac6393eee7a87a46f65b36cf9d1863821846f32cd08b7f9dd84710f2fa08a1,4,6,20301311,abundant,1.0,13.0,20264735,qdp_oracle,0000000000000000000000001000000001000000000010000000010000010011000000100100000000000010000000001100,1,264.96912216207244,0.0,18.679651457932778,0,0,0,,0,0,0,100,12,0.12,264.94285281147506,264.94285281147506,0.0,12.547348484848484,12.547348484848484,63.15789473684211,60.0,0.1986663510101009,3.4125000000000005,3.4125000000000005,13.0,0.2625,0,0,0,0,5296.825374248327,52.96825374248326,8256.580457245,1453.46794364265,148.3714370834076,81.97991038455855,1,264.96912216207244,0000000000000000000000001000000001000000000010000000010000010011000000100100000000000010000000001100,0.0,264.96912216207244
06ac6393eee7a87a46f65b36cf9d1863821846f32cd08b7f9dd84710f2fa08a1,4,6,20301311,moderate,0.6,5.0,20264735,wa_mcbr,0000000000000000000000001000000001000000000010000000010000010011000000100100000000000010000000001100,1,265.7474198502211,0.0,0.0172032909467816,332,22,0,True,12616,26560,39176,100,12,0.12,265.6841401931702,265.6841401931702,0.0,12.547348484848484,12.547348484848484,37.89473684210527,36.0,0.3311105850168349,3.4125000000000005,3.4125000000000005,5.0,0.6825000000000001,0,0,0,0,5297.566661630021,52.97566661630022,8256.580457245,1453.46794364265,148.3714370834076,143.75385885915406,1,265.7474198502211,0000000000000000000000001000000001000000000010000000010000010011000000100100000000000010000000001100,0.0,265.7474198502211
06ac6393eee7a87a46f65b36cf9d1863821846f32cd08b7f9dd84710f2fa08a1,4,6,20301311,moderate,0.6,5.0,20264735,wa_mcbr_swap,0000000000000000000000001000000001000000000010000000010000010011000000100100000000000010000000001100,1,265.7474198502211,0.0,0.0279772079084068,332,22,0,True,12616,26560,39176,100,12,0.12,265.6841401931702,265.6841401931702,0.0,12.547348484848484,12.547348484848484,37.89473684210527,36.0,0.3311105850168349,3.4125000000000005,3.4125000000000005,5.0,0.6825000000000001,0,0,0,0,5297.566661630021,52.97566661630022,8256.580457245,1453.46794364265,148.3714370834076,143.75385885915406,1,265.7474198502211,0000000000000000000000001000000001000000000010000000010000010011000000100100000000000010000000001100,0.0,265.7474198502211
06ac6393eee7a87a46f65b36cf9d1863821846f32cd08b7f9dd84710f2fa08a1,4,6,20301311,moderate,0.6,5.0,20264735,capacity_greedy,0000000000000000000000001000000001000000000010000000010000010011000000100100000000000010000000001100,1,265.7474198502211,0.0,0.0121832499280571,0,0,0,,0,0,0,100,12,0.12,265.6841401931702,265.6841401931702,0.0,12.547348484848484,12.547348484848484,37.89473684210527,36.0,0.3311105850168349,3.4125000000000005,3.4125000000000005,5.0,0.6825000000000001,0,0,0,0,5297.566661630021,52.97566661630022,8256.580457245,1453.46794364265,148.3714370834076,143.75385885915406,1,265.7474198502211,0000000000000000000000001000000001000000000010000000010000010011000000100100000000000010000000001100,0.0,265.7474198502211
06ac6393eee7a87a46f65b36cf9d1863821846f32cd08b7f9dd84710f2fa08a1,4,6,20301311,moderate,0.6,5.0,20264735,lagrangian_relaxation,0000000011000010000000001000000001010000000010100000010000010011010000100100000000000010000000001100,1,265.7474198502211,0.7710605456270371,0.0104449579957872,300,0,0,False,0,0,0,100,18,0.18,270.3082396519911,270.3082396519911,0.0,17.51893939393939,17.51893939393939,37.89473684210527,36.0,0.462305345117845,4.728749999999999,4.728749999999999,5.0,0.9457499999999998,0,0,0,0,5124.392063893935,51.24392063893935,7415.42993532311,1609.055650832266,168.3297401727405,234.94789883078113,0,inf,0000000011000010000000001000000001000000000010100000010000010010010000100100000000000010000000001100,0.02,267.796493355708
06ac6393eee7a87a46f65b36cf9d1863821846f32cd08b7f9dd84710f2fa08a1,4,6,20301311,moderate,0.6,5.0,20264735,legacy_count_br,0000001110000000100000001110100001000000100000000100010000000000010000100100001000000001000000001010,1,265.7474198502211,2.7149701918808447,0.0030202909838408,382,13,0,False,0,0,0,100,19,0.19,275.264125070755,275.264125070755,0.0,18.22916666666666,18.22916666666666,37.89473684210527,36.0,0.4810474537037035,4.98875,4.98875,5.0,0.99775,0,0,0,0,5544.634623129052,55.44634623129052,9358.165457432218,876.3984441463899,92.91881222203986,251.7396152773904,0,inf,0000001010000000000000001110100001000000100000000000010000000000010000100100001000000001000000001010,0.03,272.96238308484703
06ac6393eee7a87a46f65b36cf9d1863821846f32cd08b7f9dd84710f2fa08a1,4,6,20301311,moderate,0.6,5.0,20264735,random_feasible,0001100000000000100010000000010000001000000110000000000100000001000100101100001000000001000000000001,1,265.7474198502211,5.190649248009759,0.0002806249540299,0,0,0,,0,0,0,100,17,0.17,282.04514595241847,282.04514595241847,0.0,16.571969696969692,16.571969696969692,37.89473684210527,36.0,0.4373158670033668,4.745000000000001,4.745000000000001,5.0,0.9490000000000002,0,0,0,0,5583.575613194987,55.83575613194987,9513.546359563756,1313.6782425097465,138.02115080900597,214.2990042541254,0,inf,0001100000000000100000000000010000001000000010000000000100000001000100101100001000000001000000000001,0.02,279.54143630028193
06ac6393eee7a87a46f65b36cf9d1863821846f32cd08b7f9dd84710f2fa08a1,4,6,20301311,moderate,0.6,5.0,20264735,all_local,0000000000000000000000000000000000000000000000000000000000000000000000000000000000000000000000000000,1,265.7474198502211,8.361541256845598,0.0,0,0,0,,0,0,0,100,0,0.0,287.968,287.968,0.0,0.0,0.0,37.89473684210527,36.0,0.0,0.0,0.0,5.0,0.0,0,0,0,0,6199.2,61.992,12398.4,0.0,0.0,0.0,1,287.968,0000000000000000000000000000000000000000000000000000000000000000000000000000000000000000000000000000,0.0,287.968
06ac6393eee7a87a46f65b36cf9d1863821846f32cd08b7f9dd84710f2fa08a1,4,6,20301311,moderate,0.6,5.0,20264735,all_offload,1111111111111111111111111111111111111111111111111111111111111111111111111111111111111111111111111111,0,265.7474198502211,1.1767597166341885,0.0,0,0,0,,0,0,0,100,100,1.0,inf,inf,0.0,100.0,100.0,37.89473684210527,36.0,2.6388888888888884,28.112499999999997,28.112499999999997,5.0,5.6225,1,1,1,1,inf,inf,96.7772622442257,8210.388729688257,967.7726224422568,inf,0,inf,0000000011000010000000001000100001000000000000100000010000000010010000100100001000000001001000001000,0.84,268.8746284350132
06ac6393eee7a87a46f65b36cf9d1863821846f32cd08b7f9dd84710f2fa08a1,4,6,20301311,moderate,0.6,5.0,20264735,qdp_oracle,0000000000000000000000001000000001000000000010000000010000010011000000100100000000000010000000001100,1,265.7474198502211,0.0,1.7533681669738144,0,0,0,,0,0,0,100,12,0.12,265.6841401931702,265.6841401931702,0.0,12.547348484848484,12.547348484848484,37.89473684210527,36.0,0.3311105850168349,3.4125000000000005,3.4125000000000005,5.0,0.6825000000000001,0,0,0,0,5297.566661630021,52.97566661630022,8256.580457245,1453.46794364265,148.3714370834076,143.75385885915406,1,265.7474198502211,0000000000000000000000001000000001000000000010000000010000010011000000100100000000000010000000001100,0.0,265.7474198502211
06ac6393eee7a87a46f65b36cf9d1863821846f32cd08b7f9dd84710f2fa08a1,4,6,20301311,highly_constrained,0.3,2.0,20264735,wa_mcbr,0000000010000000000000001000100001000000000000000000010000000000000000000100000000000000000000001010,1,272.12107559545103,1.4590634345122069,0.0059285419993102,113,1,0,True,4294,9040,13334,100,8,0.08,275.5444611235133,275.5444611235133,0.0,7.3390151515151505,7.3390151515151505,18.947368421052634,18.0,0.3873369107744107,1.9825,1.9825,2.0,0.99125,0,0,0,0,5845.013398211344,58.45013398211344,10782.385108712871,448.6201630480343,48.138589109034065,178.05461336997118,0,inf,0000000010000000000000001000000001000000000000000000010000000000000000000100000000000000000000001000,0.02,276.0914947070656
06ac6393eee7a87a46f65b36cf9d1863821846f32cd08b7f9dd84710f2fa08a1,4,6,20301311,highly_constrained,0.3,2.0,20264735,wa_mcbr_swap,0000000000000010000000001000000001000000000000000000010000000010000000100100000000000000000000001000,1,272.12107559545103,0.256992894535363,0.0267637079814448,113,1,3,True,4294,9040,13334,100,8,0.08,271.3158722750623,271.3158722750623,0.0,7.3390151515151505,7.3390151515151505,18.947368421052634,18.0,0.3873369107744107,1.9825,1.9825,2.0,0.99125,0,0,0,0,5720.209486311559,57.20209486311559,10217.26458213316,548.1311755749401,58.07276664506859,178.05461336997118,0,inf,0000000000000000000000000000000001000000000000000000010000000010000000100100000000000000000000001000,0.02,272.82040742426454
06ac6393eee7a87a46f65b36cf9d1863821846f32cd08b7f9dd84710f2fa08a1,4,6,20301311,highly_constrained,0.3,2.0,20264735,capacity_greedy,0000000000000000000000000000000001000000000010000000000000010001000000100000000000000000000000000100,1,272.12107559545103,0.3620696677607436,0.006061999942176,0,0,0,,0,0,0,100,6,0.06,271.4021162796961,271.4021162796961,0.0,6.865530303030303,6.865530303030303,18.947368421052634,18.0,0.3623474326599326,1.86875,1.86875,2.0,0.934375,0,0,0,0,5640.41897201628,56.404189720162805,9846.76528823409,1241.098969010234,127.54803901486802,162.06303370323002,0,inf,0000000000000000000000000000000001000000000010000000000000010000000000100000000000000000000000000100,0.01,273.10634346976644
06ac6393eee7a87a46f65b36cf9d1863821846f32cd08b7f9dd84710f2fa08a1,4,6,20301311,highly_constrained,0.3,2.0,20264735,lagrangian_relaxation,0000000000000000000000000000000001000000000010000000000000000010000000100100000000000000000000001100,1,272.12107559545103,0.04559520024727504,0.0090761670144274,300,0,0,True,0,0,0,100,7,0.07,270.40219126627176,270.40219126627176,0.0,7.102272727272727,7.102272727272727,18.947368421052634,18.0,0.3748421717171716,1.95,1.95,2.0,0.975,0,0,0,0,5656.7014912760615,56.56701491276061,9925.81455981487,844.5997383228429,87.79425926687881,169.89901540015146,0,inf,0000000000000000000000000000000001000000000000000000000000000010000000100100000000000000000000001100,0.01,272.2451497447838
06ac6393eee7a87a46f65b36cf9d1863821846f32cd08b7f9dd84710f2fa08a1,4,6,20301311,highly_constrained,0.3,2.0,20264735,legacy_count_br,0000000010000000000000001000100001000000000000000000010000000000000000000100000000000000000000001010,1,272.12107559545103,1.4590634345122069,0.0017278339946642,113,1,0,True,0,0,0,100,8,0.08,275.5444611235133,275.5444611235133,0.0,7.3390151515151505,7.3390151515151505,18.947368421052634,18.0,0.3873369107744107,1.9825,1.9825,2.0,0.99125,0,0,0,0,5845.013398211344,58.45013398211344,10782.385108712871,448.6201630480343,48.138589109034065,178.05461336997118,0,inf,0000000010000000000000001000000001000000000000000000010000000000000000000100000000000000000000001000,0.02,276.0914947070656
06ac6393eee7a87a46f65b36cf9d1863821846f32cd08b7f9dd84710f2fa08a1,4,6,20301311,highly_constrained,0.3,2.0,20264735,random_feasible,0000000000000000000000000000000000000000000010000000000000000001000000100100001000000001000000000000,1,272.12107559545103,1.0689690697463896,0.0004117080243304,0,0,0,,0,0,0,100,6,0.06,274.9727054373228,274.9727054373228,0.0,6.628787878787879,6.628787878787879,18.947368421052634,18.0,0.3498526936026935,1.7875,1.7875,2.0,0.8937499999999999,0,0,0,0,5777.722404344639,57.77722404344639,10472.959983708512,932.5391499572148,93.33061808523888,154.52824081566592,0,inf,0000000000000000000000000000000000000000000010000000000000000001000000100100000000000001000000000000,0.01,275.0299657258276
06ac6393eee7a87a46f65b36cf9d1863821846f32cd08b7f9dd84710f2fa08a1,4,6,20301311,highly_constrained,0.3,2.0,20264735,all_local,0000000000000000000000000000000000000000000000000000000000000000000000000000000000000000000000000000,1,272.12107559545103,5.8234829367306435,0.0,0,0,0,,0,0,0,100,0,0.0,287.968,287.968,0.0,0.0,0.0,18.947368421052634,18.0,0.0,0.0,0.0,2.0,0.0,0,0,0,0,6199.2,61.992,12398.4,0.0,0.0,0.0,1,287.968,0000000000000000000000000000000000000000000000000000000000000000000000000000000000000000000000000000,0.0,287.968
06ac6393eee7a87a46f65b36cf9d1863821846f32cd08b7f9dd84710f2fa08a1,4,6,20301311,highly_constrained,0.3,2.0,20264735,all_offload,1111111111111111111111111111111111111111111111111111111111111111111111111111111111111111111111111111,0,272.12107559545103,0.256992894535363,0.0,0,0,0,,0,0,0,100,100,1.0,inf,inf,0.0,100.0,100.0,18.947368421052634,18.0,5.277777777777777,28.112499999999997,28.112499999999997,2.0,14.05625,1,1,1,1,inf,inf,96.7772622442257,8210.388729688257,967.7726224422568,inf,0,inf,0000000000000000000000000000000001000000000000000000010000000010000000100100000000000000000000001000,0.94,272.82040742426454
06ac6393eee7a87a46f65b36cf9d1863821846f32cd08b7f9dd84710f2fa08a1,4,6,20301311,highly_constrained,0.3,2.0,20264735,qdp_oracle,0000000000000000000000000000000001000000000010000000000000010010000000100000000000000000000000001000,1,272.12107559545103,-2.08890174112476e-14,0.2175895830150693,0,0,0,,0,0,0,100,6,0.06,272.09026834856354,272.09026834856354,0.0,5.9185606060606055,5.9185606060606055,18.947368421052634,18.0,0.3123684764309763,1.625,1.625,2.0,0.8125,0,0,0,0,5714.834760466226,57.148347604662256,10192.144037536636,872.2266002806228,90.67292277264684,133.5668107570483,1,272.121075595451,0000000000000000000000000000000001000000000010000000000000010010000000100000000000000000000000001000,0.0,272.121075595451
06ac6393eee7a87a46f65b36cf9d1863821846f32cd08b7f9dd84710f2fa08a1,4,7,20301408,abundant,1.0,13.0,20264736,wa_mcbr,0000000001000000000000001000000001000000000001010000010000010010010000100100000000000010000000001000,1,263.10470540315794,0.005297938316617258,0.0461107499431818,966,63,0,True,36708,77280,113988,100,13,0.13,263.0755123868585,263.0755123868585,0.0,13.58901515151515,13.58901515151515,63.15789473684211,60.0,0.2151594065656565,3.65625,3.65625,13.0,0.28125,0,0,0,0,5293.087016945389,52.93087016945389,8245.623303955123,1225.8498975599146,124.86953500936713,88.53602131617313,1,263.1186445281583,0000000001000000000000001000000001000000000001010000010000010010010000100100000000000010000000001000,0.0,263.1186445281583
06ac6393eee7a87a46f65b36cf9d1863821846f32cd08b7f9dd84710f2fa08a1,4,7,20301408,abundant,1.0,13.0,20264736,wa_mcbr_swap,0000000001000000000000001000000001000000000001010000010000010010010000101000000000000010000000001000,1,263.10470540315794,-2.160486593111525e-14,0.0693104158854112,966,63,1,True,36708,77280,113988,100,13,0.13,263.0588784316611,263.0588784316611,0.0,13.352272727272728,13.352272727272728,63.15789473684211,60.0,0.2114109848484848,3.575,3.575,13.0,0.275,0,0,0,0,5342.222212461,53.422222124609995,8475.81882595029,1068.5328893515775,109.14045771455852,87.02191534073852,1,263.1047054031579,0000000001000000000000001000000001000000000001010000010000010010010000101000000000000010000000001000,0.0,263.1047054031579
06ac6393eee7a87a46f65b36cf9d1863821846f32cd08b7f9dd84710f2fa08a1,4,7,20301408,abundant,1.0,13.0,20264736,capacity_greedy,0000000001000000000000001000000001000000000001010000010000010010010000101000000000000010000000001000,1,263.10470540315794,-2.160486593111525e-14,0.0131537499837577,0,0,0,,0,0,0,100,13,0.13,263.0588784316611,263.0588784316611,0.0,13.352272727272728,13.352272727272728,63.15789473684211,60.0,0.2114109848484848,3.575,3.575,13.0,0.275,0,0,0,0,5342.222212461,53.422222124609995,8475.81882595029,1068.5328893515775,109.14045771455852,87.02191534073852,1,263.1047054031579,0000000001000000000000001000000001000000000001010000010000010010010000101000000000000010000000001000,0.0,263.1047054031579
06ac6393eee7a87a46f65b36cf9d1863821846f32cd08b7f9dd84710f2fa08a1,4,7,20301408,abundant,1.0,13.0,20264736,lagrangian_relaxation,0000000000000000000000000000000001000000000001010000000000010010000000100100000000000010000000001000,1,263.10470540315794,0.8757282980393652,0.032223334070295,300,0,0,False,0,0,0,100,9,0.09,265.3937859474135,265.3937859474135,0.0,9.801136363636363,9.801136363636363,63.15789473684211,60.0,0.1551846590909091,2.68125,2.68125,13.0,0.20625,0,0,0,0,5446.678420784331,54.46678420784331,8961.509984720129,1209.457430569552,123.33163556988823,65.92265657839428,1,265.4087877618465,0000000000000000000000000000000001000000000001010000000000010010000000100100000000000010000000001000,0.0,265.4087877618465
06ac6393eee7a87a46f65b36cf9d1863821846f32cd08b7f9dd84710f2fa08a1,4,7,20301408,abundant,1.0,13.0,20264736,legacy_count_br,1000000011000010100000001101000001000000001100000010010000001010010000101001001000000011010000001011,1,263.10470540315794,2.4841433289029875,0.0048718329053372,690,64,0,False,0,0,0,100,26,0.26,269.2687563516766,269.2687563516766,0.0,24.38446969696969,24.38446969696969,63.15789473684211,60.0,0.3860874368686867,6.565000000000001,6.565000000000001,13.0,0.5050000000000001,0,0,0,0,5397.2731454633085,53.972731454633085,8681.643254025888,764.0507108515499,78.58669330336878,177.22411466032506,1,269.64060339046034,1000000011000010100000001101000001000000001100000010010000001010010000101001001000000011010000001011,0.0,269.64060339046034
06ac6393eee7a87a46f65b36cf9d1863821846f32cd08b7f9dd84710f2fa08a1,4,7,20301408,abundant,1.0,13.0,20264736,random_feasible,1100000101110100100100100010100001011010001000110010101001100110010011000100010011101001110100101011,1,263.10470540315794,35.88847137068677,2.7833040803670883e-05,0,0,0,,0,0,0,100,43,0.43,441.4214843473126,441.4214843473126,0.0,42.85037878787878,42.85037878787878,63.15789473684211,60.0,0.6784643308080807,11.895,11.895,13.0,0.915,0,0,0,0,5297.688373922273,52.97688373922273,7476.474729007239,4031.280679588599,485.4588141218351,547.5187139526319,0,inf,1000000101110100100100100010100001011010001000110010101001100010010011000100010010001001110100101011,0.04,357.52896227670004
06ac6393eee7a87a46f65b36cf9d1863821846f32cd08b7f9dd84710f2fa08a1,4,7,20301408,abundant,1.0,13.0,20264736,all_local,0000000000000000000000000000000000000000000000000000000000000000000000000000000000000000000000000000,1,263.10470540315794,9.449961968085598,0.0,0,0,0,,0,0,0,100,0,0.0,287.968,287.968,0.0,0.0,0.0,63.15789473684211,60.0,0.0,0.0,0.0,13.0,0.0,0,0,0,0,6199.2,61.992,12398.4,0.0,0.0,0.0,1,287.968,0000000000000000000000000000000000000000000000000000000000000000000000000000000000000000000000000000,0.0,287.968
06ac6393eee7a87a46f65b36cf9d1863821846f32cd08b7f9dd84710f2fa08a1,4,7,20301408,abundant,1.0,13.0,20264736,all_offload,1111111111111111111111111111111111111111111111111111111111111111111111111111111111111111111111111111,0,263.10470540315794,13.829914924763587,0.0,0,0,0,,0,0,0,100,100,1.0,inf,inf,0.0,100.0,100.0,63.15789473684211,60.0,1.5833333333333333,28.112499999999997,28.112499999999997,13.0,2.1624999999999996,1,1,1,1,inf,inf,97.32065421874483,8273.964877826886,973.2065421874483,inf,0,inf,1000000011010010100010011101001011001001101100000010110000001010010000111001111110000011011000001011,0.59,299.49186232346455
06ac6393eee7a87a46f65b36cf9d1863821846f32cd08b7f9dd84710f2fa08a1,4,7,20301408,abundant,1.0,13.0,20264736,qdp_oracle,0000000001000000000000001000000001000000000001010000010000010010010000101000000000000010000000001000,1,263.10470540315794,-2.160486593111525e-14,19.55616195895709,0,0,0,,0,0,0,100,13,0.13,263.0588784316611,263.0588784316611,0.0,13.352272727272728,13.352272727272728,63.15789473684211,60.0,0.2114109848484848,3.575,3.575,13.0,0.275,0,0,0,0,5342.222212461,53.422222124609995,8475.81882595029,1068.5328893515775,109.14045771455852,87.02191534073852,1,263.1047054031579,0000000001000000000000001000000001000000000001010000010000010010010000101000000000000010000000001000,0.0,263.1047054031579
06ac6393eee7a87a46f65b36cf9d1863821846f32cd08b7f9dd84710f2fa08a1,4,7,20301408,moderate,0.6,5.0,20264736,wa_mcbr,0000000001000000000000001000000001000000000001010000010000010010010000100000000000000010000000001000,1,263.920499225348,0.0,0.0224082079948857,443,21,0,True,16834,35440,52274,100,12,0.12,263.8322256651002,263.8322256651002,0.0,12.40530303030303,12.40530303030303,37.89473684210527,36.0,0.3273621632996632,3.3312500000000003,3.3312500000000003,5.0,0.66625,0,0,0,0,5374.862767178482,53.74862767178482,8626.86376317486,1030.226231280738,105.3135979050474,141.67103359274174,1,263.920499225348,0000000001000000000000001000000001000000000001010000010000010010010000100000000000000010000000001000,0.0,263.920499225348
06ac6393eee7a87a46f65b36cf9d1863821846f32cd08b7f9dd84710f2fa08a1,4,7,20301408,moderate,0.6,5.0,20264736,wa_mcbr_swap,0000000001000000000000001000000001000000000001010000010000010010010000100000000000000010000000001000,1,263.920499225348,0.0,0.0328972500283271,443,21,0,True,16834,35440,52274,100,12,0.12,263.8322256651002,263.8322256651002,0.0,12.40530303030303,12.40530303030303,37.89473684210527,36.0,0.3273621632996632,3.3312500000000003,3.3312500000000003,5.0,0.66625,0,0,0,0,5374.862767178482,53.74862767178482,8626.86376317486,1030.226231280738,105.3135979050474,141.67103359274174,1,263.920499225348,0000000001000000000000001000000001000000000001010000010000010010010000100000000000000010000000001000,0.0,263.920499225348
06ac6393eee7a87a46f65b36cf9d1863821846f32cd08b7f9dd84710f2fa08a1,4,7,20301408,moderate,0.6,5.0,20264736,capacity_greedy,0000000001000000000000001000000001000000000001010000010000010010010000100000000000000010000000001000,1,263.920499225348,0.0,0.0122230419656261,0,0,0,,0,0,0,100,12,0.12,263.8322256651002,263.8322256651002,0.0,12.40530303030303,12.40530303030303,37.89473684210527,36.0,0.3273621632996632,3.3312500000000003,3.3312500000000003,5.0,0.66625,0,0,0,0,5374.862767178482,53.74862767178482,8626.86376317486,1030.226231280738,105.3135979050474,141.67103359274174,1,263.920499225348,0000000001000000000000001000000001000000000001010000010000010010010000100000000000000010000000001000,0.0,263.920499225348
06ac6393eee7a87a46f65b36cf9d1863821846f32cd08b7f9dd84710f2fa08a1,4,7,20301408,moderate,0.6,5.0,20264736,lagrangian_relaxation,0000000011000010100000001100000001000000001000000000010000000010010000101001000000000011010000001010,1,263.920499225348,1.183204838265182,0.0081551249604672,300,0,0,False,0,0,0,100,19,0.19,267.77340191444586,267.77340191444586,0.0,17.518939393939387,17.518939393939387,37.89473684210527,36.0,0.4623053451178449,4.615,4.615,5.0,0.923,0,0,0,0,5490.586666003356,54.90586666003356,9138.014412774774,616.9818908195601,63.91646183026545,234.94789883078107,0,inf,0000000011000010100000001100000001000000000000000000010000000010010000101000000000000011010000001010,0.02,267.04321934135595
06ac6393eee7a87a46f65b36cf9d1863821846f32cd08b7f9dd84710f2fa08a1,4,7,20301408,moderate,0.6,5.0,20264736,legacy_count_br,0000000011000010100000010001000001000000000001010000110000000000010000001001000000000000011000001011,1,263.920499225348,3.3124438438584125,0.001772666000761,200,2,0,False,0,0,0,100,19,0.19,275.226210655695,275.226210655695,0.0,18.32386363636363,18.32386363636363,37.89473684210527,36.0,0.4835464015151512,4.858750000000001,4.858750000000001,5.0,0.97175,0,0,0,0,5509.231732402546,55.09231732402546,9192.708134762992,947.5995328215306,100.42814542056804,254.07059362823725,0,inf,0000000011000010100000000000000001000000000001010000110000000000010000001001000000000000010000001011,0.03,272.66271755461844
06ac6393eee7a87a46f65b36cf9d1863821846f32cd08b7f9dd84710f2fa08a1,4,7,20301408,moderate,0.6,5.0,20264736,random_feasible,1000000001010000100000000000000001001000001000010010100000000010010000000000010010000001010000001011,1,263.920499225348,3.919670769552426,0.0002917919773608,0,0,0,,0,0,0,100,19,0.19,276.702113132512,276.702113132512,0.0,17.755681818181813,17.755681818181813,37.89473684210527,36.0,0.4685527146464645,4.7125,4.7125,5.0,0.9425,0,0,0,0,5636.482215380422,56.36482215380422,9782.774615358268,753.3872672878144,82.874492540264,240.4135422080331,0,inf,1000000001000000100000000000000001000000001000010010100000000010010000000000010000000001010000001011,0.03,274.2653138883408
06ac6393eee7a87a46f65b36cf9d1863821846f32cd08b7f9dd84710f2fa08a1,4,7,20301408,moderate,0.6,5.0,20264736,all_local,0000000000000000000000000000000000000000000000000000000000000000000000000000000000000000000000000000,1,263.920499225348,9.111645683164268,0.0,0,0,0,,0,0,0,100,0,0.0,287.968,287.968,0.0,0.0,0.0,37.89473684210527,36.0,0.0,0.0,0.0,5.0,0.0,0,0,0,0,6199.2,61.992,12398.4,0.0,0.0,0.0,1,287.968,0000000000000000000000000000000000000000000000000000000000000000000000000000000000000000000000000000,0.0,287.968
06ac6393eee7a87a46f65b36cf9d1863821846f32cd08b7f9dd84710f2fa08a1,4,7,20301408,moderate,0.6,5.0,20264736,all_offload,1111111111111111111111111111111111111111111111111111111111111111111111111111111111111111111111111111,0,263.920499225348,1.183204838265182,0.0,0,0,0,,0,0,0,100,100,1.0,inf,inf,0.0,100.0,100.0,37.89473684210527,36.0,2.6388888888888884,28.112499999999997,28.112499999999997,5.0,5.6225,1,1,1,1,inf,inf,97.32065421874483,8273.964877826886,973.2065421874483,inf,0,inf,0000000011000010100000001100000001000000000000000000010000000010010000101000000000000011010000001010,0.83,267.04321934135595
06ac6393eee7a87a46f65b36cf9d1863821846f32cd08b7f9dd84710f2fa08a1,4,7,20301408,moderate,0.6,5.0,20264736,qdp_oracle,0000000001000000000000001000000001000000000001010000010000010010010000100000000000000010000000001000,1,263.920499225348,0.0,2.3032512919744477,0,0,0,,0,0,0,100,12,0.12,263.8322256651002,263.8322256651002,0.0,12.40530303030303,12.40530303030303,37.89473684210527,36.0,0.3273621632996632,3.3312500000000003,3.3312500000000003,5.0,0.66625,0,0,0,0,5374.862767178482,53.74862767178482,8626.86376317486,1030.226231280738,105.3135979050474,141.67103359274174,1,263.920499225348,0000000001000000000000001000000001000000000001010000010000010010010000100000000000000010000000001000,0.0,263.920499225348
06ac6393eee7a87a46f65b36cf9d1863821846f32cd08b7f9dd84710f2fa08a1,4,7,20301408,highly_constrained,0.3,2.0,20264736,wa_mcbr,0000000010000000000000000000000001000000000001010000010000000000010000000000000000000000000000001000,1,271.13757342385924,0.7315791326801945,0.0055078340228646,100,0,0,True,3800,8000,11800,100,7,0.07,272.7182801734717,272.7182801734717,0.0,6.723484848484849,6.723484848484849,18.947368421052634,18.0,0.3548505892255892,1.82,1.82,2.0,0.91,0,0,0,0,5750.440300237988,57.504403002379874,10354.070971016195,648.2500415703363,67.2815737423023,157.50713528500364,0,inf,0000000000000000000000000000000001000000000001010000010000000000010000000000000000000000000000001000,0.01,273.12115933188363
06ac6393eee7a87a46f65b36cf9d1863821846f32cd08b7f9dd84710f2fa08a1,4,7,20301408,highly_constrained,0.3,2.0,20264736,wa_mcbr_swap,0000000000000000000000000000000001000000000001010000010000000010000000100000000000000000000000001000,1,271.13757342385924,0.25021239906036924,0.0228400010382756,100,0,2,True,3800,8000,11800,100,7,0.07,269.36079384294715,269.36079384294715,0.0,7.196969696969696,7.196969696969696,18.947368421052634,18.0,0.3798400673400672,1.95,1.95,2.0,0.975,0,0,0,0,5657.2270360898165,56.572270360898166,9932.898669886448,687.8833368892876,71.23855520694937,173.12181879877835,0,inf,0000000000000000000000000000000001000000000000010000010000000010000000100000000000000000000000001000,0.01,271.81599325107715
06ac6393eee7a87a46f65b36cf9d1863821846f32cd08b7f9dd84710f2fa08a1,4,7,20301408,highly_constrained,0.3,2.0,20264736,capacity_greedy,0000000000000000000000000000000001000000000001010000000000010000000000100000000000000010000000000000,1,271.13757342385924,0.4170674675483595,0.0062675829976797,0,0,0,,0,0,0,100,6,0.06,269.8321896896681,269.8321896896681,0.0,7.196969696969696,7.196969696969696,18.947368421052634,18.0,0.3798400673400672,1.95,1.95,2.0,0.975,0,0,0,0,5638.109325165165,56.38109325165165,9843.00203233014,978.4323753951892,100.33872168966184,173.12181879877835,0,inf,0000000000000000000000000000000001000000000000010000000000010000000000100000000000000010000000000000,0.01,272.2684000349102
06ac6393eee7a87a46f65b36cf9d1863821846f32cd08b7f9dd84710f2fa08a1,4,7,20301408,highly_constrained,0.3,2.0,20264736,lagrangian_relaxation,0000000000000000000000000000000001000000000000010000010000000010000000100000000000000010000000001000,1,271.13757342385924,0.0,0.0117845829809084,300,0,0,True,0,0,0,100,7,0.07,269.67738731751996,269.67738731751996,0.0,6.865530303030302,6.865530303030302,18.947368421052634,18.0,0.3623474326599326,1.86875,1.86875,2.0,0.934375,0,0,0,0,5693.639868409843,56.93639868409843,10101.987646498928,529.3467391314438,55.37807127535108,162.06303370323,0,inf,0000000000000000000000000000000001000000000000010000000000000010000000100000000000000010000000001000,0.01,271.13757342385924
06ac6393eee7a87a46f65b36cf9d1863821846f32cd08b7f9dd84710f2fa08a1,4,7,20301408,highly_constrained,0.3,2.0,20264736,legacy_count_br,0000000010000000000000000000000001000000000001010000010000000000010000000000000000000000000000001000,1,271.13757342385924,0.7315791326801945,0.0017149170162156,100,0,0,True,0,0,0,100,7,0.07,272.7182801734717,272.7182801734717,0.0,6.723484848484849,6.723484848484849,18.947368421052634,18.0,0.3548505892255892,1.82,1.82,2.0,0.91,0,0,0,0,5750.440300237988,57.504403002379874,10354.070971016195,648.2500415703363,67.2815737423023,157.50713528500364,0,inf,0000000000000000000000000000000001000000000001010000010000000000010000000000000000000000000000001000,0.01,273.12115933188363
06ac6393eee7a87a46f65b36cf9d1863821846f32cd08b7f9dd84710f2fa08a1,4,7,20301408,highly_constrained,0.3,2.0,20264736,random_feasible,0000000001000000000000000000000001000000000000010000000000000010010000000000000000000001000000001010,1,271.13757342385924,1.2913200476412645,0.0004306660266593,0,0,0,,0,0,0,100,8,0.08,273.97389156089764,273.97389156089764,0.0,7.33901515151515,7.33901515151515,18.947368421052634,18.0,0.3873369107744106,1.95,1.95,2.0,0.975,0,0,0,0,5795.861016210965,57.95861016210965,10559.223033000386,504.57241300076095,52.8791250483707,178.05461336997115,0,inf,0000000001000000000000000000000001000000000000010000000000000010010000000000000000000000000000001000,0.02,274.6388272661696
06ac6393eee7a87a46f65b36cf9d1863821846f32cd08b7f9dd84710f2fa08a1,4,7,20301408,highly_constrained,0.3,2.0,20264736,all_local,0000000000000000000000000000000000000000000000000000000000000000000000000000000000000000000000000000,1,271.13757342385924,6.207338349904903,0.0,0,0,0,,0,0,0,100,0,0.0,287.968,287.968,0.0,0.0,0.0,18.947368421052634,18.0,0.0,0.0,0.0,2.0,0.0,0,0,0,0,6199.2,61.992,12398.4,0.0,0.0,0.0,1,287.968,0000000000000000000000000000000000000000000000000000000000000000000000000000000000000000000000000000,0.0,287.968
06ac6393eee7a87a46f65b36cf9d1863821846f32cd08b7f9dd84710f2fa08a1,4,7,20301408,highly_constrained,0.3,2.0,20264736,all_offload,1111111111111111111111111111111111111111111111111111111111111111111111111111111111111111111111111111,0,271.13757342385924,0.3183427728945903,0.0,0,0,0,,0,0,0,100,100,1.0,inf,inf,0.0,100.0,100.0,18.947368421052634,18.0,5.277777777777777,28.112499999999997,28.112499999999997,2.0,14.05625,1,1,1,1,inf,inf,97.32065421874483,8273.964877826886,973.2065421874483,inf,0,inf,0000000000000000000000000000000001000000000000000000010000000010000000100000000000000010000000001000,0.94,272.00072029345586
06ac6393eee7a87a46f65b36cf9d1863821846f32cd08b7f9dd84710f2fa08a1,4,7,20301408,highly_constrained,0.3,2.0,20264736,qdp_oracle,0000000000000000000000000000000001000000000000010000000000000010000000100000000000000010000000001000,1,271.13757342385924,0.0,0.2630241670412943,0,0,0,,0,0,0,100,6,0.06,271.1067661769718,271.1067661769718,0.0,5.9185606060606055,5.9185606060606055,18.947368421052634,18.0,0.3123684764309763,1.625,1.625,2.0,0.8125,0,0,0,0,5742.295817722665,57.42295817722665,10325.124431376677,515.7361430202997,54.071896112287135,133.5668107570483,1,271.13757342385924,0000000000000000000000000000000001000000000000010000000000000010000000100000000000000010000000001000,0.0,271.13757342385924
06ac6393eee7a87a46f65b36cf9d1863821846f32cd08b7f9dd84710f2fa08a1,4,8,20301505,abundant,1.0,13.0,20264737,wa_mcbr,0000000010000000000000000000000000010000000001010000010000000011010000101100000000000000000000001100,1,265.4010580884515,-2.14179322683271e-14,0.0256048330338671,517,57,0,True,19646,41360,61006,100,13,0.13,265.3552311169547,265.3552311169547,0.0,13.352272727272725,13.352272727272725,63.15789473684211,60.0,0.2114109848484848,3.6075,3.6075,13.0,0.2775,0,0,0,0,5326.889015667236,53.26889015667236,8393.318616166725,1304.4408282928098,132.20124359418284,87.02191534073852,1,265.40105808845146,0000000010000000000000000000000000010000000001010000010000000011010000101100000000000000000000001100,0.0,265.40105808845146
06ac6393eee7a87a46f65b36cf9d1863821846f32cd08b7f9dd84710f2fa08a1,4,8,20301505,abundant,1.0,13.0,20264737,wa_mcbr_swap,0000000010000000000000000000000000010000000001010000010000000011010000101100000000000000000000001100,1,265.4010580884515,-2.14179322683271e-14,0.0370836250949651,517,57,0,True,19646,41360,61006,100,13,0.13,265.3552311169547,265.3552311169547,0.0,13.352272727272725,13.352272727272725,63.15789473684211,60.0,0.2114109848484848,3.6075,3.6075,13.0,0.2775,0,0,0,0,5326.889015667236,53.26889015667236,8393.318616166725,1304.4408282928098,132.20124359418284,87.02191534073852,1,265.40105808845146,0000000010000000000000000000000000010000000001010000010000000011010000101100000000000000000000001100,0.0,265.40105808845146
06ac6393eee7a87a46f65b36cf9d1863821846f32cd08b7f9dd84710f2fa08a1,4,8,20301505,abundant,1.0,13.0,20264737,capacity_greedy,0000000000000000000000000000000000010000000001010000010000010011010000100100000000000000000000001100,1,265.4010580884515,0.03656689174499854,0.0121768749086186,0,0,0,,0,0,0,100,12,0.12,265.4662702896051,265.4662702896051,0.0,12.878787878787875,12.878787878787875,63.15789473684211,60.0,0.2039141414141413,3.493750000000001,3.493750000000001,13.0,0.26875,0,0,0,0,5278.224101685872,52.78224101685871,8166.702800114553,1567.9719948376871,158.56667621266345,84.03647898493257,1,265.4981070060528,0000000000000000000000000000000000010000000001010000010000010011010000100100000000000000000000001100,0.0,265.4981070060528
06ac6393eee7a87a46f65b36cf9d1863821846f32cd08b7f9dd84710f2fa08a1,4,8,20301505,abundant,1.0,13.0,20264737,lagrangian_relaxation,0000000010000000000000000000000000000000000001010000010000010011010000100100000000000000000000001100,1,265.4010580884515,0.12391521308515298,0.0293951659696176,300,0,0,False,0,0,0,100,12,0.12,265.6956163998169,265.6956163998169,0.0,12.642045454545451,12.642045454545451,63.15789473684211,60.0,0.2001657196969696,3.4450000000000007,3.4450000000000007,13.0,0.265,0,0,0,0,5290.071115324088,52.90071115324088,8220.66973405035,1556.694862671577,155.811170862641,82.56474766908391,1,265.7299303751121,0000000010000000000000000000000000000000000001010000010000010011010000100100000000000000000000001100,0.0,265.7299303751121
06ac6393eee7a87a46f65b36cf9d1863821846f32cd08b7f9dd84710f2fa08a1,4,8,20301505,abundant,1.0,13.0,20264737,legacy_count_br,0000100010000010100000000100101000010000100101010110010000001010010000001100001000000001000000001011,1,265.4010580884515,3.1411893607414845,0.0042167499195784,598,49,0,False,0,0,0,100,25,0.25,273.3931121285009,273.3931121285009,0.0,24.005681818181813,24.005681818181813,63.15789473684211,60.0,0.380089962121212,6.51625,6.51625,13.0,0.50125,0,0,0,0,5342.696313796266,53.42696313796266,8408.67978023836,1054.5682287648635,107.19120953437329,173.284323085736,1,273.7378078884213,0000100010000010100000000100101000010000100101010110010000001010010000001100001000000001000000001011,0.0,273.7378078884213
06ac6393eee7a87a46f65b36cf9d1863821846f32cd08b7f9dd84710f2fa08a1,4,8,20301505,abundant,1.0,13.0,20264737,random_feasible,1000000011010111000100011001100100011101011001000100011011100001011001001001010000101100101010010110,1,265.4010580884515,38.419616123749464,2.7416972443461415e-05,0,0,0,,0,0,0,100,42,0.42,448.2264969051651,448.2264969051651,0.0,42.70833333333332,42.70833333333332,63.15789473684211,60.0,0.6762152777777776,11.84625,11.84625,13.0,0.91125,0,0,0,0,5279.46606818836,52.7946606818836,7365.7737971198385,4302.312232494462,518.4237409485193,542.1179624664875,0,inf,1000000011010111000100011001100100011001011001000100011011100001011001001001000000001100101000010110,0.04,367.36712579440393
06ac6393eee7a87a46f65b36cf9d1863821846f32cd08b7f9dd84710f2fa08a1,4,8,20301505,abundant,1.0,13.0,20264737,all_local,0000000000000000000000000000000000000000000000000000000000000000000000000000000000000000000000000000,1,265.4010580884515,8.502958531547188,0.0,0,0,0,,0,0,0,100,0,0.0,287.968,287.968,0.0,0.0,0.0,63.15789473684211,60.0,0.0,0.0,0.0,13.0,0.0,0,0,0,0,6199.2,61.992,12398.4,0.0,0.0,0.0,1,287.968,0000000000000000000000000000000000000000000000000000000000000000000000000000000000000000000000000000,0.0,287.968
06ac6393eee7a87a46f65b36cf9d1863821846f32cd08b7f9dd84710f2fa08a1,4,8,20301505,abundant,1.0,13.0,20264737,all_offload,1111111111111111111111111111111111111111111111111111111111111111111111111111111111111111111111111111,0,265.4010580884515,16.63836911822589,0.0,0,0,0,,0,0,0,100,100,1.0,inf,inf,0.0,100.0,100.0,63.15789473684211,60.0,1.5833333333333333,28.112499999999997,28.112499999999997,13.0,2.1624999999999996,1,1,1,1,inf,inf,102.65115145294853,8617.95958289985,1026.511514529485,inf,0,inf,1000101010000010100000010101101010011001101100110110010100001010010010011001101100000001011101001011,0.58,309.5594657768852
06ac6393eee7a87a46f65b36cf9d1863821846f32cd08b7f9dd84710f2fa08a1,4,8,20301505,abundant,1.0,13.0,20264737,qdp_oracle,0000000010000000000000000000000000010000000001010000010000000011010000101100000000000000000000001100,1,265.4010580884515,-2.14179322683271e-14,18.508748000022024,0,0,0,,0,0,0,100,13,0.13,265.3552311169547,265.3552311169547,0.0,13.352272727272725,13.352272727272725,63.15789473684211,60.0,0.2114109848484848,3.6075,3.6075,13.0,0.2775,0,0,0,0,5326.889015667236,53.26889015667236,8393.318616166725,1304.4408282928098,132.20124359418284,87.02191534073852,1,265.40105808845146,0000000010000000000000000000000000010000000001010000010000000011010000101100000000000000000000001100,0.0,265.40105808845146
06ac6393eee7a87a46f65b36cf9d1863821846f32cd08b7f9dd84710f2fa08a1,4,8,20301505,moderate,0.6,5.0,20264737,wa_mcbr,0000000000000000000000000000000000010000000001010000010000000011010000100100000000000000000000001100,1,266.16466746682505,2.1356485592849404e-14,0.017009959090501,327,24,0,True,12426,26160,38586,100,11,0.11,266.10222808528937,266.10222808528937,0.0,11.695075757575754,11.695075757575754,37.89473684210527,36.0,0.3086200547138046,3.1687500000000006,3.1687500000000006,5.0,0.6337500000000001,0,0,0,0,5384.452556876982,53.844525568769825,8663.040034683674,1291.3640381925427,130.91224397028668,131.59567789677928,1,266.1646674668251,0000000000000000000000000000000000010000000001010000010000000011010000100100000000000000000000001100,0.0,266.1646674668251
06ac6393eee7a87a46f65b36cf9d1863821846f32cd08b7f9dd84710f2fa08a1,4,8,20301505,moderate,0.6,5.0,20264737,wa_mcbr_swap,0000000000000000000000000000000000010000000001010000010000000011010000100100000000000000000000001100,1,266.16466746682505,2.1356485592849404e-14,0.0269894171506166,327,24,0,True,12426,26160,38586,100,11,0.11,266.10222808528937,266.10222808528937,0.0,11.695075757575754,11.695075757575754,37.89473684210527,36.0,0.3086200547138046,3.1687500000000006,3.1687500000000006,5.0,0.6337500000000001,0,0,0,0,5384.452556876982,53.844525568769825,8663.040034683674,1291.3640381925427,130.91224397028668,131.59567789677928,1,266.1646674668251,0000000000000000000000000000000000010000000001010000010000000011010000100100000000000000000000001100,0.0,266.1646674668251
06ac6393eee7a87a46f65b36cf9d1863821846f32cd08b7f9dd84710f2fa08a1,4,8,20301505,moderate,0.6,5.0,20264737,capacity_greedy,0000000000000000000000000000000000010000000001010000010000010011000000100100000000000000000000001100,1,266.16466746682505,0.027756134217097137,0.0113837920362129,0,0,0,,0,0,0,100,11,0.11,266.1808054242748,266.1808054242748,0.0,11.93181818181818,11.93181818181818,37.89473684210527,36.0,0.3148674242424241,3.2500000000000004,3.2500000000000004,5.0,0.6500000000000001,0,0,0,0,5320.787974524764,53.20787974524764,8364.509781462371,1536.7411658813887,155.43467839741936,134.89288182446435,1,266.23854448916563,0000000000000000000000000000000000010000000001010000010000010011000000100100000000000000000000001100,0.0,266.23854448916563
06ac6393eee7a87a46f65b36cf9d1863821846f32cd08b7f9dd84710f2fa08a1,4,8,20301505,moderate,0.6,5.0,20264737,lagrangian_relaxation,0000000010000010000000000000000000010000000001010000010000010011010000101100000000000000000000001100,1,266.16466746682505,0.689466174254747,0.0092554170405492,300,0,0,False,0,0,0,100,15,0.15,267.8132787358135,267.8132787358135,0.0,15.24621212121212,15.24621212121212,37.89473684210527,36.0,0.4023305976430975,4.1275,4.1275,5.0,0.8255000000000001,0,0,0,0,5194.9610553154125,51.94961055315412,7760.440113042962,1609.1122392543382,162.67420286412582,188.29144843976928,1,267.99978281682644,0000000010000010000000000000000000010000000001010000010000010011010000101100000000000000000000001100,0.0,267.99978281682644
06ac6393eee7a87a46f65b36cf9d1863821846f32cd08b7f9dd84710f2fa08a1,4,8,20301505,moderate,0.6,5.0,20264737,legacy_count_br,0000100010000010100000010000101000010000100000010010000000000010010010001001001000000000000000000111,1,266.16466746682505,2.9135474657416713,0.0029385420493781,383,13,0,False,0,0,0,100,20,0.2,276.99730889856994,276.99730889856994,0.0,18.70265151515151,18.70265151515151,37.89473684210527,36.0,0.4935421927609425,4.972500000000001,4.972500000000001,5.0,0.9945000000000002,0,0,0,0,5579.884571388455,55.798845713884546,9512.982955569272,850.6040336240112,89.14777846356041,263.6245357986857,0,inf,0000100010000010100000000000001000010000100000010010000000000010010010001000001000000000000000000110,0.04,273.9195013905045
06ac6393eee7a87a46f65b36cf9d1863821846f32cd08b7f9dd84710f2fa08a1,4,8,20301505,moderate,0.6,5.0,20264737,random_feasible,0000000010000011000000010001100000010000001001000100010000000001010000001001000000000000001000000110,1,266.16466746682505,3.4364835597353536,0.0004371659597381,0,0,0,,0,0,0,100,18,0.18,278.60141814563957,278.60141814563957,0.0,18.087121212121207,18.087121212121207,37.89473684210527,36.0,0.4772990319865318,4.94,4.94,5.0,0.988,0,0,0,0,5543.716429907918,55.43716429907918,9340.508127750209,1113.7389459240403,117.11820834487672,248.28493784912664,0,inf,0000000010000010000000010001100000010000000001000100010000000001010000001001000000000000000000000110,0.03,275.31137250614677
06ac6393eee7a87a46f65b36cf9d1863821846f32cd08b7f9dd84710f2fa08a1,4,8,20301505,moderate,0.6,5.0,20264737,all_local,0000000000000000000000000000000000000000000000000000000000000000000000000000000000000000000000000000,1,266.16466746682505,8.1916704950677,0.0,0,0,0,,0,0,0,100,0,0.0,287.968,287.968,0.0,0.0,0.0,37.89473684210527,36.0,0.0,0.0,0.0,5.0,0.0,0,0,0,0,6199.2,61.992,12398.4,0.0,0.0,0.0,1,287.968,0000000000000000000000000000000000000000000000000000000000000000000000000000000000000000000000000000,0.0,287.968
06ac6393eee7a87a46f65b36cf9d1863821846f32cd08b7f9dd84710f2fa08a1,4,8,20301505,moderate,0.6,5.0,20264737,all_offload,1111111111111111111111111111111111111111111111111111111111111111111111111111111111111111111111111111,0,266.16466746682505,2.000249908199928,0.0,0,0,0,,0,0,0,100,100,1.0,inf,inf,0.0,100.0,100.0,37.89473684210527,36.0,2.6388888888888884,28.112499999999997,28.112499999999997,5.0,5.6225,1,1,1,1,inf,inf,102.65115145294853,8617.95958289985,1026.511514529485,inf,0,inf,0000100010000010100000000000001000010000100100010010010000000010010000001000000000000001000000001010,0.83,271.48862598349086
06ac6393eee7a87a46f65b36cf9d1863821846f32cd08b7f9dd84710f2fa08a1,4,8,20301505,moderate,0.6,5.0,20264737,qdp_oracle,0000000000000000000000000000000000010000000001010000010000000011010000100100000000000000000000001100,1,266.16466746682505,2.1356485592849404e-14,2.4348973750602454,0,0,0,,0,0,0,100,11,0.11,266.10222808528937,266.10222808528937,0.0,11.695075757575754,11.695075757575754,37.89473684210527,36.0,0.3086200547138046,3.1687500000000006,3.1687500000000006,5.0,0.6337500000000001,0,0,0,0,5384.452556876982,53.844525568769825,8663.040034683674,1291.3640381925427,130.91224397028668,131.59567789677928,1,266.1646674668251,0000000000000000000000000000000000010000000001010000010000000011010000100100000000000000000000001100,0.0,266.1646674668251
06ac6393eee7a87a46f65b36cf9d1863821846f32cd08b7f9dd84710f2fa08a1,4,8,20301505,highly_constrained,0.3,2.0,20264737,wa_mcbr,0000100010000000100000000000000000010000000000010000000000000010010000000000000000000000000000000010,1,272.08218116213413,1.501017368854052,0.0052670419681817,100,0,0,True,3800,8000,11800,100,8,0.08,275.8766971499441,275.8766971499441,0.0,7.3390151515151505,7.3390151515151505,18.947368421052634,18.0,0.3873369107744107,1.93375,1.93375,2.0,0.966875,0,0,0,0,5870.749109932142,58.70749109932142,10901.10678474608,365.5841281477687,38.34809325983135,178.05461336997118,0,inf,0000100010000000000000000000000000010000000000010000000000000010010000000000000000000000000000000010,0.01,276.1661819589347
06ac6393eee7a87a46f65b36cf9d1863821846f32cd08b7f9dd84710f2fa08a1,4,8,20301505,highly_constrained,0.3,2.0,20264737,wa_mcbr_swap,0000000010000000000000000000000000010000000000010000010000000011010000000000000000000000000000001000,1,272.08218116213413,0.5333843005300516,0.028081625001505,100,0,3,True,3800,8000,11800,100,8,0.08,271.79941028186937,271.79941028186937,0.0,7.3390151515151505,7.3390151515151505,18.947368421052634,18.0,0.3873369107744107,1.9825,1.9825,2.0,0.99125,0,0,0,0,5724.591315281991,57.24591315281991,10235.291106837478,595.8597968789995,61.38835468483825,178.05461336997118,0,inf,0000000010000000000000000000000000000000000000010000010000000011000000000000000000000000000000001000,0.02,273.5334248009927
06ac6393eee7a87a46f65b36cf9d1863821846f32cd08b7f9dd84710f2fa08a1,4,8,20301505,highly_constrained,0.3,2.0,20264737,capacity_greedy,0000000000000000000000000000000000000000000001010000000000010011000000000100000000000000000000000000,1,272.08218116213413,0.015949427663860816,0.0063755840528756,0,0,0,,0,0,0,100,6,0.06,270.483975011305,270.483975011305,0.0,7.196969696969696,7.196969696969696,18.947368421052634,18.0,0.3798400673400672,1.9499999999999995,1.9499999999999995,2.0,0.975,0,0,0,0,5627.31401002459,56.273140100245904,9789.107920908524,1179.2131852993923,117.98681808713756,173.12181879877835,0,inf,0000000000000000000000000000000000000000000001010000000000000011000000000100000000000000000000000000,0.01,272.12557671280484
06ac6393eee7a87a46f65b36cf9d1863821846f32cd08b7f9dd84710f2fa08a1,4,8,20301505,highly_constrained,0.3,2.0,20264737,lagrangian_relaxation,0000000000000000000000000000000000000000000001010000000000000011000000000100000000000000000000001000,1,272.08218116213413,0.5961139468568224,0.0111302909208461,300,0,0,False,0,0,0,100,6,0.06,271.1700497158662,271.1700497158662,0.0,6.486742424242424,6.486742424242424,18.947368421052634,18.0,0.3423558501683501,1.7875,1.7875,2.0,0.89375,0,0,0,0,5690.207697697681,56.902076976976815,10080.53115329688,884.4714887388375,88.52554948000837,150.14479420823162,0,inf,0000000000000000000000000000000000000000000000010000000000000011000000000100000000000000000000001000,0.01,273.70410099095386
06ac6393eee7a87a46f65b36cf9d1863821846f32cd08b7f9dd84710f2fa08a1,4,8,20301505,highly_constrained,0.3,2.0,20264737,legacy_count_br,0000100010000000100000000000000000010000000000010000000000000010010000000000000000000000000000000010,1,272.08218116213413,1.501017368854052,0.0016580829396843,100,0,0,True,0,0,0,100,8,0.08,275.8766971499441,275.8766971499441,0.0,7.3390151515151505,7.3390151515151505,18.947368421052634,18.0,0.3873369107744107,1.93375,1.93375,2.0,0.966875,0,0,0,0,5870.749109932142,58.70749109932142,10901.10678474608,365.5841281477687,38.34809325983135,178.05461336997118,0,inf,0000100010000000000000000000000000010000000000010000000000000010010000000000000000000000000000000010,0.01,276.1661819589347
06ac6393eee7a87a46f65b36cf9d1863821846f32cd08b7f9dd84710f2fa08a1,4,8,20301505,highly_constrained,0.3,2.0,20264737,random_feasible,0000000010000000000000000000000000010000000001000000010000000001010000000000000000000000000000000100,1,272.08218116213413,1.2165786843988395,0.0004477079492062,0,0,0,,0,0,0,100,7,0.07,273.87622014934965,273.87622014934965,0.0,7.433712121212121,7.433712121212121,18.947368421052634,18.0,0.3923348063973063,1.9824999999999997,1.9824999999999997,2.0,0.99125,0,0,0,0,5751.620652334638,57.51620652334638,10354.1677912634,792.9681435093667,81.11303762841557,181.4107614388987,0,inf,0000000010000000000000000000000000000000000001000000010000000001000000000000000000000000000000000100,0.02,275.3922749822001
06ac6393eee7a87a46f65b36cf9d1863821846f32cd08b7f9dd84710f2fa08a1,4,8,20301505,highly_constrained,0.3,2.0,20264737,all_local,0000000000000000000000000000000000000000000000000000000000000000000000000000000000000000000000000000,1,272.08218116213413,5.83861051466634,0.0,0,0,0,,0,0,0,100,0,0.0,287.968,287.968,0.0,0.0,0.0,18.947368421052634,18.0,0.0,0.0,0.0,2.0,0.0,0,0,0,0,6199.2,61.992,12398.4,0.0,0.0,0.0,1,287.968,0000000000000000000000000000000000000000000000000000000000000000000000000000000000000000000000000000,0.0,287.968
06ac6393eee7a87a46f65b36cf9d1863821846f32cd08b7f9dd84710f2fa08a1,4,8,20301505,highly_constrained,0.3,2.0,20264737,all_offload,1111111111111111111111111111111111111111111111111111111111111111111111111111111111111111111111111111,0,272.08218116213413,0.6179227005704522,0.0,0,0,0,,0,0,0,100,100,1.0,inf,inf,0.0,100.0,100.0,18.947368421052634,18.0,5.277777777777777,28.112499999999997,28.112499999999997,2.0,14.05625,1,1,1,1,inf,inf,102.65115145294853,8617.95958289985,1026.511514529485,inf,0,inf,0000000010000000000000000000000000010000000000010000010000000010010000000000000000000000000000001000,0.93,273.7634387237422
06ac6393eee7a87a46f65b36cf9d1863821846f32cd08b7f9dd84710f2fa08a1,4,8,20301505,highly_constrained,0.3,2.0,20264737,qdp_oracle,0000000000000000000000000000000000000000000001010000000000010011000000000000000000000000000000000000,1,272.08218116213413,0.0,0.2522786249173805,0,0,0,,0,0,0,100,5,0.05,272.0553558497028,272.0553558497028,0.0,6.013257575757575,6.013257575757575,18.947368421052634,18.0,0.3173663720538719,1.6249999999999998,1.6249999999999998,2.0,0.8124999999999999,0,0,0,0,5709.894063302094,57.09894063302094,10170.521550508876,1042.5839987101028,104.31010177537917,136.22866170860462,1,272.08218116213413,0000000000000000000000000000000000000000000001010000000000010011000000000000000000000000000000000000,0.0,272.08218116213413
06ac6393eee7a87a46f65b36cf9d1863821846f32cd08b7f9dd84710f2fa08a1,4,9,20301602,abundant,1.0,13.0,20264738,wa_mcbr,0000000001000010000000001000000000000000000000000000010000010010010000101100000000000010000000001100,1,268.2027555607591,0.020133870353693035,0.0469868750078603,990,62,0,True,37620,79200,116820,100,13,0.13,268.21459079670416,268.21459079670416,0.0,12.784090909090908,12.784090909090908,63.15789473684211,60.0,0.2024147727272726,3.4450000000000003,3.4450000000000003,13.0,0.265,0,0,0,0,5432.7630853361115,54.327630853361114,8875.570129661348,1206.0219763307691,120.77920471912256,83.44612644701691,1,268.25675515584874,0000000001000010000000001000000000000000000000000000010000010010010000101100000000000010000000001100,0.0,268.25675515584874
06ac6393eee7a87a46f65b36cf9d1863821846f32cd08b7f9dd84710f2fa08a1,4,9,20301602,abundant,1.0,13.0,20264738,wa_mcbr_swap,0000000011000010000000001000000000000000000000000000010000000010010000101100000000000010000000001100,1,268.2027555607591,0.01892067368148907,0.0697690410306677,990,62,1,False,37620,79200,116820,100,13,0.13,268.2061595493229,268.2061595493229,0.0,12.31060606060606,12.31060606060606,63.15789473684211,60.0,0.1949179292929292,3.3150000000000004,3.3150000000000004,13.0,0.255,0,0,0,0,5513.394770334004,55.133947703340034,9253.237069324612,949.8396011905852,95.1591788162818,80.52734757890609,1,268.2535013289435,0000000011000010000000001000000000000000000000000000010000000010010000101100000000000010000000001100,0.0,268.2535013289435
06ac6393eee7a87a46f65b36cf9d1863821846f32cd08b7f9dd84710f2fa08a1,4,9,20301602,abundant,1.0,13.0,20264738,capacity_greedy,0000000000000000000000000000000000000000000000010000010000010010010000101100000000000010000000001100,1,268.2027555607591,0.11397633095387845,0.0114523340016603,0,0,0,,0,0,0,100,11,0.11,268.4865234635906,268.4865234635906,0.0,11.363636363636362,11.363636363636362,63.15789473684211,60.0,0.1799242424242423,3.0875000000000004,3.0875000000000004,13.0,0.2375,0,0,0,0,5420.718766629833,54.20718766629833,8821.591093156756,1445.0379909128017,144.6448324323275,74.84988452655887,1,268.50844322106445,0000000000000000000000000000000000000000000000010000010000010010010000101100000000000010000000001100,0.0,268.50844322106445
06ac6393eee7a87a46f65b36cf9d1863821846f32cd08b7f9dd84710f2fa08a1,4,9,20301602,abundant,1.0,13.0,20264738,lagrangian_relaxation,0000000000000000000000000000000000000000000000010000000000010010000000100100000000000000000000001100,1,268.2027555607591,1.0184228307668701,0.030708875041455,300,0,0,False,0,0,0,100,7,0.07,270.9284664501023,270.9284664501023,0.0,7.339015151515151,7.339015151515151,63.15789473684211,60.0,0.1162010732323232,2.03125,2.03125,13.0,0.15625,0,0,0,0,5611.261095995682,56.11261095995682,9710.129774850771,1327.28679983977,132.824978681704,52.86977097191839,1,270.93419365613573,0000000000000000000000000000000000000000000000010000000000010010000000100100000000000000000000001100,0.0,270.93419365613573
06ac6393eee7a87a46f65b36cf9d1863821846f32cd08b7f9dd84710f2fa08a1,4,9,20301602,abundant,1.0,13.0,20264738,legacy_count_br,0000001011000010000000011001100010000000001000100100010000001010010000101000001000000001001100001011,1,268.2027555607591,2.1163499192459363,0.0048517079558223,677,56,0,False,0,0,0,100,25,0.25,273.55262227421525,273.55262227421525,0.0,23.437499999999993,23.437499999999993,63.15789473684211,60.0,0.3710937499999998,6.19125,6.19125,13.0,0.47625,0,0,0,0,5511.233473447008,55.112334734470075,9196.390788290268,793.8234099299676,79.63153161066336,167.51552795031043,1,273.8788643614846,0000001011000010000000011001100010000000001000100100010000001010010000101000001000000001001100001011,0.0,273.8788643614846
06ac6393eee7a87a46f65b36cf9d1863821846f32cd08b7f9dd84710f2fa08a1,4,9,20301602,abundant,1.0,13.0,20264738,random_feasible,1000010010010001000000100101100011000001100101110001111010010100001101110010101100010111111101001101,1,268.2027555607591,27.254699660055888,8.774991147220135e-05,0,0,0,,0,0,0,100,45,0.45,415.6822794718852,415.6822794718852,0.0,45.78598484848484,45.78598484848484,63.15789473684211,60.0,0.7249447601010098,12.69125,12.69125,13.0,0.97625,0,0,0,0,5022.778692391799,50.22778692391799,6256.600299149819,3596.173718622327,395.5622033292828,678.9083345287611,0,inf,1000010010010001000000000101100010000001100100100001111010010000001100110010101100000111111101001101,0.07,341.30061106883784
06ac6393eee7a87a46f65b36cf9d1863821846f32cd08b7f9dd84710f2fa08a1,4,9,20301602,abundant,1.0,13.0,20264738,all_local,0000000000000000000000000000000000000000000000000000000000000000000000000000000000000000000000000000,1,268.2027555607591,7.369515797075122,0.0,0,0,0,,0,0,0,100,0,0.0,287.968,287.968,0.0,0.0,0.0,63.15789473684211,60.0,0.0,0.0,0.0,13.0,0.0,0,0,0,0,6199.2,61.992,12398.4,0.0,0.0,0.0,1,287.968,0000000000000000000000000000000000000000000000000000000000000000000000000000000000000000000000000000,0.0,287.968
06ac6393eee7a87a46f65b36cf9d1863821846f32cd08b7f9dd84710f2fa08a1,4,9,20301602,abundant,1.0,13.0,20264738,all_offload,1111111111111111111111111111111111111111111111111111111111111111111111111111111111111111111111111111,0,268.2027555607591,15.27031449189145,0.0,0,0,0,,0,0,0,100,100,1.0,inf,inf,0.0,100.0,100.0,63.15789473684211,60.0,1.5833333333333333,28.112499999999997,28.112499999999997,13.0,2.1624999999999996,1,1,1,1,inf,inf,98.8708075644186,8570.34634586958,988.708075644186,inf,0,inf,0000101011000010100000011011100010001001001100100110010101001010010010111011101110000001001101001011,0.58,309.1581598108059
06ac6393eee7a87a46f65b36cf9d1863821846f32cd08b7f9dd84710f2fa08a1,4,9,20301602,abundant,1.0,13.0,20264738,qdp_oracle,0000000011000010000000001000000000000000000000000000010000000010010000101100000000000011000000001100,1,268.2027555607591,-2.1194196436184868e-14,17.31806437508203,0,0,0,,0,0,0,100,14,0.14,268.14498076187147,268.14498076187147,0.0,13.257575757575756,13.257575757575756,63.15789473684211,60.0,0.2099116161616161,3.5587500000000003,3.5587500000000003,13.0,0.27375,0,0,0,0,5489.924338900803,54.899243389008035,9141.75397384839,965.3181972693236,96.7124177421872,86.42029564522572,1,268.20275556075904,0000000011000010000000001000000000000000000000000000010000000010010000101100000000000011000000001100,0.0,268.20275556075904
06ac6393eee7a87a46f65b36cf9d1863821846f32cd08b7f9dd84710f2fa08a1,4,9,20301602,moderate,0.6,5.0,20264738,wa_mcbr,0000000011000010000000001000000000000000000000000000010000000010010000101100000000000010000000001100,1,268.91062699858776,0.06917917720834224,0.0260883750161156,513,25,0,True,19494,41040,60534,100,13,0.13,268.9831433512989,268.9831433512989,0.0,12.31060606060606,12.31060606060606,37.89473684210527,36.0,0.3248632154882154,3.3150000000000004,3.3150000000000004,5.0,0.663,0,0,0,0,5514.171754135979,55.14171754135979,9253.237069324612,949.8396011905852,95.1591788162818,140.29533234629466,1,269.0966571577712,0000000011000010000000001000000000000000000000000000010000000010010000101100000000000010000000001100,0.0,269.0966571577712
06ac6393eee7a87a46f65b36cf9d1863821846f32cd08b7f9dd84710f2fa08a1,4,9,20301602,moderate,0.6,5.0,20264738,wa_mcbr_swap,0000000011000010000000001000000000000000000000000000010000000010010000101100000000000010000000001100,1,268.91062699858776,0.06917917720834224,0.0374632909661158,513,25,0,True,19494,41040,60534,100,13,0.13,268.9831433512989,268.9831433512989,0.0,12.31060606060606,12.31060606060606,37.89473684210527,36.0,0.3248632154882154,3.3150000000000004,3.3150000000000004,5.0,0.663,0,0,0,0,5514.171754135979,55.14171754135979,9253.237069324612,949.8396011905852,95.1591788162818,140.29533234629466,1,269.0966571577712,0000000011000010000000001000000000000000000000000000010000000010010000101100000000000010000000001100,0.0,269.0966571577712
06ac6393eee7a87a46f65b36cf9d1863821846f32cd08b7f9dd84710f2fa08a1,4,9,20301602,moderate,0.6,5.0,20264738,capacity_greedy,0000000000000000000000000000000000000000000000010000010000010010010000100100000000000010000000001100,1,268.91062699858776,0.0651353089500971,0.0103622090537101,0,0,0,,0,0,0,100,10,0.1,269.0498620088085,269.0498620088085,0.0,10.416666666666664,10.416666666666664,37.89473684210527,36.0,0.2748842592592592,2.8437500000000004,2.8437500000000004,5.0,0.5687500000000001,0,0,0,0,5453.1393333177975,54.531393333177974,8972.640466524093,1439.1607858898392,144.04665240921216,114.77254588986428,1,269.08578276628293,0000000000000000000000000000000000000000000000010000010000010010010000100100000000000010000000001100,0.0,269.08578276628293
06ac6393eee7a87a46f65b36cf9d1863821846f32cd08b7f9dd84710f2fa08a1,4,9,20301602,moderate,0.6,5.0,20264738,lagrangian_relaxation,0000001011000010000000001001100010000000001000100100010000000010010000101000001000000001000000001010,1,268.91062699858776,1.0793009134049718,0.0084331660764291,300,0,0,False,0,0,0,100,20,0.2,273.24373162020066,273.24373162020066,0.0,18.22916666666666,18.22916666666666,37.89473684210527,36.0,0.4810474537037035,4.8100000000000005,4.8100000000000005,5.0,0.962,0,0,0,0,5589.576220707385,55.89576220707385,9573.738045022748,667.071420091868,66.90225113734124,251.7396152773904,0,inf,0000000011000010000000001001100010000000000000100000010000000010010000101000001000000001000000001010,0.03,271.81298185202655
06ac6393eee7a87a46f65b36cf9d1863821846f32cd08b7f9dd84710f2fa08a1,4,9,20301602,moderate,0.6,5.0,20264738,legacy_count_br,0000000011000010000000001001000010000000001100000100010000001000000010100010000100000000000100001110,1,268.91062699858776,2.5353103388856946,0.0027959169819951,331,13,0,False,0,0,0,100,19,0.19,277.9204169206395,277.9204169206395,0.0,17.755681818181813,17.755681818181813,37.89473684210527,36.0,0.4685527146464645,4.94,4.94,5.0,0.988,0,0,0,0,5642.000818790432,56.42000818790432,9800.83441577489,833.3137625515245,86.02188288891958,240.4135422080331,0,inf,0000000011000010000000001001000010000000001000000100010000001000000010100000000000000000000100001110,0.03,275.7283459272453
06ac6393eee7a87a46f65b36cf9d1863821846f32cd08b7f9dd84710f2fa08a1,4,9,20301602,moderate,0.6,5.0,20264738,random_feasible,0000000010000000000000000001100010000000000100100000010000000000000000100010001100000011001100001101,1,268.91062699858776,2.4017143802171477,0.0004074999596923,0,0,0,,0,0,0,100,18,0.18,277.53758750539157,277.53758750539157,0.0,17.51893939393939,17.51893939393939,37.89473684210527,36.0,0.462305345117845,4.858750000000001,4.858750000000001,5.0,0.97175,0,0,0,0,5631.472361384677,56.31472361384677,9754.007775144715,891.2944003179416,89.32084137306705,234.94789883078113,0,inf,0000000010000000000000000001100010000000000000100000010000000000000000100000001000000011001100001101,0.03,275.36909219714494
06ac6393eee7a87a46f65b36cf9d1863821846f32cd08b7f9dd84710f2fa08a1,4,9,20301602,moderate,0.6,5.0,20264738,all_local,0000000000000000000000000000000000000000000000000000000000000000000000000000000000000000000000000000,1,268.91062699858776,7.086879835921227,0.0,0,0,0,,0,0,0,100,0,0.0,287.968,287.968,0.0,0.0,0.0,37.89473684210527,36.0,0.0,0.0,0.0,5.0,0.0,0,0,0,0,6199.2,61.992,12398.4,0.0,0.0,0.0,1,287.968,0000000000000000000000000000000000000000000000000000000000000000000000000000000000000000000000000000,0.0,287.968
06ac6393eee7a87a46f65b36cf9d1863821846f32cd08b7f9dd84710f2fa08a1,4,9,20301602,moderate,0.6,5.0,20264738,all_offload,1111111111111111111111111111111111111111111111111111111111111111111111111111111111111111111111111111,0,268.91062699858776,1.0793009134049718,0.0,0,0,0,,0,0,0,100,100,1.0,inf,inf,0.0,100.0,100.0,37.89473684210527,36.0,2.6388888888888884,28.112499999999997,28.112499999999997,5.0,5.6225,1,1,1,1,inf,inf,98.8708075644186,8570.34634586958,988.708075644186,inf,0,inf,0000000011000010000000001001100010000000000000100000010000000010010000101000001000000001000000001010,0.83,271.81298185202655
06ac6393eee7a87a46f65b36cf9d1863821846f32cd08b7f9dd84710f2fa08a1,4,9,20301602,moderate,0.6,5.0,20264738,qdp_oracle,0000000000000000000000001000000000000000000000000000010000010010010000101100000000000010000000001100,1,268.91062699858776,2.1138405534678457e-14,1.4619564999593422,0,0,0,,0,0,0,100,11,0.11,268.8555952665547,268.8555952665547,0.0,11.126893939393938,11.126893939393938,37.89473684210527,36.0,0.2936263678451177,3.00625,3.00625,5.0,0.6012500000000001,0,0,0,0,5488.6708287537185,54.88670828753718,9138.092523797804,1173.4277229410386,117.50216343658654,123.92034557878856,1,268.9106269985878,0000000000000000000000001000000000000000000000000000010000010010010000101100000000000010000000001100,0.0,268.9106269985878
06ac6393eee7a87a46f65b36cf9d1863821846f32cd08b7f9dd84710f2fa08a1,4,9,20301602,highly_constrained,0.3,2.0,20264738,wa_mcbr,0000000010000010000000001000000000000000000000000000010000000000000010100000000000000000000000001100,1,273.22004638888666,0.8443151101818842,0.0085628749802708,182,2,0,True,6916,14560,21476,100,8,0.08,275.27619873409145,275.27619873409145,0.0,6.865530303030303,6.865530303030303,18.947368421052634,18.0,0.3623474326599326,1.93375,1.93375,2.0,0.966875,0,0,0,0,5806.353711684067,58.06353711684067,10602.530218151447,632.1509268052888,66.27726893111164,162.06303370323002,0,inf,0000000010000010000000001000000000000000000000000000010000000000000000100000000000000000000000001100,0.01,275.526884524594
06ac6393eee7a87a46f65b36cf9d1863821846f32cd08b7f9dd84710f2fa08a1,4,9,20301602,highly_constrained,0.3,2.0,20264738,wa_mcbr_swap,0000000000000010000000000000000000000000000000000000010000000010010000101000000000000000000000001100,1,273.22004638888666,0.23763259587107496,0.0296419169753789,182,2,3,True,6916,14560,21476,100,8,0.08,272.64315301912654,272.64315301912654,0.0,7.3390151515151505,7.3390151515151505,18.947368421052634,18.0,0.3873369107744107,1.9825,1.9825,2.0,0.99125,0,0,0,0,5753.1507022408,57.53150702240799,10364.853516689049,565.7831667300159,56.68958613116722,178.05461336997118,0,inf,0000000000000000000000000000000000000000000000000000010000000010010000100000000000000000000000001100,0.02,273.8693062775607
06ac6393eee7a87a46f65b36cf9d1863821846f32cd08b7f9dd84710f2fa08a1,4,9,20301602,highly_constrained,0.3,2.0,20264738,capacity_greedy,0000000000000000000000000000000000000000000000010000000000010010000000100100000000000000000000000100,1,273.22004638888666,0.2199690233731442,0.0062170419842004,0,0,0,,0,0,0,100,6,0.06,272.5741903658516,272.5741903658516,0.0,6.865530303030303,6.865530303030303,18.947368421052634,18.0,0.3623474326599326,1.86875,1.86875,2.0,0.934375,0,0,0,0,5656.28341738622,56.5628341738622,9915.211658514329,1351.8398640000223,135.27641905440726,162.06303370323002,0,inf,0000000000000000000000000000000000000000000000000000000000010010000000100100000000000000000000000100,0.01,273.82104585658794
06ac6393eee7a87a46f65b36cf9d1863821846f32cd08b7f9dd84710f2fa08a1,4,9,20301602,highly_constrained,0.3,2.0,20264738,lagrangian_relaxation,0000000000000000000000000000000000000000000000000000010000010010000000100100000000000000000000001100,1,273.22004638888666,-2.0804995684650518e-14,0.0107400419656187,300,0,0,True,0,0,0,100,7,0.07,271.7933639104883,271.7933639104883,0.0,7.102272727272727,7.102272727272727,18.947368421052634,18.0,0.3748421717171716,1.95,1.95,2.0,0.975,0,0,0,0,5668.189639535916,56.68189639535916,9972.700779517723,1000.0494897307352,100.11135967513364,169.89901540015146,0,inf,0000000000000000000000000000000000000000000000000000010000010010000000100000000000000000000000001100,0.01,273.2200463888866
06ac6393eee7a87a46f65b36cf9d1863821846f32cd08b7f9dd84710f2fa08a1,4,9,20301602,highly_constrained,0.3,2.0,20264738,legacy_count_br,0000000010000010000000001000000010000000000000000000010000000000000000100000000000000000000000001100,1,273.22004638888666,0.8443151101818842,0.0013239160180091,100,0,0,False,0,0,0,100,8,0.08,275.5244072443345,275.5244072443345,0.0,7.102272727272727,7.102272727272727,18.947368421052634,18.0,0.3748421717171716,1.93375,1.93375,2.0,0.966875,0,0,0,0,5820.542917994816,58.20542917994816,10667.279470437064,597.9657339519104,59.93380463314104,169.89901540015146,0,inf,0000000010000010000000001000000000000000000000000000010000000000000000100000000000000000000000001100,0.01,275.526884524594
06ac6393eee7a87a46f65b36cf9d1863821846f32cd08b7f9dd84710f2fa08a1,4,9,20301602,highly_constrained,0.3,2.0,20264738,random_feasible,0000000010000000000000000000000000000000000000100000010000000000000000100000000000000010000000001100,1,273.22004638888666,0.7569794661995544,0.0004917089827358,0,0,0,,0,0,0,100,7,0.07,275.03510903565797,275.03510903565797,0.0,6.392045454545454,6.392045454545454,18.947368421052634,18.0,0.3373579545454545,1.77125,1.77125,2.0,0.885625,0,0,0,0,5809.671604237158,58.09671604237158,10620.464767064015,662.9515775942828,66.39529485943179,147.27759914255086,0,inf,0000000010000000000000000000000000000000000000000000010000000000000000100000000000000010000000001100,0.01,275.2882660375914
06ac6393eee7a87a46f65b36cf9d1863821846f32cd08b7f9dd84710f2fa08a1,4,9,20301602,highly_constrained,0.3,2.0,20264738,all_local,0000000000000000000000000000000000000000000000000000000000000000000000000000000000000000000000000000,1,273.22004638888666,5.3978299930898626,0.0,0,0,0,,0,0,0,100,0,0.0,287.968,287.968,0.0,0.0,0.0,18.947368421052634,18.0,0.0,0.0,0.0,2.0,0.0,0,0,0,0,6199.2,61.992,12398.4,0.0,0.0,0.0,1,287.968,0000000000000000000000000000000000000000000000000000000000000000000000000000000000000000000000000000,0.0,287.968
06ac6393eee7a87a46f65b36cf9d1863821846f32cd08b7f9dd84710f2fa08a1,4,9,20301602,highly_constrained,0.3,2.0,20264738,all_offload,1111111111111111111111111111111111111111111111111111111111111111111111111111111111111111111111111111,0,273.22004638888666,0.46382528748577273,0.0,0,0,0,,0,0,0,100,100,1.0,inf,inf,0.0,100.0,100.0,18.947368421052634,18.0,5.277777777777777,28.112499999999997,28.112499999999997,2.0,14.05625,1,1,1,1,inf,inf,98.8708075644186,8570.34634586958,988.708075644186,inf,0,inf,0000000010000010000000000000000000000000000000000000010000000010010000100000000000000000000000001000,0.93,274.4873100545187
06ac6393eee7a87a46f65b36cf9d1863821846f32cd08b7f9dd84710f2fa08a1,4,9,20301602,highly_constrained,0.3,2.0,20264738,qdp_oracle,0000000000000000000000000000000000000000000000000000010000010010000000100000000000000000000000001100,1,273.22004638888666,-2.0804995684650518e-14,0.2114587920950725,0,0,0,,0,0,0,100,6,0.06,273.18923914199917,273.18923914199917,0.0,5.9185606060606055,5.9185606060606055,18.947368421052634,18.0,0.3123684764309763,1.625,1.625,2.0,0.8125,0,0,0,0,5750.5944625251195,57.5059446252512,10354.099861489434,832.1769434295329,83.31024823894272,133.5668107570483,1,273.2200463888866,0000000000000000000000000000000000000000000000000000010000010010000000100000000000000000000000001100,0.0,273.2200463888866
06ac6393eee7a87a46f65b36cf9d1863821846f32cd08b7f9dd84710f2fa08a1,5,0,20310729,abundant,1.0,13.0,20265729,wa_mcbr,0000010010101001000010000010100000000000000000000000001000110000000000000000011010110000110000011000,1,251.21551213727608,0.0031105828113136627,0.029374000034295,612,56,0,True,23256,48960,72216,100,20,0.2,251.1366965030666,251.1366965030666,0.0,18.253576714356196,18.253576714356196,63.15789473684211,60.0,0.2890149646439731,4.728749999999999,4.728749999999999,13.0,0.3637499999999999,0,0,0,0,3872.927071931251,38.72927071931251,5584.973487688676,684.7287555772093,68.67438443377713,121.62484098531284,1,251.22332640381597,0000010010101001000010000010100000000000000000000000001000110000000000000000011010110000110000011000,0.0,251.22332640381597
06ac6393eee7a87a46f65b36cf9d1863821846f32cd08b7f9dd84710f2fa08a1,5,0,20310729,abundant,1.0,13.0,20265729,wa_mcbr_swap,0000010010101001000010000010100000000000000000000000001000110000000000000000011010110000110000011000,1,251.21551213727608,0.0031105828113136627,0.0459935830440372,612,56,0,True,23256,48960,72216,100,20,0.2,251.1366965030666,251.1366965030666,0.0,18.253576714356196,18.253576714356196,63.15789473684211,60.0,0.2890149646439731,4.728749999999999,4.728749999999999,13.0,0.3637499999999999,0,0,0,0,3872.927071931251,38.72927071931251,5584.973487688676,684.7287555772093,68.67438443377713,121.62484098531284,1,251.22332640381597,0000010010101001000010000010100000000000000000000000001000110000000000000000011010110000110000011000,0.0,251.22332640381597
06ac6393eee7a87a46f65b36cf9d1863821846f32cd08b7f9dd84710f2fa08a1,5,0,20310729,abundant,1.0,13.0,20265729,capacity_greedy,0000010010101001000010000010100000000000000000000000001000110000000000000000011010110000110000011000,1,251.21551213727608,0.0031105828113136627,0.0191779999295249,0,0,0,,0,0,0,100,20,0.2,251.1366965030666,251.1366965030666,0.0,18.253576714356196,18.253576714356196,63.15789473684211,60.0,0.2890149646439731,4.728749999999999,4.728749999999999,13.0,0.3637499999999999,0,0,0,0,3872.927071931251,38.72927071931251,5584.973487688676,684.7287555772093,68.67438443377713,121.62484098531284,1,251.22332640381597,0000010010101001000010000010100000000000000000000000001000110000000000000000011010110000110000011000,0.0,251.22332640381597
06ac6393eee7a87a46f65b36cf9d1863821846f32cd08b7f9dd84710f2fa08a1,5,0,20310729,abundant,1.0,13.0,20265729,lagrangian_relaxation,0010010010000001000010000010100000000000000000000000001000111000000000000000011010110000110000011000,1,251.21551213727608,1.0504256457836287,0.0401242499938234,300,0,0,False,0,0,0,100,20,0.2,253.76124879983257,253.76124879983257,0.0,18.006906758756788,18.006906758756788,63.15789473684211,60.0,0.2851093570136491,4.728749999999999,4.728749999999999,13.0,0.3637499999999999,0,0,0,0,3841.109303570991,38.41109303570991,5423.4629643629305,895.7613427913085,93.14821814649444,119.703835758238,1,253.8543443029527,0010010010000001000010000010100000000000000000000000001000111000000000000000011010110000110000011000,0.0,253.8543443029527
06ac6393eee7a87a46f65b36cf9d1863821846f32cd08b7f9dd84710f2fa08a1,5,0,20310729,abundant,1.0,13.0,20265729,legacy_count_br,1000010010101011000110010010100000000000000010001000101000110000000000000000011010110001110001011001,1,251.21551213727608,4.644303275662325,0.0032033750321716,456,56,0,False,0,0,0,100,30,0.3,262.58971171881126,262.58971171881126,0.0,28.36704489393193,28.36704489393193,63.15789473684211,60.0,0.4491448774872554,7.2475,7.2475,13.0,0.5575,0,0,0,0,3744.955067185855,37.44955067185855,4913.847758214057,1034.6624007345868,114.92527380193329,223.83983879393992,1,262.8827223964395,1000010010101011000110010010100000000000000010001000101000110000000000000000011010110001110001011001,0.0,262.8827223964395
06ac6393eee7a87a46f65b36cf9d1863821846f32cd08b7f9dd84710f2fa08a1,5,0,20310729,abundant,1.0,13.0,20265729,random_feasible,0101011010000011100110100000100011010011100101000110011111110001001100111101100100001001111101110001,1,251.21551213727608,30.034087554793466,2.662499900907278e-05,0,0,0,,0,0,0,100,49,0.49,505.4153278092748,505.4153278092748,0.0,48.10064134188456,48.10064134188456,63.15789473684211,60.0,0.7615934879131722,12.691249999999998,12.691249999999998,13.0,0.9762499999999998,0,0,0,0,3969.93652758046,39.699365275804595,5011.526551393946,4216.810264398475,594.4194162029987,818.6290739782721,0,inf,0101011010000011100110100000100001010001000100000110001111110000001100011101100100001001110101110001,0.08,326.6657990038084
06ac6393eee7a87a46f65b36cf9d1863821846f32cd08b7f9dd84710f2fa08a1,5,0,20310729,abundant,1.0,13.0,20265729,all_local,0000000000000000000000000000000000000000000000000000000000000000000000000000000000000000000000000000,1,251.21551213727608,14.575559645410587,0.0,0,0,0,,0,0,0,100,0,0.0,287.8315789473684,287.8315789473684,0.0,0.0,0.0,63.15789473684211,60.0,0.0,0.0,0.0,13.0,0.0,0,0,0,0,4708.799999999999,47.087999999999994,9417.6,0.0,0.0,0.0,1,287.8315789473684,0000000000000000000000000000000000000000000000000000000000000000000000000000000000000000000000000000,0.0,287.8315789473684
06ac6393eee7a87a46f65b36cf9d1863821846f32cd08b7f9dd84710f2fa08a1,5,0,20310729,abundant,1.0,13.0,20265729,all_offload,1111111111111111111111111111111111111111111111111111111111111111111111111111111111111111111111111111,0,251.21551213727608,14.754471048304973,0.0,0,0,0,,0,0,0,100,100,1.0,inf,inf,0.0,100.0,100.0,63.15789473684211,60.0,1.583333333333333,26.357499999999995,26.357499999999995,13.0,2.0274999999999994,1,1,1,1,inf,inf,90.93244746178286,7104.630701109671,909.3244746178286,inf,0,inf,1001110011101111110110110010100000001000000010001110001000110000000001000000111111110001110101011001,0.56,288.28103214442154
06ac6393eee7a87a46f65b36cf9d1863821846f32cd08b7f9dd84710f2fa08a1,5,0,20310729,abundant,1.0,13.0,20265729,qdp_oracle,0000010010100011000010000010100000000000000000000000001000110000000000000000011010110000110000011000,1,251.21551213727608,-1.1313676129550885e-14,12.33583799994085,0,0,0,,0,0,0,100,20,0.2,251.1382865542676,251.1382865542676,0.0,18.006906758756788,18.006906758756788,63.15789473684211,60.0,0.2851093570136491,4.6475,4.6475,13.0,0.3575,0,0,0,0,3870.654826160998,38.706548261609974,5574.190135444289,693.0374722916492,69.50677221449477,119.703835758238,1,251.21551213727605,0000010010100011000010000010100000000000000000000000001000110000000000000000011010110000110000011000,0.0,251.21551213727605
06ac6393eee7a87a46f65b36cf9d1863821846f32cd08b7f9dd84710f2fa08a1,5,0,20310729,moderate,0.6,5.0,20265729,wa_mcbr,0000010010100001000010000010100000000000000000000000001000110000000000000000011010110000110000010000,1,253.32229030516768,0.2119086289539698,0.019723332952708,381,22,0,True,14478,30480,44958,100,18,0.18,253.14431597108083,253.14431597108083,0.0,16.526887025160338,16.526887025160338,37.89473684210527,36.0,0.4361261853861755,4.24125,4.24125,5.0,0.84825,0,0,0,0,3921.887595494705,39.218875954947045,5811.487631701405,602.61592153422,60.42398341139691,213.36160594940097,0,inf,0000010010100001000010000010100000000000000000000000001000110000000000000000001010110000110000010000,0.01,253.85910209738816
06ac6393eee7a87a46f65b36cf9d1863821846f32cd08b7f9dd84710f2fa08a1,5,0,20310729,moderate,0.6,5.0,20265729,wa_mcbr_swap,0000010010100001000010000010100000000000000000000000001000110000000000000000011010110000110000010000,1,253.32229030516768,0.2119086289539698,0.0347621249966323,381,22,0,True,14478,30480,44958,100,18,0.18,253.14431597108083,253.14431597108083,0.0,16.526887025160338,16.526887025160338,37.89473684210527,36.0,0.4361261853861755,4.24125,4.24125,5.0,0.84825,0,0,0,0,3921.887595494705,39.218875954947045,5811.487631701405,602.61592153422,60.42398341139691,213.36160594940097,0,inf,0000010010100001000010000010100000000000000000000000001000110000000000000000001010110000110000010000,0.01,253.85910209738816
06ac6393eee7a87a46f65b36cf9d1863821846f32cd08b7f9dd84710f2fa08a1,5,0,20310729,moderate,0.6,5.0,20265729,capacity_greedy,0000010010100001000010000010100000000000000000000000001000110000000000000000011010110000110000010000,1,253.32229030516768,0.2119086289539698,0.0175241669639945,0,0,0,,0,0,0,100,18,0.18,253.14431597108083,253.14431597108083,0.0,16.526887025160338,16.526887025160338,37.89473684210527,36.0,0.4361261853861755,4.24125,4.24125,5.0,0.84825,0,0,0,0,3921.887595494705,39.218875954947045,5811.487631701405,602.61592153422,60.42398341139691,213.36160594940097,0,inf,0000010010100001000010000010100000000000000000000000001000110000000000000000001010110000110000010000,0.01,253.85910209738816
06ac6393eee7a87a46f65b36cf9d1863821846f32cd08b7f9dd84710f2fa08a1,5,0,20310729,moderate,0.6,5.0,20265729,lagrangian_relaxation,0000010010100011000010000010100000000000000000000000001000110000000000000000011010110000110001011000,1,253.32229030516768,0.21507879155813922,0.009387084050104,300,0,0,False,0,0,0,100,21,0.21,254.28186229846835,254.28186229846835,0.0,18.99358658115442,18.99358658115442,37.89473684210527,36.0,0.501219645891575,4.89125,4.89125,5.0,0.97825,0,0,0,0,3858.281033592335,38.58281033592335,5498.702912107473,713.5884952059844,71.56724321308661,271.2226282385912,0,inf,0000010010100001000010000010100000000000000000000000001000110000000000000000001010110000110000011000,0.03,253.86713282590344
06ac6393eee7a87a46f65b36cf9d1863821846f32cd08b7f9dd84710f2fa08a1,5,0,20310729,moderate,0.6,5.0,20265729,legacy_count_br,1000010010001001000110010000100000000000000000001010001000110000000000000000010100000001100000010001,1,253.32229030516768,4.622762300361328,0.0022390839876607,281,12,0,False,0,0,0,100,20,0.2,267.2812574017649,267.2812574017649,0.0,19.48692649235323,19.48692649235323,37.89473684210527,36.0,0.5142383379926547,4.94,4.94,5.0,0.988,0,0,0,0,4147.51719294165,41.475171929416504,6812.425747135713,611.203963949953,61.28735678561459,284.6556831325641,0,inf,1000010010001001000110000000100000000000000000001000001000110000000000000000010000000001100000010000,0.04,265.03277763980685
06ac6393eee7a87a46f65b36cf9d1863821846f32cd08b7f9dd84710f2fa08a1,5,0,20310729,moderate,0.6,5.0,20265729,random_feasible,0000010010000011100110100000100000000000000000000010001000110000000000000000100100000001110001010001,1,253.32229030516768,4.709789541714831,0.0003422920126467,0,0,0,,0,0,0,100,21,0.21,268.19093972988554,268.19093972988554,0.0,19.48692649235324,19.48692649235324,37.89473684210527,36.0,0.5142383379926548,4.940000000000001,4.940000000000001,5.0,0.9880000000000002,0,0,0,0,4136.69685200929,41.3669685200929,6754.995988968362,662.8134601670179,66.47566516020676,284.6556831325642,0,inf,0000010010000011000110100000100000000000000000000000001000110000000000000000000000000001110001010001,0.04,265.25323704079295
06ac6393eee7a87a46f65b36cf9d1863821846f32cd08b7f9dd84710f2fa08a1,5,0,20310729,moderate,0.6,5.0,20265729,all_local,0000000000000000000000000000000000000000000000000000000000000000000000000000000000000000000000000000,1,253.32229030516768,13.622681446874937,0.0,0,0,0,,0,0,0,100,0,0.0,287.8315789473684,287.8315789473684,0.0,0.0,0.0,37.89473684210527,36.0,0.0,0.0,0.0,5.0,0.0,0,0,0,0,4708.799999999999,47.087999999999994,9417.6,0.0,0.0,0.0,1,287.8315789473684,0000000000000000000000000000000000000000000000000000000000000000000000000000000000000000000000000000,0.0,287.8315789473684
06ac6393eee7a87a46f65b36cf9d1863821846f32cd08b7f9dd84710f2fa08a1,5,0,20310729,moderate,0.6,5.0,20265729,all_offload,1111111111111111111111111111111111111111111111111111111111111111111111111111111111111111111111111111,0,253.32229030516768,0.21507879155813922,0.0,0,0,0,,0,0,0,100,100,1.0,inf,inf,0.0,100.0,100.0,37.89473684210527,36.0,2.6388888888888884,26.357499999999995,26.357499999999995,5.0,5.271499999999999,1,1,1,1,inf,inf,90.93244746178286,7104.630701109671,909.3244746178286,inf,0,inf,0000010010100001000010000010100000000000000000000000001000110000000000000000001010110000110000011000,0.82,253.86713282590344
06ac6393eee7a87a46f65b36cf9d1863821846f32cd08b7f9dd84710f2fa08a1,5,0,20310729,moderate,0.6,5.0,20265729,qdp_oracle,0000010010100001000010000010100000000000000000000000000000110000000000000000011010110000110000010000,1,253.32229030516768,-1.1219584899601792e-14,2.0023375001037493,0,0,0,,0,0,0,100,17,0.17,253.18356811164355,253.18356811164355,0.0,15.786877158362111,15.786877158362111,37.89473684210527,36.0,0.4165981472345557,4.04625,4.04625,5.0,0.8092499999999999,0,0,0,0,3942.749430430011,39.42749430430011,5912.18007419376,574.9748139711514,57.65142316244362,198.5210936765949,1,253.32229030516766,0000010010100001000010000010100000000000000000000000000000110000000000000000011010110000110000010000,0.0,253.32229030516766
06ac6393eee7a87a46f65b36cf9d1863821846f32cd08b7f9dd84710f2fa08a1,5,0,20310729,highly_constrained,0.3,2.0,20265729,wa_mcbr,0000000000000000000010000000100000000000000000000000001000110000000000000000010000000000100000010000,1,265.84650102774873,1.8217436157201132,0.0052092500263825,100,0,0,True,3800,8000,11800,100,8,0.08,269.3147859032806,269.3147859032806,0.0,7.646768623581648,7.646768623581648,18.947368421052634,18.0,0.4035794551334758,1.9825,1.9825,2.0,0.99125,0,0,0,0,4334.995328075506,43.34995328075506,7715.108932624225,385.2486917599155,38.61657802823541,189.1673176784155,0,inf,0000000000000000000010000000100000000000000000000000001000110000000000000000000000000000100000010000,0.01,270.68954268783705
06ac6393eee7a87a46f65b36cf9d1863821846f32cd08b7f9dd84710f2fa08a1,5,0,20310729,highly_constrained,0.3,2.0,20265729,wa_mcbr_swap,0000000000000000000010000000000000000000000000000000000000110000000000000000001010010000100000010000,1,265.84650102774873,0.564122799015462,0.0293522920692339,100,0,3,True,3800,8000,11800,100,8,0.08,263.6375708064082,263.6375708064082,0.0,7.646768623581648,7.646768623581648,18.947368421052634,18.0,0.4035794551334758,1.95,1.95,2.0,0.975,0,0,0,0,4225.48569851197,42.2548569851197,7221.918136771731,396.5449963179558,39.76709646640976,189.1673176784155,0,inf,0000000000000000000000000000000000000000000000000000000000100000000000000000001010010000100000010000,0.02,267.34620175043113
06ac6393eee7a87a46f65b36cf9d1863821846f32cd08b7f9dd84710f2fa08a1,5,0,20310729,highly_constrained,0.3,2.0,20265729,capacity_greedy,0000000000000000000010000000000000000000000000000000000000110000000000000000001010010000100000010000,1,265.84650102774873,0.564122799015462,0.0075740410247817,0,0,0,,0,0,0,100,8,0.08,263.6375708064082,263.6375708064082,0.0,7.646768623581648,7.646768623581648,18.947368421052634,18.0,0.4035794551334758,1.95,1.95,2.0,0.975,0,0,0,0,4225.48569851197,42.2548569851197,7221.918136771731,396.5449963179558,39.76709646640976,189.1673176784155,0,inf,0000000000000000000000000000000000000000000000000000000000100000000000000000001010010000100000010000,0.02,267.34620175043113
06ac6393eee7a87a46f65b36cf9d1863821846f32cd08b7f9dd84710f2fa08a1,5,0,20310729,highly_constrained,0.3,2.0,20265729,lagrangian_relaxation,0000000000000000000000000000000000000000000000000000000000110000000000000000001010010000110000010000,1,265.84650102774873,0.0,0.0110796670196577,300,0,0,True,0,0,0,100,8,0.08,263.9294831659835,263.9294831659835,0.0,7.153428712382832,7.153428712382832,18.947368421052634,18.0,0.3775420709313161,1.86875,1.86875,2.0,0.934375,0,0,0,0,4228.808488107172,42.28808488107172,7236.344583072033,429.4274437606371,43.0728840042483,171.63356963585923,0,inf,0000000000000000000000000000000000000000000000000000000000100000000000000000001010010000110000010000,0.01,265.84650102774873
06ac6393eee7a87a46f65b36cf9d1863821846f32cd08b7f9dd84710f2fa08a1,5,0,20310729,highly_constrained,0.3,2.0,20265729,legacy_count_br,0000000000000000000010000000100000000000000000000000001000110000000000000000010000000000100000010000,1,265.84650102774873,1.8217436157201132,0.0015636249445378,100,0,0,True,0,0,0,100,8,0.08,269.3147859032806,269.3147859032806,0.0,7.646768623581648,7.646768623581648,18.947368421052634,18.0,0.4035794551334758,1.9825,1.9825,2.0,0.99125,0,0,0,0,4334.995328075506,43.34995328075506,7715.108932624225,385.2486917599155,38.61657802823541,189.1673176784155,0,inf,0000000000000000000010000000100000000000000000000000001000110000000000000000000000000000100000010000,0.01,270.68954268783705
06ac6393eee7a87a46f65b36cf9d1863821846f32cd08b7f9dd84710f2fa08a1,5,0,20310729,highly_constrained,0.3,2.0,20265729,random_feasible,0000000000000001000010000000100000000000000000000000000000110000000000000000000000000000110000010000,1,265.84650102774873,1.5291882330721052,0.0004727500490844,0,0,0,,0,0,0,100,8,0.08,268.7006293147053,268.7006293147053,0.0,7.153428712382832,7.153428712382832,18.947368421052634,18.0,0.3775420709313161,1.86875,1.86875,2.0,0.934375,0,0,0,0,4327.559629957182,43.275596299571816,7682.699487590461,373.3201750118975,37.43594880769199,171.63356963585923,0,inf,0000000000000000000010000000100000000000000000000000000000110000000000000000000000000000110000010000,0.01,269.911794439499
06ac6393eee7a87a46f65b36cf9d1863821846f32cd08b7f9dd84710f2fa08a1,5,0,20310729,highly_constrained,0.3,2.0,20265729,all_local,0000000000000000000000000000000000000000000000000000000000000000000000000000000000000000000000000000,1,265.84650102774873,8.269839111903497,0.0,0,0,0,,0,0,0,100,0,0.0,287.8315789473684,287.8315789473684,0.0,0.0,0.0,18.947368421052634,18.0,0.0,0.0,0.0,2.0,0.0,0,0,0,0,4708.799999999999,47.087999999999994,9417.6,0.0,0.0,0.0,1,287.8315789473684,0000000000000000000000000000000000000000000000000000000000000000000000000000000000000000000000000000,0.0,287.8315789473684
06ac6393eee7a87a46f65b36cf9d1863821846f32cd08b7f9dd84710f2fa08a1,5,0,20310729,highly_constrained,0.3,2.0,20265729,all_offload,1111111111111111111111111111111111111111111111111111111111111111111111111111111111111111111111111111,0,265.84650102774873,0.0,0.0,0,0,0,,0,0,0,100,100,1.0,inf,inf,0.0,100.0,100.0,18.947368421052634,18.0,5.277777777777777,26.357499999999995,26.357499999999995,2.0,13.178749999999996,1,1,1,1,inf,inf,90.93244746178286,7104.630701109671,909.3244746178286,inf,0,inf,0000000000000000000000000000000000000000000000000000000000100000000000000000001010010000110000010000,0.93,265.84650102774873
06ac6393eee7a87a46f65b36cf9d1863821846f32cd08b7f9dd84710f2fa08a1,5,0,20310729,highly_constrained,0.3,2.0,20265729,qdp_oracle,0000000000000000000000000000000000000000000000000000000000100000000000000000001010010000110000010000,1,265.84650102774873,0.0,0.3355358339613303,0,0,0,,0,0,0,100,7,0.07,265.81916686929185,265.81916686929185,0.0,6.1667488899852,6.1667488899852,18.947368421052634,18.0,0.3254673025269966,1.625,1.625,2.0,0.8125,0,0,0,0,4273.498843966523,42.73498843966523,7441.4923522136705,416.3507540768911,41.76460195295629,140.6269554264353,1,265.84650102774873,0000000000000000000000000000000000000000000000000000000000100000000000000000001010010000110000010000,0.0,265.84650102774873
06ac6393eee7a87a46f65b36cf9d1863821846f32cd08b7f9dd84710f2fa08a1,5,1,20310826,abundant,1.0,13.0,20265730,wa_mcbr,0000010010000001000010000010100000000000000000000000001001110000000000000000011010110000110000011000,1,254.67499153297152,0.0,0.0251057499554008,501,59,0,True,19038,40080,59118,100,19,0.19,254.60074312389693,254.60074312389693,0.0,16.773556980759746,16.773556980759746,63.15789473684211,60.0,0.2655813188620293,4.3549999999999995,4.3549999999999995,13.0,0.3349999999999999,0,0,0,0,3891.901183953444,38.919011839534434,5660.825523347025,852.8149237051914,85.55386036974822,110.40528437080164,1,254.67499153297152,0000010010000001000010000010100000000000000000000000001001110000000000000000011010110000110000011000,0.0,254.67499153297152
06ac6393eee7a87a46f65b36cf9d1863821846f32cd08b7f9dd84710f2fa08a1,5,1,20310826,abundant,1.0,13.0,20265730,wa_mcbr_swap,0000010010000001000010000010100000000000000000000000001001110000000000000000011010110000110000011000,1,254.67499153297152,0.0,0.0406990419141948,501,59,0,True,19038,40080,59118,100,19,0.19,254.60074312389693,254.60074312389693,0.0,16.773556980759746,16.773556980759746,63.15789473684211,60.0,0.2655813188620293,4.3549999999999995,4.3549999999999995,13.0,0.3349999999999999,0,0,0,0,3891.901183953444,38.919011839534434,5660.825523347025,852.8149237051914,85.55386036974822,110.40528437080164,1,254.67499153297152,0000010010000001000010000010100000000000000000000000001001110000000000000000011010110000110000011000,0.0,254.67499153297152
06ac6393eee7a87a46f65b36cf9d1863821846f32cd08b7f9dd84710f2fa08a1,5,1,20310826,abundant,1.0,13.0,20265730,capacity_greedy,0000010010000001000010000010100000000000000000000000001001110000000000000000011010110000110000011000,1,254.67499153297152,0.0,0.0181264999555423,0,0,0,,0,0,0,100,19,0.19,254.60074312389693,254.60074312389693,0.0,16.773556980759746,16.773556980759746,63.15789473684211,60.0,0.2655813188620293,4.3549999999999995,4.3549999999999995,13.0,0.3349999999999999,0,0,0,0,3891.901183953444,38.919011839534434,5660.825523347025,852.8149237051914,85.55386036974822,110.40528437080164,1,254.67499153297152,0000010010000001000010000010100000000000000000000000001001110000000000000000011010110000110000011000,0.0,254.67499153297152
06ac6393eee7a87a46f65b36cf9d1863821846f32cd08b7f9dd84710f2fa08a1,5,1,20310826,abundant,1.0,13.0,20265730,lagrangian_relaxation,0000010010000001000010000010100000000000000000000000001001110100000000000000011010110000110000011000,1,254.67499153297152,0.19238448669910274,0.0408472090493887,300,0,0,False,0,0,0,100,20,0.2,255.07185120506307,255.07185120506307,0.0,18.006906758756784,18.006906758756784,63.15789473684211,60.0,0.2851093570136491,4.679999999999999,4.679999999999999,13.0,0.3599999999999999,0,0,0,0,3851.844927717656,38.51844927717656,5466.710469797731,952.5425501245636,95.5234898865267,119.703835758238,1,255.1649467081832,0000010010000001000010000010100000000000000000000000001001110100000000000000011010110000110000011000,0.0,255.1649467081832
06ac6393eee7a87a46f65b36cf9d1863821846f32cd08b7f9dd84710f2fa08a1,5,1,20310826,abundant,1.0,13.0,20265730,legacy_count_br,1100010010001111001110100010100000000000000000010000001001110000000000000000011110110000110101001000,1,254.67499153297152,2.1050494760801435,0.0042822499526664,622,54,0,False,0,0,0,100,30,0.3,259.7786462844227,259.7786462844227,0.0,27.6270350271337,27.6270350271337,63.15789473684211,60.0,0.4374280545962836,7.03625,7.03625,13.0,0.54125,0,0,0,0,3812.0280567392538,38.12028056739254,5237.0487081334895,879.8809520119747,88.2902711163551,214.3876059631687,1,260.0360261079435,1100010010001111001110100010100000000000000000010000001001110000000000000000011110110000110101001000,0.0,260.0360261079435
06ac6393eee7a87a46f65b36cf9d1863821846f32cd08b7f9dd84710f2fa08a1,5,1,20310826,abundant,1.0,13.0,20265730,random_feasible,1101000100011001100101101011100011010110011111011010110011101110111000010000101000000100010000010100,1,254.67499153297152,41.20310516968723,2.687494270503521e-05,0,0,0,,0,0,0,100,46,0.46,498.3864202576005,498.3864202576005,0.0,46.22594967932907,46.22594967932907,63.15789473684211,60.0,0.7319108699227103,12.2525,12.2525,13.0,0.9425,0,0,0,0,3966.2185798867886,39.66218579886789,4974.316439485064,4754.399963468365,606.8791192405242,702.5256862444417,0,inf,1101000100011001100100101011100001010000011111011010110011100110101000010000101000000100010000010100,0.06,359.6089961351938
06ac6393eee7a87a46f65b36cf9d1863821846f32cd08b7f9dd84710f2fa08a1,5,1,20310826,abundant,1.0,13.0,20265730,all_local,0000000000000000000000000000000000000000000000000000000000000000000000000000000000000000000000000000,1,254.67499153297152,13.01917680052393,0.0,0,0,0,,0,0,0,100,0,0.0,287.8315789473684,287.8315789473684,0.0,0.0,0.0,63.15789473684211,60.0,0.0,0.0,0.0,13.0,0.0,0,0,0,0,4708.799999999999,47.087999999999994,9417.6,0.0,0.0,0.0,1,287.8315789473684,0000000000000000000000000000000000000000000000000000000000000000000000000000000000000000000000000000,0.0,287.8315789473684
06ac6393eee7a87a46f65b36cf9d1863821846f32cd08b7f9dd84710f2fa08a1,5,1,20310826,abundant,1.0,13.0,20265730,all_offload,1111111111111111111111111111111111111111111111111111111111111111111111111111111111111111111111111111,0,254.67499153297152,14.025643232289385,0.0,0,0,0,,0,0,0,100,100,1.0,inf,inf,0.0,100.0,100.0,63.15789473684211,60.0,1.583333333333333,26.357499999999995,26.357499999999995,13.0,2.0274999999999994,1,1,1,1,inf,inf,83.80715055481407,6830.199558621243,838.0715055481407,inf,0,inf,1101110011111111011110100010100000000000000010011110001001110000000001001000011110111100110101001000,0.56,290.3947972472493
06ac6393eee7a87a46f65b36cf9d1863821846f32cd08b7f9dd84710f2fa08a1,5,1,20310826,abundant,1.0,13.0,20265730,qdp_oracle,0000010010000001000010000010100000000000000000000000001001110000000000000000011010110000110000011000,1,254.67499153297152,0.0,11.037913375068456,0,0,0,,0,0,0,100,19,0.19,254.60074312389693,254.60074312389693,0.0,16.773556980759746,16.773556980759746,63.15789473684211,60.0,0.2655813188620293,4.3549999999999995,4.3549999999999995,13.0,0.3349999999999999,0,0,0,0,3891.901183953444,38.919011839534434,5660.825523347025,852.8149237051914,85.55386036974822,110.40528437080164,1,254.67499153297152,0000010010000001000010000010100000000000000000000000001001110000000000000000011010110000110000011000,0.0,254.67499153297152
06ac6393eee7a87a46f65b36cf9d1863821846f32cd08b7f9dd84710f2fa08a1,5,1,20310826,moderate,0.6,5.0,20265730,wa_mcbr,0000010010000001000010000010100000000000000000000000001000110000000000000000011010110000110000011000,1,256.56927817598336,0.007653090801680946,0.0234572909539565,475,28,0,True,18050,38000,56050,100,18,0.18,256.41884728213057,256.41884728213057,0.0,16.03354711396152,16.03354711396152,37.89473684210527,36.0,0.4231074932850956,4.16,4.16,5.0,0.8320000000000001,0,0,0,0,3913.784303084538,39.13784303084538,5757.897192551703,829.104986301219,83.17736398348791,203.356296173124,1,256.5889136558114,0000010010000001000010000010100000000000000000000000001000110000000000000000011010110000110000011000,0.0,256.5889136558114
06ac6393eee7a87a46f65b36cf9d1863821846f32cd08b7f9dd84710f2fa08a1,5,1,20310826,moderate,0.6,5.0,20265730,wa_mcbr_swap,0000010010000001000010000010100000000000000000000000001000110000000000000000011010110000110000011000,1,256.56927817598336,0.007653090801680946,0.0387911659199744,475,28,0,True,18050,38000,56050,100,18,0.18,256.41884728213057,256.41884728213057,0.0,16.03354711396152,16.03354711396152,37.89473684210527,36.0,0.4231074932850956,4.16,4.16,5.0,0.8320000000000001,0,0,0,0,3913.784303084538,39.13784303084538,5757.897192551703,829.104986301219,83.17736398348791,203.356296173124,1,256.5889136558114,0000010010000001000010000010100000000000000000000000001000110000000000000000011010110000110000011000,0.0,256.5889136558114
06ac6393eee7a87a46f65b36cf9d1863821846f32cd08b7f9dd84710f2fa08a1,5,1,20310826,moderate,0.6,5.0,20265730,capacity_greedy,0000010010000001000010000010100000000000000000000000001000110000000000000000011010110000110000011000,1,256.56927817598336,0.007653090801680946,0.0178535419981926,0,0,0,,0,0,0,100,18,0.18,256.41884728213057,256.41884728213057,0.0,16.03354711396152,16.03354711396152,37.89473684210527,36.0,0.4231074932850956,4.16,4.16,5.0,0.8320000000000001,0,0,0,0,3913.784303084538,39.13784303084538,5757.897192551703,829.104986301219,83.17736398348791,203.356296173124,1,256.5889136558114,0000010010000001000010000010100000000000000000000000001000110000000000000000011010110000110000011000,0.0,256.5889136558114
06ac6393eee7a87a46f65b36cf9d1863821846f32cd08b7f9dd84710f2fa08a1,5,1,20310826,moderate,0.6,5.0,20265730,lagrangian_relaxation,0000010010000001000010000010100000000000000000000000001001110100000000000000011010110000110000011000,1,256.56927817598336,0.04014113424026312,0.0104864999884739,300,0,0,False,0,0,0,100,20,0.2,257.60489149645235,257.60489149645235,0.0,18.006906758756784,18.006906758756784,37.89473684210527,36.0,0.4751822616894151,4.679999999999999,4.679999999999999,5.0,0.9359999999999996,0,0,0,0,3854.3779680090456,38.54377968009046,5466.710469797731,952.5425501245636,95.5234898865267,246.35585032770183,0,inf,0000010010000001000010000010100000000000000000000000001001110000000000000000011010110000110000001000,0.02,256.67226799435525
06ac6393eee7a87a46f65b36cf9d1863821846f32cd08b7f9dd84710f2fa08a1,5,1,20310826,moderate,0.6,5.0,20265730,legacy_count_br,0100010001001001001010100000100000000000000000001000001000000000000000001000001110011000000101010000,1,256.56927817598336,4.629218457570775,0.0014301249757409,160,2,0,False,0,0,0,100,20,0.2,271.1777430295921,271.1777430295921,0.0,19.73359644795265,19.73359644795265,37.89473684210527,36.0,0.5207476840431947,4.940000000000001,4.940000000000001,5.0,0.9880000000000002,0,0,0,0,4122.601327044194,41.22601327044194,6676.16265044101,878.4204640705934,88.13252205051828,291.6458881390828,0,inf,0100010001000001001010100000100000000000000000000000001000000000000000000000001110010000000101010000,0.04,268.4464305577621
06ac6393eee7a87a46f65b36cf9d1863821846f32cd08b7f9dd84710f2fa08a1,5,1,20310826,moderate,0.6,5.0,20265730,random_feasible,1101000000001001000100100010100000000000000010011010000001100100000000000000001000000000010000010000,1,256.56927817598336,4.719929928922729,0.0003243329701945,0,0,0,,0,0,0,100,19,0.19,271.2068768875184,271.2068768875184,0.0,18.993586581154418,18.993586581154418,37.89473684210527,36.0,0.5012196458915749,4.82625,4.82625,5.0,0.96525,0,0,0,0,4158.612130511145,41.58612130511145,6848.7911551222105,834.6789776111056,83.74500643208461,271.2226282385911,0,inf,1100000000001001000100100010100000000000000000011000000001100100000000000000001000000000010000010000,0.03,268.6791683250326
06ac6393eee7a87a46f65b36cf9d1863821846f32cd08b7f9dd84710f2fa08a1,5,1,20310826,moderate,0.6,5.0,20265730,all_local,0000000000000000000000000000000000000000000000000000000000000000000000000000000000000000000000000000,1,256.56927817598336,12.184740508932622,0.0,0,0,0,,0,0,0,100,0,0.0,287.8315789473684,287.8315789473684,0.0,0.0,0.0,37.89473684210527,36.0,0.0,0.0,0.0,5.0,0.0,0,0,0,0,4708.799999999999,47.087999999999994,9417.6,0.0,0.0,0.0,1,287.8315789473684,0000000000000000000000000000000000000000000000000000000000000000000000000000000000000000000000000000,0.0,287.8315789473684
06ac6393eee7a87a46f65b36cf9d1863821846f32cd08b7f9dd84710f2fa08a1,5,1,20310826,moderate,0.6,5.0,20265730,all_offload,1111111111111111111111111111111111111111111111111111111111111111111111111111111111111111111111111111,0,256.56927817598336,0.04014113424026312,0.0,0,0,0,,0,0,0,100,100,1.0,inf,inf,0.0,100.0,100.0,37.89473684210527,36.0,2.6388888888888884,26.357499999999995,26.357499999999995,5.0,5.271499999999999,1,1,1,1,inf,inf,83.80715055481407,6830.199558621243,838.0715055481407,inf,0,inf,0000010010000001000010000010100000000000000000000000001001110000000000000000011010110000110000001000,0.82,256.67226799435525
06ac6393eee7a87a46f65b36cf9d1863821846f32cd08b7f9dd84710f2fa08a1,5,1,20310826,moderate,0.6,5.0,20265730,qdp_oracle,0000010010000001000010000010100000000000000000000000000000110000000000000000011010110000110000011000,1,256.56927817598336,0.0,1.8685356660280377,0,0,0,,0,0,0,100,17,0.17,256.438779204451,256.438779204451,0.0,15.293537247163297,15.293537247163297,37.89473684210527,36.0,0.4035794551334758,3.965,3.965,5.0,0.793,0,0,0,0,3934.626780621586,39.34626780621586,5858.585598601835,812.4080130031324,81.50580010800914,189.1673176784155,1,256.56927817598336,0000010010000001000010000010100000000000000000000000000000110000000000000000011010110000110000011000,0.0,256.56927817598336
06ac6393eee7a87a46f65b36cf9d1863821846f32cd08b7f9dd84710f2fa08a1,5,1,20310826,highly_constrained,0.3,2.0,20265730,wa_mcbr,0000010000000001000010000000000000000000000000000000001000000000000000000000001010010000000000010000,1,266.3811497713175,1.7120798632572458,0.0052260420052334,100,0,0,True,3800,8000,11800,100,8,0.08,269.9193799014022,269.9193799014022,0.0,7.646768623581648,7.646768623581648,18.947368421052634,18.0,0.4035794551334758,1.93375,1.93375,2.0,0.966875,0,0,0,0,4307.552082447311,43.0755208244731,7582.125754934037,654.8429882354743,65.719366754771,189.1673176784155,0,inf,0000010000000000000010000000000000000000000000000000001000000000000000000000001010010000000000010000,0.01,270.94180779606535
06ac6393eee7a87a46f65b36cf9d1863821846f32cd08b7f9dd84710f2fa08a1,5,1,20310826,highly_constrained,0.3,2.0,20265730,wa_mcbr_swap,0000000000000000000010000000000000000000000000000000000000100000000000000000001010010000110000010000,1,266.3811497713175,0.4370156326470108,0.0299274169374257,100,0,3,True,3800,8000,11800,100,8,0.08,265.62253948045145,265.62253948045145,0.0,7.153428712382832,7.153428712382832,18.947368421052634,18.0,0.3775420709313161,1.86875,1.86875,2.0,0.934375,0,0,0,0,4233.529741598181,42.33529741598181,7250.8973847752995,619.5841301368494,62.17309691253526,171.63356963585923,0,inf,0000000000000000000010000000000000000000000000000000000000100000000000000000001010010000110000000000,0.01,267.545277038243
06ac6393eee7a87a46f65b36cf9d1863821846f32cd08b7f9dd84710f2fa08a1,5,1,20310826,highly_constrained,0.3,2.0,20265730,capacity_greedy,0000000000000000000010000000000000000000000000000000000000100000000000000000001010010000110000010000,1,266.3811497713175,0.4370156326470108,0.007769834017381,0,0,0,,0,0,0,100,8,0.08,265.62253948045145,265.62253948045145,0.0,7.153428712382832,7.153428712382832,18.947368421052634,18.0,0.3775420709313161,1.86875,1.86875,2.0,0.934375,0,0,0,0,4233.529741598181,42.33529741598181,7250.8973847752995,619.5841301368494,62.17309691253526,171.63356963585923,0,inf,0000000000000000000010000000000000000000000000000000000000100000000000000000001010010000110000000000,0.01,267.545277038243
06ac6393eee7a87a46f65b36cf9d1863821846f32cd08b7f9dd84710f2fa08a1,5,1,20310826,highly_constrained,0.3,2.0,20265730,lagrangian_relaxation,0000000000000000000000000000000000000000000000000000000000100000000000000000001010110000110000011000,1,266.3811497713175,0.0,0.0094036249211058,300,0,0,True,0,0,0,100,9,0.09,264.67048375876203,264.67048375876203,0.0,7.40009866798224,7.40009866798224,18.947368421052634,18.0,0.3905607630323959,1.9825,1.9825,2.0,0.99125,0,0,0,0,4208.724579523469,42.08724579523469,7135.7520785273,611.4067792162608,61.34205858893783,180.21316783594168,0,inf,0000000000000000000000000000000000000000000000000000000000100000000000000000001010110000110000001000,0.01,266.3811497713175
06ac6393eee7a87a46f65b36cf9d1863821846f32cd08b7f9dd84710f2fa08a1,5,1,20310826,highly_constrained,0.3,2.0,20265730,legacy_count_br,0000010000000001000010000000000000000000000000000000001000000000000000000000001010010000000000010000,1,266.3811497713175,1.7120798632572458,0.0015463749878108,100,0,0,True,0,0,0,100,8,0.08,269.9193799014022,269.9193799014022,0.0,7.646768623581648,7.646768623581648,18.947368421052634,18.0,0.4035794551334758,1.93375,1.93375,2.0,0.966875,0,0,0,0,4307.552082447311,43.0755208244731,7582.125754934037,654.8429882354743,65.719366754771,189.1673176784155,0,inf,0000010000000000000010000000000000000000000000000000001000000000000000000000001010010000000000010000,0.01,270.94180779606535
06ac6393eee7a87a46f65b36cf9d1863821846f32cd08b7f9dd84710f2fa08a1,5,1,20310826,highly_constrained,0.3,2.0,20265730,random_feasible,0000000000000001000000000010100000000000000000000000000001100000000000000000001000000000010000010000,1,266.3811497713175,1.6512780955247395,0.0004529999569058,0,0,0,,0,0,0,100,8,0.08,269.9189911360295,269.9189911360295,0.0,7.40009866798224,7.40009866798224,18.947368421052634,18.0,0.3905607630323959,1.90125,1.90125,2.0,0.950625,0,0,0,0,4319.680463359343,43.19680463359343,7639.665265567528,579.8447520819424,58.15819594114404,180.21316783594168,0,inf,0000000000000001000000000010000000000000000000000000000001100000000000000000001000000000010000010000,0.01,270.7798433480982
06ac6393eee7a87a46f65b36cf9d1863821846f32cd08b7f9dd84710f2fa08a1,5,1,20310826,highly_constrained,0.3,2.0,20265730,all_local,0000000000000000000000000000000000000000000000000000000000000000000000000000000000000000000000000000,1,266.3811497713175,8.052532694023457,0.0,0,0,0,,0,0,0,100,0,0.0,287.8315789473684,287.8315789473684,0.0,0.0,0.0,18.947368421052634,18.0,0.0,0.0,0.0,2.0,0.0,0,0,0,0,4708.799999999999,47.087999999999994,9417.6,0.0,0.0,0.0,1,287.8315789473684,0000000000000000000000000000000000000000000000000000000000000000000000000000000000000000000000000000,0.0,287.8315789473684
06ac6393eee7a87a46f65b36cf9d1863821846f32cd08b7f9dd84710f2fa08a1,5,1,20310826,highly_constrained,0.3,2.0,20265730,all_offload,1111111111111111111111111111111111111111111111111111111111111111111111111111111111111111111111111111,0,266.3811497713175,0.0,0.0,0,0,0,,0,0,0,100,100,1.0,inf,inf,0.0,100.0,100.0,18.947368421052634,18.0,5.277777777777777,26.357499999999995,26.357499999999995,2.0,13.178749999999996,1,1,1,1,inf,inf,83.80715055481407,6830.199558621243,838.0715055481407,inf,0,inf,0000000000000000000000000000000000000000000000000000000000100000000000000000001010110000110000001000,0.92,266.3811497713175
06ac6393eee7a87a46f65b36cf9d1863821846f32cd08b7f9dd84710f2fa08a1,5,1,20310826,highly_constrained,0.3,2.0,20265730,qdp_oracle,0000000000000000000000000000000000000000000000000000000000100000000000000000001010110000110000001000,1,266.3811497713175,0.0,0.3261992919724434,0,0,0,,0,0,0,100,8,0.08,266.349910733081,266.349910733081,0.0,6.1667488899852,6.1667488899852,18.947368421052634,18.0,0.3254673025269966,1.6575,1.6575,2.0,0.82875,0,0,0,0,4286.553011977056,42.865530119770554,7499.104284647728,378.4995417054626,38.03558096592846,140.6269554264353,1,266.3811497713175,0000000000000000000000000000000000000000000000000000000000100000000000000000001010110000110000001000,0.0,266.3811497713175
06ac6393eee7a87a46f65b36cf9d1863821846f32cd08b7f9dd84710f2fa08a1,5,2,20310923,abundant,1.0,13.0,20265731,wa_mcbr,1000000000100001000010000010100000000000000010000000001001110000000000001000011100110000110000001000,1,257.09578888148485,2.2109821054677603e-14,0.0483475000364705,1024,63,0,True,38912,81920,120832,100,20,0.2,257.0185632984764,257.0185632984764,0.0,18.006906758756788,18.006906758756788,63.15789473684211,60.0,0.2851093570136491,4.647499999999999,4.647499999999999,13.0,0.3574999999999999,0,0,0,0,3994.0054167328126,39.94005416732813,6132.125868578056,660.5670008823764,66.29342890277309,119.703835758238,1,257.0957888814849,1000000000100001000010000010100000000000000010000000001001110000000000001000011100110000110000001000,0.0,257.0957888814849
06ac6393eee7a87a46f65b36cf9d1863821846f32cd08b7f9dd84710f2fa08a1,5,2,20310923,abundant,1.0,13.0,20265731,wa_mcbr_swap,1000000000100001000010000010100000000000000010000000001001110000000000001000011100110000110000001000,1,257.09578888148485,2.2109821054677603e-14,0.0649165831273421,1024,63,0,True,38912,81920,120832,100,20,0.2,257.0185632984764,257.0185632984764,0.0,18.006906758756788,18.006906758756788,63.15789473684211,60.0,0.2851093570136491,4.647499999999999,4.647499999999999,13.0,0.3574999999999999,0,0,0,0,3994.0054167328126,39.94005416732813,6132.125868578056,660.5670008823764,66.29342890277309,119.703835758238,1,257.0957888814849,1000000000100001000010000010100000000000000010000000001001110000000000001000011100110000110000001000,0.0,257.0957888814849
06ac6393eee7a87a46f65b36cf9d1863821846f32cd08b7f9dd84710f2fa08a1,5,2,20310923,abundant,1.0,13.0,20265731,capacity_greedy,1000000000100001000010000010100000000000000010000000001001110000000000001000011100110000110000001000,1,257.09578888148485,2.2109821054677603e-14,0.0190547090023756,0,0,0,,0,0,0,100,20,0.2,257.0185632984764,257.0185632984764,0.0,18.006906758756788,18.006906758756788,63.15789473684211,60.0,0.2851093570136491,4.647499999999999,4.647499999999999,13.0,0.3574999999999999,0,0,0,0,3994.0054167328126,39.94005416732813,6132.125868578056,660.5670008823764,66.29342890277309,119.703835758238,1,257.0957888814849,1000000000100001000010000010100000000000000010000000001001110000000000001000011100110000110000001000,0.0,257.0957888814849
06ac6393eee7a87a46f65b36cf9d1863821846f32cd08b7f9dd84710f2fa08a1,5,2,20310923,abundant,1.0,13.0,20265731,lagrangian_relaxation,0000010000000001000010000010100000000000000000000000001001110001000000000000011000110000110000001000,1,257.09578888148485,0.7259228547267778,0.0426634579198434,300,0,0,False,0,0,0,100,17,0.17,258.90607245244604,258.90607245244604,0.0,14.306857424765663,14.306857424765663,63.15789473684211,60.0,0.2265252425587897,3.78625,3.78625,13.0,0.29125,0,0,0,0,4043.6671729596014,40.436671729596014,6366.030765555715,687.2051853186497,72.39797386563761,93.21675348145,1,258.96210597151565,0000010000000001000010000010100000000000000000000000001001110001000000000000011000110000110000001000,0.0,258.96210597151565
06ac6393eee7a87a46f65b36cf9d1863821846f32cd08b7f9dd84710f2fa08a1,5,2,20310923,abundant,1.0,13.0,20265731,legacy_count_br,1101000001100101000010100010100000000000000010011000001001110000000001001010011100110000110001001000,1,257.09578888148485,1.8667622991412012,0.0036867499584332,517,59,0,False,0,0,0,100,30,0.3,261.6525590786273,261.6525590786273,0.0,27.87370498273311,27.87370498273311,63.15789473684211,60.0,0.4413336622266075,7.084999999999999,7.084999999999999,13.0,0.5449999999999999,0,0,0,0,3881.3602714813105,38.81360271481311,5557.251475461232,814.5147525192541,81.71584870772341,217.49429685775263,1,261.89515614100407,1101000001100101000010100010100000000000000010011000001001110000000001001010011100110000110001001000,0.0,261.89515614100407
06ac6393eee7a87a46f65b36cf9d1863821846f32cd08b7f9dd84710f2fa08a1,5,2,20310923,abundant,1.0,13.0,20265731,random_feasible,0101000101100000011011110111001100100100101111001101011011101110100010010010100101000000011111011010,1,257.09578888148485,36.80701593972168,4.4082989916205406e-05,0,0,0,,0,0,0,100,49,0.49,512.661477281775,512.661477281775,0.0,48.939319190922554,48.939319190922554,63.15789473684211,60.0,0.7748725538562737,12.935,12.935,13.0,0.995,0,0,0,0,3940.282814346661,39.40282814346661,4732.926493818698,4806.922270696301,565.8468126264872,880.4821037253475,0,inf,0101000101100000011011110111001100100000101110001100001011100000100010010010100101000000011101011010,0.08,351.7250768754462
06ac6393eee7a87a46f65b36cf9d1863821846f32cd08b7f9dd84710f2fa08a1,5,2,20310923,abundant,1.0,13.0,20265731,all_local,0000000000000000000000000000000000000000000000000000000000000000000000000000000000000000000000000000,1,257.09578888148485,11.954995528943517,0.0,0,0,0,,0,0,0,100,0,0.0,287.8315789473684,287.8315789473684,0.0,0.0,0.0,63.15789473684211,60.0,0.0,0.0,0.0,13.0,0.0,0,0,0,0,4708.799999999999,47.087999999999994,9417.6,0.0,0.0,0.0,1,287.8315789473684,0000000000000000000000000000000000000000000000000000000000000000000000000000000000000000000000000000,0.0,287.8315789473684
06ac6393eee7a87a46f65b36cf9d1863821846f32cd08b7f9dd84710f2fa08a1,5,2,20310923,abundant,1.0,13.0,20265731,all_offload,1111111111111111111111111111111111111111111111111111111111111111111111111111111111111111111111111111,0,257.09578888148485,14.275872646781165,0.0,0,0,0,,0,0,0,100,100,1.0,inf,inf,0.0,100.0,100.0,63.15789473684211,60.0,1.583333333333333,26.357499999999995,26.357499999999995,13.0,2.0274999999999994,1,1,1,1,inf,inf,85.3401962916972,7328.178159980845,853.401962916972,inf,0,inf,1101110001101101111111100010100000001000000010011010001101110000000001011010111101110001110001001000,0.55,293.798456282443
06ac6393eee7a87a46f65b36cf9d1863821846f32cd08b7f9dd84710f2fa08a1,5,2,20310923,abundant,1.0,13.0,20265731,qdp_oracle,1000000000100001000010000010100000000000000010000000001001110000000000001000011100110000110000001000,1,257.09578888148485,2.2109821054677603e-14,8.491207791958004,0,0,0,,0,0,0,100,20,0.2,257.0185632984764,257.0185632984764,0.0,18.006906758756788,18.006906758756788,63.15789473684211,60.0,0.2851093570136491,4.647499999999999,4.647499999999999,13.0,0.3574999999999999,0,0,0,0,3994.0054167328126,39.94005416732813,6132.125868578056,660.5670008823764,66.29342890277309,119.703835758238,1,257.0957888814849,1000000000100001000010000010100000000000000010000000001001110000000000001000011100110000110000001000,0.0,257.0957888814849
06ac6393eee7a87a46f65b36cf9d1863821846f32cd08b7f9dd84710f2fa08a1,5,2,20310923,moderate,0.6,5.0,20265731,wa_mcbr,0000000000100001000010000010100000000000000010000000001001110000000000001000011000110000110000001000,1,259.30749738613156,0.018648496510952756,0.0191902909427881,372,28,0,True,14136,29760,43896,100,18,0.18,259.18578796205344,259.18578796205344,0.0,16.03354711396152,16.03354711396152,37.89473684210527,36.0,0.4231074932850956,4.16,4.16,5.0,0.8320000000000001,0,0,0,0,4029.48055477577,40.294805547757704,6293.9462186764595,634.4523024807573,63.67881535882874,203.356296173124,1,259.35585433573425,0000000000100001000010000010100000000000000010000000001001110000000000001000011000110000110000001000,0.0,259.35585433573425
06ac6393eee7a87a46f65b36cf9d1863821846f32cd08b7f9dd84710f2fa08a1,5,2,20310923,moderate,0.6,5.0,20265731,wa_mcbr_swap,0000000000100001000010000010100000000000000000000000001001110000000000001000011100110000110000001000,1,259.30749738613156,0.0,0.0492902079131454,372,28,1,True,14136,29760,43896,100,18,0.18,259.16061506357664,259.16061506357664,0.0,15.786877158362111,15.786877158362111,37.89473684210527,36.0,0.4165981472345557,4.07875,4.07875,5.0,0.8157500000000001,0,0,0,0,4030.972387869954,40.30972387869954,6301.143862046576,633.2782324320083,63.5478914764253,198.52109367659492,1,259.30749738613156,0000000000100001000010000010100000000000000000000000001001110000000000001000011100110000110000001000,0.0,259.30749738613156
06ac6393eee7a87a46f65b36cf9d1863821846f32cd08b7f9dd84710f2fa08a1,5,2,20310923,moderate,0.6,5.0,20265731,capacity_greedy,0000000000100001000010000010100000000000000000000000001001110000000000001000011100110000110000001000,1,259.30749738613156,0.0,0.017227166914381,0,0,0,,0,0,0,100,18,0.18,259.16061506357664,259.16061506357664,0.0,15.786877158362111,15.786877158362111,37.89473684210527,36.0,0.4165981472345557,4.07875,4.07875,5.0,0.8157500000000001,0,0,0,0,4030.972387869954,40.30972387869954,6301.143862046576,633.2782324320083,63.5478914764253,198.52109367659492,1,259.30749738613156,0000000000100001000010000010100000000000000000000000001001110000000000001000011100110000110000001000,0.0,259.30749738613156
06ac6393eee7a87a46f65b36cf9d1863821846f32cd08b7f9dd84710f2fa08a1,5,2,20310923,moderate,0.6,5.0,20265731,lagrangian_relaxation,1000000000100001000010000010100000000000000010000000001001110000000000001000011100110000110001001000,1,259.30749738613156,0.0,0.0091015830403193,300,0,0,False,0,0,0,100,21,0.21,260.06832619684445,260.06832619684445,0.0,18.99358658115442,18.99358658115442,37.89473684210527,36.0,0.501219645891575,4.891249999999999,4.891249999999999,5.0,0.9782499999999998,0,0,0,0,3981.537833329788,39.81537833329788,6056.62926175551,678.1980065132282,68.06008359571818,271.2226282385912,0,inf,0000000000100001000010000010100000000000000000000000001001110000000000001000011100110000110000001000,0.03,259.30749738613156
06ac6393eee7a87a46f65b36cf9d1863821846f32cd08b7f9dd84710f2fa08a1,5,2,20310923,moderate,0.6,5.0,20265731,legacy_count_br,1101110000000101001010100000000000000000000000000000000001110000000000000010111100100000010000001000,1,259.30749738613156,2.387039437771188,0.0018660409841686,222,9,0,False,0,0,0,100,21,0.21,267.6628237250518,267.6628237250518,0.0,19.24025653675383,19.24025653675383,37.89473684210527,36.0,0.5077289919421148,4.89125,4.89125,5.0,0.97825,0,0,0,0,4131.618917726331,41.31618917726331,6733.382976727003,656.3838350358241,65.85603461921042,277.85034240855197,0,inf,1100010000000101001010100000000000000000000000000000000001110000000000000010011100100000010000001000,0.03,265.497269613836
06ac6393eee7a87a46f65b36cf9d1863821846f32cd08b7f9dd84710f2fa08a1,5,2,20310923,moderate,0.6,5.0,20265731,random_feasible,0101000001100000001011100010000000000000000010001000001001100000000000000010100101000000010001001000,1,259.30749738613156,3.9523613643360402,0.0003484999760985,0,0,0,,0,0,0,100,21,0.21,271.53268016089135,271.53268016089135,0.0,18.99358658115442,18.99358658115442,37.89473684210527,36.0,0.501219645891575,4.858750000000001,4.858750000000001,5.0,0.97175,0,0,0,0,4255.240886784761,42.55240886784761,7301.918142992296,530.7243615119402,53.24490439504069,271.2226282385912,0,inf,0100000001100000001011100010000000000000000010001000001001100000000000000010000100000000010001001000,0.03,269.5562667276477
06ac6393eee7a87a46f65b36cf9d1863821846f32cd08b7f9dd84710f2fa08a1,5,2,20310923,moderate,0.6,5.0,20265731,all_local,0000000000000000000000000000000000000000000000000000000000000000000000000000000000000000000000000000,1,259.30749738613156,11.000099051807213,0.0,0,0,0,,0,0,0,100,0,0.0,287.8315789473684,287.8315789473684,0.0,0.0,0.0,37.89473684210527,36.0,0.0,0.0,0.0,5.0,0.0,0,0,0,0,4708.799999999999,47.087999999999994,9417.6,0.0,0.0,0.0,1,287.8315789473684,0000000000000000000000000000000000000000000000000000000000000000000000000000000000000000000000000000,0.0,287.8315789473684
06ac6393eee7a87a46f65b36cf9d1863821846f32cd08b7f9dd84710f2fa08a1,5,2,20310923,moderate,0.6,5.0,20265731,all_offload,1111111111111111111111111111111111111111111111111111111111111111111111111111111111111111111111111111,0,259.30749738613156,0.0,0.0,0,0,0,,0,0,0,100,100,1.0,inf,inf,0.0,100.0,100.0,37.89473684210527,36.0,2.6388888888888884,26.357499999999995,26.357499999999995,5.0,5.271499999999999,1,1,1,1,inf,inf,85.3401962916972,7328.178159980845,853.401962916972,inf,0,inf,0000000000100001000010000010100000000000000000000000001001110000000000001000011100110000110000001000,0.82,259.30749738613156
06ac6393eee7a87a46f65b36cf9d1863821846f32cd08b7f9dd84710f2fa08a1,5,2,20310923,moderate,0.6,5.0,20265731,qdp_oracle,0000000000100001000010000010100000000000000000000000001001110000000000001000011100110000110000001000,1,259.30749738613156,0.0,1.6708141251001507,0,0,0,,0,0,0,100,18,0.18,259.16061506357664,259.16061506357664,0.0,15.786877158362111,15.786877158362111,37.89473684210527,36.0,0.4165981472345557,4.07875,4.07875,5.0,0.8157500000000001,0,0,0,0,4030.972387869954,40.30972387869954,6301.143862046576,633.2782324320083,63.5478914764253,198.52109367659492,1,259.30749738613156,0000000000100001000010000010100000000000000000000000001001110000000000001000011100110000110000001000,0.0,259.30749738613156
06ac6393eee7a87a46f65b36cf9d1863821846f32cd08b7f9dd84710f2fa08a1,5,2,20310923,highly_constrained,0.3,2.0,20265731,wa_mcbr,1000010000000000000000000000000000000000000000000000000001110000000000000010000100100000000000001000,1,267.78609733665485,2.4116713291706913,0.0052699170773848,100,0,0,True,3800,8000,11800,100,9,0.09,273.8204195259752,273.8204195259752,0.0,7.646768623581647,7.646768623581647,18.947368421052634,18.0,0.4035794551334758,1.96625,1.96625,2.0,0.983125,0,0,0,0,4428.573241142912,44.28573241142912,8136.2880881523615,318.97058708957246,32.0097947068551,189.1673176784155,0,inf,1000010000000000000000000000000000000000000000000000000001110000000000000000000100100000000000001000,0.01,274.2442178696281
06ac6393eee7a87a46f65b36cf9d1863821846f32cd08b7f9dd84710f2fa08a1,5,2,20310923,highly_constrained,0.3,2.0,20265731,wa_mcbr_swap,0000000000000000000010000000000000000000000000000000000000110000000000000000001000110000110000001000,1,267.78609733665485,0.0,0.0391924580326303,100,0,5,True,3800,8000,11800,100,9,0.09,266.0959499222711,266.0959499222711,0.0,7.153428712382832,7.153428712382832,18.947368421052634,18.0,0.3775420709313161,1.90125,1.90125,2.0,0.950625,0,0,0,0,4270.025217541023,42.700252175410235,7419.969566438731,408.9461571445737,41.0629376369108,171.63356963585923,0,inf,0000000000000000000010000000000000000000000000000000000000100000000000000000001000110000110000001000,0.01,267.78609733665485
06ac6393eee7a87a46f65b36cf9d1863821846f32cd08b7f9dd84710f2fa08a1,5,2,20310923,highly_constrained,0.3,2.0,20265731,capacity_greedy,0000000000000000000010000000000000000000000000000000000000110000000000000000001000110000110000001000,1,267.78609733665485,0.0,0.0086352080106735,0,0,0,,0,0,0,100,9,0.09,266.0959499222711,266.0959499222711,0.0,7.153428712382832,7.153428712382832,18.947368421052634,18.0,0.3775420709313161,1.90125,1.90125,2.0,0.950625,0,0,0,0,4270.025217541023,42.700252175410235,7419.969566438731,408.9461571445737,41.0629376369108,171.63356963585923,0,inf,0000000000000000000010000000000000000000000000000000000000100000000000000000001000110000110000001000,0.01,267.78609733665485
06ac6393eee7a87a46f65b36cf9d1863821846f32cd08b7f9dd84710f2fa08a1,5,2,20310923,highly_constrained,0.3,2.0,20265731,lagrangian_relaxation,0000000000000000000010000000000000000000000000000000000000110000000000000000001000110000110000001000,1,267.78609733665485,0.0,0.0096998329972848,300,0,0,True,0,0,0,100,9,0.09,266.0959499222711,266.0959499222711,0.0,7.153428712382832,7.153428712382832,18.947368421052634,18.0,0.3775420709313161,1.90125,1.90125,2.0,0.950625,0,0,0,0,4270.025217541023,42.700252175410235,7419.969566438731,408.9461571445737,41.0629376369108,171.63356963585923,0,inf,0000000000000000000010000000000000000000000000000000000000100000000000000000001000110000110000001000,0.01,267.78609733665485
06ac6393eee7a87a46f65b36cf9d1863821846f32cd08b7f9dd84710f2fa08a1,5,2,20310923,highly_constrained,0.3,2.0,20265731,legacy_count_br,1000010000000000000000000000000000000000000000000000000001110000000000000010000100100000000000001000,1,267.78609733665485,2.4116713291706913,0.00157412502449,100,0,0,True,0,0,0,100,9,0.09,273.8204195259752,273.8204195259752,0.0,7.646768623581647,7.646768623581647,18.947368421052634,18.0,0.4035794551334758,1.96625,1.96625,2.0,0.983125,0,0,0,0,4428.573241142912,44.28573241142912,8136.2880881523615,318.97058708957246,32.0097947068551,189.1673176784155,0,inf,1000010000000000000000000000000000000000000000000000000001110000000000000000000100100000000000001000,0.01,274.2442178696281
06ac6393eee7a87a46f65b36cf9d1863821846f32cd08b7f9dd84710f2fa08a1,5,2,20310923,highly_constrained,0.3,2.0,20265731,random_feasible,0000000000100000000010000010000000000000000000000000001001100000000000000000000100000000010000001000,1,267.78609733665485,1.7841397696581278,0.0004706670297309,0,0,0,,0,0,0,100,9,0.09,271.94875297023424,271.94875297023424,0.0,7.40009866798224,7.40009866798224,18.947368421052634,18.0,0.3905607630323959,1.93375,1.93375,2.0,0.966875,0,0,0,0,4400.175952361803,44.00175952361803,8010.256279296288,283.78153903108097,28.47547736531886,180.21316783594168,0,inf,0000000000100000000010000010000000000000000000000000001001100000000000000000000000000000010000001000,0.01,272.56377559685353
06ac6393eee7a87a46f65b36cf9d1863821846f32cd08b7f9dd84710f2fa08a1,5,2,20310923,highly_constrained,0.3,2.0,20265731,all_local,0000000000000000000000000000000000000000000000000000000000000000000000000000000000000000000000000000,1,267.78609733665485,7.485631931635658,0.0,0,0,0,,0,0,0,100,0,0.0,287.8315789473684,287.8315789473684,0.0,0.0,0.0,18.947368421052634,18.0,0.0,0.0,0.0,2.0,0.0,0,0,0,0,4708.799999999999,47.087999999999994,9417.6,0.0,0.0,0.0,1,287.8315789473684,0000000000000000000000000000000000000000000000000000000000000000000000000000000000000000000000000000,0.0,287.8315789473684
06ac6393eee7a87a46f65b36cf9d1863821846f32cd08b7f9dd84710f2fa08a1,5,2,20310923,highly_constrained,0.3,2.0,20265731,all_offload,1111111111111111111111111111111111111111111111111111111111111111111111111111111111111111111111111111,0,267.78609733665485,0.0,0.0,0,0,0,,0,0,0,100,100,1.0,inf,inf,0.0,100.0,100.0,18.947368421052634,18.0,5.277777777777777,26.357499999999995,26.357499999999995,2.0,13.178749999999996,1,1,1,1,inf,inf,85.3401962916972,7328.178159980845,853.401962916972,inf,0,inf,0000000000000000000010000000000000000000000000000000000000100000000000000000001000110000110000001000,0.92,267.78609733665485
06ac6393eee7a87a46f65b36cf9d1863821846f32cd08b7f9dd84710f2fa08a1,5,2,20310923,highly_constrained,0.3,2.0,20265731,qdp_oracle,0000000000000000000010000000000000000000000000000000000000100000000000000000001000110000110000001000,1,267.78609733665485,0.0,0.3323686249786988,0,0,0,,0,0,0,100,8,0.08,267.75485829841836,267.75485829841836,0.0,6.1667488899852,6.1667488899852,18.947368421052634,18.0,0.3254673025269966,1.6575,1.6575,2.0,0.82875,0,0,0,0,4314.48550023483,43.1448550023483,7625.097288492912,370.06057392741866,37.161061614008965,140.6269554264353,1,267.78609733665485,0000000000000000000010000000000000000000000000000000000000100000000000000000001000110000110000001000,0.0,267.78609733665485
06ac6393eee7a87a46f65b36cf9d1863821846f32cd08b7f9dd84710f2fa08a1,5,3,20311020,abundant,1.0,13.0,20265732,wa_mcbr,1000000000100001010010000010000000000000000010000000001001110000000000000000011010110000110001001000,1,253.26767669094025,-2.2444008490737414e-14,0.0468062920263037,956,65,0,True,36328,76480,112808,100,20,0.2,253.19045110793172,253.19045110793172,0.0,18.006906758756788,18.006906758756788,63.15789473684211,60.0,0.2851093570136491,4.647499999999999,4.647499999999999,13.0,0.3574999999999999,0,0,0,0,3967.446633980389,39.674466339803885,6023.868755994136,532.6278632611861,53.43779970681436,119.703835758238,1,253.2676766909402,1000000000100001010010000010000000000000000010000000001001110000000000000000011010110000110001001000,0.0,253.2676766909402
06ac6393eee7a87a46f65b36cf9d1863821846f32cd08b7f9dd84710f2fa08a1,5,3,20311020,abundant,1.0,13.0,20265732,wa_mcbr_swap,1000000000100001010010000010000000000000000010000000001001110000000000000000011010110000110001001000,1,253.26767669094025,-2.2444008490737414e-14,0.0635442920029163,956,65,0,True,36328,76480,112808,100,20,0.2,253.19045110793172,253.19045110793172,0.0,18.006906758756788,18.006906758756788,63.15789473684211,60.0,0.2851093570136491,4.647499999999999,4.647499999999999,13.0,0.3574999999999999,0,0,0,0,3967.446633980389,39.674466339803885,6023.868755994136,532.6278632611861,53.43779970681436,119.703835758238,1,253.2676766909402,1000000000100001010010000010000000000000000010000000001001110000000000000000011010110000110001001000,0.0,253.2676766909402
06ac6393eee7a87a46f65b36cf9d1863821846f32cd08b7f9dd84710f2fa08a1,5,3,20311020,abundant,1.0,13.0,20265732,capacity_greedy,1000000000100001000010000010000000000000000010000000001001110000000000000000011010110000110000011000,1,253.26767669094025,0.1988144644060894,0.0188954160548746,0,0,0,,0,0,0,100,19,0.19,253.6943757071552,253.6943757071552,0.0,17.266896891958563,17.266896891958563,63.15789473684211,60.0,0.2733925341226772,4.484999999999999,4.484999999999999,13.0,0.345,0,0,0,0,3917.528845727351,39.17528845727351,5786.579793901573,724.295573590725,72.62073166171773,114.0647278488175,1,253.7712094658671,1000000000100001000010000010000000000000000010000000001001110000000000000000011010110000110000011000,0.0,253.7712094658671
06ac6393eee7a87a46f65b36cf9d1863821846f32cd08b7f9dd84710f2fa08a1,5,3,20311020,abundant,1.0,13.0,20265732,lagrangian_relaxation,0010000000000001000010000010000000000000000000000000001001110000100000000000011010110000110000011000,1,253.26767669094025,1.3048965304149185,0.0341799999587237,300,0,0,False,0,0,0,100,18,0.18,256.4991799185853,256.4991799185853,0.0,16.033547113961518,16.033547113961518,63.15789473684211,60.0,0.2538644959710573,4.241249999999999,4.241249999999999,13.0,0.3262499999999999,0,0,0,0,3910.5416111857257,39.10541611185725,5743.728146203278,925.029727409924,96.00812240434917,105.05978290814922,1,256.5725578167428,0010000000000001000010000010000000000000000000000000001001110000100000000000011010110000110000011000,0.0,256.5725578167428
06ac6393eee7a87a46f65b36cf9d1863821846f32cd08b7f9dd84710f2fa08a1,5,3,20311020,abundant,1.0,13.0,20265732,legacy_count_br,1000100001100011010010000010000000001000000010010001001001110000000101000000111010110100110001001000,1,253.26767669094025,13.677813783466704,0.0044339590240269,632,55,0,False,0,0,0,100,30,0.3,287.64173510630377,287.64173510630377,0.0,28.120374938332517,28.120374938332517,63.15789473684211,60.0,0.4452392698569315,7.16625,7.16625,13.0,0.55125,0,0,0,0,3864.884504631268,38.64884504631268,5398.8663834177905,1462.172090050722,202.2127805930288,220.64473099155188,1,287.90915788243956,1000100001100011010010000010000000001000000010010001001001110000000101000000111010110100110001001000,0.0,287.90915788243956
06ac6393eee7a87a46f65b36cf9d1863821846f32cd08b7f9dd84710f2fa08a1,5,3,20311020,abundant,1.0,13.0,20265732,random_feasible,0000011001010111010001111100101100001000100001101110100010100111111100011111110001100001111100011010,1,253.26767669094025,29.006660004161933,8.762499783188105e-05,0,0,0,,0,0,0,100,50,0.5,407.5786904251688,407.5786904251688,0.0,48.34731129748397,48.34731129748397,63.15789473684211,60.0,0.7654990955434962,12.853749999999998,12.853749999999998,13.0,0.9887499999999998,0,0,0,0,3887.71869208315,38.8771869208315,4915.645504294153,2822.279872518542,320.9100858830871,836.0939691444601,0,inf,0000011001010111010001110100100000001000100001001110000010100010011100011111110001100001111100011010,0.08,326.73217056912137
06ac6393eee7a87a46f65b36cf9d1863821846f32cd08b7f9dd84710f2fa08a1,5,3,20311020,abundant,1.0,13.0,20265732,all_local,0000000000000000000000000000000000000000000000000000000000000000000000000000000000000000000000000000,1,253.26767669094025,13.647182580904758,0.0,0,0,0,,0,0,0,100,0,0.0,287.8315789473684,287.8315789473684,0.0,0.0,0.0,63.15789473684211,60.0,0.0,0.0,0.0,13.0,0.0,0,0,0,0,4708.799999999999,47.087999999999994,9417.6,0.0,0.0,0.0,1,287.8315789473684,0000000000000000000000000000000000000000000000000000000000000000000000000000000000000000000000000000,0.0,287.8315789473684
06ac6393eee7a87a46f65b36cf9d1863821846f32cd08b7f9dd84710f2fa08a1,5,3,20311020,abundant,1.0,13.0,20265732,all_offload,1111111111111111111111111111111111111111111111111111111111111111111111111111111111111111111111111111,0,253.26767669094025,12.58469197521444,0.0,0,0,0,,0,0,0,100,100,1.0,inf,inf,0.0,100.0,100.0,63.15789473684211,60.0,1.583333333333333,26.357499999999995,26.357499999999995,13.0,2.0274999999999994,1,1,1,1,inf,inf,80.86271748039931,6703.052675516684,808.6271748039932,inf,0,inf,1100101011110011011110000010100000001000000010011100001101110000000101010100111110110100110101001000,0.57,285.14063367527706
06ac6393eee7a87a46f65b36cf9d1863821846f32cd08b7f9dd84710f2fa08a1,5,3,20311020,abundant,1.0,13.0,20265732,qdp_oracle,1000000000100001010010000010000000000000000010000000001001110000000000000000011010110000110001001000,1,253.26767669094025,-2.2444008490737414e-14,12.211846166988837,0,0,0,,0,0,0,100,20,0.2,253.19045110793172,253.19045110793172,0.0,18.006906758756788,18.006906758756788,63.15789473684211,60.0,0.2851093570136491,4.647499999999999,4.647499999999999,13.0,0.3574999999999999,0,0,0,0,3967.446633980389,39.674466339803885,6023.868755994136,532.6278632611861,53.43779970681436,119.703835758238,1,253.2676766909402,1000000000100001010010000010000000000000000010000000001001110000000000000000011010110000110001001000,0.0,253.2676766909402
06ac6393eee7a87a46f65b36cf9d1863821846f32cd08b7f9dd84710f2fa08a1,5,3,20311020,moderate,0.6,5.0,20265732,wa_mcbr,0000000000100001000010000010000000000000000010000000001001110000000000000000011010110000110000001000,1,255.2597544073544,1.1134426379274592e-14,0.0274251659866422,562,25,0,True,21356,44960,66316,100,17,0.17,255.11712746774924,255.11712746774924,0.0,15.046867291563888,15.046867291563888,37.89473684210527,36.0,0.3970701090829359,3.91625,3.91625,5.0,0.78325,0,0,0,0,4010.618875940931,40.106188759409314,6225.230804551608,487.0566773578824,48.87085597699081,184.6419074027774,1,255.25975440735442,0000000000100001000010000010000000000000000010000000001001110000000000000000011010110000110000001000,0.0,255.25975440735442
06ac6393eee7a87a46f65b36cf9d1863821846f32cd08b7f9dd84710f2fa08a1,5,3,20311020,moderate,0.6,5.0,20265732,wa_mcbr_swap,0000000000100001000010000010000000000000000010000000001001110000000000000000011010110000110000001000,1,255.2597544073544,1.1134426379274592e-14,0.0418052499881014,562,25,0,True,21356,44960,66316,100,17,0.17,255.11712746774924,255.11712746774924,0.0,15.046867291563888,15.046867291563888,37.89473684210527,36.0,0.3970701090829359,3.91625,3.91625,5.0,0.78325,0,0,0,0,4010.618875940931,40.106188759409314,6225.230804551608,487.0566773578824,48.87085597699081,184.6419074027774,1,255.25975440735442,0000000000100001000010000010000000000000000010000000001001110000000000000000011010110000110000001000,0.0,255.25975440735442
06ac6393eee7a87a46f65b36cf9d1863821846f32cd08b7f9dd84710f2fa08a1,5,3,20311020,moderate,0.6,5.0,20265732,capacity_greedy,0000000000100001000010000010000000000000000010000000001001110000000000000000011010110000110000011000,1,255.2597544073544,1.1134426379274592e-14,0.0176130000036209,0,0,0,,0,0,0,100,18,0.18,255.59284008224267,255.59284008224267,0.0,16.280217069560926,16.280217069560926,37.89473684210527,36.0,0.4296168393356355,4.24125,4.24125,5.0,0.84825,0,0,0,0,3934.944361989683,39.34944361989683,5862.082872680738,710.8293620555784,71.27070448545935,208.3018595934841,0,inf,0000000000100001000010000010000000000000000010000000001001110000000000000000011010110000110000001000,0.01,255.25975440735442
06ac6393eee7a87a46f65b36cf9d1863821846f32cd08b7f9dd84710f2fa08a1,5,3,20311020,moderate,0.6,5.0,20265732,lagrangian_relaxation,1000000000100001010010000010000000000000000010000000001001110000000001000000011010110000110001001000,1,255.2597544073544,0.027640097313538347,0.0103833329631015,300,0,0,False,0,0,0,100,21,0.21,256.25842233654447,256.25842233654447,0.0,18.99358658115442,18.99358658115442,37.89473684210527,36.0,0.501219645891575,4.891249999999999,4.891249999999999,5.0,0.9782499999999998,0,0,0,0,3959.5450642440696,39.595450642440696,5969.94866315518,545.2090024313915,54.69824548475418,271.2226282385912,0,inf,1000000000100001000010000010000000000000000010000000001001110000000000000000011010110000110000001000,0.03,255.33030845187488
06ac6393eee7a87a46f65b36cf9d1863821846f32cd08b7f9dd84710f2fa08a1,5,3,20311020,moderate,0.6,5.0,20265732,legacy_count_br,0110100001000000010010000000000000001000000000000100000000110000000100010000010110100100100101000000,1,255.2597544073544,4.6632119594576125,0.0010488340631127,100,0,0,False,0,0,0,100,20,0.2,269.6583461917142,269.6583461917142,0.0,19.240256536753822,19.240256536753822,37.89473684210527,36.0,0.5077289919421148,4.907500000000001,4.907500000000001,5.0,0.9815000000000002,0,0,0,0,4194.285382212353,41.94285382212353,7024.861114542817,596.4187682091284,63.055727140834755,277.85034240855197,0,inf,0000100001000000010010000000000000001000000000000100000000110000000100000000010110100100100001000000,0.04,267.1630578025603
06ac6393eee7a87a46f65b36cf9d1863821846f32cd08b7f9dd84710f2fa08a1,5,3,20311020,moderate,0.6,5.0,20265732,random_feasible,0000001001000011010000000000100000001000000000001100000000100000000100010100110000100000110100001000,1,255.2597544073544,5.818882852318374,0.0004132919711992,0,0,0,,0,0,0,100,20,0.2,272.3048548879723,272.3048548879723,0.0,18.993586581154418,18.993586581154418,37.89473684210527,36.0,0.5012196458915749,4.907499999999999,4.907499999999999,5.0,0.9814999999999998,0,0,0,0,4243.4852833312,42.434852833312,7244.449997387998,623.0415383214103,62.499869399864,271.2226282385911,0,inf,0000000001000011010000000000100000001000000000000100000000100000000100010000110000100000110100001000,0.03,270.11302048543394
06ac6393eee7a87a46f65b36cf9d1863821846f32cd08b7f9dd84710f2fa08a1,5,3,20311020,moderate,0.6,5.0,20265732,all_local,0000000000000000000000000000000000000000000000000000000000000000000000000000000000000000000000000000,1,255.2597544073544,12.76026634736729,0.0,0,0,0,,0,0,0,100,0,0.0,287.8315789473684,287.8315789473684,0.0,0.0,0.0,37.89473684210527,36.0,0.0,0.0,0.0,5.0,0.0,0,0,0,0,4708.799999999999,47.087999999999994,9417.6,0.0,0.0,0.0,1,287.8315789473684,0000000000000000000000000000000000000000000000000000000000000000000000000000000000000000000000000000,0.0,287.8315789473684
06ac6393eee7a87a46f65b36cf9d1863821846f32cd08b7f9dd84710f2fa08a1,5,3,20311020,moderate,0.6,5.0,20265732,all_offload,1111111111111111111111111111111111111111111111111111111111111111111111111111111111111111111111111111,0,255.2597544073544,0.027640097313538347,0.0,0,0,0,,0,0,0,100,100,1.0,inf,inf,0.0,100.0,100.0,37.89473684210527,36.0,2.6388888888888884,26.357499999999995,26.357499999999995,5.0,5.271499999999999,1,1,1,1,inf,inf,80.86271748039931,6703.052675516684,808.6271748039932,inf,0,inf,1000000000100001000010000010000000000000000010000000001001110000000000000000011010110000110000001000,0.82,255.33030845187488
06ac6393eee7a87a46f65b36cf9d1863821846f32cd08b7f9dd84710f2fa08a1,5,3,20311020,moderate,0.6,5.0,20265732,qdp_oracle,0000000000100001000010000010000000000000000010000000001001110000000000000000011010110000110000001000,1,255.2597544073544,1.1134426379274592e-14,2.0219308340456337,0,0,0,,0,0,0,100,17,0.17,255.11712746774924,255.11712746774924,0.0,15.046867291563888,15.046867291563888,37.89473684210527,36.0,0.3970701090829359,3.91625,3.91625,5.0,0.78325,0,0,0,0,4010.618875940931,40.106188759409314,6225.230804551608,487.0566773578824,48.87085597699081,184.6419074027774,1,255.25975440735442,0000000000100001000010000010000000000000000010000000001001110000000000000000011010110000110000001000,0.0,255.25975440735442
06ac6393eee7a87a46f65b36cf9d1863821846f32cd08b7f9dd84710f2fa08a1,5,3,20311020,highly_constrained,0.3,2.0,20265732,wa_mcbr,0000000000000000000010000000000000000000000000000000000000110000000000000000010010100000100001000000,1,265.78350108159617,1.498437956730391,0.0054226670181378,100,0,0,True,3800,8000,11800,100,8,0.08,269.27719016355434,269.27719016355434,0.0,7.40009866798224,7.40009866798224,18.947368421052634,18.0,0.3905607630323959,1.90125,1.90125,2.0,0.950625,0,0,0,0,4353.905613048477,43.53905613048477,7805.007021983068,257.98846322374345,25.877747883505776,180.21316783594168,0,inf,0000000000000000000010000000000000000000000000000000000000110000000000000000010010100000100000000000,0.01,269.76610194452974
06ac6393eee7a87a46f65b36cf9d1863821846f32cd08b7f9dd84710f2fa08a1,5,3,20311020,highly_constrained,0.3,2.0,20265732,wa_mcbr_swap,0000000000000000000010000000000000000000000000000000000000110000000000000000001010010000010000001000,1,265.78350108159617,0.36974449864892706,0.0397252500988543,100,0,4,False,3800,8000,11800,100,8,0.08,265.017698579606,265.017698579606,0.0,6.906758756783423,6.906758756783423,18.947368421052634,18.0,0.3645233788302362,1.7875,1.7875,2.0,0.89375,0,0,0,0,4268.5493971057585,42.68549397105758,7419.845244023741,305.2691348988559,30.655502967650623,163.4055033209695,0,inf,0000000000000000000000000000000000000000000000000000000000110000000000000000001010010000010000001000,0.01,266.7662209551619
06ac6393eee7a87a46f65b36cf9d1863821846f32cd08b7f9dd84710f2fa08a1,5,3,20311020,highly_constrained,0.3,2.0,20265732,capacity_greedy,0000000000000000000010000000000000000000000000000000000000110000000000000000001010010000010000010000,1,265.78350108159617,0.3204230501400192,0.0079023339785635,0,0,0,,0,0,0,100,8,0.08,265.1951317953906,265.1951317953906,0.0,7.646768623581648,7.646768623581648,18.947368421052634,18.0,0.4035794551334758,1.95,1.95,2.0,0.975,0,0,0,0,4225.525345438266,42.25525345438266,7214.882526382161,601.5008621049527,60.31579777016435,189.1673176784155,0,inf,0000000000000000000010000000000000000000000000000000000000110000000000000000001010010000010000000000,0.01,266.63513268253075
06ac6393eee7a87a46f65b36cf9d1863821846f32cd08b7f9dd84710f2fa08a1,5,3,20311020,highly_constrained,0.3,2.0,20265732,lagrangian_relaxation,0000000000000000000000000000000000000000000000000000000000110000000000000000001010110000110000001000,1,265.78350108159617,0.0,0.0118294999701902,300,0,0,True,0,0,0,100,9,0.09,263.84894521166706,263.84894521166706,0.0,7.153428712382832,7.153428712382832,18.947368421052634,18.0,0.3775420709313161,1.90125,1.90125,2.0,0.950625,0,0,0,0,4241.253734037387,42.41253734037387,7293.89205068908,323.2257678516613,32.450076564473456,171.63356963585923,0,inf,0000000000000000000000000000000000000000000000000000000000100000000000000000001010110000110000001000,0.01,265.78350108159617
06ac6393eee7a87a46f65b36cf9d1863821846f32cd08b7f9dd84710f2fa08a1,5,3,20311020,highly_constrained,0.3,2.0,20265732,legacy_count_br,0000000000000000000010000000000000000000000000000000000000110000000000000000010010100000100001000000,1,265.78350108159617,1.498437956730391,0.0015785420546308,100,0,0,True,0,0,0,100,8,0.08,269.27719016355434,269.27719016355434,0.0,7.40009866798224,7.40009866798224,18.947368421052634,18.0,0.3905607630323959,1.90125,1.90125,2.0,0.950625,0,0,0,0,4353.905613048477,43.53905613048477,7805.007021983068,257.98846322374345,25.877747883505776,180.21316783594168,0,inf,0000000000000000000010000000000000000000000000000000000000110000000000000000010010100000100000000000,0.01,269.76610194452974
06ac6393eee7a87a46f65b36cf9d1863821846f32cd08b7f9dd84710f2fa08a1,5,3,20311020,highly_constrained,0.3,2.0,20265732,random_feasible,0000000000000011000000000000100000000000000000000000000000100000000000000000010000100000110000001000,1,265.78350108159617,2.4382187339628643,0.0005523749860003,0,0,0,,0,0,0,100,9,0.09,271.19007086630353,271.19007086630353,0.0,7.400098667982239,7.400098667982239,18.947368421052634,18.0,0.3905607630323959,1.9825,1.9825,2.0,0.99125,0,0,0,0,4371.372393208831,43.713723932088314,7877.136477738167,372.27496647869384,37.386415351922096,180.21316783594165,0,inf,0000000000000001000000000000000000000000000000000000000000100000000000000000010000100000110000001000,0.02,272.26388419675004
06ac6393eee7a87a46f65b36cf9d1863821846f32cd08b7f9dd84710f2fa08a1,5,3,20311020,highly_constrained,0.3,2.0,20265732,all_local,0000000000000000000000000000000000000000000000000000000000000000000000000000000000000000000000000000,1,265.78350108159617,8.29550283446806,0.0,0,0,0,,0,0,0,100,0,0.0,287.8315789473684,287.8315789473684,0.0,0.0,0.0,18.947368421052634,18.0,0.0,0.0,0.0,2.0,0.0,0,0,0,0,4708.799999999999,47.087999999999994,9417.6,0.0,0.0,0.0,1,287.8315789473684,0000000000000000000000000000000000000000000000000000000000000000000000000000000000000000000000000000,0.0,287.8315789473684
06ac6393eee7a87a46f65b36cf9d1863821846f32cd08b7f9dd84710f2fa08a1,5,3,20311020,highly_constrained,0.3,2.0,20265732,all_offload,1111111111111111111111111111111111111111111111111111111111111111111111111111111111111111111111111111,0,265.78350108159617,0.0,0.0,0,0,0,,0,0,0,100,100,1.0,inf,inf,0.0,100.0,100.0,18.947368421052634,18.0,5.277777777777777,26.357499999999995,26.357499999999995,2.0,13.178749999999996,1,1,1,1,inf,inf,80.86271748039931,6703.052675516684,808.6271748039932,inf,0,inf,0000000000000000000000000000000000000000000000000000000000100000000000000000001010110000110000001000,0.92,265.78350108159617
06ac6393eee7a87a46f65b36cf9d1863821846f32cd08b7f9dd84710f2fa08a1,5,3,20311020,highly_constrained,0.3,2.0,20265732,qdp_oracle,0000000000000000000000000000000000000000000000000000000000100000000000000000001010110000110000001000,1,265.78350108159617,0.0,0.3471076249843463,0,0,0,,0,0,0,100,8,0.08,265.7522620433597,265.7522620433597,0.0,6.1667488899852,6.1667488899852,18.947368421052634,18.0,0.3254673025269966,1.6575,1.6575,2.0,0.82875,0,0,0,0,4285.957765781838,42.859577657818384,7499.044279529305,304.0937673033566,30.534941163106087,140.6269554264353,1,265.78350108159617,0000000000000000000000000000000000000000000000000000000000100000000000000000001010110000110000001000,0.0,265.78350108159617
06ac6393eee7a87a46f65b36cf9d1863821846f32cd08b7f9dd84710f2fa08a1,5,4,20311117,abundant,1.0,13.0,20265733,wa_mcbr,1000010010100001000010000010100000000000000010000000001000110000000000000000011110110000110000001000,1,253.2099814390185,-1.1224561239205697e-14,0.0311980419792234,618,61,0,True,23484,49440,72924,100,21,0.21,253.12289351609456,253.12289351609456,0.0,18.993586581154418,18.993586581154418,63.15789473684211,60.0,0.3007317875349449,4.891249999999999,4.891249999999999,13.0,0.37625,0,0,0,0,3912.444422688596,39.12444422688596,5761.381825239976,655.551138221874,65.80120190362524,127.51660885413604,1,253.20998143901846,1000010010100001000010000010100000000000000010000000001000110000000000000000011110110000110000001000,0.0,253.20998143901846
06ac6393eee7a87a46f65b36cf9d1863821846f32cd08b7f9dd84710f2fa08a1,5,4,20311117,abundant,1.0,13.0,20265733,wa_mcbr_swap,1000010010100001000010000010100000000000000010000000001000110000000000000000011110110000110000001000,1,253.2099814390185,-1.1224561239205697e-14,0.0483553329249843,618,61,0,True,23484,49440,72924,100,21,0.21,253.12289351609456,253.12289351609456,0.0,18.993586581154418,18.993586581154418,63.15789473684211,60.0,0.3007317875349449,4.891249999999999,4.891249999999999,13.0,0.37625,0,0,0,0,3912.444422688596,39.12444422688596,5761.381825239976,655.551138221874,65.80120190362524,127.51660885413604,1,253.20998143901846,1000010010100001000010000010100000000000000010000000001000110000000000000000011110110000110000001000,0.0,253.20998143901846
06ac6393eee7a87a46f65b36cf9d1863821846f32cd08b7f9dd84710f2fa08a1,5,4,20311117,abundant,1.0,13.0,20265733,capacity_greedy,1000010010100001000010000010100000000000000000000000001000110000000000000000011110110000110000011000,1,253.2099814390185,0.06564446539217733,0.0198051249608397,0,0,0,,0,0,0,100,21,0.21,253.28911185472984,253.28911185472984,0.0,18.99358658115442,18.99358658115442,63.15789473684211,60.0,0.300731787534945,4.891249999999999,4.891249999999999,13.0,0.37625,0,0,0,0,3855.7694879397104,38.557694879397104,5491.71414132996,813.8875787511324,81.625777617151,127.5166088541361,1,253.37619977765377,1000010010100001000010000010100000000000000000000000001000110000000000000000011110110000110000011000,0.0,253.37619977765377
06ac6393eee7a87a46f65b36cf9d1863821846f32cd08b7f9dd84710f2fa08a1,5,4,20311117,abundant,1.0,13.0,20265733,lagrangian_relaxation,0000010000000000000010000000100000000000000000000000000000110000100000000000001010110000110000011000,1,253.2099814390185,1.7402484987001632,0.0452708330703899,300,0,0,False,0,0,0,100,14,0.14,257.5848727892935,257.5848727892935,0.0,12.3334977799704,12.3334977799704,63.15789473684211,60.0,0.195280381516198,3.23375,3.23375,13.0,0.24875,0,0,0,0,4020.223646171826,40.202236461718265,6265.112202160214,792.4503720947222,79.44301144395084,80.66721160723408,1,257.61646433957,0000010000000000000010000000100000000000000000000000000000110000100000000000001010110000110000011000,0.0,257.61646433957
06ac6393eee7a87a46f65b36cf9d1863821846f32cd08b7f9dd84710f2fa08a1,5,4,20311117,abundant,1.0,13.0,20265733,legacy_count_br,1000110011101111000010100010100000001000000010010000001000110000000000000010011110111000110000001001,1,253.2099814390185,2.2446049621628097,0.0034496670123189,481,54,0,False,0,0,0,100,32,0.32,258.5600053277824,258.5600053277824,0.0,30.093734583127777,30.093734583127777,63.15789473684211,60.0,0.4764841308995231,7.65375,7.65375,13.0,0.58875,0,0,0,0,3775.989055253071,37.75989055253071,5067.8557029650465,827.1175337497274,82.99071765770685,247.54044290874825,1,258.89354524709023,1000110011101111000010100010100000001000000010010000001000110000000000000010011110111000110000001001,0.0,258.89354524709023
06ac6393eee7a87a46f65b36cf9d1863821846f32cd08b7f9dd84710f2fa08a1,5,4,20311117,abundant,1.0,13.0,20265733,random_feasible,1000011111110110000111100100111001010000011100000011000000111101000111001111100100111100100010100111,1,253.2099814390185,28.16407905746384,4.125002305954695e-05,0,0,0,,0,0,0,100,49,0.49,419.22220619183327,419.22220619183327,0.0,49.43265910212136,49.43265910212136,63.15789473684211,60.0,0.7826837691169215,12.9675,12.9675,13.0,0.9975,0,0,0,0,3824.10921980633,38.241092198063306,4564.110941027253,3114.4847610409747,353.284510760282,920.3972758229282,0,inf,1000011011110110000111100100111001000000011100000010000000110100000101001111100100111100100000100011,0.08,324.5242407928932
06ac6393eee7a87a46f65b36cf9d1863821846f32cd08b7f9dd84710f2fa08a1,5,4,20311117,abundant,1.0,13.0,20265733,all_local,0000000000000000000000000000000000000000000000000000000000000000000000000000000000000000000000000000,1,253.2099814390185,13.673077700804614,0.0,0,0,0,,0,0,0,100,0,0.0,287.8315789473684,287.8315789473684,0.0,0.0,0.0,63.15789473684211,60.0,0.0,0.0,0.0,13.0,0.0,0,0,0,0,4708.799999999999,47.087999999999994,9417.6,0.0,0.0,0.0,1,287.8315789473684,0000000000000000000000000000000000000000000000000000000000000000000000000000000000000000000000000000,0.0,287.8315789473684
06ac6393eee7a87a46f65b36cf9d1863821846f32cd08b7f9dd84710f2fa08a1,5,4,20311117,abundant,1.0,13.0,20265733,all_offload,1111111111111111111111111111111111111111111111111111111111111111111111111111111111111111111111111111,0,253.2099814390185,12.283060919655117,0.0,0,0,0,,0,0,0,100,100,1.0,inf,inf,0.0,100.0,100.0,63.15789473684211,60.0,1.583333333333333,26.357499999999995,26.357499999999995,13.0,2.0274999999999994,1,1,1,1,inf,inf,70.17660779165142,5888.692238385997,701.7660779165143,inf,0,inf,1001110011111111011011110010100000001000000010011010001000110000000000011010111111111000110000001001,0.56,284.31191771382055
06ac6393eee7a87a46f65b36cf9d1863821846f32cd08b7f9dd84710f2fa08a1,5,4,20311117,abundant,1.0,13.0,20265733,qdp_oracle,1000010010100001000010000010100000000000000010000000001000110000000000000000011110110000110000001000,1,253.2099814390185,-1.1224561239205697e-14,8.645374957937747,0,0,0,,0,0,0,100,21,0.21,253.12289351609456,253.12289351609456,0.0,18.993586581154418,18.993586581154418,63.15789473684211,60.0,0.3007317875349449,4.891249999999999,4.891249999999999,13.0,0.37625,0,0,0,0,3912.444422688596,39.12444422688596,5761.381825239976,655.551138221874,65.80120190362524,127.51660885413604,1,253.20998143901846,1000010010100001000010000010100000000000000010000000001000110000000000000000011110110000110000001000,0.0,253.20998143901846
06ac6393eee7a87a46f65b36cf9d1863821846f32cd08b7f9dd84710f2fa08a1,5,4,20311117,moderate,0.6,5.0,20265733,wa_mcbr,0000010010100001000010000010100000000000000000000000000000110000000000000000011010110000110000011000,1,255.60716890491196,0.026010441161998823,0.0213559999829158,429,20,0,True,16302,34320,50622,100,18,0.18,255.47129284781744,255.47129284781744,0.0,16.280217069560926,16.280217069560926,37.89473684210527,36.0,0.4296168393356355,4.208749999999999,4.208749999999999,5.0,0.8417499999999999,0,0,0,0,3912.0821865888497,39.120821865888495,5754.1974123528835,774.0418397870326,77.63401960466527,208.3018595934841,0,inf,0000010010100001000010000010100000000000000000000000000000110000000000000000011010110000110000001000,0.01,255.67365345718582
06ac6393eee7a87a46f65b36cf9d1863821846f32cd08b7f9dd84710f2fa08a1,5,4,20311117,moderate,0.6,5.0,20265733,wa_mcbr_swap,0000010010100001000010000010100000000000000000000000000000110000000000000000011010110000110000011000,1,255.60716890491196,0.026010441161998823,0.0364070410141721,429,20,0,True,16302,34320,50622,100,18,0.18,255.47129284781744,255.47129284781744,0.0,16.280217069560926,16.280217069560926,37.89473684210527,36.0,0.4296168393356355,4.208749999999999,4.208749999999999,5.0,0.8417499999999999,0,0,0,0,3912.0821865888497,39.120821865888495,5754.1974123528835,774.0418397870326,77.63401960466527,208.3018595934841,0,inf,0000010010100001000010000010100000000000000000000000000000110000000000000000011010110000110000001000,0.01,255.67365345718582
06ac6393eee7a87a46f65b36cf9d1863821846f32cd08b7f9dd84710f2fa08a1,5,4,20311117,moderate,0.6,5.0,20265733,capacity_greedy,0000010010100001000010000010100000000000000000000000000000110000000000000000011010110000110000011000,1,255.60716890491196,0.026010441161998823,0.0173970829928293,0,0,0,,0,0,0,100,18,0.18,255.47129284781744,255.47129284781744,0.0,16.280217069560926,16.280217069560926,37.89473684210527,36.0,0.4296168393356355,4.208749999999999,4.208749999999999,5.0,0.8417499999999999,0,0,0,0,3912.0821865888497,39.120821865888495,5754.1974123528835,774.0418397870326,77.63401960466527,208.3018595934841,0,inf,0000010010100001000010000010100000000000000000000000000000110000000000000000011010110000110000001000,0.01,255.67365345718582
06ac6393eee7a87a46f65b36cf9d1863821846f32cd08b7f9dd84710f2fa08a1,5,4,20311117,moderate,0.6,5.0,20265733,lagrangian_relaxation,1000110010100001000010000010100000000000000000000000001000110000000000000000011110110000110000001000,1,255.60716890491196,0.01980399563156794,0.0100809580180794,300,0,0,False,0,0,0,100,21,0.21,256.0894474044086,256.0894474044086,0.0,18.74691662555501,18.74691662555501,37.89473684210527,36.0,0.4947102998410349,4.81,4.81,5.0,0.962,0,0,0,0,3919.9606143752094,39.19960614375209,5782.964767492493,647.6445324917238,64.9889282139736,264.7656758515947,0,inf,0000010010100001000010000010100000000000000000000000001000110000000000000000011010110000110000001000,0.03,255.65778933747586
06ac6393eee7a87a46f65b36cf9d1863821846f32cd08b7f9dd84710f2fa08a1,5,4,20311117,moderate,0.6,5.0,20265733,legacy_count_br,0000010011101011001010100000100000000000000000001000001000000000000000000000011000110000110000011000,1,255.60716890491196,2.50149651053809,0.0020484999986365,239,3,0,False,0,0,0,100,21,0.21,263.91964025710274,263.91964025710274,0.0,19.24025653675383,19.24025653675383,37.89473684210527,36.0,0.5077289919421148,4.972499999999999,4.972499999999999,5.0,0.9944999999999998,0,0,0,0,4028.593829498855,40.28593829498855,6261.960006750897,740.9034432512368,74.28603575705178,277.85034240855197,0,inf,0000010011100011000010100000100000000000000000000000001000000000000000000000011000110000110000011000,0.03,262.00117331575353
06ac6393eee7a87a46f65b36cf9d1863821846f32cd08b7f9dd84710f2fa08a1,5,4,20311117,moderate,0.6,5.0,20265733,random_feasible,1000010011100110000011100000100000000000000000000010000000110000000000000010000100111000100000000001,1,255.60716890491196,3.876215771157316,0.0003493330441415,0,0,0,,0,0,0,100,21,0.21,267.4990190232663,267.4990190232663,0.0,19.24025653675383,19.24025653675383,37.89473684210527,36.0,0.5077289919421148,4.85875,4.85875,5.0,0.97175,0,0,0,0,4164.048160812569,41.64048160812569,6887.985186214864,562.5382677137923,56.43743880308075,277.85034240855197,0,inf,1000010010100010000010100000100000000000000000000000000000110000000000000010000100111000100000000001,0.04,265.5150542982129
06ac6393eee7a87a46f65b36cf9d1863821846f32cd08b7f9dd84710f2fa08a1,5,4,20311117,moderate,0.6,5.0,20265733,all_local,0000000000000000000000000000000000000000000000000000000000000000000000000000000000000000000000000000,1,255.60716890491196,12.607005578331108,0.0,0,0,0,,0,0,0,100,0,0.0,287.8315789473684,287.8315789473684,0.0,0.0,0.0,37.89473684210527,36.0,0.0,0.0,0.0,5.0,0.0,0,0,0,0,4708.799999999999,47.087999999999994,9417.6,0.0,0.0,0.0,1,287.8315789473684,0000000000000000000000000000000000000000000000000000000000000000000000000000000000000000000000000000,0.0,287.8315789473684
06ac6393eee7a87a46f65b36cf9d1863821846f32cd08b7f9dd84710f2fa08a1,5,4,20311117,moderate,0.6,5.0,20265733,all_offload,1111111111111111111111111111111111111111111111111111111111111111111111111111111111111111111111111111,0,255.60716890491196,0.01980399563156794,0.0,0,0,0,,0,0,0,100,100,1.0,inf,inf,0.0,100.0,100.0,37.89473684210527,36.0,2.6388888888888884,26.357499999999995,26.357499999999995,5.0,5.271499999999999,1,1,1,1,inf,inf,70.17660779165142,5888.692238385997,701.7660779165143,inf,0,inf,0000010010100001000010000010100000000000000000000000001000110000000000000000011010110000110000001000,0.82,255.65778933747586
06ac6393eee7a87a46f65b36cf9d1863821846f32cd08b7f9dd84710f2fa08a1,5,4,20311117,moderate,0.6,5.0,20265733,qdp_oracle,0000010010100001000010000010100000000000000000000000000000110000000000000000011110110000110000001000,1,255.60716890491196,0.0,1.5897513329982758,0,0,0,,0,0,0,100,18,0.18,255.47418360723287,255.47418360723287,0.0,16.03354711396152,16.03354711396152,37.89473684210527,36.0,0.4231074932850956,4.1275,4.1275,5.0,0.8255000000000001,0,0,0,0,3970.444223386042,39.70444223386042,6031.082267786572,599.1005586070141,60.125988142933906,203.356296173124,1,255.60716890491196,0000010010100001000010000010100000000000000000000000000000110000000000000000011110110000110000001000,0.0,255.60716890491196
06ac6393eee7a87a46f65b36cf9d1863821846f32cd08b7f9dd84710f2fa08a1,5,4,20311117,highly_constrained,0.3,2.0,20265733,wa_mcbr,0000000010000001000010000000100000000000000000000000000000000000000000000000001000110000110000000000,1,266.3667341618859,1.6495756113898357,0.0053026670357212,100,0,0,True,3800,8000,11800,100,9,0.09,268.4254958802696,268.4254958802696,0.0,7.646768623581647,7.646768623581647,18.947368421052634,18.0,0.4035794551334758,1.9825,1.9825,2.0,0.99125,0,0,0,0,4326.92561596003,43.2692561596003,7679.083339625719,313.6789001026812,31.482180635477786,189.1673176784155,0,inf,0000000000000000000010000000100000000000000000000000000000000000000000000000001000110000110000000000,0.02,270.760654845476
06ac6393eee7a87a46f65b36cf9d1863821846f32cd08b7f9dd84710f2fa08a1,5,4,20311117,highly_constrained,0.3,2.0,20265733,wa_mcbr_swap,0000000000000000000010000000000000000000000000000000000000110000000000000000001010010000110000001000,1,266.3667341618859,0.5237403823985906,0.0332352919504046,100,0,4,True,3800,8000,11800,100,9,0.09,264.2411618346256,264.2411618346256,0.0,7.400098667982239,7.400098667982239,18.947368421052634,18.0,0.3905607630323959,1.95,1.95,2.0,0.975,0,0,0,0,4232.548838955931,42.32548838955931,7250.774314515016,414.102271712038,41.590501668492834,180.21316783594165,0,inf,0000000000000000000000000000000000000000000000000000000000100000000000000000001010010000110000001000,0.02,267.761804313968
06ac6393eee7a87a46f65b36cf9d1863821846f32cd08b7f9dd84710f2fa08a1,5,4,20311117,highly_constrained,0.3,2.0,20265733,capacity_greedy,0000000000000000000010000000000000000000000000000000000000110000000000000000001010010000100000010000,1,266.3667341618859,0.3166696465686487,0.0074081249767914,0,0,0,,0,0,0,100,8,0.08,265.3306640883701,265.3306640883701,0.0,7.646768623581648,7.646768623581648,18.947368421052634,18.0,0.4035794551334758,1.95,1.95,2.0,0.975,0,0,0,0,4227.175586203201,42.271755862032016,7222.087766659,607.7809577217996,60.97083237507289,189.1673176784155,0,inf,0000000000000000000010000000000000000000000000000000000000110000000000000000001010010000100000000000,0.01,267.2102367575328
06ac6393eee7a87a46f65b36cf9d1863821846f32cd08b7f9dd84710f2fa08a1,5,4,20311117,highly_constrained,0.3,2.0,20265733,lagrangian_relaxation,0000000000000000000000000000000000000000000000000000000000110000000000000000001010110000110000001000,1,266.3667341618859,0.0,0.011801499989815,300,0,0,True,0,0,0,100,9,0.09,264.54031344368684,264.54031344368684,0.0,7.153428712382832,7.153428712382832,18.947368421052634,18.0,0.3775420709313161,1.90125,1.90125,2.0,0.950625,0,0,0,0,4241.943087084919,42.41943087084919,7293.961389030731,399.8205509107082,40.154336747897474,171.63356963585923,0,inf,0000000000000000000000000000000000000000000000000000000000100000000000000000001010110000110000001000,0.01,266.3667341618859
06ac6393eee7a87a46f65b36cf9d1863821846f32cd08b7f9dd84710f2fa08a1,5,4,20311117,highly_constrained,0.3,2.0,20265733,legacy_count_br,0000000010000001000010000000100000000000000000000000000000000000000000000000001000110000110000000000,1,266.3667341618859,1.6495756113898357,0.0016612909967079,100,0,0,True,0,0,0,100,9,0.09,268.4254958802696,268.4254958802696,0.0,7.646768623581647,7.646768623581647,18.947368421052634,18.0,0.4035794551334758,1.9825,1.9825,2.0,0.99125,0,0,0,0,4326.92561596003,43.2692561596003,7679.083339625719,313.6789001026812,31.482180635477786,189.1673176784155,0,inf,0000000000000000000010000000100000000000000000000000000000000000000000000000001000110000110000000000,0.02,270.760654845476
06ac6393eee7a87a46f65b36cf9d1863821846f32cd08b7f9dd84710f2fa08a1,5,4,20311117,highly_constrained,0.3,2.0,20265733,random_feasible,0000000010000000000010000000100000000000000000000000000000110000000000000000000000110000100000000000,1,266.3667341618859,1.8257740821486774,0.0004866670351475,0,0,0,,0,0,0,100,8,0.08,270.0230457147326,270.0230457147326,0.0,7.153428712382832,7.153428712382832,18.947368421052634,18.0,0.3775420709313161,1.82,1.82,2.0,0.91,0,0,0,0,4354.648164596711,43.546481645967106,7805.088801617039,359.38700495298326,36.1002021300553,171.63356963585923,0,inf,0000000000000000000010000000100000000000000000000000000000110000000000000000000000110000100000000000,0.01,271.2299889576795
06ac6393eee7a87a46f65b36cf9d1863821846f32cd08b7f9dd84710f2fa08a1,5,4,20311117,highly_constrained,0.3,2.0,20265733,all_local,0000000000000000000000000000000000000000000000000000000000000000000000000000000000000000000000000000,1,266.3667341618859,8.058380432909887,0.0,0,0,0,,0,0,0,100,0,0.0,287.8315789473684,287.8315789473684,0.0,0.0,0.0,18.947368421052634,18.0,0.0,0.0,0.0,2.0,0.0,0,0,0,0,4708.799999999999,47.087999999999994,9417.6,0.0,0.0,0.0,1,287.8315789473684,0000000000000000000000000000000000000000000000000000000000000000000000000000000000000000000000000000,0.0,287.8315789473684
06ac6393eee7a87a46f65b36cf9d1863821846f32cd08b7f9dd84710f2fa08a1,5,4,20311117,highly_constrained,0.3,2.0,20265733,all_offload,1111111111111111111111111111111111111111111111111111111111111111111111111111111111111111111111111111,0,266.3667341618859,0.0,0.0,0,0,0,,0,0,0,100,100,1.0,inf,inf,0.0,100.0,100.0,18.947368421052634,18.0,5.277777777777777,26.357499999999995,26.357499999999995,2.0,13.178749999999996,1,1,1,1,inf,inf,70.17660779165142,5888.692238385997,701.7660779165143,inf,0,inf,0000000000000000000000000000000000000000000000000000000000100000000000000000001010110000110000001000,0.92,266.3667341618859
06ac6393eee7a87a46f65b36cf9d1863821846f32cd08b7f9dd84710f2fa08a1,5,4,20311117,highly_constrained,0.3,2.0,20265733,qdp_oracle,0000000000000000000000000000000000000000000000000000000000100000000000000000001010110000110000001000,1,266.3667341618859,0.0,0.3117760840104893,0,0,0,,0,0,0,100,8,0.08,266.3354951236494,266.3354951236494,0.0,6.1667488899852,6.1667488899852,18.947368421052634,18.0,0.3254673025269966,1.6575,1.6575,2.0,0.82875,0,0,0,0,4286.53922449417,42.8653922449417,7499.10278027413,376.7761063449005,37.847534266195424,140.6269554264353,1,266.3667341618859,0000000000000000000000000000000000000000000000000000000000100000000000000000001010110000110000001000,0.0,266.3667341618859
06ac6393eee7a87a46f65b36cf9d1863821846f32cd08b7f9dd84710f2fa08a1,5,5,20311214,abundant,1.0,13.0,20265734,wa_mcbr,0000100010101001000010000010100000000000000000000000000001110000000000001000011010110000110000011000,1,251.2793951041497,0.0,0.0307221669936552,621,65,0,True,23598,49680,73278,100,21,0.21,251.18913133451636,251.18913133451636,0.0,19.48692649235323,19.48692649235323,63.15789473684211,60.0,0.3085430027955928,5.021249999999999,5.021249999999999,13.0,0.3862499999999999,0,0,0,0,3863.526796262979,38.6352679626298,5538.24045928201,684.0063430164045,68.59329914334542,131.55538379213985,1,251.2793951041497,0000100010101001000010000010100000000000000000000000000001110000000000001000011010110000110000011000,0.0,251.2793951041497
06ac6393eee7a87a46f65b36cf9d1863821846f32cd08b7f9dd84710f2fa08a1,5,5,20311214,abundant,1.0,13.0,20265734,wa_mcbr_swap,0000100010101001000010000010100000000000000000000000000001110000000000001000011010110000110000011000,1,251.2793951041497,0.0,0.0477692079730331,621,65,0,True,23598,49680,73278,100,21,0.21,251.18913133451636,251.18913133451636,0.0,19.48692649235323,19.48692649235323,63.15789473684211,60.0,0.3085430027955928,5.021249999999999,5.021249999999999,13.0,0.3862499999999999,0,0,0,0,3863.526796262979,38.6352679626298,5538.24045928201,684.0063430164045,68.59329914334542,131.55538379213985,1,251.2793951041497,0000100010101001000010000010100000000000000000000000000001110000000000001000011010110000110000011000,0.0,251.2793951041497
06ac6393eee7a87a46f65b36cf9d1863821846f32cd08b7f9dd84710f2fa08a1,5,5,20311214,abundant,1.0,13.0,20265734,capacity_greedy,0000100010101001000010000010100000000000000000000000000001110000000000001000011010110000110000011000,1,251.2793951041497,0.0,0.0201346250250935,0,0,0,,0,0,0,100,21,0.21,251.18913133451636,251.18913133451636,0.0,19.48692649235323,19.48692649235323,63.15789473684211,60.0,0.3085430027955928,5.021249999999999,5.021249999999999,13.0,0.3862499999999999,0,0,0,0,3863.526796262979,38.6352679626298,5538.24045928201,684.0063430164045,68.59329914334542,131.55538379213985,1,251.2793951041497,0000100010101001000010000010100000000000000000000000000001110000000000001000011010110000110000011000,0.0,251.2793951041497
06ac6393eee7a87a46f65b36cf9d1863821846f32cd08b7f9dd84710f2fa08a1,5,5,20311214,abundant,1.0,13.0,20265734,lagrangian_relaxation,0000010010000001000010000010100000000000000000000000001001110000100000000000011010110000110000011000,1,251.2793951041497,0.4669211129572741,0.0374135409947484,300,0,0,False,0,0,0,100,20,0.2,252.35957614928216,252.35957614928216,0.0,18.006906758756784,18.006906758756784,63.15789473684211,60.0,0.2851093570136491,4.679999999999999,4.679999999999999,13.0,0.3599999999999999,0,0,0,0,3846.864724935149,38.46864724935149,5455.65129822272,823.5324109991789,82.56491113599279,119.703835758238,1,252.4526716524023,0000010010000001000010000010100000000000000000000000001001110000100000000000011010110000110000011000,0.0,252.4526716524023
06ac6393eee7a87a46f65b36cf9d1863821846f32cd08b7f9dd84710f2fa08a1,5,5,20311214,abundant,1.0,13.0,20265734,legacy_count_br,1100110011111001000010000010100000000000000000100000001001110000000000001000011010111001110100011000,1,251.2793951041497,2.4716373614318776,0.0029369590338319,408,55,0,False,0,0,0,100,31,0.31,257.1755690723811,257.1755690723811,0.0,28.860384805130742,28.860384805130742,63.15789473684211,60.0,0.4569560927479034,7.4425,7.4425,13.0,0.5725,0,0,0,0,3734.511650527558,37.34511650527558,4880.802439754702,882.9111183199072,90.40128240979514,230.3679309561663,1,257.4901105151239,1100110011111001000010000010100000000000000000100000001001110000000000001000011010111001110100011000,0.0,257.4901105151239
06ac6393eee7a87a46f65b36cf9d1863821846f32cd08b7f9dd84710f2fa08a1,5,5,20311214,abundant,1.0,13.0,20265734,random_feasible,0110100010010001101110001110000001101000000000101010101110110001101111101101011100101111111001100011,1,251.2793951041497,26.16649863810899,0.000120292068459,0,0,0,,0,0,0,100,50,0.5,388.13558647432626,388.13558647432626,0.0,48.840651208682786,48.840651208682786,63.15789473684211,60.0,0.773310310804144,12.85375,12.85375,13.0,0.98875,0,0,0,0,3812.130419239467,38.12130419239467,4640.092034823412,2489.7792226565903,281.840696468253,872.8291621327528,0,inf,0110100010010001101110000110000000101000000000101010001110110000100111101100011100101111111001000001,0.08,317.03041460192554
06ac6393eee7a87a46f65b36cf9d1863821846f32cd08b7f9dd84710f2fa08a1,5,5,20311214,abundant,1.0,13.0,20265734,all_local,0000000000000000000000000000000000000000000000000000000000000000000000000000000000000000000000000000,1,251.2793951041497,14.546431006835505,0.0,0,0,0,,0,0,0,100,0,0.0,287.8315789473684,287.8315789473684,0.0,0.0,0.0,63.15789473684211,60.0,0.0,0.0,0.0,13.0,0.0,0,0,0,0,4708.799999999999,47.087999999999994,9417.6,0.0,0.0,0.0,1,287.8315789473684,0000000000000000000000000000000000000000000000000000000000000000000000000000000000000000000000000000,0.0,287.8315789473684
06ac6393eee7a87a46f65b36cf9d1863821846f32cd08b7f9dd84710f2fa08a1,5,5,20311214,abundant,1.0,13.0,20265734,all_offload,1111111111111111111111111111111111111111111111111111111111111111111111111111111111111111111111111111,0,251.2793951041497,13.130914887744458,0.0,0,0,0,,0,0,0,100,100,1.0,inf,inf,0.0,100.0,100.0,63.15789473684211,60.0,1.583333333333333,26.357499999999995,26.357499999999995,13.0,2.0274999999999994,1,1,1,1,inf,inf,79.09135887833743,6603.730236805878,790.9135887833743,inf,0,inf,1100110011111101100111110010100000000000000000000100001111110000000001001000111011111101110100011001,0.56,284.2746786057147
06ac6393eee7a87a46f65b36cf9d1863821846f32cd08b7f9dd84710f2fa08a1,5,5,20311214,abundant,1.0,13.0,20265734,qdp_oracle,0000100010101001000010000010100000000000000000000000000001110000000000001000011010110000110000011000,1,251.2793951041497,0.0,9.047493000049144,0,0,0,,0,0,0,100,21,0.21,251.18913133451636,251.18913133451636,0.0,19.48692649235323,19.48692649235323,63.15789473684211,60.0,0.3085430027955928,5.021249999999999,5.021249999999999,13.0,0.3862499999999999,0,0,0,0,3863.526796262979,38.6352679626298,5538.24045928201,684.0063430164045,68.59329914334542,131.55538379213985,1,251.2793951041497,0000100010101001000010000010100000000000000000000000000001110000000000001000011010110000110000011000,0.0,251.2793951041497
06ac6393eee7a87a46f65b36cf9d1863821846f32cd08b7f9dd84710f2fa08a1,5,5,20311214,moderate,0.6,5.0,20265734,wa_mcbr,0000000010100001000010000010100000000000000000000000000001110000000000000000011010110000110000011000,1,253.49580121123827,0.10742526949508555,0.0201802499359473,394,24,0,True,14972,31520,46492,100,18,0.18,253.3769636117916,253.3769636117916,0.0,16.280217069560926,16.280217069560926,37.89473684210527,36.0,0.4296168393356355,4.208749999999999,4.208749999999999,5.0,0.8417499999999999,0,0,0,0,3911.5074961063697,39.1150749610637,5761.179173448663,653.2257018714976,65.50963603686722,208.3018595934841,0,inf,0000000010100001000010000010100000000000000000000000000001110000000000000000001010110000110000011000,0.01,253.76811975884817
06ac6393eee7a87a46f65b36cf9d1863821846f32cd08b7f9dd84710f2fa08a1,5,5,20311214,moderate,0.6,5.0,20265734,wa_mcbr_swap,0000000010100001000010000010100000000000000000000000000001110000000000000000011010110000110000011000,1,253.49580121123827,0.10742526949508555,0.0352826248854398,394,24,0,True,14972,31520,46492,100,18,0.18,253.3769636117916,253.3769636117916,0.0,16.280217069560926,16.280217069560926,37.89473684210527,36.0,0.4296168393356355,4.208749999999999,4.208749999999999,5.0,0.8417499999999999,0,0,0,0,3911.5074961063697,39.1150749610637,5761.179173448663,653.2257018714976,65.50963603686722,208.3018595934841,0,inf,0000000010100001000010000010100000000000000000000000000001110000000000000000001010110000110000011000,0.01,253.76811975884817
06ac6393eee7a87a46f65b36cf9d1863821846f32cd08b7f9dd84710f2fa08a1,5,5,20311214,moderate,0.6,5.0,20265734,capacity_greedy,0000000010100001000010000010100000000000000000000000000001110000000000000000011010110000110000011000,1,253.49580121123827,0.10742526949508555,0.0174404579447582,0,0,0,,0,0,0,100,18,0.18,253.3769636117916,253.3769636117916,0.0,16.280217069560926,16.280217069560926,37.89473684210527,36.0,0.4296168393356355,4.208749999999999,4.208749999999999,5.0,0.8417499999999999,0,0,0,0,3911.5074961063697,39.1150749610637,5761.179173448663,653.2257018714976,65.50963603686722,208.3018595934841,0,inf,0000000010100001000010000010100000000000000000000000000001110000000000000000001010110000110000011000,0.01,253.76811975884817
06ac6393eee7a87a46f65b36cf9d1863821846f32cd08b7f9dd84710f2fa08a1,5,5,20311214,moderate,0.6,5.0,20265734,lagrangian_relaxation,0000100010100001000010000010100000000000000000000000001001110000000000001000011010110000110000011000,1,253.49580121123827,0.1442257425259195,0.0106501670088619,300,0,0,False,0,0,0,100,21,0.21,254.26677983702172,254.26677983702172,0.0,18.99358658115442,18.99358658115442,37.89473684210527,36.0,0.501219645891575,4.891249999999999,4.891249999999999,5.0,0.9782499999999998,0,0,0,0,3859.7824811379,38.597824811379,5505.892908755364,708.8955211852549,71.09089311266021,271.2226282385912,0,inf,0000000010100001000010000010100000000000000000000000001001110000000000000000001010110000110000011000,0.03,253.8614074128072
06ac6393eee7a87a46f65b36cf9d1863821846f32cd08b7f9dd84710f2fa08a1,5,5,20311214,moderate,0.6,5.0,20265734,legacy_count_br,1100000011000101000011000000100000000000000000000000000000000000000000001000011010111101110100000000,1,253.49580121123827,3.6619519246713526,0.0014047910226508,141,3,0,False,0,0,0,100,21,0.21,265.1094274393136,265.1094274393136,0.0,19.240256536753822,19.240256536753822,37.89473684210527,36.0,0.5077289919421148,4.907500000000001,4.907500000000001,5.0,0.9815000000000002,0,0,0,0,4103.299119757128,41.032991197571285,6610.87059305625,603.0601222165886,60.50443124999359,277.85034240855197,0,inf,1100000011000001000010000000100000000000000000000000000000000000000000001000011010111001110000000000,0.04,262.7786955826543
06ac6393eee7a87a46f65b36cf9d1863821846f32cd08b7f9dd84710f2fa08a1,5,5,20311214,moderate,0.6,5.0,20265734,random_feasible,0100100010010001000110000010000000000000000000000000001000110000000000001000011000101101110000000001,1,253.49580121123827,3.4433172999871817,0.0004370419774204,0,0,0,,0,0,0,100,21,0.21,264.33779290175977,264.33779290175977,0.0,19.48692649235324,19.48692649235324,37.89473684210527,36.0,0.5142383379926548,4.94,4.94,5.0,0.988,0,0,0,0,4101.772401790842,41.01772401790842,6607.183067782478,561.6491640504395,56.336561070416145,284.6556831325642,0,inf,0100100010010001000010000010000000000000000000000000001000110000000000001000011000101000110000000000,0.04,262.22446598908596
06ac6393eee7a87a46f65b36cf9d1863821846f32cd08b7f9dd84710f2fa08a1,5,5,20311214,moderate,0.6,5.0,20265734,all_local,0000000000000000000000000000000000000000000000000000000000000000000000000000000000000000000000000000,1,253.49580121123827,13.544909845476344,0.0,0,0,0,,0,0,0,100,0,0.0,287.8315789473684,287.8315789473684,0.0,0.0,0.0,37.89473684210527,36.0,0.0,0.0,0.0,5.0,0.0,0,0,0,0,4708.799999999999,47.087999999999994,9417.6,0.0,0.0,0.0,1,287.8315789473684,0000000000000000000000000000000000000000000000000000000000000000000000000000000000000000000000000000,0.0,287.8315789473684
06ac6393eee7a87a46f65b36cf9d1863821846f32cd08b7f9dd84710f2fa08a1,5,5,20311214,moderate,0.6,5.0,20265734,all_offload,1111111111111111111111111111111111111111111111111111111111111111111111111111111111111111111111111111,0,253.49580121123827,0.1442257425259195,0.0,0,0,0,,0,0,0,100,100,1.0,inf,inf,0.0,100.0,100.0,37.89473684210527,36.0,2.6388888888888884,26.357499999999995,26.357499999999995,5.0,5.271499999999999,1,1,1,1,inf,inf,79.09135887833743,6603.730236805878,790.9135887833743,inf,0,inf,0000000010100001000010000010100000000000000000000000001001110000000000000000001010110000110000011000,0.82,253.8614074128072
06ac6393eee7a87a46f65b36cf9d1863821846f32cd08b7f9dd84710f2fa08a1,5,5,20311214,moderate,0.6,5.0,20265734,qdp_oracle,0000000010100001000010000010100000000000000000000000000000110000000000000000011010110000110000011000,1,253.49580121123827,1.1211905402220122e-14,1.6562317919451743,0,0,0,,0,0,0,100,17,0.17,253.37794947533288,253.37794947533288,0.0,15.540207202762703,15.540207202762703,37.89473684210527,36.0,0.4100888011840158,4.01375,4.01375,5.0,0.80275,0,0,0,0,3931.573150425326,39.31573150425326,5858.270932697752,628.1574262318208,62.99604104431199,193.79259878737196,1,253.4958012112383,0000000010100001000010000010100000000000000000000000000000110000000000000000011010110000110000011000,0.0,253.4958012112383
06ac6393eee7a87a46f65b36cf9d1863821846f32cd08b7f9dd84710f2fa08a1,5,5,20311214,highly_constrained,0.3,2.0,20265734,wa_mcbr,0000000010000001000010000000100000000000000000000000000000000000000000000000001010110000000000000000,1,265.980347613776,1.5286281170056688,0.0054261659970507,100,0,0,True,3800,8000,11800,100,8,0.08,268.8879630640753,268.8879630640753,0.0,7.646768623581648,7.646768623581648,18.947368421052634,18.0,0.4035794551334758,1.90125,1.90125,2.0,0.950625,0,0,0,0,4333.04968435244,43.3304968435244,7707.874974533954,342.0432263765893,34.371816744329216,189.1673176784155,0,inf,0000000000000001000010000000100000000000000000000000000000000000000000000000001010110000000000000000,0.01,270.0461979931096
06ac6393eee7a87a46f65b36cf9d1863821846f32cd08b7f9dd84710f2fa08a1,5,5,20311214,highly_constrained,0.3,2.0,20265734,wa_mcbr_swap,0000000000000000000000000000000000000000000000000000000000110000000000000000001010010000010000011000,1,265.980347613776,0.32374874419306454,0.0438073748955503,100,0,5,True,3800,8000,11800,100,8,0.08,264.004681028801,264.004681028801,0.0,7.153428712382832,7.153428712382832,18.947368421052634,18.0,0.3775420709313161,1.86875,1.86875,2.0,0.934375,0,0,0,0,4231.15707705971,42.3115707705971,7247.139500591448,423.0010628279723,42.4375739311074,171.63356963585923,0,inf,0000000000000000000000000000000000000000000000000000000000110000000000000000001010010000010000001000,0.01,266.84145564897597
06ac6393eee7a87a46f65b36cf9d1863821846f32cd08b7f9dd84710f2fa08a1,5,5,20311214,highly_constrained,0.3,2.0,20265734,capacity_greedy,0000000000000000000000000000000000000000000000000000000000110000000000000000001010010000010000011000,1,265.980347613776,0.32374874419306454,0.0079991250531747,0,0,0,,0,0,0,100,8,0.08,264.004681028801,264.004681028801,0.0,7.153428712382832,7.153428712382832,18.947368421052634,18.0,0.3775420709313161,1.86875,1.86875,2.0,0.934375,0,0,0,0,4231.15707705971,42.3115707705971,7247.139500591448,423.0010628279723,42.4375739311074,171.63356963585923,0,inf,0000000000000000000000000000000000000000000000000000000000110000000000000000001010010000010000001000,0.01,266.84145564897597
06ac6393eee7a87a46f65b36cf9d1863821846f32cd08b7f9dd84710f2fa08a1,5,5,20311214,highly_constrained,0.3,2.0,20265734,lagrangian_relaxation,0000000000000000000000000000000000000000000000000000000000100000000000000000001010010000110000011000,1,265.980347613776,0.5063195923555401,0.0117189169395715,300,0,0,False,0,0,0,100,8,0.08,264.46876621598733,264.46876621598733,0.0,6.660088801184016,6.660088801184016,18.947368421052634,18.0,0.3515046867291563,1.7875,1.7875,2.0,0.89375,0,0,0,0,4239.199747058536,42.39199747058536,7283.156740720284,444.4605846752224,44.59259003540258,155.50779764168882,0,inf,0000000000000000000000000000000000000000000000000000000000100000000000000000001010010000110000001000,0.01,267.32705822555994
06ac6393eee7a87a46f65b36cf9d1863821846f32cd08b7f9dd84710f2fa08a1,5,5,20311214,highly_constrained,0.3,2.0,20265734,legacy_count_br,0000000010000001000010000000100000000000000000000000000000000000000000000000001010110000000000000000,1,265.980347613776,1.5286281170056688,0.0016141250962391,100,0,0,True,0,0,0,100,8,0.08,268.8879630640753,268.8879630640753,0.0,7.646768623581648,7.646768623581648,18.947368421052634,18.0,0.4035794551334758,1.90125,1.90125,2.0,0.950625,0,0,0,0,4333.04968435244,43.3304968435244,7707.874974533954,342.0432263765893,34.371816744329216,189.1673176784155,0,inf,0000000000000001000010000000100000000000000000000000000000000000000000000000001010110000000000000000,0.01,270.0461979931096
06ac6393eee7a87a46f65b36cf9d1863821846f32cd08b7f9dd84710f2fa08a1,5,5,20311214,highly_constrained,0.3,2.0,20265734,random_feasible,0000000000000001000010000010000000000000000000000000000000110000000000000000001000100000110000000000,1,265.980347613776,1.331998808593793,0.0006038340507075,0,0,0,,0,0,0,100,9,0.09,266.80615171692335,266.80615171692335,0.0,7.646768623581647,7.646768623581647,18.947368421052634,18.0,0.4035794551334758,1.9825,1.9825,2.0,0.99125,0,0,0,0,4298.780117331357,42.98780117331357,7553.068757498022,297.5123858058023,29.861944224723818,189.1673176784155,0,inf,0000000000000000000000000010000000000000000000000000000000110000000000000000001000100000110000000000,0.02,269.52320267508514
06ac6393eee7a87a46f65b36cf9d1863821846f32cd08b7f9dd84710f2fa08a1,5,5,20311214,highly_constrained,0.3,2.0,20265734,all_local,0000000000000000000000000000000000000000000000000000000000000000000000000000000000000000000000000000,1,265.980347613776,8.215355581579313,0.0,0,0,0,,0,0,0,100,0,0.0,287.8315789473684,287.8315789473684,0.0,0.0,0.0,18.947368421052634,18.0,0.0,0.0,0.0,2.0,0.0,0,0,0,0,4708.799999999999,47.087999999999994,9417.6,0.0,0.0,0.0,1,287.8315789473684,0000000000000000000000000000000000000000000000000000000000000000000000000000000000000000000000000000,0.0,287.8315789473684
06ac6393eee7a87a46f65b36cf9d1863821846f32cd08b7f9dd84710f2fa08a1,5,5,20311214,highly_constrained,0.3,2.0,20265734,all_offload,1111111111111111111111111111111111111111111111111111111111111111111111111111111111111111111111111111,0,265.980347613776,0.5063195923555401,0.0,0,0,0,,0,0,0,100,100,1.0,inf,inf,0.0,100.0,100.0,18.947368421052634,18.0,5.277777777777777,26.357499999999995,26.357499999999995,2.0,13.178749999999996,1,1,1,1,inf,inf,79.09135887833743,6603.730236805878,790.9135887833743,inf,0,inf,0000000000000000000000000000000000000000000000000000000000100000000000000000001010010000110000001000,0.93,267.32705822555994
06ac6393eee7a87a46f65b36cf9d1863821846f32cd08b7f9dd84710f2fa08a1,5,5,20311214,highly_constrained,0.3,2.0,20265734,qdp_oracle,0000000000000000000000000000000000000000000000000000000000100000000000000000001010110000110000001000,1,265.980347613776,0.0,0.4023919170722365,0,0,0,,0,0,0,100,8,0.08,265.9491085755395,265.9491085755395,0.0,6.1667488899852,6.1667488899852,18.947368421052634,18.0,0.3254673025269966,1.6575,1.6575,2.0,0.82875,0,0,0,0,4286.153830328879,42.86153830328879,7499.064042381037,328.60183568346037,33.005297629591674,140.6269554264353,1,265.980347613776,0000000000000000000000000000000000000000000000000000000000100000000000000000001010110000110000001000,0.0,265.980347613776
06ac6393eee7a87a46f65b36cf9d1863821846f32cd08b7f9dd84710f2fa08a1,5,6,20311311,abundant,1.0,13.0,20265735,wa_mcbr,0000010010100001000000100010100000000000000010000000000001110000000000000000011000110000110000011000,1,256.6447783414952,0.0,0.0223795420024544,444,65,0,True,16872,35520,52392,100,19,0.19,256.56794458278335,256.56794458278335,0.0,17.266896891958563,17.266896891958563,63.15789473684211,60.0,0.2733925341226772,4.484999999999999,4.484999999999999,13.0,0.345,0,0,0,0,3966.630894097952,39.66630894097952,6006.210618629112,740.1928562538961,74.24308574273286,114.0647278488175,1,256.6447783414952,0000010010100001000000100010100000000000000010000000000001110000000000000000011000110000110000011000,0.0,256.6447783414952
06ac6393eee7a87a46f65b36cf9d1863821846f32cd08b7f9dd84710f2fa08a1,5,6,20311311,abundant,1.0,13.0,20265735,wa_mcbr_swap,0000010010100001000000100010100000000000000010000000000001110000000000000000011000110000110000011000,1,256.6447783414952,0.0,0.0381601250264793,444,65,0,True,16872,35520,52392,100,19,0.19,256.56794458278335,256.56794458278335,0.0,17.266896891958563,17.266896891958563,63.15789473684211,60.0,0.2733925341226772,4.484999999999999,4.484999999999999,13.0,0.345,0,0,0,0,3966.630894097952,39.66630894097952,6006.210618629112,740.1928562538961,74.24308574273286,114.0647278488175,1,256.6447783414952,0000010010100001000000100010100000000000000010000000000001110000000000000000011000110000110000011000,0.0,256.6447783414952
06ac6393eee7a87a46f65b36cf9d1863821846f32cd08b7f9dd84710f2fa08a1,5,6,20311311,abundant,1.0,13.0,20265735,capacity_greedy,0000010010100001000000100010100000000000000010000000000001110000000000000000011000110000110000011000,1,256.6447783414952,0.0,0.0181820839643478,0,0,0,,0,0,0,100,19,0.19,256.56794458278335,256.56794458278335,0.0,17.266896891958563,17.266896891958563,63.15789473684211,60.0,0.2733925341226772,4.484999999999999,4.484999999999999,13.0,0.345,0,0,0,0,3966.630894097952,39.66630894097952,6006.210618629112,740.1928562538961,74.24308574273286,114.0647278488175,1,256.6447783414952,0000010010100001000000100010100000000000000010000000000001110000000000000000011000110000110000011000,0.0,256.6447783414952
06ac6393eee7a87a46f65b36cf9d1863821846f32cd08b7f9dd84710f2fa08a1,5,6,20311311,abundant,1.0,13.0,20265735,lagrangian_relaxation,0000010010000001000000000010100000000000000000000000000001111001000000000000011000110000110000011000,1,256.6447783414952,0.8620145041366242,0.050624749972485,300,0,0,False,0,0,0,100,18,0.18,258.7837156567507,258.7837156567507,0.0,16.033547113961518,16.033547113961518,63.15789473684211,60.0,0.2538644959710573,4.241249999999999,4.241249999999999,13.0,0.3262499999999999,0,0,0,0,3954.506832445045,39.54506832445045,5941.725373330242,923.0975751498908,95.85407390236576,105.05978290814922,1,258.8570935549082,0000010010000001000000000010100000000000000000000000000001111001000000000000011000110000110000011000,0.0,258.8570935549082
06ac6393eee7a87a46f65b36cf9d1863821846f32cd08b7f9dd84710f2fa08a1,5,6,20311311,abundant,1.0,13.0,20265735,legacy_count_br,0100010010101001000100100010100000000000000010010010000001110000000001011000011000111100110000011000,1,256.6447783414952,2.221129482010048,0.0037043750053271,497,57,0,False,0,0,0,100,29,0.29,262.08247809323314,262.08247809323314,0.0,27.380365071534293,27.380365071534293,63.15789473684211,60.0,0.4335224469659596,7.003749999999999,7.003749999999999,13.0,0.53875,0,0,0,0,3853.3480953451926,38.53348095345193,5424.249899830445,911.0243618134936,91.37585622227913,211.3237535379926,1,262.3451911772775,0100010010101001000100100010100000000000000010010010000001110000000001011000011000111100110000011000,0.0,262.3451911772775
06ac6393eee7a87a46f65b36cf9d1863821846f32cd08b7f9dd84710f2fa08a1,5,6,20311311,abundant,1.0,13.0,20265735,random_feasible,1001111001011010000011001101100100000000001110111011110010111000001101001010011100011110111000011101,1,256.6447783414952,25.17950058613693,7.291603833436966e-05,0,0,0,,0,0,0,100,49,0.49,401.1885422524766,401.1885422524766,0.0,48.34731129748397,48.34731129748397,63.15789473684211,60.0,0.7654990955434962,12.78875,12.78875,13.0,0.98375,0,0,0,0,3738.9359115425086,37.38935911542509,4253.678835794805,2864.6389194781623,336.3027713225521,836.0939691444601,0,inf,1001111001011010000001000101100100000000001010111010100010111000000101001010011100011110110000011001,0.08,321.26665180828184
06ac6393eee7a87a46f65b36cf9d1863821846f32cd08b7f9dd84710f2fa08a1,5,6,20311311,abundant,1.0,13.0,20265735,all_local,0000000000000000000000000000000000000000000000000000000000000000000000000000000000000000000000000000,1,256.6447783414952,12.151737825102211,0.0,0,0,0,,0,0,0,100,0,0.0,287.8315789473684,287.8315789473684,0.0,0.0,0.0,63.15789473684211,60.0,0.0,0.0,0.0,13.0,0.0,0,0,0,0,4708.799999999999,47.087999999999994,9417.6,0.0,0.0,0.0,1,287.8315789473684,0000000000000000000000000000000000000000000000000000000000000000000000000000000000000000000000000000,0.0,287.8315789473684
06ac6393eee7a87a46f65b36cf9d1863821846f32cd08b7f9dd84710f2fa08a1,5,6,20311311,abundant,1.0,13.0,20265735,all_offload,1111111111111111111111111111111111111111111111111111111111111111111111111111111111111111111111111111,0,256.6447783414952,14.789280880329704,0.0,0,0,0,,0,0,0,100,100,1.0,inf,inf,0.0,100.0,100.0,63.15789473684211,60.0,1.583333333333333,26.357499999999995,26.357499999999995,13.0,2.0274999999999994,1,1,1,1,inf,inf,77.63608105673887,6422.304217579253,776.3608105673887,inf,0,inf,0101110011111101010100100010100000000000001010010110001001110000000001011100111101111101110101001000,0.56,294.6006954751185
06ac6393eee7a87a46f65b36cf9d1863821846f32cd08b7f9dd84710f2fa08a1,5,6,20311311,abundant,1.0,13.0,20265735,qdp_oracle,0000010010100001000000100010100000000000000010000000000001110000000000000000011000110000110000011000,1,256.6447783414952,0.0,10.44921895803418,0,0,0,,0,0,0,100,19,0.19,256.56794458278335,256.56794458278335,0.0,17.266896891958563,17.266896891958563,63.15789473684211,60.0,0.2733925341226772,4.484999999999999,4.484999999999999,13.0,0.345,0,0,0,0,3966.630894097952,39.66630894097952,6006.210618629112,740.1928562538961,74.24308574273286,114.0647278488175,1,256.6447783414952,0000010010100001000000100010100000000000000010000000000001110000000000000000011000110000110000011000,0.0,256.6447783414952
06ac6393eee7a87a46f65b36cf9d1863821846f32cd08b7f9dd84710f2fa08a1,5,6,20311311,moderate,0.6,5.0,20265735,wa_mcbr,0000010010100001000000000010100000000000000000000000000001110000000000000000011000110000110000011000,1,258.471088206314,0.008753915388853693,0.0275169169763103,558,25,0,True,21204,44640,65844,100,17,0.17,258.351087607075,258.351087607075,0.0,15.046867291563888,15.046867291563888,37.89473684210527,36.0,0.3970701090829359,3.91625,3.91625,5.0,0.78325,0,0,0,0,4000.965463833264,40.009654638332634,6164.426095684978,719.2089063186058,72.12327558691833,184.6419074027774,1,258.4937145466802,0000010010100001000000000010100000000000000000000000000001110000000000000000011000110000110000011000,0.0,258.4937145466802
06ac6393eee7a87a46f65b36cf9d1863821846f32cd08b7f9dd84710f2fa08a1,5,6,20311311,moderate,0.6,5.0,20265735,wa_mcbr_swap,0000010010100001000000000010100000000000000000000000000001110000000000000000011000110000110000011000,1,258.471088206314,0.008753915388853693,0.0419748330023139,558,25,0,True,21204,44640,65844,100,17,0.17,258.351087607075,258.351087607075,0.0,15.046867291563888,15.046867291563888,37.89473684210527,36.0,0.3970701090829359,3.91625,3.91625,5.0,0.78325,0,0,0,0,4000.965463833264,40.009654638332634,6164.426095684978,719.2089063186058,72.12327558691833,184.6419074027774,1,258.4937145466802,0000010010100001000000000010100000000000000000000000000001110000000000000000011000110000110000011000,0.0,258.4937145466802
06ac6393eee7a87a46f65b36cf9d1863821846f32cd08b7f9dd84710f2fa08a1,5,6,20311311,moderate,0.6,5.0,20265735,capacity_greedy,0000010010100001000000000010100000000000000000000000000001110000000000000000011000110000110000011000,1,258.471088206314,0.008753915388853693,0.016700749984011,0,0,0,,0,0,0,100,17,0.17,258.351087607075,258.351087607075,0.0,15.046867291563888,15.046867291563888,37.89473684210527,36.0,0.3970701090829359,3.91625,3.91625,5.0,0.78325,0,0,0,0,4000.965463833264,40.009654638332634,6164.426095684978,719.2089063186058,72.12327558691833,184.6419074027774,1,258.4937145466802,0000010010100001000000000010100000000000000000000000000001110000000000000000011000110000110000011000,0.0,258.4937145466802
06ac6393eee7a87a46f65b36cf9d1863821846f32cd08b7f9dd84710f2fa08a1,5,6,20311311,moderate,0.6,5.0,20265735,lagrangian_relaxation,0000010010100001000000100010100000000000000010010000000001110000000000001000011000111000110000001000,1,258.471088206314,0.4243238050290648,0.0106775419553741,300,0,0,False,0,0,0,100,21,0.21,260.5793324841772,260.5793324841772,0.0,18.993586581154418,18.993586581154418,37.89473684210527,36.0,0.5012196458915749,4.891249999999999,4.891249999999999,5.0,0.9782499999999998,0,0,0,0,4004.7872450696714,40.047872450696715,6164.553890260041,642.4557084124369,64.47096476385383,271.2226282385911,0,inf,0000010010100001000000100010100000000000000000000000000001110000000000000000011000111000110000001000,0.03,259.56784256269106
06ac6393eee7a87a46f65b36cf9d1863821846f32cd08b7f9dd84710f2fa08a1,5,6,20311311,moderate,0.6,5.0,20265735,legacy_count_br,0100000011110000010100100000100000000000000010000110000000010000000000010000111000000000000101001000,1,258.471088206314,5.09693407515485,0.0014326670207083,153,2,0,False,0,0,0,100,20,0.2,274.4503629120411,274.4503629120411,0.0,19.73359644795264,19.73359644795264,37.89473684210527,36.0,0.5207476840431947,4.956250000000001,4.956250000000001,5.0,0.9912500000000002,0,0,0,0,4272.911039775324,42.72911039775324,7374.072518933861,633.9061006271007,63.62594669304225,291.6458881390828,0,inf,0100000010110000010100100000100000000000000010000110000000010000000000010000011000000000000000001000,0.04,271.64518917552516
06ac6393eee7a87a46f65b36cf9d1863821846f32cd08b7f9dd84710f2fa08a1,5,6,20311311,moderate,0.6,5.0,20265735,random_feasible,0000110000001000000000000000100000000000000010010010000000110000000001001000011000011100110000011000,1,258.471088206314,1.5902625050622416,0.0003660829970613,0,0,0,,0,0,0,100,20,0.2,264.68638837798756,264.68638837798756,0.0,18.993586581154418,18.993586581154418,37.89473684210527,36.0,0.5012196458915749,4.907499999999999,4.907499999999999,5.0,0.9814999999999998,0,0,0,0,4051.695095643517,40.516950956435174,6369.911638644242,753.5321539372744,75.5819322121144,271.2226282385911,0,inf,0000010000000000000000000000100000000000000010010000000000110000000001001000011000011100110000011000,0.03,262.58145700848536
06ac6393eee7a87a46f65b36cf9d1863821846f32cd08b7f9dd84710f2fa08a1,5,6,20311311,moderate,0.6,5.0,20265735,all_local,0000000000000000000000000000000000000000000000000000000000000000000000000000000000000000000000000000,1,258.471088206314,11.359293971640891,0.0,0,0,0,,0,0,0,100,0,0.0,287.8315789473684,287.8315789473684,0.0,0.0,0.0,37.89473684210527,36.0,0.0,0.0,0.0,5.0,0.0,0,0,0,0,4708.799999999999,47.087999999999994,9417.6,0.0,0.0,0.0,1,287.8315789473684,0000000000000000000000000000000000000000000000000000000000000000000000000000000000000000000000000000,0.0,287.8315789473684
06ac6393eee7a87a46f65b36cf9d1863821846f32cd08b7f9dd84710f2fa08a1,5,6,20311311,moderate,0.6,5.0,20265735,all_offload,1111111111111111111111111111111111111111111111111111111111111111111111111111111111111111111111111111,0,258.471088206314,0.4243238050290648,0.0,0,0,0,,0,0,0,100,100,1.0,inf,inf,0.0,100.0,100.0,37.89473684210527,36.0,2.6388888888888884,26.357499999999995,26.357499999999995,5.0,5.271499999999999,1,1,1,1,inf,inf,77.63608105673887,6422.304217579253,776.3608105673887,inf,0,inf,0000010010100001000000100010100000000000000000000000000001110000000000000000011000111000110000001000,0.82,259.56784256269106
06ac6393eee7a87a46f65b36cf9d1863821846f32cd08b7f9dd84710f2fa08a1,5,6,20311311,moderate,0.6,5.0,20265735,qdp_oracle,0000010010100001000000000010100000000000000000000000000000110000000000000000011000110000110000011000,1,258.471088206314,0.0,1.8110995000461116,0,0,0,,0,0,0,100,16,0.16,258.36216745799624,258.36216745799624,0.0,14.306857424765663,14.306857424765663,37.89473684210527,36.0,0.3775420709313161,3.72125,3.72125,5.0,0.7442500000000001,0,0,0,0,4021.0413293181296,40.2104132931813,6261.512634216789,693.4495127472826,69.53963854936879,171.63356963585923,1,258.471088206314,0000010010100001000000000010100000000000000000000000000000110000000000000000011000110000110000011000,0.0,258.471088206314
06ac6393eee7a87a46f65b36cf9d1863821846f32cd08b7f9dd84710f2fa08a1,5,6,20311311,highly_constrained,0.3,2.0,20265735,wa_mcbr,0000000010100000000000100000100000000000000000000000000000010000000000000000011000000000000000001000,1,267.1645857252379,2.6516478289377003,0.0053051250288262,100,0,0,True,3800,8000,11800,100,8,0.08,272.9250530785876,272.9250530785876,0.0,7.646768623581648,7.646768623581648,18.947368421052634,18.0,0.4035794551334758,1.95,1.95,2.0,0.975,0,0,0,0,4412.120228362785,44.12120228362785,8064.261653925296,325.86122766979975,32.7067406620258,189.1673176784155,0,inf,0000000010000000000000000000100000000000000000000000000000010000000000000000011000000000000000001000,0.02,274.24884966231156
06ac6393eee7a87a46f65b36cf9d1863821846f32cd08b7f9dd84710f2fa08a1,5,6,20311311,highly_constrained,0.3,2.0,20265735,wa_mcbr_swap,0000000000000000000000000000000000000000000000000000000000110000000000000000001000010000110000011000,1,267.1645857252379,0.5082109613170767,0.0427708750357851,100,0,5,False,3800,8000,11800,100,8,0.08,266.08641103160653,266.08641103160653,0.0,6.660088801184016,6.660088801184016,18.947368421052634,18.0,0.3515046867291563,1.7875,1.7875,2.0,0.89375,0,0,0,0,4264.313105788369,42.64313105788369,7394.787881178844,483.6304259045474,48.4851473555822,155.50779764168882,0,inf,0000000000000000000000000000000000000000000000000000000000110000000000000000001000010000110000001000,0.01,268.5223454346509
06ac6393eee7a87a46f65b36cf9d1863821846f32cd08b7f9dd84710f2fa08a1,5,6,20311311,highly_constrained,0.3,2.0,20265735,capacity_greedy,0000000000000000000000000000000000000000000000000000000000110000000000000000001000110000110000011000,1,267.1645857252379,-2.1276554565232657e-14,0.008345584035851,0,0,0,,0,0,0,100,9,0.09,264.96121494330265,264.96121494330265,0.0,7.40009866798224,7.40009866798224,18.947368421052634,18.0,0.3905607630323959,1.9825,1.9825,2.0,0.99125,0,0,0,0,4232.51344068889,42.3251344068889,7247.250286016088,499.05801981851147,50.031779565288645,180.21316783594168,0,inf,0000000000000000000000000000000000000000000000000000000000110000000000000000001000110000110000001000,0.01,267.1645857252378
06ac6393eee7a87a46f65b36cf9d1863821846f32cd08b7f9dd84710f2fa08a1,5,6,20311311,highly_constrained,0.3,2.0,20265735,lagrangian_relaxation,0000000000000000000000000000000000000000000000000000000000110000000000000000001000110000110000011000,1,267.1645857252379,-2.1276554565232657e-14,0.0088583750184625,300,0,0,True,0,0,0,100,9,0.09,264.96121494330265,264.96121494330265,0.0,7.40009866798224,7.40009866798224,18.947368421052634,18.0,0.3905607630323959,1.9825,1.9825,2.0,0.99125,0,0,0,0,4232.51344068889,42.3251344068889,7247.250286016088,499.05801981851147,50.031779565288645,180.21316783594168,0,inf,0000000000000000000000000000000000000000000000000000000000110000000000000000001000110000110000001000,0.01,267.1645857252378
06ac6393eee7a87a46f65b36cf9d1863821846f32cd08b7f9dd84710f2fa08a1,5,6,20311311,highly_constrained,0.3,2.0,20265735,legacy_count_br,0000000010100000000000100000100000000000000000000000000000010000000000000000011000000000000000001000,1,267.1645857252379,2.6516478289377003,0.0016399169107899,100,0,0,True,0,0,0,100,8,0.08,272.9250530785876,272.9250530785876,0.0,7.646768623581648,7.646768623581648,18.947368421052634,18.0,0.4035794551334758,1.95,1.95,2.0,0.975,0,0,0,0,4412.120228362785,44.12120228362785,8064.261653925296,325.86122766979975,32.7067406620258,189.1673176784155,0,inf,0000000010000000000000000000100000000000000000000000000000010000000000000000011000000000000000001000,0.02,274.24884966231156
06ac6393eee7a87a46f65b36cf9d1863821846f32cd08b7f9dd84710f2fa08a1,5,6,20311311,highly_constrained,0.3,2.0,20265735,random_feasible,0000000000000000000000000000000000000000000000000000000000110000000000000000001000010000110000011000,1,267.1645857252379,0.5082109613170767,0.0004974589683115,0,0,0,,0,0,0,100,8,0.08,266.08641103160653,266.08641103160653,0.0,6.660088801184016,6.660088801184016,18.947368421052634,18.0,0.3515046867291563,1.7875,1.7875,2.0,0.89375,0,0,0,0,4264.313105788369,42.64313105788369,7394.787881178844,483.6304259045474,48.4851473555822,155.50779764168882,0,inf,0000000000000000000000000000000000000000000000000000000000110000000000000000001000010000110000001000,0.01,268.5223454346509
06ac6393eee7a87a46f65b36cf9d1863821846f32cd08b7f9dd84710f2fa08a1,5,6,20311311,highly_constrained,0.3,2.0,20265735,all_local,0000000000000000000000000000000000000000000000000000000000000000000000000000000000000000000000000000,1,267.1645857252379,7.735678426850052,0.0,0,0,0,,0,0,0,100,0,0.0,287.8315789473684,287.8315789473684,0.0,0.0,0.0,18.947368421052634,18.0,0.0,0.0,0.0,2.0,0.0,0,0,0,0,4708.799999999999,47.087999999999994,9417.6,0.0,0.0,0.0,1,287.8315789473684,0000000000000000000000000000000000000000000000000000000000000000000000000000000000000000000000000000,0.0,287.8315789473684
06ac6393eee7a87a46f65b36cf9d1863821846f32cd08b7f9dd84710f2fa08a1,5,6,20311311,highly_constrained,0.3,2.0,20265735,all_offload,1111111111111111111111111111111111111111111111111111111111111111111111111111111111111111111111111111,0,267.1645857252379,-2.1276554565232657e-14,0.0,0,0,0,,0,0,0,100,100,1.0,inf,inf,0.0,100.0,100.0,18.947368421052634,18.0,5.277777777777777,26.357499999999995,26.357499999999995,2.0,13.178749999999996,1,1,1,1,inf,inf,77.63608105673887,6422.304217579253,776.3608105673887,inf,0,inf,0000000000000000000000000000000000000000000000000000000000110000000000000000001000110000110000001000,0.92,267.1645857252378
06ac6393eee7a87a46f65b36cf9d1863821846f32cd08b7f9dd84710f2fa08a1,5,6,20311311,highly_constrained,0.3,2.0,20265735,qdp_oracle,0000000000000000000000000000000000000000000000000000000000110000000000000000001000110000110000001000,1,267.1645857252379,-2.1276554565232657e-14,0.3302618749439716,0,0,0,,0,0,0,100,8,0.08,267.13334668700134,267.13334668700134,0.0,6.1667488899852,6.1667488899852,18.947368421052634,18.0,0.3254673025269966,1.6575,1.6575,2.0,0.82875,0,0,0,0,4310.834149093052,43.10834149093051,7610.651805495334,313.64168120492553,31.475686916623268,140.6269554264353,1,267.1645857252378,0000000000000000000000000000000000000000000000000000000000110000000000000000001000110000110000001000,0.0,267.1645857252378
06ac6393eee7a87a46f65b36cf9d1863821846f32cd08b7f9dd84710f2fa08a1,5,7,20311408,abundant,1.0,13.0,20265736,wa_mcbr,1000010010000001000010000010100000000000000000000000000001110000000000001000011010011000100000011000,1,255.89036199739124,0.0012487572325212695,0.0440751250134781,917,66,0,True,34846,73360,108206,100,19,0.19,255.8289175400118,255.8289175400118,0.0,17.76023680315738,17.76023680315738,63.15789473684211,60.0,0.2812037493833251,4.5337499999999995,4.5337499999999995,13.0,0.3487499999999999,0,0,0,0,3934.0568096366146,39.34056809636615,5855.106801818264,790.4494325234758,79.30535885597543,117.8037062457104,1,255.893557446794,1000010010000001000010000010100000000000000000000000000001110000000000001000011010011000100000011000,0.0,255.893557446794
06ac6393eee7a87a46f65b36cf9d1863821846f32cd08b7f9dd84710f2fa08a1,5,7,20311408,abundant,1.0,13.0,20265736,wa_mcbr_swap,1000010011000001000010000010100000000000000000000000000001110000000000001000011010011000100000010000,1,255.89036199739124,0.0,0.075593875022605,917,66,1,True,34846,73360,108206,100,19,0.19,255.8232761212525,255.8232761212525,0.0,18.253576714356193,18.253576714356193,63.15789473684211,60.0,0.289014964643973,4.615,4.615,13.0,0.355,0,0,0,0,3953.759640120433,39.537596401204326,5948.589182961704,728.8825337742901,73.11489272124103,121.62484098531284,1,255.89036199739124,1000010011000001000010000010100000000000000000000000000001110000000000001000011010011000100000010000,0.0,255.89036199739124
06ac6393eee7a87a46f65b36cf9d1863821846f32cd08b7f9dd84710f2fa08a1,5,7,20311408,abundant,1.0,13.0,20265736,capacity_greedy,1000010010000001000010000010100000000000000000000000000001110000000000001000011010011000100000011000,1,255.89036199739124,0.0012487572325212695,0.0183563750470057,0,0,0,,0,0,0,100,19,0.19,255.8289175400118,255.8289175400118,0.0,17.76023680315738,17.76023680315738,63.15789473684211,60.0,0.2812037493833251,4.5337499999999995,4.5337499999999995,13.0,0.3487499999999999,0,0,0,0,3934.0568096366146,39.34056809636615,5855.106801818264,790.4494325234758,79.30535885597543,117.8037062457104,1,255.893557446794,1000010010000001000010000010100000000000000000000000000001110000000000001000011010011000100000011000,0.0,255.893557446794
06ac6393eee7a87a46f65b36cf9d1863821846f32cd08b7f9dd84710f2fa08a1,5,7,20311408,abundant,1.0,13.0,20265736,lagrangian_relaxation,0000010000000000000010000010100000000000000000000000000001110100000000000000001010010000110000011000,1,255.89036199739124,1.3238855751636127,0.0346955830464139,300,0,0,False,0,0,0,100,15,0.15,259.2415615503683,259.2415615503683,0.0,13.320177602368032,13.320177602368032,63.15789473684211,60.0,0.2109028120374938,3.4775,3.4775,13.0,0.2675,0,0,0,0,4000.291116190267,40.002911161902674,6161.023710899829,945.923323802538,94.91405998862,86.81775554860894,1,259.27805758810865,0000010000000000000010000010100000000000000000000000000001110100000000000000001010010000110000011000,0.0,259.27805758810865
06ac6393eee7a87a46f65b36cf9d1863821846f32cd08b7f9dd84710f2fa08a1,5,7,20311408,abundant,1.0,13.0,20265736,legacy_count_br,1100110011000011000110000010100001000000000010000000000011110000000001001000011110011000100000011000,1,255.89036199739124,5.523468064806501,0.0036653750576078,517,56,0,False,0,0,0,100,29,0.29,269.765875739637,269.765875739637,0.0,28.120374938332517,28.120374938332517,63.15789473684211,60.0,0.4452392698569315,7.13375,7.13375,13.0,0.54875,0,0,0,0,3810.996916796194,38.10996916796194,5187.670455853695,1262.0075723255034,126.5674432308826,220.64473099155188,1,270.0243844232349,1100110011000011000110000010100001000000000010000000000011110000000001001000011110011000100000011000,0.0,270.0243844232349
06ac6393eee7a87a46f65b36cf9d1863821846f32cd08b7f9dd84710f2fa08a1,5,7,20311408,abundant,1.0,13.0,20265736,random_feasible,0100010110001001101010000111010000110110110001100011000001110000101100110000110100101000001111011101,1,255.89036199739124,38.84664670679469,2.6499968953430653e-05,0,0,0,,0,0,0,100,44,0.44,423.8654119863319,423.8654119863319,0.0,44.49925999013321,44.49925999013321,63.15789473684211,60.0,0.7045716165104424,11.74875,11.74875,13.0,0.90375,0,0,0,0,3890.123961847822,38.90123961847822,4893.950332220073,3722.952172907069,444.3257322743642,616.2287781797943,0,inf,0100010010001001101010000111010000110000110001100011000001110000101100110000110100001000001111011101,0.04,355.2951868792558
06ac6393eee7a87a46f65b36cf9d1863821846f32cd08b7f9dd84710f2fa08a1,5,7,20311408,abundant,1.0,13.0,20265736,all_local,0000000000000000000000000000000000000000000000000000000000000000000000000000000000000000000000000000,1,255.89036199739124,12.482383744606537,0.0,0,0,0,,0,0,0,100,0,0.0,287.8315789473684,287.8315789473684,0.0,0.0,0.0,63.15789473684211,60.0,0.0,0.0,0.0,13.0,0.0,0,0,0,0,4708.799999999999,47.087999999999994,9417.6,0.0,0.0,0.0,1,287.8315789473684,0000000000000000000000000000000000000000000000000000000000000000000000000000000000000000000000000000,0.0,287.8315789473684
06ac6393eee7a87a46f65b36cf9d1863821846f32cd08b7f9dd84710f2fa08a1,5,7,20311408,abundant,1.0,13.0,20265736,all_offload,1111111111111111111111111111111111111111111111111111111111111111111111111111111111111111111111111111,0,255.89036199739124,14.52766212846797,0.0,0,0,0,,0,0,0,100,100,1.0,inf,inf,0.0,100.0,100.0,63.15789473684211,60.0,1.583333333333333,26.357499999999995,26.357499999999995,13.0,2.0274999999999994,1,1,1,1,inf,inf,77.26207994584543,6451.448750068099,772.6207994584543,inf,0,inf,1101110011110111110110100010100000001000000010010100000111110000000001011000111110011000100101011000,0.57,293.06524920768584
06ac6393eee7a87a46f65b36cf9d1863821846f32cd08b7f9dd84710f2fa08a1,5,7,20311408,abundant,1.0,13.0,20265736,qdp_oracle,1000010011000001000010000010100000000000000000000000000001110000000000001000011010011000100000010000,1,255.89036199739124,0.0,10.249263999983668,0,0,0,,0,0,0,100,19,0.19,255.8232761212525,255.8232761212525,0.0,18.253576714356193,18.253576714356193,63.15789473684211,60.0,0.289014964643973,4.615,4.615,13.0,0.355,0,0,0,0,3953.759640120433,39.537596401204326,5948.589182961704,728.8825337742901,73.11489272124103,121.62484098531284,1,255.89036199739124,1000010011000001000010000010100000000000000000000000000001110000000000001000011010011000100000010000,0.0,255.89036199739124
06ac6393eee7a87a46f65b36cf9d1863821846f32cd08b7f9dd84710f2fa08a1,5,7,20311408,moderate,0.6,5.0,20265736,wa_mcbr,0000000010000001000010000010100000000000000000000000000001110000000000001000011010010000100000011000,1,257.786735573982,0.0,0.028724875068292,568,32,0,True,21584,45440,67024,100,16,0.16,257.6825877489543,257.6825877489543,0.0,15.046867291563888,15.046867291563888,37.89473684210527,36.0,0.3970701090829359,3.85125,3.85125,5.0,0.77025,0,0,0,0,3987.767261739134,39.87767261739134,6106.805416955612,750.8119512931091,75.3385597257463,184.6419074027774,1,257.786735573982,0000000010000001000010000010100000000000000000000000000001110000000000001000011010010000100000011000,0.0,257.786735573982
06ac6393eee7a87a46f65b36cf9d1863821846f32cd08b7f9dd84710f2fa08a1,5,7,20311408,moderate,0.6,5.0,20265736,wa_mcbr_swap,0000000010000001000010000010100000000000000000000000000001110000000000001000011010010000100000011000,1,257.786735573982,0.0,0.0424265001202002,568,32,0,True,21584,45440,67024,100,16,0.16,257.6825877489543,257.6825877489543,0.0,15.046867291563888,15.046867291563888,37.89473684210527,36.0,0.3970701090829359,3.85125,3.85125,5.0,0.77025,0,0,0,0,3987.767261739134,39.87767261739134,6106.805416955612,750.8119512931091,75.3385597257463,184.6419074027774,1,257.786735573982,0000000010000001000010000010100000000000000000000000000001110000000000001000011010010000100000011000,0.0,257.786735573982
06ac6393eee7a87a46f65b36cf9d1863821846f32cd08b7f9dd84710f2fa08a1,5,7,20311408,moderate,0.6,5.0,20265736,capacity_greedy,0000000010000001000010000010100000000000000000000000000001110000000000001000011010010000100000011000,1,257.786735573982,0.0,0.0156715420307591,0,0,0,,0,0,0,100,16,0.16,257.6825877489543,257.6825877489543,0.0,15.046867291563888,15.046867291563888,37.89473684210527,36.0,0.3970701090829359,3.85125,3.85125,5.0,0.77025,0,0,0,0,3987.767261739134,39.87767261739134,6106.805416955612,750.8119512931091,75.3385597257463,184.6419074027774,1,257.786735573982,0000000010000001000010000010100000000000000000000000000001110000000000001000011010010000100000011000,0.0,257.786735573982
06ac6393eee7a87a46f65b36cf9d1863821846f32cd08b7f9dd84710f2fa08a1,5,7,20311408,moderate,0.6,5.0,20265736,lagrangian_relaxation,1000010011000001000010000010100000000000000000000000000001110000000000001000011010011000100000011000,1,257.786735573982,0.01676976936187135,0.0084520829841494,300,0,0,False,0,0,0,100,20,0.2,258.62592244346536,258.62592244346536,0.0,18.74691662555501,18.74691662555501,37.89473684210527,36.0,0.4947102998410349,4.7775,4.7775,5.0,0.9555,0,0,0,0,3923.6105500538783,39.236105500538784,5790.39670339476,795.7618268423221,79.83516973799759,264.7656758515947,0,inf,0000010010000001000010000010100000000000000000000000000001110000000000001000011010010000100000011000,0.03,257.82996581498327
06ac6393eee7a87a46f65b36cf9d1863821846f32cd08b7f9dd84710f2fa08a1,5,7,20311408,moderate,0.6,5.0,20265736,legacy_count_br,1100110011010011000100000010000000000000000010000100000011000000000000001000010100000000100000001000,1,257.786735573982,5.9451681469087045,0.0018884160090237,218,8,0,False,0,0,0,100,20,0.2,274.84699665657354,274.84699665657354,0.0,18.746916625555013,18.746916625555013,37.89473684210527,36.0,0.494710299841035,4.7775,4.7775,5.0,0.9555,0,0,0,0,4292.253504918693,42.922535049186926,7464.060833277216,627.9095700830238,63.04166386079821,264.7656758515948,0,inf,1100110011000011000100000010000000000000000010000000000001000000000000001000010100000000100000001000,0.03,273.11259046428216
06ac6393eee7a87a46f65b36cf9d1863821846f32cd08b7f9dd84710f2fa08a1,5,7,20311408,moderate,0.6,5.0,20265736,random_feasible,0100010010000001100010000010000000000000000000000000000001110000000100010000110100001000000101011000,1,257.786735573982,4.426380311124849,0.0002898750826716,0,0,0,,0,0,0,100,20,0.2,272.2242903411102,272.2242903411102,0.0,19.48692649235323,19.48692649235323,37.89473684210527,36.0,0.5142383379926547,4.94,4.94,5.0,0.988,0,0,0,0,4146.385935352364,41.46385935352364,6784.154847903562,874.6410844856273,87.74239517813173,284.6556831325641,0,inf,0100010010000001000010000010000000000000000000000000000001110000000000010000010100001000000101011000,0.03,269.19735688212023
06ac6393eee7a87a46f65b36cf9d1863821846f32cd08b7f9dd84710f2fa08a1,5,7,20311408,moderate,0.6,5.0,20265736,all_local,0000000000000000000000000000000000000000000000000000000000000000000000000000000000000000000000000000,1,257.786735573982,11.654922161332022,0.0,0,0,0,,0,0,0,100,0,0.0,287.8315789473684,287.8315789473684,0.0,0.0,0.0,37.89473684210527,36.0,0.0,0.0,0.0,5.0,0.0,0,0,0,0,4708.799999999999,47.087999999999994,9417.6,0.0,0.0,0.0,1,287.8315789473684,0000000000000000000000000000000000000000000000000000000000000000000000000000000000000000000000000000,0.0,287.8315789473684
06ac6393eee7a87a46f65b36cf9d1863821846f32cd08b7f9dd84710f2fa08a1,5,7,20311408,moderate,0.6,5.0,20265736,all_offload,1111111111111111111111111111111111111111111111111111111111111111111111111111111111111111111111111111,0,257.786735573982,0.01676976936187135,0.0,0,0,0,,0,0,0,100,100,1.0,inf,inf,0.0,100.0,100.0,37.89473684210527,36.0,2.6388888888888884,26.357499999999995,26.357499999999995,5.0,5.271499999999999,1,1,1,1,inf,inf,77.26207994584543,6451.448750068099,772.6207994584543,inf,0,inf,0000010010000001000010000010100000000000000000000000000001110000000000001000011010010000100000011000,0.83,257.82996581498327
06ac6393eee7a87a46f65b36cf9d1863821846f32cd08b7f9dd84710f2fa08a1,5,7,20311408,moderate,0.6,5.0,20265736,qdp_oracle,0000000010000001000010000010100000000000000000000000000001110000000000001000011010010000100000011000,1,257.786735573982,0.0,1.7858414159854874,0,0,0,,0,0,0,100,16,0.16,257.6825877489543,257.6825877489543,0.0,15.046867291563888,15.046867291563888,37.89473684210527,36.0,0.3970701090829359,3.85125,3.85125,5.0,0.77025,0,0,0,0,3987.767261739134,39.87767261739134,6106.805416955612,750.8119512931091,75.3385597257463,184.6419074027774,1,257.786735573982,0000000010000001000010000010100000000000000000000000000001110000000000001000011010010000100000011000,0.0,257.786735573982
06ac6393eee7a87a46f65b36cf9d1863821846f32cd08b7f9dd84710f2fa08a1,5,7,20311408,highly_constrained,0.3,2.0,20265736,wa_mcbr,1000010000000000000000000010000000000000000000000000001001000000000000001000010000000000100000001000,1,267.2175113484701,3.714457338800262,0.00637095910497,129,1,0,True,4902,10320,15222,100,9,0.09,276.6579603999824,276.6579603999824,0.0,7.40009866798224,7.40009866798224,18.947368421052634,18.0,0.3905607630323959,1.96625,1.96625,2.0,0.983125,0,0,0,0,4462.480659179152,44.62480659179152,8284.007650100502,450.9711854031667,45.29445561140286,180.21316783594168,0,inf,0000010000000000000000000010000000000000000000000000001001000000000000001000010000000000100000001000,0.01,277.1431918093128
06ac6393eee7a87a46f65b36cf9d1863821846f32cd08b7f9dd84710f2fa08a1,5,7,20311408,highly_constrained,0.3,2.0,20265736,wa_mcbr_swap,0000000000000000000000000000000000000000000000000000000001100000000000000000001010010000110000011000,1,267.2175113484701,0.0,0.0426880421582609,129,1,6,True,4902,10320,15222,100,9,0.09,266.1593973300589,266.1593973300589,0.0,7.40009866798224,7.40009866798224,18.947368421052634,18.0,0.3905607630323959,1.9825,1.9825,2.0,0.99125,0,0,0,0,4220.81862514001,42.2081862514001,7186.242561943063,710.7451810540771,71.39577145151918,180.21316783594168,0,inf,0000000000000000000000000000000000000000000000000000000000100000000000000000001010010000100000011000,0.02,267.2175113484701
06ac6393eee7a87a46f65b36cf9d1863821846f32cd08b7f9dd84710f2fa08a1,5,7,20311408,highly_constrained,0.3,2.0,20265736,capacity_greedy,0000000000000000000010000000000000000000000000000000000000110000000000000000001010010000100000010000,1,267.2175113484701,0.30377382152551113,0.007969917031005,0,0,0,,0,0,0,100,8,0.08,264.9621691581018,264.9621691581018,0.0,7.646768623581648,7.646768623581648,18.947368421052634,18.0,0.4035794551334758,1.95,1.95,2.0,0.975,0,0,0,0,4226.806107525643,42.268061075256426,7222.051015540702,561.5961230270129,56.37694258784435,189.1673176784155,0,inf,0000000000000000000000000000000000000000000000000000000000100000000000000000001010010000100000010000,0.02,268.0292481944787
06ac6393eee7a87a46f65b36cf9d1863821846f32cd08b7f9dd84710f2fa08a1,5,7,20311408,highly_constrained,0.3,2.0,20265736,lagrangian_relaxation,0000000000000000000010000000000000000000000000000000000000110000000000000000001010010000100000010000,1,267.2175113484701,0.30377382152551113,0.0109465839341282,300,0,0,True,0,0,0,100,8,0.08,264.9621691581018,264.9621691581018,0.0,7.646768623581648,7.646768623581648,18.947368421052634,18.0,0.4035794551334758,1.95,1.95,2.0,0.975,0,0,0,0,4226.806107525643,42.268061075256426,7222.051015540702,561.5961230270129,56.37694258784435,189.1673176784155,0,inf,0000000000000000000000000000000000000000000000000000000000100000000000000000001010010000100000010000,0.02,268.0292481944787
06ac6393eee7a87a46f65b36cf9d1863821846f32cd08b7f9dd84710f2fa08a1,5,7,20311408,highly_constrained,0.3,2.0,20265736,legacy_count_br,1000010000000000000000000010000000000000000000000000001000000000000000001000010000000000100000001010,1,267.2175113484701,3.983685429917441,0.0017326669767498,111,1,0,False,0,0,0,100,9,0.09,277.4845654150086,277.4845654150086,0.0,7.40009866798224,7.40009866798224,18.947368421052634,18.0,0.3905607630323959,1.96625,1.96625,2.0,0.983125,0,0,0,0,4465.356640579683,44.65356640579683,8294.900109805561,503.85800768428726,55.56775617334645,180.21316783594168,0,inf,0000010000000000000000000010000000000000000000000000001000000000000000001000010000000000100000001000,0.02,277.8626164142471
06ac6393eee7a87a46f65b36cf9d1863821846f32cd08b7f9dd84710f2fa08a1,5,7,20311408,highly_constrained,0.3,2.0,20265736,random_feasible,0000000010000001000010000010000000000000000000000000000000110000000000000000000000000000000000011000,1,267.2175113484701,2.25904411749291,0.0004270419012755,0,0,0,,0,0,0,100,8,0.08,271.2106228914942,271.2106228914942,0.0,7.646768623581648,7.646768623581648,18.947368421052634,18.0,0.4035794551334758,1.95,1.95,2.0,0.975,0,0,0,0,4342.190957243139,43.42190957243139,7740.469589736684,584.7023377140061,58.698717085534355,189.1673176784155,0,inf,0000000000000000000010000010000000000000000000000000000000110000000000000000000000000000000000011000,0.02,273.2540728194987
06ac6393eee7a87a46f65b36cf9d1863821846f32cd08b7f9dd84710f2fa08a1,5,7,20311408,highly_constrained,0.3,2.0,20265736,all_local,0000000000000000000000000000000000000000000000000000000000000000000000000000000000000000000000000000,1,267.2175113484701,7.71434008754619,0.0,0,0,0,,0,0,0,100,0,0.0,287.8315789473684,287.8315789473684,0.0,0.0,0.0,18.947368421052634,18.0,0.0,0.0,0.0,2.0,0.0,0,0,0,0,4708.799999999999,47.087999999999994,9417.6,0.0,0.0,0.0,1,287.8315789473684,0000000000000000000000000000000000000000000000000000000000000000000000000000000000000000000000000000,0.0,287.8315789473684
06ac6393eee7a87a46f65b36cf9d1863821846f32cd08b7f9dd84710f2fa08a1,5,7,20311408,highly_constrained,0.3,2.0,20265736,all_offload,1111111111111111111111111111111111111111111111111111111111111111111111111111111111111111111111111111,0,267.2175113484701,0.30377382152551113,0.0,0,0,0,,0,0,0,100,100,1.0,inf,inf,0.0,100.0,100.0,18.947368421052634,18.0,5.277777777777777,26.357499999999995,26.357499999999995,2.0,13.178749999999996,1,1,1,1,inf,inf,77.26207994584543,6451.448750068099,772.6207994584543,inf,0,inf,0000000000000000000000000000000000000000000000000000000000100000000000000000001010010000100000010000,0.94,268.0292481944787
06ac6393eee7a87a46f65b36cf9d1863821846f32cd08b7f9dd84710f2fa08a1,5,7,20311408,highly_constrained,0.3,2.0,20265736,qdp_oracle,0000000000000000000000000000000000000000000000000000000000100000000000000000001010010000100000011000,1,267.2175113484701,0.0,0.3368219590047374,0,0,0,,0,0,0,100,7,0.07,267.19017719001323,267.19017719001323,0.0,6.166748889985199,6.166748889985199,18.947368421052634,18.0,0.3254673025269966,1.625,1.625,2.0,0.8125,0,0,0,0,4278.655209694696,42.78655209694696,7459.608812441839,581.5458581015523,58.401777405686616,140.6269554264353,1,267.2175113484701,0000000000000000000000000000000000000000000000000000000000100000000000000000001010010000100000011000,0.0,267.2175113484701
06ac6393eee7a87a46f65b36cf9d1863821846f32cd08b7f9dd84710f2fa08a1,5,8,20311505,abundant,1.0,13.0,20265737,wa_mcbr,0000110010100011000010000010100000000000000000001000001001110000000000000000001110110000110000001000,1,253.49112681893368,0.0,0.034242375055328,693,62,0,True,26334,55440,81774,100,22,0.22,253.40745133411065,253.40745133411065,0.0,19.24025653675383,19.24025653675383,63.15789473684211,60.0,0.3046373951652689,4.923749999999999,4.923749999999999,13.0,0.3787499999999999,0,0,0,0,3922.226358476239,39.222263584762395,5804.582321232738,626.2189129691445,62.83278330626549,129.5246541326712,1,253.49112681893368,0000110010100011000010000010100000000000000000001000001001110000000000000000001110110000110000001000,0.0,253.49112681893368
06ac6393eee7a87a46f65b36cf9d1863821846f32cd08b7f9dd84710f2fa08a1,5,8,20311505,abundant,1.0,13.0,20265737,wa_mcbr_swap,0000110010100011000010000010100000000000000000001000001001110000000000000000001110110000110000001000,1,253.49112681893368,0.0,0.0517660410841926,693,62,0,True,26334,55440,81774,100,22,0.22,253.40745133411065,253.40745133411065,0.0,19.24025653675383,19.24025653675383,63.15789473684211,60.0,0.3046373951652689,4.923749999999999,4.923749999999999,13.0,0.3787499999999999,0,0,0,0,3922.226358476239,39.222263584762395,5804.582321232738,626.2189129691445,62.83278330626549,129.5246541326712,1,253.49112681893368,0000110010100011000010000010100000000000000000001000001001110000000000000000001110110000110000001000,0.0,253.49112681893368
06ac6393eee7a87a46f65b36cf9d1863821846f32cd08b7f9dd84710f2fa08a1,5,8,20311505,abundant,1.0,13.0,20265737,capacity_greedy,0000110010000011000010000010100000000000000000000000001001110000000000000000001010110000110000011000,1,253.49112681893368,0.15012570957268942,0.0189100001007318,0,0,0,,0,0,0,100,20,0.2,253.79715745876055,253.79715745876055,0.0,17.51356684755797,17.51356684755797,63.15789473684211,60.0,0.2772981417530012,4.5175,4.5175,13.0,0.3475,0,0,0,0,3897.565535431415,38.97565535431415,5689.528924457453,762.3526575710846,76.44622287267116,115.92411399965872,1,253.8716821717744,0000110010000011000010000010100000000000000000000000001001110000000000000000001010110000110000011000,0.0,253.8716821717744
06ac6393eee7a87a46f65b36cf9d1863821846f32cd08b7f9dd84710f2fa08a1,5,8,20311505,abundant,1.0,13.0,20265737,lagrangian_relaxation,0000010000000000000010000010100000000000000000000000001001111000000000000000001010110000110000011000,1,253.49112681893368,1.3899806394079939,0.04296875,300,0,0,False,0,0,0,100,17,0.17,256.95663538701467,256.95663538701467,0.0,14.80019733596448,14.80019733596448,63.15789473684211,60.0,0.2343364578194375,3.8675,3.8675,13.0,0.2975,0,0,0,0,3940.455993165911,39.40455993165911,5883.96481155761,918.5442462664544,92.04773868297151,96.51417525773196,1,257.014604404334,0000010000000000000010000010100000000000000000000000001001111000000000000000001010110000110000011000,0.0,257.014604404334
06ac6393eee7a87a46f65b36cf9d1863821846f32cd08b7f9dd84710f2fa08a1,5,8,20311505,abundant,1.0,13.0,20265737,legacy_count_br,1000110010101111000111000010100000000000000000001010001001110000000000001000101110110100110100001000,1,253.49112681893368,2.1576741531983235,0.0044996249489486,639,62,0,False,0,0,0,100,32,0.32,258.68068522112276,258.68068522112276,0.0,28.860384805130735,28.860384805130735,63.15789473684211,60.0,0.4569560927479033,7.36125,7.36125,13.0,0.56625,0,0,0,0,3814.0088045350967,38.14008804535096,5247.711763422182,782.4072107655907,78.4926069431722,230.36793095616625,1,258.960639342957,1000110010101111000111000010100000000000000000001010001001110000000000001000101110110100110100001000,0.0,258.960639342957
06ac6393eee7a87a46f65b36cf9d1863821846f32cd08b7f9dd84710f2fa08a1,5,8,20311505,abundant,1.0,13.0,20265737,random_feasible,1110010011101011011011111100100100110001111010100101001110000010100101110011010110100000100000011100,1,253.49112681893368,27.95961325217578,7.54999928176403e-05,0,0,0,,0,0,0,100,49,0.49,403.603341482343,403.603341482343,0.0,48.34731129748397,48.34731129748397,63.15789473684211,60.0,0.7654990955434962,12.72375,12.72375,13.0,0.97875,0,0,0,0,3856.444289531796,38.56444289531796,4800.490957841848,2781.136429463629,328.3868947316231,836.0939691444601,0,inf,1000010011101011011011111100100100110000111010100000001110000000000101110010010110100000100000011100,0.08,324.36626550609
06ac6393eee7a87a46f65b36cf9d1863821846f32cd08b7f9dd84710f2fa08a1,5,8,20311505,abundant,1.0,13.0,20265737,all_local,0000000000000000000000000000000000000000000000000000000000000000000000000000000000000000000000000000,1,253.49112681893368,13.547003620747565,0.0,0,0,0,,0,0,0,100,0,0.0,287.8315789473684,287.8315789473684,0.0,0.0,0.0,63.15789473684211,60.0,0.0,0.0,0.0,13.0,0.0,0,0,0,0,4708.799999999999,47.087999999999994,9417.6,0.0,0.0,0.0,1,287.8315789473684,0000000000000000000000000000000000000000000000000000000000000000000000000000000000000000000000000000,0.0,287.8315789473684
06ac6393eee7a87a46f65b36cf9d1863821846f32cd08b7f9dd84710f2fa08a1,5,8,20311505,abundant,1.0,13.0,20265737,all_offload,1111111111111111111111111111111111111111111111111111111111111111111111111111111111111111111111111111,0,253.49112681893368,12.844071544876442,0.0,0,0,0,,0,0,0,100,100,1.0,inf,inf,0.0,100.0,100.0,63.15789473684211,60.0,1.583333333333333,26.357499999999995,26.357499999999995,13.0,2.0274999999999994,1,1,1,1,inf,inf,72.46155588501784,5898.282492368873,724.6155588501784,inf,0,inf,1001110010101111111111010010100000001000000000001010001011110000000001001010101111110101110101001001,0.55,286.049708507471
06ac6393eee7a87a46f65b36cf9d1863821846f32cd08b7f9dd84710f2fa08a1,5,8,20311505,abundant,1.0,13.0,20265737,qdp_oracle,0000110010100011000010000010100000000000000000001000001001110000000000000000001110110000110000001000,1,253.49112681893368,0.0,8.119259333936498,0,0,0,,0,0,0,100,22,0.22,253.40745133411065,253.40745133411065,0.0,19.24025653675383,19.24025653675383,63.15789473684211,60.0,0.3046373951652689,4.923749999999999,4.923749999999999,13.0,0.3787499999999999,0,0,0,0,3922.226358476239,39.222263584762395,5804.582321232738,626.2189129691445,62.83278330626549,129.5246541326712,1,253.49112681893368,0000110010100011000010000010100000000000000000001000001001110000000000000000001110110000110000001000,0.0,253.49112681893368
06ac6393eee7a87a46f65b36cf9d1863821846f32cd08b7f9dd84710f2fa08a1,5,8,20311505,moderate,0.6,5.0,20265737,wa_mcbr,0000010010000011000010000010100000000000000000000000001001110000000000000000001010110000110000001000,1,255.66376797192632,0.0,0.0269592920085415,542,24,0,True,20596,43360,63956,100,18,0.18,255.5255925903038,255.5255925903038,0.0,15.293537247163297,15.293537247163297,37.89473684210527,36.0,0.4035794551334758,3.94875,3.94875,5.0,0.7897500000000001,0,0,0,0,3990.2030449831886,39.90203044983189,6124.603260216342,555.446292498723,55.73667868565643,189.1673176784155,1,255.66376797192632,0000010010000011000010000010100000000000000000000000001001110000000000000000001010110000110000001000,0.0,255.66376797192632
06ac6393eee7a87a46f65b36cf9d1863821846f32cd08b7f9dd84710f2fa08a1,5,8,20311505,moderate,0.6,5.0,20265737,wa_mcbr_swap,0000010010000011000010000010100000000000000000000000001001110000000000000000001010110000110000001000,1,255.66376797192632,0.0,0.0421467089327052,542,24,0,True,20596,43360,63956,100,18,0.18,255.5255925903038,255.5255925903038,0.0,15.293537247163297,15.293537247163297,37.89473684210527,36.0,0.4035794551334758,3.94875,3.94875,5.0,0.7897500000000001,0,0,0,0,3990.2030449831886,39.90203044983189,6124.603260216342,555.446292498723,55.73667868565643,189.1673176784155,1,255.66376797192632,0000010010000011000010000010100000000000000000000000001001110000000000000000001010110000110000001000,0.0,255.66376797192632
06ac6393eee7a87a46f65b36cf9d1863821846f32cd08b7f9dd84710f2fa08a1,5,8,20311505,moderate,0.6,5.0,20265737,capacity_greedy,0000000010000011000010000010100000000000000000000000001001110000000000000000001010110000110000011000,1,255.66376797192632,0.09744367634808329,0.0172941249329596,0,0,0,,0,0,0,100,18,0.18,255.76601382397328,255.76601382397328,0.0,15.786877158362111,15.786877158362111,37.89473684210527,36.0,0.4165981472345557,4.07875,4.07875,5.0,0.8157500000000001,0,0,0,0,3935.8742171979175,39.35874217197917,5865.713706234279,727.8243062077335,72.98367968220732,198.5210936765949,1,255.9128961465282,0000000010000011000010000010100000000000000000000000001001110000000000000000001010110000110000011000,0.0,255.9128961465282
06ac6393eee7a87a46f65b36cf9d1863821846f32cd08b7f9dd84710f2fa08a1,5,8,20311505,moderate,0.6,5.0,20265737,lagrangian_relaxation,0000110010000011000011000010100000000000000000001000001001110000000000000000001110110000110000001000,1,255.66376797192632,0.07826363871423435,0.0106376250041648,300,0,0,False,0,0,0,100,22,0.22,256.60245256135613,256.60245256135613,0.0,18.74691662555501,18.74691662555501,37.89473684210527,36.0,0.4947102998410349,4.842499999999999,4.842499999999999,5.0,0.9685,0,0,0,0,3938.3067763096265,39.383067763096264,5865.73259155233,603.7241564041607,60.572343287717786,264.7656758515947,0,inf,0000010010000011000011000010100000000000000000000000001001110000000000000000001010110000110000001000,0.03,255.86385973961507
06ac6393eee7a87a46f65b36cf9d1863821846f32cd08b7f9dd84710f2fa08a1,5,8,20311505,moderate,0.6,5.0,20265737,legacy_count_br,1000010010101010111011000000100000000000000000000000000010100000000001001000011000000000100100001000,1,255.66376797192632,4.411863568062578,0.0015012080548331,161,1,0,False,0,0,0,100,21,0.21,269.58554974438573,269.58554974438573,0.0,19.48692649235323,19.48692649235323,37.89473684210527,36.0,0.5142383379926547,4.9887500000000005,4.9887500000000005,5.0,0.99775,0,0,0,0,4165.374348668785,41.65374348668785,6884.584003410578,656.9799677619687,65.90492431324465,284.6556831325641,0,inf,1000010010100010011011000000100000000000000000000000000000100000000001001000001000000000100100001000,0.04,266.9433046078158
06ac6393eee7a87a46f65b36cf9d1863821846f32cd08b7f9dd84710f2fa08a1,5,8,20311505,moderate,0.6,5.0,20265737,random_feasible,1000010010101011011011000000100000000000000000000000001010000000000001000010000110100000100000001000,1,255.66376797192632,5.1087527397497485,0.0003757909871637,0,0,0,,0,0,0,100,21,0.21,270.7238122389171,270.7238122389171,0.0,18.746916625555013,18.746916625555013,37.89473684210527,36.0,0.494710299841035,4.8100000000000005,4.8100000000000005,5.0,0.962,0,0,0,0,4201.37519384695,42.013751938469504,7050.145971985906,638.8149835269899,64.09390409072837,264.7656758515948,0,inf,1000010010100011001011000000100000000000000000000000001000000000000001000010000110100000100000001000,0.03,268.72499772273954
06ac6393eee7a87a46f65b36cf9d1863821846f32cd08b7f9dd84710f2fa08a1,5,8,20311505,moderate,0.6,5.0,20265737,all_local,0000000000000000000000000000000000000000000000000000000000000000000000000000000000000000000000000000,1,255.66376797192632,12.582076541629615,0.0,0,0,0,,0,0,0,100,0,0.0,287.8315789473684,287.8315789473684,0.0,0.0,0.0,37.89473684210527,36.0,0.0,0.0,0.0,5.0,0.0,0,0,0,0,4708.799999999999,47.087999999999994,9417.6,0.0,0.0,0.0,1,287.8315789473684,0000000000000000000000000000000000000000000000000000000000000000000000000000000000000000000000000000,0.0,287.8315789473684
06ac6393eee7a87a46f65b36cf9d1863821846f32cd08b7f9dd84710f2fa08a1,5,8,20311505,moderate,0.6,5.0,20265737,all_offload,1111111111111111111111111111111111111111111111111111111111111111111111111111111111111111111111111111,0,255.66376797192632,0.07826363871423435,0.0,0,0,0,,0,0,0,100,100,1.0,inf,inf,0.0,100.0,100.0,37.89473684210527,36.0,2.6388888888888884,26.357499999999995,26.357499999999995,5.0,5.271499999999999,1,1,1,1,inf,inf,72.46155588501784,5898.282492368873,724.6155588501784,inf,0,inf,0000010010000011000011000010100000000000000000000000001001110000000000000000001010110000110000001000,0.81,255.86385973961507
06ac6393eee7a87a46f65b36cf9d1863821846f32cd08b7f9dd84710f2fa08a1,5,8,20311505,moderate,0.6,5.0,20265737,qdp_oracle,0000010010000011000010000010100000000000000000000000001001110000000000000000001010110000110000001000,1,255.66376797192632,0.0,1.5603072919184342,0,0,0,,0,0,0,100,18,0.18,255.5255925903038,255.5255925903038,0.0,15.293537247163297,15.293537247163297,37.89473684210527,36.0,0.4035794551334758,3.94875,3.94875,5.0,0.7897500000000001,0,0,0,0,3990.2030449831886,39.90203044983189,6124.603260216342,555.446292498723,55.73667868565643,189.1673176784155,1,255.66376797192632,0000010010000011000010000010100000000000000000000000001001110000000000000000001010110000110000001000,0.0,255.66376797192632
06ac6393eee7a87a46f65b36cf9d1863821846f32cd08b7f9dd84710f2fa08a1,5,8,20311505,highly_constrained,0.3,2.0,20265737,wa_mcbr,0000010010000010000010000000100000000000000000000000000000100000000000000000001000000000100000001000,1,265.68097869844803,1.9140042105660366,0.0052948750089854,100,0,0,True,3800,8000,11800,100,9,0.09,269.1799623473471,269.1799623473471,0.0,7.646768623581647,7.646768623581647,18.947368421052634,18.0,0.4035794551334758,1.9825,1.9825,2.0,0.99125,0,0,0,0,4342.080292236079,43.42080292236079,7747.478765291531,308.6429307747414,30.97392128110575,189.1673176784155,0,inf,0000010000000000000010000000100000000000000000000000000000100000000000000000001000000000100000001000,0.02,270.7661238174094
06ac6393eee7a87a46f65b36cf9d1863821846f32cd08b7f9dd84710f2fa08a1,5,8,20311505,highly_constrained,0.3,2.0,20265737,wa_mcbr_swap,0000000000000000000010000000000000000000000000000000000000110000000000000000001010010000110000001000,1,265.68097869844803,0.451308165179606,0.0333083330187946,100,0,4,True,3800,8000,11800,100,9,0.09,263.51490706233756,263.51490706233756,0.0,7.400098667982239,7.400098667982239,18.947368421052634,18.0,0.3905607630323959,1.95,1.95,2.0,0.975,0,0,0,0,4231.825102389412,42.31825102389412,7250.701437217211,333.6870976542321,33.49302413453953,180.21316783594165,0,inf,0000000000000000000000000000000000000000000000000000000000100000000000000000001010010000110000001000,0.02,266.8800186486432
06ac6393eee7a87a46f65b36cf9d1863821846f32cd08b7f9dd84710f2fa08a1,5,8,20311505,highly_constrained,0.3,2.0,20265737,capacity_greedy,0000000000000000000010000000000000000000000000000000000000100000000000000000001010010000110000010000,1,265.68097869844803,0.3291025709116863,0.007886791951023,0,0,0,,0,0,0,100,8,0.08,264.7920413492602,264.7920413492602,0.0,7.153428712382832,7.153428712382832,18.947368421052634,18.0,0.3775420709313161,1.86875,1.86875,2.0,0.934375,0,0,0,0,4232.703308013502,42.32703308013502,7250.813928507529,516.2799320519056,51.74106344124796,171.63356963585923,0,inf,0000000000000000000010000000000000000000000000000000000000100000000000000000001010010000110000000000,0.01,266.55534162976795
06ac6393eee7a87a46f65b36cf9d1863821846f32cd08b7f9dd84710f2fa08a1,5,8,20311505,highly_constrained,0.3,2.0,20265737,lagrangian_relaxation,0000000000000000000010000000000000000000000000000000000000110000000000000000001010010000110000001000,1,265.68097869844803,0.451308165179606,0.0113697090419009,300,0,0,True,0,0,0,100,9,0.09,263.51490706233756,263.51490706233756,0.0,7.400098667982239,7.400098667982239,18.947368421052634,18.0,0.3905607630323959,1.95,1.95,2.0,0.975,0,0,0,0,4231.825102389412,42.31825102389412,7250.701437217211,333.6870976542321,33.49302413453953,180.21316783594165,0,inf,0000000000000000000000000000000000000000000000000000000000100000000000000000001010010000110000001000,0.02,266.8800186486432
06ac6393eee7a87a46f65b36cf9d1863821846f32cd08b7f9dd84710f2fa08a1,5,8,20311505,highly_constrained,0.3,2.0,20265737,legacy_count_br,0000010010000010000010000000100000000000000000000000000000100000000000000000001000000000100000001000,1,265.68097869844803,1.9140042105660366,0.0016169579466804,100,0,0,True,0,0,0,100,9,0.09,269.1799623473471,269.1799623473471,0.0,7.646768623581647,7.646768623581647,18.947368421052634,18.0,0.4035794551334758,1.9825,1.9825,2.0,0.99125,0,0,0,0,4342.080292236079,43.42080292236079,7747.478765291531,308.6429307747414,30.97392128110575,189.1673176784155,0,inf,0000010000000000000010000000100000000000000000000000000000100000000000000000001000000000100000001000,0.02,270.7661238174094
06ac6393eee7a87a46f65b36cf9d1863821846f32cd08b7f9dd84710f2fa08a1,5,8,20311505,highly_constrained,0.3,2.0,20265737,random_feasible,0000000010000001000010000000100000000000000000000000001000000000000000000000000010100000100000001000,1,265.68097869844803,2.4958680756459932,0.0006172909634187,0,0,0,,0,0,0,100,9,0.09,271.36510374256846,271.36510374256846,0.0,7.400098667982239,7.400098667982239,18.947368421052634,18.0,0.3905607630323959,1.93375,1.93375,2.0,0.966875,0,0,0,0,4376.85350356288,43.7685350356288,7902.324425909595,359.0650058174203,36.047323288264614,180.21316783594165,0,inf,0000000000000001000010000000100000000000000000000000001000000000000000000000000010100000100000001000,0.01,272.3120254288464
06ac6393eee7a87a46f65b36cf9d1863821846f32cd08b7f9dd84710f2fa08a1,5,8,20311505,highly_constrained,0.3,2.0,20265737,all_local,0000000000000000000000000000000000000000000000000000000000000000000000000000000000000000000000000000,1,265.68097869844803,8.337292476651733,0.0,0,0,0,,0,0,0,100,0,0.0,287.8315789473684,287.8315789473684,0.0,0.0,0.0,18.947368421052634,18.0,0.0,0.0,0.0,2.0,0.0,0,0,0,0,4708.799999999999,47.087999999999994,9417.6,0.0,0.0,0.0,1,287.8315789473684,0000000000000000000000000000000000000000000000000000000000000000000000000000000000000000000000000000,0.0,287.8315789473684
06ac6393eee7a87a46f65b36cf9d1863821846f32cd08b7f9dd84710f2fa08a1,5,8,20311505,highly_constrained,0.3,2.0,20265737,all_offload,1111111111111111111111111111111111111111111111111111111111111111111111111111111111111111111111111111,0,265.68097869844803,0.451308165179606,0.0,0,0,0,,0,0,0,100,100,1.0,inf,inf,0.0,100.0,100.0,18.947368421052634,18.0,5.277777777777777,26.357499999999995,26.357499999999995,2.0,13.178749999999996,1,1,1,1,inf,inf,72.46155588501784,5898.282492368873,724.6155588501784,inf,0,inf,0000000000000000000000000000000000000000000000000000000000100000000000000000001010010000110000001000,0.93,266.8800186486432
06ac6393eee7a87a46f65b36cf9d1863821846f32cd08b7f9dd84710f2fa08a1,5,8,20311505,highly_constrained,0.3,2.0,20265737,qdp_oracle,0000000000000000000000000000000000000000000000000000000000100000000000000000001010110000110000001000,1,265.68097869844803,2.1395366404956738e-14,0.3243202500743791,0,0,0,,0,0,0,100,8,0.08,265.6497396602116,265.6497396602116,0.0,6.1667488899852,6.1667488899852,18.947368421052634,18.0,0.3254673025269966,1.6575,1.6575,2.0,0.82875,0,0,0,0,4285.856205871132,42.85856205871132,7499.033931043746,291.3987784650284,29.241380468236173,140.6269554264353,1,265.6809786984481,0000000000000000000000000000000000000000000000000000000000100000000000000000001010110000110000001000,0.0,265.6809786984481
06ac6393eee7a87a46f65b36cf9d1863821846f32cd08b7f9dd84710f2fa08a1,5,9,20311602,abundant,1.0,13.0,20265738,wa_mcbr,0000010010001001000110000010100000000000000000000000001001110000000000000000011010110000010000011000,1,252.7304457050273,0.005752163221892165,0.031096416991204,611,70,0,True,23218,48880,72098,100,20,0.2,252.6487220928465,252.6487220928465,0.0,18.500246669955605,18.500246669955605,63.15789473684211,60.0,0.2929205722742971,4.7612499999999995,4.7612499999999995,13.0,0.3662499999999999,0,0,0,0,3897.174677046429,38.97174677046429,5692.994616262432,695.1667844686698,69.73081312156765,123.5670678527822,1,252.74498317277568,0000010010001001000110000010100000000000000000000000001001110000000000000000011010110000010000011000,0.0,252.74498317277568
06ac6393eee7a87a46f65b36cf9d1863821846f32cd08b7f9dd84710f2fa08a1,5,9,20311602,abundant,1.0,13.0,20265738,wa_mcbr_swap,0000010010001001000110000010100000000000000000000000001001110000000000000000011010110000010000011000,1,252.7304457050273,0.005752163221892165,0.0483462499687448,611,70,0,True,23218,48880,72098,100,20,0.2,252.6487220928465,252.6487220928465,0.0,18.500246669955605,18.500246669955605,63.15789473684211,60.0,0.2929205722742971,4.7612499999999995,4.7612499999999995,13.0,0.3662499999999999,0,0,0,0,3897.174677046429,38.97174677046429,5692.994616262432,695.1667844686698,69.73081312156765,123.5670678527822,1,252.74498317277568,0000010010001001000110000010100000000000000000000000001001110000000000000000011010110000010000011000,0.0,252.74498317277568
06ac6393eee7a87a46f65b36cf9d1863821846f32cd08b7f9dd84710f2fa08a1,5,9,20311602,abundant,1.0,13.0,20265738,capacity_greedy,0000010010001001000110000010100000000000000000000000001001110000000000000000011010110000010000011000,1,252.7304457050273,0.005752163221892165,0.0194122090470045,0,0,0,,0,0,0,100,20,0.2,252.6487220928465,252.6487220928465,0.0,18.500246669955605,18.500246669955605,63.15789473684211,60.0,0.2929205722742971,4.7612499999999995,4.7612499999999995,13.0,0.3662499999999999,0,0,0,0,3897.174677046429,38.97174677046429,5692.994616262432,695.1667844686698,69.73081312156765,123.5670678527822,1,252.74498317277568,0000010010001001000110000010100000000000000000000000001001110000000000000000011010110000010000011000,0.0,252.74498317277568
06ac6393eee7a87a46f65b36cf9d1863821846f32cd08b7f9dd84710f2fa08a1,5,9,20311602,abundant,1.0,13.0,20265738,lagrangian_relaxation,0000010010000001000010000010100000000000000000000000001001111000100000000000001010110000110000011000,1,252.7304457050273,1.519399649390625,0.0372050830628722,300,0,0,False,0,0,0,100,20,0.2,256.4773357078527,256.4773357078527,0.0,18.006906758756784,18.006906758756784,63.15789473684211,60.0,0.2851093570136491,4.679999999999999,4.679999999999999,13.0,0.3599999999999999,0,0,0,0,3841.882560929545,38.41882560929545,5412.914119166572,1054.4242107190266,105.70595832866128,119.703835758238,1,256.57043121097286,0000010010000001000010000010100000000000000000000000001001111000100000000000001010110000110000011000,0.0,256.57043121097286
06ac6393eee7a87a46f65b36cf9d1863821846f32cd08b7f9dd84710f2fa08a1,5,9,20311602,abundant,1.0,13.0,20265738,legacy_count_br,0000110010001001101110000010100000000000000010000000001001110000000001000000111110111001010000011000,1,252.7304457050273,2.524735193862541,0.0032163750147446,432,47,0,False,0,0,0,100,29,0.29,258.82462674630386,258.82462674630386,0.0,27.6270350271337,27.6270350271337,63.15789473684211,60.0,0.4374280545962836,7.03625,7.03625,13.0,0.54125,0,0,0,0,3785.6626807513658,37.856626807513656,5118.273775322094,918.8082820149576,92.19914903773032,214.3876059631687,1,259.1112202133478,0000110010001001101110000010100000000000000010000000001001110000000001000000111110111001010000011000,0.0,259.1112202133478
06ac6393eee7a87a46f65b36cf9d1863821846f32cd08b7f9dd84710f2fa08a1,5,9,20311602,abundant,1.0,13.0,20265738,random_feasible,1000110000111011100011100010011101011001110101100011110100001011010011110101100100000100001101011010,1,252.7304457050273,37.90981380408251,5.691708065569401e-05,0,0,0,,0,0,0,100,49,0.49,471.7570516881794,471.7570516881794,0.0,47.85397138628516,47.85397138628516,63.15789473684211,60.0,0.7576878802828483,12.853749999999998,12.853749999999998,13.0,0.9887499999999998,0,0,0,0,4071.821854884479,40.71821854884479,5582.14181429787,3700.759654193879,484.52682240549194,801.7271801832375,0,inf,0000110000111011100011100010011101001001000101100010000100001000010011110101100100000100001101011010,0.09,348.540087098031
06ac6393eee7a87a46f65b36cf9d1863821846f32cd08b7f9dd84710f2fa08a1,5,9,20311602,abundant,1.0,13.0,20265738,all_local,0000000000000000000000000000000000000000000000000000000000000000000000000000000000000000000000000000,1,252.7304457050273,13.888763241176402,0.0,0,0,0,,0,0,0,100,0,0.0,287.8315789473684,287.8315789473684,0.0,0.0,0.0,63.15789473684211,60.0,0.0,0.0,0.0,13.0,0.0,0,0,0,0,4708.799999999999,47.087999999999994,9417.6,0.0,0.0,0.0,1,287.8315789473684,0000000000000000000000000000000000000000000000000000000000000000000000000000000000000000000000000000,0.0,287.8315789473684
06ac6393eee7a87a46f65b36cf9d1863821846f32cd08b7f9dd84710f2fa08a1,5,9,20311602,abundant,1.0,13.0,20265738,all_offload,1111111111111111111111111111111111111111111111111111111111111111111111111111111111111111111111111111,0,252.7304457050273,15.015360606748864,0.0,0,0,0,,0,0,0,100,100,1.0,inf,inf,0.0,100.0,100.0,63.15789473684211,60.0,1.583333333333333,26.357499999999995,26.357499999999995,13.0,2.0274999999999994,1,1,1,1,inf,inf,84.91476292798043,7080.312816100827,849.1476292798044,inf,0,inf,0101110010111011110110000010100000000000000010010110001101110000000001011000111111111001010101011001,0.56,290.6788334906808
06ac6393eee7a87a46f65b36cf9d1863821846f32cd08b7f9dd84710f2fa08a1,5,9,20311602,abundant,1.0,13.0,20265738,qdp_oracle,0000010010001001000110000010100000000000000000000000000001110000000000000000011010110000010000011000,1,252.7304457050273,0.0,10.057321249973027,0,0,0,,0,0,0,100,19,0.19,252.65093013284752,252.65093013284752,0.0,17.76023680315738,17.76023680315738,63.15789473684211,60.0,0.2812037493833251,4.566249999999999,4.566249999999999,13.0,0.3512499999999999,0,0,0,0,3918.000069074104,39.18000069074104,5793.660036287818,661.1472976545131,66.317699358871,117.8037062457104,1,252.7304457050273,0000010010001001000110000010100000000000000000000000000001110000000000000000011010110000010000011000,0.0,252.7304457050273
06ac6393eee7a87a46f65b36cf9d1863821846f32cd08b7f9dd84710f2fa08a1,5,9,20311602,moderate,0.6,5.0,20265738,wa_mcbr,0000010010000001000010000010100000000000000000000000000001110000000000000000011010110000010000011000,1,254.65959823662644,0.0,0.0203095839824527,408,18,0,True,15504,32640,48144,100,17,0.17,254.50830318524257,254.50830318524257,0.0,15.540207202762703,15.540207202762703,37.89473684210527,36.0,0.4100888011840158,3.9975,3.9975,5.0,0.7995,0,0,0,0,3947.859621680365,39.47859621680365,5930.2999352616,645.0086765282209,64.70207421175182,193.79259878737196,1,254.65959823662644,0000010010000001000010000010100000000000000000000000000001110000000000000000011010110000010000011000,0.0,254.65959823662644
06ac6393eee7a87a46f65b36cf9d1863821846f32cd08b7f9dd84710f2fa08a1,5,9,20311602,moderate,0.6,5.0,20265738,wa_mcbr_swap,0000010010000001000010000010100000000000000000000000000001110000000000000000011010110000010000011000,1,254.65959823662644,0.0,0.0347924589877948,408,18,0,True,15504,32640,48144,100,17,0.17,254.50830318524257,254.50830318524257,0.0,15.540207202762703,15.540207202762703,37.89473684210527,36.0,0.4100888011840158,3.9975,3.9975,5.0,0.7995,0,0,0,0,3947.859621680365,39.47859621680365,5930.2999352616,645.0086765282209,64.70207421175182,193.79259878737196,1,254.65959823662644,0000010010000001000010000010100000000000000000000000000001110000000000000000011010110000010000011000,0.0,254.65959823662644
06ac6393eee7a87a46f65b36cf9d1863821846f32cd08b7f9dd84710f2fa08a1,5,9,20311602,moderate,0.6,5.0,20265738,capacity_greedy,0000010010000001000010000010100000000000000000000000000001110000000000000000011010110000010000011000,1,254.65959823662644,0.0,0.016264124889858,0,0,0,,0,0,0,100,17,0.17,254.50830318524257,254.50830318524257,0.0,15.540207202762703,15.540207202762703,37.89473684210527,36.0,0.4100888011840158,3.9975,3.9975,5.0,0.7995,0,0,0,0,3947.859621680365,39.47859621680365,5930.2999352616,645.0086765282209,64.70207421175182,193.79259878737196,1,254.65959823662644,0000010010000001000010000010100000000000000000000000000001110000000000000000011010110000010000011000,0.0,254.65959823662644
06ac6393eee7a87a46f65b36cf9d1863821846f32cd08b7f9dd84710f2fa08a1,5,9,20311602,moderate,0.6,5.0,20265738,lagrangian_relaxation,0000010010000001000110000010100000000000000000000000001001110000000001000000011010110000010000011000,1,254.65959823662644,0.13791307838478536,0.0106337920296937,300,0,0,False,0,0,0,100,20,0.2,255.38628567232217,255.38628567232217,0.0,18.253576714356196,18.253576714356196,37.89473684210527,36.0,0.4816916077399551,4.68,4.68,5.0,0.936,0,0,0,0,3902.9439708221503,39.02943970822151,5707.39397288271,694.8602194957847,69.69864413550141,252.3383216117604,0,inf,0000010010000001000110000010100000000000000000000000001001110000000000000000001010110000010000011000,0.02,255.0108071279569
06ac6393eee7a87a46f65b36cf9d1863821846f32cd08b7f9dd84710f2fa08a1,5,9,20311602,moderate,0.6,5.0,20265738,legacy_count_br,0100010000001000000110000000000000000000000010000000001001010000000000000000101110100001010100011011,1,254.65959823662644,3.5415147080011975,0.0011872500181198,100,0,0,False,0,0,0,100,21,0.21,265.70249345452385,265.70249345452385,0.0,19.240256536753822,19.240256536753822,37.89473684210527,36.0,0.5077289919421148,4.956250000000001,4.956250000000001,5.0,0.9912500000000002,0,0,0,0,4096.85907344433,40.968590734443296,6578.589000364256,639.2483930357008,66.14287448838037,277.85034240855197,0,inf,0000010000001000000110000000000000000000000010000000001001010000000000000000001110100001010100011010,0.03,263.6784053635133
06ac6393eee7a87a46f65b36cf9d1863821846f32cd08b7f9dd84710f2fa08a1,5,9,20311602,moderate,0.6,5.0,20265738,random_feasible,0000110000111011100010000010000000000000000000000000000100000000000001010000100100000000000101011010,1,254.65959823662644,7.130178153571854,0.0003670420264825,0,0,0,,0,0,0,100,20,0.2,275.2800153516907,275.2800153516907,0.0,19.240256536753822,19.240256536753822,37.89473684210527,36.0,0.5077289919421148,4.858750000000001,4.858750000000001,5.0,0.97175,0,0,0,0,4279.604503832498,42.79604503832498,7402.969325686482,662.3748492163471,68.46628432408741,277.85034240855197,0,inf,0000110000101011100010000010000000000000000000000000000000000000000001000000100100000000000101011010,0.03,272.81728127606823
06ac6393eee7a87a46f65b36cf9d1863821846f32cd08b7f9dd84710f2fa08a1,5,9,20311602,moderate,0.6,5.0,20265738,all_local,0000000000000000000000000000000000000000000000000000000000000000000000000000000000000000000000000000,1,254.65959823662644,13.026008420824969,0.0,0,0,0,,0,0,0,100,0,0.0,287.8315789473684,287.8315789473684,0.0,0.0,0.0,37.89473684210527,36.0,0.0,0.0,0.0,5.0,0.0,0,0,0,0,4708.799999999999,47.087999999999994,9417.6,0.0,0.0,0.0,1,287.8315789473684,0000000000000000000000000000000000000000000000000000000000000000000000000000000000000000000000000000,0.0,287.8315789473684
06ac6393eee7a87a46f65b36cf9d1863821846f32cd08b7f9dd84710f2fa08a1,5,9,20311602,moderate,0.6,5.0,20265738,all_offload,1111111111111111111111111111111111111111111111111111111111111111111111111111111111111111111111111111,0,254.65959823662644,0.13791307838478536,0.0,0,0,0,,0,0,0,100,100,1.0,inf,inf,0.0,100.0,100.0,37.89473684210527,36.0,2.6388888888888884,26.357499999999995,26.357499999999995,5.0,5.271499999999999,1,1,1,1,inf,inf,84.91476292798043,7080.312816100827,849.1476292798044,inf,0,inf,0000010010000001000110000010100000000000000000000000001001110000000000000000001010110000010000011000,0.82,255.0108071279569
06ac6393eee7a87a46f65b36cf9d1863821846f32cd08b7f9dd84710f2fa08a1,5,9,20311602,moderate,0.6,5.0,20265738,qdp_oracle,0000010010000001000010000010100000000000000000000000000001110000000000000000011010110000010000011000,1,254.65959823662644,0.0,1.818441957933828,0,0,0,,0,0,0,100,17,0.17,254.50830318524257,254.50830318524257,0.0,15.540207202762703,15.540207202762703,37.89473684210527,36.0,0.4100888011840158,3.9975,3.9975,5.0,0.7995,0,0,0,0,3947.859621680365,39.47859621680365,5930.2999352616,645.0086765282209,64.70207421175182,193.79259878737196,1,254.65959823662644,0000010010000001000010000010100000000000000000000000000001110000000000000000011010110000010000011000,0.0,254.65959823662644
06ac6393eee7a87a46f65b36cf9d1863821846f32cd08b7f9dd84710f2fa08a1,5,9,20311602,highly_constrained,0.3,2.0,20265738,wa_mcbr,0000000000000000000010000000000000000000000000000000000000010000000000000000001010100000110000011000,1,265.52200802677754,1.0539139685264163,0.0078147919848561,159,1,0,True,6042,12720,18762,100,9,0.09,266.41485025255577,266.41485025255577,0.0,7.400098667982239,7.400098667982239,18.947368421052634,18.0,0.3905607630323959,1.9825,1.9825,2.0,0.99125,0,0,0,0,4254.425075710584,42.54425075710584,7344.482481154716,533.6841333399979,53.60901719069492,180.21316783594165,0,inf,0000000000000000000010000000000000000000000000000000000000000000000000000000001010100000010000011000,0.02,268.3203815588836
06ac6393eee7a87a46f65b36cf9d1863821846f32cd08b7f9dd84710f2fa08a1,5,9,20311602,highly_constrained,0.3,2.0,20265738,wa_mcbr_swap,0000000000000000000000000000000000000000000000000000000000100000000000000000001010110000110000011000,1,265.52200802677754,0.0,0.0239564999938011,159,1,2,True,6042,12720,18762,100,9,0.09,264.0343139873384,264.0343139873384,0.0,7.40009866798224,7.40009866798224,18.947368421052634,18.0,0.3905607630323959,1.9825,1.9825,2.0,0.99125,0,0,0,0,4208.086342543225,42.080863425432256,7135.68866827104,540.4915591890814,54.29647456001964,180.21316783594168,0,inf,0000000000000000000000000000000000000000000000000000000000100000000000000000001010010000010000011000,0.02,265.52200802677754
06ac6393eee7a87a46f65b36cf9d1863821846f32cd08b7f9dd84710f2fa08a1,5,9,20311602,highly_constrained,0.3,2.0,20265738,capacity_greedy,0000000000000000000010000000000000000000000000000000000000110000000000000000001010010000010000010000,1,265.52200802677754,0.6040526519220113,0.0077055000001564,0,0,0,,0,0,0,100,8,0.08,263.7135236678437,263.7135236678437,0.0,7.646768623581648,7.646768623581648,18.947368421052634,18.0,0.4035794551334758,1.95,1.95,2.0,0.975,0,0,0,0,4224.04390225413,42.2404390225413,7214.734349075065,416.32046408792235,41.793634383195624,189.1673176784155,0,inf,0000000000000000000000000000000000000000000000000000000000100000000000000000001010010000010000010000,0.02,267.12590075769987
06ac6393eee7a87a46f65b36cf9d1863821846f32cd08b7f9dd84710f2fa08a1,5,9,20311602,highly_constrained,0.3,2.0,20265738,lagrangian_relaxation,0000000000000000000010000000000000000000000000000000000000100000000000000000001010010000010000011000,1,265.52200802677754,0.0,0.0111161660170182,300,0,0,True,0,0,0,100,8,0.08,263.7642252627923,263.7642252627923,0.0,7.153428712382832,7.153428712382832,18.947368421052634,18.0,0.3775420709313161,1.86875,1.86875,2.0,0.934375,0,0,0,0,4233.948415380225,42.33948415380225,7261.498591395669,371.9183528922743,37.32392445867186,171.63356963585923,0,inf,0000000000000000000000000000000000000000000000000000000000100000000000000000001010010000010000011000,0.01,265.52200802677754
06ac6393eee7a87a46f65b36cf9d1863821846f32cd08b7f9dd84710f2fa08a1,5,9,20311602,highly_constrained,0.3,2.0,20265738,legacy_count_br,0000000000000000000011000000000000000000000000000000000000010000000000000000001010100000010000011000,1,265.52200802677754,1.0539139685264163,0.0015091659734025,119,1,0,False,0,0,0,100,9,0.09,266.925818307531,266.925818307531,0.0,7.400098667982239,7.400098667982239,18.947368421052634,18.0,0.3905607630323959,1.9825,1.9825,2.0,0.99125,0,0,0,0,4281.466370925191,42.81466370925191,7470.385808402144,427.1613794075445,42.86760023836117,180.21316783594165,0,inf,0000000000000000000010000000000000000000000000000000000000000000000000000000001010100000010000011000,0.02,268.3203815588836
06ac6393eee7a87a46f65b36cf9d1863821846f32cd08b7f9dd84710f2fa08a1,5,9,20311602,highly_constrained,0.3,2.0,20265738,random_feasible,0000010000000001000010000010000000000000000000000000000000000000000000000000000100000000000000011010,1,265.52200802677754,3.231735810702988,0.0004963749088346,0,0,0,,0,0,0,100,8,0.08,273.65398202372654,273.65398202372654,0.0,7.153428712382832,7.153428712382832,18.947368421052634,18.0,0.3775420709313161,1.8525,1.8525,2.0,0.92625,0,0,0,0,4425.642387850573,44.25642387850573,8125.486092869242,333.66491168580666,35.761608655307086,171.63356963585923,0,inf,0000010000000001000010000010000000000000000000000000000000000000000000000000000000000000000000011010,0.01,274.1029778454766
06ac6393eee7a87a46f65b36cf9d1863821846f32cd08b7f9dd84710f2fa08a1,5,9,20311602,highly_constrained,0.3,2.0,20265738,all_local,0000000000000000000000000000000000000000000000000000000000000000000000000000000000000000000000000000,1,265.52200802677754,8.402155093050139,0.0,0,0,0,,0,0,0,100,0,0.0,287.8315789473684,287.8315789473684,0.0,0.0,0.0,18.947368421052634,18.0,0.0,0.0,0.0,2.0,0.0,0,0,0,0,4708.799999999999,47.087999999999994,9417.6,0.0,0.0,0.0,1,287.8315789473684,0000000000000000000000000000000000000000000000000000000000000000000000000000000000000000000000000000,0.0,287.8315789473684
06ac6393eee7a87a46f65b36cf9d1863821846f32cd08b7f9dd84710f2fa08a1,5,9,20311602,highly_constrained,0.3,2.0,20265738,all_offload,1111111111111111111111111111111111111111111111111111111111111111111111111111111111111111111111111111,0,265.52200802677754,0.0,0.0,0,0,0,,0,0,0,100,100,1.0,inf,inf,0.0,100.0,100.0,18.947368421052634,18.0,5.277777777777777,26.357499999999995,26.357499999999995,2.0,13.178749999999996,1,1,1,1,inf,inf,84.91476292798043,7080.312816100827,849.1476292798044,inf,0,inf,0000000000000000000000000000000000000000000000000000000000100000000000000000001010010000010000011000,0.93,265.52200802677754
06ac6393eee7a87a46f65b36cf9d1863821846f32cd08b7f9dd84710f2fa08a1,5,9,20311602,highly_constrained,0.3,2.0,20265738,qdp_oracle,0000000000000000000000000000000000000000000000000000000000100000000000000000001010010000010000011000,1,265.52200802677754,0.0,0.3382525419583544,0,0,0,,0,0,0,100,7,0.07,265.49467386832066,265.49467386832066,0.0,6.166748889985199,6.166748889985199,18.947368421052634,18.0,0.3254673025269966,1.625,1.625,2.0,0.8125,0,0,0,0,4275.448024634678,42.75448024634679,7452.247272388766,351.9479923847659,35.324626966600896,140.6269554264353,1,265.52200802677754,0000000000000000000000000000000000000000000000000000000000100000000000000000001010010000010000011000,0.0,265.52200802677754
