config_hash,task_pool_id,wireless_index,wireless_seed,resource_scenario,workload_capacity_fraction,memory_available_gb_config,algorithm_seed,algorithm,strategy_bits
06ac6393eee7a87a46f65b36cf9d1863821846f32cd08b7f9dd84710f2fa08a1,1,0,20270729,abundant,1.0,13.0,20261729,wa_mcbr,0011010001000000001000000000000001010000000000001010010000000000001000110000001000000000001101000001
06ac6393eee7a87a46f65b36cf9d1863821846f32cd08b7f9dd84710f2fa08a1,1,0,20270729,abundant,1.0,13.0,20261729,wa_mcbr_swap,0011010001000000001000000000000001010000000000001010010000000000001000110000001000000000001101000001
06ac6393eee7a87a46f65b36cf9d1863821846f32cd08b7f9dd84710f2fa08a1,1,0,20270729,abundant,1.0,13.0,20261729,capacity_greedy,0001000001000000001000000000000000010000000000001010110000000000001000110000010000000000001110000000
06ac6393eee7a87a46f65b36cf9d1863821846f32cd08b7f9dd84710f2fa08a1,1,0,20270729,abundant,1.0,13.0,20261729,lagrangian_relaxation,0000000001000000001000000000000000010000000000000010100000000000000000001000010000000000000110000000
06ac6393eee7a87a46f65b36cf9d1863821846f32cd08b7f9dd84710f2fa08a1,1,0,20270729,abundant,1.0,13.0,20261729,legacy_count_br,1111110101000000001000000000000001010000000100001110010000000000011000110000001000000000001101010001
06ac6393eee7a87a46f65b36cf9d1863821846f32cd08b7f9dd84710f2fa08a1,1,0,20270729,abundant,1.0,13.0,20261729,random_feasible,1111101001010100000101000011101010000110010110100100010001111000110011011001110011001011110101101100
06ac6393eee7a87a46f65b36cf9d1863821846f32cd08b7f9dd84710f2fa08a1,1,0,20270729,abundant,1.0,13.0,20261729,all_local,0000000000000000000000000000000000000000000000000000000000000000000000000000000000000000000000000000
06ac6393eee7a87a46f65b36cf9d1863821846f32cd08b7f9dd84710f2fa08a1,1,0,20270729,abundant,1.0,13.0,20261729,all_offload,1111111111111111111111111111111111111111111111111111111111111111111111111111111111111111111111111111
06ac6393eee7a87a46f65b36cf9d1863821846f32cd08b7f9dd84710f2fa08a1,1,0,20270729,abundant,1.0,13.0,20261729,qdp_oracle,0011010001000000001000000000000001010000000000001010010000000000001000110000001000000000001100000001
06ac6393eee7a87a46f65b36cf9d1863821846f32cd08b7f9dd84710f2fa08a1,1,0,20270729,moderate,0.6,5.0,20261729,wa_mcbr,0001010001000000001000000000000000010000000000001010010000000000001000110000001000000000001100000001
06ac6393eee7a87a46f65b36cf9d1863821846f32cd08b7f9dd84710f2fa08a1,1,0,20270729,moderate,0.6,5.0,20261729,wa_mcbr_swap,0001010001000000001000000000000001010000000000001010010000000000001000110000000000000000001100000001
06ac6393eee7a87a46f65b36cf9d1863821846f32cd08b7f9dd84710f2fa08a1,1,0,20270729,moderate,0.6,5.0,20261729,capacity_greedy,0000000001000000001000000000000000010000000000000010110000000000001000110000010000000000001110000000
06ac6393eee7a87a46f65b36cf9d1863821846f32cd08b7f9dd84710f2fa08a1,1,0,20270729,moderate,0.6,5.0,20261729,lagrangian_relaxation,0011010101000000001000000000000001010000000100001010010000000000001000110000001000000000001101000001
06ac6393eee7a87a46f65b36cf9d1863821846f32cd08b7f9dd84710f2fa08a1,1,0,20270729,moderate,0.6,5.0,20261729,legacy_count_br,1010110101000001001000000000000000000000000100001010010000000000010010100000001000010000000101010000
06ac6393eee7a87a46f65b36cf9d1863821846f32cd08b7f9dd84710f2fa08a1,1,0,20270729,moderate,0.6,5.0,20261729,random_feasible,1111100001000000000000000000100000000000000110000100010000010000010010011000010000000000010101100000
06ac6393eee7a87a46f65b36cf9d1863821846f32cd08b7f9dd84710f2fa08a1,1,0,20270729,moderate,0.6,5.0,20261729,all_local,0000000000000000000000000000000000000000000000000000000000000000000000000000000000000000000000000000
06ac6393eee7a87a46f65b36cf9d1863821846f32cd08b7f9dd84710f2fa08a1,1,0,20270729,moderate,0.6,5.0,20261729,all_offload,1111111111111111111111111111111111111111111111111111111111111111111111111111111111111111111111111111
06ac6393eee7a87a46f65b36cf9d1863821846f32cd08b7f9dd84710f2fa08a1,1,0,20270729,moderate,0.6,5.0,20261729,qdp_oracle,0001010001000000001000000000000001010000000000001010010000000000001000110000000000000000001100000001
06ac6393eee7a87a46f65b36cf9d1863821846f32cd08b7f9dd84710f2fa08a1,1,0,20270729,highly_constrained,0.3,2.0,20261729,wa_mcbr,0010000000000000001000000000000000000000000000001010010000000000000000101000000000000000000100000000
06ac6393eee7a87a46f65b36cf9d1863821846f32cd08b7f9dd84710f2fa08a1,1,0,20270729,highly_constrained,0.3,2.0,20261729,wa_mcbr_swap,0000000001000000001000000000000000010000000000000010110000000000000000000000010000000000000100000000
06ac6393eee7a87a46f65b36cf9d1863821846f32cd08b7f9dd84710f2fa08a1,1,0,20270729,highly_constrained,0.3,2.0,20261729,capacity_greedy,0000000001000000001000000000000000010000000000000010110000000000000000000000010000000000000010000000
06ac6393eee7a87a46f65b36cf9d1863821846f32cd08b7f9dd84710f2fa08a1,1,0,20270729,highly_constrained,0.3,2.0,20261729,lagrangian_relaxation,0000000001000000001000000000000000010000000000000010010000000000000000100000000000000000001100000000
06ac6393eee7a87a46f65b36cf9d1863821846f32cd08b7f9dd84710f2fa08a1,1,0,20270729,highly_constrained,0.3,2.0,20261729,legacy_count_br,0010000000000000001000000000000000000000000000001010010000000000000000101000000000000000000100000000
06ac6393eee7a87a46f65b36cf9d1863821846f32cd08b7f9dd84710f2fa08a1,1,0,20270729,highly_constrained,0.3,2.0,20261729,random_feasible,0011000001000000000000000000000000000000000000000000010000000000000000011000000000000000000101000000
06ac6393eee7a87a46f65b36cf9d1863821846f32cd08b7f9dd84710f2fa08a1,1,0,20270729,highly_constrained,0.3,2.0,20261729,all_local,0000000000000000000000000000000000000000000000000000000000000000000000000000000000000000000000000000
06ac6393eee7a87a46f65b36cf9d1863821846f32cd08b7f9dd84710f2fa08a1,1,0,20270729,highly_constrained,0.3,2.0,20261729,all_offload,1111111111111111111111111111111111111111111111111111111111111111111111111111111111111111111111111111
06ac6393eee7a87a46f65b36cf9d1863821846f32cd08b7f9dd84710f2fa08a1,1,0,20270729,highly_constrained,0.3,2.0,20261729,qdp_oracle,0000000001000000001000000000000000010000000000000010100000000000000000000000010000000000000100000000
06ac6393eee7a87a46f65b36cf9d1863821846f32cd08b7f9dd84710f2fa08a1,1,1,20270826,abundant,1.0,13.0,20261730,wa_mcbr,0010010001100000001000000000000000010000000010101000000100000000000010110000001000000000001101000000
06ac6393eee7a87a46f65b36cf9d1863821846f32cd08b7f9dd84710f2fa08a1,1,1,20270826,abundant,1.0,13.0,20261730,wa_mcbr_swap,0010010001100000001000000000000000010000000010101000000100000000000010110000001000000000001101000000
06ac6393eee7a87a46f65b36cf9d1863821846f32cd08b7f9dd84710f2fa08a1,1,1,20270826,abundant,1.0,13.0,20261730,capacity_greedy,0010010001000000001001000000000000010000000010101000000100000000000010110000001000000000001101000000
06ac6393eee7a87a46f65b36cf9d1863821846f32cd08b7f9dd84710f2fa08a1,1,1,20270826,abundant,1.0,13.0,20261730,lagrangian_relaxation,0010000001000000001001000000000000011000000010000000000010010000000000101000000000000000001100000100
06ac6393eee7a87a46f65b36cf9d1863821846f32cd08b7f9dd84710f2fa08a1,1,1,20270826,abundant,1.0,13.0,20261730,legacy_count_br,1110010101100000001000000100000001010000000010101000000100000000001010110000001001100000001101010000
06ac6393eee7a87a46f65b36cf9d1863821846f32cd08b7f9dd84710f2fa08a1,1,1,20270826,abundant,1.0,13.0,20261730,random_feasible,1101000010110110101101101111010100011010001101001000010001010001011101111010010000000001101101001111
06ac6393eee7a87a46f65b36cf9d1863821846f32cd08b7f9dd84710f2fa08a1,1,1,20270826,abundant,1.0,13.0,20261730,all_local,0000000000000000000000000000000000000000000000000000000000000000000000000000000000000000000000000000
06ac6393eee7a87a46f65b36cf9d1863821846f32cd08b7f9dd84710f2fa08a1,1,1,20270826,abundant,1.0,13.0,20261730,all_offload,1111111111111111111111111111111111111111111111111111111111111111111111111111111111111111111111111111
06ac6393eee7a87a46f65b36cf9d1863821846f32cd08b7f9dd84710f2fa08a1,1,1,20270826,abundant,1.0,13.0,20261730,qdp_oracle,0010010001100000001000000000000000010000000010101000000100000000000010110000001000000000001101000000
06ac6393eee7a87a46f65b36cf9d1863821846f32cd08b7f9dd84710f2fa08a1,1,1,20270826,moderate,0.6,5.0,20261730,wa_mcbr,0010010001000000001000000000000000010000000010101000000100000000000010110000001000000000001100000000
06ac6393eee7a87a46f65b36cf9d1863821846f32cd08b7f9dd84710f2fa08a1,1,1,20270826,moderate,0.6,5.0,20261730,wa_mcbr_swap,0010010001000000001000000000000000010000000010101000000100000000000010110000001000000000001100000000
06ac6393eee7a87a46f65b36cf9d1863821846f32cd08b7f9dd84710f2fa08a1,1,1,20270826,moderate,0.6,5.0,20261730,capacity_greedy,0010000001000000001001000000000000010000000010101000000000000000000010110000001000000000001100000000
06ac6393eee7a87a46f65b36cf9d1863821846f32cd08b7f9dd84710f2fa08a1,1,1,20270826,moderate,0.6,5.0,20261730,lagrangian_relaxation,1010010001100000001000000100000000010000000010101000000100000000000010110000001000100000001101000000
06ac6393eee7a87a46f65b36cf9d1863821846f32cd08b7f9dd84710f2fa08a1,1,1,20270826,moderate,0.6,5.0,20261730,legacy_count_br,0100010100100000001000000100000000010000000000000000001100000000111010010000001000110000000101010000
06ac6393eee7a87a46f65b36cf9d1863821846f32cd08b7f9dd84710f2fa08a1,1,1,20270826,moderate,0.6,5.0,20261730,random_feasible,1100000000100000101000000100000000010000000100001000000000010000011000110000000000000000001101001101
06ac6393eee7a87a46f65b36cf9d1863821846f32cd08b7f9dd84710f2fa08a1,1,1,20270826,moderate,0.6,5.0,20261730,all_local,0000000000000000000000000000000000000000000000000000000000000000000000000000000000000000000000000000
06ac6393eee7a87a46f65b36cf9d1863821846f32cd08b7f9dd84710f2fa08a1,1,1,20270826,moderate,0.6,5.0,20261730,all_offload,1111111111111111111111111111111111111111111111111111111111111111111111111111111111111111111111111111
06ac6393eee7a87a46f65b36cf9d1863821846f32cd08b7f9dd84710f2fa08a1,1,1,20270826,moderate,0.6,5.0,20261730,qdp_oracle,0010010001000000001000000000000000010000000010101000000100000000000010110000001000000000001100000000
06ac6393eee7a87a46f65b36cf9d1863821846f32cd08b7f9dd84710f2fa08a1,1,1,20270826,highly_constrained,0.3,2.0,20261730,wa_mcbr,0000010000000000001000000000000000010000000000000000000000000000000010010000001000000000000101000000
06ac6393eee7a87a46f65b36cf9d1863821846f32cd08b7f9dd84710f2fa08a1,1,1,20270826,highly_constrained,0.3,2.0,20261730,wa_mcbr_swap,0000000001000000001000000000000000010000000010000000000000000000000000110000000000000000001100000000
06ac6393eee7a87a46f65b36cf9d1863821846f32cd08b7f9dd84710f2fa08a1,1,1,20270826,highly_constrained,0.3,2.0,20261730,capacity_greedy,0000000001000000001001000000000000010000000010000000000000000000000000110000000000000000000100000000
06ac6393eee7a87a46f65b36cf9d1863821846f32cd08b7f9dd84710f2fa08a1,1,1,20270826,highly_constrained,0.3,2.0,20261730,lagrangian_relaxation,0000000001000000001000000000000000010000000010001000000000000000000000100000000000000000001100000000
06ac6393eee7a87a46f65b36cf9d1863821846f32cd08b7f9dd84710f2fa08a1,1,1,20270826,highly_constrained,0.3,2.0,20261730,legacy_count_br,0000010000000000001000000000000000010000000000000000000000000000000010010000001000000000000101000000
06ac6393eee7a87a46f65b36cf9d1863821846f32cd08b7f9dd84710f2fa08a1,1,1,20270826,highly_constrained,0.3,2.0,20261730,random_feasible,0000000000000000001000000000000000010000000000001000000000000000000000110000000000000000001101000000
06ac6393eee7a87a46f65b36cf9d1863821846f32cd08b7f9dd84710f2fa08a1,1,1,20270826,highly_constrained,0.3,2.0,20261730,all_local,0000000000000000000000000000000000000000000000000000000000000000000000000000000000000000000000000000
06ac6393eee7a87a46f65b36cf9d1863821846f32cd08b7f9dd84710f2fa08a1,1,1,20270826,highly_constrained,0.3,2.0,20261730,all_offload,1111111111111111111111111111111111111111111111111111111111111111111111111111111111111111111111111111
06ac6393eee7a87a46f65b36cf9d1863821846f32cd08b7f9dd84710f2fa08a1,1,1,20270826,highly_constrained,0.3,2.0,20261730,qdp_oracle,0000000001000000001000000000000000010000000010000000000000000000000000110000000000000000000100000000
06ac6393eee7a87a46f65b36cf9d1863821846f32cd08b7f9dd84710f2fa08a1,1,2,20270923,abundant,1.0,13.0,20261731,wa_mcbr,1010000101000000001010000000000000000000000010100100010000000000001010010000011000000000001100000000
06ac6393eee7a87a46f65b36cf9d1863821846f32cd08b7f9dd84710f2fa08a1,1,2,20270923,abundant,1.0,13.0,20261731,wa_mcbr_swap,1010000101000000001000000000000000000000000010100100010000000000001010110000011000000000001100000000
06ac6393eee7a87a46f65b36cf9d1863821846f32cd08b7f9dd84710f2fa08a1,1,2,20270923,abundant,1.0,13.0,20261731,capacity_greedy,0010000001000000001010000000000000000000000010100100110000000000001010010000011000000000001100000000
06ac6393eee7a87a46f65b36cf9d1863821846f32cd08b7f9dd84710f2fa08a1,1,2,20270923,abundant,1.0,13.0,20261731,lagrangian_relaxation,0000000001000000001000000000000000010000000010000000100000000000000000000000010000000000000110000000
06ac6393eee7a87a46f65b36cf9d1863821846f32cd08b7f9dd84710f2fa08a1,1,2,20270923,abundant,1.0,13.0,20261731,legacy_count_br,1111000101100001001000000000000000010000000110100100010000000000001010110000011000010000001101001001
06ac6393eee7a87a46f65b36cf9d1863821846f32cd08b7f9dd84710f2fa08a1,1,2,20270923,abundant,1.0,13.0,20261731,random_feasible,0011111011101001001101010000000100111000010011100011100001011100011011100001001101011100011011001111
06ac6393eee7a87a46f65b36cf9d1863821846f32cd08b7f9dd84710f2fa08a1,1,2,20270923,abundant,1.0,13.0,20261731,all_local,0000000000000000000000000000000000000000000000000000000000000000000000000000000000000000000000000000
06ac6393eee7a87a46f65b36cf9d1863821846f32cd08b7f9dd84710f2fa08a1,1,2,20270923,abundant,1.0,13.0,20261731,all_offload,1111111111111111111111111111111111111111111111111111111111111111111111111111111111111111111111111111
06ac6393eee7a87a46f65b36cf9d1863821846f32cd08b7f9dd84710f2fa08a1,1,2,20270923,abundant,1.0,13.0,20261731,qdp_oracle,1010000101000000001000000000000000000000000010100100010000000000001010110000011000000000001100000000
06ac6393eee7a87a46f65b36cf9d1863821846f32cd08b7f9dd84710f2fa08a1,1,2,20270923,moderate,0.6,5.0,20261731,wa_mcbr,0010000001000000001000000000000000000000000010100100010000000000001010010000011000000000001100000000
06ac6393eee7a87a46f65b36cf9d1863821846f32cd08b7f9dd84710f2fa08a1,1,2,20270923,moderate,0.6,5.0,20261731,wa_mcbr_swap,0010000001000000001000000000000000000000000010100100100000000000001010010000011000000000001100000000
06ac6393eee7a87a46f65b36cf9d1863821846f32cd08b7f9dd84710f2fa08a1,1,2,20270923,moderate,0.6,5.0,20261731,capacity_greedy,0010000001000000001010000000000000000000000010100100100000000000001010010000010000000000001100000000
06ac6393eee7a87a46f65b36cf9d1863821846f32cd08b7f9dd84710f2fa08a1,1,2,20270923,moderate,0.6,5.0,20261731,lagrangian_relaxation,1010000101000001001000000000000000000000000010100100010000000000001010010000011000010000001101000001
06ac6393eee7a87a46f65b36cf9d1863821846f32cd08b7f9dd84710f2fa08a1,1,2,20270923,moderate,0.6,5.0,20261731,legacy_count_br,1111000001100001001000000000000000010000000100000100000000000000101000100000001000010000001001001001
06ac6393eee7a87a46f65b36cf9d1863821846f32cd08b7f9dd84710f2fa08a1,1,2,20270923,moderate,0.6,5.0,20261731,random_feasible,0011000001100001001000000000000000010000000010100000000000000000001010100000001001010000011001001001
06ac6393eee7a87a46f65b36cf9d1863821846f32cd08b7f9dd84710f2fa08a1,1,2,20270923,moderate,0.6,5.0,20261731,all_local,0000000000000000000000000000000000000000000000000000000000000000000000000000000000000000000000000000
06ac6393eee7a87a46f65b36cf9d1863821846f32cd08b7f9dd84710f2fa08a1,1,2,20270923,moderate,0.6,5.0,20261731,all_offload,1111111111111111111111111111111111111111111111111111111111111111111111111111111111111111111111111111
06ac6393eee7a87a46f65b36cf9d1863821846f32cd08b7f9dd84710f2fa08a1,1,2,20270923,moderate,0.6,5.0,20261731,qdp_oracle,0010000001000000001000000000000000000000000010100100100000000000001010010000011000000000001100000000
06ac6393eee7a87a46f65b36cf9d1863821846f32cd08b7f9dd84710f2fa08a1,1,2,20270923,highly_constrained,0.3,2.0,20261731,wa_mcbr,0010000001000000001000000000000000010000000000000100000000000000001000000000001000000000001000000000
06ac6393eee7a87a46f65b36cf9d1863821846f32cd08b7f9dd84710f2fa08a1,1,2,20270923,highly_constrained,0.3,2.0,20261731,wa_mcbr_swap,0000000001000000001010000000000000000000000000000000100000000000000010010000010000000000000100000000
06ac6393eee7a87a46f65b36cf9d1863821846f32cd08b7f9dd84710f2fa08a1,1,2,20270923,highly_constrained,0.3,2.0,20261731,capacity_greedy,0000000001000000001010000000000000000000000000000000100000000000000010010000010000000000000100000000
06ac6393eee7a87a46f65b36cf9d1863821846f32cd08b7f9dd84710f2fa08a1,1,2,20270923,highly_constrained,0.3,2.0,20261731,lagrangian_relaxation,0010000001000000001000000000000000000000000010000000000000000000000010000000010000000000001100000000
06ac6393eee7a87a46f65b36cf9d1863821846f32cd08b7f9dd84710f2fa08a1,1,2,20270923,highly_constrained,0.3,2.0,20261731,legacy_count_br,0010000001000000001000000000000000010000000000000100000000000000001000000000001000000000001000000000
06ac6393eee7a87a46f65b36cf9d1863821846f32cd08b7f9dd84710f2fa08a1,1,2,20270923,highly_constrained,0.3,2.0,20261731,random_feasible,0010000001000000001000000000000000000000000010100000000000000000000010000000001000000000001000000000
06ac6393eee7a87a46f65b36cf9d1863821846f32cd08b7f9dd84710f2fa08a1,1,2,20270923,highly_constrained,0.3,2.0,20261731,all_local,0000000000000000000000000000000000000000000000000000000000000000000000000000000000000000000000000000
06ac6393eee7a87a46f65b36cf9d1863821846f32cd08b7f9dd84710f2fa08a1,1,2,20270923,highly_constrained,0.3,2.0,20261731,all_offload,1111111111111111111111111111111111111111111111111111111111111111111111111111111111111111111111111111
06ac6393eee7a87a46f65b36cf9d1863821846f32cd08b7f9dd84710f2fa08a1,1,2,20270923,highly_constrained,0.3,2.0,20261731,qdp_oracle,0000000001000000001010000000000000000000000000000000100000000000000000010000010000000000000100000000
06ac6393eee7a87a46f65b36cf9d1863821846f32cd08b7f9dd84710f2fa08a1,1,3,20271020,abundant,1.0,13.0,20261732,wa_mcbr,0011000000000000000100000000000000010000000010001100110000000000100010110000000000000000001100000100
06ac6393eee7a87a46f65b36cf9d1863821846f32cd08b7f9dd84710f2fa08a1,1,3,20271020,abundant,1.0,13.0,20261732,wa_mcbr_swap,0011000000000000000100000000000000010000000010001100110000000000100010110000000000000000001100000100
06ac6393eee7a87a46f65b36cf9d1863821846f32cd08b7f9dd84710f2fa08a1,1,3,20271020,abundant,1.0,13.0,20261732,capacity_greedy,0011000000000000000100000000000000010000000010001100110000000000100010110000000000000000001100000100
06ac6393eee7a87a46f65b36cf9d1863821846f32cd08b7f9dd84710f2fa08a1,1,3,20271020,abundant,1.0,13.0,20261732,lagrangian_relaxation,0000000001000000001100000000000000010000010010000000110000000000000000001000010000000000000100000100
06ac6393eee7a87a46f65b36cf9d1863821846f32cd08b7f9dd84710f2fa08a1,1,3,20271020,abundant,1.0,13.0,20261732,legacy_count_br,0011110000000001000000000000000001010000000110001100110000000000101010110000000001000000001101110100
06ac6393eee7a87a46f65b36cf9d1863821846f32cd08b7f9dd84710f2fa08a1,1,3,20271020,abundant,1.0,13.0,20261732,random_feasible,1000111011011000001101000010111000001100101011101010100011110110110101001111001001011000111010010010
06ac6393eee7a87a46f65b36cf9d1863821846f32cd08b7f9dd84710f2fa08a1,1,3,20271020,abundant,1.0,13.0,20261732,all_local,0000000000000000000000000000000000000000000000000000000000000000000000000000000000000000000000000000
06ac6393eee7a87a46f65b36cf9d1863821846f32cd08b7f9dd84710f2fa08a1,1,3,20271020,abundant,1.0,13.0,20261732,all_offload,1111111111111111111111111111111111111111111111111111111111111111111111111111111111111111111111111111
06ac6393eee7a87a46f65b36cf9d1863821846f32cd08b7f9dd84710f2fa08a1,1,3,20271020,abundant,1.0,13.0,20261732,qdp_oracle,0011000000000000000100000000000000010000000010001100110000000000100010110000000000000000001100000100
06ac6393eee7a87a46f65b36cf9d1863821846f32cd08b7f9dd84710f2fa08a1,1,3,20271020,moderate,0.6,5.0,20261732,wa_mcbr,0011000000000000000100000000000000010000000010001000110000000000000010110000000000000000001100000100
06ac6393eee7a87a46f65b36cf9d1863821846f32cd08b7f9dd84710f2fa08a1,1,3,20271020,moderate,0.6,5.0,20261732,wa_mcbr_swap,0001000000000000000100000000000000010000000010001100110000000000100010110000000000000000001100000000
06ac6393eee7a87a46f65b36cf9d1863821846f32cd08b7f9dd84710f2fa08a1,1,3,20271020,moderate,0.6,5.0,20261732,capacity_greedy,0001000000000000000100000000000000010000000010001100110000000000100010110000000000000000001100000000
06ac6393eee7a87a46f65b36cf9d1863821846f32cd08b7f9dd84710f2fa08a1,1,3,20271020,moderate,0.6,5.0,20261732,lagrangian_relaxation,0011010000000000000000000000000001010000000110001100110000000000101010110000000001000000001100000100
06ac6393eee7a87a46f65b36cf9d1863821846f32cd08b7f9dd84710f2fa08a1,1,3,20271020,moderate,0.6,5.0,20261732,legacy_count_br,0011110000000001000100000000000001010000000110001000000000000000101010100000000001000000001101010000
06ac6393eee7a87a46f65b36cf9d1863821846f32cd08b7f9dd84710f2fa08a1,1,3,20271020,moderate,0.6,5.0,20261732,random_feasible,1000110001001000000100000010000000000000100010101000100000000000100000001001000001010000011000010000
06ac6393eee7a87a46f65b36cf9d1863821846f32cd08b7f9dd84710f2fa08a1,1,3,20271020,moderate,0.6,5.0,20261732,all_local,0000000000000000000000000000000000000000000000000000000000000000000000000000000000000000000000000000
06ac6393eee7a87a46f65b36cf9d1863821846f32cd08b7f9dd84710f2fa08a1,1,3,20271020,moderate,0.6,5.0,20261732,all_offload,1111111111111111111111111111111111111111111111111111111111111111111111111111111111111111111111111111
06ac6393eee7a87a46f65b36cf9d1863821846f32cd08b7f9dd84710f2fa08a1,1,3,20271020,moderate,0.6,5.0,20261732,qdp_oracle,0001000000000000000100000000000000010000000010001100110000000000100010110000000000000000001100000000
06ac6393eee7a87a46f65b36cf9d1863821846f32cd08b7f9dd84710f2fa08a1,1,3,20271020,highly_constrained,0.3,2.0,20261732,wa_mcbr,0011000001000000000000000000000001010000000010000000000000000000000000100000000000000000000100000000
06ac6393eee7a87a46f65b36cf9d1863821846f32cd08b7f9dd84710f2fa08a1,1,3,20271020,highly_constrained,0.3,2.0,20261732,wa_mcbr_swap,0000000000000000000100000000000000010000000010000000110000000000000010010000000000000000000100000000
06ac6393eee7a87a46f65b36cf9d1863821846f32cd08b7f9dd84710f2fa08a1,1,3,20271020,highly_constrained,0.3,2.0,20261732,capacity_greedy,0000000000000000000100000000000000010000000010000000110000000000000010010000000000000000000100000000
06ac6393eee7a87a46f65b36cf9d1863821846f32cd08b7f9dd84710f2fa08a1,1,3,20271020,highly_constrained,0.3,2.0,20261732,lagrangian_relaxation,0000000000000000000000000000000000010000000010001000110000000000000010100000000000000000000100000000
06ac6393eee7a87a46f65b36cf9d1863821846f32cd08b7f9dd84710f2fa08a1,1,3,20271020,highly_constrained,0.3,2.0,20261732,legacy_count_br,0011000001000000000000000000000001010000000010000000000000000000000000100000000000000000000100100000
06ac6393eee7a87a46f65b36cf9d1863821846f32cd08b7f9dd84710f2fa08a1,1,3,20271020,highly_constrained,0.3,2.0,20261732,random_feasible,0000000001000000000100000000000000000000000010001000100000000000100000001000000000000000001000000000
06ac6393eee7a87a46f65b36cf9d1863821846f32cd08b7f9dd84710f2fa08a1,1,3,20271020,highly_constrained,0.3,2.0,20261732,all_local,0000000000000000000000000000000000000000000000000000000000000000000000000000000000000000000000000000
06ac6393eee7a87a46f65b36cf9d1863821846f32cd08b7f9dd84710f2fa08a1,1,3,20271020,highly_constrained,0.3,2.0,20261732,all_offload,1111111111111111111111111111111111111111111111111111111111111111111111111111111111111111111111111111
06ac6393eee7a87a46f65b36cf9d1863821846f32cd08b7f9dd84710f2fa08a1,1,3,20271020,highly_constrained,0.3,2.0,20261732,qdp_oracle,0000000000000000000100000000000000010000000010000000110000000000000000010000000000000000000100000000
06ac6393eee7a87a46f65b36cf9d1863821846f32cd08b7f9dd84710f2fa08a1,1,4,20271117,abundant,1.0,13.0,20261733,wa_mcbr,0010000001000000000010000000000000010000000010101000010100000000001010100000010000000000001100000000
06ac6393eee7a87a46f65b36cf9d1863821846f32cd08b7f9dd84710f2fa08a1,1,4,20271117,abundant,1.0,13.0,20261733,wa_mcbr_swap,0010000001000000000010000000000000010000000010101000010100000000001000100000010000010000001100000000
06ac6393eee7a87a46f65b36cf9d1863821846f32cd08b7f9dd84710f2fa08a1,1,4,20271117,abundant,1.0,13.0,20261733,capacity_greedy,0010000001000000000010000010000000010000000010101000010100000000001000100000010000000000001100000000
06ac6393eee7a87a46f65b36cf9d1863821846f32cd08b7f9dd84710f2fa08a1,1,4,20271117,abundant,1.0,13.0,20261733,lagrangian_relaxation,0010000001000000000010000010000000011000000010000000000000000000000000101100010000000000001100000000
06ac6393eee7a87a46f65b36cf9d1863821846f32cd08b7f9dd84710f2fa08a1,1,4,20271117,abundant,1.0,13.0,20261733,legacy_count_br,0111000001001000001010100000010000010000000010101100010100000000000010100000000101010000001101000001
06ac6393eee7a87a46f65b36cf9d1863821846f32cd08b7f9dd84710f2fa08a1,1,4,20271117,abundant,1.0,13.0,20261733,random_feasible,1000011110010111110000000110111101010100110000110001001001011110111100100001011101000001010100110001
06ac6393eee7a87a46f65b36cf9d1863821846f32cd08b7f9dd84710f2fa08a1,1,4,20271117,abundant,1.0,13.0,20261733,all_local,0000000000000000000000000000000000000000000000000000000000000000000000000000000000000000000000000000
06ac6393eee7a87a46f65b36cf9d1863821846f32cd08b7f9dd84710f2fa08a1,1,4,20271117,abundant,1.0,13.0,20261733,all_offload,1111111111111111111111111111111111111111111111111111111111111111111111111111111111111111111111111111
06ac6393eee7a87a46f65b36cf9d1863821846f32cd08b7f9dd84710f2fa08a1,1,4,20271117,abundant,1.0,13.0,20261733,qdp_oracle,0010000001000000000010000000000000010000000010101000010100000000001000100000010000010000001100000000
06ac6393eee7a87a46f65b36cf9d1863821846f32cd08b7f9dd84710f2fa08a1,1,4,20271117,moderate,0.6,5.0,20261733,wa_mcbr,0010000001000000000010000000000000010000000010101000010100000000001000100000010000000000001100000000
06ac6393eee7a87a46f65b36cf9d1863821846f32cd08b7f9dd84710f2fa08a1,1,4,20271117,moderate,0.6,5.0,20261733,wa_mcbr_swap,0010000001000000000010000000000000010000000010101000010100000000001000100000010000000000001100000000
06ac6393eee7a87a46f65b36cf9d1863821846f32cd08b7f9dd84710f2fa08a1,1,4,20271117,moderate,0.6,5.0,20261733,capacity_greedy,0010000001000000000010000010000000010000000010101000000000000000001000100000010000000000001100000000
06ac6393eee7a87a46f65b36cf9d1863821846f32cd08b7f9dd84710f2fa08a1,1,4,20271117,moderate,0.6,5.0,20261733,lagrangian_relaxation,0110000001001000000010000000000000010000000010101000010100000000011000100000000001010000011101000001
06ac6393eee7a87a46f65b36cf9d1863821846f32cd08b7f9dd84710f2fa08a1,1,4,20271117,moderate,0.6,5.0,20261733,legacy_count_br,0110000001001000000010000100000000010000000010101000000100000000010010100000000101010000011101000000
06ac6393eee7a87a46f65b36cf9d1863821846f32cd08b7f9dd84710f2fa08a1,1,4,20271117,moderate,0.6,5.0,20261733,random_feasible,1000010000000011000000000100100001010000000000100000001000000000111000100000001101000000010100100001
06ac6393eee7a87a46f65b36cf9d1863821846f32cd08b7f9dd84710f2fa08a1,1,4,20271117,moderate,0.6,5.0,20261733,all_local,0000000000000000000000000000000000000000000000000000000000000000000000000000000000000000000000000000
06ac6393eee7a87a46f65b36cf9d1863821846f32cd08b7f9dd84710f2fa08a1,1,4,20271117,moderate,0.6,5.0,20261733,all_offload,1111111111111111111111111111111111111111111111111111111111111111111111111111111111111111111111111111
06ac6393eee7a87a46f65b36cf9d1863821846f32cd08b7f9dd84710f2fa08a1,1,4,20271117,moderate,0.6,5.0,20261733,qdp_oracle,0010000001000000000010000000000000010000000010101000010100000000001000100000010000000000001100000000
06ac6393eee7a87a46f65b36cf9d1863821846f32cd08b7f9dd84710f2fa08a1,1,4,20271117,highly_constrained,0.3,2.0,20261733,wa_mcbr,0010000000000000000010000000000000000000000010000000000100000000000010100000010000000000000100000000
06ac6393eee7a87a46f65b36cf9d1863821846f32cd08b7f9dd84710f2fa08a1,1,4,20271117,highly_constrained,0.3,2.0,20261733,wa_mcbr_swap,0000000001000000000010000000000000010000000010000000000000000000000000100000010000000000001100000000
06ac6393eee7a87a46f65b36cf9d1863821846f32cd08b7f9dd84710f2fa08a1,1,4,20271117,highly_constrained,0.3,2.0,20261733,capacity_greedy,0000000001000000000010000010000000010000000010000000000000000000000000000000010000000000001100000000
06ac6393eee7a87a46f65b36cf9d1863821846f32cd08b7f9dd84710f2fa08a1,1,4,20271117,highly_constrained,0.3,2.0,20261733,lagrangian_relaxation,0010000001000000000010000000000000010000000010000000000000000000000000100000000000000000001100000000
06ac6393eee7a87a46f65b36cf9d1863821846f32cd08b7f9dd84710f2fa08a1,1,4,20271117,highly_constrained,0.3,2.0,20261733,legacy_count_br,0010000000000000000010000000000000000000000010000000000100000000000010100000010000000000000100000000
06ac6393eee7a87a46f65b36cf9d1863821846f32cd08b7f9dd84710f2fa08a1,1,4,20271117,highly_constrained,0.3,2.0,20261733,random_feasible,0000000000000000000000000000000000010000000000100000000000000000001000100000000001000000010100000001
06ac6393eee7a87a46f65b36cf9d1863821846f32cd08b7f9dd84710f2fa08a1,1,4,20271117,highly_constrained,0.3,2.0,20261733,all_local,0000000000000000000000000000000000000000000000000000000000000000000000000000000000000000000000000000
06ac6393eee7a87a46f65b36cf9d1863821846f32cd08b7f9dd84710f2fa08a1,1,4,20271117,highly_constrained,0.3,2.0,20261733,all_offload,1111111111111111111111111111111111111111111111111111111111111111111111111111111111111111111111111111
06ac6393eee7a87a46f65b36cf9d1863821846f32cd08b7f9dd84710f2fa08a1,1,4,20271117,highly_constrained,0.3,2.0,20261733,qdp_oracle,0000000001000000000010000000000000010000000010000000000000000000000000000000010000000000011100000000
06ac6393eee7a87a46f65b36cf9d1863821846f32cd08b7f9dd84710f2fa08a1,1,5,20271214,abundant,1.0,13.0,20261734,wa_mcbr,1011010001000000001000000000000000010000000100000000110000000000100010100000011000000000001100000000
06ac6393eee7a87a46f65b36cf9d1863821846f32cd08b7f9dd84710f2fa08a1,1,5,20271214,abundant,1.0,13.0,20261734,wa_mcbr_swap,1011010001000000001000000000000000010000000100000000110000000000100010100000011000000000001100000000
06ac6393eee7a87a46f65b36cf9d1863821846f32cd08b7f9dd84710f2fa08a1,1,5,20271214,abundant,1.0,13.0,20261734,capacity_greedy,1010000001000000001000000000000000010000000000000000110000000000100010100010011000000000001100000000
06ac6393eee7a87a46f65b36cf9d1863821846f32cd08b7f9dd84710f2fa08a1,1,5,20271214,abundant,1.0,13.0,20261734,lagrangian_relaxation,0000000001000000001000000000000000010000000000000000100000000000000000000010010000000000000100000000
06ac6393eee7a87a46f65b36cf9d1863821846f32cd08b7f9dd84710f2fa08a1,1,5,20271214,abundant,1.0,13.0,20261734,legacy_count_br,1111010001100000001000000100000000010000000100100000110100000000110010110000001000110000011100001000
06ac6393eee7a87a46f65b36cf9d1863821846f32cd08b7f9dd84710f2fa08a1,1,5,20271214,abundant,1.0,13.0,20261734,random_feasible,1100101101011000001001010111001001011001010010001000100000011001001110001011001000101101110100011001
06ac6393eee7a87a46f65b36cf9d1863821846f32cd08b7f9dd84710f2fa08a1,1,5,20271214,abundant,1.0,13.0,20261734,all_local,0000000000000000000000000000000000000000000000000000000000000000000000000000000000000000000000000000
06ac6393eee7a87a46f65b36cf9d1863821846f32cd08b7f9dd84710f2fa08a1,1,5,20271214,abundant,1.0,13.0,20261734,all_offload,1111111111111111111111111111111111111111111111111111111111111111111111111111111111111111111111111111
06ac6393eee7a87a46f65b36cf9d1863821846f32cd08b7f9dd84710f2fa08a1,1,5,20271214,abundant,1.0,13.0,20261734,qdp_oracle,1011010001000000001000000000000000010000000100000000110000000000100010100000011000000000001100000000
06ac6393eee7a87a46f65b36cf9d1863821846f32cd08b7f9dd84710f2fa08a1,1,5,20271214,moderate,0.6,5.0,20261734,wa_mcbr,1010000001000000001000000000000000010000000100000000110000000000100010100000010000000000001100000000
06ac6393eee7a87a46f65b36cf9d1863821846f32cd08b7f9dd84710f2fa08a1,1,5,20271214,moderate,0.6,5.0,20261734,wa_mcbr_swap,1010000001000000001000000000000000010000000000000000110000000000100010100000011000000000001100000000
06ac6393eee7a87a46f65b36cf9d1863821846f32cd08b7f9dd84710f2fa08a1,1,5,20271214,moderate,0.6,5.0,20261734,capacity_greedy,1010000001000000001000000000000000010000000000000000110000000000000010100010010000000000001100000000
06ac6393eee7a87a46f65b36cf9d1863821846f32cd08b7f9dd84710f2fa08a1,1,5,20271214,moderate,0.6,5.0,20261734,lagrangian_relaxation,1011010001100000001000000000000000010000000100100000110100000000100010100000001000100000001100000000
06ac6393eee7a87a46f65b36cf9d1863821846f32cd08b7f9dd84710f2fa08a1,1,5,20271214,moderate,0.6,5.0,20261734,legacy_count_br,0110010001100001001000000000000000010000000100100000010100000000010000110000011000100000000001001000
06ac6393eee7a87a46f65b36cf9d1863821846f32cd08b7f9dd84710f2fa08a1,1,5,20271214,moderate,0.6,5.0,20261734,random_feasible,1100100001001000001000000110000001010000000010000000100000000000000010000001001000100000010100001001
06ac6393eee7a87a46f65b36cf9d1863821846f32cd08b7f9dd84710f2fa08a1,1,5,20271214,moderate,0.6,5.0,20261734,all_local,0000000000000000000000000000000000000000000000000000000000000000000000000000000000000000000000000000
06ac6393eee7a87a46f65b36cf9d1863821846f32cd08b7f9dd84710f2fa08a1,1,5,20271214,moderate,0.6,5.0,20261734,all_offload,1111111111111111111111111111111111111111111111111111111111111111111111111111111111111111111111111111
06ac6393eee7a87a46f65b36cf9d1863821846f32cd08b7f9dd84710f2fa08a1,1,5,20271214,moderate,0.6,5.0,20261734,qdp_oracle,1010000001000000001000000000000000010000000000000000110000000000100010100000011000000000001100000000
06ac6393eee7a87a46f65b36cf9d1863821846f32cd08b7f9dd84710f2fa08a1,1,5,20271214,highly_constrained,0.3,2.0,20261734,wa_mcbr,0010000001000000001000000000000000000000000100100000010000000000000000000000011000000000000000000000
06ac6393eee7a87a46f65b36cf9d1863821846f32cd08b7f9dd84710f2fa08a1,1,5,20271214,highly_constrained,0.3,2.0,20261734,wa_mcbr_swap,0000000001000000001000000000000000010000000000000000100000000000000010000000010000000000001100000000
06ac6393eee7a87a46f65b36cf9d1863821846f32cd08b7f9dd84710f2fa08a1,1,5,20271214,highly_constrained,0.3,2.0,20261734,capacity_greedy,0000000001000000001000000000000000010000000000000000100000000000000010000010010000000000000100000000
06ac6393eee7a87a46f65b36cf9d1863821846f32cd08b7f9dd84710f2fa08a1,1,5,20271214,highly_constrained,0.3,2.0,20261734,lagrangian_relaxation,0010000001000000001000000000000000010000000000000000100000000000000010000000000000000000001100000000
06ac6393eee7a87a46f65b36cf9d1863821846f32cd08b7f9dd84710f2fa08a1,1,5,20271214,highly_constrained,0.3,2.0,20261734,legacy_count_br,0010000001000000001000000000000000000000000100100000010000000000000000000000011000000000000000000000
06ac6393eee7a87a46f65b36cf9d1863821846f32cd08b7f9dd84710f2fa08a1,1,5,20271214,highly_constrained,0.3,2.0,20261734,random_feasible,1000000001000000001000000000000000010000000000000000100000000000000010000000001000000000000100000000
06ac6393eee7a87a46f65b36cf9d1863821846f32cd08b7f9dd84710f2fa08a1,1,5,20271214,highly_constrained,0.3,2.0,20261734,all_local,0000000000000000000000000000000000000000000000000000000000000000000000000000000000000000000000000000
06ac6393eee7a87a46f65b36cf9d1863821846f32cd08b7f9dd84710f2fa08a1,1,5,20271214,highly_constrained,0.3,2.0,20261734,all_offload,1111111111111111111111111111111111111111111111111111111111111111111111111111111111111111111111111111
06ac6393eee7a87a46f65b36cf9d1863821846f32cd08b7f9dd84710f2fa08a1,1,5,20271214,highly_constrained,0.3,2.0,20261734,qdp_oracle,0000000001000000001000000000000000010000000000000000100000000000000010000000010000000000000100000000
06ac6393eee7a87a46f65b36cf9d1863821846f32cd08b7f9dd84710f2fa08a1,1,6,20271311,abundant,1.0,13.0,20261735,wa_mcbr,0010000001000001001000000000000000010000000100001000010100000000001000110000001000010000001100010000
06ac6393eee7a87a46f65b36cf9d1863821846f32cd08b7f9dd84710f2fa08a1,1,6,20271311,abundant,1.0,13.0,20261735,wa_mcbr_swap,0010000001000001001000000000000000010000000100101000000100000000001000110000001000010000001100010000
06ac6393eee7a87a46f65b36cf9d1863821846f32cd08b7f9dd84710f2fa08a1,1,6,20271311,abundant,1.0,13.0,20261735,capacity_greedy,0010000001000000001100000000000000010000000100001010000100000000001000110000001000010000001100000000
06ac6393eee7a87a46f65b36cf9d1863821846f32cd08b7f9dd84710f2fa08a1,1,6,20271311,abundant,1.0,13.0,20261735,lagrangian_relaxation,0010000001000000001100000000000000010000000000001010100010010000000000100000000000000000000100000000
06ac6393eee7a87a46f65b36cf9d1863821846f32cd08b7f9dd84710f2fa08a1,1,6,20271311,abundant,1.0,13.0,20261735,legacy_count_br,1010000011000011000000000000000000010000000100101100010100000000111000110000001000110000001101010001
06ac6393eee7a87a46f65b36cf9d1863821846f32cd08b7f9dd84710f2fa08a1,1,6,20271311,abundant,1.0,13.0,20261735,random_feasible,1001100110000000011110011110001000001000110101010101111001000010111100010111001011110110011011010110
06ac6393eee7a87a46f65b36cf9d1863821846f32cd08b7f9dd84710f2fa08a1,1,6,20271311,abundant,1.0,13.0,20261735,all_local,0000000000000000000000000000000000000000000000000000000000000000000000000000000000000000000000000000
06ac6393eee7a87a46f65b36cf9d1863821846f32cd08b7f9dd84710f2fa08a1,1,6,20271311,abundant,1.0,13.0,20261735,all_offload,1111111111111111111111111111111111111111111111111111111111111111111111111111111111111111111111111111
06ac6393eee7a87a46f65b36cf9d1863821846f32cd08b7f9dd84710f2fa08a1,1,6,20271311,abundant,1.0,13.0,20261735,qdp_oracle,0010000001000001001000000000000000010000000100101000000100000000001000110000001000010000001100010000
06ac6393eee7a87a46f65b36cf9d1863821846f32cd08b7f9dd84710f2fa08a1,1,6,20271311,moderate,0.6,5.0,20261735,wa_mcbr,0010000001000000001000000000000000010000000100001000000100000000001000110000001000010000001100000000
06ac6393eee7a87a46f65b36cf9d1863821846f32cd08b7f9dd84710f2fa08a1,1,6,20271311,moderate,0.6,5.0,20261735,wa_mcbr_swap,0010000001000000001000000000000000010000000100001000000100000000001000110000001000010000001100000000
06ac6393eee7a87a46f65b36cf9d1863821846f32cd08b7f9dd84710f2fa08a1,1,6,20271311,moderate,0.6,5.0,20261735,capacity_greedy,0010000001000000001100000000000000010000000100001010000000000000001000110000001000010000000100000000
06ac6393eee7a87a46f65b36cf9d1863821846f32cd08b7f9dd84710f2fa08a1,1,6,20271311,moderate,0.6,5.0,20261735,lagrangian_relaxation,0010000001000001000000000000000000010000000100101000000100010000101000110000001000010000001101010001
06ac6393eee7a87a46f65b36cf9d1863821846f32cd08b7f9dd84710f2fa08a1,1,6,20271311,moderate,0.6,5.0,20261735,legacy_count_br,0010000010000011001000000000000000000000000100101100010000000000111000110000000000010000000101010001
06ac6393eee7a87a46f65b36cf9d1863821846f32cd08b7f9dd84710f2fa08a1,1,6,20271311,moderate,0.6,5.0,20261735,random_feasible,1000100010000000001100000100000000000000000100000100010000000000111000010000001000110000011001010000
06ac6393eee7a87a46f65b36cf9d1863821846f32cd08b7f9dd84710f2fa08a1,1,6,20271311,moderate,0.6,5.0,20261735,all_local,0000000000000000000000000000000000000000000000000000000000000000000000000000000000000000000000000000
06ac6393eee7a87a46f65b36cf9d1863821846f32cd08b7f9dd84710f2fa08a1,1,6,20271311,moderate,0.6,5.0,20261735,all_offload,1111111111111111111111111111111111111111111111111111111111111111111111111111111111111111111111111111
06ac6393eee7a87a46f65b36cf9d1863821846f32cd08b7f9dd84710f2fa08a1,1,6,20271311,moderate,0.6,5.0,20261735,qdp_oracle,0010000001000000001000000000000000010000000100001000000100000000001000110000001000010000001100000000
06ac6393eee7a87a46f65b36cf9d1863821846f32cd08b7f9dd84710f2fa08a1,1,6,20271311,highly_constrained,0.3,2.0,20261735,wa_mcbr,0010000000000000001000000000000000000000000000001000000000000000001000110000000000010000000100000000
06ac6393eee7a87a46f65b36cf9d1863821846f32cd08b7f9dd84710f2fa08a1,1,6,20271311,highly_constrained,0.3,2.0,20261735,wa_mcbr_swap,0010000001000000001100000000000000010000000000000000000000000000000000010000001000000000000100000000
06ac6393eee7a87a46f65b36cf9d1863821846f32cd08b7f9dd84710f2fa08a1,1,6,20271311,highly_constrained,0.3,2.0,20261735,capacity_greedy,0010000000000000001100000000000000010000000000000010000000000000000000010000000000000000000100000000
06ac6393eee7a87a46f65b36cf9d1863821846f32cd08b7f9dd84710f2fa08a1,1,6,20271311,highly_constrained,0.3,2.0,20261735,lagrangian_relaxation,0010000001000000001100000000000000010000000000000010000010000000000000000000000000000000000100000000
06ac6393eee7a87a46f65b36cf9d1863821846f32cd08b7f9dd84710f2fa08a1,1,6,20271311,highly_constrained,0.3,2.0,20261735,legacy_count_br,0010000000000000001000000000000000000000000000001000000000000000001000110000000000010000000100000000
06ac6393eee7a87a46f65b36cf9d1863821846f32cd08b7f9dd84710f2fa08a1,1,6,20271311,highly_constrained,0.3,2.0,20261735,random_feasible,0000000000000000001000000000000000000000000000000000010000000000001000010000001000010000001000000000
06ac6393eee7a87a46f65b36cf9d1863821846f32cd08b7f9dd84710f2fa08a1,1,6,20271311,highly_constrained,0.3,2.0,20261735,all_local,0000000000000000000000000000000000000000000000000000000000000000000000000000000000000000000000000000
06ac6393eee7a87a46f65b36cf9d1863821846f32cd08b7f9dd84710f2fa08a1,1,6,20271311,highly_constrained,0.3,2.0,20261735,all_offload,1111111111111111111111111111111111111111111111111111111111111111111111111111111111111111111111111111
06ac6393eee7a87a46f65b36cf9d1863821846f32cd08b7f9dd84710f2fa08a1,1,6,20271311,highly_constrained,0.3,2.0,20261735,qdp_oracle,0010000001000000001100000000000000010000000000000010000000000000000000000000000000000000000100000000
06ac6393eee7a87a46f65b36cf9d1863821846f32cd08b7f9dd84710f2fa08a1,1,7,20271408,abundant,1.0,13.0,20261736,wa_mcbr,0010000000000011001100000000000000010000000010101000100000000000001010010000001000000000001101000000
06ac6393eee7a87a46f65b36cf9d1863821846f32cd08b7f9dd84710f2fa08a1,1,7,20271408,abundant,1.0,13.0,20261736,wa_mcbr_swap,0010000000000011001100000000000000010000000010101000100000000000001010010000001000000000001101000000
06ac6393eee7a87a46f65b36cf9d1863821846f32cd08b7f9dd84710f2fa08a1,1,7,20271408,abundant,1.0,13.0,20261736,capacity_greedy,0010000000000011001100000000000000010000000010001000100000000000001010011000000000000000001110000000
06ac6393eee7a87a46f65b36cf9d1863821846f32cd08b7f9dd84710f2fa08a1,1,7,20271408,abundant,1.0,13.0,20261736,lagrangian_relaxation,0000000000000000001100000000000000010000000010000000100000000000000000001000010000000000000110000000
06ac6393eee7a87a46f65b36cf9d1863821846f32cd08b7f9dd84710f2fa08a1,1,7,20271408,abundant,1.0,13.0,20261736,legacy_count_br,1010000000000011001100000100000001010000000110101100100100000000101010110000001001010000001101100000
06ac6393eee7a87a46f65b36cf9d1863821846f32cd08b7f9dd84710f2fa08a1,1,7,20271408,abundant,1.0,13.0,20261736,random_feasible,0001001010001001011110111110000001000010001111011011010011010100000100111001010100111010110100111111
06ac6393eee7a87a46f65b36cf9d1863821846f32cd08b7f9dd84710f2fa08a1,1,7,20271408,abundant,1.0,13.0,20261736,all_local,0000000000000000000000000000000000000000000000000000000000000000000000000000000000000000000000000000
06ac6393eee7a87a46f65b36cf9d1863821846f32cd08b7f9dd84710f2fa08a1,1,7,20271408,abundant,1.0,13.0,20261736,all_offload,1111111111111111111111111111111111111111111111111111111111111111111111111111111111111111111111111111
06ac6393eee7a87a46f65b36cf9d1863821846f32cd08b7f9dd84710f2fa08a1,1,7,20271408,abundant,1.0,13.0,20261736,qdp_oracle,0010000000000011001100000000000000010000000010101000100000000000001010010000001000000000001101000000
06ac6393eee7a87a46f65b36cf9d1863821846f32cd08b7f9dd84710f2fa08a1,1,7,20271408,moderate,0.6,5.0,20261736,wa_mcbr,0010000000000001001100000000000000010000000010001000100000000000001010011000000000000000001100000000
06ac6393eee7a87a46f65b36cf9d1863821846f32cd08b7f9dd84710f2fa08a1,1,7,20271408,moderate,0.6,5.0,20261736,wa_mcbr_swap,0010000000000011001100000000000000010000000010001000100000000000001010010000000000000000001100000000
06ac6393eee7a87a46f65b36cf9d1863821846f32cd08b7f9dd84710f2fa08a1,1,7,20271408,moderate,0.6,5.0,20261736,capacity_greedy,0010000000000000001100000000000000010000000010001000100000000000001010011000000000000000001110000000
06ac6393eee7a87a46f65b36cf9d1863821846f32cd08b7f9dd84710f2fa08a1,1,7,20271408,moderate,0.6,5.0,20261736,lagrangian_relaxation,0010000000000011001100000100000001010000000010101000000000000000001010010000001001000000001101100000
06ac6393eee7a87a46f65b36cf9d1863821846f32cd08b7f9dd84710f2fa08a1,1,7,20271408,moderate,0.6,5.0,20261736,legacy_count_br,1000000100000001001000000100000001010000000010101100100100000000101000101000000001010000000100100000
06ac6393eee7a87a46f65b36cf9d1863821846f32cd08b7f9dd84710f2fa08a1,1,7,20271408,moderate,0.6,5.0,20261736,random_feasible,0001000000001001001100000100000001000000000110001000010000010000000000111000000000110000000100110001
06ac6393eee7a87a46f65b36cf9d1863821846f32cd08b7f9dd84710f2fa08a1,1,7,20271408,moderate,0.6,5.0,20261736,all_local,0000000000000000000000000000000000000000000000000000000000000000000000000000000000000000000000000000
06ac6393eee7a87a46f65b36cf9d1863821846f32cd08b7f9dd84710f2fa08a1,1,7,20271408,moderate,0.6,5.0,20261736,all_offload,1111111111111111111111111111111111111111111111111111111111111111111111111111111111111111111111111111
06ac6393eee7a87a46f65b36cf9d1863821846f32cd08b7f9dd84710f2fa08a1,1,7,20271408,moderate,0.6,5.0,20261736,qdp_oracle,0010000000000011001100000000000000010000000010001000100000000000001010010000000000000000001100000000
06ac6393eee7a87a46f65b36cf9d1863821846f32cd08b7f9dd84710f2fa08a1,1,7,20271408,highly_constrained,0.3,2.0,20261736,wa_mcbr,0000000000000001001000000000000000010000000010100000000000000000001000101000000000000000000000000000
06ac6393eee7a87a46f65b36cf9d1863821846f32cd08b7f9dd84710f2fa08a1,1,7,20271408,highly_constrained,0.3,2.0,20261736,wa_mcbr_swap,0000000000000000001100000000000000010000000010000000100000000000000000001000000000000000000110000000
06ac6393eee7a87a46f65b36cf9d1863821846f32cd08b7f9dd84710f2fa08a1,1,7,20271408,highly_constrained,0.3,2.0,20261736,capacity_greedy,0000000000000000001100000000000000010000000010000000100000000000000000001000000000000000000110000000
06ac6393eee7a87a46f65b36cf9d1863821846f32cd08b7f9dd84710f2fa08a1,1,7,20271408,highly_constrained,0.3,2.0,20261736,lagrangian_relaxation,0000000000000000001100000000000000010000000010000000100000000000000000001000000000000000000110000000
06ac6393eee7a87a46f65b36cf9d1863821846f32cd08b7f9dd84710f2fa08a1,1,7,20271408,highly_constrained,0.3,2.0,20261736,legacy_count_br,0000000000000001001000000000000000010000000010100000000000000000001000101000000000000000000000000000
06ac6393eee7a87a46f65b36cf9d1863821846f32cd08b7f9dd84710f2fa08a1,1,7,20271408,highly_constrained,0.3,2.0,20261736,random_feasible,0000000000000001001100000000000000000000000010001000000000000000000000011000000000000000000100000000
06ac6393eee7a87a46f65b36cf9d1863821846f32cd08b7f9dd84710f2fa08a1,1,7,20271408,highly_constrained,0.3,2.0,20261736,all_local,0000000000000000000000000000000000000000000000000000000000000000000000000000000000000000000000000000
06ac6393eee7a87a46f65b36cf9d1863821846f32cd08b7f9dd84710f2fa08a1,1,7,20271408,highly_constrained,0.3,2.0,20261736,all_offload,1111111111111111111111111111111111111111111111111111111111111111111111111111111111111111111111111111
06ac6393eee7a87a46f65b36cf9d1863821846f32cd08b7f9dd84710f2fa08a1,1,7,20271408,highly_constrained,0.3,2.0,20261736,qdp_oracle,0000000000000000001100000000000000000000000010000000100000000000000000001000000000000000000110000000
06ac6393eee7a87a46f65b36cf9d1863821846f32cd08b7f9dd84710f2fa08a1,1,8,20271505,abundant,1.0,13.0,20261737,wa_mcbr,1001010101000000000000000000000000000000000010001100110000000000000010010000000000010000001100000010
06ac6393eee7a87a46f65b36cf9d1863821846f32cd08b7f9dd84710f2fa08a1,1,8,20271505,abundant,1.0,13.0,20261737,wa_mcbr_swap,1001010101000000000000000000000000000000000010001100110000000000000010010000000000010000001100000010
06ac6393eee7a87a46f65b36cf9d1863821846f32cd08b7f9dd84710f2fa08a1,1,8,20271505,abundant,1.0,13.0,20261737,capacity_greedy,1001000101000000000000000000000000000000000010001100100000000000000010010000000000010000001110000010
06ac6393eee7a87a46f65b36cf9d1863821846f32cd08b7f9dd84710f2fa08a1,1,8,20271505,abundant,1.0,13.0,20261737,lagrangian_relaxation,0000000001000000001000000000000000000000000010000000100010000000000000000000000000000000000110000010
06ac6393eee7a87a46f65b36cf9d1863821846f32cd08b7f9dd84710f2fa08a1,1,8,20271505,abundant,1.0,13.0,20261737,legacy_count_br,1001110111100000000000000000000001000010000110001100010000000000100010010000000101010000001101100001
06ac6393eee7a87a46f65b36cf9d1863821846f32cd08b7f9dd84710f2fa08a1,1,8,20271505,abundant,1.0,13.0,20261737,random_feasible,0010101100111100101011101000110000011000001001100110011101111000011001110011010000110101100000111011
06ac6393eee7a87a46f65b36cf9d1863821846f32cd08b7f9dd84710f2fa08a1,1,8,20271505,abundant,1.0,13.0,20261737,all_local,0000000000000000000000000000000000000000000000000000000000000000000000000000000000000000000000000000
06ac6393eee7a87a46f65b36cf9d1863821846f32cd08b7f9dd84710f2fa08a1,1,8,20271505,abundant,1.0,13.0,20261737,all_offload,1111111111111111111111111111111111111111111111111111111111111111111111111111111111111111111111111111
06ac6393eee7a87a46f65b36cf9d1863821846f32cd08b7f9dd84710f2fa08a1,1,8,20271505,abundant,1.0,13.0,20261737,qdp_oracle,1001010101000000000000000000000000000000000010001100110000000000000010010000000000010000001100000010
06ac6393eee7a87a46f65b36cf9d1863821846f32cd08b7f9dd84710f2fa08a1,1,8,20271505,moderate,0.6,5.0,20261737,wa_mcbr,1001010001000000000000000000000000000000000010001100100000000000000010010000000000010000001100000010
06ac6393eee7a87a46f65b36cf9d1863821846f32cd08b7f9dd84710f2fa08a1,1,8,20271505,moderate,0.6,5.0,20261737,wa_mcbr_swap,1001000001000000000000000000000000000000000010001100110000000000000010010000000000010000001100000010
06ac6393eee7a87a46f65b36cf9d1863821846f32cd08b7f9dd84710f2fa08a1,1,8,20271505,moderate,0.6,5.0,20261737,capacity_greedy,1001000001000000000000000000000000000000000010001100100000000000000010010000000000000000001110000010
06ac6393eee7a87a46f65b36cf9d1863821846f32cd08b7f9dd84710f2fa08a1,1,8,20271505,moderate,0.6,5.0,20261737,lagrangian_relaxation,1001110101100000000000000000000000000000000110001100010000000000100010010000000000010000001101100000
06ac6393eee7a87a46f65b36cf9d1863821846f32cd08b7f9dd84710f2fa08a1,1,8,20271505,moderate,0.6,5.0,20261737,legacy_count_br,0000110101100000000000000000000000000010000110100000110000000000100010010000000101000000001001100010
06ac6393eee7a87a46f65b36cf9d1863821846f32cd08b7f9dd84710f2fa08a1,1,8,20271505,moderate,0.6,5.0,20261737,random_feasible,0000100100100000000000000000100000011000000000100100010000000000001000010000000000110001100000110011
06ac6393eee7a87a46f65b36cf9d1863821846f32cd08b7f9dd84710f2fa08a1,1,8,20271505,moderate,0.6,5.0,20261737,all_local,0000000000000000000000000000000000000000000000000000000000000000000000000000000000000000000000000000
06ac6393eee7a87a46f65b36cf9d1863821846f32cd08b7f9dd84710f2fa08a1,1,8,20271505,moderate,0.6,5.0,20261737,all_offload,1111111111111111111111111111111111111111111111111111111111111111111111111111111111111111111111111111
06ac6393eee7a87a46f65b36cf9d1863821846f32cd08b7f9dd84710f2fa08a1,1,8,20271505,moderate,0.6,5.0,20261737,qdp_oracle,1001000001000000000000000000000000000000000010001100110000000000000010010000000000010000001100000010
06ac6393eee7a87a46f65b36cf9d1863821846f32cd08b7f9dd84710f2fa08a1,1,8,20271505,highly_constrained,0.3,2.0,20261737,wa_mcbr,0000000001000000000000000000000000000000000010000000110000000000000010010000000000000000001000000010
06ac6393eee7a87a46f65b36cf9d1863821846f32cd08b7f9dd84710f2fa08a1,1,8,20271505,highly_constrained,0.3,2.0,20261737,wa_mcbr_swap,0000000001000000000000000000000000000000000010000000100000000000000000010000000000000000001110000010
06ac6393eee7a87a46f65b36cf9d1863821846f32cd08b7f9dd84710f2fa08a1,1,8,20271505,highly_constrained,0.3,2.0,20261737,capacity_greedy,0000000001000000000000000000000000000000000010000000100000000000000000010000000000000000001110000010
06ac6393eee7a87a46f65b36cf9d1863821846f32cd08b7f9dd84710f2fa08a1,1,8,20271505,highly_constrained,0.3,2.0,20261737,lagrangian_relaxation,0000000001000000000000000000000000000000000010001100000000000000000010010000000000000000001100000000
06ac6393eee7a87a46f65b36cf9d1863821846f32cd08b7f9dd84710f2fa08a1,1,8,20271505,highly_constrained,0.3,2.0,20261737,legacy_count_br,0000000001000000000000000000000000000000000010000000110000000000000010010000000000000000001000000010
06ac6393eee7a87a46f65b36cf9d1863821846f32cd08b7f9dd84710f2fa08a1,1,8,20271505,highly_constrained,0.3,2.0,20261737,random_feasible,0000000100000000000000000000000000010000000000000100010000000000000000010000000000010000000000100010
06ac6393eee7a87a46f65b36cf9d1863821846f32cd08b7f9dd84710f2fa08a1,1,8,20271505,highly_constrained,0.3,2.0,20261737,all_local,0000000000000000000000000000000000000000000000000000000000000000000000000000000000000000000000000000
06ac6393eee7a87a46f65b36cf9d1863821846f32cd08b7f9dd84710f2fa08a1,1,8,20271505,highly_constrained,0.3,2.0,20261737,all_offload,1111111111111111111111111111111111111111111111111111111111111111111111111111111111111111111111111111
06ac6393eee7a87a46f65b36cf9d1863821846f32cd08b7f9dd84710f2fa08a1,1,8,20271505,highly_constrained,0.3,2.0,20261737,qdp_oracle,0000000001000000000000000000000000000000000010000000100000000000000000010000000000000000001110000000
06ac6393eee7a87a46f65b36cf9d1863821846f32cd08b7f9dd84710f2fa08a1,1,9,20271602,abundant,1.0,13.0,20261738,wa_mcbr,0010010001000001000000000000000000000000000100101000000100000000000010110000001000000000001101010011
06ac6393eee7a87a46f65b36cf9d1863821846f32cd08b7f9dd84710f2fa08a1,1,9,20271602,abundant,1.0,13.0,20261738,wa_mcbr_swap,0010010001000001000000000000000000000000000100101000000100000000000010110000001000000000001101010011
06ac6393eee7a87a46f65b36cf9d1863821846f32cd08b7f9dd84710f2fa08a1,1,9,20271602,abundant,1.0,13.0,20261738,capacity_greedy,0010010001000000000000000010000000000000000000101000100100000000000010110000000000000000001101000011
06ac6393eee7a87a46f65b36cf9d1863821846f32cd08b7f9dd84710f2fa08a1,1,9,20271602,abundant,1.0,13.0,20261738,lagrangian_relaxation,0000000001000000001100000000000000010000000000000000100010000000000000001000000000000000000100000010
06ac6393eee7a87a46f65b36cf9d1863821846f32cd08b7f9dd84710f2fa08a1,1,9,20271602,abundant,1.0,13.0,20261738,legacy_count_br,1110110001000011000000000000000000000000000100101100010100000000100010110001001000010000001101010011
06ac6393eee7a87a46f65b36cf9d1863821846f32cd08b7f9dd84710f2fa08a1,1,9,20271602,abundant,1.0,13.0,20261738,random_feasible,0111101111011011100100001111010001101011001001110000011111101100000010010001001000110010001110001011
06ac6393eee7a87a46f65b36cf9d1863821846f32cd08b7f9dd84710f2fa08a1,1,9,20271602,abundant,1.0,13.0,20261738,all_local,0000000000000000000000000000000000000000000000000000000000000000000000000000000000000000000000000000
06ac6393eee7a87a46f65b36cf9d1863821846f32cd08b7f9dd84710f2fa08a1,1,9,20271602,abundant,1.0,13.0,20261738,all_offload,1111111111111111111111111111111111111111111111111111111111111111111111111111111111111111111111111111
06ac6393eee7a87a46f65b36cf9d1863821846f32cd08b7f9dd84710f2fa08a1,1,9,20271602,abundant,1.0,13.0,20261738,qdp_oracle,0010010001000001000000000000000000000000000100101000000100000000000010110000001000000000001101000011
06ac6393eee7a87a46f65b36cf9d1863821846f32cd08b7f9dd84710f2fa08a1,1,9,20271602,moderate,0.6,5.0,20261738,wa_mcbr,0010010001000001000000000000000000000000000000101000000000000000000010110000001000000000001101000011
06ac6393eee7a87a46f65b36cf9d1863821846f32cd08b7f9dd84710f2fa08a1,1,9,20271602,moderate,0.6,5.0,20261738,wa_mcbr_swap,0010010001000000000000000000000000000000000000101000000100000000000010110000001000000000001101000011
06ac6393eee7a87a46f65b36cf9d1863821846f32cd08b7f9dd84710f2fa08a1,1,9,20271602,moderate,0.6,5.0,20261738,capacity_greedy,0010000001000000000000000010000000000000000000101000100000000000000010110000000000000000001101000010
06ac6393eee7a87a46f65b36cf9d1863821846f32cd08b7f9dd84710f2fa08a1,1,9,20271602,moderate,0.6,5.0,20261738,lagrangian_relaxation,1010010001000001000000000000000000000000000100101000000100000000000010110000001000010000001101010011
06ac6393eee7a87a46f65b36cf9d1863821846f32cd08b7f9dd84710f2fa08a1,1,9,20271602,moderate,0.6,5.0,20261738,legacy_count_br,1100110000100011000000000000000001000000000000001000010000000000110010110001001001000000001000000001
06ac6393eee7a87a46f65b36cf9d1863821846f32cd08b7f9dd84710f2fa08a1,1,9,20271602,moderate,0.6,5.0,20261738,random_feasible,0110100001000011000000000000000001000000000000100000010110000000000010010001001000010000001100000011
06ac6393eee7a87a46f65b36cf9d1863821846f32cd08b7f9dd84710f2fa08a1,1,9,20271602,moderate,0.6,5.0,20261738,all_local,0000000000000000000000000000000000000000000000000000000000000000000000000000000000000000000000000000
06ac6393eee7a87a46f65b36cf9d1863821846f32cd08b7f9dd84710f2fa08a1,1,9,20271602,moderate,0.6,5.0,20261738,all_offload,1111111111111111111111111111111111111111111111111111111111111111111111111111111111111111111111111111
06ac6393eee7a87a46f65b36cf9d1863821846f32cd08b7f9dd84710f2fa08a1,1,9,20271602,moderate,0.6,5.0,20261738,qdp_oracle,0010010001000000000000000000000000000000000000101000000100000000000010110000001000000000001101000011
06ac6393eee7a87a46f65b36cf9d1863821846f32cd08b7f9dd84710f2fa08a1,1,9,20271602,highly_constrained,0.3,2.0,20261738,wa_mcbr,1000010000000001000000000000000000000000000000001000010000000000000010100000000000000000000000000001
06ac6393eee7a87a46f65b36cf9d1863821846f32cd08b7f9dd84710f2fa08a1,1,9,20271602,highly_constrained,0.3,2.0,20261738,wa_mcbr_swap,0000000001000000000000000000000000000000000000001000000010000000000010010000000000000000001100000010
06ac6393eee7a87a46f65b36cf9d1863821846f32cd08b7f9dd84710f2fa08a1,1,9,20271602,highly_constrained,0.3,2.0,20261738,capacity_greedy,0000000001000000000000000010000000000000000000000000100000000000000000010000000000000000001100000010
06ac6393eee7a87a46f65b36cf9d1863821846f32cd08b7f9dd84710f2fa08a1,1,9,20271602,highly_constrained,0.3,2.0,20261738,lagrangian_relaxation,0010000001000000000000000000000000000000000000001000000000000000000010010000000000000000001100000010
06ac6393eee7a87a46f65b36cf9d1863821846f32cd08b7f9dd84710f2fa08a1,1,9,20271602,highly_constrained,0.3,2.0,20261738,legacy_count_br,1000010000000001000000000000000000000000000000001000010000000000000010100000000000000000000000000001
06ac6393eee7a87a46f65b36cf9d1863821846f32cd08b7f9dd84710f2fa08a1,1,9,20271602,highly_constrained,0.3,2.0,20261738,random_feasible,0010000001000000000000000000000000000000000000100000000000000000000010010000000000000000001100000010
06ac6393eee7a87a46f65b36cf9d1863821846f32cd08b7f9dd84710f2fa08a1,1,9,20271602,highly_constrained,0.3,2.0,20261738,all_local,0000000000000000000000000000000000000000000000000000000000000000000000000000000000000000000000000000
06ac6393eee7a87a46f65b36cf9d1863821846f32cd08b7f9dd84710f2fa08a1,1,9,20271602,highly_constrained,0.3,2.0,20261738,all_offload,1111111111111111111111111111111111111111111111111111111111111111111111111111111111111111111111111111
06ac6393eee7a87a46f65b36cf9d1863821846f32cd08b7f9dd84710f2fa08a1,1,9,20271602,highly_constrained,0.3,2.0,20261738,qdp_oracle,0000000001000000000000000000000000000000000000001000000000000000000010010000000000000000001100000010
06ac6393eee7a87a46f65b36cf9d1863821846f32cd08b7f9dd84710f2fa08a1,2,0,20280729,abundant,1.0,13.0,20262729,wa_mcbr,1000100010000100001100100100000000000000100001000000000000001000001100001110000000000000000000010000
06ac6393eee7a87a46f65b36cf9d1863821846f32cd08b7f9dd84710f2fa08a1,2,0,20280729,abundant,1.0,13.0,20262729,wa_mcbr_swap,1000101010000100001100100100000000000000100000000000000000011000001100001110000000000000000000000000
06ac6393eee7a87a46f65b36cf9d1863821846f32cd08b7f9dd84710f2fa08a1,2,0,20280729,abundant,1.0,13.0,20262729,capacity_greedy,1000000000000100001000000100000000000000000001100000000000001000101000001110000000000000000000000000
06ac6393eee7a87a46f65b36cf9d1863821846f32cd08b7f9dd84710f2fa08a1,2,0,20280729,abundant,1.0,13.0,20262729,lagrangian_relaxation,0000101000000000001000000100000000000010000001100000000000001000101000001110000000000000000000000000
06ac6393eee7a87a46f65b36cf9d1863821846f32cd08b7f9dd84710f2fa08a1,2,0,20280729,abundant,1.0,13.0,20262729,legacy_count_br,1000101010000101001100101000100001000010100000000000000000111000001110001111000000000001000001010100
06ac6393eee7a87a46f65b36cf9d1863821846f32cd08b7f9dd84710f2fa08a1,2,0,20280729,abundant,1.0,13.0,20262729,random_feasible,1100111000101010101001010100001010100010101110101010100001110000111110100110011011110100110001011010
06ac6393eee7a87a46f65b36cf9d1863821846f32cd08b7f9dd84710f2fa08a1,2,0,20280729,abundant,1.0,13.0,20262729,all_local,0000000000000000000000000000000000000000000000000000000000000000000000000000000000000000000000000000
06ac6393eee7a87a46f65b36cf9d1863821846f32cd08b7f9dd84710f2fa08a1,2,0,20280729,abundant,1.0,13.0,20262729,all_offload,1111111111111111111111111111111111111111111111111111111111111111111111111111111111111111111111111111
06ac6393eee7a87a46f65b36cf9d1863821846f32cd08b7f9dd84710f2fa08a1,2,0,20280729,abundant,1.0,13.0,20262729,qdp_oracle,1000101010000100001100100000000000000010100000000000000000011000001100001110000000000000000001010000
06ac6393eee7a87a46f65b36cf9d1863821846f32cd08b7f9dd84710f2fa08a1,2,0,20280729,moderate,0.6,5.0,20262729,wa_mcbr,1000000010000100001000100100000000000000000001100000000000001000001000001110000000000000000000000000
06ac6393eee7a87a46f65b36cf9d1863821846f32cd08b7f9dd84710f2fa08a1,2,0,20280729,moderate,0.6,5.0,20262729,wa_mcbr_swap,1000100000000100001000000100000000000000100001100000000000001000001000001110000000000000000000000000
06ac6393eee7a87a46f65b36cf9d1863821846f32cd08b7f9dd84710f2fa08a1,2,0,20280729,moderate,0.6,5.0,20262729,capacity_greedy,1000000000000000001000000100000000000000000001100000000000001000101000001110000000000000000000000000
06ac6393eee7a87a46f65b36cf9d1863821846f32cd08b7f9dd84710f2fa08a1,2,0,20280729,moderate,0.6,5.0,20262729,lagrangian_relaxation,1000101010000101001100100000100000000010100000000000000000111000001100001110000000000000000001010000
06ac6393eee7a87a46f65b36cf9d1863821846f32cd08b7f9dd84710f2fa08a1,2,0,20280729,moderate,0.6,5.0,20262729,legacy_count_br,1000101010000101001000101000100001000010100000000000000000110000001010001110000000000001000001000000
06ac6393eee7a87a46f65b36cf9d1863821846f32cd08b7f9dd84710f2fa08a1,2,0,20280729,moderate,0.6,5.0,20262729,random_feasible,1100101000001000001000000100000000000010101010000000000000110000011110000110000000000000000001010000
06ac6393eee7a87a46f65b36cf9d1863821846f32cd08b7f9dd84710f2fa08a1,2,0,20280729,moderate,0.6,5.0,20262729,all_local,0000000000000000000000000000000000000000000000000000000000000000000000000000000000000000000000000000
06ac6393eee7a87a46f65b36cf9d1863821846f32cd08b7f9dd84710f2fa08a1,2,0,20280729,moderate,0.6,5.0,20262729,all_offload,1111111111111111111111111111111111111111111111111111111111111111111111111111111111111111111111111111
06ac6393eee7a87a46f65b36cf9d1863821846f32cd08b7f9dd84710f2fa08a1,2,0,20280729,moderate,0.6,5.0,20262729,qdp_oracle,1000101010000100001000000100000000000000100001000000000000001000001000001110000000000000000000000000
06ac6393eee7a87a46f65b36cf9d1863821846f32cd08b7f9dd84710f2fa08a1,2,0,20280729,highly_constrained,0.3,2.0,20262729,wa_mcbr,0000000000000100000000100000000000000010000000100000000000010000001000000010000000000000000001000000
06ac6393eee7a87a46f65b36cf9d1863821846f32cd08b7f9dd84710f2fa08a1,2,0,20280729,highly_constrained,0.3,2.0,20262729,wa_mcbr_swap,0000000000000000001000000000000000000000000001100000000000001000001000001110000000000000000000000000
06ac6393eee7a87a46f65b36cf9d1863821846f32cd08b7f9dd84710f2fa08a1,2,0,20280729,highly_constrained,0.3,2.0,20262729,capacity_greedy,0000000000000000000000000100000000000000000001100000000000000000100000001110000000000000000000000000
06ac6393eee7a87a46f65b36cf9d1863821846f32cd08b7f9dd84710f2fa08a1,2,0,20280729,highly_constrained,0.3,2.0,20262729,lagrangian_relaxation,0000001000000000000000000000000000000000000001100000000000001000001000001110000000000000000000000000
06ac6393eee7a87a46f65b36cf9d1863821846f32cd08b7f9dd84710f2fa08a1,2,0,20280729,highly_constrained,0.3,2.0,20262729,legacy_count_br,0000000000000100000000100000000000000010000000100000000000010000001000000010000000000000000001000000
06ac6393eee7a87a46f65b36cf9d1863821846f32cd08b7f9dd84710f2fa08a1,2,0,20280729,highly_constrained,0.3,2.0,20262729,random_feasible,1000101000000000001000000000000000000010100000000000000000000000001000000110000000000000000000000000
06ac6393eee7a87a46f65b36cf9d1863821846f32cd08b7f9dd84710f2fa08a1,2,0,20280729,highly_constrained,0.3,2.0,20262729,all_local,0000000000000000000000000000000000000000000000000000000000000000000000000000000000000000000000000000
06ac6393eee7a87a46f65b36cf9d1863821846f32cd08b7f9dd84710f2fa08a1,2,0,20280729,highly_constrained,0.3,2.0,20262729,all_offload,1111111111111111111111111111111111111111111111111111111111111111111111111111111111111111111111111111
06ac6393eee7a87a46f65b36cf9d1863821846f32cd08b7f9dd84710f2fa08a1,2,0,20280729,highly_constrained,0.3,2.0,20262729,qdp_oracle,0000000000000000001000000000000000000000000001100000000000000000001000001110000000000000000000000000
06ac6393eee7a87a46f65b36cf9d1863821846f32cd08b7f9dd84710f2fa08a1,2,1,20280826,abundant,1.0,13.0,20262730,wa_mcbr,1000101000001101000000100000000000000000000001000000000000101000001100001110010000000001000001000000
06ac6393eee7a87a46f65b36cf9d1863821846f32cd08b7f9dd84710f2fa08a1,2,1,20280826,abundant,1.0,13.0,20262730,wa_mcbr_swap,1000101000001101000000100000000000000000000001000000000000101000001100001110010000000001000001000000
06ac6393eee7a87a46f65b36cf9d1863821846f32cd08b7f9dd84710f2fa08a1,2,1,20280826,abundant,1.0,13.0,20262730,capacity_greedy,1000101000001101000000100000000000000000000001000000000000101000001100001110010000000001000001000000
06ac6393eee7a87a46f65b36cf9d1863821846f32cd08b7f9dd84710f2fa08a1,2,1,20280826,abundant,1.0,13.0,20262730,lagrangian_relaxation,0000001000000000000000000000000000000000000001000000000000001000101000001110000000000000000000000000
06ac6393eee7a87a46f65b36cf9d1863821846f32cd08b7f9dd84710f2fa08a1,2,1,20280826,abundant,1.0,13.0,20262730,legacy_count_br,1100101010001101000101101000000000000000100001000000100000101010001110001111010000000001000000010000
06ac6393eee7a87a46f65b36cf9d1863821846f32cd08b7f9dd84710f2fa08a1,2,1,20280826,abundant,1.0,13.0,20262730,random_feasible,0101101010101100101101011010001111001000110011100001100001101100000111100111000100101001111111010011
06ac6393eee7a87a46f65b36cf9d1863821846f32cd08b7f9dd84710f2fa08a1,2,1,20280826,abundant,1.0,13.0,20262730,all_local,0000000000000000000000000000000000000000000000000000000000000000000000000000000000000000000000000000
06ac6393eee7a87a46f65b36cf9d1863821846f32cd08b7f9dd84710f2fa08a1,2,1,20280826,abundant,1.0,13.0,20262730,all_offload,1111111111111111111111111111111111111111111111111111111111111111111111111111111111111111111111111111
06ac6393eee7a87a46f65b36cf9d1863821846f32cd08b7f9dd84710f2fa08a1,2,1,20280826,abundant,1.0,13.0,20262730,qdp_oracle,1000101000001101000000100000000000000000000001000000000000101000001100001110010000000001000000000000
06ac6393eee7a87a46f65b36cf9d1863821846f32cd08b7f9dd84710f2fa08a1,2,1,20280826,moderate,0.6,5.0,20262730,wa_mcbr,1000101000001100000000100000000000000000000001000000000000001000001100001110010000000001000000000000
06ac6393eee7a87a46f65b36cf9d1863821846f32cd08b7f9dd84710f2fa08a1,2,1,20280826,moderate,0.6,5.0,20262730,wa_mcbr_swap,1000101000001100000000100000000000000000000001000000000000001000001100001110010000000001000000000000
06ac6393eee7a87a46f65b36cf9d1863821846f32cd08b7f9dd84710f2fa08a1,2,1,20280826,moderate,0.6,5.0,20262730,capacity_greedy,1000101000001100000000100000000000000000000001000000000000001000001100001110010000000001000000000000
06ac6393eee7a87a46f65b36cf9d1863821846f32cd08b7f9dd84710f2fa08a1,2,1,20280826,moderate,0.6,5.0,20262730,lagrangian_relaxation,1000101000001101000100100000000000000000100001000000000000101010001100001110010000000001000001000000
06ac6393eee7a87a46f65b36cf9d1863821846f32cd08b7f9dd84710f2fa08a1,2,1,20280826,moderate,0.6,5.0,20262730,legacy_count_br,1000000000001100000001010000000001000001100001000000100000010010001010001110010000000000000001010000
06ac6393eee7a87a46f65b36cf9d1863821846f32cd08b7f9dd84710f2fa08a1,2,1,20280826,moderate,0.6,5.0,20262730,random_feasible,0100101010001100000101000000000000000000100001000000100000101000000110000111000000000001000001010000
06ac6393eee7a87a46f65b36cf9d1863821846f32cd08b7f9dd84710f2fa08a1,2,1,20280826,moderate,0.6,5.0,20262730,all_local,0000000000000000000000000000000000000000000000000000000000000000000000000000000000000000000000000000
06ac6393eee7a87a46f65b36cf9d1863821846f32cd08b7f9dd84710f2fa08a1,2,1,20280826,moderate,0.6,5.0,20262730,all_offload,1111111111111111111111111111111111111111111111111111111111111111111111111111111111111111111111111111
06ac6393eee7a87a46f65b36cf9d1863821846f32cd08b7f9dd84710f2fa08a1,2,1,20280826,moderate,0.6,5.0,20262730,qdp_oracle,1000101000001100000000100000000000000000000001000000000000001000001100001110010000000001000000000000
06ac6393eee7a87a46f65b36cf9d1863821846f32cd08b7f9dd84710f2fa08a1,2,1,20280826,highly_constrained,0.3,2.0,20262730,wa_mcbr,1000000000001000000000000000000000000000100001000000100000000000000000000000010000000000000001010000
06ac6393eee7a87a46f65b36cf9d1863821846f32cd08b7f9dd84710f2fa08a1,2,1,20280826,highly_constrained,0.3,2.0,20262730,wa_mcbr_swap,1000000000000000000000100000000000000000000001000000000000001000001000001110000000000000000000000000
06ac6393eee7a87a46f65b36cf9d1863821846f32cd08b7f9dd84710f2fa08a1,2,1,20280826,highly_constrained,0.3,2.0,20262730,capacity_greedy,1000000000000000000000100000000000000000000001000000000000001000001000001110000000000000000000000000
06ac6393eee7a87a46f65b36cf9d1863821846f32cd08b7f9dd84710f2fa08a1,2,1,20280826,highly_constrained,0.3,2.0,20262730,lagrangian_relaxation,0000001000000000000000100000000000000000000001000000000000001000001000001110000000000000000000000000
06ac6393eee7a87a46f65b36cf9d1863821846f32cd08b7f9dd84710f2fa08a1,2,1,20280826,highly_constrained,0.3,2.0,20262730,legacy_count_br,1000000000001000000000000000000000000000100001000000100000000000000000000000010000000000000001010000
06ac6393eee7a87a46f65b36cf9d1863821846f32cd08b7f9dd84710f2fa08a1,2,1,20280826,highly_constrained,0.3,2.0,20262730,random_feasible,0000101000000000000000000000000000000000100001000000000000001000000000000110000000000001000001000000
06ac6393eee7a87a46f65b36cf9d1863821846f32cd08b7f9dd84710f2fa08a1,2,1,20280826,highly_constrained,0.3,2.0,20262730,all_local,0000000000000000000000000000000000000000000000000000000000000000000000000000000000000000000000000000
06ac6393eee7a87a46f65b36cf9d1863821846f32cd08b7f9dd84710f2fa08a1,2,1,20280826,highly_constrained,0.3,2.0,20262730,all_offload,1111111111111111111111111111111111111111111111111111111111111111111111111111111111111111111111111111
06ac6393eee7a87a46f65b36cf9d1863821846f32cd08b7f9dd84710f2fa08a1,2,1,20280826,highly_constrained,0.3,2.0,20262730,qdp_oracle,0000000000000000000000100000000000000000000001000000000000001000001000001110000000000000000000000000
06ac6393eee7a87a46f65b36cf9d1863821846f32cd08b7f9dd84710f2fa08a1,2,2,20280923,abundant,1.0,13.0,20262731,wa_mcbr,0000100000001000000010100100000000000010000001000000000000010000001100001110010000000001000000010100
06ac6393eee7a87a46f65b36cf9d1863821846f32cd08b7f9dd84710f2fa08a1,2,2,20280923,abundant,1.0,13.0,20262731,wa_mcbr_swap,0000100000001000000010100000000000000010000001000000000000010000001100001110010000000001000001010100
06ac6393eee7a87a46f65b36cf9d1863821846f32cd08b7f9dd84710f2fa08a1,2,2,20280923,abundant,1.0,13.0,20262731,capacity_greedy,0000000000001000000010100100000000000000000001000000000000010000101100001110000000000001000000010000
06ac6393eee7a87a46f65b36cf9d1863821846f32cd08b7f9dd84710f2fa08a1,2,2,20280923,abundant,1.0,13.0,20262731,lagrangian_relaxation,0000000000000000000000000000000000000000000001110000000000000000101000001110000000000000000000000000
06ac6393eee7a87a46f65b36cf9d1863821846f32cd08b7f9dd84710f2fa08a1,2,2,20280923,abundant,1.0,13.0,20262731,legacy_count_br,1000101000001100000111100000100000000010000001000000000000010010001110011011010000000001000001010100
06ac6393eee7a87a46f65b36cf9d1863821846f32cd08b7f9dd84710f2fa08a1,2,2,20280923,abundant,1.0,13.0,20262731,random_feasible,1101100010001100100010110110101101111010100111010010100010111011000001010100011100010001010111011100
06ac6393eee7a87a46f65b36cf9d1863821846f32cd08b7f9dd84710f2fa08a1,2,2,20280923,abundant,1.0,13.0,20262731,all_local,0000000000000000000000000000000000000000000000000000000000000000000000000000000000000000000000000000
06ac6393eee7a87a46f65b36cf9d1863821846f32cd08b7f9dd84710f2fa08a1,2,2,20280923,abundant,1.0,13.0,20262731,all_offload,1111111111111111111111111111111111111111111111111111111111111111111111111111111111111111111111111111
06ac6393eee7a87a46f65b36cf9d1863821846f32cd08b7f9dd84710f2fa08a1,2,2,20280923,abundant,1.0,13.0,20262731,qdp_oracle,0000100000001000000010100000000000000010000001000000000000010000001100001110010000000001000001010100
06ac6393eee7a87a46f65b36cf9d1863821846f32cd08b7f9dd84710f2fa08a1,2,2,20280923,moderate,0.6,5.0,20262731,wa_mcbr,0000100000001000000010100100000000000010000001000000000000010000001000001110000000000001000000010000
06ac6393eee7a87a46f65b36cf9d1863821846f32cd08b7f9dd84710f2fa08a1,2,2,20280923,moderate,0.6,5.0,20262731,wa_mcbr_swap,0000000000001000000010100100000000000010000001000000000000010000001100001110000000000001000000010000
06ac6393eee7a87a46f65b36cf9d1863821846f32cd08b7f9dd84710f2fa08a1,2,2,20280923,moderate,0.6,5.0,20262731,capacity_greedy,0000000000001000000010100100000000000000000001000000000000000000101000001110000000000001000000010000
06ac6393eee7a87a46f65b36cf9d1863821846f32cd08b7f9dd84710f2fa08a1,2,2,20280923,moderate,0.6,5.0,20262731,lagrangian_relaxation,0000100000001000000110100000100000000010000001000000000000010000001100011110010000000001000001010100
06ac6393eee7a87a46f65b36cf9d1863821846f32cd08b7f9dd84710f2fa08a1,2,2,20280923,moderate,0.6,5.0,20262731,legacy_count_br,1000100000011100000100100100000001000010000001000000000000010010001001001000000000000001000001010100
06ac6393eee7a87a46f65b36cf9d1863821846f32cd08b7f9dd84710f2fa08a1,2,2,20280923,moderate,0.6,5.0,20262731,random_feasible,1000100000001100000010100000100001000010000001000000100000010010000000010100010000000001000001010100
06ac6393eee7a87a46f65b36cf9d1863821846f32cd08b7f9dd84710f2fa08a1,2,2,20280923,moderate,0.6,5.0,20262731,all_local,0000000000000000000000000000000000000000000000000000000000000000000000000000000000000000000000000000
06ac6393eee7a87a46f65b36cf9d1863821846f32cd08b7f9dd84710f2fa08a1,2,2,20280923,moderate,0.6,5.0,20262731,all_offload,1111111111111111111111111111111111111111111111111111111111111111111111111111111111111111111111111111
06ac6393eee7a87a46f65b36cf9d1863821846f32cd08b7f9dd84710f2fa08a1,2,2,20280923,moderate,0.6,5.0,20262731,qdp_oracle,0000000000001000000010100100000000000010000001000000000000010000001100001110000000000001000000010000
06ac6393eee7a87a46f65b36cf9d1863821846f32cd08b7f9dd84710f2fa08a1,2,2,20280923,highly_constrained,0.3,2.0,20262731,wa_mcbr,0000101000000000000000100100000000000010000001000000000000000000000000000000000000000001000000010000
06ac6393eee7a87a46f65b36cf9d1863821846f32cd08b7f9dd84710f2fa08a1,2,2,20280923,highly_constrained,0.3,2.0,20262731,wa_mcbr_swap,0000100000000000000010000100000000000000000001000000000000000000001000001110000000000000000000000000
06ac6393eee7a87a46f65b36cf9d1863821846f32cd08b7f9dd84710f2fa08a1,2,2,20280923,highly_constrained,0.3,2.0,20262731,capacity_greedy,0000000000000000000000000100000000000000000001000000000000000000101000001110000000000000000000000000
06ac6393eee7a87a46f65b36cf9d1863821846f32cd08b7f9dd84710f2fa08a1,2,2,20280923,highly_constrained,0.3,2.0,20262731,lagrangian_relaxation,0000001000000000000010000100000000000000000001000000000000000000001000001110000000000000000000000000
06ac6393eee7a87a46f65b36cf9d1863821846f32cd08b7f9dd84710f2fa08a1,2,2,20280923,highly_constrained,0.3,2.0,20262731,legacy_count_br,0000101000000000000000100100000000000010000001000000000000000000000000000000000000000001000000010000
06ac6393eee7a87a46f65b36cf9d1863821846f32cd08b7f9dd84710f2fa08a1,2,2,20280923,highly_constrained,0.3,2.0,20262731,random_feasible,0000100000000000000010100000000000000010000001000000000000000000000000000100000000000000000001010000
06ac6393eee7a87a46f65b36cf9d1863821846f32cd08b7f9dd84710f2fa08a1,2,2,20280923,highly_constrained,0.3,2.0,20262731,all_local,0000000000000000000000000000000000000000000000000000000000000000000000000000000000000000000000000000
06ac6393eee7a87a46f65b36cf9d1863821846f32cd08b7f9dd84710f2fa08a1,2,2,20280923,highly_constrained,0.3,2.0,20262731,all_offload,1111111111111111111111111111111111111111111111111111111111111111111111111111111111111111111111111111
06ac6393eee7a87a46f65b36cf9d1863821846f32cd08b7f9dd84710f2fa08a1,2,2,20280923,highly_constrained,0.3,2.0,20262731,qdp_oracle,0000100000000000000000000100000000000000000001000000000000000000001000001110000000000000000000000000
06ac6393eee7a87a46f65b36cf9d1863821846f32cd08b7f9dd84710f2fa08a1,2,3,20281020,abundant,1.0,13.0,20262732,wa_mcbr,1000100000001100000000100000000000000000101000010000000000001000001100001110000000000001000001010000
06ac6393eee7a87a46f65b36cf9d1863821846f32cd08b7f9dd84710f2fa08a1,2,3,20281020,abundant,1.0,13.0,20262732,wa_mcbr_swap,1000100000001100000000100000000000000000101000010000000000001000001100001110000000000001000001010000
06ac6393eee7a87a46f65b36cf9d1863821846f32cd08b7f9dd84710f2fa08a1,2,3,20281020,abundant,1.0,13.0,20262732,capacity_greedy,1000000000000100000000100000000000000000101001010000000000000000101000001110000000000001000000000000
06ac6393eee7a87a46f65b36cf9d1863821846f32cd08b7f9dd84710f2fa08a1,2,3,20281020,abundant,1.0,13.0,20262732,lagrangian_relaxation,0000001000000000000000000000000000000000000001010000000000000000101000001110000000000000000000000000
06ac6393eee7a87a46f65b36cf9d1863821846f32cd08b7f9dd84710f2fa08a1,2,3,20281020,abundant,1.0,13.0,20262732,legacy_count_br,1000101010011101000000100000000001000000101000010001100000011000001100011110000000000001000001010000
06ac6393eee7a87a46f65b36cf9d1863821846f32cd08b7f9dd84710f2fa08a1,2,3,20281020,abundant,1.0,13.0,20262732,random_feasible,0111101000000101101001001111011010011000100110001000111100000000000101010001100101101100000001111001
06ac6393eee7a87a46f65b36cf9d1863821846f32cd08b7f9dd84710f2fa08a1,2,3,20281020,abundant,1.0,13.0,20262732,all_local,0000000000000000000000000000000000000000000000000000000000000000000000000000000000000000000000000000
06ac6393eee7a87a46f65b36cf9d1863821846f32cd08b7f9dd84710f2fa08a1,2,3,20281020,abundant,1.0,13.0,20262732,all_offload,1111111111111111111111111111111111111111111111111111111111111111111111111111111111111111111111111111
06ac6393eee7a87a46f65b36cf9d1863821846f32cd08b7f9dd84710f2fa08a1,2,3,20281020,abundant,1.0,13.0,20262732,qdp_oracle,1000100000001100000000100000000000000000101000010000000000001000001100001110000000000001000001010000
06ac6393eee7a87a46f65b36cf9d1863821846f32cd08b7f9dd84710f2fa08a1,2,3,20281020,moderate,0.6,5.0,20262732,wa_mcbr,1000100000001100000000100000000000000000101000010000000000000000001100001110000000000001000001000000
06ac6393eee7a87a46f65b36cf9d1863821846f32cd08b7f9dd84710f2fa08a1,2,3,20281020,moderate,0.6,5.0,20262732,wa_mcbr_swap,1000100000001100000000100000000000000000101000010000000000000000001000001110000000000001000001010000
06ac6393eee7a87a46f65b36cf9d1863821846f32cd08b7f9dd84710f2fa08a1,2,3,20281020,moderate,0.6,5.0,20262732,capacity_greedy,1000000000000000000000100000000000000000101001010000000000000000101000001110000000000001000000000000
06ac6393eee7a87a46f65b36cf9d1863821846f32cd08b7f9dd84710f2fa08a1,2,3,20281020,moderate,0.6,5.0,20262732,lagrangian_relaxation,1000101000011100000000100000000000000000101000010000100000001000001100011110000000000001000001010000
06ac6393eee7a87a46f65b36cf9d1863821846f32cd08b7f9dd84710f2fa08a1,2,3,20281020,moderate,0.6,5.0,20262732,legacy_count_br,0000001000011101000100101000000001000000000000000001100000011000001101011010000000000001000001000000
06ac6393eee7a87a46f65b36cf9d1863821846f32cd08b7f9dd84710f2fa08a1,2,3,20281020,moderate,0.6,5.0,20262732,random_feasible,0100101000000101101001001010000000000000100100000000100000000000000101010001000000000000000001011000
06ac6393eee7a87a46f65b36cf9d1863821846f32cd08b7f9dd84710f2fa08a1,2,3,20281020,moderate,0.6,5.0,20262732,all_local,0000000000000000000000000000000000000000000000000000000000000000000000000000000000000000000000000000
06ac6393eee7a87a46f65b36cf9d1863821846f32cd08b7f9dd84710f2fa08a1,2,3,20281020,moderate,0.6,5.0,20262732,all_offload,1111111111111111111111111111111111111111111111111111111111111111111111111111111111111111111111111111
06ac6393eee7a87a46f65b36cf9d1863821846f32cd08b7f9dd84710f2fa08a1,2,3,20281020,moderate,0.6,5.0,20262732,qdp_oracle,1000100000001100000000100000000000000000101000010000000000000000001000001110000000000001000001010000
06ac6393eee7a87a46f65b36cf9d1863821846f32cd08b7f9dd84710f2fa08a1,2,3,20281020,highly_constrained,0.3,2.0,20262732,wa_mcbr,0000001000001000000000000000000000000010000000000000100000001000000000001010000000000001000001000000
06ac6393eee7a87a46f65b36cf9d1863821846f32cd08b7f9dd84710f2fa08a1,2,3,20281020,highly_constrained,0.3,2.0,20262732,wa_mcbr_swap,1000100000000000000000100000000000000000100000000000000000000000001000001110000000000001000000000000
06ac6393eee7a87a46f65b36cf9d1863821846f32cd08b7f9dd84710f2fa08a1,2,3,20281020,highly_constrained,0.3,2.0,20262732,capacity_greedy,0000000000000000000000000000000000000000000001010000000000000000101000001110000000000000000000000000
06ac6393eee7a87a46f65b36cf9d1863821846f32cd08b7f9dd84710f2fa08a1,2,3,20281020,highly_constrained,0.3,2.0,20262732,lagrangian_relaxation,1000001000000000000000000000000000000000000001010000000000000000001000001110000000000000000000000000
06ac6393eee7a87a46f65b36cf9d1863821846f32cd08b7f9dd84710f2fa08a1,2,3,20281020,highly_constrained,0.3,2.0,20262732,legacy_count_br,0000001000001000000000000000000000000010000000000000100000001000000000001010000000000001000001000000
06ac6393eee7a87a46f65b36cf9d1863821846f32cd08b7f9dd84710f2fa08a1,2,3,20281020,highly_constrained,0.3,2.0,20262732,random_feasible,0000101000000100000000000000000000000000100000000000100000000000000100010000000000000000000001010000
06ac6393eee7a87a46f65b36cf9d1863821846f32cd08b7f9dd84710f2fa08a1,2,3,20281020,highly_constrained,0.3,2.0,20262732,all_local,0000000000000000000000000000000000000000000000000000000000000000000000000000000000000000000000000000
06ac6393eee7a87a46f65b36cf9d1863821846f32cd08b7f9dd84710f2fa08a1,2,3,20281020,highly_constrained,0.3,2.0,20262732,all_offload,1111111111111111111111111111111111111111111111111111111111111111111111111111111111111111111111111111
06ac6393eee7a87a46f65b36cf9d1863821846f32cd08b7f9dd84710f2fa08a1,2,3,20281020,highly_constrained,0.3,2.0,20262732,qdp_oracle,0000000000000000000000000000000000000000100001010000000000000000001000001110000000000000000000000000
06ac6393eee7a87a46f65b36cf9d1863821846f32cd08b7f9dd84710f2fa08a1,2,4,20281117,abundant,1.0,13.0,20262733,wa_mcbr,1000100000000100001000100100000000000000000001000000100000001000001001001110010000000001000001000000
06ac6393eee7a87a46f65b36cf9d1863821846f32cd08b7f9dd84710f2fa08a1,2,4,20281117,abundant,1.0,13.0,20262733,wa_mcbr_swap,1000100000000100001000100100000000000000000001000000100000001000001001001110010000000001000001000000
06ac6393eee7a87a46f65b36cf9d1863821846f32cd08b7f9dd84710f2fa08a1,2,4,20281117,abundant,1.0,13.0,20262733,capacity_greedy,1000100000000100001000100100000000000000000001000000000000001000101001001110000000000000000001000000
06ac6393eee7a87a46f65b36cf9d1863821846f32cd08b7f9dd84710f2fa08a1,2,4,20281117,abundant,1.0,13.0,20262733,lagrangian_relaxation,0000001000000000000000000100000000000000000001010000000000001000101000001110000000000000000000000000
06ac6393eee7a87a46f65b36cf9d1863821846f32cd08b7f9dd84710f2fa08a1,2,4,20281117,abundant,1.0,13.0,20262733,legacy_count_br,1100101000010100001100110110000000000000100001000000100010101000001001001110010000000001000001000000
06ac6393eee7a87a46f65b36cf9d1863821846f32cd08b7f9dd84710f2fa08a1,2,4,20281117,abundant,1.0,13.0,20262733,random_feasible,0100000011000000110110000110110111011010001000101010010110000101001010111010110011100001000010011100
06ac6393eee7a87a46f65b36cf9d1863821846f32cd08b7f9dd84710f2fa08a1,2,4,20281117,abundant,1.0,13.0,20262733,all_local,0000000000000000000000000000000000000000000000000000000000000000000000000000000000000000000000000000
06ac6393eee7a87a46f65b36cf9d1863821846f32cd08b7f9dd84710f2fa08a1,2,4,20281117,abundant,1.0,13.0,20262733,all_offload,1111111111111111111111111111111111111111111111111111111111111111111111111111111111111111111111111111
06ac6393eee7a87a46f65b36cf9d1863821846f32cd08b7f9dd84710f2fa08a1,2,4,20281117,abundant,1.0,13.0,20262733,qdp_oracle,1000100000000100001000100100000000000000000001000000000000001000001001001110010000000001000001000000
06ac6393eee7a87a46f65b36cf9d1863821846f32cd08b7f9dd84710f2fa08a1,2,4,20281117,moderate,0.6,5.0,20262733,wa_mcbr,1000100000000100001000100100000000000000000001000000000000001000001000001110010000000000000001000000
06ac6393eee7a87a46f65b36cf9d1863821846f32cd08b7f9dd84710f2fa08a1,2,4,20281117,moderate,0.6,5.0,20262733,wa_mcbr_swap,1000100000000100001000100100000000000000000001000000000000001000001001001110000000000000000001000000
06ac6393eee7a87a46f65b36cf9d1863821846f32cd08b7f9dd84710f2fa08a1,2,4,20281117,moderate,0.6,5.0,20262733,capacity_greedy,1000000000000100001000100100000000000000000001000000000000001000101000001110000000000000000000000000
06ac6393eee7a87a46f65b36cf9d1863821846f32cd08b7f9dd84710f2fa08a1,2,4,20281117,moderate,0.6,5.0,20262733,lagrangian_relaxation,1100101000010100001000110010000000000000100000000000100000101000001001001110010000000001000001000000
06ac6393eee7a87a46f65b36cf9d1863821846f32cd08b7f9dd84710f2fa08a1,2,4,20281117,moderate,0.6,5.0,20262733,legacy_count_br,1000101000000100001100010110000000000000000001000000000000101000001101001010010000000001000001000000
06ac6393eee7a87a46f65b36cf9d1863821846f32cd08b7f9dd84710f2fa08a1,2,4,20281117,moderate,0.6,5.0,20262733,random_feasible,0100000010000000000100000110010000010010001000000000000010000000001010011010010000100001000000000100
06ac6393eee7a87a46f65b36cf9d1863821846f32cd08b7f9dd84710f2fa08a1,2,4,20281117,moderate,0.6,5.0,20262733,all_local,0000000000000000000000000000000000000000000000000000000000000000000000000000000000000000000000000000
06ac6393eee7a87a46f65b36cf9d1863821846f32cd08b7f9dd84710f2fa08a1,2,4,20281117,moderate,0.6,5.0,20262733,all_offload,1111111111111111111111111111111111111111111111111111111111111111111111111111111111111111111111111111
06ac6393eee7a87a46f65b36cf9d1863821846f32cd08b7f9dd84710f2fa08a1,2,4,20281117,moderate,0.6,5.0,20262733,qdp_oracle,1000100000000100001000100100000000000000000001000000000000001000001001001110000000000000000001000000
06ac6393eee7a87a46f65b36cf9d1863821846f32cd08b7f9dd84710f2fa08a1,2,4,20281117,highly_constrained,0.3,2.0,20262733,wa_mcbr,1000100000000100000000000100000000000000000000000000000000001000000000001010000000000000000001000000
06ac6393eee7a87a46f65b36cf9d1863821846f32cd08b7f9dd84710f2fa08a1,2,4,20281117,highly_constrained,0.3,2.0,20262733,wa_mcbr_swap,0000000000000000001000000000000000000000000001000000000000001000101000001110000000000000000000000000
06ac6393eee7a87a46f65b36cf9d1863821846f32cd08b7f9dd84710f2fa08a1,2,4,20281117,highly_constrained,0.3,2.0,20262733,capacity_greedy,0000000000000000000000000100000000000000000001000000000000000000101000001110000000000000000000000000
06ac6393eee7a87a46f65b36cf9d1863821846f32cd08b7f9dd84710f2fa08a1,2,4,20281117,highly_constrained,0.3,2.0,20262733,lagrangian_relaxation,0000000000000000000000000100000000000000000001000000000000000000101000001110000000000000000000000000
06ac6393eee7a87a46f65b36cf9d1863821846f32cd08b7f9dd84710f2fa08a1,2,4,20281117,highly_constrained,0.3,2.0,20262733,legacy_count_br,1000100000000100000000000100000000000000000000000000000000001000000000001010000000000000000001000000
06ac6393eee7a87a46f65b36cf9d1863821846f32cd08b7f9dd84710f2fa08a1,2,4,20281117,highly_constrained,0.3,2.0,20262733,random_feasible,0100000000000000000000000100000000000010000000000000000000000000001000001010010000000001000000000000
06ac6393eee7a87a46f65b36cf9d1863821846f32cd08b7f9dd84710f2fa08a1,2,4,20281117,highly_constrained,0.3,2.0,20262733,all_local,0000000000000000000000000000000000000000000000000000000000000000000000000000000000000000000000000000
06ac6393eee7a87a46f65b36cf9d1863821846f32cd08b7f9dd84710f2fa08a1,2,4,20281117,highly_constrained,0.3,2.0,20262733,all_offload,1111111111111111111111111111111111111111111111111111111111111111111111111111111111111111111111111111
06ac6393eee7a87a46f65b36cf9d1863821846f32cd08b7f9dd84710f2fa08a1,2,4,20281117,highly_constrained,0.3,2.0,20262733,qdp_oracle,0000000000000000001000000000000000000000000001000000000000000000101000001110000000000000000000000000
06ac6393eee7a87a46f65b36cf9d1863821846f32cd08b7f9dd84710f2fa08a1,2,5,20281214,abundant,1.0,13.0,20262734,wa_mcbr,1100100000000101000100100000000000000000001000000000000000001000101100001110010000000001000000000000
06ac6393eee7a87a46f65b36cf9d1863821846f32cd08b7f9dd84710f2fa08a1,2,5,20281214,abundant,1.0,13.0,20262734,wa_mcbr_swap,1100100000000101000100100000000000000000001000000000000000001000101100001110010000000001000000000000
06ac6393eee7a87a46f65b36cf9d1863821846f32cd08b7f9dd84710f2fa08a1,2,5,20281214,abundant,1.0,13.0,20262734,capacity_greedy,1000100000000100000000100000000000000000001000010000000000001000101100001110010000000001000000000000
06ac6393eee7a87a46f65b36cf9d1863821846f32cd08b7f9dd84710f2fa08a1,2,5,20281214,abundant,1.0,13.0,20262734,lagrangian_relaxation,1000100000000000000000000000000000000010000000010000000000001000101000001110000000000000000000000000
06ac6393eee7a87a46f65b36cf9d1863821846f32cd08b7f9dd84710f2fa08a1,2,5,20281214,abundant,1.0,13.0,20262734,legacy_count_br,1100100000010101000100101000100000000000001010000000000010111010001111001111010000000001000000010000
06ac6393eee7a87a46f65b36cf9d1863821846f32cd08b7f9dd84710f2fa08a1,2,5,20281214,abundant,1.0,13.0,20262734,random_feasible,1100101000001001010011010111101011110010000000101011011001111011100100010001100011010110100111001100
06ac6393eee7a87a46f65b36cf9d1863821846f32cd08b7f9dd84710f2fa08a1,2,5,20281214,abundant,1.0,13.0,20262734,all_local,0000000000000000000000000000000000000000000000000000000000000000000000000000000000000000000000000000
06ac6393eee7a87a46f65b36cf9d1863821846f32cd08b7f9dd84710f2fa08a1,2,5,20281214,abundant,1.0,13.0,20262734,all_offload,1111111111111111111111111111111111111111111111111111111111111111111111111111111111111111111111111111
06ac6393eee7a87a46f65b36cf9d1863821846f32cd08b7f9dd84710f2fa08a1,2,5,20281214,abundant,1.0,13.0,20262734,qdp_oracle,1100100000000101000100100000000000000000001000000000000000001000101100001110010000000001000000000000
06ac6393eee7a87a46f65b36cf9d1863821846f32cd08b7f9dd84710f2fa08a1,2,5,20281214,moderate,0.6,5.0,20262734,wa_mcbr,1000100000000101000000100000000000000000001000000000000000001000101100001110000000000001000000000000
06ac6393eee7a87a46f65b36cf9d1863821846f32cd08b7f9dd84710f2fa08a1,2,5,20281214,moderate,0.6,5.0,20262734,wa_mcbr_swap,1000100000000100000000100000000000000000001000000000000000001000101100001110010000000001000000000000
06ac6393eee7a87a46f65b36cf9d1863821846f32cd08b7f9dd84710f2fa08a1,2,5,20281214,moderate,0.6,5.0,20262734,capacity_greedy,1000100000000100000000100000000000000000001000010000000000001000101000001110000000000001000000000000
06ac6393eee7a87a46f65b36cf9d1863821846f32cd08b7f9dd84710f2fa08a1,2,5,20281214,moderate,0.6,5.0,20262734,lagrangian_relaxation,1100100000000101000100100000100000000000001010000000000000001000001101001111010000000001000000010000
06ac6393eee7a87a46f65b36cf9d1863821846f32cd08b7f9dd84710f2fa08a1,2,5,20281214,moderate,0.6,5.0,20262734,legacy_count_br,0100100000010101001100101000100000000000001010000000000000011000000101001110000000000000000001010000
06ac6393eee7a87a46f65b36cf9d1863821846f32cd08b7f9dd84710f2fa08a1,2,5,20281214,moderate,0.6,5.0,20262734,random_feasible,1100100000001001000001010010100001000010000000000000000000111010100100000001000010000000000001000000
06ac6393eee7a87a46f65b36cf9d1863821846f32cd08b7f9dd84710f2fa08a1,2,5,20281214,moderate,0.6,5.0,20262734,all_local,0000000000000000000000000000000000000000000000000000000000000000000000000000000000000000000000000000
06ac6393eee7a87a46f65b36cf9d1863821846f32cd08b7f9dd84710f2fa08a1,2,5,20281214,moderate,0.6,5.0,20262734,all_offload,1111111111111111111111111111111111111111111111111111111111111111111111111111111111111111111111111111
06ac6393eee7a87a46f65b36cf9d1863821846f32cd08b7f9dd84710f2fa08a1,2,5,20281214,moderate,0.6,5.0,20262734,qdp_oracle,1000100000000100000000100000000000000000001000000000000000001000101100001110010000000001000000000000
06ac6393eee7a87a46f65b36cf9d1863821846f32cd08b7f9dd84710f2fa08a1,2,5,20281214,highly_constrained,0.3,2.0,20262734,wa_mcbr,0100100000000001001100100000000000000000000000000000000000000000000000000110000000000000000001000000
06ac6393eee7a87a46f65b36cf9d1863821846f32cd08b7f9dd84710f2fa08a1,2,5,20281214,highly_constrained,0.3,2.0,20262734,wa_mcbr_swap,1000100000000000000000000000000000000000100000000000000000001000001000001110000000000001000000000000
06ac6393eee7a87a46f65b36cf9d1863821846f32cd08b7f9dd84710f2fa08a1,2,5,20281214,highly_constrained,0.3,2.0,20262734,capacity_greedy,1000100000000000000000000000000000000000000000000000000000001000101000001110000000000000000000000000
06ac6393eee7a87a46f65b36cf9d1863821846f32cd08b7f9dd84710f2fa08a1,2,5,20281214,highly_constrained,0.3,2.0,20262734,lagrangian_relaxation,1000100000000000000000000000000000000000000000000000000000001000101000001110000000000000000000000000
06ac6393eee7a87a46f65b36cf9d1863821846f32cd08b7f9dd84710f2fa08a1,2,5,20281214,highly_constrained,0.3,2.0,20262734,legacy_count_br,0100100000000001001100100000000000000000000000000000000000000000000000000110000000000000000001000000
06ac6393eee7a87a46f65b36cf9d1863821846f32cd08b7f9dd84710f2fa08a1,2,5,20281214,highly_constrained,0.3,2.0,20262734,random_feasible,1100100000000001000000000000000000000000000000000000000000001000100100000000000000000000000001000000
06ac6393eee7a87a46f65b36cf9d1863821846f32cd08b7f9dd84710f2fa08a1,2,5,20281214,highly_constrained,0.3,2.0,20262734,all_local,0000000000000000000000000000000000000000000000000000000000000000000000000000000000000000000000000000
06ac6393eee7a87a46f65b36cf9d1863821846f32cd08b7f9dd84710f2fa08a1,2,5,20281214,highly_constrained,0.3,2.0,20262734,all_offload,1111111111111111111111111111111111111111111111111111111111111111111111111111111111111111111111111111
06ac6393eee7a87a46f65b36cf9d1863821846f32cd08b7f9dd84710f2fa08a1,2,5,20281214,highly_constrained,0.3,2.0,20262734,qdp_oracle,1000000000000000000000000000000000000000000000000000000000001000101000001110000000000000000000000000
06ac6393eee7a87a46f65b36cf9d1863821846f32cd08b7f9dd84710f2fa08a1,2,6,20281311,abundant,1.0,13.0,20262735,wa_mcbr,1000101010000100000000100000000000000000100001000000000000011000100100000110000000000001000000000100
06ac6393eee7a87a46f65b36cf9d1863821846f32cd08b7f9dd84710f2fa08a1,2,6,20281311,abundant,1.0,13.0,20262735,wa_mcbr_swap,1000101010000100000000100000000000000000100001000000000000011000100100000110000000000001000000000100
06ac6393eee7a87a46f65b36cf9d1863821846f32cd08b7f9dd84710f2fa08a1,2,6,20281311,abundant,1.0,13.0,20262735,capacity_greedy,1000100000000100000000100100000000000000000001000000000000011000100100000110000000000001000000000100
06ac6393eee7a87a46f65b36cf9d1863821846f32cd08b7f9dd84710f2fa08a1,2,6,20281311,abundant,1.0,13.0,20262735,lagrangian_relaxation,1000101000000000000000000100000000000010000001100000000000001000101000000110000000000000000000000000
06ac6393eee7a87a46f65b36cf9d1863821846f32cd08b7f9dd84710f2fa08a1,2,6,20281311,abundant,1.0,13.0,20262735,legacy_count_br,1000101010011100001101110000100000000010100001000000000000011000000110000111000000000011000000010100
06ac6393eee7a87a46f65b36cf9d1863821846f32cd08b7f9dd84710f2fa08a1,2,6,20281311,abundant,1.0,13.0,20262735,random_feasible,0000100001001100110000010000100111100111001110111001011101010100111000101101010010000100001111101111
06ac6393eee7a87a46f65b36cf9d1863821846f32cd08b7f9dd84710f2fa08a1,2,6,20281311,abundant,1.0,13.0,20262735,all_local,0000000000000000000000000000000000000000000000000000000000000000000000000000000000000000000000000000
06ac6393eee7a87a46f65b36cf9d1863821846f32cd08b7f9dd84710f2fa08a1,2,6,20281311,abundant,1.0,13.0,20262735,all_offload,1111111111111111111111111111111111111111111111111111111111111111111111111111111111111111111111111111
06ac6393eee7a87a46f65b36cf9d1863821846f32cd08b7f9dd84710f2fa08a1,2,6,20281311,abundant,1.0,13.0,20262735,qdp_oracle,1000101010000100000000100000000000000000100001000000000000011000100100000110000000000001000000000100
06ac6393eee7a87a46f65b36cf9d1863821846f32cd08b7f9dd84710f2fa08a1,2,6,20281311,moderate,0.6,5.0,20262735,wa_mcbr,1000101000000100000000000000000000000000000001000000000000011000100100000110000000000001000000000100
06ac6393eee7a87a46f65b36cf9d1863821846f32cd08b7f9dd84710f2fa08a1,2,6,20281311,moderate,0.6,5.0,20262735,wa_mcbr_swap,1000101000000100000000000000000000000000000001000000000000011000100100000110000000000001000000000100
06ac6393eee7a87a46f65b36cf9d1863821846f32cd08b7f9dd84710f2fa08a1,2,6,20281311,moderate,0.6,5.0,20262735,capacity_greedy,1000100000000100000000000100000000000000000001000000000000001000100100000110000000000001000000000100
06ac6393eee7a87a46f65b36cf9d1863821846f32cd08b7f9dd84710f2fa08a1,2,6,20281311,moderate,0.6,5.0,20262735,lagrangian_relaxation,1000101010010100001100100000000000000000100001000000000000011000000100000111000000000001000000010100
06ac6393eee7a87a46f65b36cf9d1863821846f32cd08b7f9dd84710f2fa08a1,2,6,20281311,moderate,0.6,5.0,20262735,legacy_count_br,1000100000011100001101110000000000000010100000000000000000001000000110000111000000000001000000010100
06ac6393eee7a87a46f65b36cf9d1863821846f32cd08b7f9dd84710f2fa08a1,2,6,20281311,moderate,0.6,5.0,20262735,random_feasible,0000100000001100000000010000100001000010001010000000000000010000111000001101010010000100000000000100
06ac6393eee7a87a46f65b36cf9d1863821846f32cd08b7f9dd84710f2fa08a1,2,6,20281311,moderate,0.6,5.0,20262735,all_local,0000000000000000000000000000000000000000000000000000000000000000000000000000000000000000000000000000
06ac6393eee7a87a46f65b36cf9d1863821846f32cd08b7f9dd84710f2fa08a1,2,6,20281311,moderate,0.6,5.0,20262735,all_offload,1111111111111111111111111111111111111111111111111111111111111111111111111111111111111111111111111111
06ac6393eee7a87a46f65b36cf9d1863821846f32cd08b7f9dd84710f2fa08a1,2,6,20281311,moderate,0.6,5.0,20262735,qdp_oracle,1000101000000100000000000000000000000000000001000000000000011000100100000110000000000001000000000100
06ac6393eee7a87a46f65b36cf9d1863821846f32cd08b7f9dd84710f2fa08a1,2,6,20281311,highly_constrained,0.3,2.0,20262735,wa_mcbr,1000100000010100001000000000000000000000100000000000000000001000000000000100000000000001000000000000
06ac6393eee7a87a46f65b36cf9d1863821846f32cd08b7f9dd84710f2fa08a1,2,6,20281311,highly_constrained,0.3,2.0,20262735,wa_mcbr_swap,1000101000000100000000000000000000000000100000000000000000001000000100000110000000000000000000000000
06ac6393eee7a87a46f65b36cf9d1863821846f32cd08b7f9dd84710f2fa08a1,2,6,20281311,highly_constrained,0.3,2.0,20262735,capacity_greedy,1000000000000000000000000100000000000000000001000000000000001000100000000110000000000000000000000000
06ac6393eee7a87a46f65b36cf9d1863821846f32cd08b7f9dd84710f2fa08a1,2,6,20281311,highly_constrained,0.3,2.0,20262735,lagrangian_relaxation,1000001000000000000000000000000000000000000001000000000000001000101000000110000000000000000000000000
06ac6393eee7a87a46f65b36cf9d1863821846f32cd08b7f9dd84710f2fa08a1,2,6,20281311,highly_constrained,0.3,2.0,20262735,legacy_count_br,1000100000010100001000000000000000000000100000000000000000001000000000000100000000000001000000000000
06ac6393eee7a87a46f65b36cf9d1863821846f32cd08b7f9dd84710f2fa08a1,2,6,20281311,highly_constrained,0.3,2.0,20262735,random_feasible,0000100000001100000000000000000000000010000000000000000000010000100000000101000000000000000000000000
06ac6393eee7a87a46f65b36cf9d1863821846f32cd08b7f9dd84710f2fa08a1,2,6,20281311,highly_constrained,0.3,2.0,20262735,all_local,0000000000000000000000000000000000000000000000000000000000000000000000000000000000000000000000000000
06ac6393eee7a87a46f65b36cf9d1863821846f32cd08b7f9dd84710f2fa08a1,2,6,20281311,highly_constrained,0.3,2.0,20262735,all_offload,1111111111111111111111111111111111111111111111111111111111111111111111111111111111111111111111111111
06ac6393eee7a87a46f65b36cf9d1863821846f32cd08b7f9dd84710f2fa08a1,2,6,20281311,highly_constrained,0.3,2.0,20262735,qdp_oracle,1000000000000000000000000000000000000000000001000000000000001000100000000110000000000000000000000000
06ac6393eee7a87a46f65b36cf9d1863821846f32cd08b7f9dd84710f2fa08a1,2,7,20281408,abundant,1.0,13.0,20262736,wa_mcbr,1000100000011001001000100000000000000000001001000000000000001000100000001110000000000001000000000000
06ac6393eee7a87a46f65b36cf9d1863821846f32cd08b7f9dd84710f2fa08a1,2,7,20281408,abundant,1.0,13.0,20262736,wa_mcbr_swap,1000100000011001001000100000000000000000001001000000000000001000100000001110000000000001000000000000
06ac6393eee7a87a46f65b36cf9d1863821846f32cd08b7f9dd84710f2fa08a1,2,7,20281408,abundant,1.0,13.0,20262736,capacity_greedy,1000100000010000000000100000000000000000001001010000000000001000100000001110000000000001000000000000
06ac6393eee7a87a46f65b36cf9d1863821846f32cd08b7f9dd84710f2fa08a1,2,7,20281408,abundant,1.0,13.0,20262736,lagrangian_relaxation,0000001000000000000000000000000000000010000001010000000000001000100000001110000000000000000000000000
06ac6393eee7a87a46f65b36cf9d1863821846f32cd08b7f9dd84710f2fa08a1,2,7,20281408,abundant,1.0,13.0,20262736,legacy_count_br,1000101000011101001000101010000000000010001010000000000010111000000100001111010000000001000001000000
06ac6393eee7a87a46f65b36cf9d1863821846f32cd08b7f9dd84710f2fa08a1,2,7,20281408,abundant,1.0,13.0,20262736,random_feasible,0100111100101001101011101000101010010101000100011000111011111100101011010010011011001000000100001110
06ac6393eee7a87a46f65b36cf9d1863821846f32cd08b7f9dd84710f2fa08a1,2,7,20281408,abundant,1.0,13.0,20262736,all_local,0000000000000000000000000000000000000000000000000000000000000000000000000000000000000000000000000000
06ac6393eee7a87a46f65b36cf9d1863821846f32cd08b7f9dd84710f2fa08a1,2,7,20281408,abundant,1.0,13.0,20262736,all_offload,1111111111111111111111111111111111111111111111111111111111111111111111111111111111111111111111111111
06ac6393eee7a87a46f65b36cf9d1863821846f32cd08b7f9dd84710f2fa08a1,2,7,20281408,abundant,1.0,13.0,20262736,qdp_oracle,1000100000010000000000100000000000000000001001010000000000001000100000001110000000000001000000000000
06ac6393eee7a87a46f65b36cf9d1863821846f32cd08b7f9dd84710f2fa08a1,2,7,20281408,moderate,0.6,5.0,20262736,wa_mcbr,1000100000000000000000100000000000000000001001010000000000001000100000001110000000000001000000000000
06ac6393eee7a87a46f65b36cf9d1863821846f32cd08b7f9dd84710f2fa08a1,2,7,20281408,moderate,0.6,5.0,20262736,wa_mcbr_swap,1000100000000000000000100000000000000000001001010000000000001000100000001110000000000001000000000000
06ac6393eee7a87a46f65b36cf9d1863821846f32cd08b7f9dd84710f2fa08a1,2,7,20281408,moderate,0.6,5.0,20262736,capacity_greedy,1000100000000000000000100000000000000000001001010000000000001000100000001110000000000001000000000000
06ac6393eee7a87a46f65b36cf9d1863821846f32cd08b7f9dd84710f2fa08a1,2,7,20281408,moderate,0.6,5.0,20262736,lagrangian_relaxation,0000000000000000000000000000000000000000000001010000000000000000100000000110000000000000000000000000
06ac6393eee7a87a46f65b36cf9d1863821846f32cd08b7f9dd84710f2fa08a1,2,7,20281408,moderate,0.6,5.0,20262736,legacy_count_br,0000101000010101001000100010000000000000000011000000000000111000000100000111010000000001000001000010
06ac6393eee7a87a46f65b36cf9d1863821846f32cd08b7f9dd84710f2fa08a1,2,7,20281408,moderate,0.6,5.0,20262736,random_feasible,0000101000001001001000101000000010000000000000010000100010111000100001000010010000000000000000000010
06ac6393eee7a87a46f65b36cf9d1863821846f32cd08b7f9dd84710f2fa08a1,2,7,20281408,moderate,0.6,5.0,20262736,all_local,0000000000000000000000000000000000000000000000000000000000000000000000000000000000000000000000000000
06ac6393eee7a87a46f65b36cf9d1863821846f32cd08b7f9dd84710f2fa08a1,2,7,20281408,moderate,0.6,5.0,20262736,all_offload,1111111111111111111111111111111111111111111111111111111111111111111111111111111111111111111111111111
06ac6393eee7a87a46f65b36cf9d1863821846f32cd08b7f9dd84710f2fa08a1,2,7,20281408,moderate,0.6,5.0,20262736,qdp_oracle,1000100000000000000000100000000000000000001001010000000000001000100000001110000000000001000000000000
06ac6393eee7a87a46f65b36cf9d1863821846f32cd08b7f9dd84710f2fa08a1,2,7,20281408,highly_constrained,0.3,2.0,20262736,wa_mcbr,0000101000000000001000000000000000000000000001000000000000001000000000000110000000000001000001000000
06ac6393eee7a87a46f65b36cf9d1863821846f32cd08b7f9dd84710f2fa08a1,2,7,20281408,highly_constrained,0.3,2.0,20262736,wa_mcbr_swap,1000101000000000001000000000000000000000000000000000000000001000100000001110000000000000000000000000
06ac6393eee7a87a46f65b36cf9d1863821846f32cd08b7f9dd84710f2fa08a1,2,7,20281408,highly_constrained,0.3,2.0,20262736,capacity_greedy,1000000000000000000000000000000000000000000001010000000000001000100000000110000000000000000000000000
06ac6393eee7a87a46f65b36cf9d1863821846f32cd08b7f9dd84710f2fa08a1,2,7,20281408,highly_constrained,0.3,2.0,20262736,lagrangian_relaxation,1000001000000000000000000000000000000000000001000000000000001000100000001110000000000000000000000000
06ac6393eee7a87a46f65b36cf9d1863821846f32cd08b7f9dd84710f2fa08a1,2,7,20281408,highly_constrained,0.3,2.0,20262736,legacy_count_br,0000101000000000000000000000000000000000000011000000000000001000000000000110000000000001000001000000
06ac6393eee7a87a46f65b36cf9d1863821846f32cd08b7f9dd84710f2fa08a1,2,7,20281408,highly_constrained,0.3,2.0,20262736,random_feasible,0000101000000000001000100000000000000000000000010000000000001000100000000010000000000000000000000000
06ac6393eee7a87a46f65b36cf9d1863821846f32cd08b7f9dd84710f2fa08a1,2,7,20281408,highly_constrained,0.3,2.0,20262736,all_local,0000000000000000000000000000000000000000000000000000000000000000000000000000000000000000000000000000
06ac6393eee7a87a46f65b36cf9d1863821846f32cd08b7f9dd84710f2fa08a1,2,7,20281408,highly_constrained,0.3,2.0,20262736,all_offload,1111111111111111111111111111111111111111111111111111111111111111111111111111111111111111111111111111
06ac6393eee7a87a46f65b36cf9d1863821846f32cd08b7f9dd84710f2fa08a1,2,7,20281408,highly_constrained,0.3,2.0,20262736,qdp_oracle,0000000000000000000000000000000000000000000001010000000000001000100000000110000000000000000000000000
06ac6393eee7a87a46f65b36cf9d1863821846f32cd08b7f9dd84710f2fa08a1,2,8,20281505,abundant,1.0,13.0,20262737,wa_mcbr,1000101000000001001000100100000000000000001001000000000000011000001000001111000000000000000000000000
06ac6393eee7a87a46f65b36cf9d1863821846f32cd08b7f9dd84710f2fa08a1,2,8,20281505,abundant,1.0,13.0,20262737,wa_mcbr_swap,1000101000000101001000100100000000000000001001000000000000001000001000001111000000000000000000000000
06ac6393eee7a87a46f65b36cf9d1863821846f32cd08b7f9dd84710f2fa08a1,2,8,20281505,abundant,1.0,13.0,20262737,capacity_greedy,1000100000000000001000100100000000000000001001000000000000001000101000001110000000000000000000000000
06ac6393eee7a87a46f65b36cf9d1863821846f32cd08b7f9dd84710f2fa08a1,2,8,20281505,abundant,1.0,13.0,20262737,lagrangian_relaxation,1000101000000000001000000100000000000010000001000000000000001000101000001110000000000000000000000000
06ac6393eee7a87a46f65b36cf9d1863821846f32cd08b7f9dd84710f2fa08a1,2,8,20281505,abundant,1.0,13.0,20262737,legacy_count_br,1000101010010101001000111100000000000010101001000000100000011000001110001111000000000001000000000000
06ac6393eee7a87a46f65b36cf9d1863821846f32cd08b7f9dd84710f2fa08a1,2,8,20281505,abundant,1.0,13.0,20262737,random_feasible,0010011001101111000101110110001001000100010011101111011111010100111000101100011000000000010000110100
06ac6393eee7a87a46f65b36cf9d1863821846f32cd08b7f9dd84710f2fa08a1,2,8,20281505,abundant,1.0,13.0,20262737,all_local,0000000000000000000000000000000000000000000000000000000000000000000000000000000000000000000000000000
06ac6393eee7a87a46f65b36cf9d1863821846f32cd08b7f9dd84710f2fa08a1,2,8,20281505,abundant,1.0,13.0,20262737,all_offload,1111111111111111111111111111111111111111111111111111111111111111111111111111111111111111111111111111
06ac6393eee7a87a46f65b36cf9d1863821846f32cd08b7f9dd84710f2fa08a1,2,8,20281505,abundant,1.0,13.0,20262737,qdp_oracle,1000101000000101001000100100000000000000001001000000000000001000001000001111000000000000000000000000
06ac6393eee7a87a46f65b36cf9d1863821846f32cd08b7f9dd84710f2fa08a1,2,8,20281505,moderate,0.6,5.0,20262737,wa_mcbr,1000101000000001001000100100000000000000000001000000000000001000001000001111000000000000000000000000
06ac6393eee7a87a46f65b36cf9d1863821846f32cd08b7f9dd84710f2fa08a1,2,8,20281505,moderate,0.6,5.0,20262737,wa_mcbr_swap,1000101000000001001000100100000000000000000001000000000000001000001000001111000000000000000000000000
06ac6393eee7a87a46f65b36cf9d1863821846f32cd08b7f9dd84710f2fa08a1,2,8,20281505,moderate,0.6,5.0,20262737,capacity_greedy,1000001000000000001000100100000000000000000001000000000000001000101000001110000000000000000000000000
06ac6393eee7a87a46f65b36cf9d1863821846f32cd08b7f9dd84710f2fa08a1,2,8,20281505,moderate,0.6,5.0,20262737,lagrangian_relaxation,1000101000000000001000100100000000000010100001000000000000001000101000001110000000000000000000000000
06ac6393eee7a87a46f65b36cf9d1863821846f32cd08b7f9dd84710f2fa08a1,2,8,20281505,moderate,0.6,5.0,20262737,legacy_count_br,1100001010010001001100100000000001000010100000000000100000011000000110001111000000000000000000000000
06ac6393eee7a87a46f65b36cf9d1863821846f32cd08b7f9dd84710f2fa08a1,2,8,20281505,moderate,0.6,5.0,20262737,random_feasible,0000001000000101000101110110000001000000000011000001000010010000001000001100010000000000000000010000
06ac6393eee7a87a46f65b36cf9d1863821846f32cd08b7f9dd84710f2fa08a1,2,8,20281505,moderate,0.6,5.0,20262737,all_local,0000000000000000000000000000000000000000000000000000000000000000000000000000000000000000000000000000
06ac6393eee7a87a46f65b36cf9d1863821846f32cd08b7f9dd84710f2fa08a1,2,8,20281505,moderate,0.6,5.0,20262737,all_offload,1111111111111111111111111111111111111111111111111111111111111111111111111111111111111111111111111111
06ac6393eee7a87a46f65b36cf9d1863821846f32cd08b7f9dd84710f2fa08a1,2,8,20281505,moderate,0.6,5.0,20262737,qdp_oracle,1000101000000001001000100100000000000000000001000000000000001000001000001111000000000000000000000000
06ac6393eee7a87a46f65b36cf9d1863821846f32cd08b7f9dd84710f2fa08a1,2,8,20281505,highly_constrained,0.3,2.0,20262737,wa_mcbr,1000000000010000000000100000000000000000100000000000100000011000000000001000000000000000000000000000
06ac6393eee7a87a46f65b36cf9d1863821846f32cd08b7f9dd84710f2fa08a1,2,8,20281505,highly_constrained,0.3,2.0,20262737,wa_mcbr_swap,1000000000000000000000100000000000000000000001000000000000001000001000001110000000000000000000000000
06ac6393eee7a87a46f65b36cf9d1863821846f32cd08b7f9dd84710f2fa08a1,2,8,20281505,highly_constrained,0.3,2.0,20262737,capacity_greedy,0000000000000000000000000100000000000000000001000000000000000000101000001110000000000000000000000000
06ac6393eee7a87a46f65b36cf9d1863821846f32cd08b7f9dd84710f2fa08a1,2,8,20281505,highly_constrained,0.3,2.0,20262737,lagrangian_relaxation,0000001000000000000000000100000000000000000001000000000000001000001000001110000000000000000000000000
06ac6393eee7a87a46f65b36cf9d1863821846f32cd08b7f9dd84710f2fa08a1,2,8,20281505,highly_constrained,0.3,2.0,20262737,legacy_count_br,1000000000010000000000100000000000000000100000000000100000011000000000001000000000000000000000000000
06ac6393eee7a87a46f65b36cf9d1863821846f32cd08b7f9dd84710f2fa08a1,2,8,20281505,highly_constrained,0.3,2.0,20262737,random_feasible,0000001000000100000000100100000000000000000001000000000000000000001000001100000000000000000000000000
06ac6393eee7a87a46f65b36cf9d1863821846f32cd08b7f9dd84710f2fa08a1,2,8,20281505,highly_constrained,0.3,2.0,20262737,all_local,0000000000000000000000000000000000000000000000000000000000000000000000000000000000000000000000000000
06ac6393eee7a87a46f65b36cf9d1863821846f32cd08b7f9dd84710f2fa08a1,2,8,20281505,highly_constrained,0.3,2.0,20262737,all_offload,1111111111111111111111111111111111111111111111111111111111111111111111111111111111111111111111111111
06ac6393eee7a87a46f65b36cf9d1863821846f32cd08b7f9dd84710f2fa08a1,2,8,20281505,highly_constrained,0.3,2.0,20262737,qdp_oracle,0000000000000000001000000100000000000000000001000000000000000000001000001110000000000000000000000000
06ac6393eee7a87a46f65b36cf9d1863821846f32cd08b7f9dd84710f2fa08a1,2,9,20281602,abundant,1.0,13.0,20262738,wa_mcbr,1000100000011000000000100100000000000000001001100000000000001000001000001111000000000000000000010000
06ac6393eee7a87a46f65b36cf9d1863821846f32cd08b7f9dd84710f2fa08a1,2,9,20281602,abundant,1.0,13.0,20262738,wa_mcbr_swap,1000100000011000000000100100000000000000001001100000000000001000001000001111000000000000000000010000
06ac6393eee7a87a46f65b36cf9d1863821846f32cd08b7f9dd84710f2fa08a1,2,9,20281602,abundant,1.0,13.0,20262738,capacity_greedy,1000100000000000000000100100000000000000001001100000000000001000101000001111000000000000000000000000
06ac6393eee7a87a46f65b36cf9d1863821846f32cd08b7f9dd84710f2fa08a1,2,9,20281602,abundant,1.0,13.0,20262738,lagrangian_relaxation,1000100000000000000000100100000000000010100001100000000000001000101000001110000000000000000000000000
06ac6393eee7a87a46f65b36cf9d1863821846f32cd08b7f9dd84710f2fa08a1,2,9,20281602,abundant,1.0,13.0,20262738,legacy_count_br,1100100000011000000100100100100000000010101001000000100010001000001111001111010000000000000000010000
06ac6393eee7a87a46f65b36cf9d1863821846f32cd08b7f9dd84710f2fa08a1,2,9,20281602,abundant,1.0,13.0,20262738,random_feasible,1000100001111000001101011011010101000001111011001001110000101001111111000010010100111001001110100101
06ac6393eee7a87a46f65b36cf9d1863821846f32cd08b7f9dd84710f2fa08a1,2,9,20281602,abundant,1.0,13.0,20262738,all_local,0000000000000000000000000000000000000000000000000000000000000000000000000000000000000000000000000000
06ac6393eee7a87a46f65b36cf9d1863821846f32cd08b7f9dd84710f2fa08a1,2,9,20281602,abundant,1.0,13.0,20262738,all_offload,1111111111111111111111111111111111111111111111111111111111111111111111111111111111111111111111111111
06ac6393eee7a87a46f65b36cf9d1863821846f32cd08b7f9dd84710f2fa08a1,2,9,20281602,abundant,1.0,13.0,20262738,qdp_oracle,1000100000011000000000100100000000000000001001100000000000001000001000001111000000000000000000010000
06ac6393eee7a87a46f65b36cf9d1863821846f32cd08b7f9dd84710f2fa08a1,2,9,20281602,moderate,0.6,5.0,20262738,wa_mcbr,1000100000001000000000100100000000000000001001100000000000001000001000001111000000000000000000000000
06ac6393eee7a87a46f65b36cf9d1863821846f32cd08b7f9dd84710f2fa08a1,2,9,20281602,moderate,0.6,5.0,20262738,wa_mcbr_swap,1000100000010000000000100100000000000000001001100000000000001000001000001111000000000000000000000000
06ac6393eee7a87a46f65b36cf9d1863821846f32cd08b7f9dd84710f2fa08a1,2,9,20281602,moderate,0.6,5.0,20262738,capacity_greedy,1000000000000000000000100100000000000000001001100000000000001000101000001110000000000000000000000000
06ac6393eee7a87a46f65b36cf9d1863821846f32cd08b7f9dd84710f2fa08a1,2,9,20281602,moderate,0.6,5.0,20262738,lagrangian_relaxation,1000100000010000000000100100000000000010100001100000000000001000101000001110000000000000000000000000
06ac6393eee7a87a46f65b36cf9d1863821846f32cd08b7f9dd84710f2fa08a1,2,9,20281602,moderate,0.6,5.0,20262738,legacy_count_br,1100000000011000000100001100100000000010100001100000100000101000000110000100000001000000000000010000
06ac6393eee7a87a46f65b36cf9d1863821846f32cd08b7f9dd84710f2fa08a1,2,9,20281602,moderate,0.6,5.0,20262738,random_feasible,1000100000011000000100001000000000000000101001000000100000101000001111000010010000000000000000000100
06ac6393eee7a87a46f65b36cf9d1863821846f32cd08b7f9dd84710f2fa08a1,2,9,20281602,moderate,0.6,5.0,20262738,all_local,0000000000000000000000000000000000000000000000000000000000000000000000000000000000000000000000000000
06ac6393eee7a87a46f65b36cf9d1863821846f32cd08b7f9dd84710f2fa08a1,2,9,20281602,moderate,0.6,5.0,20262738,all_offload,1111111111111111111111111111111111111111111111111111111111111111111111111111111111111111111111111111
06ac6393eee7a87a46f65b36cf9d1863821846f32cd08b7f9dd84710f2fa08a1,2,9,20281602,moderate,0.6,5.0,20262738,qdp_oracle,1000100000010000000000100100000000000000001001100000000000001000001000001111000000000000000000000000
06ac6393eee7a87a46f65b36cf9d1863821846f32cd08b7f9dd84710f2fa08a1,2,9,20281602,highly_constrained,0.3,2.0,20262738,wa_mcbr,1000000000000000000000000100000000000010100001100000000000001000000000000000000000000000000000000000
06ac6393eee7a87a46f65b36cf9d1863821846f32cd08b7f9dd84710f2fa08a1,2,9,20281602,highly_constrained,0.3,2.0,20262738,wa_mcbr_swap,0000000000000000000000000100000000000000000001100000000000000000001000001110000000000000000000000000
06ac6393eee7a87a46f65b36cf9d1863821846f32cd08b7f9dd84710f2fa08a1,2,9,20281602,highly_constrained,0.3,2.0,20262738,capacity_greedy,0000000000000000000000000100000000000000000001100000000000000000101000001010000000000000000000000000
06ac6393eee7a87a46f65b36cf9d1863821846f32cd08b7f9dd84710f2fa08a1,2,9,20281602,highly_constrained,0.3,2.0,20262738,lagrangian_relaxation,0000000000000000000000000100000000000000000001100000000000000000001000001110000000000000000000000000
06ac6393eee7a87a46f65b36cf9d1863821846f32cd08b7f9dd84710f2fa08a1,2,9,20281602,highly_constrained,0.3,2.0,20262738,legacy_count_br,1000000000000000000000000100000000000010100011100000000000001000000000000000000000000000000000000000
06ac6393eee7a87a46f65b36cf9d1863821846f32cd08b7f9dd84710f2fa08a1,2,9,20281602,highly_constrained,0.3,2.0,20262738,random_feasible,1000100000010000000000000000000000000000100001000000000000001000001000000010000000000000000000000000
06ac6393eee7a87a46f65b36cf9d1863821846f32cd08b7f9dd84710f2fa08a1,2,9,20281602,highly_constrained,0.3,2.0,20262738,all_local,0000000000000000000000000000000000000000000000000000000000000000000000000000000000000000000000000000
06ac6393eee7a87a46f65b36cf9d1863821846f32cd08b7f9dd84710f2fa08a1,2,9,20281602,highly_constrained,0.3,2.0,20262738,all_offload,1111111111111111111111111111111111111111111111111111111111111111111111111111111111111111111111111111
06ac6393eee7a87a46f65b36cf9d1863821846f32cd08b7f9dd84710f2fa08a1,2,9,20281602,highly_constrained,0.3,2.0,20262738,qdp_oracle,0000100000000000000000000100000000000000000001000000000000000000001000001110000000000000000000000000
06ac6393eee7a87a46f65b36cf9d1863821846f32cd08b7f9dd84710f2fa08a1,3,0,20290729,abundant,1.0,13.0,20263729,wa_mcbr,0000100101000001001100001001000000000000010100000110000000011000000000000010010000000000010000010000
06ac6393eee7a87a46f65b36cf9d1863821846f32cd08b7f9dd84710f2fa08a1,3,0,20290729,abundant,1.0,13.0,20263729,wa_mcbr_swap,0000100001000001001100001001000000000000010100000110000000011000000000000011010000000000010000010000
06ac6393eee7a87a46f65b36cf9d1863821846f32cd08b7f9dd84710f2fa08a1,3,0,20290729,abundant,1.0,13.0,20263729,capacity_greedy,0000100001000001001100000001000000000000010000000110000000011000000100000010010000000000010000010000
06ac6393eee7a87a46f65b36cf9d1863821846f32cd08b7f9dd84710f2fa08a1,3,0,20290729,abundant,1.0,13.0,20263729,lagrangian_relaxation,0000100000000000001100000001000000000000000000000101000001011000000100000000000000001000000000010000
06ac6393eee7a87a46f65b36cf9d1863821846f32cd08b7f9dd84710f2fa08a1,3,0,20290729,abundant,1.0,13.0,20263729,legacy_count_br,0000100101100001001100001111000000000000010100000110000101011000010000100011010000001000011000010000
06ac6393eee7a87a46f65b36cf9d1863821846f32cd08b7f9dd84710f2fa08a1,3,0,20290729,abundant,1.0,13.0,20263729,random_feasible,1001101110010110010101111101110010100000100110111010001111001001100101100100000011000010010110111001
06ac6393eee7a87a46f65b36cf9d1863821846f32cd08b7f9dd84710f2fa08a1,3,0,20290729,abundant,1.0,13.0,20263729,all_local,0000000000000000000000000000000000000000000000000000000000000000000000000000000000000000000000000000
06ac6393eee7a87a46f65b36cf9d1863821846f32cd08b7f9dd84710f2fa08a1,3,0,20290729,abundant,1.0,13.0,20263729,all_offload,1111111111111111111111111111111111111111111111111111111111111111111111111111111111111111111111111111
06ac6393eee7a87a46f65b36cf9d1863821846f32cd08b7f9dd84710f2fa08a1,3,0,20290729,abundant,1.0,13.0,20263729,qdp_oracle,0000100001000001001100001001000000000000010100000110000000011000000000000011010000000000010000010000
06ac6393eee7a87a46f65b36cf9d1863821846f32cd08b7f9dd84710f2fa08a1,3,0,20290729,moderate,0.6,5.0,20263729,wa_mcbr,0000100001000001001100000001000000000000010000000110000000011000000000000010010000000000010000010000
06ac6393eee7a87a46f65b36cf9d1863821846f32cd08b7f9dd84710f2fa08a1,3,0,20290729,moderate,0.6,5.0,20263729,wa_mcbr_swap,0000100001000001001100000001000000000000010000000110000000011000000000000010010000000000010000010000
06ac6393eee7a87a46f65b36cf9d1863821846f32cd08b7f9dd84710f2fa08a1,3,0,20290729,moderate,0.6,5.0,20263729,capacity_greedy,0000100000000001001100000001000000000000010000000110000000011000000100000000010000000000010000010000
06ac6393eee7a87a46f65b36cf9d1863821846f32cd08b7f9dd84710f2fa08a1,3,0,20290729,moderate,0.6,5.0,20263729,lagrangian_relaxation,0000100101100001001100001001000000000000010100000110000001001000000000100011010000001000010000010000
06ac6393eee7a87a46f65b36cf9d1863821846f32cd08b7f9dd84710f2fa08a1,3,0,20290729,moderate,0.6,5.0,20263729,legacy_count_br,0000000100000001001100001001000000000000000100000111000101011000000010000001010000001000011000010001
06ac6393eee7a87a46f65b36cf9d1863821846f32cd08b7f9dd84710f2fa08a1,3,0,20290729,moderate,0.6,5.0,20263729,random_feasible,0000101100000000000100111001000000100000000100001010000111001000000000100000000001000000010000010001
06ac6393eee7a87a46f65b36cf9d1863821846f32cd08b7f9dd84710f2fa08a1,3,0,20290729,moderate,0.6,5.0,20263729,all_local,0000000000000000000000000000000000000000000000000000000000000000000000000000000000000000000000000000
06ac6393eee7a87a46f65b36cf9d1863821846f32cd08b7f9dd84710f2fa08a1,3,0,20290729,moderate,0.6,5.0,20263729,all_offload,1111111111111111111111111111111111111111111111111111111111111111111111111111111111111111111111111111
06ac6393eee7a87a46f65b36cf9d1863821846f32cd08b7f9dd84710f2fa08a1,3,0,20290729,moderate,0.6,5.0,20263729,qdp_oracle,0000100001000001001100000001000000000000010000000110000000011000000000000010010000000000010000010000
06ac6393eee7a87a46f65b36cf9d1863821846f32cd08b7f9dd84710f2fa08a1,3,0,20290729,highly_constrained,0.3,2.0,20263729,wa_mcbr,0000000000000000001100000001000000000000000000000100000000011000000000000000010000001000010000010000
06ac6393eee7a87a46f65b36cf9d1863821846f32cd08b7f9dd84710f2fa08a1,3,0,20290729,highly_constrained,0.3,2.0,20263729,wa_mcbr_swap,0000100000000000001100000001000000000000000000000100000001011000000000000000010000000000000000010000
06ac6393eee7a87a46f65b36cf9d1863821846f32cd08b7f9dd84710f2fa08a1,3,0,20290729,highly_constrained,0.3,2.0,20263729,capacity_greedy,0000000000000000001100000001000000000000000000000110000000011000000100000000000000000000000000000000
06ac6393eee7a87a46f65b36cf9d1863821846f32cd08b7f9dd84710f2fa08a1,3,0,20290729,highly_constrained,0.3,2.0,20263729,lagrangian_relaxation,0000100000000000001100000001000000000000000000000100000001011000000000000000000000000000000000010000
06ac6393eee7a87a46f65b36cf9d1863821846f32cd08b7f9dd84710f2fa08a1,3,0,20290729,highly_constrained,0.3,2.0,20263729,legacy_count_br,0000000000000000001100000001000000000000000000000100000000011000000000000000010000001000010000010000
06ac6393eee7a87a46f65b36cf9d1863821846f32cd08b7f9dd84710f2fa08a1,3,0,20290729,highly_constrained,0.3,2.0,20263729,random_feasible,0000100000000000000100001001000000000000000000000010000001001000000000000000000000000000010000010000
06ac6393eee7a87a46f65b36cf9d1863821846f32cd08b7f9dd84710f2fa08a1,3,0,20290729,highly_constrained,0.3,2.0,20263729,all_local,0000000000000000000000000000000000000000000000000000000000000000000000000000000000000000000000000000
06ac6393eee7a87a46f65b36cf9d1863821846f32cd08b7f9dd84710f2fa08a1,3,0,20290729,highly_constrained,0.3,2.0,20263729,all_offload,1111111111111111111111111111111111111111111111111111111111111111111111111111111111111111111111111111
06ac6393eee7a87a46f65b36cf9d1863821846f32cd08b7f9dd84710f2fa08a1,3,0,20290729,highly_constrained,0.3,2.0,20263729,qdp_oracle,0000100000000001001100000001000000000000000000000100000000011000000000000000000000000000000000000000
06ac6393eee7a87a46f65b36cf9d1863821846f32cd08b7f9dd84710f2fa08a1,3,1,20290826,abundant,1.0,13.0,20263730,wa_mcbr,0000100001000001001100000001000000000000010000000101000000011000000100100010010000000000001000000000
06ac6393eee7a87a46f65b36cf9d1863821846f32cd08b7f9dd84710f2fa08a1,3,1,20290826,abundant,1.0,13.0,20263730,wa_mcbr_swap,0000100001000001001100000001000000000000010000000101000000011000000000100010010000000000011000000000
06ac6393eee7a87a46f65b36cf9d1863821846f32cd08b7f9dd84710f2fa08a1,3,1,20290826,abundant,1.0,13.0,20263730,capacity_greedy,0000100001000001001100000001000000000000010000000101000000011000000100000010010000000000011000000000
06ac6393eee7a87a46f65b36cf9d1863821846f32cd08b7f9dd84710f2fa08a1,3,1,20290826,abundant,1.0,13.0,20263730,lagrangian_relaxation,0000100000000000001100000001000000000000000000000100000001011000000100000000000000000000000000010000
06ac6393eee7a87a46f65b36cf9d1863821846f32cd08b7f9dd84710f2fa08a1,3,1,20290826,abundant,1.0,13.0,20263730,legacy_count_br,0000100101000001001110001001000000000000010000000101000001011000000000100011010010100001111000010010
06ac6393eee7a87a46f65b36cf9d1863821846f32cd08b7f9dd84710f2fa08a1,3,1,20290826,abundant,1.0,13.0,20263730,random_feasible,1000010110101101011110100100001010110110111001000010000100100011001001111000001110100100001111111100
06ac6393eee7a87a46f65b36cf9d1863821846f32cd08b7f9dd84710f2fa08a1,3,1,20290826,abundant,1.0,13.0,20263730,all_local,0000000000000000000000000000000000000000000000000000000000000000000000000000000000000000000000000000
06ac6393eee7a87a46f65b36cf9d1863821846f32cd08b7f9dd84710f2fa08a1,3,1,20290826,abundant,1.0,13.0,20263730,all_offload,1111111111111111111111111111111111111111111111111111111111111111111111111111111111111111111111111111
06ac6393eee7a87a46f65b36cf9d1863821846f32cd08b7f9dd84710f2fa08a1,3,1,20290826,abundant,1.0,13.0,20263730,qdp_oracle,0000100101000001001100000001000000000000010000000101000000011000000000100010010000000000011000000000
06ac6393eee7a87a46f65b36cf9d1863821846f32cd08b7f9dd84710f2fa08a1,3,1,20290826,moderate,0.6,5.0,20263730,wa_mcbr,0000100001000001001100000001000000000000010000000101000000011000000000000010010000000000011000000000
06ac6393eee7a87a46f65b36cf9d1863821846f32cd08b7f9dd84710f2fa08a1,3,1,20290826,moderate,0.6,5.0,20263730,wa_mcbr_swap,0000100001000001001100000001000000000000010000000101000000011000000000000010010000000000011000000000
06ac6393eee7a87a46f65b36cf9d1863821846f32cd08b7f9dd84710f2fa08a1,3,1,20290826,moderate,0.6,5.0,20263730,capacity_greedy,0000100001000001001100000001000000000000010000000101000000011000000100000000010000000000001000000000
06ac6393eee7a87a46f65b36cf9d1863821846f32cd08b7f9dd84710f2fa08a1,3,1,20290826,moderate,0.6,5.0,20263730,lagrangian_relaxation,0000100101000001001110000001000000000000010000000101000001011000000000100010010000100000011000010010
06ac6393eee7a87a46f65b36cf9d1863821846f32cd08b7f9dd84710f2fa08a1,3,1,20290826,moderate,0.6,5.0,20263730,legacy_count_br,0000000101000000001110001001000000000000000000001101000110011000000010110000010010000001000000000010
06ac6393eee7a87a46f65b36cf9d1863821846f32cd08b7f9dd84710f2fa08a1,3,1,20290826,moderate,0.6,5.0,20263730,random_feasible,0000000100000101001110000000000000100000010000000000000100000000001000110000000010100100001011111000
06ac6393eee7a87a46f65b36cf9d1863821846f32cd08b7f9dd84710f2fa08a1,3,1,20290826,moderate,0.6,5.0,20263730,all_local,0000000000000000000000000000000000000000000000000000000000000000000000000000000000000000000000000000
06ac6393eee7a87a46f65b36cf9d1863821846f32cd08b7f9dd84710f2fa08a1,3,1,20290826,moderate,0.6,5.0,20263730,all_offload,1111111111111111111111111111111111111111111111111111111111111111111111111111111111111111111111111111
06ac6393eee7a87a46f65b36cf9d1863821846f32cd08b7f9dd84710f2fa08a1,3,1,20290826,moderate,0.6,5.0,20263730,qdp_oracle,0000100001000001001100000001000000000000010000000101000001011000000000000010010000000000001000000000
06ac6393eee7a87a46f65b36cf9d1863821846f32cd08b7f9dd84710f2fa08a1,3,1,20290826,highly_constrained,0.3,2.0,20263730,wa_mcbr,0000000001000000001000000000000000000000000000000101000000010000000000000000010000000000000000011010
06ac6393eee7a87a46f65b36cf9d1863821846f32cd08b7f9dd84710f2fa08a1,3,1,20290826,highly_constrained,0.3,2.0,20263730,wa_mcbr_swap,0000000000000001001100000001000000000000000000000101000000011000000000000000010000000000000000000000
06ac6393eee7a87a46f65b36cf9d1863821846f32cd08b7f9dd84710f2fa08a1,3,1,20290826,highly_constrained,0.3,2.0,20263730,capacity_greedy,0000000000000000001100000001000000000000000000000101000000011000000100000000000000000000000000000000
06ac6393eee7a87a46f65b36cf9d1863821846f32cd08b7f9dd84710f2fa08a1,3,1,20290826,highly_constrained,0.3,2.0,20263730,lagrangian_relaxation,0000000000000000001100000001000000000000000000000100000001011000000100000000000000000000000000000000
06ac6393eee7a87a46f65b36cf9d1863821846f32cd08b7f9dd84710f2fa08a1,3,1,20290826,highly_constrained,0.3,2.0,20263730,legacy_count_br,0000000001000000001000000000000000000000000000000101000000010000000000000000010000000000000000011010
06ac6393eee7a87a46f65b36cf9d1863821846f32cd08b7f9dd84710f2fa08a1,3,1,20290826,highly_constrained,0.3,2.0,20263730,random_feasible,0000000100000001001100000000000000000000010000000000000000000000000000100000000000000000001000010000
06ac6393eee7a87a46f65b36cf9d1863821846f32cd08b7f9dd84710f2fa08a1,3,1,20290826,highly_constrained,0.3,2.0,20263730,all_local,0000000000000000000000000000000000000000000000000000000000000000000000000000000000000000000000000000
06ac6393eee7a87a46f65b36cf9d1863821846f32cd08b7f9dd84710f2fa08a1,3,1,20290826,highly_constrained,0.3,2.0,20263730,all_offload,1111111111111111111111111111111111111111111111111111111111111111111111111111111111111111111111111111
06ac6393eee7a87a46f65b36cf9d1863821846f32cd08b7f9dd84710f2fa08a1,3,1,20290826,highly_constrained,0.3,2.0,20263730,qdp_oracle,0000000000000000000100000001000000000000000000000101000000011000000100000000000000000000000000000000
06ac6393eee7a87a46f65b36cf9d1863821846f32cd08b7f9dd84710f2fa08a1,3,2,20290923,abundant,1.0,13.0,20263731,wa_mcbr,0000100001000000001100001001000000000001100000010111000101010000010000000000000000000000010000011000
06ac6393eee7a87a46f65b36cf9d1863821846f32cd08b7f9dd84710f2fa08a1,3,2,20290923,abundant,1.0,13.0,20263731,wa_mcbr_swap,0000100001000000001100001001000000000001100000010111000101010000010000000000000000000000010000011000
06ac6393eee7a87a46f65b36cf9d1863821846f32cd08b7f9dd84710f2fa08a1,3,2,20290923,abundant,1.0,13.0,20263731,capacity_greedy,0000100000000000001100001001000000001001000000010111000101010000000000000000000000000000010000011000
06ac6393eee7a87a46f65b36cf9d1863821846f32cd08b7f9dd84710f2fa08a1,3,2,20290923,abundant,1.0,13.0,20263731,lagrangian_relaxation,0000100000000000001100000001000000001000000000000101000001010000000000000000000000000000000000010000
06ac6393eee7a87a46f65b36cf9d1863821846f32cd08b7f9dd84710f2fa08a1,3,2,20290923,abundant,1.0,13.0,20263731,legacy_count_br,0000101001000000001100001011000000000001110000010111000101010000010000000000000001000100010101011110
06ac6393eee7a87a46f65b36cf9d1863821846f32cd08b7f9dd84710f2fa08a1,3,2,20290923,abundant,1.0,13.0,20263731,random_feasible,1001001010101000001101110101000101100101011111001001010011001111000000010110111010111000011001110011
06ac6393eee7a87a46f65b36cf9d1863821846f32cd08b7f9dd84710f2fa08a1,3,2,20290923,abundant,1.0,13.0,20263731,all_local,0000000000000000000000000000000000000000000000000000000000000000000000000000000000000000000000000000
06ac6393eee7a87a46f65b36cf9d1863821846f32cd08b7f9dd84710f2fa08a1,3,2,20290923,abundant,1.0,13.0,20263731,all_offload,1111111111111111111111111111111111111111111111111111111111111111111111111111111111111111111111111111
06ac6393eee7a87a46f65b36cf9d1863821846f32cd08b7f9dd84710f2fa08a1,3,2,20290923,abundant,1.0,13.0,20263731,qdp_oracle,0000100001000000001100001001000000000001100000010111000101010000000000000000000000000000010000011000
06ac6393eee7a87a46f65b36cf9d1863821846f32cd08b7f9dd84710f2fa08a1,3,2,20290923,moderate,0.6,5.0,20263731,wa_mcbr,0000100001000000001100001001000000000001000000000111000101010000000000000000000000000000010000011000
06ac6393eee7a87a46f65b36cf9d1863821846f32cd08b7f9dd84710f2fa08a1,3,2,20290923,moderate,0.6,5.0,20263731,wa_mcbr_swap,0000100001000000001100001001000000000001000000000111000101010000000000000000000000000000010000011000
06ac6393eee7a87a46f65b36cf9d1863821846f32cd08b7f9dd84710f2fa08a1,3,2,20290923,moderate,0.6,5.0,20263731,capacity_greedy,0000100000000000001100000001000000001001000000000111000001010000000000000000000000000000010000011000
06ac6393eee7a87a46f65b36cf9d1863821846f32cd08b7f9dd84710f2fa08a1,3,2,20290923,moderate,0.6,5.0,20263731,lagrangian_relaxation,0000100001000000001100001001000000000001100000010111000101010000010000000000000000000000010101011000
06ac6393eee7a87a46f65b36cf9d1863821846f32cd08b7f9dd84710f2fa08a1,3,2,20290923,moderate,0.6,5.0,20263731,legacy_count_br,0000001000000000001000011011000000000000100000010010000100010000000000000000000001100100010001011110
06ac6393eee7a87a46f65b36cf9d1863821846f32cd08b7f9dd84710f2fa08a1,3,2,20290923,moderate,0.6,5.0,20263731,random_feasible,0000001000000000001100010001000000000001010100000001010011000000000000000010000000110000011001010011
06ac6393eee7a87a46f65b36cf9d1863821846f32cd08b7f9dd84710f2fa08a1,3,2,20290923,moderate,0.6,5.0,20263731,all_local,0000000000000000000000000000000000000000000000000000000000000000000000000000000000000000000000000000
06ac6393eee7a87a46f65b36cf9d1863821846f32cd08b7f9dd84710f2fa08a1,3,2,20290923,moderate,0.6,5.0,20263731,all_offload,1111111111111111111111111111111111111111111111111111111111111111111111111111111111111111111111111111
06ac6393eee7a87a46f65b36cf9d1863821846f32cd08b7f9dd84710f2fa08a1,3,2,20290923,moderate,0.6,5.0,20263731,qdp_oracle,0000100000000000001100001001000000000001000000000111000101010000000000000000000000000000010000011000
06ac6393eee7a87a46f65b36cf9d1863821846f32cd08b7f9dd84710f2fa08a1,3,2,20290923,highly_constrained,0.3,2.0,20263731,wa_mcbr,0000000000000000001000001001000000000000000000000010000100010000000000000000000000000000010000011000
06ac6393eee7a87a46f65b36cf9d1863821846f32cd08b7f9dd84710f2fa08a1,3,2,20290923,highly_constrained,0.3,2.0,20263731,wa_mcbr_swap,0000100000000000001100000001000000000000000000000111000001010000000000000000000000000000000000000000
06ac6393eee7a87a46f65b36cf9d1863821846f32cd08b7f9dd84710f2fa08a1,3,2,20290923,highly_constrained,0.3,2.0,20263731,capacity_greedy,0000100000000000001100000001000000001000000000000101000001010000000000000000000000000000000000000000
06ac6393eee7a87a46f65b36cf9d1863821846f32cd08b7f9dd84710f2fa08a1,3,2,20290923,highly_constrained,0.3,2.0,20263731,lagrangian_relaxation,0000100000000000001100000001000000000000000000000101000001010000000000000000000000000000010000010000
06ac6393eee7a87a46f65b36cf9d1863821846f32cd08b7f9dd84710f2fa08a1,3,2,20290923,highly_constrained,0.3,2.0,20263731,legacy_count_br,0000000000000000001000001001000000000000000000000010000100010000000000000000000000000000010000011000
06ac6393eee7a87a46f65b36cf9d1863821846f32cd08b7f9dd84710f2fa08a1,3,2,20290923,highly_constrained,0.3,2.0,20263731,random_feasible,0000000000000000001100000001000000000001000000000001000001000000000000000000000000000000010001010000
06ac6393eee7a87a46f65b36cf9d1863821846f32cd08b7f9dd84710f2fa08a1,3,2,20290923,highly_constrained,0.3,2.0,20263731,all_local,0000000000000000000000000000000000000000000000000000000000000000000000000000000000000000000000000000
06ac6393eee7a87a46f65b36cf9d1863821846f32cd08b7f9dd84710f2fa08a1,3,2,20290923,highly_constrained,0.3,2.0,20263731,all_offload,1111111111111111111111111111111111111111111111111111111111111111111111111111111111111111111111111111
06ac6393eee7a87a46f65b36cf9d1863821846f32cd08b7f9dd84710f2fa08a1,3,2,20290923,highly_constrained,0.3,2.0,20263731,qdp_oracle,0000100000000000001100000001000000000000000000000100000001010000000000000000000000000000010000010000
06ac6393eee7a87a46f65b36cf9d1863821846f32cd08b7f9dd84710f2fa08a1,3,3,20291020,abundant,1.0,13.0,20263732,wa_mcbr,0000101001100000001100001001000000000001000000000010000001011000000000000001000000000000001100001010
06ac6393eee7a87a46f65b36cf9d1863821846f32cd08b7f9dd84710f2fa08a1,3,3,20291020,abundant,1.0,13.0,20263732,wa_mcbr_swap,1000101001100000001100001000000000000001000000000010000001011000000000000001000000000000001100001010
06ac6393eee7a87a46f65b36cf9d1863821846f32cd08b7f9dd84710f2fa08a1,3,3,20291020,abundant,1.0,13.0,20263732,capacity_greedy,1000101001100000001100001001000000000001000000000010000000011000000000000000000000000000001100001010
06ac6393eee7a87a46f65b36cf9d1863821846f32cd08b7f9dd84710f2fa08a1,3,3,20291020,abundant,1.0,13.0,20263732,lagrangian_relaxation,0000100000000000001100000001000000000000000000000000000001011000000000000000000000001000000000010000
06ac6393eee7a87a46f65b36cf9d1863821846f32cd08b7f9dd84710f2fa08a1,3,3,20291020,abundant,1.0,13.0,20263732,legacy_count_br,0000101101100000001101001001000000000001101000001010000001011000000000000011000000110000011100011010
06ac6393eee7a87a46f65b36cf9d1863821846f32cd08b7f9dd84710f2fa08a1,3,3,20291020,abundant,1.0,13.0,20263732,random_feasible,1010001111110100110101110011000011000000011110111010000111111001101110110111000000000000000000101111
06ac6393eee7a87a46f65b36cf9d1863821846f32cd08b7f9dd84710f2fa08a1,3,3,20291020,abundant,1.0,13.0,20263732,all_local,0000000000000000000000000000000000000000000000000000000000000000000000000000000000000000000000000000
06ac6393eee7a87a46f65b36cf9d1863821846f32cd08b7f9dd84710f2fa08a1,3,3,20291020,abundant,1.0,13.0,20263732,all_offload,1111111111111111111111111111111111111111111111111111111111111111111111111111111111111111111111111111
06ac6393eee7a87a46f65b36cf9d1863821846f32cd08b7f9dd84710f2fa08a1,3,3,20291020,abundant,1.0,13.0,20263732,qdp_oracle,1000101001100000001100001000000000000001000000000010000001011000000000000000000000000000001100001010
06ac6393eee7a87a46f65b36cf9d1863821846f32cd08b7f9dd84710f2fa08a1,3,3,20291020,moderate,0.6,5.0,20263732,wa_mcbr,1000100000100000001100001001000000000001000000000010000001011000000000000000000000000000001000001010
06ac6393eee7a87a46f65b36cf9d1863821846f32cd08b7f9dd84710f2fa08a1,3,3,20291020,moderate,0.6,5.0,20263732,wa_mcbr_swap,1000100001100000001100001000000000000001000000000010000001011000000000000000000000000000001000001010
06ac6393eee7a87a46f65b36cf9d1863821846f32cd08b7f9dd84710f2fa08a1,3,3,20291020,moderate,0.6,5.0,20263732,capacity_greedy,1000100001100000001100001001000000000001000000000010000000011000000000000000000000000000001000001010
06ac6393eee7a87a46f65b36cf9d1863821846f32cd08b7f9dd84710f2fa08a1,3,3,20291020,moderate,0.6,5.0,20263732,lagrangian_relaxation,0000101001100000001100001001000000000001000000000010000001011000000000000001000000101000011100011010
06ac6393eee7a87a46f65b36cf9d1863821846f32cd08b7f9dd84710f2fa08a1,3,3,20291020,moderate,0.6,5.0,20263732,legacy_count_br,1000000001000000001100001000000000000000101000001010000100001000001000000001000000111010110100000010
06ac6393eee7a87a46f65b36cf9d1863821846f32cd08b7f9dd84710f2fa08a1,3,3,20291020,moderate,0.6,5.0,20263732,random_feasible,1000001101100000000101000001000000000000001000001010000101011000000000010011000000000000000000001010
06ac6393eee7a87a46f65b36cf9d1863821846f32cd08b7f9dd84710f2fa08a1,3,3,20291020,moderate,0.6,5.0,20263732,all_local,0000000000000000000000000000000000000000000000000000000000000000000000000000000000000000000000000000
06ac6393eee7a87a46f65b36cf9d1863821846f32cd08b7f9dd84710f2fa08a1,3,3,20291020,moderate,0.6,5.0,20263732,all_offload,1111111111111111111111111111111111111111111111111111111111111111111111111111111111111111111111111111
06ac6393eee7a87a46f65b36cf9d1863821846f32cd08b7f9dd84710f2fa08a1,3,3,20291020,moderate,0.6,5.0,20263732,qdp_oracle,1000100001100000001100001000000000000001000000000010000001011000000000000000000000000000001000001010
06ac6393eee7a87a46f65b36cf9d1863821846f32cd08b7f9dd84710f2fa08a1,3,3,20291020,highly_constrained,0.3,2.0,20263732,wa_mcbr,1000000001000000000100001000000000000000000000001000000000001000000000000000000000001000010000000000
06ac6393eee7a87a46f65b36cf9d1863821846f32cd08b7f9dd84710f2fa08a1,3,3,20291020,highly_constrained,0.3,2.0,20263732,wa_mcbr_swap,1000100000000000001100000000000000000001000000000010000000011000000000000000000000000000000000000000
06ac6393eee7a87a46f65b36cf9d1863821846f32cd08b7f9dd84710f2fa08a1,3,3,20291020,highly_constrained,0.3,2.0,20263732,capacity_greedy,1000100000000000001100000000000000000001000000000010000000011000000000000000000000000000000000000000
06ac6393eee7a87a46f65b36cf9d1863821846f32cd08b7f9dd84710f2fa08a1,3,3,20291020,highly_constrained,0.3,2.0,20263732,lagrangian_relaxation,0000100000000000001100000001000000000001000000000000000001011000000000000000000000000000000000011000
06ac6393eee7a87a46f65b36cf9d1863821846f32cd08b7f9dd84710f2fa08a1,3,3,20291020,highly_constrained,0.3,2.0,20263732,legacy_count_br,1000000001000000000100001000000000000000000000001000000000001000000000000000000000001000010000000000
06ac6393eee7a87a46f65b36cf9d1863821846f32cd08b7f9dd84710f2fa08a1,3,3,20291020,highly_constrained,0.3,2.0,20263732,random_feasible,1000000000000000000100000001000000000000000000000010000001011000000000000000000000000000000000001000
06ac6393eee7a87a46f65b36cf9d1863821846f32cd08b7f9dd84710f2fa08a1,3,3,20291020,highly_constrained,0.3,2.0,20263732,all_local,0000000000000000000000000000000000000000000000000000000000000000000000000000000000000000000000000000
06ac6393eee7a87a46f65b36cf9d1863821846f32cd08b7f9dd84710f2fa08a1,3,3,20291020,highly_constrained,0.3,2.0,20263732,all_offload,1111111111111111111111111111111111111111111111111111111111111111111111111111111111111111111111111111
06ac6393eee7a87a46f65b36cf9d1863821846f32cd08b7f9dd84710f2fa08a1,3,3,20291020,highly_constrained,0.3,2.0,20263732,qdp_oracle,1000100000000000001100000001000000000000000000000000000001011000000000000000000000000000000000000000
06ac6393eee7a87a46f65b36cf9d1863821846f32cd08b7f9dd84710f2fa08a1,3,4,20291117,abundant,1.0,13.0,20263733,wa_mcbr,0000100000000000001000000001000000000001000100000100000001001000000110010010000000000000010000010001
06ac6393eee7a87a46f65b36cf9d1863821846f32cd08b7f9dd84710f2fa08a1,3,4,20291117,abundant,1.0,13.0,20263733,wa_mcbr_swap,0000100000000000001000000001000000000001000100000100000001001000000110010010000000000000010000010001
06ac6393eee7a87a46f65b36cf9d1863821846f32cd08b7f9dd84710f2fa08a1,3,4,20291117,abundant,1.0,13.0,20263733,capacity_greedy,0000100000000000001000000001000000001001000000000100000001001000000110000010000000000000000000010001
06ac6393eee7a87a46f65b36cf9d1863821846f32cd08b7f9dd84710f2fa08a1,3,4,20291117,abundant,1.0,13.0,20263733,lagrangian_relaxation,0000100000000000001000000001000000000000000000000100000001011000000100000000000000001000000000010000
06ac6393eee7a87a46f65b36cf9d1863821846f32cd08b7f9dd84710f2fa08a1,3,4,20291117,abundant,1.0,13.0,20263733,legacy_count_br,0000101100000000001000001011000000000001100100000100000101000000000010010011000010101011111000010001
06ac6393eee7a87a46f65b36cf9d1863821846f32cd08b7f9dd84710f2fa08a1,3,4,20291117,abundant,1.0,13.0,20263733,random_feasible,1010101101000100001000101100000000100010001011011001100001000111101111101010011011011111111100011111
06ac6393eee7a87a46f65b36cf9d1863821846f32cd08b7f9dd84710f2fa08a1,3,4,20291117,abundant,1.0,13.0,20263733,all_local,0000000000000000000000000000000000000000000000000000000000000000000000000000000000000000000000000000
06ac6393eee7a87a46f65b36cf9d1863821846f32cd08b7f9dd84710f2fa08a1,3,4,20291117,abundant,1.0,13.0,20263733,all_offload,1111111111111111111111111111111111111111111111111111111111111111111111111111111111111111111111111111
06ac6393eee7a87a46f65b36cf9d1863821846f32cd08b7f9dd84710f2fa08a1,3,4,20291117,abundant,1.0,13.0,20263733,qdp_oracle,0000100000000000001000000001000000000001000000000100000001001000000110010010000000000000010000010001
06ac6393eee7a87a46f65b36cf9d1863821846f32cd08b7f9dd84710f2fa08a1,3,4,20291117,moderate,0.6,5.0,20263733,wa_mcbr,0000100000000000001000000001000000000001000000000100000001001000000110000010000000000000010000010001
06ac6393eee7a87a46f65b36cf9d1863821846f32cd08b7f9dd84710f2fa08a1,3,4,20291117,moderate,0.6,5.0,20263733,wa_mcbr_swap,0000100000000000001000000001000000000001000000000100000001001000000110000010000000000000010000010001
06ac6393eee7a87a46f65b36cf9d1863821846f32cd08b7f9dd84710f2fa08a1,3,4,20291117,moderate,0.6,5.0,20263733,capacity_greedy,0000100000000000001000000001000000001001000000000100000000001000000110000010000000000000000000010001
06ac6393eee7a87a46f65b36cf9d1863821846f32cd08b7f9dd84710f2fa08a1,3,4,20291117,moderate,0.6,5.0,20263733,lagrangian_relaxation,0000101100000000001000000011000000000001100100000100000001000000000010010010000010101010011000010001
06ac6393eee7a87a46f65b36cf9d1863821846f32cd08b7f9dd84710f2fa08a1,3,4,20291117,moderate,0.6,5.0,20263733,legacy_count_br,0000101100000000001000001011000000000001100100000100000001001000000010000000000010101010011100010000
06ac6393eee7a87a46f65b36cf9d1863821846f32cd08b7f9dd84710f2fa08a1,3,4,20291117,moderate,0.6,5.0,20263733,random_feasible,0000101101000100001000001000000000000000000000000000000001000000000010000010000011001011111100011001
06ac6393eee7a87a46f65b36cf9d1863821846f32cd08b7f9dd84710f2fa08a1,3,4,20291117,moderate,0.6,5.0,20263733,all_local,0000000000000000000000000000000000000000000000000000000000000000000000000000000000000000000000000000
06ac6393eee7a87a46f65b36cf9d1863821846f32cd08b7f9dd84710f2fa08a1,3,4,20291117,moderate,0.6,5.0,20263733,all_offload,1111111111111111111111111111111111111111111111111111111111111111111111111111111111111111111111111111
06ac6393eee7a87a46f65b36cf9d1863821846f32cd08b7f9dd84710f2fa08a1,3,4,20291117,moderate,0.6,5.0,20263733,qdp_oracle,0000100000000000001000000001000000000001000000000100000001001000000110000010000000000000010000010001
06ac6393eee7a87a46f65b36cf9d1863821846f32cd08b7f9dd84710f2fa08a1,3,4,20291117,highly_constrained,0.3,2.0,20263733,wa_mcbr,0000100000000000001000000011000000000000000100000000000000001000000000000000000000000000011000010000
06ac6393eee7a87a46f65b36cf9d1863821846f32cd08b7f9dd84710f2fa08a1,3,4,20291117,highly_constrained,0.3,2.0,20263733,wa_mcbr_swap,0000100000000000001000000001000000000000000000000100000001001000000110000000000000000000000000010000
06ac6393eee7a87a46f65b36cf9d1863821846f32cd08b7f9dd84710f2fa08a1,3,4,20291117,highly_constrained,0.3,2.0,20263733,capacity_greedy,0000100000000000001000000001000000001000000000000100000000001000000110000000000000000000000000000000
06ac6393eee7a87a46f65b36cf9d1863821846f32cd08b7f9dd84710f2fa08a1,3,4,20291117,highly_constrained,0.3,2.0,20263733,lagrangian_relaxation,0000100000000000001000000001000000000000000000000100000001011000000100000000000000000000000000010000
06ac6393eee7a87a46f65b36cf9d1863821846f32cd08b7f9dd84710f2fa08a1,3,4,20291117,highly_constrained,0.3,2.0,20263733,legacy_count_br,0000100000000000001000000011000000000000000100000000000000001000000000000000000000000000011000010000
06ac6393eee7a87a46f65b36cf9d1863821846f32cd08b7f9dd84710f2fa08a1,3,4,20291117,highly_constrained,0.3,2.0,20263733,random_feasible,0000100000000000001000000000000000000000000000000000000001000000000010000010000000001000010000011001
06ac6393eee7a87a46f65b36cf9d1863821846f32cd08b7f9dd84710f2fa08a1,3,4,20291117,highly_constrained,0.3,2.0,20263733,all_local,0000000000000000000000000000000000000000000000000000000000000000000000000000000000000000000000000000
06ac6393eee7a87a46f65b36cf9d1863821846f32cd08b7f9dd84710f2fa08a1,3,4,20291117,highly_constrained,0.3,2.0,20263733,all_offload,1111111111111111111111111111111111111111111111111111111111111111111111111111111111111111111111111111
06ac6393eee7a87a46f65b36cf9d1863821846f32cd08b7f9dd84710f2fa08a1,3,4,20291117,highly_constrained,0.3,2.0,20263733,qdp_oracle,0000100000000000001000000001000000000000000000000100000001001000000100000000000000000000000000010000
06ac6393eee7a87a46f65b36cf9d1863821846f32cd08b7f9dd84710f2fa08a1,3,5,20291214,abundant,1.0,13.0,20263734,wa_mcbr,0000100001000001000100000001000000000001011000000110000001000000000000010000010000001000011100011000
06ac6393eee7a87a46f65b36cf9d1863821846f32cd08b7f9dd84710f2fa08a1,3,5,20291214,abundant,1.0,13.0,20263734,wa_mcbr_swap,0000100001000001000100000001000000000001011000000110000001000000000000010000010000001000011100011000
06ac6393eee7a87a46f65b36cf9d1863821846f32cd08b7f9dd84710f2fa08a1,3,5,20291214,abundant,1.0,13.0,20263734,capacity_greedy,1000100001000001000100000000000000001001010000000110000001000000000100000000000000000000001000001000
06ac6393eee7a87a46f65b36cf9d1863821846f32cd08b7f9dd84710f2fa08a1,3,5,20291214,abundant,1.0,13.0,20263734,lagrangian_relaxation,1000100000000000001100000001000000001000000000000100000001000000000100000000000000001000000000010000
06ac6393eee7a87a46f65b36cf9d1863821846f32cd08b7f9dd84710f2fa08a1,3,5,20291214,abundant,1.0,13.0,20263734,legacy_count_br,0000101001000101000100100001000000000001011100000110000001000000000000110000010010001010011100011001
06ac6393eee7a87a46f65b36cf9d1863821846f32cd08b7f9dd84710f2fa08a1,3,5,20291214,abundant,1.0,13.0,20263734,random_feasible,0000001111001110110111001100000001101000011110100011110110111110001100000110010101011000101001010010
06ac6393eee7a87a46f65b36cf9d1863821846f32cd08b7f9dd84710f2fa08a1,3,5,20291214,abundant,1.0,13.0,20263734,all_local,0000000000000000000000000000000000000000000000000000000000000000000000000000000000000000000000000000
06ac6393eee7a87a46f65b36cf9d1863821846f32cd08b7f9dd84710f2fa08a1,3,5,20291214,abundant,1.0,13.0,20263734,all_offload,1111111111111111111111111111111111111111111111111111111111111111111111111111111111111111111111111111
06ac6393eee7a87a46f65b36cf9d1863821846f32cd08b7f9dd84710f2fa08a1,3,5,20291214,abundant,1.0,13.0,20263734,qdp_oracle,0000100001000001000100000001000000000001010000000110000001000000000000010000010000001000011100011000
06ac6393eee7a87a46f65b36cf9d1863821846f32cd08b7f9dd84710f2fa08a1,3,5,20291214,moderate,0.6,5.0,20263734,wa_mcbr,0000100001000001000100000001000000000001010000000110000001000000000000000000010000001000011000011000
06ac6393eee7a87a46f65b36cf9d1863821846f32cd08b7f9dd84710f2fa08a1,3,5,20291214,moderate,0.6,5.0,20263734,wa_mcbr_swap,0000100001000001000100000001000000000001010000000110000001000000000000000000010000001000011000011000
06ac6393eee7a87a46f65b36cf9d1863821846f32cd08b7f9dd84710f2fa08a1,3,5,20291214,moderate,0.6,5.0,20263734,capacity_greedy,1000100000000001000100000000000000001001010000000110000001000000000100000000000000000000000000001000
06ac6393eee7a87a46f65b36cf9d1863821846f32cd08b7f9dd84710f2fa08a1,3,5,20291214,moderate,0.6,5.0,20263734,lagrangian_relaxation,0000101001000001000100100001000000000001011100000110000001000000000000010000010000001000011100011000
06ac6393eee7a87a46f65b36cf9d1863821846f32cd08b7f9dd84710f2fa08a1,3,5,20291214,moderate,0.6,5.0,20263734,legacy_count_br,0000101001100101000000100001000000000000001100000010000001000000000000100000000010100001011100010010
06ac6393eee7a87a46f65b36cf9d1863821846f32cd08b7f9dd84710f2fa08a1,3,5,20291214,moderate,0.6,5.0,20263734,random_feasible,0000001101000100000100000000000000000000011100000011000010100000000000000010010000011000101000010010
06ac6393eee7a87a46f65b36cf9d1863821846f32cd08b7f9dd84710f2fa08a1,3,5,20291214,moderate,0.6,5.0,20263734,all_local,0000000000000000000000000000000000000000000000000000000000000000000000000000000000000000000000000000
06ac6393eee7a87a46f65b36cf9d1863821846f32cd08b7f9dd84710f2fa08a1,3,5,20291214,moderate,0.6,5.0,20263734,all_offload,1111111111111111111111111111111111111111111111111111111111111111111111111111111111111111111111111111
06ac6393eee7a87a46f65b36cf9d1863821846f32cd08b7f9dd84710f2fa08a1,3,5,20291214,moderate,0.6,5.0,20263734,qdp_oracle,0000100001000001000100000001000000000001010000000110000001000000000000000000010000001000011000011000
06ac6393eee7a87a46f65b36cf9d1863821846f32cd08b7f9dd84710f2fa08a1,3,5,20291214,highly_constrained,0.3,2.0,20263734,wa_mcbr,0000100001000000000000000001000000000000001000000010000001000000000000000000000000000000001100000000
06ac6393eee7a87a46f65b36cf9d1863821846f32cd08b7f9dd84710f2fa08a1,3,5,20291214,highly_constrained,0.3,2.0,20263734,wa_mcbr_swap,1000100000000001000100000000000000000001000000000110000001000000000000000000000000000000000000000000
06ac6393eee7a87a46f65b36cf9d1863821846f32cd08b7f9dd84710f2fa08a1,3,5,20291214,highly_constrained,0.3,2.0,20263734,capacity_greedy,1000100000000000000000000000000000001001000000000110000000000000000100000000000000000000000000000000
06ac6393eee7a87a46f65b36cf9d1863821846f32cd08b7f9dd84710f2fa08a1,3,5,20291214,highly_constrained,0.3,2.0,20263734,lagrangian_relaxation,0000100000000001000100000001000000000001000000000100000001000000000000000000000000001000000000011000
06ac6393eee7a87a46f65b36cf9d1863821846f32cd08b7f9dd84710f2fa08a1,3,5,20291214,highly_constrained,0.3,2.0,20263734,legacy_count_br,0000100001000000000000000001000000000000001000000010000001000000000000000000000000000000001100000000
06ac6393eee7a87a46f65b36cf9d1863821846f32cd08b7f9dd84710f2fa08a1,3,5,20291214,highly_constrained,0.3,2.0,20263734,random_feasible,0000000001000000000100000000000000000000010000000010000000000000000000000000010000001000001000010000
06ac6393eee7a87a46f65b36cf9d1863821846f32cd08b7f9dd84710f2fa08a1,3,5,20291214,highly_constrained,0.3,2.0,20263734,all_local,0000000000000000000000000000000000000000000000000000000000000000000000000000000000000000000000000000
06ac6393eee7a87a46f65b36cf9d1863821846f32cd08b7f9dd84710f2fa08a1,3,5,20291214,highly_constrained,0.3,2.0,20263734,all_offload,1111111111111111111111111111111111111111111111111111111111111111111111111111111111111111111111111111
06ac6393eee7a87a46f65b36cf9d1863821846f32cd08b7f9dd84710f2fa08a1,3,5,20291214,highly_constrained,0.3,2.0,20263734,qdp_oracle,0000100000000000000100000001000000000001000000000100000001000000000000000000000000001000000000011000
06ac6393eee7a87a46f65b36cf9d1863821846f32cd08b7f9dd84710f2fa08a1,3,6,20291311,abundant,1.0,13.0,20263735,wa_mcbr,0000100001000001000100001001000000000001100000000111000001010000000000000000000000100000000001011001
06ac6393eee7a87a46f65b36cf9d1863821846f32cd08b7f9dd84710f2fa08a1,3,6,20291311,abundant,1.0,13.0,20263735,wa_mcbr_swap,0000100001000001000100001001000000000001100000000111000001010000000000000000000000100000000001011001
06ac6393eee7a87a46f65b36cf9d1863821846f32cd08b7f9dd84710f2fa08a1,3,6,20291311,abundant,1.0,13.0,20263735,capacity_greedy,0000100001000001000100001001000000000001100000000111000001010000000000000000000000100000000001011001
06ac6393eee7a87a46f65b36cf9d1863821846f32cd08b7f9dd84710f2fa08a1,3,6,20291311,abundant,1.0,13.0,20263735,lagrangian_relaxation,0000100000000000001100000001000000000000000000000101000001011000000000000000000000000000000000010000
06ac6393eee7a87a46f65b36cf9d1863821846f32cd08b7f9dd84710f2fa08a1,3,6,20291311,abundant,1.0,13.0,20263735,legacy_count_br,0000101001100001100110001001000000000001100000000111000101010000010000100001000000100000100101011001
06ac6393eee7a87a46f65b36cf9d1863821846f32cd08b7f9dd84710f2fa08a1,3,6,20291311,abundant,1.0,13.0,20263735,random_feasible,0101010011000001011110111110010001110101000011110000011010100001111001010110101010101001100110000010
06ac6393eee7a87a46f65b36cf9d1863821846f32cd08b7f9dd84710f2fa08a1,3,6,20291311,abundant,1.0,13.0,20263735,all_local,0000000000000000000000000000000000000000000000000000000000000000000000000000000000000000000000000000
06ac6393eee7a87a46f65b36cf9d1863821846f32cd08b7f9dd84710f2fa08a1,3,6,20291311,abundant,1.0,13.0,20263735,all_offload,1111111111111111111111111111111111111111111111111111111111111111111111111111111111111111111111111111
06ac6393eee7a87a46f65b36cf9d1863821846f32cd08b7f9dd84710f2fa08a1,3,6,20291311,abundant,1.0,13.0,20263735,qdp_oracle,0000100001000001000100001001000000000001100000000111000001010000000000000000000000100000000001011001
06ac6393eee7a87a46f65b36cf9d1863821846f32cd08b7f9dd84710f2fa08a1,3,6,20291311,moderate,0.6,5.0,20263735,wa_mcbr,0000100000000001000100001001000000000001100000000111000001010000000000000000000000000000000001011001
06ac6393eee7a87a46f65b36cf9d1863821846f32cd08b7f9dd84710f2fa08a1,3,6,20291311,moderate,0.6,5.0,20263735,wa_mcbr_swap,0000100000000001000100001001000000000001100000000111000001010000000000000000000000000000000001011001
06ac6393eee7a87a46f65b36cf9d1863821846f32cd08b7f9dd84710f2fa08a1,3,6,20291311,moderate,0.6,5.0,20263735,capacity_greedy,0000100000000001000100001001000000000001100000000111000001010000000000000000000000000000000001011001
06ac6393eee7a87a46f65b36cf9d1863821846f32cd08b7f9dd84710f2fa08a1,3,6,20291311,moderate,0.6,5.0,20263735,lagrangian_relaxation,0000100001000001000110001001000000000001100000000111000001000000010000000001000000100000000101011001
06ac6393eee7a87a46f65b36cf9d1863821846f32cd08b7f9dd84710f2fa08a1,3,6,20291311,moderate,0.6,5.0,20263735,legacy_count_br,0000001001000001000110001001000000000001100000000111000001010000010000100001000000100000000100001001
06ac6393eee7a87a46f65b36cf9d1863821846f32cd08b7f9dd84710f2fa08a1,3,6,20291311,moderate,0.6,5.0,20263735,random_feasible,0000000001000001001110111010000000100001000000000000000000000000010000010010000010100001100110000010
06ac6393eee7a87a46f65b36cf9d1863821846f32cd08b7f9dd84710f2fa08a1,3,6,20291311,moderate,0.6,5.0,20263735,all_local,0000000000000000000000000000000000000000000000000000000000000000000000000000000000000000000000000000
06ac6393eee7a87a46f65b36cf9d1863821846f32cd08b7f9dd84710f2fa08a1,3,6,20291311,moderate,0.6,5.0,20263735,all_offload,1111111111111111111111111111111111111111111111111111111111111111111111111111111111111111111111111111
06ac6393eee7a87a46f65b36cf9d1863821846f32cd08b7f9dd84710f2fa08a1,3,6,20291311,moderate,0.6,5.0,20263735,qdp_oracle,0000100000000001000100001001000000000001000000000111000001010000000000000000000000000000000001011001
06ac6393eee7a87a46f65b36cf9d1863821846f32cd08b7f9dd84710f2fa08a1,3,6,20291311,highly_constrained,0.3,2.0,20263735,wa_mcbr,0000000000000001000000000001000000000001000000000101000001010000000000000000010000000000000000001000
06ac6393eee7a87a46f65b36cf9d1863821846f32cd08b7f9dd84710f2fa08a1,3,6,20291311,highly_constrained,0.3,2.0,20263735,wa_mcbr_swap,0000100000000001000100000001000000000001000000000101000001010000000000000000000000000000000000000000
06ac6393eee7a87a46f65b36cf9d1863821846f32cd08b7f9dd84710f2fa08a1,3,6,20291311,highly_constrained,0.3,2.0,20263735,capacity_greedy,0000100000000000000100000001000000000000000000000111000001010000000000000000000000000000000000001000
06ac6393eee7a87a46f65b36cf9d1863821846f32cd08b7f9dd84710f2fa08a1,3,6,20291311,highly_constrained,0.3,2.0,20263735,lagrangian_relaxation,0000100000000000001100000001000000000000000000000101000001010000000000000000000000000000000000010000
06ac6393eee7a87a46f65b36cf9d1863821846f32cd08b7f9dd84710f2fa08a1,3,6,20291311,highly_constrained,0.3,2.0,20263735,legacy_count_br,0000000000000001000000000001000000000001000000000101000001010000000000000000010000000000000000001000
06ac6393eee7a87a46f65b36cf9d1863821846f32cd08b7f9dd84710f2fa08a1,3,6,20291311,highly_constrained,0.3,2.0,20263735,random_feasible,0000000001000001001100001000000000000001000000000000000000000000000000000000000000100000000100000000
06ac6393eee7a87a46f65b36cf9d1863821846f32cd08b7f9dd84710f2fa08a1,3,6,20291311,highly_constrained,0.3,2.0,20263735,all_local,0000000000000000000000000000000000000000000000000000000000000000000000000000000000000000000000000000
06ac6393eee7a87a46f65b36cf9d1863821846f32cd08b7f9dd84710f2fa08a1,3,6,20291311,highly_constrained,0.3,2.0,20263735,all_offload,1111111111111111111111111111111111111111111111111111111111111111111111111111111111111111111111111111
06ac6393eee7a87a46f65b36cf9d1863821846f32cd08b7f9dd84710f2fa08a1,3,6,20291311,highly_constrained,0.3,2.0,20263735,qdp_oracle,0000100000000000000100000001000000000001000000000101000001010000000000000000000000000000000000000000
06ac6393eee7a87a46f65b36cf9d1863821846f32cd08b7f9dd84710f2fa08a1,3,7,20291408,abundant,1.0,13.0,20263736,wa_mcbr,0000000001100001001100000011000000000001010000000110000000000000000010000010000000000001001000011010
06ac6393eee7a87a46f65b36cf9d1863821846f32cd08b7f9dd84710f2fa08a1,3,7,20291408,abundant,1.0,13.0,20263736,wa_mcbr_swap,0000000001100001001100000001000000000001010000000110000000000000000010000011000000000001001000011010
06ac6393eee7a87a46f65b36cf9d1863821846f32cd08b7f9dd84710f2fa08a1,3,7,20291408,abundant,1.0,13.0,20263736,capacity_greedy,0000000001100001001100000001000000000001010000000111000000010000000010000010000000000000001000011010
06ac6393eee7a87a46f65b36cf9d1863821846f32cd08b7f9dd84710f2fa08a1,3,7,20291408,abundant,1.0,13.0,20263736,lagrangian_relaxation,0000100000000000001100000001000000000000000000000101000001010000000000000000000000001000000000010000
06ac6393eee7a87a46f65b36cf9d1863821846f32cd08b7f9dd84710f2fa08a1,3,7,20291408,abundant,1.0,13.0,20263736,legacy_count_br,0000001001100001001100010011000000000001010100000110000000000000000010000011000000100101101100011010
06ac6393eee7a87a46f65b36cf9d1863821846f32cd08b7f9dd84710f2fa08a1,3,7,20291408,abundant,1.0,13.0,20263736,random_feasible,1010101011110111001011110010100101001000010111010011010000010010011010000110110101111011110000011000
06ac6393eee7a87a46f65b36cf9d1863821846f32cd08b7f9dd84710f2fa08a1,3,7,20291408,abundant,1.0,13.0,20263736,all_local,0000000000000000000000000000000000000000000000000000000000000000000000000000000000000000000000000000
06ac6393eee7a87a46f65b36cf9d1863821846f32cd08b7f9dd84710f2fa08a1,3,7,20291408,abundant,1.0,13.0,20263736,all_offload,1111111111111111111111111111111111111111111111111111111111111111111111111111111111111111111111111111
06ac6393eee7a87a46f65b36cf9d1863821846f32cd08b7f9dd84710f2fa08a1,3,7,20291408,abundant,1.0,13.0,20263736,qdp_oracle,0000000001100001001100000001000000000001010000000110000000000000000010000011000000000001001000011010
06ac6393eee7a87a46f65b36cf9d1863821846f32cd08b7f9dd84710f2fa08a1,3,7,20291408,moderate,0.6,5.0,20263736,wa_mcbr,0000000001000001001100000001000000000001010000000110000000000000000010000010000000000000001000011010
06ac6393eee7a87a46f65b36cf9d1863821846f32cd08b7f9dd84710f2fa08a1,3,7,20291408,moderate,0.6,5.0,20263736,wa_mcbr_swap,0000000001000001001100000001000000000001010000000110000000000000000010000010000000000000001000011010
06ac6393eee7a87a46f65b36cf9d1863821846f32cd08b7f9dd84710f2fa08a1,3,7,20291408,moderate,0.6,5.0,20263736,capacity_greedy,0000000001000000001100000001000000000001000000000111000000010000000010000010000000000000001000011010
06ac6393eee7a87a46f65b36cf9d1863821846f32cd08b7f9dd84710f2fa08a1,3,7,20291408,moderate,0.6,5.0,20263736,lagrangian_relaxation,0000000001100001001100000011000000000001010000000110000000000000000010000011000000001001101000011010
06ac6393eee7a87a46f65b36cf9d1863821846f32cd08b7f9dd84710f2fa08a1,3,7,20291408,moderate,0.6,5.0,20263736,legacy_count_br,0000101000100000001100011010000000000001000100000110000010000000000010000000010000100000101100010010
06ac6393eee7a87a46f65b36cf9d1863821846f32cd08b7f9dd84710f2fa08a1,3,7,20291408,moderate,0.6,5.0,20263736,random_feasible,0000101001100001001000010010000000000000010100000011000000000000000010000010010000001001110000011000
06ac6393eee7a87a46f65b36cf9d1863821846f32cd08b7f9dd84710f2fa08a1,3,7,20291408,moderate,0.6,5.0,20263736,all_local,0000000000000000000000000000000000000000000000000000000000000000000000000000000000000000000000000000
06ac6393eee7a87a46f65b36cf9d1863821846f32cd08b7f9dd84710f2fa08a1,3,7,20291408,moderate,0.6,5.0,20263736,all_offload,1111111111111111111111111111111111111111111111111111111111111111111111111111111111111111111111111111
06ac6393eee7a87a46f65b36cf9d1863821846f32cd08b7f9dd84710f2fa08a1,3,7,20291408,moderate,0.6,5.0,20263736,qdp_oracle,0000000001000001001100000001000000000001010000000110000000000000000010000010000000000000001000011010
06ac6393eee7a87a46f65b36cf9d1863821846f32cd08b7f9dd84710f2fa08a1,3,7,20291408,highly_constrained,0.3,2.0,20263736,wa_mcbr,0000000000000000001100000000000000000001000000000100000000000000000010000000010000000000001000010010
06ac6393eee7a87a46f65b36cf9d1863821846f32cd08b7f9dd84710f2fa08a1,3,7,20291408,highly_constrained,0.3,2.0,20263736,wa_mcbr_swap,0000000000000000001100000001000000000000000000000101000000000000000010000010000000000000001000001000
06ac6393eee7a87a46f65b36cf9d1863821846f32cd08b7f9dd84710f2fa08a1,3,7,20291408,highly_constrained,0.3,2.0,20263736,capacity_greedy,0000000000000000001100000001000000000000000000000101000000010000000010000010000000000000000000001000
06ac6393eee7a87a46f65b36cf9d1863821846f32cd08b7f9dd84710f2fa08a1,3,7,20291408,highly_constrained,0.3,2.0,20263736,lagrangian_relaxation,0000000000000000001100000001000000000000000000000100000000000000000010000010000000000000001000011000
06ac6393eee7a87a46f65b36cf9d1863821846f32cd08b7f9dd84710f2fa08a1,3,7,20291408,highly_constrained,0.3,2.0,20263736,legacy_count_br,0000000000000000001100000000000000000001000000000100000000000000000010000000010000000000001000010010
06ac6393eee7a87a46f65b36cf9d1863821846f32cd08b7f9dd84710f2fa08a1,3,7,20291408,highly_constrained,0.3,2.0,20263736,random_feasible,0000100001000000001000000000000000000000000000000001000000000000000010000010000000001000000000011000
06ac6393eee7a87a46f65b36cf9d1863821846f32cd08b7f9dd84710f2fa08a1,3,7,20291408,highly_constrained,0.3,2.0,20263736,all_local,0000000000000000000000000000000000000000000000000000000000000000000000000000000000000000000000000000
06ac6393eee7a87a46f65b36cf9d1863821846f32cd08b7f9dd84710f2fa08a1,3,7,20291408,highly_constrained,0.3,2.0,20263736,all_offload,1111111111111111111111111111111111111111111111111111111111111111111111111111111111111111111111111111
06ac6393eee7a87a46f65b36cf9d1863821846f32cd08b7f9dd84710f2fa08a1,3,7,20291408,highly_constrained,0.3,2.0,20263736,qdp_oracle,0000000000000000001100000001000000000000000000000101000000000000000010000010000000000000000000001000
06ac6393eee7a87a46f65b36cf9d1863821846f32cd08b7f9dd84710f2fa08a1,3,8,20291505,abundant,1.0,13.0,20263737,wa_mcbr,0000100000000001001000000011000000000001011000000110000001000000000000000010010000000000011000001001
06ac6393eee7a87a46f65b36cf9d1863821846f32cd08b7f9dd84710f2fa08a1,3,8,20291505,abundant,1.0,13.0,20263737,wa_mcbr_swap,0000100000000001001000000011000000000001011000000110000001000000000000000010010000000000011000001001
06ac6393eee7a87a46f65b36cf9d1863821846f32cd08b7f9dd84710f2fa08a1,3,8,20291505,abundant,1.0,13.0,20263737,capacity_greedy,0100100000000000001000000001000000001011000000000110000001000000000000000000000000000000010000000000
06ac6393eee7a87a46f65b36cf9d1863821846f32cd08b7f9dd84710f2fa08a1,3,8,20291505,abundant,1.0,13.0,20263737,lagrangian_relaxation,0000100000001000001000000001000000000000000000000100000001010000000000000000000000000000000000000000
06ac6393eee7a87a46f65b36cf9d1863821846f32cd08b7f9dd84710f2fa08a1,3,8,20291505,abundant,1.0,13.0,20263737,legacy_count_br,0000101001100001001010000011000000000001011100000110000001000000000000010011010010100100011000001001
06ac6393eee7a87a46f65b36cf9d1863821846f32cd08b7f9dd84710f2fa08a1,3,8,20291505,abundant,1.0,13.0,20263737,random_feasible,0110010010101010100001010110110101100100101000001111100011100101111100100010000101010000000001100010
06ac6393eee7a87a46f65b36cf9d1863821846f32cd08b7f9dd84710f2fa08a1,3,8,20291505,abundant,1.0,13.0,20263737,all_local,0000000000000000000000000000000000000000000000000000000000000000000000000000000000000000000000000000
06ac6393eee7a87a46f65b36cf9d1863821846f32cd08b7f9dd84710f2fa08a1,3,8,20291505,abundant,1.0,13.0,20263737,all_offload,1111111111111111111111111111111111111111111111111111111111111111111111111111111111111111111111111111
06ac6393eee7a87a46f65b36cf9d1863821846f32cd08b7f9dd84710f2fa08a1,3,8,20291505,abundant,1.0,13.0,20263737,qdp_oracle,0000100000000001001000000011000000000001011000000110000001000000000000000010010000000000011000001001
06ac6393eee7a87a46f65b36cf9d1863821846f32cd08b7f9dd84710f2fa08a1,3,8,20291505,moderate,0.6,5.0,20263737,wa_mcbr,0000100000000001001000000011000000000001010000000110000001000000000000000000010000000000011000001001
06ac6393eee7a87a46f65b36cf9d1863821846f32cd08b7f9dd84710f2fa08a1,3,8,20291505,moderate,0.6,5.0,20263737,wa_mcbr_swap,0000100000000000001000000011000000000001010000000110000001000000000000000010010000000000011000001001
06ac6393eee7a87a46f65b36cf9d1863821846f32cd08b7f9dd84710f2fa08a1,3,8,20291505,moderate,0.6,5.0,20263737,capacity_greedy,0100100000000000001000000001000000001011000000000110000001000000000000000000000000000000000000000000
06ac6393eee7a87a46f65b36cf9d1863821846f32cd08b7f9dd84710f2fa08a1,3,8,20291505,moderate,0.6,5.0,20263737,lagrangian_relaxation,0000100000100001001000000011000000000001011000000110000001000000000000010010010000100100011000001001
06ac6393eee7a87a46f65b36cf9d1863821846f32cd08b7f9dd84710f2fa08a1,3,8,20291505,moderate,0.6,5.0,20263737,legacy_count_br,0000101001100001001010000011000000000001001100000110000001000000000010000001010000000100011000000000
06ac6393eee7a87a46f65b36cf9d1863821846f32cd08b7f9dd84710f2fa08a1,3,8,20291505,moderate,0.6,5.0,20263737,random_feasible,0000000000100000000001010010000000100000101000000110000001100000011000100010000001010000000001000010
06ac6393eee7a87a46f65b36cf9d1863821846f32cd08b7f9dd84710f2fa08a1,3,8,20291505,moderate,0.6,5.0,20263737,all_local,0000000000000000000000000000000000000000000000000000000000000000000000000000000000000000000000000000
06ac6393eee7a87a46f65b36cf9d1863821846f32cd08b7f9dd84710f2fa08a1,3,8,20291505,moderate,0.6,5.0,20263737,all_offload,1111111111111111111111111111111111111111111111111111111111111111111111111111111111111111111111111111
06ac6393eee7a87a46f65b36cf9d1863821846f32cd08b7f9dd84710f2fa08a1,3,8,20291505,moderate,0.6,5.0,20263737,qdp_oracle,0000100000000000001000000011000000000001010000000110000001000000000000000010010000000000011000001001
06ac6393eee7a87a46f65b36cf9d1863821846f32cd08b7f9dd84710f2fa08a1,3,8,20291505,highly_constrained,0.3,2.0,20263737,wa_mcbr,0000100000100000000000000001000000000001000000000010000001000000000000000000010000001000001000000000
06ac6393eee7a87a46f65b36cf9d1863821846f32cd08b7f9dd84710f2fa08a1,3,8,20291505,highly_constrained,0.3,2.0,20263737,wa_mcbr_swap,0000100000000000001000000001000000000001000000000110000001000000000000000000010000000000010000000000
06ac6393eee7a87a46f65b36cf9d1863821846f32cd08b7f9dd84710f2fa08a1,3,8,20291505,highly_constrained,0.3,2.0,20263737,capacity_greedy,0100000000000000001000000001000000001010000000000110000000000000000000000000000000000000000000000000
06ac6393eee7a87a46f65b36cf9d1863821846f32cd08b7f9dd84710f2fa08a1,3,8,20291505,highly_constrained,0.3,2.0,20263737,lagrangian_relaxation,0000100000000000001000000001000000000000000000000110000001000000000000000000010000000000010000001000
06ac6393eee7a87a46f65b36cf9d1863821846f32cd08b7f9dd84710f2fa08a1,3,8,20291505,highly_constrained,0.3,2.0,20263737,legacy_count_br,0000100000100000000000000001000000000001000000000010000001000000000000000000010000001000001000000000
06ac6393eee7a87a46f65b36cf9d1863821846f32cd08b7f9dd84710f2fa08a1,3,8,20291505,highly_constrained,0.3,2.0,20263737,random_feasible,0000000000100000000000000010000000000000001000000110000001000000000000000010000000000000000000000010
06ac6393eee7a87a46f65b36cf9d1863821846f32cd08b7f9dd84710f2fa08a1,3,8,20291505,highly_constrained,0.3,2.0,20263737,all_local,0000000000000000000000000000000000000000000000000000000000000000000000000000000000000000000000000000
06ac6393eee7a87a46f65b36cf9d1863821846f32cd08b7f9dd84710f2fa08a1,3,8,20291505,highly_constrained,0.3,2.0,20263737,all_offload,1111111111111111111111111111111111111111111111111111111111111111111111111111111111111111111111111111
06ac6393eee7a87a46f65b36cf9d1863821846f32cd08b7f9dd84710f2fa08a1,3,8,20291505,highly_constrained,0.3,2.0,20263737,qdp_oracle,0000100000000000001000000001000000000001000000000100000001000000000000000000010000000000010000001000
06ac6393eee7a87a46f65b36cf9d1863821846f32cd08b7f9dd84710f2fa08a1,3,9,20291602,abundant,1.0,13.0,20263738,wa_mcbr,0000100000100000001100001011000000000001010000000110000010010000000000000011000000000000000001000011
06ac6393eee7a87a46f65b36cf9d1863821846f32cd08b7f9dd84710f2fa08a1,3,9,20291602,abundant,1.0,13.0,20263738,wa_mcbr_swap,0000100000100000001100001011000000000001010000000110000010010000000000000011000000000000000001000011
06ac6393eee7a87a46f65b36cf9d1863821846f32cd08b7f9dd84710f2fa08a1,3,9,20291602,abundant,1.0,13.0,20263738,capacity_greedy,0000100000100000001100000001000000000001010000000110000010010000000100000010000000000000000001000011
06ac6393eee7a87a46f65b36cf9d1863821846f32cd08b7f9dd84710f2fa08a1,3,9,20291602,abundant,1.0,13.0,20263738,lagrangian_relaxation,0000100000000000001100000001000000000000000000000000000001010000000100000000000000001000000000000000
06ac6393eee7a87a46f65b36cf9d1863821846f32cd08b7f9dd84710f2fa08a1,3,9,20291602,abundant,1.0,13.0,20263738,legacy_count_br,0000101001100000001110111011000000000001011000000110000011010000000000010011000000011000100001000011
06ac6393eee7a87a46f65b36cf9d1863821846f32cd08b7f9dd84710f2fa08a1,3,9,20291602,abundant,1.0,13.0,20263738,random_feasible,1010101101000010010111100010010010110000101100110110100010010000111111100101110100111101001000011100
06ac6393eee7a87a46f65b36cf9d1863821846f32cd08b7f9dd84710f2fa08a1,3,9,20291602,abundant,1.0,13.0,20263738,all_local,0000000000000000000000000000000000000000000000000000000000000000000000000000000000000000000000000000
06ac6393eee7a87a46f65b36cf9d1863821846f32cd08b7f9dd84710f2fa08a1,3,9,20291602,abundant,1.0,13.0,20263738,all_offload,1111111111111111111111111111111111111111111111111111111111111111111111111111111111111111111111111111
06ac6393eee7a87a46f65b36cf9d1863821846f32cd08b7f9dd84710f2fa08a1,3,9,20291602,abundant,1.0,13.0,20263738,qdp_oracle,0000100000100000001100001011000000000001010000000110000010010000000000000011000000000000000001000011
06ac6393eee7a87a46f65b36cf9d1863821846f32cd08b7f9dd84710f2fa08a1,3,9,20291602,moderate,0.6,5.0,20263738,wa_mcbr,0000100001100000001100000011000000000001010000000110000000010000000000000000000000000000000001000011
06ac6393eee7a87a46f65b36cf9d1863821846f32cd08b7f9dd84710f2fa08a1,3,9,20291602,moderate,0.6,5.0,20263738,wa_mcbr_swap,0000100000100000001100000001000000000001010000000110000011010000000000000010000000000000000001000010
06ac6393eee7a87a46f65b36cf9d1863821846f32cd08b7f9dd84710f2fa08a1,3,9,20291602,moderate,0.6,5.0,20263738,capacity_greedy,0000100000000000001100000001000000000001010000000110000000010000000100000010000000000000000001000010
06ac6393eee7a87a46f65b36cf9d1863821846f32cd08b7f9dd84710f2fa08a1,3,9,20291602,moderate,0.6,5.0,20263738,lagrangian_relaxation,0000100000100000001110001011000000000001011000000100000011010000000000000011000000001000000001000011
06ac6393eee7a87a46f65b36cf9d1863821846f32cd08b7f9dd84710f2fa08a1,3,9,20291602,moderate,0.6,5.0,20263738,legacy_count_br,0001001001000000000110010010000000000001010010000000000011010000000000010010010000111000110000000000
06ac6393eee7a87a46f65b36cf9d1863821846f32cd08b7f9dd84710f2fa08a1,3,9,20291602,moderate,0.6,5.0,20263738,random_feasible,0000101101000000000110100010000000000000001000000110000010010000000000000001010000111001000000000100
06ac6393eee7a87a46f65b36cf9d1863821846f32cd08b7f9dd84710f2fa08a1,3,9,20291602,moderate,0.6,5.0,20263738,all_local,0000000000000000000000000000000000000000000000000000000000000000000000000000000000000000000000000000
06ac6393eee7a87a46f65b36cf9d1863821846f32cd08b7f9dd84710f2fa08a1,3,9,20291602,moderate,0.6,5.0,20263738,all_offload,1111111111111111111111111111111111111111111111111111111111111111111111111111111111111111111111111111
06ac6393eee7a87a46f65b36cf9d1863821846f32cd08b7f9dd84710f2fa08a1,3,9,20291602,moderate,0.6,5.0,20263738,qdp_oracle,0000100000100000001100000001000000000001010000000110000011010000000000000010000000000000000001000010
06ac6393eee7a87a46f65b36cf9d1863821846f32cd08b7f9dd84710f2fa08a1,3,9,20291602,highly_constrained,0.3,2.0,20263738,wa_mcbr,0001000000000000000100000000000000000001000000000000000011000000000000000010010000001000010000000000
06ac6393eee7a87a46f65b36cf9d1863821846f32cd08b7f9dd84710f2fa08a1,3,9,20291602,highly_constrained,0.3,2.0,20263738,wa_mcbr_swap,0000100000000000001100000001000000000001000000000110000001010000000000000000000000000000000000000000
06ac6393eee7a87a46f65b36cf9d1863821846f32cd08b7f9dd84710f2fa08a1,3,9,20291602,highly_constrained,0.3,2.0,20263738,capacity_greedy,0000100000000000001100000001000000000001000000000100000001010000000100000000000000000000000000000000
06ac6393eee7a87a46f65b36cf9d1863821846f32cd08b7f9dd84710f2fa08a1,3,9,20291602,highly_constrained,0.3,2.0,20263738,lagrangian_relaxation,0000100000000000001100000001000000000001000000000100000001010000000000000000000000001000000000000000
06ac6393eee7a87a46f65b36cf9d1863821846f32cd08b7f9dd84710f2fa08a1,3,9,20291602,highly_constrained,0.3,2.0,20263738,legacy_count_br,0001000000000000000100000000000000000001000000000000000011000000000000000010010000001000010000000000
06ac6393eee7a87a46f65b36cf9d1863821846f32cd08b7f9dd84710f2fa08a1,3,9,20291602,highly_constrained,0.3,2.0,20263738,random_feasible,0000100001000000000100000000000000000000000000000100000010010000000000000001010000001000000000000000
06ac6393eee7a87a46f65b36cf9d1863821846f32cd08b7f9dd84710f2fa08a1,3,9,20291602,highly_constrained,0.3,2.0,20263738,all_local,0000000000000000000000000000000000000000000000000000000000000000000000000000000000000000000000000000
06ac6393eee7a87a46f65b36cf9d1863821846f32cd08b7f9dd84710f2fa08a1,3,9,20291602,highly_constrained,0.3,2.0,20263738,all_offload,1111111111111111111111111111111111111111111111111111111111111111111111111111111111111111111111111111
06ac6393eee7a87a46f65b36cf9d1863821846f32cd08b7f9dd84710f2fa08a1,3,9,20291602,highly_constrained,0.3,2.0,20263738,qdp_oracle,0000100000000000001100000001000000000001000000000100000000010000000000000000000000000000000001000000
06ac6393eee7a87a46f65b36cf9d1863821846f32cd08b7f9dd84710f2fa08a1,4,0,20300729,abundant,1.0,13.0,20264729,wa_mcbr,0000000011000010000000001100000000000000000001000000010000000010010000101100000000000010000000001000
06ac6393eee7a87a46f65b36cf9d1863821846f32cd08b7f9dd84710f2fa08a1,4,0,20300729,abundant,1.0,13.0,20264729,wa_mcbr_swap,0000000011000010000000001100000000000000000001000000010000000010010000101100000000000010000000001000
06ac6393eee7a87a46f65b36cf9d1863821846f32cd08b7f9dd84710f2fa08a1,4,0,20300729,abundant,1.0,13.0,20264729,capacity_greedy,0000000011000010000000001100000000000000000001000000010000000010010000101100000000000010000000001000
06ac6393eee7a87a46f65b36cf9d1863821846f32cd08b7f9dd84710f2fa08a1,4,0,20300729,abundant,1.0,13.0,20264729,lagrangian_relaxation,0000000010000010000000001000000001000000000011000000010000000010010000100100000000000010000000001000
06ac6393eee7a87a46f65b36cf9d1863821846f32cd08b7f9dd84710f2fa08a1,4,0,20300729,abundant,1.0,13.0,20264729,legacy_count_br,0000000011000010100000011100110000000000100001000000010000000010010010101000001010000011001001001001
06ac6393eee7a87a46f65b36cf9d1863821846f32cd08b7f9dd84710f2fa08a1,4,0,20300729,abundant,1.0,13.0,20264729,random_feasible,1010101001110010110001111011100000000101011100011000001001011110010001101010000000010011100000001110
06ac6393eee7a87a46f65b36cf9d1863821846f32cd08b7f9dd84710f2fa08a1,4,0,20300729,abundant,1.0,13.0,20264729,all_local,0000000000000000000000000000000000000000000000000000000000000000000000000000000000000000000000000000
06ac6393eee7a87a46f65b36cf9d1863821846f32cd08b7f9dd84710f2fa08a1,4,0,20300729,abundant,1.0,13.0,20264729,all_offload,1111111111111111111111111111111111111111111111111111111111111111111111111111111111111111111111111111
06ac6393eee7a87a46f65b36cf9d1863821846f32cd08b7f9dd84710f2fa08a1,4,0,20300729,abundant,1.0,13.0,20264729,qdp_oracle,0000000011000010000000001100000000000000000001000000010000000010010000101100000000000010000000001000
06ac6393eee7a87a46f65b36cf9d1863821846f32cd08b7f9dd84710f2fa08a1,4,0,20300729,moderate,0.6,5.0,20264729,wa_mcbr,0000000011000010000000001000000000000000000001000000010000000010010000101100000000000010000000001000
06ac6393eee7a87a46f65b36cf9d1863821846f32cd08b7f9dd84710f2fa08a1,4,0,20300729,moderate,0.6,5.0,20264729,wa_mcbr_swap,0000000011000010000000001000000000000000000001000000010000000010010000101100000000000010000000001000
06ac6393eee7a87a46f65b36cf9d1863821846f32cd08b7f9dd84710f2fa08a1,4,0,20300729,moderate,0.6,5.0,20264729,capacity_greedy,0000000011000010000000001000000000000000000001000000010000000010010000101100000000000010000000001000
06ac6393eee7a87a46f65b36cf9d1863821846f32cd08b7f9dd84710f2fa08a1,4,0,20300729,moderate,0.6,5.0,20264729,lagrangian_relaxation,0000000011000010000000011100010000000000100001000000010000000010010000001000001010000010001000001010
06ac6393eee7a87a46f65b36cf9d1863821846f32cd08b7f9dd84710f2fa08a1,4,0,20300729,moderate,0.6,5.0,20264729,legacy_count_br,0000100000000010100000001000110000000000100001100000000000000000010010000101101000000010001000001001
06ac6393eee7a87a46f65b36cf9d1863821846f32cd08b7f9dd84710f2fa08a1,4,0,20300729,moderate,0.6,5.0,20264729,random_feasible,0000101001000010100000011001100000000001000000000000000000000010010000101010000000000011000000001010
06ac6393eee7a87a46f65b36cf9d1863821846f32cd08b7f9dd84710f2fa08a1,4,0,20300729,moderate,0.6,5.0,20264729,all_local,0000000000000000000000000000000000000000000000000000000000000000000000000000000000000000000000000000
06ac6393eee7a87a46f65b36cf9d1863821846f32cd08b7f9dd84710f2fa08a1,4,0,20300729,moderate,0.6,5.0,20264729,all_offload,1111111111111111111111111111111111111111111111111111111111111111111111111111111111111111111111111111
06ac6393eee7a87a46f65b36cf9d1863821846f32cd08b7f9dd84710f2fa08a1,4,0,20300729,moderate,0.6,5.0,20264729,qdp_oracle,0000000011000010000000001000000000000000000001000000010000000010010000101100000000000010000000001000
06ac6393eee7a87a46f65b36cf9d1863821846f32cd08b7f9dd84710f2fa08a1,4,0,20300729,highly_constrained,0.3,2.0,20264729,wa_mcbr,0000000000000010000000001000000000000000000001000000000000000000010000000100000000000010000000001000
06ac6393eee7a87a46f65b36cf9d1863821846f32cd08b7f9dd84710f2fa08a1,4,0,20300729,highly_constrained,0.3,2.0,20264729,wa_mcbr_swap,0000000000000010000000000000000000000000000001000000000000000010000000100100000000000010000000001000
06ac6393eee7a87a46f65b36cf9d1863821846f32cd08b7f9dd84710f2fa08a1,4,0,20300729,highly_constrained,0.3,2.0,20264729,capacity_greedy,0000000000000000000000000000000000000000000001000000010000000010000000100100000000000010000000000000
06ac6393eee7a87a46f65b36cf9d1863821846f32cd08b7f9dd84710f2fa08a1,4,0,20300729,highly_constrained,0.3,2.0,20264729,lagrangian_relaxation,0000000000000010000000000000000000000000000001000000010000000010000000100000000000000010000000001000
06ac6393eee7a87a46f65b36cf9d1863821846f32cd08b7f9dd84710f2fa08a1,4,0,20300729,highly_constrained,0.3,2.0,20264729,legacy_count_br,0000000000000010000000001000000000000000000001000000000000000000010000000100000000000010000000001000
06ac6393eee7a87a46f65b36cf9d1863821846f32cd08b7f9dd84710f2fa08a1,4,0,20300729,highly_constrained,0.3,2.0,20264729,random_feasible,0000000001000010000000001000000000000000000000000000000000000010010000100000000000000010000000001000
06ac6393eee7a87a46f65b36cf9d1863821846f32cd08b7f9dd84710f2fa08a1,4,0,20300729,highly_constrained,0.3,2.0,20264729,all_local,0000000000000000000000000000000000000000000000000000000000000000000000000000000000000000000000000000
06ac6393eee7a87a46f65b36cf9d1863821846f32cd08b7f9dd84710f2fa08a1,4,0,20300729,highly_constrained,0.3,2.0,20264729,all_offload,1111111111111111111111111111111111111111111111111111111111111111111111111111111111111111111111111111
06ac6393eee7a87a46f65b36cf9d1863821846f32cd08b7f9dd84710f2fa08a1,4,0,20300729,highly_constrained,0.3,2.0,20264729,qdp_oracle,0000000000000010000000000000000000000000000001000000000000000010000000100000000000000010000000001000
06ac6393eee7a87a46f65b36cf9d1863821846f32cd08b7f9dd84710f2fa08a1,4,1,20300826,abundant,1.0,13.0,20264730,wa_mcbr,0000000000000010000000000000000001000000000010010000010000010000010000000100000000000010000000001100
06ac6393eee7a87a46f65b36cf9d1863821846f32cd08b7f9dd84710f2fa08a1,4,1,20300826,abundant,1.0,13.0,20264730,wa_mcbr_swap,0000000000000010000000000000000001000000000010010000010000010000010000000100000000000010000000001100
06ac6393eee7a87a46f65b36cf9d1863821846f32cd08b7f9dd84710f2fa08a1,4,1,20300826,abundant,1.0,13.0,20264730,capacity_greedy,0000000000000010000000000000000001000000000010010000010000010000010000000100000000000010000000001100
06ac6393eee7a87a46f65b36cf9d1863821846f32cd08b7f9dd84710f2fa08a1,4,1,20300826,abundant,1.0,13.0,20264730,lagrangian_relaxation,0000000000000000000000000000000001000000000011010000010000010000000000000100000000000010000000001100
06ac6393eee7a87a46f65b36cf9d1863821846f32cd08b7f9dd84710f2fa08a1,4,1,20300826,abundant,1.0,13.0,20264730,legacy_count_br,1000000011000010100000000000100011000001100000110100010100000000010000001101101000000011001001001000
06ac6393eee7a87a46f65b36cf9d1863821846f32cd08b7f9dd84710f2fa08a1,4,1,20300826,abundant,1.0,13.0,20264730,random_feasible,1001001011111100101000010001110110000001001101111110010000100010010110010000111110001011011100101110
06ac6393eee7a87a46f65b36cf9d1863821846f32cd08b7f9dd84710f2fa08a1,4,1,20300826,abundant,1.0,13.0,20264730,all_local,0000000000000000000000000000000000000000000000000000000000000000000000000000000000000000000000000000
06ac6393eee7a87a46f65b36cf9d1863821846f32cd08b7f9dd84710f2fa08a1,4,1,20300826,abundant,1.0,13.0,20264730,all_offload,1111111111111111111111111111111111111111111111111111111111111111111111111111111111111111111111111111
06ac6393eee7a87a46f65b36cf9d1863821846f32cd08b7f9dd84710f2fa08a1,4,1,20300826,abundant,1.0,13.0,20264730,qdp_oracle,0000000000000010000000000000000001000000000010010000010000010000010000000100000000000010000000001100
06ac6393eee7a87a46f65b36cf9d1863821846f32cd08b7f9dd84710f2fa08a1,4,1,20300826,moderate,0.6,5.0,20264730,wa_mcbr,0000000000000000000000000000000001000000000010010000010000010000010000000100000000000010000000001100
06ac6393eee7a87a46f65b36cf9d1863821846f32cd08b7f9dd84710f2fa08a1,4,1,20300826,moderate,0.6,5.0,20264730,wa_mcbr_swap,0000000000000000000000000000000001000000000010010000010000010000010000000100000000000010000000001100
06ac6393eee7a87a46f65b36cf9d1863821846f32cd08b7f9dd84710f2fa08a1,4,1,20300826,moderate,0.6,5.0,20264730,capacity_greedy,0000000000000000000000000000000001000000000010010000010000010000010000000100000000000010000000001100
06ac6393eee7a87a46f65b36cf9d1863821846f32cd08b7f9dd84710f2fa08a1,4,1,20300826,moderate,0.6,5.0,20264730,lagrangian_relaxation,0000000011000010000000000000010001010000000010110000110000010000010000001100000000000010000000001100
06ac6393eee7a87a46f65b36cf9d1863821846f32cd08b7f9dd84710f2fa08a1,4,1,20300826,moderate,0.6,5.0,20264730,legacy_count_br,1000000010000010000000001000100010000001100100110000010000000000000000001000100000000010001000010100
06ac6393eee7a87a46f65b36cf9d1863821846f32cd08b7f9dd84710f2fa08a1,4,1,20300826,moderate,0.6,5.0,20264730,random_feasible,1000000011000000100000000000100010000001000000110100010000000000010000000000101000000011001000001010
06ac6393eee7a87a46f65b36cf9d1863821846f32cd08b7f9dd84710f2fa08a1,4,1,20300826,moderate,0.6,5.0,20264730,all_local,0000000000000000000000000000000000000000000000000000000000000000000000000000000000000000000000000000
06ac6393eee7a87a46f65b36cf9d1863821846f32cd08b7f9dd84710f2fa08a1,4,1,20300826,moderate,0.6,5.0,20264730,all_offload,1111111111111111111111111111111111111111111111111111111111111111111111111111111111111111111111111111
06ac6393eee7a87a46f65b36cf9d1863821846f32cd08b7f9dd84710f2fa08a1,4,1,20300826,moderate,0.6,5.0,20264730,qdp_oracle,0000000000000000000000000000000001000000000010010000010000010000010000000100000000000010000000001100
06ac6393eee7a87a46f65b36cf9d1863821846f32cd08b7f9dd84710f2fa08a1,4,1,20300826,highly_constrained,0.3,2.0,20264730,wa_mcbr,0000000010000010000000000000000000000000000000010000010000000000000000001000000000000010000000000100
06ac6393eee7a87a46f65b36cf9d1863821846f32cd08b7f9dd84710f2fa08a1,4,1,20300826,highly_constrained,0.3,2.0,20264730,wa_mcbr_swap,0000000000000000000000000000000001000000000000010000010000010000000000000100000000000010000000001000
06ac6393eee7a87a46f65b36cf9d1863821846f32cd08b7f9dd84710f2fa08a1,4,1,20300826,highly_constrained,0.3,2.0,20264730,capacity_greedy,0000000000000000000000000000000000000000000010010000000000010000000000000100000000000010000000000100
06ac6393eee7a87a46f65b36cf9d1863821846f32cd08b7f9dd84710f2fa08a1,4,1,20300826,highly_constrained,0.3,2.0,20264730,lagrangian_relaxation,0000000000000000000000000000000001000000000000010000010000010000000000000100000000000010000000001000
06ac6393eee7a87a46f65b36cf9d1863821846f32cd08b7f9dd84710f2fa08a1,4,1,20300826,highly_constrained,0.3,2.0,20264730,legacy_count_br,0000000010000010000000000000000000000000000000010000010000000000000000001000000000000010000000000100
06ac6393eee7a87a46f65b36cf9d1863821846f32cd08b7f9dd84710f2fa08a1,4,1,20300826,highly_constrained,0.3,2.0,20264730,random_feasible,0000000011000000000000000000000000000000000000110000010000000000010000000000000000000010000000001000
06ac6393eee7a87a46f65b36cf9d1863821846f32cd08b7f9dd84710f2fa08a1,4,1,20300826,highly_constrained,0.3,2.0,20264730,all_local,0000000000000000000000000000000000000000000000000000000000000000000000000000000000000000000000000000
06ac6393eee7a87a46f65b36cf9d1863821846f32cd08b7f9dd84710f2fa08a1,4,1,20300826,highly_constrained,0.3,2.0,20264730,all_offload,1111111111111111111111111111111111111111111111111111111111111111111111111111111111111111111111111111
06ac6393eee7a87a46f65b36cf9d1863821846f32cd08b7f9dd84710f2fa08a1,4,1,20300826,highly_constrained,0.3,2.0,20264730,qdp_oracle,0000000000000000000000000000000000000000000010010000000000010000000000000100000000000010000000000000
06ac6393eee7a87a46f65b36cf9d1863821846f32cd08b7f9dd84710f2fa08a1,4,2,20300923,abundant,1.0,13.0,20264731,wa_mcbr,0000000001000010000000001000000001000000000011000000010000000010010000101100000000000010000000001000
06ac6393eee7a87a46f65b36cf9d1863821846f32cd08b7f9dd84710f2fa08a1,4,2,20300923,abundant,1.0,13.0,20264731,wa_mcbr_swap,0000000001000010000000001000000001000000000011000000010000000010010000101100000000000010000000001000
06ac6393eee7a87a46f65b36cf9d1863821846f32cd08b7f9dd84710f2fa08a1,4,2,20300923,abundant,1.0,13.0,20264731,capacity_greedy,0000000000000010000000001000000001000000000011010000010000000010010000101100000000000010000000001000
06ac6393eee7a87a46f65b36cf9d1863821846f32cd08b7f9dd84710f2fa08a1,4,2,20300923,abundant,1.0,13.0,20264731,lagrangian_relaxation,0000000000000010000000001000000001000000000011010000010000000011010000100100000000000010000000001000
06ac6393eee7a87a46f65b36cf9d1863821846f32cd08b7f9dd84710f2fa08a1,4,2,20300923,abundant,1.0,13.0,20264731,legacy_count_br,1000001011000010000000011100000000000000100101100010010000000010010000101001000100000010001100001010
06ac6393eee7a87a46f65b36cf9d1863821846f32cd08b7f9dd84710f2fa08a1,4,2,20300923,abundant,1.0,13.0,20264731,random_feasible,1010101110010000100001011011101010100010101110100010001101000010011000001111101100001101111101100010
06ac6393eee7a87a46f65b36cf9d1863821846f32cd08b7f9dd84710f2fa08a1,4,2,20300923,abundant,1.0,13.0,20264731,all_local,0000000000000000000000000000000000000000000000000000000000000000000000000000000000000000000000000000
06ac6393eee7a87a46f65b36cf9d1863821846f32cd08b7f9dd84710f2fa08a1,4,2,20300923,abundant,1.0,13.0,20264731,all_offload,1111111111111111111111111111111111111111111111111111111111111111111111111111111111111111111111111111
06ac6393eee7a87a46f65b36cf9d1863821846f32cd08b7f9dd84710f2fa08a1,4,2,20300923,abundant,1.0,13.0,20264731,qdp_oracle,0000000001000010000000001000000001000000000011000000010000000010010000101100000000000010000000001000
06ac6393eee7a87a46f65b36cf9d1863821846f32cd08b7f9dd84710f2fa08a1,4,2,20300923,moderate,0.6,5.0,20264731,wa_mcbr,0000000000000010000000001000000001000000000011000000010000000010010000101100000000000010000000001000
06ac6393eee7a87a46f65b36cf9d1863821846f32cd08b7f9dd84710f2fa08a1,4,2,20300923,moderate,0.6,5.0,20264731,wa_mcbr_swap,0000000000000010000000001000000001000000000011000000010000000010010000101100000000000010000000001000
06ac6393eee7a87a46f65b36cf9d1863821846f32cd08b7f9dd84710f2fa08a1,4,2,20300923,moderate,0.6,5.0,20264731,capacity_greedy,0000000000000010000000001000000001000000000011010000010000000010010000100100000000000010000000001000
06ac6393eee7a87a46f65b36cf9d1863821846f32cd08b7f9dd84710f2fa08a1,4,2,20300923,moderate,0.6,5.0,20264731,lagrangian_relaxation,0000000011000010000000001000000001010000000011110000010000000010010000101100000000000010000000001000
06ac6393eee7a87a46f65b36cf9d1863821846f32cd08b7f9dd84710f2fa08a1,4,2,20300923,moderate,0.6,5.0,20264731,legacy_count_br,0000001010010011000000011100000000000000000100100000000000000010000000100001000100000000011100001010
06ac6393eee7a87a46f65b36cf9d1863821846f32cd08b7f9dd84710f2fa08a1,4,2,20300923,moderate,0.6,5.0,20264731,random_feasible,1000001010000000000000011000000000000000100100100010000000000010010000001101000100000000011100000010
06ac6393eee7a87a46f65b36cf9d1863821846f32cd08b7f9dd84710f2fa08a1,4,2,20300923,moderate,0.6,5.0,20264731,all_local,0000000000000000000000000000000000000000000000000000000000000000000000000000000000000000000000000000
06ac6393eee7a87a46f65b36cf9d1863821846f32cd08b7f9dd84710f2fa08a1,4,2,20300923,moderate,0.6,5.0,20264731,all_offload,1111111111111111111111111111111111111111111111111111111111111111111111111111111111111111111111111111
06ac6393eee7a87a46f65b36cf9d1863821846f32cd08b7f9dd84710f2fa08a1,4,2,20300923,moderate,0.6,5.0,20264731,qdp_oracle,0000000000000010000000001000000001000000000011000000010000000010010000101100000000000010000000001000
06ac6393eee7a87a46f65b36cf9d1863821846f32cd08b7f9dd84710f2fa08a1,4,2,20300923,highly_constrained,0.3,2.0,20264731,wa_mcbr,0000000010000000000000011100000000000000000000000000000000000010000000100000000000000000000000001010
06ac6393eee7a87a46f65b36cf9d1863821846f32cd08b7f9dd84710f2fa08a1,4,2,20300923,highly_constrained,0.3,2.0,20264731,wa_mcbr_swap,0000000000000010000000000000000001000000000000000000010000000010010000100000000000000010000000001000
06ac6393eee7a87a46f65b36cf9d1863821846f32cd08b7f9dd84710f2fa08a1,4,2,20300923,highly_constrained,0.3,2.0,20264731,capacity_greedy,0000000000000000000000000000000000000000000011010000000000000010000000100000000000000010000000000000
06ac6393eee7a87a46f65b36cf9d1863821846f32cd08b7f9dd84710f2fa08a1,4,2,20300923,highly_constrained,0.3,2.0,20264731,lagrangian_relaxation,0000000000000000000000000000000001000000000001000000010000000010000000100000000000000010000000001000
06ac6393eee7a87a46f65b36cf9d1863821846f32cd08b7f9dd84710f2fa08a1,4,2,20300923,highly_constrained,0.3,2.0,20264731,legacy_count_br,0000000010000000000000011100000000000000000000000000000000000010000000100000000000000000000000001010
06ac6393eee7a87a46f65b36cf9d1863821846f32cd08b7f9dd84710f2fa08a1,4,2,20300923,highly_constrained,0.3,2.0,20264731,random_feasible,0000000010000000000000001000000000000000000000100000000000000010010000001100000000000000000000000010
06ac6393eee7a87a46f65b36cf9d1863821846f32cd08b7f9dd84710f2fa08a1,4,2,20300923,highly_constrained,0.3,2.0,20264731,all_local,0000000000000000000000000000000000000000000000000000000000000000000000000000000000000000000000000000
06ac6393eee7a87a46f65b36cf9d1863821846f32cd08b7f9dd84710f2fa08a1,4,2,20300923,highly_constrained,0.3,2.0,20264731,all_offload,1111111111111111111111111111111111111111111111111111111111111111111111111111111111111111111111111111
06ac6393eee7a87a46f65b36cf9d1863821846f32cd08b7f9dd84710f2fa08a1,4,2,20300923,highly_constrained,0.3,2.0,20264731,qdp_oracle,0000000000000010000000000000000000000000000001000000000000000010000000100000000000000010000000001000
06ac6393eee7a87a46f65b36cf9d1863821846f32cd08b7f9dd84710f2fa08a1,4,3,20301020,abundant,1.0,13.0,20264732,wa_mcbr,0000000011000010000000000000000001010000000000010000010000010010010000101000000000000010000000001000
06ac6393eee7a87a46f65b36cf9d1863821846f32cd08b7f9dd84710f2fa08a1,4,3,20301020,abundant,1.0,13.0,20264732,wa_mcbr_swap,0000000011000010000000000000000001010000000000010000010000010010010000101000000000000010000000001000
06ac6393eee7a87a46f65b36cf9d1863821846f32cd08b7f9dd84710f2fa08a1,4,3,20301020,abundant,1.0,13.0,20264732,capacity_greedy,0000000011000010000000000000000001010000000000010000010000010010010000101000000000000010000000001000
06ac6393eee7a87a46f65b36cf9d1863821846f32cd08b7f9dd84710f2fa08a1,4,3,20301020,abundant,1.0,13.0,20264732,lagrangian_relaxation,0000000000000010000000000000000001000000000000010000010000010010010000100000000000000010000000001000
06ac6393eee7a87a46f65b36cf9d1863821846f32cd08b7f9dd84710f2fa08a1,4,3,20301020,abundant,1.0,13.0,20264732,legacy_count_br,0000000011000010000000000100100001010000100000110000010000011010010000101001001100000011011100001001
06ac6393eee7a87a46f65b36cf9d1863821846f32cd08b7f9dd84710f2fa08a1,4,3,20301020,abundant,1.0,13.0,20264732,random_feasible,1100011111011000100000111001011100101000100100110111101000100100011100011110111000000110001111000010
06ac6393eee7a87a46f65b36cf9d1863821846f32cd08b7f9dd84710f2fa08a1,4,3,20301020,abundant,1.0,13.0,20264732,all_local,0000000000000000000000000000000000000000000000000000000000000000000000000000000000000000000000000000
06ac6393eee7a87a46f65b36cf9d1863821846f32cd08b7f9dd84710f2fa08a1,4,3,20301020,abundant,1.0,13.0,20264732,all_offload,1111111111111111111111111111111111111111111111111111111111111111111111111111111111111111111111111111
06ac6393eee7a87a46f65b36cf9d1863821846f32cd08b7f9dd84710f2fa08a1,4,3,20301020,abundant,1.0,13.0,20264732,qdp_oracle,0000000011000010000000000000000001010000000000010000010000010010010000101000000000000010000000001000
06ac6393eee7a87a46f65b36cf9d1863821846f32cd08b7f9dd84710f2fa08a1,4,3,20301020,moderate,0.6,5.0,20264732,wa_mcbr,0000000001000010000000000000000001010000000000010000010000010010010000101000000000000010000000001000
06ac6393eee7a87a46f65b36cf9d1863821846f32cd08b7f9dd84710f2fa08a1,4,3,20301020,moderate,0.6,5.0,20264732,wa_mcbr_swap,0000000001000010000000000000000001010000000000010000010000010010010000101000000000000010000000001000
06ac6393eee7a87a46f65b36cf9d1863821846f32cd08b7f9dd84710f2fa08a1,4,3,20301020,moderate,0.6,5.0,20264732,capacity_greedy,0000000001000010000000000000000001010000000000010000010000010010010000101000000000000010000000001000
06ac6393eee7a87a46f65b36cf9d1863821846f32cd08b7f9dd84710f2fa08a1,4,3,20301020,moderate,0.6,5.0,20264732,lagrangian_relaxation,0000000011000010000000000100000001010000000000110000010000010010010000101000000100000011000000001001
06ac6393eee7a87a46f65b36cf9d1863821846f32cd08b7f9dd84710f2fa08a1,4,3,20301020,moderate,0.6,5.0,20264732,legacy_count_br,0000001011000010000000000100000000010000100000100000010000010010000000100001001100000010001100001001
06ac6393eee7a87a46f65b36cf9d1863821846f32cd08b7f9dd84710f2fa08a1,4,3,20301020,moderate,0.6,5.0,20264732,random_feasible,0000001011000000000000010000001000000000100100110100000000000000010000001010001000000010001100000010
06ac6393eee7a87a46f65b36cf9d1863821846f32cd08b7f9dd84710f2fa08a1,4,3,20301020,moderate,0.6,5.0,20264732,all_local,0000000000000000000000000000000000000000000000000000000000000000000000000000000000000000000000000000
06ac6393eee7a87a46f65b36cf9d1863821846f32cd08b7f9dd84710f2fa08a1,4,3,20301020,moderate,0.6,5.0,20264732,all_offload,1111111111111111111111111111111111111111111111111111111111111111111111111111111111111111111111111111
06ac6393eee7a87a46f65b36cf9d1863821846f32cd08b7f9dd84710f2fa08a1,4,3,20301020,moderate,0.6,5.0,20264732,qdp_oracle,0000000001000010000000000000000001010000000000010000010000010010010000101000000000000010000000001000
06ac6393eee7a87a46f65b36cf9d1863821846f32cd08b7f9dd84710f2fa08a1,4,3,20301020,highly_constrained,0.3,2.0,20264732,wa_mcbr,0000000010000000000000000000000000000000000000000000010000010010000000100000000000000010000000001000
06ac6393eee7a87a46f65b36cf9d1863821846f32cd08b7f9dd84710f2fa08a1,4,3,20301020,highly_constrained,0.3,2.0,20264732,wa_mcbr_swap,0000000000000000000000000000000001000000000000010000000000010010000000100000000000000010000000001000
06ac6393eee7a87a46f65b36cf9d1863821846f32cd08b7f9dd84710f2fa08a1,4,3,20301020,highly_constrained,0.3,2.0,20264732,capacity_greedy,0000000000000000000000000000000001000000000000010000000000010010000000100000000000000010000000001000
06ac6393eee7a87a46f65b36cf9d1863821846f32cd08b7f9dd84710f2fa08a1,4,3,20301020,highly_constrained,0.3,2.0,20264732,lagrangian_relaxation,0000000000000000000000000000000001000000000000010000000000010010000000100000000000000010000000001000
06ac6393eee7a87a46f65b36cf9d1863821846f32cd08b7f9dd84710f2fa08a1,4,3,20301020,highly_constrained,0.3,2.0,20264732,legacy_count_br,0000000010000000000000000000000000000000000000000000010000010010000000100000000000000010000000001000
06ac6393eee7a87a46f65b36cf9d1863821846f32cd08b7f9dd84710f2fa08a1,4,3,20301020,highly_constrained,0.3,2.0,20264732,random_feasible,0000000011000000000000000000000000000000000000110000000000000000010000001000000000000010000000000000
06ac6393eee7a87a46f65b36cf9d1863821846f32cd08b7f9dd84710f2fa08a1,4,3,20301020,highly_constrained,0.3,2.0,20264732,all_local,0000000000000000000000000000000000000000000000000000000000000000000000000000000000000000000000000000
06ac6393eee7a87a46f65b36cf9d1863821846f32cd08b7f9dd84710f2fa08a1,4,3,20301020,highly_constrained,0.3,2.0,20264732,all_offload,1111111111111111111111111111111111111111111111111111111111111111111111111111111111111111111111111111
06ac6393eee7a87a46f65b36cf9d1863821846f32cd08b7f9dd84710f2fa08a1,4,3,20301020,highly_constrained,0.3,2.0,20264732,qdp_oracle,0000000000000000000000000000000001000000000000010000000000010010000000100000000000000000000000001000
06ac6393eee7a87a46f65b36cf9d1863821846f32cd08b7f9dd84710f2fa08a1,4,4,20301117,abundant,1.0,13.0,20264733,wa_mcbr,0000000010000010000000001000010001000000000010000000110000000011010000100000000000000010000000001000
06ac6393eee7a87a46f65b36cf9d1863821846f32cd08b7f9dd84710f2fa08a1,4,4,20301117,abundant,1.0,13.0,20264733,wa_mcbr_swap,0000000010000010000000001000010001000000000010000000110000000011010000100000000000000010000000001000
06ac6393eee7a87a46f65b36cf9d1863821846f32cd08b7f9dd84710f2fa08a1,4,4,20301117,abundant,1.0,13.0,20264733,capacity_greedy,0000000010000010000000001000010001000000000010000000110000000011010000100000000000000010000000001000
06ac6393eee7a87a46f65b36cf9d1863821846f32cd08b7f9dd84710f2fa08a1,4,4,20301117,abundant,1.0,13.0,20264733,lagrangian_relaxation,0000000000000000000000000000000001000000000010010000010000000011010000100000000000000010000000001000
06ac6393eee7a87a46f65b36cf9d1863821846f32cd08b7f9dd84710f2fa08a1,4,4,20301117,abundant,1.0,13.0,20264733,legacy_count_br,0000100010000110100000011100100001001000001100100100110000000010010000101000001000000011001000001010
06ac6393eee7a87a46f65b36cf9d1863821846f32cd08b7f9dd84710f2fa08a1,4,4,20301117,abundant,1.0,13.0,20264733,random_feasible,0010001110000011001001001011101001001001110100100010110101101000111000101000111000001001111101110010
06ac6393eee7a87a46f65b36cf9d1863821846f32cd08b7f9dd84710f2fa08a1,4,4,20301117,abundant,1.0,13.0,20264733,all_local,0000000000000000000000000000000000000000000000000000000000000000000000000000000000000000000000000000
06ac6393eee7a87a46f65b36cf9d1863821846f32cd08b7f9dd84710f2fa08a1,4,4,20301117,abundant,1.0,13.0,20264733,all_offload,1111111111111111111111111111111111111111111111111111111111111111111111111111111111111111111111111111
06ac6393eee7a87a46f65b36cf9d1863821846f32cd08b7f9dd84710f2fa08a1,4,4,20301117,abundant,1.0,13.0,20264733,qdp_oracle,0000000010000010000000001000010001000000000010000000110000000011010000100000000000000010000000001000
06ac6393eee7a87a46f65b36cf9d1863821846f32cd08b7f9dd84710f2fa08a1,4,4,20301117,moderate,0.6,5.0,20264733,wa_mcbr,0000000010000010000000001000010001000000000010000000010000000011010000100000000000000010000000001000
06ac6393eee7a87a46f65b36cf9d1863821846f32cd08b7f9dd84710f2fa08a1,4,4,20301117,moderate,0.6,5.0,20264733,wa_mcbr_swap,0000000010000010000000001000010001000000000010000000010000000011010000100000000000000010000000001000
06ac6393eee7a87a46f65b36cf9d1863821846f32cd08b7f9dd84710f2fa08a1,4,4,20301117,moderate,0.6,5.0,20264733,capacity_greedy,0000000010000010000000001000010001000000000010000000010000000011010000100000000000000010000000001000
06ac6393eee7a87a46f65b36cf9d1863821846f32cd08b7f9dd84710f2fa08a1,4,4,20301117,moderate,0.6,5.0,20264733,lagrangian_relaxation,0000100010000110100000011100010001000000000000100100010000000010010000100000000000000011000000001010
06ac6393eee7a87a46f65b36cf9d1863821846f32cd08b7f9dd84710f2fa08a1,4,4,20301117,moderate,0.6,5.0,20264733,legacy_count_br,0000100010000001100000010100100001000000000000100000000000000000010000101000001000000011001001001010
06ac6393eee7a87a46f65b36cf9d1863821846f32cd08b7f9dd84710f2fa08a1,4,4,20301117,moderate,0.6,5.0,20264733,random_feasible,0000000010000010000000001001100001001000000100100000110000000000010000101000001000000001001001000010
06ac6393eee7a87a46f65b36cf9d1863821846f32cd08b7f9dd84710f2fa08a1,4,4,20301117,moderate,0.6,5.0,20264733,all_local,0000000000000000000000000000000000000000000000000000000000000000000000000000000000000000000000000000
06ac6393eee7a87a46f65b36cf9d1863821846f32cd08b7f9dd84710f2fa08a1,4,4,20301117,moderate,0.6,5.0,20264733,all_offload,1111111111111111111111111111111111111111111111111111111111111111111111111111111111111111111111111111
06ac6393eee7a87a46f65b36cf9d1863821846f32cd08b7f9dd84710f2fa08a1,4,4,20301117,moderate,0.6,5.0,20264733,qdp_oracle,0000000010000000000000001000010001000000000010000000010000000011010000100000000000000010000000001000
06ac6393eee7a87a46f65b36cf9d1863821846f32cd08b7f9dd84710f2fa08a1,4,4,20301117,highly_constrained,0.3,2.0,20264733,wa_mcbr,0000000010000000000000000100000000000000000000100000000000000000010000100000000000000011000000001000
06ac6393eee7a87a46f65b36cf9d1863821846f32cd08b7f9dd84710f2fa08a1,4,4,20301117,highly_constrained,0.3,2.0,20264733,wa_mcbr_swap,0000000010000000000000000000000001000000000010000000010000000010010000100000000000000000000000001000
06ac6393eee7a87a46f65b36cf9d1863821846f32cd08b7f9dd84710f2fa08a1,4,4,20301117,highly_constrained,0.3,2.0,20264733,capacity_greedy,0000000000000000000000000000000001000000000010000000000000000011000000100000000000000010000000001000
06ac6393eee7a87a46f65b36cf9d1863821846f32cd08b7f9dd84710f2fa08a1,4,4,20301117,highly_constrained,0.3,2.0,20264733,lagrangian_relaxation,0000000000000000000000000000000001000000000010000000010000000011000000100000000000000000000000001000
06ac6393eee7a87a46f65b36cf9d1863821846f32cd08b7f9dd84710f2fa08a1,4,4,20301117,highly_constrained,0.3,2.0,20264733,legacy_count_br,0000000010000000000000000100000000000000000000100000000000000000010000100000000000000011000000001000
06ac6393eee7a87a46f65b36cf9d1863821846f32cd08b7f9dd84710f2fa08a1,4,4,20301117,highly_constrained,0.3,2.0,20264733,random_feasible,0000000010000010000000001000000001000000000000100000010000000000010000100000000000000000000000000000
06ac6393eee7a87a46f65b36cf9d1863821846f32cd08b7f9dd84710f2fa08a1,4,4,20301117,highly_constrained,0.3,2.0,20264733,all_local,0000000000000000000000000000000000000000000000000000000000000000000000000000000000000000000000000000
06ac6393eee7a87a46f65b36cf9d1863821846f32cd08b7f9dd84710f2fa08a1,4,4,20301117,highly_constrained,0.3,2.0,20264733,all_offload,1111111111111111111111111111111111111111111111111111111111111111111111111111111111111111111111111111
06ac6393eee7a87a46f65b36cf9d1863821846f32cd08b7f9dd84710f2fa08a1,4,4,20301117,highly_constrained,0.3,2.0,20264733,qdp_oracle,0000000000000000000000000000000001000000000010000000000000000011000000100000000000000000000000001000
06ac6393eee7a87a46f65b36cf9d1863821846f32cd08b7f9dd84710f2fa08a1,4,5,20301214,abundant,1.0,13.0,20264734,wa_mcbr,0000000000000010000000001000000000000000000001000000010000010011010000101100000000000010000000001000
06ac6393eee7a87a46f65b36cf9d1863821846f32cd08b7f9dd84710f2fa08a1,4,5,20301214,abundant,1.0,13.0,20264734,wa_mcbr_swap,0000000000000010000000001000000000000000000001000000010000010011010000101100000000000010000000001000
06ac6393eee7a87a46f65b36cf9d1863821846f32cd08b7f9dd84710f2fa08a1,4,5,20301214,abundant,1.0,13.0,20264734,capacity_greedy,0000000000000010000000001000000000000000000001000000010000010011010000101100000000000010000000001000
06ac6393eee7a87a46f65b36cf9d1863821846f32cd08b7f9dd84710f2fa08a1,4,5,20301214,abundant,1.0,13.0,20264734,lagrangian_relaxation,0000000000000010000000000000000000000000000001000000010000010011010000100100000000000010000000001100
06ac6393eee7a87a46f65b36cf9d1863821846f32cd08b7f9dd84710f2fa08a1,4,5,20301214,abundant,1.0,13.0,20264734,legacy_count_br,0000101010000010100000011100000010000000100100000000010100011010010000101101000100000010010000001010
06ac6393eee7a87a46f65b36cf9d1863821846f32cd08b7f9dd84710f2fa08a1,4,5,20301214,abundant,1.0,13.0,20264734,random_feasible,1001011111000111000010000000110110000001010111010000100010100010000000011011001010001011000001011001
06ac6393eee7a87a46f65b36cf9d1863821846f32cd08b7f9dd84710f2fa08a1,4,5,20301214,abundant,1.0,13.0,20264734,all_local,0000000000000000000000000000000000000000000000000000000000000000000000000000000000000000000000000000
06ac6393eee7a87a46f65b36cf9d1863821846f32cd08b7f9dd84710f2fa08a1,4,5,20301214,abundant,1.0,13.0,20264734,all_offload,1111111111111111111111111111111111111111111111111111111111111111111111111111111111111111111111111111
06ac6393eee7a87a46f65b36cf9d1863821846f32cd08b7f9dd84710f2fa08a1,4,5,20301214,abundant,1.0,13.0,20264734,qdp_oracle,0000000000000010000000001000000000000000000001000000010000010011010000101100000000000010000000001000
06ac6393eee7a87a46f65b36cf9d1863821846f32cd08b7f9dd84710f2fa08a1,4,5,20301214,moderate,0.6,5.0,20264734,wa_mcbr,0000000010000010000000001100000000000000000000000000010000010011010000100100000000000010000000001000
06ac6393eee7a87a46f65b36cf9d1863821846f32cd08b7f9dd84710f2fa08a1,4,5,20301214,moderate,0.6,5.0,20264734,wa_mcbr_swap,0000000010000010000000001000000000000000000001000000010000010011010000100100000000000010000000001000
06ac6393eee7a87a46f65b36cf9d1863821846f32cd08b7f9dd84710f2fa08a1,4,5,20301214,moderate,0.6,5.0,20264734,capacity_greedy,0000000000000010000000001000000000000000000001000000010000010011010000100100000000000010000000001000
06ac6393eee7a87a46f65b36cf9d1863821846f32cd08b7f9dd84710f2fa08a1,4,5,20301214,moderate,0.6,5.0,20264734,lagrangian_relaxation,0000000010000010000000001000000001010000000001000000010000010011010000100100000000000010000000001100
06ac6393eee7a87a46f65b36cf9d1863821846f32cd08b7f9dd84710f2fa08a1,4,5,20301214,moderate,0.6,5.0,20264734,legacy_count_br,0000101010000010000000011100010010000000100000000000010000010000000100000101000100000010010000001010
06ac6393eee7a87a46f65b36cf9d1863821846f32cd08b7f9dd84710f2fa08a1,4,5,20301214,moderate,0.6,5.0,20264734,random_feasible,1000001011000010000000000000010010000001000101000000000000000010000000011011001000000011000000001000
06ac6393eee7a87a46f65b36cf9d1863821846f32cd08b7f9dd84710f2fa08a1,4,5,20301214,moderate,0.6,5.0,20264734,all_local,0000000000000000000000000000000000000000000000000000000000000000000000000000000000000000000000000000
06ac6393eee7a87a46f65b36cf9d1863821846f32cd08b7f9dd84710f2fa08a1,4,5,20301214,moderate,0.6,5.0,20264734,all_offload,1111111111111111111111111111111111111111111111111111111111111111111111111111111111111111111111111111
06ac6393eee7a87a46f65b36cf9d1863821846f32cd08b7f9dd84710f2fa08a1,4,5,20301214,moderate,0.6,5.0,20264734,qdp_oracle,0000000000000010000000000000000000000000000001000000010000010011010000100100000000000010000000001000
06ac6393eee7a87a46f65b36cf9d1863821846f32cd08b7f9dd84710f2fa08a1,4,5,20301214,highly_constrained,0.3,2.0,20264734,wa_mcbr,0000100000000010000000000100000000000000000000000000010000010000000000000100000000000010000000000000
06ac6393eee7a87a46f65b36cf9d1863821846f32cd08b7f9dd84710f2fa08a1,4,5,20301214,highly_constrained,0.3,2.0,20264734,wa_mcbr_swap,0000000000000000000000000000000000000000000000000000010000010011000000100000000000000010000000001000
06ac6393eee7a87a46f65b36cf9d1863821846f32cd08b7f9dd84710f2fa08a1,4,5,20301214,highly_constrained,0.3,2.0,20264734,capacity_greedy,0000000000000000000000000000000000000000000001000000000000010011000000100100000000000000000000000000
06ac6393eee7a87a46f65b36cf9d1863821846f32cd08b7f9dd84710f2fa08a1,4,5,20301214,highly_constrained,0.3,2.0,20264734,lagrangian_relaxation,0000000000000000000000000000000000000000000000000000010000010011000000100000000000000010000000001000
06ac6393eee7a87a46f65b36cf9d1863821846f32cd08b7f9dd84710f2fa08a1,4,5,20301214,highly_constrained,0.3,2.0,20264734,legacy_count_br,0000100000000010000000000100000000000000000000000000010000010000000000000100000000000010000000000000
06ac6393eee7a87a46f65b36cf9d1863821846f32cd08b7f9dd84710f2fa08a1,4,5,20301214,highly_constrained,0.3,2.0,20264734,random_feasible,0000000010000010000000000000000000000000000001000000000000000010000000001000000000000010000000001000
06ac6393eee7a87a46f65b36cf9d1863821846f32cd08b7f9dd84710f2fa08a1,4,5,20301214,highly_constrained,0.3,2.0,20264734,all_local,0000000000000000000000000000000000000000000000000000000000000000000000000000000000000000000000000000
06ac6393eee7a87a46f65b36cf9d1863821846f32cd08b7f9dd84710f2fa08a1,4,5,20301214,highly_constrained,0.3,2.0,20264734,all_offload,1111111111111111111111111111111111111111111111111111111111111111111111111111111111111111111111111111
06ac6393eee7a87a46f65b36cf9d1863821846f32cd08b7f9dd84710f2fa08a1,4,5,20301214,highly_constrained,0.3,2.0,20264734,qdp_oracle,0000000000000000000000000000000000000000000000000000010000010011000000100000000000000000000000001000
06ac6393eee7a87a46f65b36cf9d1863821846f32cd08b7f9dd84710f2fa08a1,4,6,20301311,abundant,1.0,13.0,20264735,wa_mcbr,0000000000000000000000001000000001000000000010000000010000010011000000100100000000000010000000001100
06ac6393eee7a87a46f65b36cf9d1863821846f32cd08b7f9dd84710f2fa08a1,4,6,20301311,abundant,1.0,13.0,20264735,wa_mcbr_swap,0000000000000000000000001000000001000000000010000000010000010011000000100100000000000010000000001100
06ac6393eee7a87a46f65b36cf9d1863821846f32cd08b7f9dd84710f2fa08a1,4,6,20301311,abundant,1.0,13.0,20264735,capacity_greedy,0000000000000000000000001000000001000000000010000000010000010011000000100100000000000010000000001100
06ac6393eee7a87a46f65b36cf9d1863821846f32cd08b7f9dd84710f2fa08a1,4,6,20301311,abundant,1.0,13.0,20264735,lagrangian_relaxation,0000000000000000000000000000000001000000000011010000010000010011000000100100000000000010000000001100
06ac6393eee7a87a46f65b36cf9d1863821846f32cd08b7f9dd84710f2fa08a1,4,6,20301311,abundant,1.0,13.0,20264735,legacy_count_br,0000001011000010000000001110100001000000001000100000110100000010010000100100101000000011001000001110
06ac6393eee7a87a46f65b36cf9d1863821846f32cd08b7f9dd84710f2fa08a1,4,6,20301311,abundant,1.0,13.0,20264735,random_feasible,0001100000010000111010110000010000001100000111011001001101001001000110101100011100101101100110010001
06ac6393eee7a87a46f65b36cf9d1863821846f32cd08b7f9dd84710f2fa08a1,4,6,20301311,abundant,1.0,13.0,20264735,all_local,0000000000000000000000000000000000000000000000000000000000000000000000000000000000000000000000000000
06ac6393eee7a87a46f65b36cf9d1863821846f32cd08b7f9dd84710f2fa08a1,4,6,20301311,abundant,1.0,13.0,20264735,all_offload,1111111111111111111111111111111111111111111111111111111111111111111111111111111111111111111111111111
06ac6393eee7a87a46f65b36cf9d1863821846f32cd08b7f9dd84710f2fa08a1,4,6,20301311,abundant,1.0,13.0,20264735,qdp_oracle,0000000000000000000000001000000001000000000010000000010000010011000000100100000000000010000000001100
06ac6393eee7a87a46f65b36cf9d1863821846f32cd08b7f9dd84710f2fa08a1,4,6,20301311,moderate,0.6,5.0,20264735,wa_mcbr,0000000000000000000000001000000001000000000010000000010000010011000000100100000000000010000000001100
06ac6393eee7a87a46f65b36cf9d1863821846f32cd08b7f9dd84710f2fa08a1,4,6,20301311,moderate,0.6,5.0,20264735,wa_mcbr_swap,0000000000000000000000001000000001000000000010000000010000010011000000100100000000000010000000001100
06ac6393eee7a87a46f65b36cf9d1863821846f32cd08b7f9dd84710f2fa08a1,4,6,20301311,moderate,0.6,5.0,20264735,capacity_greedy,0000000000000000000000001000000001000000000010000000010000010011000000100100000000000010000000001100
06ac6393eee7a87a46f65b36cf9d1863821846f32cd08b7f9dd84710f2fa08a1,4,6,20301311,moderate,0.6,5.0,20264735,lagrangian_relaxation,0000000011000010000000001000000001010000000010100000010000010011010000100100000000000010000000001100
06ac6393eee7a87a46f65b36cf9d1863821846f32cd08b7f9dd84710f2fa08a1,4,6,20301311,moderate,0.6,5.0,20264735,legacy_count_br,0000001110000000100000001110100001000000100000000100010000000000010000100100001000000001000000001010
06ac6393eee7a87a46f65b36cf9d1863821846f32cd08b7f9dd84710f2fa08a1,4,6,20301311,moderate,0.6,5.0,20264735,random_feasible,0001100000000000100010000000010000001000000110000000000100000001000100101100001000000001000000000001
06ac6393eee7a87a46f65b36cf9d1863821846f32cd08b7f9dd84710f2fa08a1,4,6,20301311,moderate,0.6,5.0,20264735,all_local,0000000000000000000000000000000000000000000000000000000000000000000000000000000000000000000000000000
06ac6393eee7a87a46f65b36cf9d1863821846f32cd08b7f9dd84710f2fa08a1,4,6,20301311,moderate,0.6,5.0,20264735,all_offload,1111111111111111111111111111111111111111111111111111111111111111111111111111111111111111111111111111
06ac6393eee7a87a46f65b36cf9d1863821846f32cd08b7f9dd84710f2fa08a1,4,6,20301311,moderate,0.6,5.0,20264735,qdp_oracle,0000000000000000000000001000000001000000000010000000010000010011000000100100000000000010000000001100
06ac6393eee7a87a46f65b36cf9d1863821846f32cd08b7f9dd84710f2fa08a1,4,6,20301311,highly_constrained,0.3,2.0,20264735,wa_mcbr,0000000010000000000000001000100001000000000000000000010000000000000000000100000000000000000000001010
06ac6393eee7a87a46f65b36cf9d1863821846f32cd08b7f9dd84710f2fa08a1,4,6,20301311,highly_constrained,0.3,2.0,20264735,wa_mcbr_swap,0000000000000010000000001000000001000000000000000000010000000010000000100100000000000000000000001000
06ac6393eee7a87a46f65b36cf9d1863821846f32cd08b7f9dd84710f2fa08a1,4,6,20301311,highly_constrained,0.3,2.0,20264735,capacity_greedy,0000000000000000000000000000000001000000000010000000000000010001000000100000000000000000000000000100
06ac6393eee7a87a46f65b36cf9d1863821846f32cd08b7f9dd84710f2fa08a1,4,6,20301311,highly_constrained,0.3,2.0,20264735,lagrangian_relaxation,0000000000000000000000000000000001000000000010000000000000000010000000100100000000000000000000001100
06ac6393eee7a87a46f65b36cf9d1863821846f32cd08b7f9dd84710f2fa08a1,4,6,20301311,highly_constrained,0.3,2.0,20264735,legacy_count_br,0000000010000000000000001000100001000000000000000000010000000000000000000100000000000000000000001010
06ac6393eee7a87a46f65b36cf9d1863821846f32cd08b7f9dd84710f2fa08a1,4,6,20301311,highly_constrained,0.3,2.0,20264735,random_feasible,0000000000000000000000000000000000000000000010000000000000000001000000100100001000000001000000000000
06ac6393eee7a87a46f65b36cf9d1863821846f32cd08b7f9dd84710f2fa08a1,4,6,20301311,highly_constrained,0.3,2.0,20264735,all_local,0000000000000000000000000000000000000000000000000000000000000000000000000000000000000000000000000000
06ac6393eee7a87a46f65b36cf9d1863821846f32cd08b7f9dd84710f2fa08a1,4,6,20301311,highly_constrained,0.3,2.0,20264735,all_offload,1111111111111111111111111111111111111111111111111111111111111111111111111111111111111111111111111111
06ac6393eee7a87a46f65b36cf9d1863821846f32cd08b7f9dd84710f2fa08a1,4,6,20301311,highly_constrained,0.3,2.0,20264735,qdp_oracle,0000000000000000000000000000000001000000000010000000000000010010000000100000000000000000000000001000
06ac6393eee7a87a46f65b36cf9d1863821846f32cd08b7f9dd84710f2fa08a1,4,7,20301408,abundant,1.0,13.0,20264736,wa_mcbr,0000000001000000000000001000000001000000000001010000010000010010010000100100000000000010000000001000
06ac6393eee7a87a46f65b36cf9d1863821846f32cd08b7f9dd84710f2fa08a1,4,7,20301408,abundant,1.0,13.0,20264736,wa_mcbr_swap,0000000001000000000000001000000001000000000001010000010000010010010000101000000000000010000000001000
06ac6393eee7a87a46f65b36cf9d1863821846f32cd08b7f9dd84710f2fa08a1,4,7,20301408,abundant,1.0,13.0,20264736,capacity_greedy,0000000001000000000000001000000001000000000001010000010000010010010000101000000000000010000000001000
06ac6393eee7a87a46f65b36cf9d1863821846f32cd08b7f9dd84710f2fa08a1,4,7,20301408,abundant,1.0,13.0,20264736,lagrangian_relaxation,0000000000000000000000000000000001000000000001010000000000010010000000100100000000000010000000001000
06ac6393eee7a87a46f65b36cf9d1863821846f32cd08b7f9dd84710f2fa08a1,4,7,20301408,abundant,1.0,13.0,20264736,legacy_count_br,1000000011000010100000001101000001000000001100000010010000001010010000101001001000000011010000001011
06ac6393eee7a87a46f65b36cf9d1863821846f32cd08b7f9dd84710f2fa08a1,4,7,20301408,abundant,1.0,13.0,20264736,random_feasible,1100000101110100100100100010100001011010001000110010101001100110010011000100010011101001110100101011
06ac6393eee7a87a46f65b36cf9d1863821846f32cd08b7f9dd84710f2fa08a1,4,7,20301408,abundant,1.0,13.0,20264736,all_local,0000000000000000000000000000000000000000000000000000000000000000000000000000000000000000000000000000
06ac6393eee7a87a46f65b36cf9d1863821846f32cd08b7f9dd84710f2fa08a1,4,7,20301408,abundant,1.0,13.0,20264736,all_offload,1111111111111111111111111111111111111111111111111111111111111111111111111111111111111111111111111111
06ac6393eee7a87a46f65b36cf9d1863821846f32cd08b7f9dd84710f2fa08a1,4,7,20301408,abundant,1.0,13.0,20264736,qdp_oracle,0000000001000000000000001000000001000000000001010000010000010010010000101000000000000010000000001000
06ac6393eee7a87a46f65b36cf9d1863821846f32cd08b7f9dd84710f2fa08a1,4,7,20301408,moderate,0.6,5.0,20264736,wa_mcbr,0000000001000000000000001000000001000000000001010000010000010010010000100000000000000010000000001000
06ac6393eee7a87a46f65b36cf9d1863821846f32cd08b7f9dd84710f2fa08a1,4,7,20301408,moderate,0.6,5.0,20264736,wa_mcbr_swap,0000000001000000000000001000000001000000000001010000010000010010010000100000000000000010000000001000
06ac6393eee7a87a46f65b36cf9d1863821846f32cd08b7f9dd84710f2fa08a1,4,7,20301408,moderate,0.6,5.0,20264736,capacity_greedy,0000000001000000000000001000000001000000000001010000010000010010010000100000000000000010000000001000
06ac6393eee7a87a46f65b36cf9d1863821846f32cd08b7f9dd84710f2fa08a1,4,7,20301408,moderate,0.6,5.0,20264736,lagrangian_relaxation,0000000011000010100000001100000001000000001000000000010000000010010000101001000000000011010000001010
06ac6393eee7a87a46f65b36cf9d1863821846f32cd08b7f9dd84710f2fa08a1,4,7,20301408,moderate,0.6,5.0,20264736,legacy_count_br,0000000011000010100000010001000001000000000001010000110000000000010000001001000000000000011000001011
06ac6393eee7a87a46f65b36cf9d1863821846f32cd08b7f9dd84710f2fa08a1,4,7,20301408,moderate,0.6,5.0,20264736,random_feasible,1000000001010000100000000000000001001000001000010010100000000010010000000000010010000001010000001011
06ac6393eee7a87a46f65b36cf9d1863821846f32cd08b7f9dd84710f2fa08a1,4,7,20301408,moderate,0.6,5.0,20264736,all_local,0000000000000000000000000000000000000000000000000000000000000000000000000000000000000000000000000000
06ac6393eee7a87a46f65b36cf9d1863821846f32cd08b7f9dd84710f2fa08a1,4,7,20301408,moderate,0.6,5.0,20264736,all_offload,1111111111111111111111111111111111111111111111111111111111111111111111111111111111111111111111111111
06ac6393eee7a87a46f65b36cf9d1863821846f32cd08b7f9dd84710f2fa08a1,4,7,20301408,moderate,0.6,5.0,20264736,qdp_oracle,0000000001000000000000001000000001000000000001010000010000010010010000100000000000000010000000001000
06ac6393eee7a87a46f65b36cf9d1863821846f32cd08b7f9dd84710f2fa08a1,4,7,20301408,highly_constrained,0.3,2.0,20264736,wa_mcbr,0000000010000000000000000000000001000000000001010000010000000000010000000000000000000000000000001000
06ac6393eee7a87a46f65b36cf9d1863821846f32cd08b7f9dd84710f2fa08a1,4,7,20301408,highly_constrained,0.3,2.0,20264736,wa_mcbr_swap,0000000000000000000000000000000001000000000001010000010000000010000000100000000000000000000000001000
06ac6393eee7a87a46f65b36cf9d1863821846f32cd08b7f9dd84710f2fa08a1,4,7,20301408,highly_constrained,0.3,2.0,20264736,capacity_greedy,0000000000000000000000000000000001000000000001010000000000010000000000100000000000000010000000000000
06ac6393eee7a87a46f65b36cf9d1863821846f32cd08b7f9dd84710f2fa08a1,4,7,20301408,highly_constrained,0.3,2.0,20264736,lagrangian_relaxation,0000000000000000000000000000000001000000000000010000010000000010000000100000000000000010000000001000
06ac6393eee7a87a46f65b36cf9d1863821846f32cd08b7f9dd84710f2fa08a1,4,7,20301408,highly_constrained,0.3,2.0,20264736,legacy_count_br,0000000010000000000000000000000001000000000001010000010000000000010000000000000000000000000000001000
06ac6393eee7a87a46f65b36cf9d1863821846f32cd08b7f9dd84710f2fa08a1,4,7,20301408,highly_constrained,0.3,2.0,20264736,random_feasible,0000000001000000000000000000000001000000000000010000000000000010010000000000000000000001000000001010
06ac6393eee7a87a46f65b36cf9d1863821846f32cd08b7f9dd84710f2fa08a1,4,7,20301408,highly_constrained,0.3,2.0,20264736,all_local,0000000000000000000000000000000000000000000000000000000000000000000000000000000000000000000000000000
06ac6393eee7a87a46f65b36cf9d1863821846f32cd08b7f9dd84710f2fa08a1,4,7,20301408,highly_constrained,0.3,2.0,20264736,all_offload,1111111111111111111111111111111111111111111111111111111111111111111111111111111111111111111111111111
06ac6393eee7a87a46f65b36cf9d1863821846f32cd08b7f9dd84710f2fa08a1,4,7,20301408,highly_constrained,0.3,2.0,20264736,qdp_oracle,0000000000000000000000000000000001000000000000010000000000000010000000100000000000000010000000001000
06ac6393eee7a87a46f65b36cf9d1863821846f32cd08b7f9dd84710f2fa08a1,4,8,20301505,abundant,1.0,13.0,20264737,wa_mcbr,0000000010000000000000000000000000010000000001010000010000000011010000101100000000000000000000001100
06ac6393eee7a87a46f65b36cf9d1863821846f32cd08b7f9dd84710f2fa08a1,4,8,20301505,abundant,1.0,13.0,20264737,wa_mcbr_swap,0000000010000000000000000000000000010000000001010000010000000011010000101100000000000000000000001100
06ac6393eee7a87a46f65b36cf9d1863821846f32cd08b7f9dd84710f2fa08a1,4,8,20301505,abundant,1.0,13.0,20264737,capacity_greedy,0000000000000000000000000000000000010000000001010000010000010011010000100100000000000000000000001100
06ac6393eee7a87a46f65b36cf9d1863821846f32cd08b7f9dd84710f2fa08a1,4,8,20301505,abundant,1.0,13.0,20264737,lagrangian_relaxation,0000000010000000000000000000000000000000000001010000010000010011010000100100000000000000000000001100
06ac6393eee7a87a46f65b36cf9d1863821846f32cd08b7f9dd84710f2fa08a1,4,8,20301505,abundant,1.0,13.0,20264737,legacy_count_br,0000100010000010100000000100101000010000100101010110010000001010010000001100001000000001000000001011
06ac6393eee7a87a46f65b36cf9d1863821846f32cd08b7f9dd84710f2fa08a1,4,8,20301505,abundant,1.0,13.0,20264737,random_feasible,1000000011010111000100011001100100011101011001000100011011100001011001001001010000101100101010010110
06ac6393eee7a87a46f65b36cf9d1863821846f32cd08b7f9dd84710f2fa08a1,4,8,20301505,abundant,1.0,13.0,20264737,all_local,0000000000000000000000000000000000000000000000000000000000000000000000000000000000000000000000000000
06ac6393eee7a87a46f65b36cf9d1863821846f32cd08b7f9dd84710f2fa08a1,4,8,20301505,abundant,1.0,13.0,20264737,all_offload,1111111111111111111111111111111111111111111111111111111111111111111111111111111111111111111111111111
06ac6393eee7a87a46f65b36cf9d1863821846f32cd08b7f9dd84710f2fa08a1,4,8,20301505,abundant,1.0,13.0,20264737,qdp_oracle,0000000010000000000000000000000000010000000001010000010000000011010000101100000000000000000000001100
06ac6393eee7a87a46f65b36cf9d1863821846f32cd08b7f9dd84710f2fa08a1,4,8,20301505,moderate,0.6,5.0,20264737,wa_mcbr,0000000000000000000000000000000000010000000001010000010000000011010000100100000000000000000000001100
06ac6393eee7a87a46f65b36cf9d1863821846f32cd08b7f9dd84710f2fa08a1,4,8,20301505,moderate,0.6,5.0,20264737,wa_mcbr_swap,0000000000000000000000000000000000010000000001010000010000000011010000100100000000000000000000001100
06ac6393eee7a87a46f65b36cf9d1863821846f32cd08b7f9dd84710f2fa08a1,4,8,20301505,moderate,0.6,5.0,20264737,capacity_greedy,0000000000000000000000000000000000010000000001010000010000010011000000100100000000000000000000001100
06ac6393eee7a87a46f65b36cf9d1863821846f32cd08b7f9dd84710f2fa08a1,4,8,20301505,moderate,0.6,5.0,20264737,lagrangian_relaxation,0000000010000010000000000000000000010000000001010000010000010011010000101100000000000000000000001100
06ac6393eee7a87a46f65b36cf9d1863821846f32cd08b7f9dd84710f2fa08a1,4,8,20301505,moderate,0.6,5.0,20264737,legacy_count_br,0000100010000010100000010000101000010000100000010010000000000010010010001001001000000000000000000111
06ac6393eee7a87a46f65b36cf9d1863821846f32cd08b7f9dd84710f2fa08a1,4,8,20301505,moderate,0.6,5.0,20264737,random_feasible,0000000010000011000000010001100000010000001001000100010000000001010000001001000000000000001000000110
06ac6393eee7a87a46f65b36cf9d1863821846f32cd08b7f9dd84710f2fa08a1,4,8,20301505,moderate,0.6,5.0,20264737,all_local,0000000000000000000000000000000000000000000000000000000000000000000000000000000000000000000000000000
06ac6393eee7a87a46f65b36cf9d1863821846f32cd08b7f9dd84710f2fa08a1,4,8,20301505,moderate,0.6,5.0,20264737,all_offload,1111111111111111111111111111111111111111111111111111111111111111111111111111111111111111111111111111
06ac6393eee7a87a46f65b36cf9d1863821846f32cd08b7f9dd84710f2fa08a1,4,8,20301505,moderate,0.6,5.0,20264737,qdp_oracle,0000000000000000000000000000000000010000000001010000010000000011010000100100000000000000000000001100
06ac6393eee7a87a46f65b36cf9d1863821846f32cd08b7f9dd84710f2fa08a1,4,8,20301505,highly_constrained,0.3,2.0,20264737,wa_mcbr,0000100010000000100000000000000000010000000000010000000000000010010000000000000000000000000000000010
06ac6393eee7a87a46f65b36cf9d1863821846f32cd08b7f9dd84710f2fa08a1,4,8,20301505,highly_constrained,0.3,2.0,20264737,wa_mcbr_swap,0000000010000000000000000000000000010000000000010000010000000011010000000000000000000000000000001000
06ac6393eee7a87a46f65b36cf9d1863821846f32cd08b7f9dd84710f2fa08a1,4,8,20301505,highly_constrained,0.3,2.0,20264737,capacity_greedy,0000000000000000000000000000000000000000000001010000000000010011000000000100000000000000000000000000
06ac6393eee7a87a46f65b36cf9d1863821846f32cd08b7f9dd84710f2fa08a1,4,8,20301505,highly_constrained,0.3,2.0,20264737,lagrangian_relaxation,0000000000000000000000000000000000000000000001010000000000000011000000000100000000000000000000001000
06ac6393eee7a87a46f65b36cf9d1863821846f32cd08b7f9dd84710f2fa08a1,4,8,20301505,highly_constrained,0.3,2.0,20264737,legacy_count_br,0000100010000000100000000000000000010000000000010000000000000010010000000000000000000000000000000010
06ac6393eee7a87a46f65b36cf9d1863821846f32cd08b7f9dd84710f2fa08a1,4,8,20301505,highly_constrained,0.3,2.0,20264737,random_feasible,0000000010000000000000000000000000010000000001000000010000000001010000000000000000000000000000000100
06ac6393eee7a87a46f65b36cf9d1863821846f32cd08b7f9dd84710f2fa08a1,4,8,20301505,highly_constrained,0.3,2.0,20264737,all_local,0000000000000000000000000000000000000000000000000000000000000000000000000000000000000000000000000000
06ac6393eee7a87a46f65b36cf9d1863821846f32cd08b7f9dd84710f2fa08a1,4,8,20301505,highly_constrained,0.3,2.0,20264737,all_offload,1111111111111111111111111111111111111111111111111111111111111111111111111111111111111111111111111111
06ac6393eee7a87a46f65b36cf9d1863821846f32cd08b7f9dd84710f2fa08a1,4,8,20301505,highly_constrained,0.3,2.0,20264737,qdp_oracle,0000000000000000000000000000000000000000000001010000000000010011000000000000000000000000000000000000
06ac6393eee7a87a46f65b36cf9d1863821846f32cd08b7f9dd84710f2fa08a1,4,9,20301602,abundant,1.0,13.0,20264738,wa_mcbr,0000000001000010000000001000000000000000000000000000010000010010010000101100000000000010000000001100
06ac6393eee7a87a46f65b36cf9d1863821846f32cd08b7f9dd84710f2fa08a1,4,9,20301602,abundant,1.0,13.0,20264738,wa_mcbr_swap,0000000011000010000000001000000000000000000000000000010000000010010000101100000000000010000000001100
06ac6393eee7a87a46f65b36cf9d1863821846f32cd08b7f9dd84710f2fa08a1,4,9,20301602,abundant,1.0,13.0,20264738,capacity_greedy,0000000000000000000000000000000000000000000000010000010000010010010000101100000000000010000000001100
06ac6393eee7a87a46f65b36cf9d1863821846f32cd08b7f9dd84710f2fa08a1,4,9,20301602,abundant,1.0,13.0,20264738,lagrangian_relaxation,0000000000000000000000000000000000000000000000010000000000010010000000100100000000000000000000001100
06ac6393eee7a87a46f65b36cf9d1863821846f32cd08b7f9dd84710f2fa08a1,4,9,20301602,abundant,1.0,13.0,20264738,legacy_count_br,0000001011000010000000011001100010000000001000100100010000001010010000101000001000000001001100001011
06ac6393eee7a87a46f65b36cf9d1863821846f32cd08b7f9dd84710f2fa08a1,4,9,20301602,abundant,1.0,13.0,20264738,random_feasible,1000010010010001000000100101100011000001100101110001111010010100001101110010101100010111111101001101
06ac6393eee7a87a46f65b36cf9d1863821846f32cd08b7f9dd84710f2fa08a1,4,9,20301602,abundant,1.0,13.0,20264738,all_local,0000000000000000000000000000000000000000000000000000000000000000000000000000000000000000000000000000
06ac6393eee7a87a46f65b36cf9d1863821846f32cd08b7f9dd84710f2fa08a1,4,9,20301602,abundant,1.0,13.0,20264738,all_offload,1111111111111111111111111111111111111111111111111111111111111111111111111111111111111111111111111111
06ac6393eee7a87a46f65b36cf9d1863821846f32cd08b7f9dd84710f2fa08a1,4,9,20301602,abundant,1.0,13.0,20264738,qdp_oracle,0000000011000010000000001000000000000000000000000000010000000010010000101100000000000011000000001100
06ac6393eee7a87a46f65b36cf9d1863821846f32cd08b7f9dd84710f2fa08a1,4,9,20301602,moderate,0.6,5.0,20264738,wa_mcbr,0000000011000010000000001000000000000000000000000000010000000010010000101100000000000010000000001100
06ac6393eee7a87a46f65b36cf9d1863821846f32cd08b7f9dd84710f2fa08a1,4,9,20301602,moderate,0.6,5.0,20264738,wa_mcbr_swap,0000000011000010000000001000000000000000000000000000010000000010010000101100000000000010000000001100
06ac6393eee7a87a46f65b36cf9d1863821846f32cd08b7f9dd84710f2fa08a1,4,9,20301602,moderate,0.6,5.0,20264738,capacity_greedy,0000000000000000000000000000000000000000000000010000010000010010010000100100000000000010000000001100
06ac6393eee7a87a46f65b36cf9d1863821846f32cd08b7f9dd84710f2fa08a1,4,9,20301602,moderate,0.6,5.0,20264738,lagrangian_relaxation,0000001011000010000000001001100010000000001000100100010000000010010000101000001000000001000000001010
06ac6393eee7a87a46f65b36cf9d1863821846f32cd08b7f9dd84710f2fa08a1,4,9,20301602,moderate,0.6,5.0,20264738,legacy_count_br,0000000011000010000000001001000010000000001100000100010000001000000010100010000100000000000100001110
06ac6393eee7a87a46f65b36cf9d1863821846f32cd08b7f9dd84710f2fa08a1,4,9,20301602,moderate,0.6,5.0,20264738,random_feasible,0000000010000000000000000001100010000000000100100000010000000000000000100010001100000011001100001101
06ac6393eee7a87a46f65b36cf9d1863821846f32cd08b7f9dd84710f2fa08a1,4,9,20301602,moderate,0.6,5.0,20264738,all_local,0000000000000000000000000000000000000000000000000000000000000000000000000000000000000000000000000000
06ac6393eee7a87a46f65b36cf9d1863821846f32cd08b7f9dd84710f2fa08a1,4,9,20301602,moderate,0.6,5.0,20264738,all_offload,1111111111111111111111111111111111111111111111111111111111111111111111111111111111111111111111111111
06ac6393eee7a87a46f65b36cf9d1863821846f32cd08b7f9dd84710f2fa08a1,4,9,20301602,moderate,0.6,5.0,20264738,qdp_oracle,0000000000000000000000001000000000000000000000000000010000010010010000101100000000000010000000001100
06ac6393eee7a87a46f65b36cf9d1863821846f32cd08b7f9dd84710f2fa08a1,4,9,20301602,highly_constrained,0.3,2.0,20264738,wa_mcbr,0000000010000010000000001000000000000000000000000000010000000000000010100000000000000000000000001100
06ac6393eee7a87a46f65b36cf9d1863821846f32cd08b7f9dd84710f2fa08a1,4,9,20301602,highly_constrained,0.3,2.0,20264738,wa_mcbr_swap,0000000000000010000000000000000000000000000000000000010000000010010000101000000000000000000000001100
06ac6393eee7a87a46f65b36cf9d1863821846f32cd08b7f9dd84710f2fa08a1,4,9,20301602,highly_constrained,0.3,2.0,20264738,capacity_greedy,0000000000000000000000000000000000000000000000010000000000010010000000100100000000000000000000000100
06ac6393eee7a87a46f65b36cf9d1863821846f32cd08b7f9dd84710f2fa08a1,4,9,20301602,highly_constrained,0.3,2.0,20264738,lagrangian_relaxation,0000000000000000000000000000000000000000000000000000010000010010000000100100000000000000000000001100
06ac6393eee7a87a46f65b36cf9d1863821846f32cd08b7f9dd84710f2fa08a1,4,9,20301602,highly_constrained,0.3,2.0,20264738,legacy_count_br,0000000010000010000000001000000010000000000000000000010000000000000000100000000000000000000000001100
06ac6393eee7a87a46f65b36cf9d1863821846f32cd08b7f9dd84710f2fa08a1,4,9,20301602,highly_constrained,0.3,2.0,20264738,random_feasible,0000000010000000000000000000000000000000000000100000010000000000000000100000000000000010000000001100
06ac6393eee7a87a46f65b36cf9d1863821846f32cd08b7f9dd84710f2fa08a1,4,9,20301602,highly_constrained,0.3,2.0,20264738,all_local,0000000000000000000000000000000000000000000000000000000000000000000000000000000000000000000000000000
06ac6393eee7a87a46f65b36cf9d1863821846f32cd08b7f9dd84710f2fa08a1,4,9,20301602,highly_constrained,0.3,2.0,20264738,all_offload,1111111111111111111111111111111111111111111111111111111111111111111111111111111111111111111111111111
06ac6393eee7a87a46f65b36cf9d1863821846f32cd08b7f9dd84710f2fa08a1,4,9,20301602,highly_constrained,0.3,2.0,20264738,qdp_oracle,0000000000000000000000000000000000000000000000000000010000010010000000100000000000000000000000001100
06ac6393eee7a87a46f65b36cf9d1863821846f32cd08b7f9dd84710f2fa08a1,5,0,20310729,abundant,1.0,13.0,20265729,wa_mcbr,0000010010101001000010000010100000000000000000000000001000110000000000000000011010110000110000011000
06ac6393eee7a87a46f65b36cf9d1863821846f32cd08b7f9dd84710f2fa08a1,5,0,20310729,abundant,1.0,13.0,20265729,wa_mcbr_swap,0000010010101001000010000010100000000000000000000000001000110000000000000000011010110000110000011000
06ac6393eee7a87a46f65b36cf9d1863821846f32cd08b7f9dd84710f2fa08a1,5,0,20310729,abundant,1.0,13.0,20265729,capacity_greedy,0000010010101001000010000010100000000000000000000000001000110000000000000000011010110000110000011000
06ac6393eee7a87a46f65b36cf9d1863821846f32cd08b7f9dd84710f2fa08a1,5,0,20310729,abundant,1.0,13.0,20265729,lagrangian_relaxation,0010010010000001000010000010100000000000000000000000001000111000000000000000011010110000110000011000
06ac6393eee7a87a46f65b36cf9d1863821846f32cd08b7f9dd84710f2fa08a1,5,0,20310729,abundant,1.0,13.0,20265729,legacy_count_br,1000010010101011000110010010100000000000000010001000101000110000000000000000011010110001110001011001
06ac6393eee7a87a46f65b36cf9d1863821846f32cd08b7f9dd84710f2fa08a1,5,0,20310729,abundant,1.0,13.0,20265729,random_feasible,0101011010000011100110100000100011010011100101000110011111110001001100111101100100001001111101110001
06ac6393eee7a87a46f65b36cf9d1863821846f32cd08b7f9dd84710f2fa08a1,5,0,20310729,abundant,1.0,13.0,20265729,all_local,0000000000000000000000000000000000000000000000000000000000000000000000000000000000000000000000000000
06ac6393eee7a87a46f65b36cf9d1863821846f32cd08b7f9dd84710f2fa08a1,5,0,20310729,abundant,1.0,13.0,20265729,all_offload,1111111111111111111111111111111111111111111111111111111111111111111111111111111111111111111111111111
06ac6393eee7a87a46f65b36cf9d1863821846f32cd08b7f9dd84710f2fa08a1,5,0,20310729,abundant,1.0,13.0,20265729,qdp_oracle,0000010010100011000010000010100000000000000000000000001000110000000000000000011010110000110000011000
06ac6393eee7a87a46f65b36cf9d1863821846f32cd08b7f9dd84710f2fa08a1,5,0,20310729,moderate,0.6,5.0,20265729,wa_mcbr,0000010010100001000010000010100000000000000000000000001000110000000000000000011010110000110000010000
06ac6393eee7a87a46f65b36cf9d1863821846f32cd08b7f9dd84710f2fa08a1,5,0,20310729,moderate,0.6,5.0,20265729,wa_mcbr_swap,0000010010100001000010000010100000000000000000000000001000110000000000000000011010110000110000010000
06ac6393eee7a87a46f65b36cf9d1863821846f32cd08b7f9dd84710f2fa08a1,5,0,20310729,moderate,0.6,5.0,20265729,capacity_greedy,0000010010100001000010000010100000000000000000000000001000110000000000000000011010110000110000010000
06ac6393eee7a87a46f65b36cf9d1863821846f32cd08b7f9dd84710f2fa08a1,5,0,20310729,moderate,0.6,5.0,20265729,lagrangian_relaxation,0000010010100011000010000010100000000000000000000000001000110000000000000000011010110000110001011000
06ac6393eee7a87a46f65b36cf9d1863821846f32cd08b7f9dd84710f2fa08a1,5,0,20310729,moderate,0.6,5.0,20265729,legacy_count_br,1000010010001001000110010000100000000000000000001010001000110000000000000000010100000001100000010001
06ac6393eee7a87a46f65b36cf9d1863821846f32cd08b7f9dd84710f2fa08a1,5,0,20310729,moderate,0.6,5.0,20265729,random_feasible,0000010010000011100110100000100000000000000000000010001000110000000000000000100100000001110001010001
06ac6393eee7a87a46f65b36cf9d1863821846f32cd08b7f9dd84710f2fa08a1,5,0,20310729,moderate,0.6,5.0,20265729,all_local,0000000000000000000000000000000000000000000000000000000000000000000000000000000000000000000000000000
06ac6393eee7a87a46f65b36cf9d1863821846f32cd08b7f9dd84710f2fa08a1,5,0,20310729,moderate,0.6,5.0,20265729,all_offload,1111111111111111111111111111111111111111111111111111111111111111111111111111111111111111111111111111
06ac6393eee7a87a46f65b36cf9d1863821846f32cd08b7f9dd84710f2fa08a1,5,0,20310729,moderate,0.6,5.0,20265729,qdp_oracle,0000010010100001000010000010100000000000000000000000000000110000000000000000011010110000110000010000
06ac6393eee7a87a46f65b36cf9d1863821846f32cd08b7f9dd84710f2fa08a1,5,0,20310729,highly_constrained,0.3,2.0,20265729,wa_mcbr,0000000000000000000010000000100000000000000000000000001000110000000000000000010000000000100000010000
06ac6393eee7a87a46f65b36cf9d1863821846f32cd08b7f9dd84710f2fa08a1,5,0,20310729,highly_constrained,0.3,2.0,20265729,wa_mcbr_swap,0000000000000000000010000000000000000000000000000000000000110000000000000000001010010000100000010000
06ac6393eee7a87a46f65b36cf9d1863821846f32cd08b7f9dd84710f2fa08a1,5,0,20310729,highly_constrained,0.3,2.0,20265729,capacity_greedy,0000000000000000000010000000000000000000000000000000000000110000000000000000001010010000100000010000
06ac6393eee7a87a46f65b36cf9d1863821846f32cd08b7f9dd84710f2fa08a1,5,0,20310729,highly_constrained,0.3,2.0,20265729,lagrangian_relaxation,0000000000000000000000000000000000000000000000000000000000110000000000000000001010010000110000010000
06ac6393eee7a87a46f65b36cf9d1863821846f32cd08b7f9dd84710f2fa08a1,5,0,20310729,highly_constrained,0.3,2.0,20265729,legacy_count_br,0000000000000000000010000000100000000000000000000000001000110000000000000000010000000000100000010000
06ac6393eee7a87a46f65b36cf9d1863821846f32cd08b7f9dd84710f2fa08a1,5,0,20310729,highly_constrained,0.3,2.0,20265729,random_feasible,0000000000000001000010000000100000000000000000000000000000110000000000000000000000000000110000010000
06ac6393eee7a87a46f65b36cf9d1863821846f32cd08b7f9dd84710f2fa08a1,5,0,20310729,highly_constrained,0.3,2.0,20265729,all_local,0000000000000000000000000000000000000000000000000000000000000000000000000000000000000000000000000000
06ac6393eee7a87a46f65b36cf9d1863821846f32cd08b7f9dd84710f2fa08a1,5,0,20310729,highly_constrained,0.3,2.0,20265729,all_offload,1111111111111111111111111111111111111111111111111111111111111111111111111111111111111111111111111111
06ac6393eee7a87a46f65b36cf9d1863821846f32cd08b7f9dd84710f2fa08a1,5,0,20310729,highly_constrained,0.3,2.0,20265729,qdp_oracle,0000000000000000000000000000000000000000000000000000000000100000000000000000001010010000110000010000
06ac6393eee7a87a46f65b36cf9d1863821846f32cd08b7f9dd84710f2fa08a1,5,1,20310826,abundant,1.0,13.0,20265730,wa_mcbr,0000010010000001000010000010100000000000000000000000001001110000000000000000011010110000110000011000
06ac6393eee7a87a46f65b36cf9d1863821846f32cd08b7f9dd84710f2fa08a1,5,1,20310826,abundant,1.0,13.0,20265730,wa_mcbr_swap,0000010010000001000010000010100000000000000000000000001001110000000000000000011010110000110000011000
06ac6393eee7a87a46f65b36cf9d1863821846f32cd08b7f9dd84710f2fa08a1,5,1,20310826,abundant,1.0,13.0,20265730,capacity_greedy,0000010010000001000010000010100000000000000000000000001001110000000000000000011010110000110000011000
06ac6393eee7a87a46f65b36cf9d1863821846f32cd08b7f9dd84710f2fa08a1,5,1,20310826,abundant,1.0,13.0,20265730,lagrangian_relaxation,0000010010000001000010000010100000000000000000000000001001110100000000000000011010110000110000011000
06ac6393eee7a87a46f65b36cf9d1863821846f32cd08b7f9dd84710f2fa08a1,5,1,20310826,abundant,1.0,13.0,20265730,legacy_count_br,1100010010001111001110100010100000000000000000010000001001110000000000000000011110110000110101001000
06ac6393eee7a87a46f65b36cf9d1863821846f32cd08b7f9dd84710f2fa08a1,5,1,20310826,abundant,1.0,13.0,20265730,random_feasible,1101000100011001100101101011100011010110011111011010110011101110111000010000101000000100010000010100
06ac6393eee7a87a46f65b36cf9d1863821846f32cd08b7f9dd84710f2fa08a1,5,1,20310826,abundant,1.0,13.0,20265730,all_local,0000000000000000000000000000000000000000000000000000000000000000000000000000000000000000000000000000
06ac6393eee7a87a46f65b36cf9d1863821846f32cd08b7f9dd84710f2fa08a1,5,1,20310826,abundant,1.0,13.0,20265730,all_offload,1111111111111111111111111111111111111111111111111111111111111111111111111111111111111111111111111111
06ac6393eee7a87a46f65b36cf9d1863821846f32cd08b7f9dd84710f2fa08a1,5,1,20310826,abundant,1.0,13.0,20265730,qdp_oracle,0000010010000001000010000010100000000000000000000000001001110000000000000000011010110000110000011000
06ac6393eee7a87a46f65b36cf9d1863821846f32cd08b7f9dd84710f2fa08a1,5,1,20310826,moderate,0.6,5.0,20265730,wa_mcbr,0000010010000001000010000010100000000000000000000000001000110000000000000000011010110000110000011000
06ac6393eee7a87a46f65b36cf9d1863821846f32cd08b7f9dd84710f2fa08a1,5,1,20310826,moderate,0.6,5.0,20265730,wa_mcbr_swap,0000010010000001000010000010100000000000000000000000001000110000000000000000011010110000110000011000
06ac6393eee7a87a46f65b36cf9d1863821846f32cd08b7f9dd84710f2fa08a1,5,1,20310826,moderate,0.6,5.0,20265730,capacity_greedy,0000010010000001000010000010100000000000000000000000001000110000000000000000011010110000110000011000
06ac6393eee7a87a46f65b36cf9d1863821846f32cd08b7f9dd84710f2fa08a1,5,1,20310826,moderate,0.6,5.0,20265730,lagrangian_relaxation,0000010010000001000010000010100000000000000000000000001001110100000000000000011010110000110000011000
06ac6393eee7a87a46f65b36cf9d1863821846f32cd08b7f9dd84710f2fa08a1,5,1,20310826,moderate,0.6,5.0,20265730,legacy_count_br,0100010001001001001010100000100000000000000000001000001000000000000000001000001110011000000101010000
06ac6393eee7a87a46f65b36cf9d1863821846f32cd08b7f9dd84710f2fa08a1,5,1,20310826,moderate,0.6,5.0,20265730,random_feasible,1101000000001001000100100010100000000000000010011010000001100100000000000000001000000000010000010000
06ac6393eee7a87a46f65b36cf9d1863821846f32cd08b7f9dd84710f2fa08a1,5,1,20310826,moderate,0.6,5.0,20265730,all_local,0000000000000000000000000000000000000000000000000000000000000000000000000000000000000000000000000000
06ac6393eee7a87a46f65b36cf9d1863821846f32cd08b7f9dd84710f2fa08a1,5,1,20310826,moderate,0.6,5.0,20265730,all_offload,1111111111111111111111111111111111111111111111111111111111111111111111111111111111111111111111111111
06ac6393eee7a87a46f65b36cf9d1863821846f32cd08b7f9dd84710f2fa08a1,5,1,20310826,moderate,0.6,5.0,20265730,qdp_oracle,0000010010000001000010000010100000000000000000000000000000110000000000000000011010110000110000011000
06ac6393eee7a87a46f65b36cf9d1863821846f32cd08b7f9dd84710f2fa08a1,5,1,20310826,highly_constrained,0.3,2.0,20265730,wa_mcbr,0000010000000001000010000000000000000000000000000000001000000000000000000000001010010000000000010000
06ac6393eee7a87a46f65b36cf9d1863821846f32cd08b7f9dd84710f2fa08a1,5,1,20310826,highly_constrained,0.3,2.0,20265730,wa_mcbr_swap,0000000000000000000010000000000000000000000000000000000000100000000000000000001010010000110000010000
06ac6393eee7a87a46f65b36cf9d1863821846f32cd08b7f9dd84710f2fa08a1,5,1,20310826,highly_constrained,0.3,2.0,20265730,capacity_greedy,0000000000000000000010000000000000000000000000000000000000100000000000000000001010010000110000010000
06ac6393eee7a87a46f65b36cf9d1863821846f32cd08b7f9dd84710f2fa08a1,5,1,20310826,highly_constrained,0.3,2.0,20265730,lagrangian_relaxation,0000000000000000000000000000000000000000000000000000000000100000000000000000001010110000110000011000
06ac6393eee7a87a46f65b36cf9d1863821846f32cd08b7f9dd84710f2fa08a1,5,1,20310826,highly_constrained,0.3,2.0,20265730,legacy_count_br,0000010000000001000010000000000000000000000000000000001000000000000000000000001010010000000000010000
06ac6393eee7a87a46f65b36cf9d1863821846f32cd08b7f9dd84710f2fa08a1,5,1,20310826,highly_constrained,0.3,2.0,20265730,random_feasible,0000000000000001000000000010100000000000000000000000000001100000000000000000001000000000010000010000
06ac6393eee7a87a46f65b36cf9d1863821846f32cd08b7f9dd84710f2fa08a1,5,1,20310826,highly_constrained,0.3,2.0,20265730,all_local,0000000000000000000000000000000000000000000000000000000000000000000000000000000000000000000000000000
06ac6393eee7a87a46f65b36cf9d1863821846f32cd08b7f9dd84710f2fa08a1,5,1,20310826,highly_constrained,0.3,2.0,20265730,all_offload,1111111111111111111111111111111111111111111111111111111111111111111111111111111111111111111111111111
06ac6393eee7a87a46f65b36cf9d1863821846f32cd08b7f9dd84710f2fa08a1,5,1,20310826,highly_constrained,0.3,2.0,20265730,qdp_oracle,0000000000000000000000000000000000000000000000000000000000100000000000000000001010110000110000001000
06ac6393eee7a87a46f65b36cf9d1863821846f32cd08b7f9dd84710f2fa08a1,5,2,20310923,abundant,1.0,13.0,20265731,wa_mcbr,1000000000100001000010000010100000000000000010000000001001110000000000001000011100110000110000001000
06ac6393eee7a87a46f65b36cf9d1863821846f32cd08b7f9dd84710f2fa08a1,5,2,20310923,abundant,1.0,13.0,20265731,wa_mcbr_swap,1000000000100001000010000010100000000000000010000000001001110000000000001000011100110000110000001000
06ac6393eee7a87a46f65b36cf9d1863821846f32cd08b7f9dd84710f2fa08a1,5,2,20310923,abundant,1.0,13.0,20265731,capacity_greedy,1000000000100001000010000010100000000000000010000000001001110000000000001000011100110000110000001000
06ac6393eee7a87a46f65b36cf9d1863821846f32cd08b7f9dd84710f2fa08a1,5,2,20310923,abundant,1.0,13.0,20265731,lagrangian_relaxation,0000010000000001000010000010100000000000000000000000001001110001000000000000011000110000110000001000
06ac6393eee7a87a46f65b36cf9d1863821846f32cd08b7f9dd84710f2fa08a1,5,2,20310923,abundant,1.0,13.0,20265731,legacy_count_br,1101000001100101000010100010100000000000000010011000001001110000000001001010011100110000110001001000
06ac6393eee7a87a46f65b36cf9d1863821846f32cd08b7f9dd84710f2fa08a1,5,2,20310923,abundant,1.0,13.0,20265731,random_feasible,0101000101100000011011110111001100100100101111001101011011101110100010010010100101000000011111011010
06ac6393eee7a87a46f65b36cf9d1863821846f32cd08b7f9dd84710f2fa08a1,5,2,20310923,abundant,1.0,13.0,20265731,all_local,0000000000000000000000000000000000000000000000000000000000000000000000000000000000000000000000000000
06ac6393eee7a87a46f65b36cf9d1863821846f32cd08b7f9dd84710f2fa08a1,5,2,20310923,abundant,1.0,13.0,20265731,all_offload,1111111111111111111111111111111111111111111111111111111111111111111111111111111111111111111111111111
06ac6393eee7a87a46f65b36cf9d1863821846f32cd08b7f9dd84710f2fa08a1,5,2,20310923,abundant,1.0,13.0,20265731,qdp_oracle,1000000000100001000010000010100000000000000010000000001001110000000000001000011100110000110000001000
06ac6393eee7a87a46f65b36cf9d1863821846f32cd08b7f9dd84710f2fa08a1,5,2,20310923,moderate,0.6,5.0,20265731,wa_mcbr,0000000000100001000010000010100000000000000010000000001001110000000000001000011000110000110000001000
06ac6393eee7a87a46f65b36cf9d1863821846f32cd08b7f9dd84710f2fa08a1,5,2,20310923,moderate,0.6,5.0,20265731,wa_mcbr_swap,0000000000100001000010000010100000000000000000000000001001110000000000001000011100110000110000001000
06ac6393eee7a87a46f65b36cf9d1863821846f32cd08b7f9dd84710f2fa08a1,5,2,20310923,moderate,0.6,5.0,20265731,capacity_greedy,0000000000100001000010000010100000000000000000000000001001110000000000001000011100110000110000001000
06ac6393eee7a87a46f65b36cf9d1863821846f32cd08b7f9dd84710f2fa08a1,5,2,20310923,moderate,0.6,5.0,20265731,lagrangian_relaxation,1000000000100001000010000010100000000000000010000000001001110000000000001000011100110000110001001000
06ac6393eee7a87a46f65b36cf9d1863821846f32cd08b7f9dd84710f2fa08a1,5,2,20310923,moderate,0.6,5.0,20265731,legacy_count_br,1101110000000101001010100000000000000000000000000000000001110000000000000010111100100000010000001000
06ac6393eee7a87a46f65b36cf9d1863821846f32cd08b7f9dd84710f2fa08a1,5,2,20310923,moderate,0.6,5.0,20265731,random_feasible,0101000001100000001011100010000000000000000010001000001001100000000000000010100101000000010001001000
06ac6393eee7a87a46f65b36cf9d1863821846f32cd08b7f9dd84710f2fa08a1,5,2,20310923,moderate,0.6,5.0,20265731,all_local,0000000000000000000000000000000000000000000000000000000000000000000000000000000000000000000000000000
06ac6393eee7a87a46f65b36cf9d1863821846f32cd08b7f9dd84710f2fa08a1,5,2,20310923,moderate,0.6,5.0,20265731,all_offload,1111111111111111111111111111111111111111111111111111111111111111111111111111111111111111111111111111
06ac6393eee7a87a46f65b36cf9d1863821846f32cd08b7f9dd84710f2fa08a1,5,2,20310923,moderate,0.6,5.0,20265731,qdp_oracle,0000000000100001000010000010100000000000000000000000001001110000000000001000011100110000110000001000
06ac6393eee7a87a46f65b36cf9d1863821846f32cd08b7f9dd84710f2fa08a1,5,2,20310923,highly_constrained,0.3,2.0,20265731,wa_mcbr,1000010000000000000000000000000000000000000000000000000001110000000000000010000100100000000000001000
06ac6393eee7a87a46f65b36cf9d1863821846f32cd08b7f9dd84710f2fa08a1,5,2,20310923,highly_constrained,0.3,2.0,20265731,wa_mcbr_swap,0000000000000000000010000000000000000000000000000000000000110000000000000000001000110000110000001000
06ac6393eee7a87a46f65b36cf9d1863821846f32cd08b7f9dd84710f2fa08a1,5,2,20310923,highly_constrained,0.3,2.0,20265731,capacity_greedy,0000000000000000000010000000000000000000000000000000000000110000000000000000001000110000110000001000
06ac6393eee7a87a46f65b36cf9d1863821846f32cd08b7f9dd84710f2fa08a1,5,2,20310923,highly_constrained,0.3,2.0,20265731,lagrangian_relaxation,0000000000000000000010000000000000000000000000000000000000110000000000000000001000110000110000001000
06ac6393eee7a87a46f65b36cf9d1863821846f32cd08b7f9dd84710f2fa08a1,5,2,20310923,highly_constrained,0.3,2.0,20265731,legacy_count_br,1000010000000000000000000000000000000000000000000000000001110000000000000010000100100000000000001000
06ac6393eee7a87a46f65b36cf9d1863821846f32cd08b7f9dd84710f2fa08a1,5,2,20310923,highly_constrained,0.3,2.0,20265731,random_feasible,0000000000100000000010000010000000000000000000000000001001100000000000000000000100000000010000001000
06ac6393eee7a87a46f65b36cf9d1863821846f32cd08b7f9dd84710f2fa08a1,5,2,20310923,highly_constrained,0.3,2.0,20265731,all_local,0000000000000000000000000000000000000000000000000000000000000000000000000000000000000000000000000000
06ac6393eee7a87a46f65b36cf9d1863821846f32cd08b7f9dd84710f2fa08a1,5,2,20310923,highly_constrained,0.3,2.0,20265731,all_offload,1111111111111111111111111111111111111111111111111111111111111111111111111111111111111111111111111111
06ac6393eee7a87a46f65b36cf9d1863821846f32cd08b7f9dd84710f2fa08a1,5,2,20310923,highly_constrained,0.3,2.0,20265731,qdp_oracle,0000000000000000000010000000000000000000000000000000000000100000000000000000001000110000110000001000
06ac6393eee7a87a46f65b36cf9d1863821846f32cd08b7f9dd84710f2fa08a1,5,3,20311020,abundant,1.0,13.0,20265732,wa_mcbr,1000000000100001010010000010000000000000000010000000001001110000000000000000011010110000110001001000
06ac6393eee7a87a46f65b36cf9d1863821846f32cd08b7f9dd84710f2fa08a1,5,3,20311020,abundant,1.0,13.0,20265732,wa_mcbr_swap,1000000000100001010010000010000000000000000010000000001001110000000000000000011010110000110001001000
06ac6393eee7a87a46f65b36cf9d1863821846f32cd08b7f9dd84710f2fa08a1,5,3,20311020,abundant,1.0,13.0,20265732,capacity_greedy,1000000000100001000010000010000000000000000010000000001001110000000000000000011010110000110000011000
06ac6393eee7a87a46f65b36cf9d1863821846f32cd08b7f9dd84710f2fa08a1,5,3,20311020,abundant,1.0,13.0,20265732,lagrangian_relaxation,0010000000000001000010000010000000000000000000000000001001110000100000000000011010110000110000011000
06ac6393eee7a87a46f65b36cf9d1863821846f32cd08b7f9dd84710f2fa08a1,5,3,20311020,abundant,1.0,13.0,20265732,legacy_count_br,1000100001100011010010000010000000001000000010010001001001110000000101000000111010110100110001001000
06ac6393eee7a87a46f65b36cf9d1863821846f32cd08b7f9dd84710f2fa08a1,5,3,20311020,abundant,1.0,13.0,20265732,random_feasible,0000011001010111010001111100101100001000100001101110100010100111111100011111110001100001111100011010
06ac6393eee7a87a46f65b36cf9d1863821846f32cd08b7f9dd84710f2fa08a1,5,3,20311020,abundant,1.0,13.0,20265732,all_local,0000000000000000000000000000000000000000000000000000000000000000000000000000000000000000000000000000
06ac6393eee7a87a46f65b36cf9d1863821846f32cd08b7f9dd84710f2fa08a1,5,3,20311020,abundant,1.0,13.0,20265732,all_offload,1111111111111111111111111111111111111111111111111111111111111111111111111111111111111111111111111111
06ac6393eee7a87a46f65b36cf9d1863821846f32cd08b7f9dd84710f2fa08a1,5,3,20311020,abundant,1.0,13.0,20265732,qdp_oracle,1000000000100001010010000010000000000000000010000000001001110000000000000000011010110000110001001000
06ac6393eee7a87a46f65b36cf9d1863821846f32cd08b7f9dd84710f2fa08a1,5,3,20311020,moderate,0.6,5.0,20265732,wa_mcbr,0000000000100001000010000010000000000000000010000000001001110000000000000000011010110000110000001000
06ac6393eee7a87a46f65b36cf9d1863821846f32cd08b7f9dd84710f2fa08a1,5,3,20311020,moderate,0.6,5.0,20265732,wa_mcbr_swap,0000000000100001000010000010000000000000000010000000001001110000000000000000011010110000110000001000
06ac6393eee7a87a46f65b36cf9d1863821846f32cd08b7f9dd84710f2fa08a1,5,3,20311020,moderate,0.6,5.0,20265732,capacity_greedy,0000000000100001000010000010000000000000000010000000001001110000000000000000011010110000110000011000
06ac6393eee7a87a46f65b36cf9d1863821846f32cd08b7f9dd84710f2fa08a1,5,3,20311020,moderate,0.6,5.0,20265732,lagrangian_relaxation,1000000000100001010010000010000000000000000010000000001001110000000001000000011010110000110001001000
06ac6393eee7a87a46f65b36cf9d1863821846f32cd08b7f9dd84710f2fa08a1,5,3,20311020,moderate,0.6,5.0,20265732,legacy_count_br,0110100001000000010010000000000000001000000000000100000000110000000100010000010110100100100101000000
06ac6393eee7a87a46f65b36cf9d1863821846f32cd08b7f9dd84710f2fa08a1,5,3,20311020,moderate,0.6,5.0,20265732,random_feasible,0000001001000011010000000000100000001000000000001100000000100000000100010100110000100000110100001000
06ac6393eee7a87a46f65b36cf9d1863821846f32cd08b7f9dd84710f2fa08a1,5,3,20311020,moderate,0.6,5.0,20265732,all_local,0000000000000000000000000000000000000000000000000000000000000000000000000000000000000000000000000000
06ac6393eee7a87a46f65b36cf9d1863821846f32cd08b7f9dd84710f2fa08a1,5,3,20311020,moderate,0.6,5.0,20265732,all_offload,1111111111111111111111111111111111111111111111111111111111111111111111111111111111111111111111111111
06ac6393eee7a87a46f65b36cf9d1863821846f32cd08b7f9dd84710f2fa08a1,5,3,20311020,moderate,0.6,5.0,20265732,qdp_oracle,0000000000100001000010000010000000000000000010000000001001110000000000000000011010110000110000001000
06ac6393eee7a87a46f65b36cf9d1863821846f32cd08b7f9dd84710f2fa08a1,5,3,20311020,highly_constrained,0.3,2.0,20265732,wa_mcbr,0000000000000000000010000000000000000000000000000000000000110000000000000000010010100000100001000000
06ac6393eee7a87a46f65b36cf9d1863821846f32cd08b7f9dd84710f2fa08a1,5,3,20311020,highly_constrained,0.3,2.0,20265732,wa_mcbr_swap,0000000000000000000010000000000000000000000000000000000000110000000000000000001010010000010000001000
06ac6393eee7a87a46f65b36cf9d1863821846f32cd08b7f9dd84710f2fa08a1,5,3,20311020,highly_constrained,0.3,2.0,20265732,capacity_greedy,0000000000000000000010000000000000000000000000000000000000110000000000000000001010010000010000010000
06ac6393eee7a87a46f65b36cf9d1863821846f32cd08b7f9dd84710f2fa08a1,5,3,20311020,highly_constrained,0.3,2.0,20265732,lagrangian_relaxation,0000000000000000000000000000000000000000000000000000000000110000000000000000001010110000110000001000
06ac6393eee7a87a46f65b36cf9d1863821846f32cd08b7f9dd84710f2fa08a1,5,3,20311020,highly_constrained,0.3,2.0,20265732,legacy_count_br,0000000000000000000010000000000000000000000000000000000000110000000000000000010010100000100001000000
06ac6393eee7a87a46f65b36cf9d1863821846f32cd08b7f9dd84710f2fa08a1,5,3,20311020,highly_constrained,0.3,2.0,20265732,random_feasible,0000000000000011000000000000100000000000000000000000000000100000000000000000010000100000110000001000
06ac6393eee7a87a46f65b36cf9d1863821846f32cd08b7f9dd84710f2fa08a1,5,3,20311020,highly_constrained,0.3,2.0,20265732,all_local,0000000000000000000000000000000000000000000000000000000000000000000000000000000000000000000000000000
06ac6393eee7a87a46f65b36cf9d1863821846f32cd08b7f9dd84710f2fa08a1,5,3,20311020,highly_constrained,0.3,2.0,20265732,all_offload,1111111111111111111111111111111111111111111111111111111111111111111111111111111111111111111111111111
06ac6393eee7a87a46f65b36cf9d1863821846f32cd08b7f9dd84710f2fa08a1,5,3,20311020,highly_constrained,0.3,2.0,20265732,qdp_oracle,0000000000000000000000000000000000000000000000000000000000100000000000000000001010110000110000001000
06ac6393eee7a87a46f65b36cf9d1863821846f32cd08b7f9dd84710f2fa08a1,5,4,20311117,abundant,1.0,13.0,20265733,wa_mcbr,1000010010100001000010000010100000000000000010000000001000110000000000000000011110110000110000001000
06ac6393eee7a87a46f65b36cf9d1863821846f32cd08b7f9dd84710f2fa08a1,5,4,20311117,abundant,1.0,13.0,20265733,wa_mcbr_swap,1000010010100001000010000010100000000000000010000000001000110000000000000000011110110000110000001000
06ac6393eee7a87a46f65b36cf9d1863821846f32cd08b7f9dd84710f2fa08a1,5,4,20311117,abundant,1.0,13.0,20265733,capacity_greedy,1000010010100001000010000010100000000000000000000000001000110000000000000000011110110000110000011000
06ac6393eee7a87a46f65b36cf9d1863821846f32cd08b7f9dd84710f2fa08a1,5,4,20311117,abundant,1.0,13.0,20265733,lagrangian_relaxation,0000010000000000000010000000100000000000000000000000000000110000100000000000001010110000110000011000
06ac6393eee7a87a46f65b36cf9d1863821846f32cd08b7f9dd84710f2fa08a1,5,4,20311117,abundant,1.0,13.0,20265733,legacy_count_br,1000110011101111000010100010100000001000000010010000001000110000000000000010011110111000110000001001
06ac6393eee7a87a46f65b36cf9d1863821846f32cd08b7f9dd84710f2fa08a1,5,4,20311117,abundant,1.0,13.0,20265733,random_feasible,1000011111110110000111100100111001010000011100000011000000111101000111001111100100111100100010100111
06ac6393eee7a87a46f65b36cf9d1863821846f32cd08b7f9dd84710f2fa08a1,5,4,20311117,abundant,1.0,13.0,20265733,all_local,0000000000000000000000000000000000000000000000000000000000000000000000000000000000000000000000000000
06ac6393eee7a87a46f65b36cf9d1863821846f32cd08b7f9dd84710f2fa08a1,5,4,20311117,abundant,1.0,13.0,20265733,all_offload,1111111111111111111111111111111111111111111111111111111111111111111111111111111111111111111111111111
06ac6393eee7a87a46f65b36cf9d1863821846f32cd08b7f9dd84710f2fa08a1,5,4,20311117,abundant,1.0,13.0,20265733,qdp_oracle,1000010010100001000010000010100000000000000010000000001000110000000000000000011110110000110000001000
06ac6393eee7a87a46f65b36cf9d1863821846f32cd08b7f9dd84710f2fa08a1,5,4,20311117,moderate,0.6,5.0,20265733,wa_mcbr,0000010010100001000010000010100000000000000000000000000000110000000000000000011010110000110000011000
06ac6393eee7a87a46f65b36cf9d1863821846f32cd08b7f9dd84710f2fa08a1,5,4,20311117,moderate,0.6,5.0,20265733,wa_mcbr_swap,0000010010100001000010000010100000000000000000000000000000110000000000000000011010110000110000011000
06ac6393eee7a87a46f65b36cf9d1863821846f32cd08b7f9dd84710f2fa08a1,5,4,20311117,moderate,0.6,5.0,20265733,capacity_greedy,0000010010100001000010000010100000000000000000000000000000110000000000000000011010110000110000011000
06ac6393eee7a87a46f65b36cf9d1863821846f32cd08b7f9dd84710f2fa08a1,5,4,20311117,moderate,0.6,5.0,20265733,lagrangian_relaxation,1000110010100001000010000010100000000000000000000000001000110000000000000000011110110000110000001000
06ac6393eee7a87a46f65b36cf9d1863821846f32cd08b7f9dd84710f2fa08a1,5,4,20311117,moderate,0.6,5.0,20265733,legacy_count_br,0000010011101011001010100000100000000000000000001000001000000000000000000000011000110000110000011000
06ac6393eee7a87a46f65b36cf9d1863821846f32cd08b7f9dd84710f2fa08a1,5,4,20311117,moderate,0.6,5.0,20265733,random_feasible,1000010011100110000011100000100000000000000000000010000000110000000000000010000100111000100000000001
06ac6393eee7a87a46f65b36cf9d1863821846f32cd08b7f9dd84710f2fa08a1,5,4,20311117,moderate,0.6,5.0,20265733,all_local,0000000000000000000000000000000000000000000000000000000000000000000000000000000000000000000000000000
06ac6393eee7a87a46f65b36cf9d1863821846f32cd08b7f9dd84710f2fa08a1,5,4,20311117,moderate,0.6,5.0,20265733,all_offload,1111111111111111111111111111111111111111111111111111111111111111111111111111111111111111111111111111
06ac6393eee7a87a46f65b36cf9d1863821846f32cd08b7f9dd84710f2fa08a1,5,4,20311117,moderate,0.6,5.0,20265733,qdp_oracle,0000010010100001000010000010100000000000000000000000000000110000000000000000011110110000110000001000
06ac6393eee7a87a46f65b36cf9d1863821846f32cd08b7f9dd84710f2fa08a1,5,4,20311117,highly_constrained,0.3,2.0,20265733,wa_mcbr,0000000010000001000010000000100000000000000000000000000000000000000000000000001000110000110000000000
06ac6393eee7a87a46f65b36cf9d1863821846f32cd08b7f9dd84710f2fa08a1,5,4,20311117,highly_constrained,0.3,2.0,20265733,wa_mcbr_swap,0000000000000000000010000000000000000000000000000000000000110000000000000000001010010000110000001000
06ac6393eee7a87a46f65b36cf9d1863821846f32cd08b7f9dd84710f2fa08a1,5,4,20311117,highly_constrained,0.3,2.0,20265733,capacity_greedy,0000000000000000000010000000000000000000000000000000000000110000000000000000001010010000100000010000
06ac6393eee7a87a46f65b36cf9d1863821846f32cd08b7f9dd84710f2fa08a1,5,4,20311117,highly_constrained,0.3,2.0,20265733,lagrangian_relaxation,0000000000000000000000000000000000000000000000000000000000110000000000000000001010110000110000001000
06ac6393eee7a87a46f65b36cf9d1863821846f32cd08b7f9dd84710f2fa08a1,5,4,20311117,highly_constrained,0.3,2.0,20265733,legacy_count_br,0000000010000001000010000000100000000000000000000000000000000000000000000000001000110000110000000000
06ac6393eee7a87a46f65b36cf9d1863821846f32cd08b7f9dd84710f2fa08a1,5,4,20311117,highly_constrained,0.3,2.0,20265733,random_feasible,0000000010000000000010000000100000000000000000000000000000110000000000000000000000110000100000000000
06ac6393eee7a87a46f65b36cf9d1863821846f32cd08b7f9dd84710f2fa08a1,5,4,20311117,highly_constrained,0.3,2.0,20265733,all_local,0000000000000000000000000000000000000000000000000000000000000000000000000000000000000000000000000000
06ac6393eee7a87a46f65b36cf9d1863821846f32cd08b7f9dd84710f2fa08a1,5,4,20311117,highly_constrained,0.3,2.0,20265733,all_offload,1111111111111111111111111111111111111111111111111111111111111111111111111111111111111111111111111111
06ac6393eee7a87a46f65b36cf9d1863821846f32cd08b7f9dd84710f2fa08a1,5,4,20311117,highly_constrained,0.3,2.0,20265733,qdp_oracle,0000000000000000000000000000000000000000000000000000000000100000000000000000001010110000110000001000
06ac6393eee7a87a46f65b36cf9d1863821846f32cd08b7f9dd84710f2fa08a1,5,5,20311214,abundant,1.0,13.0,20265734,wa_mcbr,0000100010101001000010000010100000000000000000000000000001110000000000001000011010110000110000011000
06ac6393eee7a87a46f65b36cf9d1863821846f32cd08b7f9dd84710f2fa08a1,5,5,20311214,abundant,1.0,13.0,20265734,wa_mcbr_swap,0000100010101001000010000010100000000000000000000000000001110000000000001000011010110000110000011000
06ac6393eee7a87a46f65b36cf9d1863821846f32cd08b7f9dd84710f2fa08a1,5,5,20311214,abundant,1.0,13.0,20265734,capacity_greedy,0000100010101001000010000010100000000000000000000000000001110000000000001000011010110000110000011000
06ac6393eee7a87a46f65b36cf9d1863821846f32cd08b7f9dd84710f2fa08a1,5,5,20311214,abundant,1.0,13.0,20265734,lagrangian_relaxation,0000010010000001000010000010100000000000000000000000001001110000100000000000011010110000110000011000
06ac6393eee7a87a46f65b36cf9d1863821846f32cd08b7f9dd84710f2fa08a1,5,5,20311214,abundant,1.0,13.0,20265734,legacy_count_br,1100110011111001000010000010100000000000000000100000001001110000000000001000011010111001110100011000
06ac6393eee7a87a46f65b36cf9d1863821846f32cd08b7f9dd84710f2fa08a1,5,5,20311214,abundant,1.0,13.0,20265734,random_feasible,0110100010010001101110001110000001101000000000101010101110110001101111101101011100101111111001100011
06ac6393eee7a87a46f65b36cf9d1863821846f32cd08b7f9dd84710f2fa08a1,5,5,20311214,abundant,1.0,13.0,20265734,all_local,0000000000000000000000000000000000000000000000000000000000000000000000000000000000000000000000000000
06ac6393eee7a87a46f65b36cf9d1863821846f32cd08b7f9dd84710f2fa08a1,5,5,20311214,abundant,1.0,13.0,20265734,all_offload,1111111111111111111111111111111111111111111111111111111111111111111111111111111111111111111111111111
06ac6393eee7a87a46f65b36cf9d1863821846f32cd08b7f9dd84710f2fa08a1,5,5,20311214,abundant,1.0,13.0,20265734,qdp_oracle,0000100010101001000010000010100000000000000000000000000001110000000000001000011010110000110000011000
06ac6393eee7a87a46f65b36cf9d1863821846f32cd08b7f9dd84710f2fa08a1,5,5,20311214,moderate,0.6,5.0,20265734,wa_mcbr,0000000010100001000010000010100000000000000000000000000001110000000000000000011010110000110000011000
06ac6393eee7a87a46f65b36cf9d1863821846f32cd08b7f9dd84710f2fa08a1,5,5,20311214,moderate,0.6,5.0,20265734,wa_mcbr_swap,0000000010100001000010000010100000000000000000000000000001110000000000000000011010110000110000011000
06ac6393eee7a87a46f65b36cf9d1863821846f32cd08b7f9dd84710f2fa08a1,5,5,20311214,moderate,0.6,5.0,20265734,capacity_greedy,0000000010100001000010000010100000000000000000000000000001110000000000000000011010110000110000011000
06ac6393eee7a87a46f65b36cf9d1863821846f32cd08b7f9dd84710f2fa08a1,5,5,20311214,moderate,0.6,5.0,20265734,lagrangian_relaxation,0000100010100001000010000010100000000000000000000000001001110000000000001000011010110000110000011000
06ac6393eee7a87a46f65b36cf9d1863821846f32cd08b7f9dd84710f2fa08a1,5,5,20311214,moderate,0.6,5.0,20265734,legacy_count_br,1100000011000101000011000000100000000000000000000000000000000000000000001000011010111101110100000000
06ac6393eee7a87a46f65b36cf9d1863821846f32cd08b7f9dd84710f2fa08a1,5,5,20311214,moderate,0.6,5.0,20265734,random_feasible,0100100010010001000110000010000000000000000000000000001000110000000000001000011000101101110000000001
06ac6393eee7a87a46f65b36cf9d1863821846f32cd08b7f9dd84710f2fa08a1,5,5,20311214,moderate,0.6,5.0,20265734,all_local,0000000000000000000000000000000000000000000000000000000000000000000000000000000000000000000000000000
06ac6393eee7a87a46f65b36cf9d1863821846f32cd08b7f9dd84710f2fa08a1,5,5,20311214,moderate,0.6,5.0,20265734,all_offload,1111111111111111111111111111111111111111111111111111111111111111111111111111111111111111111111111111
06ac6393eee7a87a46f65b36cf9d1863821846f32cd08b7f9dd84710f2fa08a1,5,5,20311214,moderate,0.6,5.0,20265734,qdp_oracle,0000000010100001000010000010100000000000000000000000000000110000000000000000011010110000110000011000
06ac6393eee7a87a46f65b36cf9d1863821846f32cd08b7f9dd84710f2fa08a1,5,5,20311214,highly_constrained,0.3,2.0,20265734,wa_mcbr,0000000010000001000010000000100000000000000000000000000000000000000000000000001010110000000000000000
06ac6393eee7a87a46f65b36cf9d1863821846f32cd08b7f9dd84710f2fa08a1,5,5,20311214,highly_constrained,0.3,2.0,20265734,wa_mcbr_swap,0000000000000000000000000000000000000000000000000000000000110000000000000000001010010000010000011000
06ac6393eee7a87a46f65b36cf9d1863821846f32cd08b7f9dd84710f2fa08a1,5,5,20311214,highly_constrained,0.3,2.0,20265734,capacity_greedy,0000000000000000000000000000000000000000000000000000000000110000000000000000001010010000010000011000
06ac6393eee7a87a46f65b36cf9d1863821846f32cd08b7f9dd84710f2fa08a1,5,5,20311214,highly_constrained,0.3,2.0,20265734,lagrangian_relaxation,0000000000000000000000000000000000000000000000000000000000100000000000000000001010010000110000011000
06ac6393eee7a87a46f65b36cf9d1863821846f32cd08b7f9dd84710f2fa08a1,5,5,20311214,highly_constrained,0.3,2.0,20265734,legacy_count_br,0000000010000001000010000000100000000000000000000000000000000000000000000000001010110000000000000000
06ac6393eee7a87a46f65b36cf9d1863821846f32cd08b7f9dd84710f2fa08a1,5,5,20311214,highly_constrained,0.3,2.0,20265734,random_feasible,0000000000000001000010000010000000000000000000000000000000110000000000000000001000100000110000000000
06ac6393eee7a87a46f65b36cf9d1863821846f32cd08b7f9dd84710f2fa08a1,5,5,20311214,highly_constrained,0.3,2.0,20265734,all_local,0000000000000000000000000000000000000000000000000000000000000000000000000000000000000000000000000000
06ac6393eee7a87a46f65b36cf9d1863821846f32cd08b7f9dd84710f2fa08a1,5,5,20311214,highly_constrained,0.3,2.0,20265734,all_offload,1111111111111111111111111111111111111111111111111111111111111111111111111111111111111111111111111111
06ac6393eee7a87a46f65b36cf9d1863821846f32cd08b7f9dd84710f2fa08a1,5,5,20311214,highly_constrained,0.3,2.0,20265734,qdp_oracle,0000000000000000000000000000000000000000000000000000000000100000000000000000001010110000110000001000
06ac6393eee7a87a46f65b36cf9d1863821846f32cd08b7f9dd84710f2fa08a1,5,6,20311311,abundant,1.0,13.0,20265735,wa_mcbr,0000010010100001000000100010100000000000000010000000000001110000000000000000011000110000110000011000
06ac6393eee7a87a46f65b36cf9d1863821846f32cd08b7f9dd84710f2fa08a1,5,6,20311311,abundant,1.0,13.0,20265735,wa_mcbr_swap,0000010010100001000000100010100000000000000010000000000001110000000000000000011000110000110000011000
06ac6393eee7a87a46f65b36cf9d1863821846f32cd08b7f9dd84710f2fa08a1,5,6,20311311,abundant,1.0,13.0,20265735,capacity_greedy,0000010010100001000000100010100000000000000010000000000001110000000000000000011000110000110000011000
06ac6393eee7a87a46f65b36cf9d1863821846f32cd08b7f9dd84710f2fa08a1,5,6,20311311,abundant,1.0,13.0,20265735,lagrangian_relaxation,0000010010000001000000000010100000000000000000000000000001111001000000000000011000110000110000011000
06ac6393eee7a87a46f65b36cf9d1863821846f32cd08b7f9dd84710f2fa08a1,5,6,20311311,abundant,1.0,13.0,20265735,legacy_count_br,0100010010101001000100100010100000000000000010010010000001110000000001011000011000111100110000011000
06ac6393eee7a87a46f65b36cf9d1863821846f32cd08b7f9dd84710f2fa08a1,5,6,20311311,abundant,1.0,13.0,20265735,random_feasible,1001111001011010000011001101100100000000001110111011110010111000001101001010011100011110111000011101
06ac6393eee7a87a46f65b36cf9d1863821846f32cd08b7f9dd84710f2fa08a1,5,6,20311311,abundant,1.0,13.0,20265735,all_local,0000000000000000000000000000000000000000000000000000000000000000000000000000000000000000000000000000
06ac6393eee7a87a46f65b36cf9d1863821846f32cd08b7f9dd84710f2fa08a1,5,6,20311311,abundant,1.0,13.0,20265735,all_offload,1111111111111111111111111111111111111111111111111111111111111111111111111111111111111111111111111111
06ac6393eee7a87a46f65b36cf9d1863821846f32cd08b7f9dd84710f2fa08a1,5,6,20311311,abundant,1.0,13.0,20265735,qdp_oracle,0000010010100001000000100010100000000000000010000000000001110000000000000000011000110000110000011000
06ac6393eee7a87a46f65b36cf9d1863821846f32cd08b7f9dd84710f2fa08a1,5,6,20311311,moderate,0.6,5.0,20265735,wa_mcbr,0000010010100001000000000010100000000000000000000000000001110000000000000000011000110000110000011000
06ac6393eee7a87a46f65b36cf9d1863821846f32cd08b7f9dd84710f2fa08a1,5,6,20311311,moderate,0.6,5.0,20265735,wa_mcbr_swap,0000010010100001000000000010100000000000000000000000000001110000000000000000011000110000110000011000
06ac6393eee7a87a46f65b36cf9d1863821846f32cd08b7f9dd84710f2fa08a1,5,6,20311311,moderate,0.6,5.0,20265735,capacity_greedy,0000010010100001000000000010100000000000000000000000000001110000000000000000011000110000110000011000
06ac6393eee7a87a46f65b36cf9d1863821846f32cd08b7f9dd84710f2fa08a1,5,6,20311311,moderate,0.6,5.0,20265735,lagrangian_relaxation,0000010010100001000000100010100000000000000010010000000001110000000000001000011000111000110000001000
06ac6393eee7a87a46f65b36cf9d1863821846f32cd08b7f9dd84710f2fa08a1,5,6,20311311,moderate,0.6,5.0,20265735,legacy_count_br,0100000011110000010100100000100000000000000010000110000000010000000000010000111000000000000101001000
06ac6393eee7a87a46f65b36cf9d1863821846f32cd08b7f9dd84710f2fa08a1,5,6,20311311,moderate,0.6,5.0,20265735,random_feasible,0000110000001000000000000000100000000000000010010010000000110000000001001000011000011100110000011000
06ac6393eee7a87a46f65b36cf9d1863821846f32cd08b7f9dd84710f2fa08a1,5,6,20311311,moderate,0.6,5.0,20265735,all_local,0000000000000000000000000000000000000000000000000000000000000000000000000000000000000000000000000000
06ac6393eee7a87a46f65b36cf9d1863821846f32cd08b7f9dd84710f2fa08a1,5,6,20311311,moderate,0.6,5.0,20265735,all_offload,1111111111111111111111111111111111111111111111111111111111111111111111111111111111111111111111111111
06ac6393eee7a87a46f65b36cf9d1863821846f32cd08b7f9dd84710f2fa08a1,5,6,20311311,moderate,0.6,5.0,20265735,qdp_oracle,0000010010100001000000000010100000000000000000000000000000110000000000000000011000110000110000011000
06ac6393eee7a87a46f65b36cf9d1863821846f32cd08b7f9dd84710f2fa08a1,5,6,20311311,highly_constrained,0.3,2.0,20265735,wa_mcbr,0000000010100000000000100000100000000000000000000000000000010000000000000000011000000000000000001000
06ac6393eee7a87a46f65b36cf9d1863821846f32cd08b7f9dd84710f2fa08a1,5,6,20311311,highly_constrained,0.3,2.0,20265735,wa_mcbr_swap,0000000000000000000000000000000000000000000000000000000000110000000000000000001000010000110000011000
06ac6393eee7a87a46f65b36cf9d1863821846f32cd08b7f9dd84710f2fa08a1,5,6,20311311,highly_constrained,0.3,2.0,20265735,capacity_greedy,0000000000000000000000000000000000000000000000000000000000110000000000000000001000110000110000011000
06ac6393eee7a87a46f65b36cf9d1863821846f32cd08b7f9dd84710f2fa08a1,5,6,20311311,highly_constrained,0.3,2.0,20265735,lagrangian_relaxation,0000000000000000000000000000000000000000000000000000000000110000000000000000001000110000110000011000
06ac6393eee7a87a46f65b36cf9d1863821846f32cd08b7f9dd84710f2fa08a1,5,6,20311311,highly_constrained,0.3,2.0,20265735,legacy_count_br,0000000010100000000000100000100000000000000000000000000000010000000000000000011000000000000000001000
06ac6393eee7a87a46f65b36cf9d1863821846f32cd08b7f9dd84710f2fa08a1,5,6,20311311,highly_constrained,0.3,2.0,20265735,random_feasible,0000000000000000000000000000000000000000000000000000000000110000000000000000001000010000110000011000
06ac6393eee7a87a46f65b36cf9d1863821846f32cd08b7f9dd84710f2fa08a1,5,6,20311311,highly_constrained,0.3,2.0,20265735,all_local,0000000000000000000000000000000000000000000000000000000000000000000000000000000000000000000000000000
06ac6393eee7a87a46f65b36cf9d1863821846f32cd08b7f9dd84710f2fa08a1,5,6,20311311,highly_constrained,0.3,2.0,20265735,all_offload,1111111111111111111111111111111111111111111111111111111111111111111111111111111111111111111111111111
06ac6393eee7a87a46f65b36cf9d1863821846f32cd08b7f9dd84710f2fa08a1,5,6,20311311,highly_constrained,0.3,2.0,20265735,qdp_oracle,0000000000000000000000000000000000000000000000000000000000110000000000000000001000110000110000001000
06ac6393eee7a87a46f65b36cf9d1863821846f32cd08b7f9dd84710f2fa08a1,5,7,20311408,abundant,1.0,13.0,20265736,wa_mcbr,1000010010000001000010000010100000000000000000000000000001110000000000001000011010011000100000011000
06ac6393eee7a87a46f65b36cf9d1863821846f32cd08b7f9dd84710f2fa08a1,5,7,20311408,abundant,1.0,13.0,20265736,wa_mcbr_swap,1000010011000001000010000010100000000000000000000000000001110000000000001000011010011000100000010000
06ac6393eee7a87a46f65b36cf9d1863821846f32cd08b7f9dd84710f2fa08a1,5,7,20311408,abundant,1.0,13.0,20265736,capacity_greedy,1000010010000001000010000010100000000000000000000000000001110000000000001000011010011000100000011000
06ac6393eee7a87a46f65b36cf9d1863821846f32cd08b7f9dd84710f2fa08a1,5,7,20311408,abundant,1.0,13.0,20265736,lagrangian_relaxation,0000010000000000000010000010100000000000000000000000000001110100000000000000001010010000110000011000
06ac6393eee7a87a46f65b36cf9d1863821846f32cd08b7f9dd84710f2fa08a1,5,7,20311408,abundant,1.0,13.0,20265736,legacy_count_br,1100110011000011000110000010100001000000000010000000000011110000000001001000011110011000100000011000
06ac6393eee7a87a46f65b36cf9d1863821846f32cd08b7f9dd84710f2fa08a1,5,7,20311408,abundant,1.0,13.0,20265736,random_feasible,0100010110001001101010000111010000110110110001100011000001110000101100110000110100101000001111011101
06ac6393eee7a87a46f65b36cf9d1863821846f32cd08b7f9dd84710f2fa08a1,5,7,20311408,abundant,1.0,13.0,20265736,all_local,0000000000000000000000000000000000000000000000000000000000000000000000000000000000000000000000000000
06ac6393eee7a87a46f65b36cf9d1863821846f32cd08b7f9dd84710f2fa08a1,5,7,20311408,abundant,1.0,13.0,20265736,all_offload,1111111111111111111111111111111111111111111111111111111111111111111111111111111111111111111111111111
06ac6393eee7a87a46f65b36cf9d1863821846f32cd08b7f9dd84710f2fa08a1,5,7,20311408,abundant,1.0,13.0,20265736,qdp_oracle,1000010011000001000010000010100000000000000000000000000001110000000000001000011010011000100000010000
06ac6393eee7a87a46f65b36cf9d1863821846f32cd08b7f9dd84710f2fa08a1,5,7,20311408,moderate,0.6,5.0,20265736,wa_mcbr,0000000010000001000010000010100000000000000000000000000001110000000000001000011010010000100000011000
06ac6393eee7a87a46f65b36cf9d1863821846f32cd08b7f9dd84710f2fa08a1,5,7,20311408,moderate,0.6,5.0,20265736,wa_mcbr_swap,0000000010000001000010000010100000000000000000000000000001110000000000001000011010010000100000011000
06ac6393eee7a87a46f65b36cf9d1863821846f32cd08b7f9dd84710f2fa08a1,5,7,20311408,moderate,0.6,5.0,20265736,capacity_greedy,0000000010000001000010000010100000000000000000000000000001110000000000001000011010010000100000011000
06ac6393eee7a87a46f65b36cf9d1863821846f32cd08b7f9dd84710f2fa08a1,5,7,20311408,moderate,0.6,5.0,20265736,lagrangian_relaxation,1000010011000001000010000010100000000000000000000000000001110000000000001000011010011000100000011000
06ac6393eee7a87a46f65b36cf9d1863821846f32cd08b7f9dd84710f2fa08a1,5,7,20311408,moderate,0.6,5.0,20265736,legacy_count_br,1100110011010011000100000010000000000000000010000100000011000000000000001000010100000000100000001000
06ac6393eee7a87a46f65b36cf9d1863821846f32cd08b7f9dd84710f2fa08a1,5,7,20311408,moderate,0.6,5.0,20265736,random_feasible,0100010010000001100010000010000000000000000000000000000001110000000100010000110100001000000101011000
06ac6393eee7a87a46f65b36cf9d1863821846f32cd08b7f9dd84710f2fa08a1,5,7,20311408,moderate,0.6,5.0,20265736,all_local,0000000000000000000000000000000000000000000000000000000000000000000000000000000000000000000000000000
06ac6393eee7a87a46f65b36cf9d1863821846f32cd08b7f9dd84710f2fa08a1,5,7,20311408,moderate,0.6,5.0,20265736,all_offload,1111111111111111111111111111111111111111111111111111111111111111111111111111111111111111111111111111
06ac6393eee7a87a46f65b36cf9d1863821846f32cd08b7f9dd84710f2fa08a1,5,7,20311408,moderate,0.6,5.0,20265736,qdp_oracle,0000000010000001000010000010100000000000000000000000000001110000000000001000011010010000100000011000
06ac6393eee7a87a46f65b36cf9d1863821846f32cd08b7f9dd84710f2fa08a1,5,7,20311408,highly_constrained,0.3,2.0,20265736,wa_mcbr,1000010000000000000000000010000000000000000000000000001001000000000000001000010000000000100000001000
06ac6393eee7a87a46f65b36cf9d1863821846f32cd08b7f9dd84710f2fa08a1,5,7,20311408,highly_constrained,0.3,2.0,20265736,wa_mcbr_swap,0000000000000000000000000000000000000000000000000000000001100000000000000000001010010000110000011000
06ac6393eee7a87a46f65b36cf9d1863821846f32cd08b7f9dd84710f2fa08a1,5,7,20311408,highly_constrained,0.3,2.0,20265736,capacity_greedy,0000000000000000000010000000000000000000000000000000000000110000000000000000001010010000100000010000
06ac6393eee7a87a46f65b36cf9d1863821846f32cd08b7f9dd84710f2fa08a1,5,7,20311408,highly_constrained,0.3,2.0,20265736,lagrangian_relaxation,0000000000000000000010000000000000000000000000000000000000110000000000000000001010010000100000010000
06ac6393eee7a87a46f65b36cf9d1863821846f32cd08b7f9dd84710f2fa08a1,5,7,20311408,highly_constrained,0.3,2.0,20265736,legacy_count_br,1000010000000000000000000010000000000000000000000000001000000000000000001000010000000000100000001010
06ac6393eee7a87a46f65b36cf9d1863821846f32cd08b7f9dd84710f2fa08a1,5,7,20311408,highly_constrained,0.3,2.0,20265736,random_feasible,0000000010000001000010000010000000000000000000000000000000110000000000000000000000000000000000011000
06ac6393eee7a87a46f65b36cf9d1863821846f32cd08b7f9dd84710f2fa08a1,5,7,20311408,highly_constrained,0.3,2.0,20265736,all_local,0000000000000000000000000000000000000000000000000000000000000000000000000000000000000000000000000000
06ac6393eee7a87a46f65b36cf9d1863821846f32cd08b7f9dd84710f2fa08a1,5,7,20311408,highly_constrained,0.3,2.0,20265736,all_offload,1111111111111111111111111111111111111111111111111111111111111111111111111111111111111111111111111111
06ac6393eee7a87a46f65b36cf9d1863821846f32cd08b7f9dd84710f2fa08a1,5,7,20311408,highly_constrained,0.3,2.0,20265736,qdp_oracle,0000000000000000000000000000000000000000000000000000000000100000000000000000001010010000100000011000
06ac6393eee7a87a46f65b36cf9d1863821846f32cd08b7f9dd84710f2fa08a1,5,8,20311505,abundant,1.0,13.0,20265737,wa_mcbr,0000110010100011000010000010100000000000000000001000001001110000000000000000001110110000110000001000
06ac6393eee7a87a46f65b36cf9d1863821846f32cd08b7f9dd84710f2fa08a1,5,8,20311505,abundant,1.0,13.0,20265737,wa_mcbr_swap,0000110010100011000010000010100000000000000000001000001001110000000000000000001110110000110000001000
06ac6393eee7a87a46f65b36cf9d1863821846f32cd08b7f9dd84710f2fa08a1,5,8,20311505,abundant,1.0,13.0,20265737,capacity_greedy,0000110010000011000010000010100000000000000000000000001001110000000000000000001010110000110000011000
06ac6393eee7a87a46f65b36cf9d1863821846f32cd08b7f9dd84710f2fa08a1,5,8,20311505,abundant,1.0,13.0,20265737,lagrangian_relaxation,0000010000000000000010000010100000000000000000000000001001111000000000000000001010110000110000011000
06ac6393eee7a87a46f65b36cf9d1863821846f32cd08b7f9dd84710f2fa08a1,5,8,20311505,abundant,1.0,13.0,20265737,legacy_count_br,1000110010101111000111000010100000000000000000001010001001110000000000001000101110110100110100001000
06ac6393eee7a87a46f65b36cf9d1863821846f32cd08b7f9dd84710f2fa08a1,5,8,20311505,abundant,1.0,13.0,20265737,random_feasible,1110010011101011011011111100100100110001111010100101001110000010100101110011010110100000100000011100
06ac6393eee7a87a46f65b36cf9d1863821846f32cd08b7f9dd84710f2fa08a1,5,8,20311505,abundant,1.0,13.0,20265737,all_local,0000000000000000000000000000000000000000000000000000000000000000000000000000000000000000000000000000
06ac6393eee7a87a46f65b36cf9d1863821846f32cd08b7f9dd84710f2fa08a1,5,8,20311505,abundant,1.0,13.0,20265737,all_offload,1111111111111111111111111111111111111111111111111111111111111111111111111111111111111111111111111111
06ac6393eee7a87a46f65b36cf9d1863821846f32cd08b7f9dd84710f2fa08a1,5,8,20311505,abundant,1.0,13.0,20265737,qdp_oracle,0000110010100011000010000010100000000000000000001000001001110000000000000000001110110000110000001000
06ac6393eee7a87a46f65b36cf9d1863821846f32cd08b7f9dd84710f2fa08a1,5,8,20311505,moderate,0.6,5.0,20265737,wa_mcbr,0000010010000011000010000010100000000000000000000000001001110000000000000000001010110000110000001000
06ac6393eee7a87a46f65b36cf9d1863821846f32cd08b7f9dd84710f2fa08a1,5,8,20311505,moderate,0.6,5.0,20265737,wa_mcbr_swap,0000010010000011000010000010100000000000000000000000001001110000000000000000001010110000110000001000
06ac6393eee7a87a46f65b36cf9d1863821846f32cd08b7f9dd84710f2fa08a1,5,8,20311505,moderate,0.6,5.0,20265737,capacity_greedy,0000000010000011000010000010100000000000000000000000001001110000000000000000001010110000110000011000
06ac6393eee7a87a46f65b36cf9d1863821846f32cd08b7f9dd84710f2fa08a1,5,8,20311505,moderate,0.6,5.0,20265737,lagrangian_relaxation,0000110010000011000011000010100000000000000000001000001001110000000000000000001110110000110000001000
06ac6393eee7a87a46f65b36cf9d1863821846f32cd08b7f9dd84710f2fa08a1,5,8,20311505,moderate,0.6,5.0,20265737,legacy_count_br,1000010010101010111011000000100000000000000000000000000010100000000001001000011000000000100100001000
06ac6393eee7a87a46f65b36cf9d1863821846f32cd08b7f9dd84710f2fa08a1,5,8,20311505,moderate,0.6,5.0,20265737,random_feasible,1000010010101011011011000000100000000000000000000000001010000000000001000010000110100000100000001000
06ac6393eee7a87a46f65b36cf9d1863821846f32cd08b7f9dd84710f2fa08a1,5,8,20311505,moderate,0.6,5.0,20265737,all_local,0000000000000000000000000000000000000000000000000000000000000000000000000000000000000000000000000000
06ac6393eee7a87a46f65b36cf9d1863821846f32cd08b7f9dd84710f2fa08a1,5,8,20311505,moderate,0.6,5.0,20265737,all_offload,1111111111111111111111111111111111111111111111111111111111111111111111111111111111111111111111111111
06ac6393eee7a87a46f65b36cf9d1863821846f32cd08b7f9dd84710f2fa08a1,5,8,20311505,moderate,0.6,5.0,20265737,qdp_oracle,0000010010000011000010000010100000000000000000000000001001110000000000000000001010110000110000001000
06ac6393eee7a87a46f65b36cf9d1863821846f32cd08b7f9dd84710f2fa08a1,5,8,20311505,highly_constrained,0.3,2.0,20265737,wa_mcbr,0000010010000010000010000000100000000000000000000000000000100000000000000000001000000000100000001000
06ac6393eee7a87a46f65b36cf9d1863821846f32cd08b7f9dd84710f2fa08a1,5,8,20311505,highly_constrained,0.3,2.0,20265737,wa_mcbr_swap,0000000000000000000010000000000000000000000000000000000000110000000000000000001010010000110000001000
06ac6393eee7a87a46f65b36cf9d1863821846f32cd08b7f9dd84710f2fa08a1,5,8,20311505,highly_constrained,0.3,2.0,20265737,capacity_greedy,0000000000000000000010000000000000000000000000000000000000100000000000000000001010010000110000010000
06ac6393eee7a87a46f65b36cf9d1863821846f32cd08b7f9dd84710f2fa08a1,5,8,20311505,highly_constrained,0.3,2.0,20265737,lagrangian_relaxation,0000000000000000000010000000000000000000000000000000000000110000000000000000001010010000110000001000
06ac6393eee7a87a46f65b36cf9d1863821846f32cd08b7f9dd84710f2fa08a1,5,8,20311505,highly_constrained,0.3,2.0,20265737,legacy_count_br,0000010010000010000010000000100000000000000000000000000000100000000000000000001000000000100000001000
06ac6393eee7a87a46f65b36cf9d1863821846f32cd08b7f9dd84710f2fa08a1,5,8,20311505,highly_constrained,0.3,2.0,20265737,random_feasible,0000000010000001000010000000100000000000000000000000001000000000000000000000000010100000100000001000
06ac6393eee7a87a46f65b36cf9d1863821846f32cd08b7f9dd84710f2fa08a1,5,8,20311505,highly_constrained,0.3,2.0,20265737,all_local,0000000000000000000000000000000000000000000000000000000000000000000000000000000000000000000000000000
06ac6393eee7a87a46f65b36cf9d1863821846f32cd08b7f9dd84710f2fa08a1,5,8,20311505,highly_constrained,0.3,2.0,20265737,all_offload,1111111111111111111111111111111111111111111111111111111111111111111111111111111111111111111111111111
06ac6393eee7a87a46f65b36cf9d1863821846f32cd08b7f9dd84710f2fa08a1,5,8,20311505,highly_constrained,0.3,2.0,20265737,qdp_oracle,0000000000000000000000000000000000000000000000000000000000100000000000000000001010110000110000001000
06ac6393eee7a87a46f65b36cf9d1863821846f32cd08b7f9dd84710f2fa08a1,5,9,20311602,abundant,1.0,13.0,20265738,wa_mcbr,0000010010001001000110000010100000000000000000000000001001110000000000000000011010110000010000011000
06ac6393eee7a87a46f65b36cf9d1863821846f32cd08b7f9dd84710f2fa08a1,5,9,20311602,abundant,1.0,13.0,20265738,wa_mcbr_swap,0000010010001001000110000010100000000000000000000000001001110000000000000000011010110000010000011000
06ac6393eee7a87a46f65b36cf9d1863821846f32cd08b7f9dd84710f2fa08a1,5,9,20311602,abundant,1.0,13.0,20265738,capacity_greedy,0000010010001001000110000010100000000000000000000000001001110000000000000000011010110000010000011000
06ac6393eee7a87a46f65b36cf9d1863821846f32cd08b7f9dd84710f2fa08a1,5,9,20311602,abundant,1.0,13.0,20265738,lagrangian_relaxation,0000010010000001000010000010100000000000000000000000001001111000100000000000001010110000110000011000
06ac6393eee7a87a46f65b36cf9d1863821846f32cd08b7f9dd84710f2fa08a1,5,9,20311602,abundant,1.0,13.0,20265738,legacy_count_br,0000110010001001101110000010100000000000000010000000001001110000000001000000111110111001010000011000
06ac6393eee7a87a46f65b36cf9d1863821846f32cd08b7f9dd84710f2fa08a1,5,9,20311602,abundant,1.0,13.0,20265738,random_feasible,1000110000111011100011100010011101011001110101100011110100001011010011110101100100000100001101011010
06ac6393eee7a87a46f65b36cf9d1863821846f32cd08b7f9dd84710f2fa08a1,5,9,20311602,abundant,1.0,13.0,20265738,all_local,0000000000000000000000000000000000000000000000000000000000000000000000000000000000000000000000000000
06ac6393eee7a87a46f65b36cf9d1863821846f32cd08b7f9dd84710f2fa08a1,5,9,20311602,abundant,1.0,13.0,20265738,all_offload,1111111111111111111111111111111111111111111111111111111111111111111111111111111111111111111111111111
06ac6393eee7a87a46f65b36cf9d1863821846f32cd08b7f9dd84710f2fa08a1,5,9,20311602,abundant,1.0,13.0,20265738,qdp_oracle,0000010010001001000110000010100000000000000000000000000001110000000000000000011010110000010000011000
06ac6393eee7a87a46f65b36cf9d1863821846f32cd08b7f9dd84710f2fa08a1,5,9,20311602,moderate,0.6,5.0,20265738,wa_mcbr,0000010010000001000010000010100000000000000000000000000001110000000000000000011010110000010000011000
06ac6393eee7a87a46f65b36cf9d1863821846f32cd08b7f9dd84710f2fa08a1,5,9,20311602,moderate,0.6,5.0,20265738,wa_mcbr_swap,0000010010000001000010000010100000000000000000000000000001110000000000000000011010110000010000011000
06ac6393eee7a87a46f65b36cf9d1863821846f32cd08b7f9dd84710f2fa08a1,5,9,20311602,moderate,0.6,5.0,20265738,capacity_greedy,0000010010000001000010000010100000000000000000000000000001110000000000000000011010110000010000011000
06ac6393eee7a87a46f65b36cf9d1863821846f32cd08b7f9dd84710f2fa08a1,5,9,20311602,moderate,0.6,5.0,20265738,lagrangian_relaxation,0000010010000001000110000010100000000000000000000000001001110000000001000000011010110000010000011000
06ac6393eee7a87a46f65b36cf9d1863821846f32cd08b7f9dd84710f2fa08a1,5,9,20311602,moderate,0.6,5.0,20265738,legacy_count_br,0100010000001000000110000000000000000000000010000000001001010000000000000000101110100001010100011011
06ac6393eee7a87a46f65b36cf9d1863821846f32cd08b7f9dd84710f2fa08a1,5,9,20311602,moderate,0.6,5.0,20265738,random_feasible,0000110000111011100010000010000000000000000000000000000100000000000001010000100100000000000101011010
06ac6393eee7a87a46f65b36cf9d1863821846f32cd08b7f9dd84710f2fa08a1,5,9,20311602,moderate,0.6,5.0,20265738,all_local,0000000000000000000000000000000000000000000000000000000000000000000000000000000000000000000000000000
06ac6393eee7a87a46f65b36cf9d1863821846f32cd08b7f9dd84710f2fa08a1,5,9,20311602,moderate,0.6,5.0,20265738,all_offload,1111111111111111111111111111111111111111111111111111111111111111111111111111111111111111111111111111
06ac6393eee7a87a46f65b36cf9d1863821846f32cd08b7f9dd84710f2fa08a1,5,9,20311602,moderate,0.6,5.0,20265738,qdp_oracle,0000010010000001000010000010100000000000000000000000000001110000000000000000011010110000010000011000
06ac6393eee7a87a46f65b36cf9d1863821846f32cd08b7f9dd84710f2fa08a1,5,9,20311602,highly_constrained,0.3,2.0,20265738,wa_mcbr,0000000000000000000010000000000000000000000000000000000000010000000000000000001010100000110000011000
06ac6393eee7a87a46f65b36cf9d1863821846f32cd08b7f9dd84710f2fa08a1,5,9,20311602,highly_constrained,0.3,2.0,20265738,wa_mcbr_swap,0000000000000000000000000000000000000000000000000000000000100000000000000000001010110000110000011000
06ac6393eee7a87a46f65b36cf9d1863821846f32cd08b7f9dd84710f2fa08a1,5,9,20311602,highly_constrained,0.3,2.0,20265738,capacity_greedy,0000000000000000000010000000000000000000000000000000000000110000000000000000001010010000010000010000
06ac6393eee7a87a46f65b36cf9d1863821846f32cd08b7f9dd84710f2fa08a1,5,9,20311602,highly_constrained,0.3,2.0,20265738,lagrangian_relaxation,0000000000000000000010000000000000000000000000000000000000100000000000000000001010010000010000011000
06ac6393eee7a87a46f65b36cf9d1863821846f32cd08b7f9dd84710f2fa08a1,5,9,20311602,highly_constrained,0.3,2.0,20265738,legacy_count_br,0000000000000000000011000000000000000000000000000000000000010000000000000000001010100000010000011000
06ac6393eee7a87a46f65b36cf9d1863821846f32cd08b7f9dd84710f2fa08a1,5,9,20311602,highly_constrained,0.3,2.0,20265738,random_feasible,0000010000000001000010000010000000000000000000000000000000000000000000000000000100000000000000011010
06ac6393eee7a87a46f65b36cf9d1863821846f32cd08b7f9dd84710f2fa08a1,5,9,20311602,highly_constrained,0.3,2.0,20265738,all_local,0000000000000000000000000000000000000000000000000000000000000000000000000000000000000000000000000000
06ac6393eee7a87a46f65b36cf9d1863821846f32cd08b7f9dd84710f2fa08a1,5,9,20311602,highly_constrained,0.3,2.0,20265738,all_offload,1111111111111111111111111111111111111111111111111111111111111111111111111111111111111111111111111111
06ac6393eee7a87a46f65b36cf9d1863821846f32cd08b7f9dd84710f2fa08a1,5,9,20311602,highly_constrained,0.3,2.0,20265738,qdp_oracle,0000000000000000000000000000000000000000000000000000000000100000000000000000001010010000010000011000
