task_uid,test_pool_id,train_pool_ids,model,q_true_data,q_predicted
pool01-task000,1,"2,3,4,5",count,0.7861635220125786,1.0
pool01-task001,1,"2,3,4,5",count,0.6289308176100629,1.0
pool01-task002,1,"2,3,4,5",count,1.1792452830188678,1.0
pool01-task003,1,"2,3,4,5",count,0.9040880503144654,1.0
pool01-task004,1,"2,3,4,5",count,0.511006289308176,1.0
pool01-task005,1,"2,3,4,5",count,0.7075471698113207,1.0
pool01-task006,1,"2,3,4,5",count,0.8254716981132075,1.0
pool01-task007,1,"2,3,4,5",count,0.7075471698113207,1.0
pool01-task008,1,"2,3,4,5",count,0.550314465408805,1.0
pool01-task009,1,"2,3,4,5",count,1.2185534591194969,1.0
pool01-task010,1,"2,3,4,5",count,0.5896226415094339,1.0
pool01-task011,1,"2,3,4,5",count,0.6682389937106918,1.0
pool01-task012,1,"2,3,4,5",count,0.3930817610062893,1.0
pool01-task013,1,"2,3,4,5",count,0.7861635220125786,1.0
pool01-task014,1,"2,3,4,5",count,0.7861635220125786,1.0
pool01-task015,1,"2,3,4,5",count,0.7861635220125786,1.0
pool01-task016,1,"2,3,4,5",count,1.2971698113207546,1.0
pool01-task017,1,"2,3,4,5",count,0.8254716981132075,1.0
pool01-task018,1,"2,3,4,5",count,1.8081761006289307,1.0
pool01-task019,1,"2,3,4,5",count,1.9654088050314464,1.0
pool01-task020,1,"2,3,4,5",count,1.3364779874213837,1.0
pool01-task021,1,"2,3,4,5",count,1.9261006289308176,1.0
pool01-task022,1,"2,3,4,5",count,0.9433962264150942,1.0
pool01-task023,1,"2,3,4,5",count,0.8254716981132075,1.0
pool01-task024,1,"2,3,4,5",count,0.7468553459119497,1.0
pool01-task025,1,"2,3,4,5",count,0.6289308176100629,1.0
pool01-task026,1,"2,3,4,5",count,1.8474842767295596,1.0
pool01-task027,1,"2,3,4,5",count,0.511006289308176,1.0
pool01-task028,1,"2,3,4,5",count,0.7861635220125786,1.0
pool01-task029,1,"2,3,4,5",count,0.9827044025157232,1.0
pool01-task030,1,"2,3,4,5",count,0.5896226415094339,1.0
pool01-task031,1,"2,3,4,5",count,0.9040880503144654,1.0
pool01-task032,1,"2,3,4,5",count,0.6289308176100629,1.0
pool01-task033,1,"2,3,4,5",count,0.7075471698113207,1.0
pool01-task034,1,"2,3,4,5",count,0.9040880503144654,1.0
pool01-task035,1,"2,3,4,5",count,1.2971698113207546,1.0
pool01-task036,1,"2,3,4,5",count,1.0613207547169812,1.0
pool01-task037,1,"2,3,4,5",count,0.6289308176100629,1.0
pool01-task038,1,"2,3,4,5",count,0.7468553459119497,1.0
pool01-task039,1,"2,3,4,5",count,0.7468553459119497,1.0
pool01-task040,1,"2,3,4,5",count,1.0613207547169812,1.0
pool01-task041,1,"2,3,4,5",count,1.2971698113207546,1.0
pool01-task042,1,"2,3,4,5",count,0.6289308176100629,1.0
pool01-task043,1,"2,3,4,5",count,0.7861635220125786,1.0
pool01-task044,1,"2,3,4,5",count,1.139937106918239,1.0
pool01-task045,1,"2,3,4,5",count,0.511006289308176,1.0
pool01-task046,1,"2,3,4,5",count,0.9433962264150942,1.0
pool01-task047,1,"2,3,4,5",count,0.7075471698113207,1.0
pool01-task048,1,"2,3,4,5",count,1.0613207547169812,1.0
pool01-task049,1,"2,3,4,5",count,0.9040880503144654,1.0
pool01-task050,1,"2,3,4,5",count,2.3584905660377355,1.0
pool01-task051,1,"2,3,4,5",count,0.6682389937106918,1.0
pool01-task052,1,"2,3,4,5",count,2.4764150943396226,1.0
pool01-task053,1,"2,3,4,5",count,1.2185534591194969,1.0
pool01-task054,1,"2,3,4,5",count,0.5896226415094339,1.0
pool01-task055,1,"2,3,4,5",count,0.8647798742138364,1.0
pool01-task056,1,"2,3,4,5",count,1.3757861635220126,1.0
pool01-task057,1,"2,3,4,5",count,0.9040880503144654,1.0
pool01-task058,1,"2,3,4,5",count,0.5896226415094339,1.0
pool01-task059,1,"2,3,4,5",count,0.511006289308176,1.0
pool01-task060,1,"2,3,4,5",count,1.10062893081761,1.0
pool01-task061,1,"2,3,4,5",count,0.9827044025157232,1.0
pool01-task062,1,"2,3,4,5",count,1.1792452830188678,1.0
pool01-task063,1,"2,3,4,5",count,0.6289308176100629,1.0
pool01-task064,1,"2,3,4,5",count,0.7468553459119497,1.0
pool01-task065,1,"2,3,4,5",count,0.6289308176100629,1.0
pool01-task066,1,"2,3,4,5",count,0.8647798742138364,1.0
pool01-task067,1,"2,3,4,5",count,0.7861635220125786,1.0
pool01-task068,1,"2,3,4,5",count,1.10062893081761,1.0
pool01-task069,1,"2,3,4,5",count,1.10062893081761,1.0
pool01-task070,1,"2,3,4,5",count,1.10062893081761,1.0
pool01-task071,1,"2,3,4,5",count,1.4150943396226414,1.0
pool01-task072,1,"2,3,4,5",count,1.650943396226415,1.0
pool01-task073,1,"2,3,4,5",count,2.0047169811320753,1.0
pool01-task074,1,"2,3,4,5",count,2.5550314465408803,1.0
pool01-task075,1,"2,3,4,5",count,0.31446540880503143,1.0
pool01-task076,1,"2,3,4,5",count,1.2578616352201257,1.0
pool01-task077,1,"2,3,4,5",count,2.594339622641509,1.0
pool01-task078,1,"2,3,4,5",count,0.9827044025157232,1.0
pool01-task079,1,"2,3,4,5",count,0.3930817610062893,1.0
pool01-task080,1,"2,3,4,5",count,1.2185534591194969,1.0
pool01-task081,1,"2,3,4,5",count,0.6289308176100629,1.0
pool01-task082,1,"2,3,4,5",count,0.7468553459119497,1.0
pool01-task083,1,"2,3,4,5",count,0.7075471698113207,1.0
pool01-task084,1,"2,3,4,5",count,1.022012578616352,1.0
pool01-task085,1,"2,3,4,5",count,0.9433962264150942,1.0
pool01-task086,1,"2,3,4,5",count,1.10062893081761,1.0
pool01-task087,1,"2,3,4,5",count,1.022012578616352,1.0
pool01-task088,1,"2,3,4,5",count,0.3930817610062893,1.0
pool01-task089,1,"2,3,4,5",count,0.3930817610062893,1.0
pool01-task090,1,"2,3,4,5",count,1.139937106918239,1.0
pool01-task091,1,"2,3,4,5",count,1.690251572327044,1.0
pool01-task092,1,"2,3,4,5",count,2.5157232704402515,1.0
pool01-task093,1,"2,3,4,5",count,0.8254716981132075,1.0
pool01-task094,1,"2,3,4,5",count,0.4716981132075471,1.0
pool01-task095,1,"2,3,4,5",count,0.6682389937106918,1.0
pool01-task096,1,"2,3,4,5",count,0.9040880503144654,1.0
pool01-task097,1,"2,3,4,5",count,0.9040880503144654,1.0
pool01-task098,1,"2,3,4,5",count,1.3364779874213837,1.0
pool01-task099,1,"2,3,4,5",count,0.7075471698113207,1.0
pool01-task000,1,"2,3,4,5",deepseek,0.7861635220125786,0.970873786407767
pool01-task001,1,"2,3,4,5",deepseek,0.6289308176100629,0.970873786407767
pool01-task002,1,"2,3,4,5",deepseek,1.1792452830188678,0.970873786407767
pool01-task003,1,"2,3,4,5",deepseek,0.9040880503144654,0.970873786407767
pool01-task004,1,"2,3,4,5",deepseek,0.511006289308176,0.970873786407767
pool01-task005,1,"2,3,4,5",deepseek,0.7075471698113207,0.970873786407767
pool01-task006,1,"2,3,4,5",deepseek,0.8254716981132075,1.2135922330097086
pool01-task007,1,"2,3,4,5",deepseek,0.7075471698113207,0.970873786407767
pool01-task008,1,"2,3,4,5",deepseek,0.550314465408805,0.970873786407767
pool01-task009,1,"2,3,4,5",deepseek,1.2185534591194969,0.7281553398058253
pool01-task010,1,"2,3,4,5",deepseek,0.5896226415094339,0.970873786407767
pool01-task011,1,"2,3,4,5",deepseek,0.6682389937106918,1.2135922330097086
pool01-task012,1,"2,3,4,5",deepseek,0.3930817610062893,0.970873786407767
pool01-task013,1,"2,3,4,5",deepseek,0.7861635220125786,1.2135922330097086
pool01-task014,1,"2,3,4,5",deepseek,0.7861635220125786,0.970873786407767
pool01-task015,1,"2,3,4,5",deepseek,0.7861635220125786,0.970873786407767
pool01-task016,1,"2,3,4,5",deepseek,1.2971698113207546,1.2135922330097086
pool01-task017,1,"2,3,4,5",deepseek,0.8254716981132075,1.2135922330097086
pool01-task018,1,"2,3,4,5",deepseek,1.8081761006289307,0.7281553398058253
pool01-task019,1,"2,3,4,5",deepseek,1.9654088050314464,0.970873786407767
pool01-task020,1,"2,3,4,5",deepseek,1.3364779874213837,0.970873786407767
pool01-task021,1,"2,3,4,5",deepseek,1.9261006289308176,1.2135922330097086
pool01-task022,1,"2,3,4,5",deepseek,0.9433962264150942,1.2135922330097086
pool01-task023,1,"2,3,4,5",deepseek,0.8254716981132075,1.2135922330097086
pool01-task024,1,"2,3,4,5",deepseek,0.7468553459119497,1.2135922330097086
pool01-task025,1,"2,3,4,5",deepseek,0.6289308176100629,0.970873786407767
pool01-task026,1,"2,3,4,5",deepseek,1.8474842767295596,1.2135922330097086
pool01-task027,1,"2,3,4,5",deepseek,0.511006289308176,0.7281553398058253
pool01-task028,1,"2,3,4,5",deepseek,0.7861635220125786,0.7281553398058253
pool01-task029,1,"2,3,4,5",deepseek,0.9827044025157232,1.2135922330097086
pool01-task030,1,"2,3,4,5",deepseek,0.5896226415094339,1.2135922330097086
pool01-task031,1,"2,3,4,5",deepseek,0.9040880503144654,1.2135922330097086
pool01-task032,1,"2,3,4,5",deepseek,0.6289308176100629,1.2135922330097086
pool01-task033,1,"2,3,4,5",deepseek,0.7075471698113207,0.970873786407767
pool01-task034,1,"2,3,4,5",deepseek,0.9040880503144654,1.2135922330097086
pool01-task035,1,"2,3,4,5",deepseek,1.2971698113207546,0.7281553398058253
pool01-task036,1,"2,3,4,5",deepseek,1.0613207547169812,0.7281553398058253
pool01-task037,1,"2,3,4,5",deepseek,0.6289308176100629,1.2135922330097086
pool01-task038,1,"2,3,4,5",deepseek,0.7468553459119497,0.7281553398058253
pool01-task039,1,"2,3,4,5",deepseek,0.7468553459119497,0.7281553398058253
pool01-task040,1,"2,3,4,5",deepseek,1.0613207547169812,1.2135922330097086
pool01-task041,1,"2,3,4,5",deepseek,1.2971698113207546,0.7281553398058253
pool01-task042,1,"2,3,4,5",deepseek,0.6289308176100629,0.7281553398058253
pool01-task043,1,"2,3,4,5",deepseek,0.7861635220125786,0.970873786407767
pool01-task044,1,"2,3,4,5",deepseek,1.139937106918239,0.7281553398058253
pool01-task045,1,"2,3,4,5",deepseek,0.511006289308176,0.7281553398058253
pool01-task046,1,"2,3,4,5",deepseek,0.9433962264150942,0.970873786407767
pool01-task047,1,"2,3,4,5",deepseek,0.7075471698113207,1.2135922330097086
pool01-task048,1,"2,3,4,5",deepseek,1.0613207547169812,0.970873786407767
pool01-task049,1,"2,3,4,5",deepseek,0.9040880503144654,0.970873786407767
pool01-task050,1,"2,3,4,5",deepseek,2.3584905660377355,1.2135922330097086
pool01-task051,1,"2,3,4,5",deepseek,0.6682389937106918,1.2135922330097086
pool01-task052,1,"2,3,4,5",deepseek,2.4764150943396226,0.970873786407767
pool01-task053,1,"2,3,4,5",deepseek,1.2185534591194969,0.970873786407767
pool01-task054,1,"2,3,4,5",deepseek,0.5896226415094339,0.970873786407767
pool01-task055,1,"2,3,4,5",deepseek,0.8647798742138364,0.970873786407767
pool01-task056,1,"2,3,4,5",deepseek,1.3757861635220126,0.7281553398058253
pool01-task057,1,"2,3,4,5",deepseek,0.9040880503144654,1.2135922330097086
pool01-task058,1,"2,3,4,5",deepseek,0.5896226415094339,0.7281553398058253
pool01-task059,1,"2,3,4,5",deepseek,0.511006289308176,0.4854368932038835
pool01-task060,1,"2,3,4,5",deepseek,1.10062893081761,1.2135922330097086
pool01-task061,1,"2,3,4,5",deepseek,0.9827044025157232,1.6990291262135921
pool01-task062,1,"2,3,4,5",deepseek,1.1792452830188678,0.970873786407767
pool01-task063,1,"2,3,4,5",deepseek,0.6289308176100629,1.2135922330097086
pool01-task064,1,"2,3,4,5",deepseek,0.7468553459119497,0.970873786407767
pool01-task065,1,"2,3,4,5",deepseek,0.6289308176100629,0.970873786407767
pool01-task066,1,"2,3,4,5",deepseek,0.8647798742138364,0.970873786407767
pool01-task067,1,"2,3,4,5",deepseek,0.7861635220125786,1.2135922330097086
pool01-task068,1,"2,3,4,5",deepseek,1.10062893081761,0.970873786407767
pool01-task069,1,"2,3,4,5",deepseek,1.10062893081761,1.2135922330097086
pool01-task070,1,"2,3,4,5",deepseek,1.10062893081761,0.970873786407767
pool01-task071,1,"2,3,4,5",deepseek,1.4150943396226414,1.2135922330097086
pool01-task072,1,"2,3,4,5",deepseek,1.650943396226415,0.970873786407767
pool01-task073,1,"2,3,4,5",deepseek,2.0047169811320753,0.970873786407767
pool01-task074,1,"2,3,4,5",deepseek,2.5550314465408803,0.970873786407767
pool01-task075,1,"2,3,4,5",deepseek,0.31446540880503143,0.970873786407767
pool01-task076,1,"2,3,4,5",deepseek,1.2578616352201257,1.2135922330097086
pool01-task077,1,"2,3,4,5",deepseek,2.594339622641509,0.970873786407767
pool01-task078,1,"2,3,4,5",deepseek,0.9827044025157232,0.970873786407767
pool01-task079,1,"2,3,4,5",deepseek,0.3930817610062893,0.970873786407767
pool01-task080,1,"2,3,4,5",deepseek,1.2185534591194969,1.2135922330097086
pool01-task081,1,"2,3,4,5",deepseek,0.6289308176100629,0.7281553398058253
pool01-task082,1,"2,3,4,5",deepseek,0.7468553459119497,0.970873786407767
pool01-task083,1,"2,3,4,5",deepseek,0.7075471698113207,0.970873786407767
pool01-task084,1,"2,3,4,5",deepseek,1.022012578616352,1.2135922330097086
pool01-task085,1,"2,3,4,5",deepseek,0.9433962264150942,1.2135922330097086
pool01-task086,1,"2,3,4,5",deepseek,1.10062893081761,0.970873786407767
pool01-task087,1,"2,3,4,5",deepseek,1.022012578616352,1.2135922330097086
pool01-task088,1,"2,3,4,5",deepseek,0.3930817610062893,0.7281553398058253
pool01-task089,1,"2,3,4,5",deepseek,0.3930817610062893,0.7281553398058253
pool01-task090,1,"2,3,4,5",deepseek,1.139937106918239,0.970873786407767
pool01-task091,1,"2,3,4,5",deepseek,1.690251572327044,0.7281553398058253
pool01-task092,1,"2,3,4,5",deepseek,2.5157232704402515,0.970873786407767
pool01-task093,1,"2,3,4,5",deepseek,0.8254716981132075,0.970873786407767
pool01-task094,1,"2,3,4,5",deepseek,0.4716981132075471,0.7281553398058253
pool01-task095,1,"2,3,4,5",deepseek,0.6682389937106918,0.970873786407767
pool01-task096,1,"2,3,4,5",deepseek,0.9040880503144654,1.2135922330097086
pool01-task097,1,"2,3,4,5",deepseek,0.9040880503144654,0.7281553398058253
pool01-task098,1,"2,3,4,5",deepseek,1.3364779874213837,0.7281553398058253
pool01-task099,1,"2,3,4,5",deepseek,0.7075471698113207,0.970873786407767
pool01-task000,1,"2,3,4,5",linear,0.7861635220125786,0.7758247229534576
pool01-task001,1,"2,3,4,5",linear,0.6289308176100629,0.7719869838571708
pool01-task002,1,"2,3,4,5",linear,1.1792452830188678,0.772882456312971
pool01-task003,1,"2,3,4,5",linear,0.9040880503144654,0.775313024407286
pool01-task004,1,"2,3,4,5",linear,0.511006289308176,0.7740337780418571
pool01-task005,1,"2,3,4,5",linear,0.7075471698113207,0.7741617026784
pool01-task006,1,"2,3,4,5",linear,0.8254716981132075,0.9340663852942821
pool01-task007,1,"2,3,4,5",linear,0.7075471698113207,0.7741617026784
pool01-task008,1,"2,3,4,5",linear,0.550314465408805,0.7745454765880286
pool01-task009,1,"2,3,4,5",linear,1.2185534591194969,1.8050094130789824
pool01-task010,1,"2,3,4,5",linear,0.5896226415094339,0.7718590592206279
pool01-task011,1,"2,3,4,5",linear,0.6682389937106918,0.9334267621115676
pool01-task012,1,"2,3,4,5",linear,0.3930817610062893,0.7735220794956855
pool01-task013,1,"2,3,4,5",linear,0.7861635220125786,0.930612420107624
pool01-task014,1,"2,3,4,5",linear,0.7861635220125786,0.7732662302225997
pool01-task015,1,"2,3,4,5",linear,0.7861635220125786,0.772882456312971
pool01-task016,1,"2,3,4,5",linear,1.2971698113207546,0.9318916664730529
pool01-task017,1,"2,3,4,5",linear,0.8254716981132075,1.145993382416696
pool01-task018,1,"2,3,4,5",linear,1.8081761006289307,0.47345635806629544
pool01-task019,1,"2,3,4,5",linear,1.9654088050314464,1.5132332764850644
pool01-task020,1,"2,3,4,5",linear,1.3364779874213837,1.5133612011216073
pool01-task021,1,"2,3,4,5",linear,1.9261006289308176,2.1779924145461647
pool01-task022,1,"2,3,4,5",linear,0.9433962264150942,1.1465050809628674
pool01-task023,1,"2,3,4,5",linear,0.8254716981132075,1.1470167795090391
pool01-task024,1,"2,3,4,5",linear,0.7468553459119497,1.1479122519648395
pool01-task025,1,"2,3,4,5",linear,0.6289308176100629,0.7745454765880286
pool01-task026,1,"2,3,4,5",linear,1.8474842767295596,1.9674725884257225
pool01-task027,1,"2,3,4,5",linear,0.511006289308176,0.47511937834135304
pool01-task028,1,"2,3,4,5",linear,0.7861635220125786,0.47511937834135304
pool01-task029,1,"2,3,4,5",linear,0.9827044025157232,1.147144704145582
pool01-task030,1,"2,3,4,5",linear,0.5896226415094339,0.4170506528958562
pool01-task031,1,"2,3,4,5",linear,0.9040880503144654,1.143818663595467
pool01-task032,1,"2,3,4,5",linear,0.6289308176100629,1.1476564026917537
pool01-task033,1,"2,3,4,5",linear,0.7075471698113207,0.7768481200458007
pool01-task034,1,"2,3,4,5",linear,0.9040880503144654,1.1476564026917537
pool01-task035,1,"2,3,4,5",linear,1.2971698113207546,1.3038405856885507
pool01-task036,1,"2,3,4,5",linear,1.0613207547169812,0.473968056612467
pool01-task037,1,"2,3,4,5",linear,0.6289308176100629,1.1468888548724965
pool01-task038,1,"2,3,4,5",linear,0.7468553459119497,0.47447975515863855
pool01-task039,1,"2,3,4,5",linear,0.7468553459119497,0.4714095638816092
pool01-task040,1,"2,3,4,5",linear,1.0613207547169812,1.3821908312206972
pool01-task041,1,"2,3,4,5",linear,1.2971698113207546,0.4714095638816092
pool01-task042,1,"2,3,4,5",linear,0.6289308176100629,0.471665413154695
pool01-task043,1,"2,3,4,5",linear,0.7861635220125786,0.7748013258611144
pool01-task044,1,"2,3,4,5",linear,1.139937106918239,0.7771039693188865
pool01-task045,1,"2,3,4,5",linear,0.511006289308176,0.4711537146085234
pool01-task046,1,"2,3,4,5",linear,0.9433962264150942,1.345397266403523
pool01-task047,1,"2,3,4,5",linear,0.7075471698113207,1.1429231911396665
pool01-task048,1,"2,3,4,5",linear,1.0613207547169812,1.3388731099398357
pool01-task049,1,"2,3,4,5",linear,0.9040880503144654,1.3388731099398357
pool01-task050,1,"2,3,4,5",linear,2.3584905660377355,0.6511580623704014
pool01-task051,1,"2,3,4,5",linear,0.6682389937106918,1.142411492593495
pool01-task052,1,"2,3,4,5",linear,2.4764150943396226,1.9676005130622654
pool01-task053,1,"2,3,4,5",linear,1.2185534591194969,0.772882456312971
pool01-task054,1,"2,3,4,5",linear,0.5896226415094339,0.7758247229534576
pool01-task055,1,"2,3,4,5",linear,0.8647798742138364,0.775313024407286
pool01-task056,1,"2,3,4,5",linear,1.3757861635220126,0.47345635806629544
pool01-task057,1,"2,3,4,5",linear,0.9040880503144654,1.7154380012302186
pool01-task058,1,"2,3,4,5",linear,0.5896226415094339,1.5035365206476206
pool01-task059,1,"2,3,4,5",linear,0.511006289308176,0.7804300098690017
pool01-task060,1,"2,3,4,5",linear,1.10062893081761,1.2295952216900874
pool01-task061,1,"2,3,4,5",linear,0.9827044025157232,2.3524888918529787
pool01-task062,1,"2,3,4,5",linear,1.1792452830188678,0.5276533913940563
pool01-task063,1,"2,3,4,5",linear,0.6289308176100629,1.7105768650415887
pool01-task064,1,"2,3,4,5",linear,0.7468553459119497,0.7744175519514858
pool01-task065,1,"2,3,4,5",linear,0.6289308176100629,0.7754409490438289
pool01-task066,1,"2,3,4,5",linear,0.8647798742138364,0.7744175519514858
pool01-task067,1,"2,3,4,5",linear,0.7861635220125786,2.164688252345704
pool01-task068,1,"2,3,4,5",linear,1.10062893081761,0.7736500041322284
pool01-task069,1,"2,3,4,5",linear,1.10062893081761,1.1466330055994105
pool01-task070,1,"2,3,4,5",linear,1.10062893081761,0.775313024407286
pool01-task071,1,"2,3,4,5",linear,1.4150943396226414,0.7529262130122799
pool01-task072,1,"2,3,4,5",linear,1.650943396226415,1.9670888145160939
pool01-task073,1,"2,3,4,5",linear,2.0047169811320753,1.6616502583519022
pool01-task074,1,"2,3,4,5",linear,2.5550314465408803,1.6616502583519022
pool01-task075,1,"2,3,4,5",linear,0.31446540880503143,0.7736500041322284
pool01-task076,1,"2,3,4,5",linear,1.2578616352201257,1.303620938114622
pool01-task077,1,"2,3,4,5",linear,2.594339622641509,1.9673446637891796
pool01-task078,1,"2,3,4,5",linear,0.9827044025157232,0.7741617026784
pool01-task079,1,"2,3,4,5",linear,0.3930817610062893,0.7668699983954551
pool01-task080,1,"2,3,4,5",linear,1.2185534591194969,1.1498311215129828
pool01-task081,1,"2,3,4,5",linear,0.6289308176100629,0.7773598185919723
pool01-task082,1,"2,3,4,5",linear,0.7468553459119497,0.7758247229534576
pool01-task083,1,"2,3,4,5",linear,0.7075471698113207,0.7745454765880286
pool01-task084,1,"2,3,4,5",linear,1.022012578616352,1.147144704145582
pool01-task085,1,"2,3,4,5",linear,0.9433962264150942,0.9344501592039108
pool01-task086,1,"2,3,4,5",linear,1.10062893081761,1.5100351605714921
pool01-task087,1,"2,3,4,5",linear,1.022012578616352,0.9330429882019389
pool01-task088,1,"2,3,4,5",linear,0.3930817610062893,0.47345635806629544
pool01-task089,1,"2,3,4,5",linear,0.3930817610062893,0.7800462359593731
pool01-task090,1,"2,3,4,5",linear,1.139937106918239,0.7675096215781695
pool01-task091,1,"2,3,4,5",linear,1.690251572327044,0.8745448900416346
pool01-task092,1,"2,3,4,5",linear,2.5157232704402515,1.1011915985769514
pool01-task093,1,"2,3,4,5",linear,0.8254716981132075,0.7744175519514858
pool01-task094,1,"2,3,4,5",linear,0.4716981132075471,0.7755688736803718
pool01-task095,1,"2,3,4,5",linear,0.6682389937106918,0.7732662302225997
pool01-task096,1,"2,3,4,5",linear,0.9040880503144654,0.8277191128234465
pool01-task097,1,"2,3,4,5",linear,0.9040880503144654,0.4707699406988948
pool01-task098,1,"2,3,4,5",linear,1.3364779874213837,0.4707699406988948
pool01-task099,1,"2,3,4,5",linear,0.7075471698113207,0.7742896273149429
pool01-task000,1,"2,3,4,5",tree,0.7861635220125786,0.7173456638132337
pool01-task001,1,"2,3,4,5",tree,0.6289308176100629,0.756216987560255
pool01-task002,1,"2,3,4,5",tree,1.1792452830188678,0.7378614990977773
pool01-task003,1,"2,3,4,5",tree,0.9040880503144654,0.5375252967155293
pool01-task004,1,"2,3,4,5",tree,0.511006289308176,0.6299466049699475
pool01-task005,1,"2,3,4,5",tree,0.7075471698113207,0.6105240430930365
pool01-task006,1,"2,3,4,5",tree,0.8254716981132075,0.7020261157242933
pool01-task007,1,"2,3,4,5",tree,0.7075471698113207,0.6105240430930365
pool01-task008,1,"2,3,4,5",tree,0.550314465408805,0.6609474606082538
pool01-task009,1,"2,3,4,5",tree,1.2185534591194969,2.420411162992718
pool01-task010,1,"2,3,4,5",tree,0.5896226415094339,0.763954722802548
pool01-task011,1,"2,3,4,5",tree,0.6682389937106918,0.7458673497071163
pool01-task012,1,"2,3,4,5",tree,0.3930817610062893,0.9270770546177043
pool01-task013,1,"2,3,4,5",tree,0.7861635220125786,0.6667592427720325
pool01-task014,1,"2,3,4,5",tree,0.7861635220125786,0.800119832602216
pool01-task015,1,"2,3,4,5",tree,0.7861635220125786,0.7378614990977773
pool01-task016,1,"2,3,4,5",tree,1.2971698113207546,0.7402753850926305
pool01-task017,1,"2,3,4,5",tree,0.8254716981132075,1.0252002734130994
pool01-task018,1,"2,3,4,5",tree,1.8081761006289307,0.6418057804102345
pool01-task019,1,"2,3,4,5",tree,1.9654088050314464,1.525140318831056
pool01-task020,1,"2,3,4,5",tree,1.3364779874213837,1.5331751244976852
pool01-task021,1,"2,3,4,5",tree,1.9261006289308176,2.856454072085489
pool01-task022,1,"2,3,4,5",tree,0.9433962264150942,1.0235711829000729
pool01-task023,1,"2,3,4,5",tree,0.8254716981132075,1.0961189220148957
pool01-task024,1,"2,3,4,5",tree,0.7468553459119497,0.8998832239401976
pool01-task025,1,"2,3,4,5",tree,0.6289308176100629,0.6609474606082538
pool01-task026,1,"2,3,4,5",tree,1.8474842767295596,2.133986723947833
pool01-task027,1,"2,3,4,5",tree,0.511006289308176,0.8062709341323027
pool01-task028,1,"2,3,4,5",tree,0.7861635220125786,0.8062709341323027
pool01-task029,1,"2,3,4,5",tree,0.9827044025157232,1.0892891378518494
pool01-task030,1,"2,3,4,5",tree,0.5896226415094339,0.8768623626120434
pool01-task031,1,"2,3,4,5",tree,0.9040880503144654,1.0610600114004565
pool01-task032,1,"2,3,4,5",tree,0.6289308176100629,0.8895423007637154
pool01-task033,1,"2,3,4,5",tree,0.7075471698113207,0.745370059810678
pool01-task034,1,"2,3,4,5",tree,0.9040880503144654,0.8895423007637154
pool01-task035,1,"2,3,4,5",tree,1.2971698113207546,1.5710671441923127
pool01-task036,1,"2,3,4,5",tree,1.0613207547169812,0.8322420185826563
pool01-task037,1,"2,3,4,5",tree,0.6289308176100629,1.085609533399114
pool01-task038,1,"2,3,4,5",tree,0.7468553459119497,0.7602013764042374
pool01-task039,1,"2,3,4,5",tree,0.7468553459119497,0.5663844078592676
pool01-task040,1,"2,3,4,5",tree,1.0613207547169812,1.0617747685917842
pool01-task041,1,"2,3,4,5",tree,1.2971698113207546,0.5663844078592676
pool01-task042,1,"2,3,4,5",tree,0.6289308176100629,0.5700718929976146
pool01-task043,1,"2,3,4,5",tree,0.7861635220125786,0.6165404100159684
pool01-task044,1,"2,3,4,5",tree,1.139937106918239,0.7373793840656581
pool01-task045,1,"2,3,4,5",tree,0.511006289308176,0.5661248109023728
pool01-task046,1,"2,3,4,5",tree,0.9433962264150942,1.390269439985795
pool01-task047,1,"2,3,4,5",tree,0.7075471698113207,1.080010132050283
pool01-task048,1,"2,3,4,5",tree,1.0613207547169812,1.1553497741972196
pool01-task049,1,"2,3,4,5",tree,0.9040880503144654,1.1553497741972196
pool01-task050,1,"2,3,4,5",tree,2.3584905660377355,1.0632940429444682
pool01-task051,1,"2,3,4,5",tree,0.6682389937106918,1.074211124329855
pool01-task052,1,"2,3,4,5",tree,2.4764150943396226,2.1320203207461543
pool01-task053,1,"2,3,4,5",tree,1.2185534591194969,0.7378614990977773
pool01-task054,1,"2,3,4,5",tree,0.5896226415094339,0.7173456638132337
pool01-task055,1,"2,3,4,5",tree,0.8647798742138364,0.5375252967155293
pool01-task056,1,"2,3,4,5",tree,1.3757861635220126,0.6418057804102345
pool01-task057,1,"2,3,4,5",tree,0.9040880503144654,1.352660602447767
pool01-task058,1,"2,3,4,5",tree,0.5896226415094339,1.6849300309551107
pool01-task059,1,"2,3,4,5",tree,0.511006289308176,0.7507231418648055
pool01-task060,1,"2,3,4,5",tree,1.10062893081761,1.0717302476906705
pool01-task061,1,"2,3,4,5",tree,0.9827044025157232,1.0929273887707613
pool01-task062,1,"2,3,4,5",tree,1.1792452830188678,0.8526323316414521
pool01-task063,1,"2,3,4,5",tree,0.6289308176100629,1.3524165571096416
pool01-task064,1,"2,3,4,5",tree,0.7468553459119497,0.7330617179580303
pool01-task065,1,"2,3,4,5",tree,0.6289308176100629,0.5808648503538331
pool01-task066,1,"2,3,4,5",tree,0.8647798742138364,0.7330617179580303
pool01-task067,1,"2,3,4,5",tree,0.7861635220125786,3.1605749391619
pool01-task068,1,"2,3,4,5",tree,1.10062893081761,0.7625493198105491
pool01-task069,1,"2,3,4,5",tree,1.10062893081761,1.0560282185997825
pool01-task070,1,"2,3,4,5",tree,1.10062893081761,0.5375252967155293
pool01-task071,1,"2,3,4,5",tree,1.4150943396226414,0.7558222721969787
pool01-task072,1,"2,3,4,5",tree,1.650943396226415,2.551046441436487
pool01-task073,1,"2,3,4,5",tree,2.0047169811320753,2.0221892262669656
pool01-task074,1,"2,3,4,5",tree,2.5550314465408803,2.0221892262669656
pool01-task075,1,"2,3,4,5",tree,0.31446540880503143,0.7625493198105491
pool01-task076,1,"2,3,4,5",tree,1.2578616352201257,1.1048614462212711
pool01-task077,1,"2,3,4,5",tree,2.594339622641509,2.1388484759391315
pool01-task078,1,"2,3,4,5",tree,0.9827044025157232,0.6105240430930365
pool01-task079,1,"2,3,4,5",tree,0.3930817610062893,0.7835843343300632
pool01-task080,1,"2,3,4,5",tree,1.2185534591194969,0.8977714776971926
pool01-task081,1,"2,3,4,5",tree,0.6289308176100629,0.7426766243571368
pool01-task082,1,"2,3,4,5",tree,0.7468553459119497,0.7173456638132337
pool01-task083,1,"2,3,4,5",tree,0.7075471698113207,0.6609474606082538
pool01-task084,1,"2,3,4,5",tree,1.022012578616352,1.0892891378518494
pool01-task085,1,"2,3,4,5",tree,0.9433962264150942,0.7171930132190811
pool01-task086,1,"2,3,4,5",tree,1.10062893081761,1.5893043988896591
pool01-task087,1,"2,3,4,5",tree,1.022012578616352,0.6605911997782815
pool01-task088,1,"2,3,4,5",tree,0.3930817610062893,0.6418057804102345
pool01-task089,1,"2,3,4,5",tree,0.3930817610062893,0.850940841035926
pool01-task090,1,"2,3,4,5",tree,1.139937106918239,0.7845611274281654
pool01-task091,1,"2,3,4,5",tree,1.690251572327044,1.6261194701400652
pool01-task092,1,"2,3,4,5",tree,2.5157232704402515,0.8912524593373525
pool01-task093,1,"2,3,4,5",tree,0.8254716981132075,0.7330617179580303
pool01-task094,1,"2,3,4,5",tree,0.4716981132075471,0.6677258219393212
pool01-task095,1,"2,3,4,5",tree,0.6682389937106918,0.800119832602216
pool01-task096,1,"2,3,4,5",tree,0.9040880503144654,0.762728044988963
pool01-task097,1,"2,3,4,5",tree,0.9040880503144654,0.565073009544895
pool01-task098,1,"2,3,4,5",tree,1.3364779874213837,0.565073009544895
pool01-task099,1,"2,3,4,5",tree,0.7075471698113207,0.6185606704219447
pool02-task000,2,"1,3,4,5",count,1.2997562956945572,1.0
pool02-task001,2,"1,3,4,5",count,0.6904955320877335,1.0
pool02-task002,2,"1,3,4,5",count,0.6498781478472786,1.0
pool02-task003,2,"1,3,4,5",count,0.7717303005686433,1.0
pool02-task004,2,"1,3,4,5",count,0.934199837530463,1.0
pool02-task005,2,"1,3,4,5",count,0.7311129163281884,1.0
pool02-task006,2,"1,3,4,5",count,0.8935824532900081,1.0
pool02-task007,2,"1,3,4,5",count,1.7465475223395612,1.0
pool02-task008,2,"1,3,4,5",count,0.7717303005686433,1.0
pool02-task009,2,"1,3,4,5",count,1.1372867587327375,1.0
pool02-task010,2,"1,3,4,5",count,1.0560519902518277,1.0
pool02-task011,2,"1,3,4,5",count,0.934199837530463,1.0
pool02-task012,2,"1,3,4,5",count,0.8123476848090982,1.0
pool02-task013,2,"1,3,4,5",count,1.0154346060113728,1.0
pool02-task014,2,"1,3,4,5",count,1.0966693744922826,1.0
pool02-task015,2,"1,3,4,5",count,0.8123476848090982,1.0
pool02-task016,2,"1,3,4,5",count,0.9748172217709179,1.0
pool02-task017,2,"1,3,4,5",count,1.2185215272136474,1.0
pool02-task018,2,"1,3,4,5",count,0.8935824532900081,1.0
pool02-task019,2,"1,3,4,5",count,0.8529650690495532,1.0
pool02-task020,2,"1,3,4,5",count,1.2997562956945572,1.0
pool02-task021,2,"1,3,4,5",count,0.5280259951259139,1.0
pool02-task022,2,"1,3,4,5",count,1.2185215272136474,1.0
pool02-task023,2,"1,3,4,5",count,0.5686433793663688,1.0
pool02-task024,2,"1,3,4,5",count,0.5280259951259139,1.0
pool02-task025,2,"1,3,4,5",count,2.39642567018684,1.0
pool02-task026,2,"1,3,4,5",count,0.48740861088545895,1.0
pool02-task027,2,"1,3,4,5",count,1.0560519902518277,1.0
pool02-task028,2,"1,3,4,5",count,0.6498781478472786,1.0
pool02-task029,2,"1,3,4,5",count,0.6904955320877335,1.0
pool02-task030,2,"1,3,4,5",count,0.5686433793663688,1.0
pool02-task031,2,"1,3,4,5",count,0.5280259951259139,1.0
pool02-task032,2,"1,3,4,5",count,0.6092607636068237,1.0
pool02-task033,2,"1,3,4,5",count,0.7717303005686433,1.0
pool02-task034,2,"1,3,4,5",count,0.5280259951259139,1.0
pool02-task035,2,"1,3,4,5",count,0.6498781478472786,1.0
pool02-task036,2,"1,3,4,5",count,0.7311129163281884,1.0
pool02-task037,2,"1,3,4,5",count,1.5434606011372867,1.0
pool02-task038,2,"1,3,4,5",count,0.6498781478472786,1.0
pool02-task039,2,"1,3,4,5",count,0.934199837530463,1.0
pool02-task040,2,"1,3,4,5",count,0.8935824532900081,1.0
pool02-task041,2,"1,3,4,5",count,1.7465475223395612,1.0
pool02-task042,2,"1,3,4,5",count,1.2997562956945572,1.0
pool02-task043,2,"1,3,4,5",count,0.4061738424045491,1.0
pool02-task044,2,"1,3,4,5",count,0.4061738424045491,1.0
pool02-task045,2,"1,3,4,5",count,3.8180341186027618,1.0
pool02-task046,2,"1,3,4,5",count,2.761982128350934,1.0
pool02-task047,2,"1,3,4,5",count,2.9244516653127537,1.0
pool02-task048,2,"1,3,4,5",count,0.3249390739236393,1.0
pool02-task049,2,"1,3,4,5",count,0.7311129163281884,1.0
pool02-task050,2,"1,3,4,5",count,0.8529650690495532,1.0
pool02-task051,2,"1,3,4,5",count,0.4061738424045491,1.0
pool02-task052,2,"1,3,4,5",count,0.7717303005686433,1.0
pool02-task053,2,"1,3,4,5",count,1.1372867587327375,1.0
pool02-task054,2,"1,3,4,5",count,0.8935824532900081,1.0
pool02-task055,2,"1,3,4,5",count,0.8123476848090982,1.0
pool02-task056,2,"1,3,4,5",count,0.48740861088545895,1.0
pool02-task057,2,"1,3,4,5",count,0.4061738424045491,1.0
pool02-task058,2,"1,3,4,5",count,0.7311129163281884,1.0
pool02-task059,2,"1,3,4,5",count,0.9748172217709179,1.0
pool02-task060,2,"1,3,4,5",count,1.5028432168968318,1.0
pool02-task061,2,"1,3,4,5",count,0.7717303005686433,1.0
pool02-task062,2,"1,3,4,5",count,0.48740861088545895,1.0
pool02-task063,2,"1,3,4,5",count,1.4622258326563768,1.0
pool02-task064,2,"1,3,4,5",count,4.0211210398050365,1.0
pool02-task065,2,"1,3,4,5",count,1.0560519902518277,1.0
pool02-task066,2,"1,3,4,5",count,2.1121039805036554,1.0
pool02-task067,2,"1,3,4,5",count,0.934199837530463,1.0
pool02-task068,2,"1,3,4,5",count,0.44679122664500404,1.0
pool02-task069,2,"1,3,4,5",count,0.6904955320877335,1.0
pool02-task070,2,"1,3,4,5",count,1.6653127538586514,1.0
pool02-task071,2,"1,3,4,5",count,0.5686433793663688,1.0
pool02-task072,2,"1,3,4,5",count,2.0714865962632008,1.0
pool02-task073,2,"1,3,4,5",count,2.39642567018684,1.0
pool02-task074,2,"1,3,4,5",count,2.274573517465475,1.0
pool02-task075,2,"1,3,4,5",count,0.8529650690495532,1.0
pool02-task076,2,"1,3,4,5",count,1.0966693744922826,1.0
pool02-task077,2,"1,3,4,5",count,0.8935824532900081,1.0
pool02-task078,2,"1,3,4,5",count,0.48740861088545895,1.0
pool02-task079,2,"1,3,4,5",count,0.5280259951259139,1.0
pool02-task080,2,"1,3,4,5",count,0.44679122664500404,1.0
pool02-task081,2,"1,3,4,5",count,0.7717303005686433,1.0
pool02-task082,2,"1,3,4,5",count,1.0560519902518277,1.0
pool02-task083,2,"1,3,4,5",count,0.24370430544272947,1.0
pool02-task084,2,"1,3,4,5",count,0.20308692120227456,1.0
pool02-task085,2,"1,3,4,5",count,0.44679122664500404,1.0
pool02-task086,2,"1,3,4,5",count,0.8123476848090982,1.0
pool02-task087,2,"1,3,4,5",count,1.0966693744922826,1.0
pool02-task088,2,"1,3,4,5",count,0.6092607636068237,1.0
pool02-task089,2,"1,3,4,5",count,0.3249390739236393,1.0
pool02-task090,2,"1,3,4,5",count,0.7311129163281884,1.0
pool02-task091,2,"1,3,4,5",count,0.7311129163281884,1.0
pool02-task092,2,"1,3,4,5",count,0.8935824532900081,1.0
pool02-task093,2,"1,3,4,5",count,0.7717303005686433,1.0
pool02-task094,2,"1,3,4,5",count,1.1779041429731925,1.0
pool02-task095,2,"1,3,4,5",count,0.934199837530463,1.0
pool02-task096,2,"1,3,4,5",count,0.6904955320877335,1.0
pool02-task097,2,"1,3,4,5",count,1.0154346060113728,1.0
pool02-task098,2,"1,3,4,5",count,0.9748172217709179,1.0
pool02-task099,2,"1,3,4,5",count,0.7311129163281884,1.0
pool02-task000,2,"1,3,4,5",deepseek,1.2997562956945572,0.9900990099009901
pool02-task001,2,"1,3,4,5",deepseek,0.6904955320877335,0.9900990099009901
pool02-task002,2,"1,3,4,5",deepseek,0.6498781478472786,0.7425742574257426
pool02-task003,2,"1,3,4,5",deepseek,0.7717303005686433,0.9900990099009901
pool02-task004,2,"1,3,4,5",deepseek,0.934199837530463,0.7425742574257426
pool02-task005,2,"1,3,4,5",deepseek,0.7311129163281884,1.2376237623762376
pool02-task006,2,"1,3,4,5",deepseek,0.8935824532900081,0.49504950495049505
pool02-task007,2,"1,3,4,5",deepseek,1.7465475223395612,1.2376237623762376
pool02-task008,2,"1,3,4,5",deepseek,0.7717303005686433,0.9900990099009901
pool02-task009,2,"1,3,4,5",deepseek,1.1372867587327375,1.2376237623762376
pool02-task010,2,"1,3,4,5",deepseek,1.0560519902518277,1.2376237623762376
pool02-task011,2,"1,3,4,5",deepseek,0.934199837530463,0.9900990099009901
pool02-task012,2,"1,3,4,5",deepseek,0.8123476848090982,0.9900990099009901
pool02-task013,2,"1,3,4,5",deepseek,1.0154346060113728,0.9900990099009901
pool02-task014,2,"1,3,4,5",deepseek,1.0966693744922826,0.9900990099009901
pool02-task015,2,"1,3,4,5",deepseek,0.8123476848090982,0.9900990099009901
pool02-task016,2,"1,3,4,5",deepseek,0.9748172217709179,1.2376237623762376
pool02-task017,2,"1,3,4,5",deepseek,1.2185215272136474,1.2376237623762376
pool02-task018,2,"1,3,4,5",deepseek,0.8935824532900081,0.7425742574257426
pool02-task019,2,"1,3,4,5",deepseek,0.8529650690495532,0.9900990099009901
pool02-task020,2,"1,3,4,5",deepseek,1.2997562956945572,0.9900990099009901
pool02-task021,2,"1,3,4,5",deepseek,0.5280259951259139,0.9900990099009901
pool02-task022,2,"1,3,4,5",deepseek,1.2185215272136474,0.9900990099009901
pool02-task023,2,"1,3,4,5",deepseek,0.5686433793663688,0.9900990099009901
pool02-task024,2,"1,3,4,5",deepseek,0.5280259951259139,0.9900990099009901
pool02-task025,2,"1,3,4,5",deepseek,2.39642567018684,1.2376237623762376
pool02-task026,2,"1,3,4,5",deepseek,0.48740861088545895,0.9900990099009901
pool02-task027,2,"1,3,4,5",deepseek,1.0560519902518277,1.2376237623762376
pool02-task028,2,"1,3,4,5",deepseek,0.6498781478472786,0.9900990099009901
pool02-task029,2,"1,3,4,5",deepseek,0.6904955320877335,0.7425742574257426
pool02-task030,2,"1,3,4,5",deepseek,0.5686433793663688,0.7425742574257426
pool02-task031,2,"1,3,4,5",deepseek,0.5280259951259139,0.7425742574257426
pool02-task032,2,"1,3,4,5",deepseek,0.6092607636068237,0.7425742574257426
pool02-task033,2,"1,3,4,5",deepseek,0.7717303005686433,0.9900990099009901
pool02-task034,2,"1,3,4,5",deepseek,0.5280259951259139,0.9900990099009901
pool02-task035,2,"1,3,4,5",deepseek,0.6498781478472786,1.2376237623762376
pool02-task036,2,"1,3,4,5",deepseek,0.7311129163281884,1.2376237623762376
pool02-task037,2,"1,3,4,5",deepseek,1.5434606011372867,1.2376237623762376
pool02-task038,2,"1,3,4,5",deepseek,0.6498781478472786,0.49504950495049505
pool02-task039,2,"1,3,4,5",deepseek,0.934199837530463,0.9900990099009901
pool02-task040,2,"1,3,4,5",deepseek,0.8935824532900081,0.7425742574257426
pool02-task041,2,"1,3,4,5",deepseek,1.7465475223395612,1.2376237623762376
pool02-task042,2,"1,3,4,5",deepseek,1.2997562956945572,1.2376237623762376
pool02-task043,2,"1,3,4,5",deepseek,0.4061738424045491,0.9900990099009901
pool02-task044,2,"1,3,4,5",deepseek,0.4061738424045491,0.49504950495049505
pool02-task045,2,"1,3,4,5",deepseek,3.8180341186027618,1.2376237623762376
pool02-task046,2,"1,3,4,5",deepseek,2.761982128350934,1.2376237623762376
pool02-task047,2,"1,3,4,5",deepseek,2.9244516653127537,1.2376237623762376
pool02-task048,2,"1,3,4,5",deepseek,0.3249390739236393,1.2376237623762376
pool02-task049,2,"1,3,4,5",deepseek,0.7311129163281884,1.2376237623762376
pool02-task050,2,"1,3,4,5",deepseek,0.8529650690495532,1.2376237623762376
pool02-task051,2,"1,3,4,5",deepseek,0.4061738424045491,0.9900990099009901
pool02-task052,2,"1,3,4,5",deepseek,0.7717303005686433,0.9900990099009901
pool02-task053,2,"1,3,4,5",deepseek,1.1372867587327375,1.2376237623762376
pool02-task054,2,"1,3,4,5",deepseek,0.8935824532900081,1.2376237623762376
pool02-task055,2,"1,3,4,5",deepseek,0.8123476848090982,1.2376237623762376
pool02-task056,2,"1,3,4,5",deepseek,0.48740861088545895,0.9900990099009901
pool02-task057,2,"1,3,4,5",deepseek,0.4061738424045491,1.2376237623762376
pool02-task058,2,"1,3,4,5",deepseek,0.7311129163281884,0.9900990099009901
pool02-task059,2,"1,3,4,5",deepseek,0.9748172217709179,0.9900990099009901
pool02-task060,2,"1,3,4,5",deepseek,1.5028432168968318,0.9900990099009901
pool02-task061,2,"1,3,4,5",deepseek,0.7717303005686433,1.2376237623762376
pool02-task062,2,"1,3,4,5",deepseek,0.48740861088545895,0.9900990099009901
pool02-task063,2,"1,3,4,5",deepseek,1.4622258326563768,1.2376237623762376
pool02-task064,2,"1,3,4,5",deepseek,4.0211210398050365,1.2376237623762376
pool02-task065,2,"1,3,4,5",deepseek,1.0560519902518277,1.2376237623762376
pool02-task066,2,"1,3,4,5",deepseek,2.1121039805036554,0.9900990099009901
pool02-task067,2,"1,3,4,5",deepseek,0.934199837530463,0.9900990099009901
pool02-task068,2,"1,3,4,5",deepseek,0.44679122664500404,0.9900990099009901
pool02-task069,2,"1,3,4,5",deepseek,0.6904955320877335,0.9900990099009901
pool02-task070,2,"1,3,4,5",deepseek,1.6653127538586514,1.2376237623762376
pool02-task071,2,"1,3,4,5",deepseek,0.5686433793663688,0.9900990099009901
pool02-task072,2,"1,3,4,5",deepseek,2.0714865962632008,0.7425742574257426
pool02-task073,2,"1,3,4,5",deepseek,2.39642567018684,0.7425742574257426
pool02-task074,2,"1,3,4,5",deepseek,2.274573517465475,0.9900990099009901
pool02-task075,2,"1,3,4,5",deepseek,0.8529650690495532,0.9900990099009901
pool02-task076,2,"1,3,4,5",deepseek,1.0966693744922826,1.2376237623762376
pool02-task077,2,"1,3,4,5",deepseek,0.8935824532900081,0.9900990099009901
pool02-task078,2,"1,3,4,5",deepseek,0.48740861088545895,0.7425742574257426
pool02-task079,2,"1,3,4,5",deepseek,0.5280259951259139,0.7425742574257426
pool02-task080,2,"1,3,4,5",deepseek,0.44679122664500404,0.7425742574257426
pool02-task081,2,"1,3,4,5",deepseek,0.7717303005686433,0.7425742574257426
pool02-task082,2,"1,3,4,5",deepseek,1.0560519902518277,0.9900990099009901
pool02-task083,2,"1,3,4,5",deepseek,0.24370430544272947,0.9900990099009901
pool02-task084,2,"1,3,4,5",deepseek,0.20308692120227456,0.7425742574257426
pool02-task085,2,"1,3,4,5",deepseek,0.44679122664500404,0.7425742574257426
pool02-task086,2,"1,3,4,5",deepseek,0.8123476848090982,0.9900990099009901
pool02-task087,2,"1,3,4,5",deepseek,1.0966693744922826,0.9900990099009901
pool02-task088,2,"1,3,4,5",deepseek,0.6092607636068237,0.7425742574257426
pool02-task089,2,"1,3,4,5",deepseek,0.3249390739236393,0.7425742574257426
pool02-task090,2,"1,3,4,5",deepseek,0.7311129163281884,0.9900990099009901
pool02-task091,2,"1,3,4,5",deepseek,0.7311129163281884,0.9900990099009901
pool02-task092,2,"1,3,4,5",deepseek,0.8935824532900081,0.9900990099009901
pool02-task093,2,"1,3,4,5",deepseek,0.7717303005686433,0.7425742574257426
pool02-task094,2,"1,3,4,5",deepseek,1.1779041429731925,1.2376237623762376
pool02-task095,2,"1,3,4,5",deepseek,0.934199837530463,0.9900990099009901
pool02-task096,2,"1,3,4,5",deepseek,0.6904955320877335,0.9900990099009901
pool02-task097,2,"1,3,4,5",deepseek,1.0154346060113728,1.2376237623762376
pool02-task098,2,"1,3,4,5",deepseek,0.9748172217709179,0.7425742574257426
pool02-task099,2,"1,3,4,5",deepseek,0.7311129163281884,0.7425742574257426
pool02-task000,2,"1,3,4,5",linear,1.2997562956945572,0.7748618437425266
pool02-task001,2,"1,3,4,5",linear,0.6904955320877335,0.7794137965953917
pool02-task002,2,"1,3,4,5",linear,0.6498781478472786,1.0408432455657701
pool02-task003,2,"1,3,4,5",linear,0.7717303005686433,0.9004723729979536
pool02-task004,2,"1,3,4,5",linear,0.934199837530463,0.7873038482070246
pool02-task005,2,"1,3,4,5",linear,0.7311129163281884,0.8859061238687851
pool02-task006,2,"1,3,4,5",linear,0.8935824532900081,0.7948904362951331
pool02-task007,2,"1,3,4,5",linear,1.7465475223395612,1.4278893166619562
pool02-task008,2,"1,3,4,5",linear,0.7717303005686433,0.7818415047835864
pool02-task009,2,"1,3,4,5",linear,1.1372867587327375,1.0416529066330797
pool02-task010,2,"1,3,4,5",linear,1.0560519902518277,1.0173758247511324
pool02-task011,2,"1,3,4,5",linear,0.934199837530463,0.7775930154542456
pool02-task012,2,"1,3,4,5",linear,0.8123476848090982,0.7803241871659647
pool02-task013,2,"1,3,4,5",linear,1.0154346060113728,0.7818415047835864
pool02-task014,2,"1,3,4,5",linear,1.0966693744922826,1.159753521949723
pool02-task015,2,"1,3,4,5",linear,0.8123476848090982,0.7636336933721258
pool02-task016,2,"1,3,4,5",linear,0.9748172217709179,0.8837818792041147
pool02-task017,2,"1,3,4,5",linear,1.2185215272136474,1.7358281951947125
pool02-task018,2,"1,3,4,5",linear,0.8935824532900081,0.7873038482070246
pool02-task019,2,"1,3,4,5",linear,0.8529650690495532,0.776075697836624
pool02-task020,2,"1,3,4,5",linear,1.2997562956945572,1.905571813088752
pool02-task021,2,"1,3,4,5",linear,0.5280259951259139,0.7821449683071108
pool02-task022,2,"1,3,4,5",linear,1.2185215272136474,0.7763791613601483
pool02-task023,2,"1,3,4,5",linear,0.5686433793663688,0.7772895519307214
pool02-task024,2,"1,3,4,5",linear,0.5280259951259139,0.7794137965953917
pool02-task025,2,"1,3,4,5",linear,2.39642567018684,1.8964679073830215
pool02-task026,2,"1,3,4,5",linear,0.48740861088545895,0.7457816210583943
pool02-task027,2,"1,3,4,5",linear,1.0560519902518277,1.0267831939803869
pool02-task028,2,"1,3,4,5",linear,0.6498781478472786,0.7742549166954779
pool02-task029,2,"1,3,4,5",linear,0.6904955320877335,1.0532611946763295
pool02-task030,2,"1,3,4,5",linear,0.5686433793663688,1.0532611946763295
pool02-task031,2,"1,3,4,5",linear,0.5280259951259139,1.0532611946763295
pool02-task032,2,"1,3,4,5",linear,0.6092607636068237,1.0532611946763295
pool02-task033,2,"1,3,4,5",linear,0.7717303005686433,0.779717260118916
pool02-task034,2,"1,3,4,5",linear,0.5280259951259139,0.6087597881307792
pool02-task035,2,"1,3,4,5",linear,0.6498781478472786,0.8871199779628824
pool02-task036,2,"1,3,4,5",linear,0.7311129163281884,0.6473930202983287
pool02-task037,2,"1,3,4,5",linear,1.5434606011372867,2.0431107844415863
pool02-task038,2,"1,3,4,5",linear,0.6498781478472786,0.7936765822010359
pool02-task039,2,"1,3,4,5",linear,0.934199837530463,1.0031897132948129
pool02-task040,2,"1,3,4,5",linear,0.8935824532900081,0.7806276506894891
pool02-task041,2,"1,3,4,5",linear,1.7465475223395612,1.045038633934539
pool02-task042,2,"1,3,4,5",linear,1.2997562956945572,0.80469463372787
pool02-task043,2,"1,3,4,5",linear,0.4061738424045491,0.6133117409836444
pool02-task044,2,"1,3,4,5",linear,0.4061738424045491,0.7933731186775115
pool02-task045,2,"1,3,4,5",linear,3.8180341186027618,1.900109469665314
pool02-task046,2,"1,3,4,5",linear,2.761982128350934,2.042200393871013
pool02-task047,2,"1,3,4,5",linear,2.9244516653127537,2.0473592737709265
pool02-task048,2,"1,3,4,5",linear,0.3249390739236393,0.5905760320732573
pool02-task049,2,"1,3,4,5",linear,0.7311129163281884,0.8843888062511635
pool02-task050,2,"1,3,4,5",linear,0.8529650690495532,1.4638015782549207
pool02-task051,2,"1,3,4,5",linear,0.4061738424045491,0.7757722343130996
pool02-task052,2,"1,3,4,5",linear,0.7717303005686433,0.7754687707895752
pool02-task053,2,"1,3,4,5",linear,1.1372867587327375,1.041956370156604
pool02-task054,2,"1,3,4,5",linear,0.8935824532900081,1.040135589015458
pool02-task055,2,"1,3,4,5",linear,0.8123476848090982,1.0404390525389824
pool02-task056,2,"1,3,4,5",linear,0.48740861088545895,0.7721306720308074
pool02-task057,2,"1,3,4,5",linear,0.4061738424045491,0.8795333898747739
pool02-task058,2,"1,3,4,5",linear,0.7311129163281884,0.776986088407197
pool02-task059,2,"1,3,4,5",linear,0.9748172217709179,0.776986088407197
pool02-task060,2,"1,3,4,5",linear,1.5028432168968318,1.7942240694389693
pool02-task061,2,"1,3,4,5",linear,0.7717303005686433,0.8789264628277251
pool02-task062,2,"1,3,4,5",linear,0.48740861088545895,0.7815380412600621
pool02-task063,2,"1,3,4,5",linear,1.4622258326563768,1.4457936645498928
pool02-task064,2,"1,3,4,5",linear,4.0211210398050365,2.0455384926297806
pool02-task065,2,"1,3,4,5",linear,1.0560519902518277,1.3000611780619011
pool02-task066,2,"1,3,4,5",linear,2.1121039805036554,0.8554206706991268
pool02-task067,2,"1,3,4,5",linear,0.934199837530463,0.776986088407197
pool02-task068,2,"1,3,4,5",linear,0.44679122664500404,0.7754687707895752
pool02-task069,2,"1,3,4,5",linear,0.6904955320877335,1.1914446061238373
pool02-task070,2,"1,3,4,5",linear,1.6653127538586514,1.4457936645498928
pool02-task071,2,"1,3,4,5",linear,0.5686433793663688,0.77789647897777
pool02-task072,2,"1,3,4,5",linear,2.0714865962632008,1.2205771043821743
pool02-task073,2,"1,3,4,5",linear,2.39642567018684,1.2205771043821743
pool02-task074,2,"1,3,4,5",linear,2.274573517465475,1.795134460009542
pool02-task075,2,"1,3,4,5",linear,0.8529650690495532,0.7724341355543318
pool02-task076,2,"1,3,4,5",linear,1.0966693744922826,3.3423100373307464
pool02-task077,2,"1,3,4,5",linear,0.8935824532900081,0.779717260118916
pool02-task078,2,"1,3,4,5",linear,0.48740861088545895,0.6190775479306069
pool02-task079,2,"1,3,4,5",linear,0.5280259951259139,0.6190775479306069
pool02-task080,2,"1,3,4,5",linear,0.44679122664500404,0.6224156466893747
pool02-task081,2,"1,3,4,5",linear,0.7717303005686433,0.6169533032659366
pool02-task082,2,"1,3,4,5",linear,1.0560519902518277,0.8971342742391858
pool02-task083,2,"1,3,4,5",linear,0.24370430544272947,0.6032974447073411
pool02-task084,2,"1,3,4,5",linear,0.20308692120227456,0.6078493975602063
pool02-task085,2,"1,3,4,5",linear,0.44679122664500404,0.6078493975602063
pool02-task086,2,"1,3,4,5",linear,0.8123476848090982,0.9007758365214779
pool02-task087,2,"1,3,4,5",linear,1.0966693744922826,0.7775930154542456
pool02-task088,2,"1,3,4,5",linear,0.6092607636068237,0.6081528610837306
pool02-task089,2,"1,3,4,5",linear,0.3249390739236393,0.6178636938365096
pool02-task090,2,"1,3,4,5",linear,0.7311129163281884,0.9001689094744292
pool02-task091,2,"1,3,4,5",linear,0.7311129163281884,0.9007758365214779
pool02-task092,2,"1,3,4,5",linear,0.8935824532900081,0.9004723729979536
pool02-task093,2,"1,3,4,5",linear,0.7717303005686433,0.7518508915288812
pool02-task094,2,"1,3,4,5",linear,1.1779041429731925,0.9940614090139626
pool02-task095,2,"1,3,4,5",linear,0.934199837530463,0.7748618437425266
pool02-task096,2,"1,3,4,5",linear,0.6904955320877335,0.8983481283332831
pool02-task097,2,"1,3,4,5",linear,1.0154346060113728,1.435580806576419
pool02-task098,2,"1,3,4,5",linear,0.9748172217709179,0.5909077158170477
pool02-task099,2,"1,3,4,5",linear,0.7311129163281884,0.5915146428640964
pool02-task000,2,"1,3,4,5",tree,1.2997562956945572,0.7258553128936492
pool02-task001,2,"1,3,4,5",tree,0.6904955320877335,0.6275338971097733
pool02-task002,2,"1,3,4,5",tree,0.6498781478472786,1.2050806656940323
pool02-task003,2,"1,3,4,5",tree,0.7717303005686433,1.1765062707556775
pool02-task004,2,"1,3,4,5",tree,0.934199837530463,0.730912401013367
pool02-task005,2,"1,3,4,5",tree,0.7311129163281884,0.6709084366219378
pool02-task006,2,"1,3,4,5",tree,0.8935824532900081,1.0558648401276156
pool02-task007,2,"1,3,4,5",tree,1.7465475223395612,1.0250050413314375
pool02-task008,2,"1,3,4,5",tree,0.7717303005686433,0.5602765384130275
pool02-task009,2,"1,3,4,5",tree,1.1372867587327375,1.1870595173148368
pool02-task010,2,"1,3,4,5",tree,1.0560519902518277,0.8288946644303068
pool02-task011,2,"1,3,4,5",tree,0.934199837530463,0.7987302539427457
pool02-task012,2,"1,3,4,5",tree,0.8123476848090982,0.7647039121852062
pool02-task013,2,"1,3,4,5",tree,1.0154346060113728,0.5602765384130275
pool02-task014,2,"1,3,4,5",tree,1.0966693744922826,1.3872398660161998
pool02-task015,2,"1,3,4,5",tree,0.8123476848090982,0.77337132212047
pool02-task016,2,"1,3,4,5",tree,0.9748172217709179,0.8327827977507478
pool02-task017,2,"1,3,4,5",tree,1.2185215272136474,1.952926216702155
pool02-task018,2,"1,3,4,5",tree,0.8935824532900081,0.730912401013367
pool02-task019,2,"1,3,4,5",tree,0.8529650690495532,0.5994177964186328
pool02-task020,2,"1,3,4,5",tree,1.2997562956945572,2.2186047024004836
pool02-task021,2,"1,3,4,5",tree,0.5280259951259139,0.627506032053224
pool02-task022,2,"1,3,4,5",tree,1.2185215272136474,0.7132864360601399
pool02-task023,2,"1,3,4,5",tree,0.5686433793663688,0.6939376615230078
pool02-task024,2,"1,3,4,5",tree,0.5280259951259139,0.6275338971097733
pool02-task025,2,"1,3,4,5",tree,2.39642567018684,2.8449037493306006
pool02-task026,2,"1,3,4,5",tree,0.48740861088545895,0.6538637567668231
pool02-task027,2,"1,3,4,5",tree,1.0560519902518277,0.7737101000416267
pool02-task028,2,"1,3,4,5",tree,0.6498781478472786,0.7073276186058983
pool02-task029,2,"1,3,4,5",tree,0.6904955320877335,0.8398719024887658
pool02-task030,2,"1,3,4,5",tree,0.5686433793663688,0.8398719024887658
pool02-task031,2,"1,3,4,5",tree,0.5280259951259139,0.8398719024887658
pool02-task032,2,"1,3,4,5",tree,0.6092607636068237,0.8398719024887658
pool02-task033,2,"1,3,4,5",tree,0.7717303005686433,0.6174205167616496
pool02-task034,2,"1,3,4,5",tree,0.5280259951259139,0.5751268348212091
pool02-task035,2,"1,3,4,5",tree,0.6498781478472786,0.7148480570030679
pool02-task036,2,"1,3,4,5",tree,0.7311129163281884,0.7483831253788683
pool02-task037,2,"1,3,4,5",tree,1.5434606011372867,2.4221547182971106
pool02-task038,2,"1,3,4,5",tree,0.6498781478472786,0.7545922295141321
pool02-task039,2,"1,3,4,5",tree,0.934199837530463,0.9088792405267507
pool02-task040,2,"1,3,4,5",tree,0.8935824532900081,0.5961427136552633
pool02-task041,2,"1,3,4,5",tree,1.7465475223395612,1.4707021080604405
pool02-task042,2,"1,3,4,5",tree,1.2997562956945572,0.817291319772486
pool02-task043,2,"1,3,4,5",tree,0.4061738424045491,0.8911218151970748
pool02-task044,2,"1,3,4,5",tree,0.4061738424045491,0.7234421481376622
pool02-task045,2,"1,3,4,5",tree,3.8180341186027618,2.630181741934944
pool02-task046,2,"1,3,4,5",tree,2.761982128350934,2.510836227062809
pool02-task047,2,"1,3,4,5",tree,2.9244516653127537,2.133653828738241
pool02-task048,2,"1,3,4,5",tree,0.3249390739236393,0.6608302034585213
pool02-task049,2,"1,3,4,5",tree,0.7311129163281884,0.7665049324707278
pool02-task050,2,"1,3,4,5",tree,0.8529650690495532,1.2182754472822654
pool02-task051,2,"1,3,4,5",tree,0.4061738424045491,0.6111313947387712
pool02-task052,2,"1,3,4,5",tree,0.7717303005686433,0.8742788940156504
pool02-task053,2,"1,3,4,5",tree,1.1372867587327375,1.167694078994989
pool02-task054,2,"1,3,4,5",tree,0.8935824532900081,0.8944202598756161
pool02-task055,2,"1,3,4,5",tree,0.8123476848090982,0.8910527980369163
pool02-task056,2,"1,3,4,5",tree,0.48740861088545895,0.5893153939672743
pool02-task057,2,"1,3,4,5",tree,0.4061738424045491,0.7924923380992726
pool02-task058,2,"1,3,4,5",tree,0.7311129163281884,0.7954850999381549
pool02-task059,2,"1,3,4,5",tree,0.9748172217709179,0.7954850999381549
pool02-task060,2,"1,3,4,5",tree,1.5028432168968318,2.312411214946812
pool02-task061,2,"1,3,4,5",tree,0.7717303005686433,0.8196673513786887
pool02-task062,2,"1,3,4,5",tree,0.48740861088545895,0.6076020535214538
pool02-task063,2,"1,3,4,5",tree,1.4622258326563768,0.990909910589908
pool02-task064,2,"1,3,4,5",tree,4.0211210398050365,2.293257994723274
pool02-task065,2,"1,3,4,5",tree,1.0560519902518277,1.0320268975546862
pool02-task066,2,"1,3,4,5",tree,2.1121039805036554,1.4079274507395172
pool02-task067,2,"1,3,4,5",tree,0.934199837530463,0.7954850999381549
pool02-task068,2,"1,3,4,5",tree,0.44679122664500404,0.8742788940156504
pool02-task069,2,"1,3,4,5",tree,0.6904955320877335,0.9377809379705975
pool02-task070,2,"1,3,4,5",tree,1.6653127538586514,0.990909910589908
pool02-task071,2,"1,3,4,5",tree,0.5686433793663688,0.8622505422415679
pool02-task072,2,"1,3,4,5",tree,2.0714865962632008,1.194698233949437
pool02-task073,2,"1,3,4,5",tree,2.39642567018684,1.194698233949437
pool02-task074,2,"1,3,4,5",tree,2.274573517465475,2.3020533791570217
pool02-task075,2,"1,3,4,5",tree,0.8529650690495532,0.7037803088296045
pool02-task076,2,"1,3,4,5",tree,1.0966693744922826,1.2287062423902675
pool02-task077,2,"1,3,4,5",tree,0.8935824532900081,0.6174205167616496
pool02-task078,2,"1,3,4,5",tree,0.48740861088545895,0.76419245211223
pool02-task079,2,"1,3,4,5",tree,0.5280259951259139,0.76419245211223
pool02-task080,2,"1,3,4,5",tree,0.44679122664500404,0.8004078643801547
pool02-task081,2,"1,3,4,5",tree,0.7717303005686433,0.7238432199525131
pool02-task082,2,"1,3,4,5",tree,1.0560519902518277,0.9342908104474347
pool02-task083,2,"1,3,4,5",tree,0.24370430544272947,0.5744703741606835
pool02-task084,2,"1,3,4,5",tree,0.20308692120227456,0.6571164425968269
pool02-task085,2,"1,3,4,5",tree,0.44679122664500404,0.6571164425968269
pool02-task086,2,"1,3,4,5",tree,0.8123476848090982,1.1580187597088316
pool02-task087,2,"1,3,4,5",tree,1.0966693744922826,0.7987302539427457
pool02-task088,2,"1,3,4,5",tree,0.6092607636068237,0.5811181809443009
pool02-task089,2,"1,3,4,5",tree,0.3249390739236393,0.7303900198657075
pool02-task090,2,"1,3,4,5",tree,0.7311129163281884,1.1915929419922835
pool02-task091,2,"1,3,4,5",tree,0.7311129163281884,1.1580187597088316
pool02-task092,2,"1,3,4,5",tree,0.8935824532900081,1.1765062707556775
pool02-task093,2,"1,3,4,5",tree,0.7717303005686433,0.7038795351309887
pool02-task094,2,"1,3,4,5",tree,1.1779041429731925,0.7648298784775839
pool02-task095,2,"1,3,4,5",tree,0.934199837530463,0.7258553128936492
pool02-task096,2,"1,3,4,5",tree,0.6904955320877335,0.8818301769986652
pool02-task097,2,"1,3,4,5",tree,1.0154346060113728,1.1150489369994623
pool02-task098,2,"1,3,4,5",tree,0.9748172217709179,0.888512803994561
pool02-task099,2,"1,3,4,5",tree,0.7311129163281884,1.0980101171873016
pool03-task000,3,"1,2,4,5",count,2.04241948153967,1.0
pool03-task001,3,"1,2,4,5",count,2.592301649646504,1.0
pool03-task002,3,"1,2,4,5",count,1.2568735271013354,1.0
pool03-task003,3,"1,2,4,5",count,1.139041633935585,1.0
pool03-task004,3,"1,2,4,5",count,1.2175962293794187,1.0
pool03-task005,3,"1,2,4,5",count,0.8248232521602513,1.0
pool03-task006,3,"1,2,4,5",count,0.7069913589945012,1.0
pool03-task007,3,"1,2,4,5",count,0.6677140612725844,1.0
pool03-task008,3,"1,2,4,5",count,0.8248232521602513,1.0
pool03-task009,3,"1,2,4,5",count,0.9033778476040848,1.0
pool03-task010,3,"1,2,4,5",count,0.8248232521602513,1.0
pool03-task011,3,"1,2,4,5",count,1.296150824823252,1.0
pool03-task012,3,"1,2,4,5",count,2.2388059701492535,1.0
pool03-task013,3,"1,2,4,5",count,0.3534956794972506,1.0
pool03-task014,3,"1,2,4,5",count,1.139041633935585,1.0
pool03-task015,3,"1,2,4,5",count,1.021209740769835,1.0
pool03-task016,3,"1,2,4,5",count,1.0604870384917517,1.0
pool03-task017,3,"1,2,4,5",count,0.9819324430479183,1.0
pool03-task018,3,"1,2,4,5",count,1.2568735271013354,1.0
pool03-task019,3,"1,2,4,5",count,1.453260015710919,1.0
pool03-task020,3,"1,2,4,5",count,0.6284367635506677,1.0
pool03-task021,3,"1,2,4,5",count,0.9426551453260016,1.0
pool03-task022,3,"1,2,4,5",count,0.2749410840534171,1.0
pool03-task023,3,"1,2,4,5",count,0.5498821681068342,1.0
pool03-task024,3,"1,2,4,5",count,0.7855459544383346,1.0
pool03-task025,3,"1,2,4,5",count,1.0997643362136684,1.0
pool03-task026,3,"1,2,4,5",count,0.7462686567164178,1.0
pool03-task027,3,"1,2,4,5",count,1.4925373134328357,1.0
pool03-task028,3,"1,2,4,5",count,0.589159465828751,1.0
pool03-task029,3,"1,2,4,5",count,0.7462686567164178,1.0
pool03-task030,3,"1,2,4,5",count,0.7855459544383346,1.0
pool03-task031,3,"1,2,4,5",count,2.474469756480754,1.0
pool03-task032,3,"1,2,4,5",count,0.5498821681068342,1.0
pool03-task033,3,"1,2,4,5",count,0.9426551453260016,1.0
pool03-task034,3,"1,2,4,5",count,0.3534956794972506,1.0
pool03-task035,3,"1,2,4,5",count,2.317360565593087,1.0
pool03-task036,3,"1,2,4,5",count,2.3959151610369207,1.0
pool03-task037,3,"1,2,4,5",count,2.27808326787117,1.0
pool03-task038,3,"1,2,4,5",count,2.081696779261587,1.0
pool03-task039,3,"1,2,4,5",count,1.0997643362136684,1.0
pool03-task040,3,"1,2,4,5",count,0.7069913589945012,1.0
pool03-task041,3,"1,2,4,5",count,1.0604870384917517,1.0
pool03-task042,3,"1,2,4,5",count,0.6677140612725844,1.0
pool03-task043,3,"1,2,4,5",count,0.6284367635506677,1.0
pool03-task044,3,"1,2,4,5",count,0.43205027494108406,1.0
pool03-task045,3,"1,2,4,5",count,1.6496465043205026,1.0
pool03-task046,3,"1,2,4,5",count,0.9033778476040848,1.0
pool03-task047,3,"1,2,4,5",count,0.8641005498821681,1.0
pool03-task048,3,"1,2,4,5",count,0.9426551453260016,1.0
pool03-task049,3,"1,2,4,5",count,1.6889238020424193,1.0
pool03-task050,3,"1,2,4,5",count,1.3354281225451687,1.0
pool03-task051,3,"1,2,4,5",count,1.5710919088766693,1.0
pool03-task052,3,"1,2,4,5",count,0.9033778476040848,1.0
pool03-task053,3,"1,2,4,5",count,0.5498821681068342,1.0
pool03-task054,3,"1,2,4,5",count,0.31421838177533384,1.0
pool03-task055,3,"1,2,4,5",count,0.6677140612725844,1.0
pool03-task056,3,"1,2,4,5",count,0.6677140612725844,1.0
pool03-task057,3,"1,2,4,5",count,1.0604870384917517,1.0
pool03-task058,3,"1,2,4,5",count,0.7069913589945012,1.0
pool03-task059,3,"1,2,4,5",count,2.27808326787117,1.0
pool03-task060,3,"1,2,4,5",count,1.9245875883739199,1.0
pool03-task061,3,"1,2,4,5",count,0.8248232521602513,1.0
pool03-task062,3,"1,2,4,5",count,1.3747054202670856,1.0
pool03-task063,3,"1,2,4,5",count,0.5106048703849175,1.0
pool03-task064,3,"1,2,4,5",count,0.4713275726630008,1.0
pool03-task065,3,"1,2,4,5",count,0.5106048703849175,1.0
pool03-task066,3,"1,2,4,5",count,0.3927729772191673,1.0
pool03-task067,3,"1,2,4,5",count,3.220738413197172,1.0
pool03-task068,3,"1,2,4,5",count,1.3354281225451687,1.0
pool03-task069,3,"1,2,4,5",count,0.8641005498821681,1.0
pool03-task070,3,"1,2,4,5",count,0.6284367635506677,1.0
pool03-task071,3,"1,2,4,5",count,0.7855459544383346,1.0
pool03-task072,3,"1,2,4,5",count,0.5498821681068342,1.0
pool03-task073,3,"1,2,4,5",count,0.31421838177533384,1.0
pool03-task074,3,"1,2,4,5",count,0.9426551453260016,1.0
pool03-task075,3,"1,2,4,5",count,0.7855459544383346,1.0
pool03-task076,3,"1,2,4,5",count,0.5498821681068342,1.0
pool03-task077,3,"1,2,4,5",count,0.9426551453260016,1.0
pool03-task078,3,"1,2,4,5",count,0.9426551453260016,1.0
pool03-task079,3,"1,2,4,5",count,0.8641005498821681,1.0
pool03-task080,3,"1,2,4,5",count,0.43205027494108406,1.0
pool03-task081,3,"1,2,4,5",count,0.43205027494108406,1.0
pool03-task082,3,"1,2,4,5",count,0.7462686567164178,1.0
pool03-task083,3,"1,2,4,5",count,0.5106048703849175,1.0
pool03-task084,3,"1,2,4,5",count,0.7069913589945012,1.0
pool03-task085,3,"1,2,4,5",count,0.589159465828751,1.0
pool03-task086,3,"1,2,4,5",count,0.589159465828751,1.0
pool03-task087,3,"1,2,4,5",count,0.6284367635506677,1.0
pool03-task088,3,"1,2,4,5",count,0.7855459544383346,1.0
pool03-task089,3,"1,2,4,5",count,0.8641005498821681,1.0
pool03-task090,3,"1,2,4,5",count,0.9033778476040848,1.0
pool03-task091,3,"1,2,4,5",count,0.7855459544383346,1.0
pool03-task092,3,"1,2,4,5",count,0.6677140612725844,1.0
pool03-task093,3,"1,2,4,5",count,0.9033778476040848,1.0
pool03-task094,3,"1,2,4,5",count,0.7069913589945012,1.0
pool03-task095,3,"1,2,4,5",count,0.8641005498821681,1.0
pool03-task096,3,"1,2,4,5",count,0.8641005498821681,1.0
pool03-task097,3,"1,2,4,5",count,1.0604870384917517,1.0
pool03-task098,3,"1,2,4,5",count,0.7855459544383346,1.0
pool03-task099,3,"1,2,4,5",count,0.9033778476040848,1.0
pool03-task000,3,"1,2,4,5",deepseek,2.04241948153967,1.2106537530266344
pool03-task001,3,"1,2,4,5",deepseek,2.592301649646504,1.2106537530266344
pool03-task002,3,"1,2,4,5",deepseek,1.2568735271013354,1.2106537530266344
pool03-task003,3,"1,2,4,5",deepseek,1.139041633935585,0.9685230024213075
pool03-task004,3,"1,2,4,5",deepseek,1.2175962293794187,0.7263922518159807
pool03-task005,3,"1,2,4,5",deepseek,0.8248232521602513,1.2106537530266344
pool03-task006,3,"1,2,4,5",deepseek,0.7069913589945012,0.9685230024213075
pool03-task007,3,"1,2,4,5",deepseek,0.6677140612725844,0.9685230024213075
pool03-task008,3,"1,2,4,5",deepseek,0.8248232521602513,1.2106537530266344
pool03-task009,3,"1,2,4,5",deepseek,0.9033778476040848,0.9685230024213075
pool03-task010,3,"1,2,4,5",deepseek,0.8248232521602513,0.9685230024213075
pool03-task011,3,"1,2,4,5",deepseek,1.296150824823252,1.2106537530266344
pool03-task012,3,"1,2,4,5",deepseek,2.2388059701492535,0.9685230024213075
pool03-task013,3,"1,2,4,5",deepseek,0.3534956794972506,0.9685230024213075
pool03-task014,3,"1,2,4,5",deepseek,1.139041633935585,0.9685230024213075
pool03-task015,3,"1,2,4,5",deepseek,1.021209740769835,0.9685230024213075
pool03-task016,3,"1,2,4,5",deepseek,1.0604870384917517,1.2106537530266344
pool03-task017,3,"1,2,4,5",deepseek,0.9819324430479183,1.2106537530266344
pool03-task018,3,"1,2,4,5",deepseek,1.2568735271013354,0.48426150121065376
pool03-task019,3,"1,2,4,5",deepseek,1.453260015710919,0.7263922518159807
pool03-task020,3,"1,2,4,5",deepseek,0.6284367635506677,0.9685230024213075
pool03-task021,3,"1,2,4,5",deepseek,0.9426551453260016,1.2106537530266344
pool03-task022,3,"1,2,4,5",deepseek,0.2749410840534171,0.7263922518159807
pool03-task023,3,"1,2,4,5",deepseek,0.5498821681068342,0.9685230024213075
pool03-task024,3,"1,2,4,5",deepseek,0.7855459544383346,0.9685230024213075
pool03-task025,3,"1,2,4,5",deepseek,1.0997643362136684,0.9685230024213075
pool03-task026,3,"1,2,4,5",deepseek,0.7462686567164178,0.9685230024213075
pool03-task027,3,"1,2,4,5",deepseek,1.4925373134328357,0.7263922518159807
pool03-task028,3,"1,2,4,5",deepseek,0.589159465828751,0.7263922518159807
pool03-task029,3,"1,2,4,5",deepseek,0.7462686567164178,1.2106537530266344
pool03-task030,3,"1,2,4,5",deepseek,0.7855459544383346,1.2106537530266344
pool03-task031,3,"1,2,4,5",deepseek,2.474469756480754,1.2106537530266344
pool03-task032,3,"1,2,4,5",deepseek,0.5498821681068342,1.2106537530266344
pool03-task033,3,"1,2,4,5",deepseek,0.9426551453260016,1.2106537530266344
pool03-task034,3,"1,2,4,5",deepseek,0.3534956794972506,0.9685230024213075
pool03-task035,3,"1,2,4,5",deepseek,2.317360565593087,1.2106537530266344
pool03-task036,3,"1,2,4,5",deepseek,2.3959151610369207,1.2106537530266344
pool03-task037,3,"1,2,4,5",deepseek,2.27808326787117,1.2106537530266344
pool03-task038,3,"1,2,4,5",deepseek,2.081696779261587,1.2106537530266344
pool03-task039,3,"1,2,4,5",deepseek,1.0997643362136684,0.9685230024213075
pool03-task040,3,"1,2,4,5",deepseek,0.7069913589945012,0.9685230024213075
pool03-task041,3,"1,2,4,5",deepseek,1.0604870384917517,1.2106537530266344
pool03-task042,3,"1,2,4,5",deepseek,0.6677140612725844,0.9685230024213075
pool03-task043,3,"1,2,4,5",deepseek,0.6284367635506677,0.9685230024213075
pool03-task044,3,"1,2,4,5",deepseek,0.43205027494108406,0.9685230024213075
pool03-task045,3,"1,2,4,5",deepseek,1.6496465043205026,1.2106537530266344
pool03-task046,3,"1,2,4,5",deepseek,0.9033778476040848,1.2106537530266344
pool03-task047,3,"1,2,4,5",deepseek,0.8641005498821681,1.2106537530266344
pool03-task048,3,"1,2,4,5",deepseek,0.9426551453260016,0.9685230024213075
pool03-task049,3,"1,2,4,5",deepseek,1.6889238020424193,0.9685230024213075
pool03-task050,3,"1,2,4,5",deepseek,1.3354281225451687,1.2106537530266344
pool03-task051,3,"1,2,4,5",deepseek,1.5710919088766693,0.9685230024213075
pool03-task052,3,"1,2,4,5",deepseek,0.9033778476040848,1.6949152542372883
pool03-task053,3,"1,2,4,5",deepseek,0.5498821681068342,0.7263922518159807
pool03-task054,3,"1,2,4,5",deepseek,0.31421838177533384,0.7263922518159807
pool03-task055,3,"1,2,4,5",deepseek,0.6677140612725844,0.9685230024213075
pool03-task056,3,"1,2,4,5",deepseek,0.6677140612725844,0.9685230024213075
pool03-task057,3,"1,2,4,5",deepseek,1.0604870384917517,0.48426150121065376
pool03-task058,3,"1,2,4,5",deepseek,0.7069913589945012,1.2106537530266344
pool03-task059,3,"1,2,4,5",deepseek,2.27808326787117,0.7263922518159807
pool03-task060,3,"1,2,4,5",deepseek,1.9245875883739199,0.7263922518159807
pool03-task061,3,"1,2,4,5",deepseek,0.8248232521602513,1.2106537530266344
pool03-task062,3,"1,2,4,5",deepseek,1.3747054202670856,1.2106537530266344
pool03-task063,3,"1,2,4,5",deepseek,0.5106048703849175,0.7263922518159807
pool03-task064,3,"1,2,4,5",deepseek,0.4713275726630008,0.7263922518159807
pool03-task065,3,"1,2,4,5",deepseek,0.5106048703849175,0.9685230024213075
pool03-task066,3,"1,2,4,5",deepseek,0.3927729772191673,0.7263922518159807
pool03-task067,3,"1,2,4,5",deepseek,3.220738413197172,1.2106537530266344
pool03-task068,3,"1,2,4,5",deepseek,1.3354281225451687,0.9685230024213075
pool03-task069,3,"1,2,4,5",deepseek,0.8641005498821681,1.2106537530266344
pool03-task070,3,"1,2,4,5",deepseek,0.6284367635506677,0.9685230024213075
pool03-task071,3,"1,2,4,5",deepseek,0.7855459544383346,0.9685230024213075
pool03-task072,3,"1,2,4,5",deepseek,0.5498821681068342,0.9685230024213075
pool03-task073,3,"1,2,4,5",deepseek,0.31421838177533384,0.9685230024213075
pool03-task074,3,"1,2,4,5",deepseek,0.9426551453260016,0.9685230024213075
pool03-task075,3,"1,2,4,5",deepseek,0.7855459544383346,0.9685230024213075
pool03-task076,3,"1,2,4,5",deepseek,0.5498821681068342,1.2106537530266344
pool03-task077,3,"1,2,4,5",deepseek,0.9426551453260016,0.7263922518159807
pool03-task078,3,"1,2,4,5",deepseek,0.9426551453260016,1.2106537530266344
pool03-task079,3,"1,2,4,5",deepseek,0.8641005498821681,1.2106537530266344
pool03-task080,3,"1,2,4,5",deepseek,0.43205027494108406,0.9685230024213075
pool03-task081,3,"1,2,4,5",deepseek,0.43205027494108406,0.9685230024213075
pool03-task082,3,"1,2,4,5",deepseek,0.7462686567164178,0.9685230024213075
pool03-task083,3,"1,2,4,5",deepseek,0.5106048703849175,0.9685230024213075
pool03-task084,3,"1,2,4,5",deepseek,0.7069913589945012,0.48426150121065376
pool03-task085,3,"1,2,4,5",deepseek,0.589159465828751,0.9685230024213075
pool03-task086,3,"1,2,4,5",deepseek,0.589159465828751,0.9685230024213075
pool03-task087,3,"1,2,4,5",deepseek,0.6284367635506677,0.9685230024213075
pool03-task088,3,"1,2,4,5",deepseek,0.7855459544383346,0.9685230024213075
pool03-task089,3,"1,2,4,5",deepseek,0.8641005498821681,0.7263922518159807
pool03-task090,3,"1,2,4,5",deepseek,0.9033778476040848,0.9685230024213075
pool03-task091,3,"1,2,4,5",deepseek,0.7855459544383346,0.9685230024213075
pool03-task092,3,"1,2,4,5",deepseek,0.6677140612725844,0.9685230024213075
pool03-task093,3,"1,2,4,5",deepseek,0.9033778476040848,0.9685230024213075
pool03-task094,3,"1,2,4,5",deepseek,0.7069913589945012,1.2106537530266344
pool03-task095,3,"1,2,4,5",deepseek,0.8641005498821681,0.48426150121065376
pool03-task096,3,"1,2,4,5",deepseek,0.8641005498821681,0.7263922518159807
pool03-task097,3,"1,2,4,5",deepseek,1.0604870384917517,1.2106537530266344
pool03-task098,3,"1,2,4,5",deepseek,0.7855459544383346,0.9685230024213075
pool03-task099,3,"1,2,4,5",deepseek,0.9033778476040848,0.9685230024213075
pool03-task000,3,"1,2,4,5",linear,2.04241948153967,2.0964890582086713
pool03-task001,3,"1,2,4,5",linear,2.592301649646504,1.99688816601016
pool03-task002,3,"1,2,4,5",linear,1.2568735271013354,1.0292040884105451
pool03-task003,3,"1,2,4,5",linear,1.139041633935585,1.7232235198573074
pool03-task004,3,"1,2,4,5",linear,1.2175962293794187,0.7585934543669444
pool03-task005,3,"1,2,4,5",linear,0.8248232521602513,1.99688816601016
pool03-task006,3,"1,2,4,5",linear,0.7069913589945012,0.7312867837643849
pool03-task007,3,"1,2,4,5",linear,0.6677140612725844,0.7315066726362511
pool03-task008,3,"1,2,4,5",linear,0.8248232521602513,0.8470428809112048
pool03-task009,3,"1,2,4,5",linear,0.9033778476040848,0.7315311047331251
pool03-task010,3,"1,2,4,5",linear,0.8248232521602513,0.7302606356956761
pool03-task011,3,"1,2,4,5",linear,1.296150824823252,0.8744472799012603
pool03-task012,3,"1,2,4,5",linear,2.2388059701492535,1.271219499237902
pool03-task013,3,"1,2,4,5",linear,0.3534956794972506,0.7319708824768575
pool03-task014,3,"1,2,4,5",linear,1.139041633935585,2.2525163357554048
pool03-task015,3,"1,2,4,5",linear,1.021209740769835,0.7309935986018967
pool03-task016,3,"1,2,4,5",linear,1.0604870384917517,1.0023616276485918
pool03-task017,3,"1,2,4,5",linear,0.9819324430479183,1.0025326523267102
pool03-task018,3,"1,2,4,5",linear,1.2568735271013354,1.4113847569988154
pool03-task019,3,"1,2,4,5",linear,1.453260015710919,0.7585201580763222
pool03-task020,3,"1,2,4,5",linear,0.6284367635506677,0.731335647958133
pool03-task021,3,"1,2,4,5",linear,0.9426551453260016,0.7701653346424797
pool03-task022,3,"1,2,4,5",linear,0.2749410840534171,0.731311215861259
pool03-task023,3,"1,2,4,5",linear,0.5498821681068342,0.731457808442503
pool03-task024,3,"1,2,4,5",linear,0.7855459544383346,0.7310913269893928
pool03-task025,3,"1,2,4,5",linear,1.0997643362136684,1.2624085058663077
pool03-task026,3,"1,2,4,5",linear,0.7462686567164178,0.7309691665050227
pool03-task027,3,"1,2,4,5",linear,1.4925373134328357,0.7583979975919523
pool03-task028,3,"1,2,4,5",linear,0.589159465828751,0.4762449843441162
pool03-task029,3,"1,2,4,5",linear,0.7462686567164178,1.2701933511691934
pool03-task030,3,"1,2,4,5",linear,0.7855459544383346,1.416578944050616
pool03-task031,3,"1,2,4,5",linear,2.474469756480754,3.134582858164398
pool03-task032,3,"1,2,4,5",linear,0.5498821681068342,0.8476048191393072
pool03-task033,3,"1,2,4,5",linear,0.9426551453260016,0.8471650413955749
pool03-task034,3,"1,2,4,5",linear,0.3534956794972506,0.7309203023112746
pool03-task035,3,"1,2,4,5",linear,2.317360565593087,3.13428967300191
pool03-task036,3,"1,2,4,5",linear,2.3959151610369207,3.3892093119378086
pool03-task037,3,"1,2,4,5",linear,2.27808326787117,3.133556710095689
pool03-task038,3,"1,2,4,5",linear,2.081696779261587,1.00241049184234
pool03-task039,3,"1,2,4,5",linear,1.0997643362136684,1.3008304446024133
pool03-task040,3,"1,2,4,5",linear,0.7069913589945012,0.7309691665050227
pool03-task041,3,"1,2,4,5",linear,1.0604870384917517,0.7914754485750645
pool03-task042,3,"1,2,4,5",linear,0.6677140612725844,0.7312379195706368
pool03-task043,3,"1,2,4,5",linear,0.6284367635506677,0.7307492776331566
pool03-task044,3,"1,2,4,5",linear,0.43205027494108406,0.731408944248755
pool03-task045,3,"1,2,4,5",linear,1.6496465043205026,1.230386380609886
pool03-task046,3,"1,2,4,5",linear,0.9033778476040848,1.002215035067348
pool03-task047,3,"1,2,4,5",linear,0.8641005498821681,0.7697744210924955
pool03-task048,3,"1,2,4,5",linear,0.9426551453260016,0.7709227296455742
pool03-task049,3,"1,2,4,5",linear,1.6889238020424193,1.4098943990895005
pool03-task050,3,"1,2,4,5",linear,1.3354281225451687,1.9763596157214027
pool03-task051,3,"1,2,4,5",linear,1.5710919088766693,0.797178820082551
pool03-task052,3,"1,2,4,5",linear,0.9033778476040848,1.1234963522730455
pool03-task053,3,"1,2,4,5",linear,0.5498821681068342,1.1557077230598223
pool03-task054,3,"1,2,4,5",linear,0.31421838177533384,0.04873716808913428
pool03-task055,3,"1,2,4,5",linear,0.6677140612725844,1.4086239300520518
pool03-task056,3,"1,2,4,5",linear,0.6677140612725844,0.7304072282769203
pool03-task057,3,"1,2,4,5",linear,1.0604870384917517,0.7323862281237157
pool03-task058,3,"1,2,4,5",linear,0.7069913589945012,0.7699698778674876
pool03-task059,3,"1,2,4,5",linear,2.27808326787117,0.04873716808913428
pool03-task060,3,"1,2,4,5",linear,1.9245875883739199,0.04873716808913428
pool03-task061,3,"1,2,4,5",linear,0.8248232521602513,0.8471650413955749
pool03-task062,3,"1,2,4,5",linear,1.3747054202670856,2.251612348171067
pool03-task063,3,"1,2,4,5",linear,0.5106048703849175,1.1556344267692003
pool03-task064,3,"1,2,4,5",linear,0.4713275726630008,0.04873716808913428
pool03-task065,3,"1,2,4,5",linear,0.5106048703849175,0.04873716808913428
pool03-task066,3,"1,2,4,5",linear,0.3927729772191673,0.04873716808913428
pool03-task067,3,"1,2,4,5",linear,3.220738413197172,2.2521498543022953
pool03-task068,3,"1,2,4,5",linear,1.3354281225451687,0.797056659598181
pool03-task069,3,"1,2,4,5",linear,0.8641005498821681,2.2157706000986352
pool03-task070,3,"1,2,4,5",linear,0.6284367635506677,0.731311215861259
pool03-task071,3,"1,2,4,5",linear,0.7855459544383346,0.7311890553768889
pool03-task072,3,"1,2,4,5",linear,0.5498821681068342,0.4753165646629036
pool03-task073,3,"1,2,4,5",linear,0.31421838177533384,0.4752921325660296
pool03-task074,3,"1,2,4,5",linear,0.9426551453260016,0.7312867837643849
pool03-task075,3,"1,2,4,5",linear,0.7855459544383346,0.731311215861259
pool03-task076,3,"1,2,4,5",linear,0.5498821681068342,0.8473849302674411
pool03-task077,3,"1,2,4,5",linear,0.9426551453260016,0.7323617960268416
pool03-task078,3,"1,2,4,5",linear,0.9426551453260016,1.00241049184234
pool03-task079,3,"1,2,4,5",linear,0.8641005498821681,1.160885075713366
pool03-task080,3,"1,2,4,5",linear,0.43205027494108406,0.7310424627956447
pool03-task081,3,"1,2,4,5",linear,0.43205027494108406,0.7313600800550069
pool03-task082,3,"1,2,4,5",linear,0.7462686567164178,0.7259850187427234
pool03-task083,3,"1,2,4,5",linear,0.5106048703849175,0.6787667013187157
pool03-task084,3,"1,2,4,5",linear,0.7069913589945012,0.6799394419686685
pool03-task085,3,"1,2,4,5",linear,0.589159465828751,0.7309935986018967
pool03-task086,3,"1,2,4,5",linear,0.589159465828751,0.7310913269893928
pool03-task087,3,"1,2,4,5",linear,0.6284367635506677,0.6784002198656056
pool03-task088,3,"1,2,4,5",linear,0.7855459544383346,0.6784490840593536
pool03-task089,3,"1,2,4,5",linear,0.8641005498821681,0.7316288331206212
pool03-task090,3,"1,2,4,5",linear,0.9033778476040848,0.6784490840593536
pool03-task091,3,"1,2,4,5",linear,0.7855459544383346,0.7312134874737628
pool03-task092,3,"1,2,4,5",linear,0.6677140612725844,0.7309447344081487
pool03-task093,3,"1,2,4,5",linear,0.9033778476040848,0.7312867837643849
pool03-task094,3,"1,2,4,5",linear,0.7069913589945012,0.7698232852862436
pool03-task095,3,"1,2,4,5",linear,0.8641005498821681,0.7322640676393456
pool03-task096,3,"1,2,4,5",linear,0.8641005498821681,0.7322152034455975
pool03-task097,3,"1,2,4,5",linear,1.0604870384917517,0.7698477173831175
pool03-task098,3,"1,2,4,5",linear,0.7855459544383346,0.7309691665050227
pool03-task099,3,"1,2,4,5",linear,0.9033778476040848,0.7320197466706053
pool03-task000,3,"1,2,4,5",tree,2.04241948153967,2.7726308396624013
pool03-task001,3,"1,2,4,5",tree,2.592301649646504,1.5832708610287702
pool03-task002,3,"1,2,4,5",tree,1.2568735271013354,1.7337935846211339
pool03-task003,3,"1,2,4,5",tree,1.139041633935585,2.2091175543431567
pool03-task004,3,"1,2,4,5",tree,1.2175962293794187,1.720913193698949
pool03-task005,3,"1,2,4,5",tree,0.8248232521602513,1.5832708610287702
pool03-task006,3,"1,2,4,5",tree,0.7069913589945012,0.6368367372142167
pool03-task007,3,"1,2,4,5",tree,0.6677140612725844,0.70075593488074
pool03-task008,3,"1,2,4,5",tree,0.8248232521602513,0.5876860824671097
pool03-task009,3,"1,2,4,5",tree,0.9033778476040848,0.6986270202662497
pool03-task010,3,"1,2,4,5",tree,0.8248232521602513,0.7064455312825203
pool03-task011,3,"1,2,4,5",tree,1.296150824823252,1.6994694988586805
pool03-task012,3,"1,2,4,5",tree,2.2388059701492535,0.9785966487674588
pool03-task013,3,"1,2,4,5",tree,0.3534956794972506,0.7160158975278784
pool03-task014,3,"1,2,4,5",tree,1.139041633935585,1.8755039401141338
pool03-task015,3,"1,2,4,5",tree,1.021209740769835,0.6832100560913307
pool03-task016,3,"1,2,4,5",tree,1.0604870384917517,0.7621513756146434
pool03-task017,3,"1,2,4,5",tree,0.9819324430479183,0.6991688858920765
pool03-task018,3,"1,2,4,5",tree,1.2568735271013354,1.378915086328993
pool03-task019,3,"1,2,4,5",tree,1.453260015710919,1.720913193698949
pool03-task020,3,"1,2,4,5",tree,0.6284367635506677,0.5702891810689837
pool03-task021,3,"1,2,4,5",tree,0.9426551453260016,0.6149064239016939
pool03-task022,3,"1,2,4,5",tree,0.2749410840534171,0.5879023264173404
pool03-task023,3,"1,2,4,5",tree,0.5498821681068342,0.6226721563663858
pool03-task024,3,"1,2,4,5",tree,0.7855459544383346,0.76587051319812
pool03-task025,3,"1,2,4,5",tree,1.0997643362136684,0.9642903794792538
pool03-task026,3,"1,2,4,5",tree,0.7462686567164178,0.6907388237612447
pool03-task027,3,"1,2,4,5",tree,1.4925373134328357,1.7131649399026312
pool03-task028,3,"1,2,4,5",tree,0.589159465828751,0.5909145536938035
pool03-task029,3,"1,2,4,5",tree,0.7462686567164178,0.9623011235003894
pool03-task030,3,"1,2,4,5",tree,0.7855459544383346,1.0304838090285744
pool03-task031,3,"1,2,4,5",tree,2.474469756480754,2.469356314372232
pool03-task032,3,"1,2,4,5",tree,0.5498821681068342,0.608636260431329
pool03-task033,3,"1,2,4,5",tree,0.9426551453260016,0.6866107517297982
pool03-task034,3,"1,2,4,5",tree,0.3534956794972506,0.5836509563955733
pool03-task035,3,"1,2,4,5",tree,2.317360565593087,2.469356314372232
pool03-task036,3,"1,2,4,5",tree,2.3959151610369207,2.748054733228566
pool03-task037,3,"1,2,4,5",tree,2.27808326787117,2.469356314372232
pool03-task038,3,"1,2,4,5",tree,2.081696779261587,0.7865997320172633
pool03-task039,3,"1,2,4,5",tree,1.0997643362136684,0.9768355830180925
pool03-task040,3,"1,2,4,5",tree,0.7069913589945012,0.6907388237612447
pool03-task041,3,"1,2,4,5",tree,1.0604870384917517,1.4110639914485055
pool03-task042,3,"1,2,4,5",tree,0.6677140612725844,0.5773687460435897
pool03-task043,3,"1,2,4,5",tree,0.6284367635506677,0.5883852994695238
pool03-task044,3,"1,2,4,5",tree,0.43205027494108406,0.5685022355018903
pool03-task045,3,"1,2,4,5",tree,1.6496465043205026,0.9639393290748297
pool03-task046,3,"1,2,4,5",tree,0.9033778476040848,0.7069911457549533
pool03-task047,3,"1,2,4,5",tree,0.8641005498821681,0.6480322670349666
pool03-task048,3,"1,2,4,5",tree,0.9426551453260016,0.8422206730168075
pool03-task049,3,"1,2,4,5",tree,1.6889238020424193,0.9064119564345023
pool03-task050,3,"1,2,4,5",tree,1.3354281225451687,2.4697556399068876
pool03-task051,3,"1,2,4,5",tree,1.5710919088766693,1.740977865805208
pool03-task052,3,"1,2,4,5",tree,0.9033778476040848,1.7935299934148796
pool03-task053,3,"1,2,4,5",tree,0.5498821681068342,0.6820894156392607
pool03-task054,3,"1,2,4,5",tree,0.31421838177533384,0.6471790062110391
pool03-task055,3,"1,2,4,5",tree,0.6677140612725844,0.8531862293692587
pool03-task056,3,"1,2,4,5",tree,0.6677140612725844,0.7438738123180539
pool03-task057,3,"1,2,4,5",tree,1.0604870384917517,0.5930163698447869
pool03-task058,3,"1,2,4,5",tree,0.7069913589945012,0.6474796945831717
pool03-task059,3,"1,2,4,5",tree,2.27808326787117,0.6357156781485689
pool03-task060,3,"1,2,4,5",tree,1.9245875883739199,0.6357156781485689
pool03-task061,3,"1,2,4,5",tree,0.8248232521602513,0.6866107517297982
pool03-task062,3,"1,2,4,5",tree,1.3747054202670856,2.7894490473158333
pool03-task063,3,"1,2,4,5",tree,0.5106048703849175,0.6317032286266342
pool03-task064,3,"1,2,4,5",tree,0.4713275726630008,0.638657911138304
pool03-task065,3,"1,2,4,5",tree,0.5106048703849175,0.7341695620753086
pool03-task066,3,"1,2,4,5",tree,0.3927729772191673,0.7341695620753086
pool03-task067,3,"1,2,4,5",tree,3.220738413197172,2.258771783378983
pool03-task068,3,"1,2,4,5",tree,1.3354281225451687,1.6882785956964605
pool03-task069,3,"1,2,4,5",tree,0.8641005498821681,2.249257865741045
pool03-task070,3,"1,2,4,5",tree,0.6284367635506677,0.5879023264173404
pool03-task071,3,"1,2,4,5",tree,0.7855459544383346,0.6959287263546022
pool03-task072,3,"1,2,4,5",tree,0.5498821681068342,0.4533873368573606
pool03-task073,3,"1,2,4,5",tree,0.31421838177533384,0.4290389632350352
pool03-task074,3,"1,2,4,5",tree,0.9426551453260016,0.6368367372142167
pool03-task075,3,"1,2,4,5",tree,0.7855459544383346,0.5879023264173404
pool03-task076,3,"1,2,4,5",tree,0.5498821681068342,0.681320466063528
pool03-task077,3,"1,2,4,5",tree,0.9426551453260016,0.5661570040404308
pool03-task078,3,"1,2,4,5",tree,0.9426551453260016,0.7865997320172633
pool03-task079,3,"1,2,4,5",tree,0.8641005498821681,0.9972425971973078
pool03-task080,3,"1,2,4,5",tree,0.43205027494108406,0.6585008069217111
pool03-task081,3,"1,2,4,5",tree,0.43205027494108406,0.6136044086540156
pool03-task082,3,"1,2,4,5",tree,0.7462686567164178,0.7653923915610242
pool03-task083,3,"1,2,4,5",tree,0.5106048703849175,0.6832100560913307
pool03-task084,3,"1,2,4,5",tree,0.7069913589945012,0.7949031822287046
pool03-task085,3,"1,2,4,5",tree,0.589159465828751,0.6832100560913307
pool03-task086,3,"1,2,4,5",tree,0.589159465828751,0.76587051319812
pool03-task087,3,"1,2,4,5",tree,0.6284367635506677,0.4689283817609663
pool03-task088,3,"1,2,4,5",tree,0.7855459544383346,0.6103367763843632
pool03-task089,3,"1,2,4,5",tree,0.8641005498821681,0.7043869721324238
pool03-task090,3,"1,2,4,5",tree,0.9033778476040848,0.6103367763843632
pool03-task091,3,"1,2,4,5",tree,0.7855459544383346,0.5447245878985196
pool03-task092,3,"1,2,4,5",tree,0.6677140612725844,0.5845915363326343
pool03-task093,3,"1,2,4,5",tree,0.9033778476040848,0.6368367372142167
pool03-task094,3,"1,2,4,5",tree,0.7069913589945012,0.7275663483826156
pool03-task095,3,"1,2,4,5",tree,0.8641005498821681,0.5899561572194834
pool03-task096,3,"1,2,4,5",tree,0.8641005498821681,0.7258788118491505
pool03-task097,3,"1,2,4,5",tree,1.0604870384917517,0.7589960565274925
pool03-task098,3,"1,2,4,5",tree,0.7855459544383346,0.6907388237612447
pool03-task099,3,"1,2,4,5",tree,0.9033778476040848,0.8431882712397757
pool04-task000,4,"1,2,3,5",count,0.3193960511033682,1.0
pool04-task001,4,"1,2,3,5",count,0.4936120789779327,1.0
pool04-task002,4,"1,2,3,5",count,0.7259001161440186,1.0
pool04-task003,4,"1,2,3,5",count,0.7549361207897793,1.0
pool04-task004,4,"1,2,3,5",count,0.4645760743321719,1.0
pool04-task005,4,"1,2,3,5",count,0.4645760743321719,1.0
pool04-task006,4,"1,2,3,5",count,0.5226480836236934,1.0
pool04-task007,4,"1,2,3,5",count,0.9872241579558654,1.0
pool04-task008,4,"1,2,3,5",count,0.9581881533101045,1.0
pool04-task009,4,"1,2,3,5",count,1.016260162601626,1.0
pool04-task010,4,"1,2,3,5",count,0.6097560975609756,1.0
pool04-task011,4,"1,2,3,5",count,0.4936120789779327,1.0
pool04-task012,4,"1,2,3,5",count,0.9291521486643438,1.0
pool04-task013,4,"1,2,3,5",count,0.7839721254355401,1.0
pool04-task014,4,"1,2,3,5",count,1.1033681765389083,1.0
pool04-task015,4,"1,2,3,5",count,1.1904761904761905,1.0
pool04-task016,4,"1,2,3,5",count,0.6387921022067364,1.0
pool04-task017,4,"1,2,3,5",count,1.2195121951219512,1.0
pool04-task018,4,"1,2,3,5",count,0.8420441347270616,1.0
pool04-task019,4,"1,2,3,5",count,0.9291521486643438,1.0
pool04-task020,4,"1,2,3,5",count,0.9581881533101045,1.0
pool04-task021,4,"1,2,3,5",count,0.4645760743321719,1.0
pool04-task022,4,"1,2,3,5",count,0.34843205574912894,1.0
pool04-task023,4,"1,2,3,5",count,0.6387921022067364,1.0
pool04-task024,4,"1,2,3,5",count,1.364692218350755,1.0
pool04-task025,4,"1,2,3,5",count,0.8420441347270616,1.0
pool04-task026,4,"1,2,3,5",count,0.6678281068524972,1.0
pool04-task027,4,"1,2,3,5",count,0.37746806039488967,1.0
pool04-task028,4,"1,2,3,5",count,0.8130081300813009,1.0
pool04-task029,4,"1,2,3,5",count,1.1033681765389083,1.0
pool04-task030,4,"1,2,3,5",count,0.7259001161440186,1.0
pool04-task031,4,"1,2,3,5",count,0.6678281068524972,1.0
pool04-task032,4,"1,2,3,5",count,0.4355400696864112,1.0
pool04-task033,4,"1,2,3,5",count,2.642276422764228,1.0
pool04-task034,4,"1,2,3,5",count,0.6387921022067364,1.0
pool04-task035,4,"1,2,3,5",count,1.3937282229965158,1.0
pool04-task036,4,"1,2,3,5",count,0.29036004645760743,1.0
pool04-task037,4,"1,2,3,5",count,0.8710801393728224,1.0
pool04-task038,4,"1,2,3,5",count,0.29036004645760743,1.0
pool04-task039,4,"1,2,3,5",count,0.3193960511033682,1.0
pool04-task040,4,"1,2,3,5",count,0.5807200929152149,1.0
pool04-task041,4,"1,2,3,5",count,0.5226480836236934,1.0
pool04-task042,4,"1,2,3,5",count,0.4355400696864112,1.0
pool04-task043,4,"1,2,3,5",count,0.7259001161440186,1.0
pool04-task044,4,"1,2,3,5",count,3.542392566782811,1.0
pool04-task045,4,"1,2,3,5",count,3.919860627177701,1.0
pool04-task046,4,"1,2,3,5",count,0.7259001161440186,1.0
pool04-task047,4,"1,2,3,5",count,3.919860627177701,1.0
pool04-task048,4,"1,2,3,5",count,0.40650406504065045,1.0
pool04-task049,4,"1,2,3,5",count,0.4936120789779327,1.0
pool04-task050,4,"1,2,3,5",count,0.40650406504065045,1.0
pool04-task051,4,"1,2,3,5",count,1.132404181184669,1.0
pool04-task052,4,"1,2,3,5",count,1.3937282229965158,1.0
pool04-task053,4,"1,2,3,5",count,1.8002322880371662,1.0
pool04-task054,4,"1,2,3,5",count,0.6387921022067364,1.0
pool04-task055,4,"1,2,3,5",count,0.5516840882694541,1.0
pool04-task056,4,"1,2,3,5",count,0.7549361207897793,1.0
pool04-task057,4,"1,2,3,5",count,0.23228803716608595,1.0
pool04-task058,4,"1,2,3,5",count,0.6968641114982579,1.0
pool04-task059,4,"1,2,3,5",count,4.006968641114983,1.0
pool04-task060,4,"1,2,3,5",count,0.5807200929152149,1.0
pool04-task061,4,"1,2,3,5",count,0.4355400696864112,1.0
pool04-task062,4,"1,2,3,5",count,2.380952380952381,1.0
pool04-task063,4,"1,2,3,5",count,3.745644599303136,1.0
pool04-task064,4,"1,2,3,5",count,0.8130081300813009,1.0
pool04-task065,4,"1,2,3,5",count,1.596980255516841,1.0
pool04-task066,4,"1,2,3,5",count,0.40650406504065045,1.0
pool04-task067,4,"1,2,3,5",count,0.4645760743321719,1.0
pool04-task068,4,"1,2,3,5",count,0.9581881533101045,1.0
pool04-task069,4,"1,2,3,5",count,0.6097560975609756,1.0
pool04-task070,4,"1,2,3,5",count,3.5714285714285716,1.0
pool04-task071,4,"1,2,3,5",count,0.20325203252032523,1.0
pool04-task072,4,"1,2,3,5",count,1.2195121951219512,1.0
pool04-task073,4,"1,2,3,5",count,3.077816492450639,1.0
pool04-task074,4,"1,2,3,5",count,0.7259001161440186,1.0
pool04-task075,4,"1,2,3,5",count,0.40650406504065045,1.0
pool04-task076,4,"1,2,3,5",count,0.4355400696864112,1.0
pool04-task077,4,"1,2,3,5",count,0.7549361207897793,1.0
pool04-task078,4,"1,2,3,5",count,0.6968641114982579,1.0
pool04-task079,4,"1,2,3,5",count,0.4936120789779327,1.0
pool04-task080,4,"1,2,3,5",count,0.4645760743321719,1.0
pool04-task081,4,"1,2,3,5",count,0.6097560975609756,1.0
pool04-task082,4,"1,2,3,5",count,1.016260162601626,1.0
pool04-task083,4,"1,2,3,5",count,0.6387921022067364,1.0
pool04-task084,4,"1,2,3,5",count,0.7259001161440186,1.0
pool04-task085,4,"1,2,3,5",count,0.4936120789779327,1.0
pool04-task086,4,"1,2,3,5",count,2.5551684088269457,1.0
pool04-task087,4,"1,2,3,5",count,0.9001161440185831,1.0
pool04-task088,4,"1,2,3,5",count,0.7839721254355401,1.0
pool04-task089,4,"1,2,3,5",count,0.4936120789779327,1.0
pool04-task090,4,"1,2,3,5",count,0.7839721254355401,1.0
pool04-task091,4,"1,2,3,5",count,0.4645760743321719,1.0
pool04-task092,4,"1,2,3,5",count,0.5807200929152149,1.0
pool04-task093,4,"1,2,3,5",count,0.40650406504065045,1.0
pool04-task094,4,"1,2,3,5",count,0.4645760743321719,1.0
pool04-task095,4,"1,2,3,5",count,0.8130081300813009,1.0
pool04-task096,4,"1,2,3,5",count,1.6550522648083625,1.0
pool04-task097,4,"1,2,3,5",count,3.077816492450639,1.0
pool04-task098,4,"1,2,3,5",count,0.7259001161440186,1.0
pool04-task099,4,"1,2,3,5",count,0.5807200929152149,1.0
pool04-task000,4,"1,2,3,5",deepseek,0.3193960511033682,0.9469696969696969
pool04-task001,4,"1,2,3,5",deepseek,0.4936120789779327,1.183712121212121
pool04-task002,4,"1,2,3,5",deepseek,0.7259001161440186,0.9469696969696969
pool04-task003,4,"1,2,3,5",deepseek,0.7549361207897793,0.7102272727272727
pool04-task004,4,"1,2,3,5",deepseek,0.4645760743321719,0.7102272727272727
pool04-task005,4,"1,2,3,5",deepseek,0.4645760743321719,1.183712121212121
pool04-task006,4,"1,2,3,5",deepseek,0.5226480836236934,0.9469696969696969
pool04-task007,4,"1,2,3,5",deepseek,0.9872241579558654,0.9469696969696969
pool04-task008,4,"1,2,3,5",deepseek,0.9581881533101045,0.7102272727272727
pool04-task009,4,"1,2,3,5",deepseek,1.016260162601626,0.9469696969696969
pool04-task010,4,"1,2,3,5",deepseek,0.6097560975609756,1.183712121212121
pool04-task011,4,"1,2,3,5",deepseek,0.4936120789779327,0.9469696969696969
pool04-task012,4,"1,2,3,5",deepseek,0.9291521486643438,0.7102272727272727
pool04-task013,4,"1,2,3,5",deepseek,0.7839721254355401,0.7102272727272727
pool04-task014,4,"1,2,3,5",deepseek,1.1033681765389083,0.7102272727272727
pool04-task015,4,"1,2,3,5",deepseek,1.1904761904761905,0.9469696969696969
pool04-task016,4,"1,2,3,5",deepseek,0.6387921022067364,0.9469696969696969
pool04-task017,4,"1,2,3,5",deepseek,1.2195121951219512,1.183712121212121
pool04-task018,4,"1,2,3,5",deepseek,0.8420441347270616,1.183712121212121
pool04-task019,4,"1,2,3,5",deepseek,0.9291521486643438,1.183712121212121
pool04-task020,4,"1,2,3,5",deepseek,0.9581881533101045,0.9469696969696969
pool04-task021,4,"1,2,3,5",deepseek,0.4645760743321719,0.9469696969696969
pool04-task022,4,"1,2,3,5",deepseek,0.34843205574912894,0.7102272727272727
pool04-task023,4,"1,2,3,5",deepseek,0.6387921022067364,0.9469696969696969
pool04-task024,4,"1,2,3,5",deepseek,1.364692218350755,0.9469696969696969
pool04-task025,4,"1,2,3,5",deepseek,0.8420441347270616,0.9469696969696969
pool04-task026,4,"1,2,3,5",deepseek,0.6678281068524972,1.183712121212121
pool04-task027,4,"1,2,3,5",deepseek,0.37746806039488967,0.9469696969696969
pool04-task028,4,"1,2,3,5",deepseek,0.8130081300813009,1.183712121212121
pool04-task029,4,"1,2,3,5",deepseek,1.1033681765389083,0.9469696969696969
pool04-task030,4,"1,2,3,5",deepseek,0.7259001161440186,0.9469696969696969
pool04-task031,4,"1,2,3,5",deepseek,0.6678281068524972,0.7102272727272727
pool04-task032,4,"1,2,3,5",deepseek,0.4355400696864112,0.9469696969696969
pool04-task033,4,"1,2,3,5",deepseek,2.642276422764228,0.9469696969696969
pool04-task034,4,"1,2,3,5",deepseek,0.6387921022067364,0.7102272727272727
pool04-task035,4,"1,2,3,5",deepseek,1.3937282229965158,0.9469696969696969
pool04-task036,4,"1,2,3,5",deepseek,0.29036004645760743,0.9469696969696969
pool04-task037,4,"1,2,3,5",deepseek,0.8710801393728224,1.183712121212121
pool04-task038,4,"1,2,3,5",deepseek,0.29036004645760743,1.183712121212121
pool04-task039,4,"1,2,3,5",deepseek,0.3193960511033682,1.183712121212121
pool04-task040,4,"1,2,3,5",deepseek,0.5807200929152149,0.9469696969696969
pool04-task041,4,"1,2,3,5",deepseek,0.5226480836236934,1.183712121212121
pool04-task042,4,"1,2,3,5",deepseek,0.4355400696864112,0.9469696969696969
pool04-task043,4,"1,2,3,5",deepseek,0.7259001161440186,0.9469696969696969
pool04-task044,4,"1,2,3,5",deepseek,3.542392566782811,1.183712121212121
pool04-task045,4,"1,2,3,5",deepseek,3.919860627177701,1.5151515151515151
pool04-task046,4,"1,2,3,5",deepseek,0.7259001161440186,0.7102272727272727
pool04-task047,4,"1,2,3,5",deepseek,3.919860627177701,1.183712121212121
pool04-task048,4,"1,2,3,5",deepseek,0.40650406504065045,0.7102272727272727
pool04-task049,4,"1,2,3,5",deepseek,0.4936120789779327,0.9469696969696969
pool04-task050,4,"1,2,3,5",deepseek,0.40650406504065045,0.9469696969696969
pool04-task051,4,"1,2,3,5",deepseek,1.132404181184669,1.183712121212121
pool04-task052,4,"1,2,3,5",deepseek,1.3937282229965158,1.183712121212121
pool04-task053,4,"1,2,3,5",deepseek,1.8002322880371662,0.9469696969696969
pool04-task054,4,"1,2,3,5",deepseek,0.6387921022067364,1.183712121212121
pool04-task055,4,"1,2,3,5",deepseek,0.5516840882694541,0.9469696969696969
pool04-task056,4,"1,2,3,5",deepseek,0.7549361207897793,1.183712121212121
pool04-task057,4,"1,2,3,5",deepseek,0.23228803716608595,0.9469696969696969
pool04-task058,4,"1,2,3,5",deepseek,0.6968641114982579,1.183712121212121
pool04-task059,4,"1,2,3,5",deepseek,4.006968641114983,1.183712121212121
pool04-task060,4,"1,2,3,5",deepseek,0.5807200929152149,1.183712121212121
pool04-task061,4,"1,2,3,5",deepseek,0.4355400696864112,1.183712121212121
pool04-task062,4,"1,2,3,5",deepseek,2.380952380952381,0.9469696969696969
pool04-task063,4,"1,2,3,5",deepseek,3.745644599303136,1.183712121212121
pool04-task064,4,"1,2,3,5",deepseek,0.8130081300813009,1.183712121212121
pool04-task065,4,"1,2,3,5",deepseek,1.596980255516841,0.9469696969696969
pool04-task066,4,"1,2,3,5",deepseek,0.40650406504065045,1.183712121212121
pool04-task067,4,"1,2,3,5",deepseek,0.4645760743321719,0.9469696969696969
pool04-task068,4,"1,2,3,5",deepseek,0.9581881533101045,0.7102272727272727
pool04-task069,4,"1,2,3,5",deepseek,0.6097560975609756,1.183712121212121
pool04-task070,4,"1,2,3,5",deepseek,3.5714285714285716,1.183712121212121
pool04-task071,4,"1,2,3,5",deepseek,0.20325203252032523,0.7102272727272727
pool04-task072,4,"1,2,3,5",deepseek,1.2195121951219512,0.9469696969696969
pool04-task073,4,"1,2,3,5",deepseek,3.077816492450639,1.183712121212121
pool04-task074,4,"1,2,3,5",deepseek,0.7259001161440186,1.183712121212121
pool04-task075,4,"1,2,3,5",deepseek,0.40650406504065045,0.9469696969696969
pool04-task076,4,"1,2,3,5",deepseek,0.4355400696864112,0.9469696969696969
pool04-task077,4,"1,2,3,5",deepseek,0.7549361207897793,0.7102272727272727
pool04-task078,4,"1,2,3,5",deepseek,0.6968641114982579,0.9469696969696969
pool04-task079,4,"1,2,3,5",deepseek,0.4936120789779327,0.9469696969696969
pool04-task080,4,"1,2,3,5",deepseek,0.4645760743321719,0.9469696969696969
pool04-task081,4,"1,2,3,5",deepseek,0.6097560975609756,1.183712121212121
pool04-task082,4,"1,2,3,5",deepseek,1.016260162601626,1.183712121212121
pool04-task083,4,"1,2,3,5",deepseek,0.6387921022067364,0.9469696969696969
pool04-task084,4,"1,2,3,5",deepseek,0.7259001161440186,0.7102272727272727
pool04-task085,4,"1,2,3,5",deepseek,0.4936120789779327,0.7102272727272727
pool04-task086,4,"1,2,3,5",deepseek,2.5551684088269457,1.183712121212121
pool04-task087,4,"1,2,3,5",deepseek,0.9001161440185831,0.9469696969696969
pool04-task088,4,"1,2,3,5",deepseek,0.7839721254355401,1.183712121212121
pool04-task089,4,"1,2,3,5",deepseek,0.4936120789779327,0.9469696969696969
pool04-task090,4,"1,2,3,5",deepseek,0.7839721254355401,1.183712121212121
pool04-task091,4,"1,2,3,5",deepseek,0.4645760743321719,0.9469696969696969
pool04-task092,4,"1,2,3,5",deepseek,0.5807200929152149,1.183712121212121
pool04-task093,4,"1,2,3,5",deepseek,0.40650406504065045,0.9469696969696969
pool04-task094,4,"1,2,3,5",deepseek,0.4645760743321719,1.183712121212121
pool04-task095,4,"1,2,3,5",deepseek,0.8130081300813009,1.183712121212121
pool04-task096,4,"1,2,3,5",deepseek,1.6550522648083625,0.47348484848484845
pool04-task097,4,"1,2,3,5",deepseek,3.077816492450639,1.183712121212121
pool04-task098,4,"1,2,3,5",deepseek,0.7259001161440186,0.9469696969696969
pool04-task099,4,"1,2,3,5",deepseek,0.5807200929152149,0.9469696969696969
pool04-task000,4,"1,2,3,5",linear,0.3193960511033682,0.8211066063985101
pool04-task001,4,"1,2,3,5",linear,0.4936120789779327,1.0271541000668674
pool04-task002,4,"1,2,3,5",linear,0.7259001161440186,1.0803631835482086
pool04-task003,4,"1,2,3,5",linear,0.7549361207897793,1.0820391672060148
pool04-task004,4,"1,2,3,5",linear,0.4645760743321719,0.8451290388270674
pool04-task005,4,"1,2,3,5",linear,0.4645760743321719,0.911407893753766
pool04-task006,4,"1,2,3,5",linear,0.5226480836236934,0.8278105410297354
pool04-task007,4,"1,2,3,5",linear,0.9872241579558654,1.071424604039908
pool04-task008,4,"1,2,3,5",linear,0.9581881533101045,0.8417770715114548
pool04-task009,4,"1,2,3,5",linear,1.016260162601626,1.2614593075056593
pool04-task010,4,"1,2,3,5",linear,0.6097560975609756,0.9158771835079161
pool04-task011,4,"1,2,3,5",linear,0.4936120789779327,0.8515794763297746
pool04-task012,4,"1,2,3,5",linear,0.9291521486643438,1.103826954757497
pool04-task013,4,"1,2,3,5",linear,0.7839721254355401,1.0792458611096711
pool04-task014,4,"1,2,3,5",linear,1.1033681765389083,1.277934447823587
pool04-task015,4,"1,2,3,5",linear,1.1904761904761905,1.0265270646053288
pool04-task016,4,"1,2,3,5",linear,0.6387921022067364,0.8501569898004864
pool04-task017,4,"1,2,3,5",linear,1.2195121951219512,1.0607252636461346
pool04-task018,4,"1,2,3,5",linear,0.8420441347270616,1.025478116409061
pool04-task019,4,"1,2,3,5",linear,0.9291521486643438,1.0277127612861363
pool04-task020,4,"1,2,3,5",linear,0.9581881533101045,1.1032682935382283
pool04-task021,4,"1,2,3,5",linear,0.4645760743321719,0.7701797627026706
pool04-task022,4,"1,2,3,5",linear,0.34843205574912894,0.6179120572850975
pool04-task023,4,"1,2,3,5",linear,0.6387921022067364,0.8322798307838856
pool04-task024,4,"1,2,3,5",linear,1.364692218350755,0.8306038471260793
pool04-task025,4,"1,2,3,5",linear,0.8420441347270616,0.8244585737141227
pool04-task026,4,"1,2,3,5",linear,0.6678281068524972,0.8471101865756243
pool04-task027,4,"1,2,3,5",linear,0.37746806039488967,0.8233412512755852
pool04-task028,4,"1,2,3,5",linear,0.8130081300813009,1.2472080807638044
pool04-task029,4,"1,2,3,5",linear,1.1033681765389083,0.9220222803807806
pool04-task030,4,"1,2,3,5",linear,0.7259001161440186,0.855490104864656
pool04-task031,4,"1,2,3,5",linear,0.6678281068524972,1.0948883752491965
pool04-task032,4,"1,2,3,5",linear,0.4355400696864112,0.8356317980994983
pool04-task033,4,"1,2,3,5",linear,2.642276422764228,1.5075819803520405
pool04-task034,4,"1,2,3,5",linear,0.6387921022067364,0.6523010292649725
pool04-task035,4,"1,2,3,5",linear,1.3937282229965158,1.5075819803520405
pool04-task036,4,"1,2,3,5",linear,0.29036004645760743,0.8088160595745971
pool04-task037,4,"1,2,3,5",linear,0.8710801393728224,0.8248288497772033
pool04-task038,4,"1,2,3,5",linear,0.29036004645760743,0.5254849324909606
pool04-task039,4,"1,2,3,5",linear,0.3193960511033682,0.7155196359567118
pool04-task040,4,"1,2,3,5",linear,0.5807200929152149,0.818871961521435
pool04-task041,4,"1,2,3,5",linear,0.5226480836236934,0.9125252161923036
pool04-task042,4,"1,2,3,5",linear,0.4355400696864112,0.8345144756609606
pool04-task043,4,"1,2,3,5",linear,0.7259001161440186,0.8222239288370476
pool04-task044,4,"1,2,3,5",linear,3.542392566782811,1.8774071001805166
pool04-task045,4,"1,2,3,5",linear,3.919860627177701,1.8109264150875324
pool04-task046,4,"1,2,3,5",linear,0.7259001161440186,0.8705738695153669
pool04-task047,4,"1,2,3,5",linear,3.919860627177701,1.895842920416386
pool04-task048,4,"1,2,3,5",linear,0.40650406504065045,0.6539770129227788
pool04-task049,4,"1,2,3,5",linear,0.4936120789779327,0.8283692022490041
pool04-task050,4,"1,2,3,5",linear,0.40650406504065045,0.8261345573719291
pool04-task051,4,"1,2,3,5",linear,1.132404181184669,0.9645322000074401
pool04-task052,4,"1,2,3,5",linear,1.3937282229965158,0.7647195946613512
pool04-task053,4,"1,2,3,5",linear,1.8002322880371662,0.8222239288370476
pool04-task054,4,"1,2,3,5",linear,0.6387921022067364,0.9058212815610782
pool04-task055,4,"1,2,3,5",linear,0.5516840882694541,0.8339558144416919
pool04-task056,4,"1,2,3,5",linear,0.7549361207897793,0.9002346693683906
pool04-task057,4,"1,2,3,5",linear,0.23228803716608595,1.2603419850671216
pool04-task058,4,"1,2,3,5",linear,0.6968641114982579,0.9147598610693787
pool04-task059,4,"1,2,3,5",linear,4.006968641114983,1.8712618267685601
pool04-task060,4,"1,2,3,5",linear,0.5807200929152149,0.3013012165197874
pool04-task061,4,"1,2,3,5",linear,0.4355400696864112,1.018774181777836
pool04-task062,4,"1,2,3,5",linear,2.380952380952381,1.7048792796682857
pool04-task063,4,"1,2,3,5",linear,3.745644599303136,1.096479581679336
pool04-task064,4,"1,2,3,5",linear,0.8130081300813009,1.0210088266549109
pool04-task065,4,"1,2,3,5",linear,1.596980255516841,0.8339558144416919
pool04-task066,4,"1,2,3,5",linear,0.40650406504065045,0.9063799427803471
pool04-task067,4,"1,2,3,5",linear,0.4645760743321719,0.8493448314526996
pool04-task068,4,"1,2,3,5",linear,0.9581881533101045,0.6511837068264348
pool04-task069,4,"1,2,3,5",linear,0.6097560975609756,1.0271541000668674
pool04-task070,4,"1,2,3,5",linear,3.5714285714285716,1.7962978894620791
pool04-task071,4,"1,2,3,5",linear,0.20325203252032523,0.8272518798104667
pool04-task072,4,"1,2,3,5",linear,1.2195121951219512,1.2972651159620012
pool04-task073,4,"1,2,3,5",linear,3.077816492450639,1.7957392282428104
pool04-task074,4,"1,2,3,5",linear,0.7259001161440186,1.0691021758541162
pool04-task075,4,"1,2,3,5",linear,0.40650406504065045,0.8311625083453481
pool04-task076,4,"1,2,3,5",linear,0.4355400696864112,0.8088160595745971
pool04-task077,4,"1,2,3,5",linear,0.7549361207897793,0.6534183517035099
pool04-task078,4,"1,2,3,5",linear,0.6968641114982579,0.8328384920031543
pool04-task079,4,"1,2,3,5",linear,0.4936120789779327,0.8261345573719291
pool04-task080,4,"1,2,3,5",linear,0.4645760743321719,0.8306038471260793
pool04-task081,4,"1,2,3,5",linear,0.6097560975609756,1.0327407122595553
pool04-task082,4,"1,2,3,5",linear,1.016260162601626,1.7248026984057732
pool04-task083,4,"1,2,3,5",linear,0.6387921022067364,1.1402921231698733
pool04-task084,4,"1,2,3,5",linear,0.7259001161440186,0.6400104824410594
pool04-task085,4,"1,2,3,5",linear,0.4936120789779327,0.636099853906178
pool04-task086,4,"1,2,3,5",linear,2.5551684088269457,1.7722754570335217
pool04-task087,4,"1,2,3,5",linear,0.9001161440185831,0.8317211695646168
pool04-task088,4,"1,2,3,5",linear,0.7839721254355401,0.9041452979032719
pool04-task089,4,"1,2,3,5",linear,0.4936120789779327,0.818871961521435
pool04-task090,4,"1,2,3,5",linear,0.7839721254355401,0.6814413015813165
pool04-task091,4,"1,2,3,5",linear,0.4645760743321719,0.8205479451792412
pool04-task092,4,"1,2,3,5",linear,0.5807200929152149,1.0293887449439425
pool04-task093,4,"1,2,3,5",linear,0.40650406504065045,0.8283692022490041
pool04-task094,4,"1,2,3,5",linear,0.4645760743321719,0.8974413632720466
pool04-task095,4,"1,2,3,5",linear,0.8130081300813009,0.891854751079359
pool04-task096,4,"1,2,3,5",linear,1.6550522648083625,1.299448270415936
pool04-task097,4,"1,2,3,5",linear,3.077816492450639,1.9042228387054176
pool04-task098,4,"1,2,3,5",linear,0.7259001161440186,0.8272518798104667
pool04-task099,4,"1,2,3,5",linear,0.5807200929152149,0.8155199942058223
pool04-task000,4,"1,2,3,5",tree,0.3193960511033682,0.7126687821718193
pool04-task001,4,"1,2,3,5",tree,0.4936120789779327,0.9432011289994576
pool04-task002,4,"1,2,3,5",tree,0.7259001161440186,0.7867073471166226
pool04-task003,4,"1,2,3,5",tree,0.7549361207897793,0.7867073471166226
pool04-task004,4,"1,2,3,5",tree,0.4645760743321719,0.909610546618826
pool04-task005,4,"1,2,3,5",tree,0.4645760743321719,0.7290792174819788
pool04-task006,4,"1,2,3,5",tree,0.5226480836236934,0.6305641454347258
pool04-task007,4,"1,2,3,5",tree,0.9872241579558654,0.735222188856009
pool04-task008,4,"1,2,3,5",tree,0.9581881533101045,0.6853574526285521
pool04-task009,4,"1,2,3,5",tree,1.016260162601626,1.0984926596084186
pool04-task010,4,"1,2,3,5",tree,0.6097560975609756,0.727625888935239
pool04-task011,4,"1,2,3,5",tree,0.4936120789779327,0.7780720712528855
pool04-task012,4,"1,2,3,5",tree,0.9291521486643438,0.9026287842884534
pool04-task013,4,"1,2,3,5",tree,0.7839721254355401,0.7777896900229261
pool04-task014,4,"1,2,3,5",tree,1.1033681765389083,1.1888110614911689
pool04-task015,4,"1,2,3,5",tree,1.1904761904761905,0.903829795494206
pool04-task016,4,"1,2,3,5",tree,0.6387921022067364,0.6491037822532975
pool04-task017,4,"1,2,3,5",tree,1.2195121951219512,1.4193645367824919
pool04-task018,4,"1,2,3,5",tree,0.8420441347270616,1.0233613894733735
pool04-task019,4,"1,2,3,5",tree,0.9291521486643438,0.9387975324375956
pool04-task020,4,"1,2,3,5",tree,0.9581881533101045,0.9234661669845038
pool04-task021,4,"1,2,3,5",tree,0.4645760743321719,0.6273571012430341
pool04-task022,4,"1,2,3,5",tree,0.34843205574912894,0.5731750080619351
pool04-task023,4,"1,2,3,5",tree,0.6387921022067364,0.6817501038370549
pool04-task024,4,"1,2,3,5",tree,1.364692218350755,0.5961756630030937
pool04-task025,4,"1,2,3,5",tree,0.8420441347270616,0.7209611143215214
pool04-task026,4,"1,2,3,5",tree,0.6678281068524972,0.7302713982155782
pool04-task027,4,"1,2,3,5",tree,0.37746806039488967,0.6520544344505632
pool04-task028,4,"1,2,3,5",tree,0.8130081300813009,1.0511423169624217
pool04-task029,4,"1,2,3,5",tree,1.1033681765389083,1.5970506336602628
pool04-task030,4,"1,2,3,5",tree,0.7259001161440186,0.7672059432230663
pool04-task031,4,"1,2,3,5",tree,0.6678281068524972,0.8651666932732911
pool04-task032,4,"1,2,3,5",tree,0.4355400696864112,0.7725988000594021
pool04-task033,4,"1,2,3,5",tree,2.642276422764228,2.344282541534507
pool04-task034,4,"1,2,3,5",tree,0.6387921022067364,0.5692697753970051
pool04-task035,4,"1,2,3,5",tree,1.3937282229965158,2.344282541534507
pool04-task036,4,"1,2,3,5",tree,0.29036004645760743,0.5872394117860612
pool04-task037,4,"1,2,3,5",tree,0.8710801393728224,0.8168231847122199
pool04-task038,4,"1,2,3,5",tree,0.29036004645760743,0.6784590765164519
pool04-task039,4,"1,2,3,5",tree,0.3193960511033682,0.9205210516344917
pool04-task040,4,"1,2,3,5",tree,0.5807200929152149,0.6135383123178427
pool04-task041,4,"1,2,3,5",tree,0.5226480836236934,0.7071796957268538
pool04-task042,4,"1,2,3,5",tree,0.4355400696864112,0.7532941342291279
pool04-task043,4,"1,2,3,5",tree,0.7259001161440186,0.6490286977961095
pool04-task044,4,"1,2,3,5",tree,3.542392566782811,2.0598012197867615
pool04-task045,4,"1,2,3,5",tree,3.919860627177701,1.8325585972408438
pool04-task046,4,"1,2,3,5",tree,0.7259001161440186,1.5296104010521032
pool04-task047,4,"1,2,3,5",tree,3.919860627177701,2.3557224949555255
pool04-task048,4,"1,2,3,5",tree,0.40650406504065045,0.9580950225495465
pool04-task049,4,"1,2,3,5",tree,0.4936120789779327,0.6753803321033336
pool04-task050,4,"1,2,3,5",tree,0.40650406504065045,0.6572946354186371
pool04-task051,4,"1,2,3,5",tree,1.132404181184669,1.4273685215283378
pool04-task052,4,"1,2,3,5",tree,1.3937282229965158,0.7348774930493943
pool04-task053,4,"1,2,3,5",tree,1.8002322880371662,0.6490286977961095
pool04-task054,4,"1,2,3,5",tree,0.6387921022067364,0.7017829718796939
pool04-task055,4,"1,2,3,5",tree,0.5516840882694541,0.6857445952369423
pool04-task056,4,"1,2,3,5",tree,0.7549361207897793,0.7691286915308626
pool04-task057,4,"1,2,3,5",tree,0.23228803716608595,1.09817771720651
pool04-task058,4,"1,2,3,5",tree,0.6968641114982579,0.7032890379035239
pool04-task059,4,"1,2,3,5",tree,4.006968641114983,1.881550170236405
pool04-task060,4,"1,2,3,5",tree,0.5807200929152149,0.9124083140443493
pool04-task061,4,"1,2,3,5",tree,0.4355400696864112,0.8427244479854415
pool04-task062,4,"1,2,3,5",tree,2.380952380952381,2.5083728153889293
pool04-task063,4,"1,2,3,5",tree,3.745644599303136,1.5943683507101105
pool04-task064,4,"1,2,3,5",tree,0.8130081300813009,0.870213462010928
pool04-task065,4,"1,2,3,5",tree,1.596980255516841,0.6857445952369423
pool04-task066,4,"1,2,3,5",tree,0.40650406504065045,0.6944328415970916
pool04-task067,4,"1,2,3,5",tree,0.4645760743321719,0.8013588464185457
pool04-task068,4,"1,2,3,5",tree,0.9581881533101045,0.5551218198862864
pool04-task069,4,"1,2,3,5",tree,0.6097560975609756,0.9432011289994576
pool04-task070,4,"1,2,3,5",tree,3.5714285714285716,2.3907668556325623
pool04-task071,4,"1,2,3,5",tree,0.20325203252032523,0.6537091627337953
pool04-task072,4,"1,2,3,5",tree,1.2195121951219512,1.3973849529240479
pool04-task073,4,"1,2,3,5",tree,3.077816492450639,2.2926544778083584
pool04-task074,4,"1,2,3,5",tree,0.7259001161440186,1.2060583932950184
pool04-task075,4,"1,2,3,5",tree,0.40650406504065045,0.5961756630030937
pool04-task076,4,"1,2,3,5",tree,0.4355400696864112,0.5872394117860612
pool04-task077,4,"1,2,3,5",tree,0.7549361207897793,0.95003665712671
pool04-task078,4,"1,2,3,5",tree,0.6968641114982579,0.6851033840395439
pool04-task079,4,"1,2,3,5",tree,0.4936120789779327,0.6572946354186371
pool04-task080,4,"1,2,3,5",tree,0.4645760743321719,0.5961756630030937
pool04-task081,4,"1,2,3,5",tree,0.6097560975609756,0.9510637896608478
pool04-task082,4,"1,2,3,5",tree,1.016260162601626,2.3380312564336094
pool04-task083,4,"1,2,3,5",tree,0.6387921022067364,1.2962920909516462
pool04-task084,4,"1,2,3,5",tree,0.7259001161440186,0.5407263994092624
pool04-task085,4,"1,2,3,5",tree,0.4936120789779327,0.4814292933569695
pool04-task086,4,"1,2,3,5",tree,2.5551684088269457,2.434484843469281
pool04-task087,4,"1,2,3,5",tree,0.9001161440185831,0.6343637881921025
pool04-task088,4,"1,2,3,5",tree,0.7839721254355401,0.7793929164608749
pool04-task089,4,"1,2,3,5",tree,0.4936120789779327,0.6135383123178427
pool04-task090,4,"1,2,3,5",tree,0.7839721254355401,0.9205210516344917
pool04-task091,4,"1,2,3,5",tree,0.4645760743321719,0.8682926793713751
pool04-task092,4,"1,2,3,5",tree,0.5807200929152149,0.9384438491626059
pool04-task093,4,"1,2,3,5",tree,0.40650406504065045,0.6753803321033336
pool04-task094,4,"1,2,3,5",tree,0.4645760743321719,0.7234461742292634
pool04-task095,4,"1,2,3,5",tree,0.8130081300813009,0.8265913845795385
pool04-task096,4,"1,2,3,5",tree,1.6550522648083625,1.2807868627032593
pool04-task097,4,"1,2,3,5",tree,3.077816492450639,2.4006249768156893
pool04-task098,4,"1,2,3,5",tree,0.7259001161440186,0.6537091627337953
pool04-task099,4,"1,2,3,5",tree,0.5807200929152149,0.6336352089451114
pool05-task000,5,"1,2,3,4",count,0.8027522935779816,1.0
pool05-task001,5,"1,2,3,4",count,0.4969418960244648,1.0
pool05-task002,5,"1,2,3,4",count,1.1850152905198776,1.0
pool05-task003,5,"1,2,3,4",count,0.3440366972477064,1.0
pool05-task004,5,"1,2,3,4",count,0.764525993883792,1.0
pool05-task005,5,"1,2,3,4",count,1.1085626911314985,1.0
pool05-task006,5,"1,2,3,4",count,0.6880733944954128,1.0
pool05-task007,5,"1,2,3,4",count,1.6819571865443426,1.0
pool05-task008,5,"1,2,3,4",count,1.3761467889908257,1.0
pool05-task009,5,"1,2,3,4",count,0.6880733944954128,1.0
pool05-task010,5,"1,2,3,4",count,1.1085626911314985,1.0
pool05-task011,5,"1,2,3,4",count,0.573394495412844,1.0
pool05-task012,5,"1,2,3,4",count,0.7262996941896025,1.0
pool05-task013,5,"1,2,3,4",count,0.5351681957186545,1.0
pool05-task014,5,"1,2,3,4",count,0.8409785932721713,1.0
pool05-task015,5,"1,2,3,4",count,1.452599388379205,1.0
pool05-task016,5,"1,2,3,4",count,0.4969418960244648,1.0
pool05-task017,5,"1,2,3,4",count,0.5351681957186545,1.0
pool05-task018,5,"1,2,3,4",count,0.764525993883792,1.0
pool05-task019,5,"1,2,3,4",count,0.7262996941896025,1.0
pool05-task020,5,"1,2,3,4",count,2.025993883792049,1.0
pool05-task021,5,"1,2,3,4",count,0.4587155963302752,1.0
pool05-task022,5,"1,2,3,4",count,0.6880733944954128,1.0
pool05-task023,5,"1,2,3,4",count,0.42048929663608564,1.0
pool05-task024,5,"1,2,3,4",count,0.382262996941896,1.0
pool05-task025,5,"1,2,3,4",count,0.6116207951070336,1.0
pool05-task026,5,"1,2,3,4",count,1.7584097859327217,1.0
pool05-task027,5,"1,2,3,4",count,0.7262996941896025,1.0
pool05-task028,5,"1,2,3,4",count,1.7584097859327217,1.0
pool05-task029,5,"1,2,3,4",count,0.6880733944954128,1.0
pool05-task030,5,"1,2,3,4",count,0.6116207951070336,1.0
pool05-task031,5,"1,2,3,4",count,0.9174311926605504,1.0
pool05-task032,5,"1,2,3,4",count,0.764525993883792,1.0
pool05-task033,5,"1,2,3,4",count,0.7262996941896025,1.0
pool05-task034,5,"1,2,3,4",count,0.6880733944954128,1.0
pool05-task035,5,"1,2,3,4",count,0.6498470948012233,1.0
pool05-task036,5,"1,2,3,4",count,0.42048929663608564,1.0
pool05-task037,5,"1,2,3,4",count,0.5351681957186545,1.0
pool05-task038,5,"1,2,3,4",count,1.261467889908257,1.0
pool05-task039,5,"1,2,3,4",count,0.4969418960244648,1.0
pool05-task040,5,"1,2,3,4",count,0.5351681957186545,1.0
pool05-task041,5,"1,2,3,4",count,0.6116207951070336,1.0
pool05-task042,5,"1,2,3,4",count,0.4587155963302752,1.0
pool05-task043,5,"1,2,3,4",count,0.5351681957186545,1.0
pool05-task044,5,"1,2,3,4",count,0.9938837920489296,1.0
pool05-task045,5,"1,2,3,4",count,0.3058103975535168,1.0
pool05-task046,5,"1,2,3,4",count,0.4969418960244648,1.0
pool05-task047,5,"1,2,3,4",count,0.5351681957186545,1.0
pool05-task048,5,"1,2,3,4",count,0.6116207951070336,1.0
pool05-task049,5,"1,2,3,4",count,0.573394495412844,1.0
pool05-task050,5,"1,2,3,4",count,0.42048929663608564,1.0
pool05-task051,5,"1,2,3,4",count,0.9174311926605504,1.0
pool05-task052,5,"1,2,3,4",count,0.9174311926605504,1.0
pool05-task053,5,"1,2,3,4",count,0.9174311926605504,1.0
pool05-task054,5,"1,2,3,4",count,1.070336391437309,1.0
pool05-task055,5,"1,2,3,4",count,0.26758409785932724,1.0
pool05-task056,5,"1,2,3,4",count,0.382262996941896,1.0
pool05-task057,5,"1,2,3,4",count,1.0321100917431192,1.0
pool05-task058,5,"1,2,3,4",count,3.478593272171254,1.0
pool05-task059,5,"1,2,3,4",count,2.1788990825688073,1.0
pool05-task060,5,"1,2,3,4",count,2.3700305810397553,1.0
pool05-task061,5,"1,2,3,4",count,2.0642201834862384,1.0
pool05-task062,5,"1,2,3,4",count,0.4587155963302752,1.0
pool05-task063,5,"1,2,3,4",count,1.1085626911314985,1.0
pool05-task064,5,"1,2,3,4",count,2.1788990825688073,1.0
pool05-task065,5,"1,2,3,4",count,0.26758409785932724,1.0
pool05-task066,5,"1,2,3,4",count,0.5351681957186545,1.0
pool05-task067,5,"1,2,3,4",count,1.1085626911314985,1.0
pool05-task068,5,"1,2,3,4",count,0.3440366972477064,1.0
pool05-task069,5,"1,2,3,4",count,0.573394495412844,1.0
pool05-task070,5,"1,2,3,4",count,0.382262996941896,1.0
pool05-task071,5,"1,2,3,4",count,0.6116207951070336,1.0
pool05-task072,5,"1,2,3,4",count,0.8792048929663608,1.0
pool05-task073,5,"1,2,3,4",count,0.573394495412844,1.0
pool05-task074,5,"1,2,3,4",count,0.8409785932721713,1.0
pool05-task075,5,"1,2,3,4",count,0.9174311926605504,1.0
pool05-task076,5,"1,2,3,4",count,0.382262996941896,1.0
pool05-task077,5,"1,2,3,4",count,1.9113149847094801,1.0
pool05-task078,5,"1,2,3,4",count,3.6697247706422016,1.0
pool05-task079,5,"1,2,3,4",count,0.9174311926605504,1.0
pool05-task080,5,"1,2,3,4",count,3.363914373088685,1.0
pool05-task081,5,"1,2,3,4",count,0.4587155963302752,1.0
pool05-task082,5,"1,2,3,4",count,1.5672782874617737,1.0
pool05-task083,5,"1,2,3,4",count,2.9434250764525993,1.0
pool05-task084,5,"1,2,3,4",count,0.764525993883792,1.0
pool05-task085,5,"1,2,3,4",count,0.4587155963302752,1.0
pool05-task086,5,"1,2,3,4",count,0.8792048929663608,1.0
pool05-task087,5,"1,2,3,4",count,0.4587155963302752,1.0
pool05-task088,5,"1,2,3,4",count,1.7966360856269112,1.0
pool05-task089,5,"1,2,3,4",count,1.8730886850152906,1.0
pool05-task090,5,"1,2,3,4",count,0.573394495412844,1.0
pool05-task091,5,"1,2,3,4",count,0.5351681957186545,1.0
pool05-task092,5,"1,2,3,4",count,2.293577981651376,1.0
pool05-task093,5,"1,2,3,4",count,0.8027522935779816,1.0
pool05-task094,5,"1,2,3,4",count,0.8409785932721713,1.0
pool05-task095,5,"1,2,3,4",count,3.8608562691131496,1.0
pool05-task096,5,"1,2,3,4",count,1.6819571865443426,1.0
pool05-task097,5,"1,2,3,4",count,0.5351681957186545,1.0
pool05-task098,5,"1,2,3,4",count,0.9174311926605504,1.0
pool05-task099,5,"1,2,3,4",count,0.573394495412844,1.0
pool05-task000,5,"1,2,3,4",deepseek,0.8027522935779816,0.9866798223976321
pool05-task001,5,"1,2,3,4",deepseek,0.4969418960244648,0.9866798223976321
pool05-task002,5,"1,2,3,4",deepseek,1.1850152905198776,0.7400098667982241
pool05-task003,5,"1,2,3,4",deepseek,0.3440366972477064,0.9866798223976321
pool05-task004,5,"1,2,3,4",deepseek,0.764525993883792,0.9866798223976321
pool05-task005,5,"1,2,3,4",deepseek,1.1085626911314985,0.7400098667982241
pool05-task006,5,"1,2,3,4",deepseek,0.6880733944954128,1.2333497779970402
pool05-task007,5,"1,2,3,4",deepseek,1.6819571865443426,1.5786877158362114
pool05-task008,5,"1,2,3,4",deepseek,1.3761467889908257,0.9866798223976321
pool05-task009,5,"1,2,3,4",deepseek,0.6880733944954128,0.9866798223976321
pool05-task010,5,"1,2,3,4",deepseek,1.1085626911314985,0.9866798223976321
pool05-task011,5,"1,2,3,4",deepseek,0.573394495412844,0.9866798223976321
pool05-task012,5,"1,2,3,4",deepseek,0.7262996941896025,1.2333497779970402
pool05-task013,5,"1,2,3,4",deepseek,0.5351681957186545,0.9866798223976321
pool05-task014,5,"1,2,3,4",deepseek,0.8409785932721713,0.9866798223976321
pool05-task015,5,"1,2,3,4",deepseek,1.452599388379205,0.9866798223976321
pool05-task016,5,"1,2,3,4",deepseek,0.4969418960244648,0.9866798223976321
pool05-task017,5,"1,2,3,4",deepseek,0.5351681957186545,0.9866798223976321
pool05-task018,5,"1,2,3,4",deepseek,0.764525993883792,0.9866798223976321
pool05-task019,5,"1,2,3,4",deepseek,0.7262996941896025,0.9866798223976321
pool05-task020,5,"1,2,3,4",deepseek,2.025993883792049,0.9866798223976321
pool05-task021,5,"1,2,3,4",deepseek,0.4587155963302752,0.49333991119881604
pool05-task022,5,"1,2,3,4",deepseek,0.6880733944954128,0.9866798223976321
pool05-task023,5,"1,2,3,4",deepseek,0.42048929663608564,0.9866798223976321
pool05-task024,5,"1,2,3,4",deepseek,0.382262996941896,1.2333497779970402
pool05-task025,5,"1,2,3,4",deepseek,0.6116207951070336,1.2333497779970402
pool05-task026,5,"1,2,3,4",deepseek,1.7584097859327217,0.9866798223976321
pool05-task027,5,"1,2,3,4",deepseek,0.7262996941896025,1.2333497779970402
pool05-task028,5,"1,2,3,4",deepseek,1.7584097859327217,0.9866798223976321
pool05-task029,5,"1,2,3,4",deepseek,0.6880733944954128,1.2333497779970402
pool05-task030,5,"1,2,3,4",deepseek,0.6116207951070336,1.2333497779970402
pool05-task031,5,"1,2,3,4",deepseek,0.9174311926605504,1.2333497779970402
pool05-task032,5,"1,2,3,4",deepseek,0.764525993883792,1.2333497779970402
pool05-task033,5,"1,2,3,4",deepseek,0.7262996941896025,1.2333497779970402
pool05-task034,5,"1,2,3,4",deepseek,0.6880733944954128,1.2333497779970402
pool05-task035,5,"1,2,3,4",deepseek,0.6498470948012233,1.2333497779970402
pool05-task036,5,"1,2,3,4",deepseek,0.42048929663608564,0.9866798223976321
pool05-task037,5,"1,2,3,4",deepseek,0.5351681957186545,1.2333497779970402
pool05-task038,5,"1,2,3,4",deepseek,1.261467889908257,0.9866798223976321
pool05-task039,5,"1,2,3,4",deepseek,0.4969418960244648,1.2333497779970402
pool05-task040,5,"1,2,3,4",deepseek,0.5351681957186545,1.2333497779970402
pool05-task041,5,"1,2,3,4",deepseek,0.6116207951070336,0.7400098667982241
pool05-task042,5,"1,2,3,4",deepseek,0.4587155963302752,0.9866798223976321
pool05-task043,5,"1,2,3,4",deepseek,0.5351681957186545,0.9866798223976321
pool05-task044,5,"1,2,3,4",deepseek,0.9938837920489296,1.2333497779970402
pool05-task045,5,"1,2,3,4",deepseek,0.3058103975535168,0.7400098667982241
pool05-task046,5,"1,2,3,4",deepseek,0.4969418960244648,0.9866798223976321
pool05-task047,5,"1,2,3,4",deepseek,0.5351681957186545,0.9866798223976321
pool05-task048,5,"1,2,3,4",deepseek,0.6116207951070336,0.9866798223976321
pool05-task049,5,"1,2,3,4",deepseek,0.573394495412844,0.9866798223976321
pool05-task050,5,"1,2,3,4",deepseek,0.42048929663608564,0.9866798223976321
pool05-task051,5,"1,2,3,4",deepseek,0.9174311926605504,0.9866798223976321
pool05-task052,5,"1,2,3,4",deepseek,0.9174311926605504,0.9866798223976321
pool05-task053,5,"1,2,3,4",deepseek,0.9174311926605504,0.9866798223976321
pool05-task054,5,"1,2,3,4",deepseek,1.070336391437309,0.7400098667982241
pool05-task055,5,"1,2,3,4",deepseek,0.26758409785932724,0.9866798223976321
pool05-task056,5,"1,2,3,4",deepseek,0.382262996941896,0.9866798223976321
pool05-task057,5,"1,2,3,4",deepseek,1.0321100917431192,0.7400098667982241
pool05-task058,5,"1,2,3,4",deepseek,3.478593272171254,0.9866798223976321
pool05-task059,5,"1,2,3,4",deepseek,2.1788990825688073,0.9866798223976321
pool05-task060,5,"1,2,3,4",deepseek,2.3700305810397553,1.2333497779970402
pool05-task061,5,"1,2,3,4",deepseek,2.0642201834862384,1.2333497779970402
pool05-task062,5,"1,2,3,4",deepseek,0.4587155963302752,0.7400098667982241
pool05-task063,5,"1,2,3,4",deepseek,1.1085626911314985,0.7400098667982241
pool05-task064,5,"1,2,3,4",deepseek,2.1788990825688073,1.2333497779970402
pool05-task065,5,"1,2,3,4",deepseek,0.26758409785932724,0.7400098667982241
pool05-task066,5,"1,2,3,4",deepseek,0.5351681957186545,0.7400098667982241
pool05-task067,5,"1,2,3,4",deepseek,1.1085626911314985,1.2333497779970402
pool05-task068,5,"1,2,3,4",deepseek,0.3440366972477064,0.7400098667982241
pool05-task069,5,"1,2,3,4",deepseek,0.573394495412844,0.9866798223976321
pool05-task070,5,"1,2,3,4",deepseek,0.382262996941896,0.7400098667982241
pool05-task071,5,"1,2,3,4",deepseek,0.6116207951070336,0.9866798223976321
pool05-task072,5,"1,2,3,4",deepseek,0.8792048929663608,0.9866798223976321
pool05-task073,5,"1,2,3,4",deepseek,0.573394495412844,1.2333497779970402
pool05-task074,5,"1,2,3,4",deepseek,0.8409785932721713,0.9866798223976321
pool05-task075,5,"1,2,3,4",deepseek,0.9174311926605504,1.2333497779970402
pool05-task076,5,"1,2,3,4",deepseek,0.382262996941896,0.9866798223976321
pool05-task077,5,"1,2,3,4",deepseek,1.9113149847094801,1.2333497779970402
pool05-task078,5,"1,2,3,4",deepseek,3.6697247706422016,0.9866798223976321
pool05-task079,5,"1,2,3,4",deepseek,0.9174311926605504,0.9866798223976321
pool05-task080,5,"1,2,3,4",deepseek,3.363914373088685,0.9866798223976321
pool05-task081,5,"1,2,3,4",deepseek,0.4587155963302752,0.9866798223976321
pool05-task082,5,"1,2,3,4",deepseek,1.5672782874617737,0.7400098667982241
pool05-task083,5,"1,2,3,4",deepseek,2.9434250764525993,0.9866798223976321
pool05-task084,5,"1,2,3,4",deepseek,0.764525993883792,0.9866798223976321
pool05-task085,5,"1,2,3,4",deepseek,0.4587155963302752,0.9866798223976321
pool05-task086,5,"1,2,3,4",deepseek,0.8792048929663608,1.2333497779970402
pool05-task087,5,"1,2,3,4",deepseek,0.4587155963302752,0.9866798223976321
pool05-task088,5,"1,2,3,4",deepseek,1.7966360856269112,0.49333991119881604
pool05-task089,5,"1,2,3,4",deepseek,1.8730886850152906,0.49333991119881604
pool05-task090,5,"1,2,3,4",deepseek,0.573394495412844,0.7400098667982241
pool05-task091,5,"1,2,3,4",deepseek,0.5351681957186545,0.9866798223976321
pool05-task092,5,"1,2,3,4",deepseek,2.293577981651376,1.2333497779970402
pool05-task093,5,"1,2,3,4",deepseek,0.8027522935779816,0.9866798223976321
pool05-task094,5,"1,2,3,4",deepseek,0.8409785932721713,1.2333497779970402
pool05-task095,5,"1,2,3,4",deepseek,3.8608562691131496,1.2333497779970402
pool05-task096,5,"1,2,3,4",deepseek,1.6819571865443426,0.49333991119881604
pool05-task097,5,"1,2,3,4",deepseek,0.5351681957186545,0.7400098667982241
pool05-task098,5,"1,2,3,4",deepseek,0.9174311926605504,0.7400098667982241
pool05-task099,5,"1,2,3,4",deepseek,0.573394495412844,0.9866798223976321
pool05-task000,5,"1,2,3,4",linear,0.8027522935779816,0.8250901607048711
pool05-task001,5,"1,2,3,4",linear,0.4969418960244648,0.8215150955513875
pool05-task002,5,"1,2,3,4",linear,1.1850152905198776,0.7020915783221787
pool05-task003,5,"1,2,3,4",linear,0.3440366972477064,0.801852237207227
pool05-task004,5,"1,2,3,4",linear,0.764525993883792,0.81436496524442
pool05-task005,5,"1,2,3,4",linear,1.1085626911314985,0.8572657470862246
pool05-task006,5,"1,2,3,4",linear,0.6880733944954128,0.8738847003961577
pool05-task007,5,"1,2,3,4",linear,1.6819571865443426,2.5492441761451126
pool05-task008,5,"1,2,3,4",linear,1.3761467889908257,0.8904669340570125
pool05-task009,5,"1,2,3,4",linear,0.6880733944954128,0.7947021069002596
pool05-task010,5,"1,2,3,4",linear,1.1085626911314985,0.7982771720537433
pool05-task011,5,"1,2,3,4",linear,0.573394495412844,0.6704685928167002
pool05-task012,5,"1,2,3,4",linear,0.7262996941896025,1.117305094838332
pool05-task013,5,"1,2,3,4",linear,0.5351681957186545,0.7267758689840689
pool05-task014,5,"1,2,3,4",linear,0.8409785932721713,0.8250901607048711
pool05-task015,5,"1,2,3,4",linear,1.452599388379205,0.6373992401469758
pool05-task016,5,"1,2,3,4",linear,0.4969418960244648,0.8304527584350968
pool05-task017,5,"1,2,3,4",linear,0.5351681957186545,0.8259839269932421
pool05-task018,5,"1,2,3,4",linear,0.764525993883792,0.8286652258583549
pool05-task019,5,"1,2,3,4",linear,0.7262996941896025,0.8081086012258235
pool05-task020,5,"1,2,3,4",linear,2.025993883792049,0.8188337966862747
pool05-task021,5,"1,2,3,4",linear,0.4587155963302752,0.8688847088350466
pool05-task022,5,"1,2,3,4",linear,0.6880733944954128,0.8072148349374526
pool05-task023,5,"1,2,3,4",linear,0.42048929663608564,0.8331340573002095
pool05-task024,5,"1,2,3,4",linear,0.382262996941896,0.958067285453167
pool05-task025,5,"1,2,3,4",linear,0.6116207951070336,0.9714737797787311
pool05-task026,5,"1,2,3,4",linear,1.7584097859327217,1.8211038421671921
pool05-task027,5,"1,2,3,4",linear,0.7262996941896025,0.9652174157601345
pool05-task028,5,"1,2,3,4",linear,1.7584097859327217,1.8202100758788213
pool05-task029,5,"1,2,3,4",linear,0.6880733944954128,0.9634298831833925
pool05-task030,5,"1,2,3,4",linear,0.6116207951070336,0.9652174157601345
pool05-task031,5,"1,2,3,4",linear,0.9174311926605504,0.97058001349036
pool05-task032,5,"1,2,3,4",linear,0.764525993883792,0.9652174157601345
pool05-task033,5,"1,2,3,4",linear,0.7262996941896025,0.9652174157601345
pool05-task034,5,"1,2,3,4",linear,0.6880733944954128,0.9652174157601345
pool05-task035,5,"1,2,3,4",linear,0.6498470948012233,0.9625361168950217
pool05-task036,5,"1,2,3,4",linear,0.42048929663608564,0.827771459569984
pool05-task037,5,"1,2,3,4",linear,0.5351681957186545,0.8136183121495723
pool05-task038,5,"1,2,3,4",linear,1.261467889908257,1.5508235200484404
pool05-task039,5,"1,2,3,4",linear,0.4969418960244648,0.545682477857266
pool05-task040,5,"1,2,3,4",linear,0.5351681957186545,0.545682477857266
pool05-task041,5,"1,2,3,4",linear,0.6116207951070336,0.545682477857266
pool05-task042,5,"1,2,3,4",linear,0.4587155963302752,0.545682477857266
pool05-task043,5,"1,2,3,4",linear,0.5351681957186545,0.545682477857266
pool05-task044,5,"1,2,3,4",linear,0.9938837920489296,0.05327623315703259
pool05-task045,5,"1,2,3,4",linear,0.3058103975535168,0.673491057094309
pool05-task046,5,"1,2,3,4",linear,0.4969418960244648,0.673491057094309
pool05-task047,5,"1,2,3,4",linear,0.5351681957186545,0.8286652258583549
pool05-task048,5,"1,2,3,4",linear,0.6116207951070336,0.8170462641095327
pool05-task049,5,"1,2,3,4",linear,0.573394495412844,0.8000647046304851
pool05-task050,5,"1,2,3,4",linear,0.42048929663608564,0.8241963944165003
pool05-task051,5,"1,2,3,4",linear,0.9174311926605504,0.75535494945532
pool05-task052,5,"1,2,3,4",linear,0.9174311926605504,0.7580362483204328
pool05-task053,5,"1,2,3,4",linear,0.9174311926605504,0.7580362483204328
pool05-task054,5,"1,2,3,4",linear,1.070336391437309,0.865309643681563
pool05-task055,5,"1,2,3,4",linear,0.26758409785932724,0.8259839269932421
pool05-task056,5,"1,2,3,4",linear,0.382262996941896,0.8161524978211617
pool05-task057,5,"1,2,3,4",linear,1.0321100917431192,0.8617345785280793
pool05-task058,5,"1,2,3,4",linear,3.478593272171254,1.7933970872276932
pool05-task059,5,"1,2,3,4",linear,2.1788990825688073,0.9065547272476892
pool05-task060,5,"1,2,3,4",linear,2.3700305810397553,1.2704606622959687
pool05-task061,5,"1,2,3,4",linear,2.0642201834862384,1.2668855971424848
pool05-task062,5,"1,2,3,4",linear,0.4587155963302752,0.5712145748175607
pool05-task063,5,"1,2,3,4",linear,1.1085626911314985,1.077490972416445
pool05-task064,5,"1,2,3,4",linear,2.1788990825688073,2.16445315258294
pool05-task065,5,"1,2,3,4",linear,0.26758409785932724,1.2181994050931435
pool05-task066,5,"1,2,3,4",linear,0.5351681957186545,1.2181994050931435
pool05-task067,5,"1,2,3,4",linear,1.1085626911314985,0.729988327968438
pool05-task068,5,"1,2,3,4",linear,0.3440366972477064,1.2181994050931435
pool05-task069,5,"1,2,3,4",linear,0.573394495412844,0.827771459569984
pool05-task070,5,"1,2,3,4",linear,0.382262996941896,1.2181994050931435
pool05-task071,5,"1,2,3,4",linear,0.6116207951070336,0.8349215898769514
pool05-task072,5,"1,2,3,4",linear,0.8792048929663608,0.8304527584350968
pool05-task073,5,"1,2,3,4",linear,0.573394495412844,0.8300901522659822
pool05-task074,5,"1,2,3,4",linear,0.8409785932721713,0.8747784666845286
pool05-task075,5,"1,2,3,4",linear,0.9174311926605504,0.9804114426624402
pool05-task076,5,"1,2,3,4",linear,0.382262996941896,0.8027460034955979
pool05-task077,5,"1,2,3,4",linear,1.9113149847094801,1.8261038337283033
pool05-task078,5,"1,2,3,4",linear,3.6697247706422016,1.8202100758788213
pool05-task079,5,"1,2,3,4",linear,0.9174311926605504,0.8215150955513875
pool05-task080,5,"1,2,3,4",linear,3.363914373088685,1.7799905929021294
pool05-task081,5,"1,2,3,4",linear,0.4587155963302752,0.8313465247234676
pool05-task082,5,"1,2,3,4",linear,1.5672782874617737,0.9262175855918496
pool05-task083,5,"1,2,3,4",linear,2.9434250764525993,1.813059945571854
pool05-task084,5,"1,2,3,4",linear,0.764525993883792,0.8286652258583549
pool05-task085,5,"1,2,3,4",linear,0.4587155963302752,0.8349215898769514
pool05-task086,5,"1,2,3,4",linear,0.8792048929663608,0.9804114426624402
pool05-task087,5,"1,2,3,4",linear,0.4587155963302752,0.8125774326676781
pool05-task088,5,"1,2,3,4",linear,1.7966360856269112,1.3769486390106729
pool05-task089,5,"1,2,3,4",linear,1.8730886850152906,1.8497043633950618
pool05-task090,5,"1,2,3,4",linear,0.573394495412844,0.7038791108989207
pool05-task091,5,"1,2,3,4",linear,0.5351681957186545,0.8241963944165003
pool05-task092,5,"1,2,3,4",linear,2.293577981651376,2.1787534131968753
pool05-task093,5,"1,2,3,4",linear,0.8027522935779816,0.8286652258583549
pool05-task094,5,"1,2,3,4",linear,0.8409785932721713,0.9723675460671019
pool05-task095,5,"1,2,3,4",linear,3.8608562691131496,1.9576560320689718
pool05-task096,5,"1,2,3,4",linear,1.6819571865443426,1.8461292982415782
pool05-task097,5,"1,2,3,4",linear,0.5351681957186545,0.6985165131686951
pool05-task098,5,"1,2,3,4",linear,0.9174311926605504,1.1712722375530842
pool05-task099,5,"1,2,3,4",linear,0.573394495412844,0.8304527584350968
pool05-task000,5,"1,2,3,4",tree,0.8027522935779816,0.8229134234434088
pool05-task001,5,"1,2,3,4",tree,0.4969418960244648,0.924533927333797
pool05-task002,5,"1,2,3,4",tree,1.1850152905198776,0.8769855564617534
pool05-task003,5,"1,2,3,4",tree,0.3440366972477064,0.613061108212224
pool05-task004,5,"1,2,3,4",tree,0.764525993883792,0.9393422334925678
pool05-task005,5,"1,2,3,4",tree,1.1085626911314985,0.8405141031140129
pool05-task006,5,"1,2,3,4",tree,0.6880733944954128,0.8320383446493156
pool05-task007,5,"1,2,3,4",tree,1.6819571865443426,1.366218012206628
pool05-task008,5,"1,2,3,4",tree,1.3761467889908257,1.3466563760873471
pool05-task009,5,"1,2,3,4",tree,0.6880733944954128,0.7783254367330367
pool05-task010,5,"1,2,3,4",tree,1.1085626911314985,0.688582643485327
pool05-task011,5,"1,2,3,4",tree,0.573394495412844,0.8098566845903596
pool05-task012,5,"1,2,3,4",tree,0.7262996941896025,1.0804793996250053
pool05-task013,5,"1,2,3,4",tree,0.5351681957186545,0.8049760817135841
pool05-task014,5,"1,2,3,4",tree,0.8409785932721713,0.8229134234434088
pool05-task015,5,"1,2,3,4",tree,1.452599388379205,0.7777438980578228
pool05-task016,5,"1,2,3,4",tree,0.4969418960244648,0.6174287800976046
pool05-task017,5,"1,2,3,4",tree,0.5351681957186545,0.7259297601420973
pool05-task018,5,"1,2,3,4",tree,0.764525993883792,0.7808445404428372
pool05-task019,5,"1,2,3,4",tree,0.7262996941896025,0.6950456916941714
pool05-task020,5,"1,2,3,4",tree,2.025993883792049,0.6888480762651708
pool05-task021,5,"1,2,3,4",tree,0.4587155963302752,0.8564570166277184
pool05-task022,5,"1,2,3,4",tree,0.6880733944954128,0.7033973950751395
pool05-task023,5,"1,2,3,4",tree,0.42048929663608564,0.6989811699022078
pool05-task024,5,"1,2,3,4",tree,0.382262996941896,0.8978178225510073
pool05-task025,5,"1,2,3,4",tree,0.6116207951070336,0.8101627862265686
pool05-task026,5,"1,2,3,4",tree,1.7584097859327217,1.972513855857205
pool05-task027,5,"1,2,3,4",tree,0.7262996941896025,0.7042590888980435
pool05-task028,5,"1,2,3,4",tree,1.7584097859327217,1.9710842983421037
pool05-task029,5,"1,2,3,4",tree,0.6880733944954128,0.7792270469054445
pool05-task030,5,"1,2,3,4",tree,0.6116207951070336,0.7042590888980435
pool05-task031,5,"1,2,3,4",tree,0.9174311926605504,0.7666056771704036
pool05-task032,5,"1,2,3,4",tree,0.764525993883792,0.7042590888980435
pool05-task033,5,"1,2,3,4",tree,0.7262996941896025,0.7042590888980435
pool05-task034,5,"1,2,3,4",tree,0.6880733944954128,0.7042590888980435
pool05-task035,5,"1,2,3,4",tree,0.6498470948012233,0.7494295909667149
pool05-task036,5,"1,2,3,4",tree,0.42048929663608564,0.7115750354411517
pool05-task037,5,"1,2,3,4",tree,0.5351681957186545,0.6632833238123689
pool05-task038,5,"1,2,3,4",tree,1.261467889908257,1.3167938769905443
pool05-task039,5,"1,2,3,4",tree,0.4969418960244648,0.5344535321015269
pool05-task040,5,"1,2,3,4",tree,0.5351681957186545,0.5344535321015269
pool05-task041,5,"1,2,3,4",tree,0.6116207951070336,0.5344535321015269
pool05-task042,5,"1,2,3,4",tree,0.4587155963302752,0.5344535321015269
pool05-task043,5,"1,2,3,4",tree,0.5351681957186545,0.5344535321015269
pool05-task044,5,"1,2,3,4",tree,0.9938837920489296,0.7777438980578228
pool05-task045,5,"1,2,3,4",tree,0.3058103975535168,0.6681797544958047
pool05-task046,5,"1,2,3,4",tree,0.4969418960244648,0.6681797544958047
pool05-task047,5,"1,2,3,4",tree,0.5351681957186545,0.7808445404428372
pool05-task048,5,"1,2,3,4",tree,0.6116207951070336,0.8168930124255551
pool05-task049,5,"1,2,3,4",tree,0.573394495412844,0.6182602929422584
pool05-task050,5,"1,2,3,4",tree,0.42048929663608564,0.7442449790484571
pool05-task051,5,"1,2,3,4",tree,0.9174311926605504,0.8238787049480651
pool05-task052,5,"1,2,3,4",tree,0.9174311926605504,0.9038593515539841
pool05-task053,5,"1,2,3,4",tree,0.9174311926605504,0.9038593515539841
pool05-task054,5,"1,2,3,4",tree,1.070336391437309,0.6846380420608755
pool05-task055,5,"1,2,3,4",tree,0.26758409785932724,0.7259297601420973
pool05-task056,5,"1,2,3,4",tree,0.382262996941896,0.6514339631772639
pool05-task057,5,"1,2,3,4",tree,1.0321100917431192,0.842345246620957
pool05-task058,5,"1,2,3,4",tree,3.478593272171254,2.0490673788000535
pool05-task059,5,"1,2,3,4",tree,2.1788990825688073,1.3524726875485877
pool05-task060,5,"1,2,3,4",tree,2.3700305810397553,1.8017907229967822
pool05-task061,5,"1,2,3,4",tree,2.0642201834862384,1.7586567516220004
pool05-task062,5,"1,2,3,4",tree,0.4587155963302752,0.9901626991619391
pool05-task063,5,"1,2,3,4",tree,1.1085626911314985,1.0182924001016702
pool05-task064,5,"1,2,3,4",tree,2.1788990825688073,3.0291249722346314
pool05-task065,5,"1,2,3,4",tree,0.26758409785932724,0.9949014112127803
pool05-task066,5,"1,2,3,4",tree,0.5351681957186545,0.9949014112127803
pool05-task067,5,"1,2,3,4",tree,1.1085626911314985,0.8862883293364524
pool05-task068,5,"1,2,3,4",tree,0.3440366972477064,0.9949014112127803
pool05-task069,5,"1,2,3,4",tree,0.573394495412844,0.7115750354411517
pool05-task070,5,"1,2,3,4",tree,0.382262996941896,0.9949014112127803
pool05-task071,5,"1,2,3,4",tree,0.6116207951070336,0.7600470786319997
pool05-task072,5,"1,2,3,4",tree,0.8792048929663608,0.6174287800976046
pool05-task073,5,"1,2,3,4",tree,0.573394495412844,0.9254158089182516
pool05-task074,5,"1,2,3,4",tree,0.8409785932721713,0.7520626050138445
pool05-task075,5,"1,2,3,4",tree,0.9174311926605504,0.714052446417661
pool05-task076,5,"1,2,3,4",tree,0.382262996941896,0.6193174655562592
pool05-task077,5,"1,2,3,4",tree,1.9113149847094801,2.0822431716616157
pool05-task078,5,"1,2,3,4",tree,3.6697247706422016,1.9710842983421037
pool05-task079,5,"1,2,3,4",tree,0.9174311926605504,0.924533927333797
pool05-task080,5,"1,2,3,4",tree,3.363914373088685,2.0450569149229096
pool05-task081,5,"1,2,3,4",tree,0.4587155963302752,0.7006417021697582
pool05-task082,5,"1,2,3,4",tree,1.5672782874617737,1.698850109602165
pool05-task083,5,"1,2,3,4",tree,2.9434250764525993,1.965559082691274
pool05-task084,5,"1,2,3,4",tree,0.764525993883792,0.7808445404428372
pool05-task085,5,"1,2,3,4",tree,0.4587155963302752,0.7600470786319997
pool05-task086,5,"1,2,3,4",tree,0.8792048929663608,0.714052446417661
pool05-task087,5,"1,2,3,4",tree,0.4587155963302752,0.9489708827435616
pool05-task088,5,"1,2,3,4",tree,1.7966360856269112,1.525735419050252
pool05-task089,5,"1,2,3,4",tree,1.8730886850152906,1.7603916332507243
pool05-task090,5,"1,2,3,4",tree,0.573394495412844,0.768140379228347
pool05-task091,5,"1,2,3,4",tree,0.5351681957186545,0.7442449790484571
pool05-task092,5,"1,2,3,4",tree,2.293577981651376,2.5430594218575435
pool05-task093,5,"1,2,3,4",tree,0.8027522935779816,0.7808445404428372
pool05-task094,5,"1,2,3,4",tree,0.8409785932721713,0.7357969212601684
pool05-task095,5,"1,2,3,4",tree,3.8608562691131496,2.546645942277532
pool05-task096,5,"1,2,3,4",tree,1.6819571865443426,1.7603916332507243
pool05-task097,5,"1,2,3,4",tree,0.5351681957186545,0.849903133651235
pool05-task098,5,"1,2,3,4",tree,0.9174311926605504,1.275752100771214
pool05-task099,5,"1,2,3,4",tree,0.573394495412844,0.6174287800976046
