config_hash,iteration,selected_task_index,strategy_before,strategy_after,candidate_local_objective,candidate_offload_objective,objective_before,objective_after,accepted,n_nodes,k_offload,offload_rate,decision_objective,public_objective_J,barrier_penalty,estimated_workload,true_workload,workload_capacity,workload_limit,workload_utilization,estimated_memory_gb,true_memory_gb,memory_available_gb,memory_utilization,estimated_workload_violation,estimated_memory_violation,true_workload_violation,true_memory_violation,total_end_to_end_delay_seconds,mean_end_to_end_delay_seconds,total_device_energy_j,mean_tx_time_ms_offloaded,mean_tx_energy_mj_offloaded,queue_delay_ms_per_offloaded_task
06ac6393eee7a87a46f65b36cf9d1863821846f32cd08b7f9dd84710f2fa08a1,0,44,1,0,240.01031586671286,241.2528471101085,241.2528471101085,240.01031586671286,True,100,20,0.2,240.01031586671286,240.01031586671286,0.0,17.96116504854369,17.96116504854369,37.89473684210527,36.0,0.473975188781014,4.777500000000001,4.777500000000001,5.0,0.9555000000000001,0,0,0,0,4239.512464018268,42.39512464018267,7543.649180154124,730.3604477731412,82.45900770621498,245.2627531402204
06ac6393eee7a87a46f65b36cf9d1863821846f32cd08b7f9dd84710f2fa08a1,1,15,0,0,240.01031586671286,inf,240.01031586671286,240.01031586671286,False,100,20,0.2,240.01031586671286,240.01031586671286,0.0,17.96116504854369,17.96116504854369,37.89473684210527,36.0,0.473975188781014,4.777500000000001,4.777500000000001,5.0,0.9555000000000001,0,0,0,0,4239.512464018268,42.39512464018267,7543.649180154124,730.3604477731412,82.45900770621498,245.2627531402204
06ac6393eee7a87a46f65b36cf9d1863821846f32cd08b7f9dd84710f2fa08a1,2,47,0,0,240.01031586671286,inf,240.01031586671286,240.01031586671286,False,100,20,0.2,240.01031586671286,240.01031586671286,0.0,17.96116504854369,17.96116504854369,37.89473684210527,36.0,0.473975188781014,4.777500000000001,4.777500000000001,5.0,0.9555000000000001,0,0,0,0,4239.512464018268,42.39512464018267,7543.649180154124,730.3604477731412,82.45900770621498,245.2627531402204
06ac6393eee7a87a46f65b36cf9d1863821846f32cd08b7f9dd84710f2fa08a1,3,42,0,0,240.01031586671286,inf,240.01031586671286,240.01031586671286,False,100,20,0.2,240.01031586671286,240.01031586671286,0.0,17.96116504854369,17.96116504854369,37.89473684210527,36.0,0.473975188781014,4.777500000000001,4.777500000000001,5.0,0.9555000000000001,0,0,0,0,4239.512464018268,42.39512464018267,7543.649180154124,730.3604477731412,82.45900770621498,245.2627531402204
06ac6393eee7a87a46f65b36cf9d1863821846f32cd08b7f9dd84710f2fa08a1,4,47,0,0,240.01031586671286,inf,240.01031586671286,240.01031586671286,False,100,20,0.2,240.01031586671286,240.01031586671286,0.0,17.96116504854369,17.96116504854369,37.89473684210527,36.0,0.473975188781014,4.777500000000001,4.777500000000001,5.0,0.9555000000000001,0,0,0,0,4239.512464018268,42.39512464018267,7543.649180154124,730.3604477731412,82.45900770621498,245.2627531402204
06ac6393eee7a87a46f65b36cf9d1863821846f32cd08b7f9dd84710f2fa08a1,5,57,0,0,240.01031586671286,inf,240.01031586671286,240.01031586671286,False,100,20,0.2,240.01031586671286,240.01031586671286,0.0,17.96116504854369,17.96116504854369,37.89473684210527,36.0,0.473975188781014,4.777500000000001,4.777500000000001,5.0,0.9555000000000001,0,0,0,0,4239.512464018268,42.39512464018267,7543.649180154124,730.3604477731412,82.45900770621498,245.2627531402204
06ac6393eee7a87a46f65b36cf9d1863821846f32cd08b7f9dd84710f2fa08a1,6,43,1,0,239.3168190771481,240.01031586671286,240.01031586671286,239.3168190771481,True,100,19,0.19,239.3168190771481,239.3168190771481,0.0,16.990291262135923,16.990291262135923,37.89473684210527,36.0,0.4483549083063646,4.533750000000001,4.533750000000001,5.0,0.9067500000000003,0,0,0,0,4253.748191479014,42.53748191479014,7615.531150468882,710.9254118880193,80.58686678320238,223.18992911268637
06ac6393eee7a87a46f65b36cf9d1863821846f32cd08b7f9dd84710f2fa08a1,7,54,1,0,238.40797094955474,239.3168190771481,239.3168190771481,238.40797094955474,True,100,18,0.18,238.40797094955474,238.40797094955474,0.0,16.019417475728154,16.019417475728154,37.89473684210527,36.0,0.4227346278317151,4.290000000000001,4.290000000000001,5.0,0.8580000000000002,0,0,0,0,4263.946926727987,42.63946926727987,7669.401364025871,682.8639897546566,77.85355699287992,203.07638402242458
06ac6393eee7a87a46f65b36cf9d1863821846f32cd08b7f9dd84710f2fa08a1,8,28,0,0,238.40797094955474,239.50030036450218,238.40797094955474,238.40797094955474,False,100,18,0.18,238.40797094955474,238.40797094955474,0.0,16.019417475728154,16.019417475728154,37.89473684210527,36.0,0.4227346278317151,4.290000000000001,4.290000000000001,5.0,0.8580000000000002,0,0,0,0,4263.946926727987,42.63946926727987,7669.401364025871,682.8639897546566,77.85355699287992,203.07638402242458
06ac6393eee7a87a46f65b36cf9d1863821846f32cd08b7f9dd84710f2fa08a1,9,86,0,0,238.40797094955474,241.4224533300278,238.40797094955474,238.40797094955474,False,100,18,0.18,238.40797094955474,238.40797094955474,0.0,16.019417475728154,16.019417475728154,37.89473684210527,36.0,0.4227346278317151,4.290000000000001,4.290000000000001,5.0,0.8580000000000002,0,0,0,0,4263.946926727987,42.63946926727987,7669.401364025871,682.8639897546566,77.85355699287992,203.07638402242458
06ac6393eee7a87a46f65b36cf9d1863821846f32cd08b7f9dd84710f2fa08a1,10,76,0,0,238.40797094955474,243.7626749571058,238.40797094955474,238.40797094955474,False,100,18,0.18,238.40797094955474,238.40797094955474,0.0,16.019417475728154,16.019417475728154,37.89473684210527,36.0,0.4227346278317151,4.290000000000001,4.290000000000001,5.0,0.8580000000000002,0,0,0,0,4263.946926727987,42.63946926727987,7669.401364025871,682.8639897546566,77.85355699287992,203.07638402242458
06ac6393eee7a87a46f65b36cf9d1863821846f32cd08b7f9dd84710f2fa08a1,11,18,1,1,238.6573445122236,238.40797094955474,238.40797094955474,238.40797094955474,False,100,18,0.18,238.40797094955474,238.40797094955474,0.0,16.019417475728154,16.019417475728154,37.89473684210527,36.0,0.4227346278317151,4.290000000000001,4.290000000000001,5.0,0.8580000000000002,0,0,0,0,4263.946926727987,42.63946926727987,7669.401364025871,682.8639897546566,77.85355699287992,203.07638402242458
06ac6393eee7a87a46f65b36cf9d1863821846f32cd08b7f9dd84710f2fa08a1,12,92,0,0,238.40797094955474,240.01937140251593,238.40797094955474,238.40797094955474,False,100,18,0.18,238.40797094955474,238.40797094955474,0.0,16.019417475728154,16.019417475728154,37.89473684210527,36.0,0.4227346278317151,4.290000000000001,4.290000000000001,5.0,0.8580000000000002,0,0,0,0,4263.946926727987,42.63946926727987,7669.401364025871,682.8639897546566,77.85355699287992,203.07638402242458
06ac6393eee7a87a46f65b36cf9d1863821846f32cd08b7f9dd84710f2fa08a1,13,76,0,0,238.40797094955474,243.7626749571058,238.40797094955474,238.40797094955474,False,100,18,0.18,238.40797094955474,238.40797094955474,0.0,16.019417475728154,16.019417475728154,37.89473684210527,36.0,0.4227346278317151,4.290000000000001,4.290000000000001,5.0,0.8580000000000002,0,0,0,0,4263.946926727987,42.63946926727987,7669.401364025871,682.8639897546566,77.85355699287992,203.07638402242458
06ac6393eee7a87a46f65b36cf9d1863821846f32cd08b7f9dd84710f2fa08a1,14,42,0,0,238.40797094955474,241.18501805754886,238.40797094955474,238.40797094955474,False,100,18,0.18,238.40797094955474,238.40797094955474,0.0,16.019417475728154,16.019417475728154,37.89473684210527,36.0,0.4227346278317151,4.290000000000001,4.290000000000001,5.0,0.8580000000000002,0,0,0,0,4263.946926727987,42.63946926727987,7669.401364025871,682.8639897546566,77.85355699287992,203.07638402242458
06ac6393eee7a87a46f65b36cf9d1863821846f32cd08b7f9dd84710f2fa08a1,15,31,0,0,238.40797094955474,244.22550889829472,238.40797094955474,238.40797094955474,False,100,18,0.18,238.40797094955474,238.40797094955474,0.0,16.019417475728154,16.019417475728154,37.89473684210527,36.0,0.4227346278317151,4.290000000000001,4.290000000000001,5.0,0.8580000000000002,0,0,0,0,4263.946926727987,42.63946926727987,7669.401364025871,682.8639897546566,77.85355699287992,203.07638402242458
06ac6393eee7a87a46f65b36cf9d1863821846f32cd08b7f9dd84710f2fa08a1,16,89,1,0,237.44614767945134,238.40797094955474,238.40797094955474,237.44614767945134,True,100,17,0.17,237.44614767945134,237.44614767945134,0.0,15.291262135922329,15.291262135922329,37.89473684210527,36.0,0.40351941747572806,4.095000000000001,4.095000000000001,5.0,0.8190000000000002,0,0,0,0,4270.270799110295,42.702707991102955,7705.269525797575,650.3336440321024,74.67798809262544,189.12512716174967
06ac6393eee7a87a46f65b36cf9d1863821846f32cd08b7f9dd84710f2fa08a1,17,20,0,0,237.44614767945134,238.71690941619002,237.44614767945134,237.44614767945134,False,100,17,0.17,237.44614767945134,237.44614767945134,0.0,15.291262135922329,15.291262135922329,37.89473684210527,36.0,0.40351941747572806,4.095000000000001,4.095000000000001,5.0,0.8190000000000002,0,0,0,0,4270.270799110295,42.702707991102955,7705.269525797575,650.3336440321024,74.67798809262544,189.12512716174967
06ac6393eee7a87a46f65b36cf9d1863821846f32cd08b7f9dd84710f2fa08a1,18,84,0,0,237.44614767945134,245.54670873606764,237.44614767945134,237.44614767945134,False,100,17,0.17,237.44614767945134,237.44614767945134,0.0,15.291262135922329,15.291262135922329,37.89473684210527,36.0,0.40351941747572806,4.095000000000001,4.095000000000001,5.0,0.8190000000000002,0,0,0,0,4270.270799110295,42.702707991102955,7705.269525797575,650.3336440321024,74.67798809262544,189.12512716174967
06ac6393eee7a87a46f65b36cf9d1863821846f32cd08b7f9dd84710f2fa08a1,19,73,0,0,237.44614767945134,319.01633844198045,237.44614767945134,237.44614767945134,False,100,17,0.17,237.44614767945134,237.44614767945134,0.0,15.291262135922329,15.291262135922329,37.89473684210527,36.0,0.40351941747572806,4.095000000000001,4.095000000000001,5.0,0.8190000000000002,0,0,0,0,4270.270799110295,42.702707991102955,7705.269525797575,650.3336440321024,74.67798809262544,189.12512716174967
06ac6393eee7a87a46f65b36cf9d1863821846f32cd08b7f9dd84710f2fa08a1,20,53,0,1,237.44614767945134,237.38063369430103,237.44614767945134,237.38063369430103,True,100,18,0.18,237.38063369430103,237.38063369430103,0.0,16.2621359223301,16.2621359223301,37.89473684210527,36.0,0.4291396979503776,4.33875,4.33875,5.0,0.86775,0,0,0,0,4246.86702166753,42.4686702166753,7593.7644739796115,662.4545782907371,75.80410997837917,207.9355143498288
06ac6393eee7a87a46f65b36cf9d1863821846f32cd08b7f9dd84710f2fa08a1,21,15,0,0,237.38063369430103,238.2107224159012,237.38063369430103,237.38063369430103,False,100,18,0.18,237.38063369430103,237.38063369430103,0.0,16.2621359223301,16.2621359223301,37.89473684210527,36.0,0.4291396979503776,4.33875,4.33875,5.0,0.86775,0,0,0,0,4246.86702166753,42.4686702166753,7593.7644739796115,662.4545782907371,75.80410997837917,207.9355143498288
06ac6393eee7a87a46f65b36cf9d1863821846f32cd08b7f9dd84710f2fa08a1,22,12,0,0,237.38063369430103,238.35577412902754,237.38063369430103,237.38063369430103,False,100,18,0.18,237.38063369430103,237.38063369430103,0.0,16.2621359223301,16.2621359223301,37.89473684210527,36.0,0.4291396979503776,4.33875,4.33875,5.0,0.86775,0,0,0,0,4246.86702166753,42.4686702166753,7593.7644739796115,662.4545782907371,75.80410997837917,207.9355143498288
06ac6393eee7a87a46f65b36cf9d1863821846f32cd08b7f9dd84710f2fa08a1,23,57,0,0,237.38063369430103,242.68554577150965,237.38063369430103,237.38063369430103,False,100,18,0.18,237.38063369430103,237.38063369430103,0.0,16.2621359223301,16.2621359223301,37.89473684210527,36.0,0.4291396979503776,4.33875,4.33875,5.0,0.86775,0,0,0,0,4246.86702166753,42.4686702166753,7593.7644739796115,662.4545782907371,75.80410997837917,207.9355143498288
06ac6393eee7a87a46f65b36cf9d1863821846f32cd08b7f9dd84710f2fa08a1,24,12,0,0,237.38063369430103,238.35577412902754,237.38063369430103,237.38063369430103,False,100,18,0.18,237.38063369430103,237.38063369430103,0.0,16.2621359223301,16.2621359223301,37.89473684210527,36.0,0.4291396979503776,4.33875,4.33875,5.0,0.86775,0,0,0,0,4246.86702166753,42.4686702166753,7593.7644739796115,662.4545782907371,75.80410997837917,207.9355143498288
06ac6393eee7a87a46f65b36cf9d1863821846f32cd08b7f9dd84710f2fa08a1,25,66,0,0,237.38063369430103,237.68085649772564,237.38063369430103,237.38063369430103,False,100,18,0.18,237.38063369430103,237.38063369430103,0.0,16.2621359223301,16.2621359223301,37.89473684210527,36.0,0.4291396979503776,4.33875,4.33875,5.0,0.86775,0,0,0,0,4246.86702166753,42.4686702166753,7593.7644739796115,662.4545782907371,75.80410997837917,207.9355143498288
06ac6393eee7a87a46f65b36cf9d1863821846f32cd08b7f9dd84710f2fa08a1,26,31,0,0,237.38063369430103,243.20205220473676,237.38063369430103,237.38063369430103,False,100,18,0.18,237.38063369430103,237.38063369430103,0.0,16.2621359223301,16.2621359223301,37.89473684210527,36.0,0.4291396979503776,4.33875,4.33875,5.0,0.86775,0,0,0,0,4246.86702166753,42.4686702166753,7593.7644739796115,662.4545782907371,75.80410997837917,207.9355143498288
06ac6393eee7a87a46f65b36cf9d1863821846f32cd08b7f9dd84710f2fa08a1,27,1,1,0,236.87007210551775,237.38063369430103,237.38063369430103,236.87007210551775,True,100,17,0.17,236.87007210551775,236.87007210551775,0.0,15.291262135922329,15.291262135922329,37.89473684210527,36.0,0.40351941747572806,4.095000000000001,4.095000000000001,5.0,0.8190000000000002,0,0,0,0,4258.228146511372,42.58228146511372,7651.265242609347,647.8246676248101,74.42603584393974,189.12512716174967
06ac6393eee7a87a46f65b36cf9d1863821846f32cd08b7f9dd84710f2fa08a1,28,20,0,0,236.87007210551775,238.13906152477173,236.87007210551775,236.87007210551775,False,100,17,0.17,236.87007210551775,236.87007210551775,0.0,15.291262135922329,15.291262135922329,37.89473684210527,36.0,0.40351941747572806,4.095000000000001,4.095000000000001,5.0,0.8190000000000002,0,0,0,0,4258.228146511372,42.58228146511372,7651.265242609347,647.8246676248101,74.42603584393974,189.12512716174967
06ac6393eee7a87a46f65b36cf9d1863821846f32cd08b7f9dd84710f2fa08a1,29,37,0,0,236.87007210551775,240.22270593501,236.87007210551775,236.87007210551775,False,100,17,0.17,236.87007210551775,236.87007210551775,0.0,15.291262135922329,15.291262135922329,37.89473684210527,36.0,0.40351941747572806,4.095000000000001,4.095000000000001,5.0,0.8190000000000002,0,0,0,0,4258.228146511372,42.58228146511372,7651.265242609347,647.8246676248101,74.42603584393974,189.12512716174967
06ac6393eee7a87a46f65b36cf9d1863821846f32cd08b7f9dd84710f2fa08a1,30,67,0,0,236.87007210551775,241.15512618217227,236.87007210551775,236.87007210551775,False,100,17,0.17,236.87007210551775,236.87007210551775,0.0,15.291262135922329,15.291262135922329,37.89473684210527,36.0,0.40351941747572806,4.095000000000001,4.095000000000001,5.0,0.8190000000000002,0,0,0,0,4258.228146511372,42.58228146511372,7651.265242609347,647.8246676248101,74.42603584393974,189.12512716174967
06ac6393eee7a87a46f65b36cf9d1863821846f32cd08b7f9dd84710f2fa08a1,31,78,0,0,236.87007210551775,237.2551090710945,236.87007210551775,236.87007210551775,False,100,17,0.17,236.87007210551775,236.87007210551775,0.0,15.291262135922329,15.291262135922329,37.89473684210527,36.0,0.40351941747572806,4.095000000000001,4.095000000000001,5.0,0.8190000000000002,0,0,0,0,4258.228146511372,42.58228146511372,7651.265242609347,647.8246676248101,74.42603584393974,189.12512716174967
06ac6393eee7a87a46f65b36cf9d1863821846f32cd08b7f9dd84710f2fa08a1,32,41,0,0,236.87007210551775,239.15955647303858,236.87007210551775,236.87007210551775,False,100,17,0.17,236.87007210551775,236.87007210551775,0.0,15.291262135922329,15.291262135922329,37.89473684210527,36.0,0.40351941747572806,4.095000000000001,4.095000000000001,5.0,0.8190000000000002,0,0,0,0,4258.228146511372,42.58228146511372,7651.265242609347,647.8246676248101,74.42603584393974,189.12512716174967
06ac6393eee7a87a46f65b36cf9d1863821846f32cd08b7f9dd84710f2fa08a1,33,92,0,0,236.87007210551775,238.26974521375897,236.87007210551775,236.87007210551775,False,100,17,0.17,236.87007210551775,236.87007210551775,0.0,15.291262135922329,15.291262135922329,37.89473684210527,36.0,0.40351941747572806,4.095000000000001,4.095000000000001,5.0,0.8190000000000002,0,0,0,0,4258.228146511372,42.58228146511372,7651.265242609347,647.8246676248101,74.42603584393974,189.12512716174967
06ac6393eee7a87a46f65b36cf9d1863821846f32cd08b7f9dd84710f2fa08a1,34,67,0,0,236.87007210551775,241.15512618217227,236.87007210551775,236.87007210551775,False,100,17,0.17,236.87007210551775,236.87007210551775,0.0,15.291262135922329,15.291262135922329,37.89473684210527,36.0,0.40351941747572806,4.095000000000001,4.095000000000001,5.0,0.8190000000000002,0,0,0,0,4258.228146511372,42.58228146511372,7651.265242609347,647.8246676248101,74.42603584393974,189.12512716174967
06ac6393eee7a87a46f65b36cf9d1863821846f32cd08b7f9dd84710f2fa08a1,35,55,0,0,236.87007210551775,237.83896788109774,236.87007210551775,236.87007210551775,False,100,17,0.17,236.87007210551775,236.87007210551775,0.0,15.291262135922329,15.291262135922329,37.89473684210527,36.0,0.40351941747572806,4.095000000000001,4.095000000000001,5.0,0.8190000000000002,0,0,0,0,4258.228146511372,42.58228146511372,7651.265242609347,647.8246676248101,74.42603584393974,189.12512716174967
06ac6393eee7a87a46f65b36cf9d1863821846f32cd08b7f9dd84710f2fa08a1,36,76,0,0,236.87007210551775,241.8622691911285,236.87007210551775,236.87007210551775,False,100,17,0.17,236.87007210551775,236.87007210551775,0.0,15.291262135922329,15.291262135922329,37.89473684210527,36.0,0.40351941747572806,4.095000000000001,4.095000000000001,5.0,0.8190000000000002,0,0,0,0,4258.228146511372,42.58228146511372,7651.265242609347,647.8246676248101,74.42603584393974,189.12512716174967
06ac6393eee7a87a46f65b36cf9d1863821846f32cd08b7f9dd84710f2fa08a1,37,19,0,0,236.87007210551775,240.10533592302724,236.87007210551775,236.87007210551775,False,100,17,0.17,236.87007210551775,236.87007210551775,0.0,15.291262135922329,15.291262135922329,37.89473684210527,36.0,0.40351941747572806,4.095000000000001,4.095000000000001,5.0,0.8190000000000002,0,0,0,0,4258.228146511372,42.58228146511372,7651.265242609347,647.8246676248101,74.42603584393974,189.12512716174967
06ac6393eee7a87a46f65b36cf9d1863821846f32cd08b7f9dd84710f2fa08a1,38,46,0,0,236.87007210551775,238.69360168804178,236.87007210551775,236.87007210551775,False,100,17,0.17,236.87007210551775,236.87007210551775,0.0,15.291262135922329,15.291262135922329,37.89473684210527,36.0,0.40351941747572806,4.095000000000001,4.095000000000001,5.0,0.8190000000000002,0,0,0,0,4258.228146511372,42.58228146511372,7651.265242609347,647.8246676248101,74.42603584393974,189.12512716174967
06ac6393eee7a87a46f65b36cf9d1863821846f32cd08b7f9dd84710f2fa08a1,39,46,0,0,236.87007210551775,238.69360168804178,236.87007210551775,236.87007210551775,False,100,17,0.17,236.87007210551775,236.87007210551775,0.0,15.291262135922329,15.291262135922329,37.89473684210527,36.0,0.40351941747572806,4.095000000000001,4.095000000000001,5.0,0.8190000000000002,0,0,0,0,4258.228146511372,42.58228146511372,7651.265242609347,647.8246676248101,74.42603584393974,189.12512716174967
06ac6393eee7a87a46f65b36cf9d1863821846f32cd08b7f9dd84710f2fa08a1,40,86,0,0,236.87007210551775,239.67731985861897,236.87007210551775,236.87007210551775,False,100,17,0.17,236.87007210551775,236.87007210551775,0.0,15.291262135922329,15.291262135922329,37.89473684210527,36.0,0.40351941747572806,4.095000000000001,4.095000000000001,5.0,0.8190000000000002,0,0,0,0,4258.228146511372,42.58228146511372,7651.265242609347,647.8246676248101,74.42603584393974,189.12512716174967
06ac6393eee7a87a46f65b36cf9d1863821846f32cd08b7f9dd84710f2fa08a1,41,74,0,0,236.87007210551775,243.32420706764603,236.87007210551775,236.87007210551775,False,100,17,0.17,236.87007210551775,236.87007210551775,0.0,15.291262135922329,15.291262135922329,37.89473684210527,36.0,0.40351941747572806,4.095000000000001,4.095000000000001,5.0,0.8190000000000002,0,0,0,0,4258.228146511372,42.58228146511372,7651.265242609347,647.8246676248101,74.42603584393974,189.12512716174967
06ac6393eee7a87a46f65b36cf9d1863821846f32cd08b7f9dd84710f2fa08a1,42,76,0,0,236.87007210551775,241.8622691911285,236.87007210551775,236.87007210551775,False,100,17,0.17,236.87007210551775,236.87007210551775,0.0,15.291262135922329,15.291262135922329,37.89473684210527,36.0,0.40351941747572806,4.095000000000001,4.095000000000001,5.0,0.8190000000000002,0,0,0,0,4258.228146511372,42.58228146511372,7651.265242609347,647.8246676248101,74.42603584393974,189.12512716174967
06ac6393eee7a87a46f65b36cf9d1863821846f32cd08b7f9dd84710f2fa08a1,43,42,0,0,236.87007210551775,239.4848138399047,236.87007210551775,236.87007210551775,False,100,17,0.17,236.87007210551775,236.87007210551775,0.0,15.291262135922329,15.291262135922329,37.89473684210527,36.0,0.40351941747572806,4.095000000000001,4.095000000000001,5.0,0.8190000000000002,0,0,0,0,4258.228146511372,42.58228146511372,7651.265242609347,647.8246676248101,74.42603584393974,189.12512716174967
06ac6393eee7a87a46f65b36cf9d1863821846f32cd08b7f9dd84710f2fa08a1,44,43,0,0,236.87007210551775,237.33281488204406,236.87007210551775,236.87007210551775,False,100,17,0.17,236.87007210551775,236.87007210551775,0.0,15.291262135922329,15.291262135922329,37.89473684210527,36.0,0.40351941747572806,4.095000000000001,4.095000000000001,5.0,0.8190000000000002,0,0,0,0,4258.228146511372,42.58228146511372,7651.265242609347,647.8246676248101,74.42603584393974,189.12512716174967
06ac6393eee7a87a46f65b36cf9d1863821846f32cd08b7f9dd84710f2fa08a1,45,49,0,0,236.87007210551775,237.3569801893809,236.87007210551775,236.87007210551775,False,100,17,0.17,236.87007210551775,236.87007210551775,0.0,15.291262135922329,15.291262135922329,37.89473684210527,36.0,0.40351941747572806,4.095000000000001,4.095000000000001,5.0,0.8190000000000002,0,0,0,0,4258.228146511372,42.58228146511372,7651.265242609347,647.8246676248101,74.42603584393974,189.12512716174967
06ac6393eee7a87a46f65b36cf9d1863821846f32cd08b7f9dd84710f2fa08a1,46,85,0,0,236.87007210551775,239.49420848588383,236.87007210551775,236.87007210551775,False,100,17,0.17,236.87007210551775,236.87007210551775,0.0,15.291262135922329,15.291262135922329,37.89473684210527,36.0,0.40351941747572806,4.095000000000001,4.095000000000001,5.0,0.8190000000000002,0,0,0,0,4258.228146511372,42.58228146511372,7651.265242609347,647.8246676248101,74.42603584393974,189.12512716174967
06ac6393eee7a87a46f65b36cf9d1863821846f32cd08b7f9dd84710f2fa08a1,47,60,0,0,236.87007210551775,244.81644824831625,236.87007210551775,236.87007210551775,False,100,17,0.17,236.87007210551775,236.87007210551775,0.0,15.291262135922329,15.291262135922329,37.89473684210527,36.0,0.40351941747572806,4.095000000000001,4.095000000000001,5.0,0.8190000000000002,0,0,0,0,4258.228146511372,42.58228146511372,7651.265242609347,647.8246676248101,74.42603584393974,189.12512716174967
06ac6393eee7a87a46f65b36cf9d1863821846f32cd08b7f9dd84710f2fa08a1,48,51,0,0,236.87007210551775,240.30791844163855,236.87007210551775,236.87007210551775,False,100,17,0.17,236.87007210551775,236.87007210551775,0.0,15.291262135922329,15.291262135922329,37.89473684210527,36.0,0.40351941747572806,4.095000000000001,4.095000000000001,5.0,0.8190000000000002,0,0,0,0,4258.228146511372,42.58228146511372,7651.265242609347,647.8246676248101,74.42603584393974,189.12512716174967
06ac6393eee7a87a46f65b36cf9d1863821846f32cd08b7f9dd84710f2fa08a1,49,70,0,0,236.87007210551775,236.90477955104149,236.87007210551775,236.87007210551775,False,100,17,0.17,236.87007210551775,236.87007210551775,0.0,15.291262135922329,15.291262135922329,37.89473684210527,36.0,0.40351941747572806,4.095000000000001,4.095000000000001,5.0,0.8190000000000002,0,0,0,0,4258.228146511372,42.58228146511372,7651.265242609347,647.8246676248101,74.42603584393974,189.12512716174967
06ac6393eee7a87a46f65b36cf9d1863821846f32cd08b7f9dd84710f2fa08a1,50,79,1,0,236.12010021657414,236.87007210551775,236.87007210551775,236.12010021657414,True,100,16,0.16,236.12010021657414,236.12010021657414,0.0,14.320388349514563,14.320388349514563,37.89473684210527,36.0,0.3778991370010787,3.8512500000000003,3.8512500000000003,5.0,0.7702500000000001,0,0,0,0,4264.763781313837,42.647637813138374,7687.157103805168,625.8722376095538,72.31898782294705,171.86409450525628
06ac6393eee7a87a46f65b36cf9d1863821846f32cd08b7f9dd84710f2fa08a1,51,41,0,0,236.12010021657414,238.24439413807363,236.12010021657414,236.12010021657414,False,100,16,0.16,236.12010021657414,236.12010021657414,0.0,14.320388349514563,14.320388349514563,37.89473684210527,36.0,0.3778991370010787,3.8512500000000003,3.8512500000000003,5.0,0.7702500000000001,0,0,0,0,4264.763781313837,42.647637813138374,7687.157103805168,625.8722376095538,72.31898782294705,171.86409450525628
06ac6393eee7a87a46f65b36cf9d1863821846f32cd08b7f9dd84710f2fa08a1,52,88,0,0,236.12010021657414,239.89455487705845,236.12010021657414,236.12010021657414,False,100,16,0.16,236.12010021657414,236.12010021657414,0.0,14.320388349514563,14.320388349514563,37.89473684210527,36.0,0.3778991370010787,3.8512500000000003,3.8512500000000003,5.0,0.7702500000000001,0,0,0,0,4264.763781313837,42.647637813138374,7687.157103805168,625.8722376095538,72.31898782294705,171.86409450525628
06ac6393eee7a87a46f65b36cf9d1863821846f32cd08b7f9dd84710f2fa08a1,53,50,0,1,236.12010021657414,235.70241116380336,236.12010021657414,235.70241116380336,True,100,17,0.17,235.70241116380336,235.70241116380336,0.0,15.53398058252427,15.53398058252427,37.89473684210527,36.0,0.40992448759439043,4.1762500000000005,4.1762500000000005,5.0,0.83525,0,0,0,0,4218.595297713691,42.185952977136914,7471.342816771771,664.8723356693467,78.989221868904,193.67458866544783
06ac6393eee7a87a46f65b36cf9d1863821846f32cd08b7f9dd84710f2fa08a1,54,71,0,0,235.70241116380336,235.72540396302102,235.70241116380336,235.70241116380336,False,100,17,0.17,235.70241116380336,235.70241116380336,0.0,15.53398058252427,15.53398058252427,37.89473684210527,36.0,0.40992448759439043,4.1762500000000005,4.1762500000000005,5.0,0.83525,0,0,0,0,4218.595297713691,42.185952977136914,7471.342816771771,664.8723356693467,78.989221868904,193.67458866544783
06ac6393eee7a87a46f65b36cf9d1863821846f32cd08b7f9dd84710f2fa08a1,55,38,0,0,235.70241116380336,238.60122145197556,235.70241116380336,235.70241116380336,False,100,17,0.17,235.70241116380336,235.70241116380336,0.0,15.53398058252427,15.53398058252427,37.89473684210527,36.0,0.40992448759439043,4.1762500000000005,4.1762500000000005,5.0,0.83525,0,0,0,0,4218.595297713691,42.185952977136914,7471.342816771771,664.8723356693467,78.989221868904,193.67458866544783
06ac6393eee7a87a46f65b36cf9d1863821846f32cd08b7f9dd84710f2fa08a1,56,8,1,0,234.7346871415797,235.70241116380336,235.70241116380336,234.7346871415797,True,100,16,0.16,234.7346871415797,234.7346871415797,0.0,14.563106796116504,14.563106796116504,37.89473684210527,36.0,0.384304207119741,3.9325,3.9325,5.0,0.7865,0,0,0,0,4227.983919786229,42.279839197862294,7521.598429520361,622.9503085841491,74.90184502251533,176.04467805519047
06ac6393eee7a87a46f65b36cf9d1863821846f32cd08b7f9dd84710f2fa08a1,57,81,0,0,234.7346871415797,236.14104630963382,234.7346871415797,234.7346871415797,False,100,16,0.16,234.7346871415797,234.7346871415797,0.0,14.563106796116504,14.563106796116504,37.89473684210527,36.0,0.384304207119741,3.9325,3.9325,5.0,0.7865,0,0,0,0,4227.983919786229,42.279839197862294,7521.598429520361,622.9503085841491,74.90184502251533,176.04467805519047
06ac6393eee7a87a46f65b36cf9d1863821846f32cd08b7f9dd84710f2fa08a1,58,86,0,0,234.7346871415797,237.36510332754082,234.7346871415797,234.7346871415797,False,100,16,0.16,234.7346871415797,234.7346871415797,0.0,14.563106796116504,14.563106796116504,37.89473684210527,36.0,0.384304207119741,3.9325,3.9325,5.0,0.7865,0,0,0,0,4227.983919786229,42.279839197862294,7521.598429520361,622.9503085841491,74.90184502251533,176.04467805519047
06ac6393eee7a87a46f65b36cf9d1863821846f32cd08b7f9dd84710f2fa08a1,59,53,1,1,234.95810833065696,234.7346871415797,234.7346871415797,234.7346871415797,False,100,16,0.16,234.7346871415797,234.7346871415797,0.0,14.563106796116504,14.563106796116504,37.89473684210527,36.0,0.384304207119741,3.9325,3.9325,5.0,0.7865,0,0,0,0,4227.983919786229,42.279839197862294,7521.598429520361,622.9503085841491,74.90184502251533,176.04467805519047
06ac6393eee7a87a46f65b36cf9d1863821846f32cd08b7f9dd84710f2fa08a1,60,15,0,0,234.7346871415797,235.3663826801058,234.7346871415797,234.7346871415797,False,100,16,0.16,234.7346871415797,234.7346871415797,0.0,14.563106796116504,14.563106796116504,37.89473684210527,36.0,0.384304207119741,3.9325,3.9325,5.0,0.7865,0,0,0,0,4227.983919786229,42.279839197862294,7521.598429520361,622.9503085841491,74.90184502251533,176.04467805519047
06ac6393eee7a87a46f65b36cf9d1863821846f32cd08b7f9dd84710f2fa08a1,61,17,0,0,234.7346871415797,244.38841440406782,234.7346871415797,234.7346871415797,False,100,16,0.16,234.7346871415797,234.7346871415797,0.0,14.563106796116504,14.563106796116504,37.89473684210527,36.0,0.384304207119741,3.9325,3.9325,5.0,0.7865,0,0,0,0,4227.983919786229,42.279839197862294,7521.598429520361,622.9503085841491,74.90184502251533,176.04467805519047
06ac6393eee7a87a46f65b36cf9d1863821846f32cd08b7f9dd84710f2fa08a1,62,14,0,0,234.7346871415797,235.48401546050715,234.7346871415797,234.7346871415797,False,100,16,0.16,234.7346871415797,234.7346871415797,0.0,14.563106796116504,14.563106796116504,37.89473684210527,36.0,0.384304207119741,3.9325,3.9325,5.0,0.7865,0,0,0,0,4227.983919786229,42.279839197862294,7521.598429520361,622.9503085841491,74.90184502251533,176.04467805519047
06ac6393eee7a87a46f65b36cf9d1863821846f32cd08b7f9dd84710f2fa08a1,63,26,0,0,234.7346871415797,239.01581659124264,234.7346871415797,234.7346871415797,False,100,16,0.16,234.7346871415797,234.7346871415797,0.0,14.563106796116504,14.563106796116504,37.89473684210527,36.0,0.384304207119741,3.9325,3.9325,5.0,0.7865,0,0,0,0,4227.983919786229,42.279839197862294,7521.598429520361,622.9503085841491,74.90184502251533,176.04467805519047
06ac6393eee7a87a46f65b36cf9d1863821846f32cd08b7f9dd84710f2fa08a1,64,10,0,0,234.7346871415797,235.39277712343912,234.7346871415797,234.7346871415797,False,100,16,0.16,234.7346871415797,234.7346871415797,0.0,14.563106796116504,14.563106796116504,37.89473684210527,36.0,0.384304207119741,3.9325,3.9325,5.0,0.7865,0,0,0,0,4227.983919786229,42.279839197862294,7521.598429520361,622.9503085841491,74.90184502251533,176.04467805519047
06ac6393eee7a87a46f65b36cf9d1863821846f32cd08b7f9dd84710f2fa08a1,65,68,0,0,234.7346871415797,235.2998726304706,234.7346871415797,234.7346871415797,False,100,16,0.16,234.7346871415797,234.7346871415797,0.0,14.563106796116504,14.563106796116504,37.89473684210527,36.0,0.384304207119741,3.9325,3.9325,5.0,0.7865,0,0,0,0,4227.983919786229,42.279839197862294,7521.598429520361,622.9503085841491,74.90184502251533,176.04467805519047
06ac6393eee7a87a46f65b36cf9d1863821846f32cd08b7f9dd84710f2fa08a1,66,81,0,0,234.7346871415797,236.14104630963382,234.7346871415797,234.7346871415797,False,100,16,0.16,234.7346871415797,234.7346871415797,0.0,14.563106796116504,14.563106796116504,37.89473684210527,36.0,0.384304207119741,3.9325,3.9325,5.0,0.7865,0,0,0,0,4227.983919786229,42.279839197862294,7521.598429520361,622.9503085841491,74.90184502251533,176.04467805519047
06ac6393eee7a87a46f65b36cf9d1863821846f32cd08b7f9dd84710f2fa08a1,67,47,0,0,234.7346871415797,244.9504764072631,234.7346871415797,234.7346871415797,False,100,16,0.16,234.7346871415797,234.7346871415797,0.0,14.563106796116504,14.563106796116504,37.89473684210527,36.0,0.384304207119741,3.9325,3.9325,5.0,0.7865,0,0,0,0,4227.983919786229,42.279839197862294,7521.598429520361,622.9503085841491,74.90184502251533,176.04467805519047
06ac6393eee7a87a46f65b36cf9d1863821846f32cd08b7f9dd84710f2fa08a1,68,67,0,0,234.7346871415797,238.76812419459867,234.7346871415797,234.7346871415797,False,100,16,0.16,234.7346871415797,234.7346871415797,0.0,14.563106796116504,14.563106796116504,37.89473684210527,36.0,0.384304207119741,3.9325,3.9325,5.0,0.7865,0,0,0,0,4227.983919786229,42.279839197862294,7521.598429520361,622.9503085841491,74.90184502251533,176.04467805519047
06ac6393eee7a87a46f65b36cf9d1863821846f32cd08b7f9dd84710f2fa08a1,69,50,1,1,235.29961577641316,234.7346871415797,234.7346871415797,234.7346871415797,False,100,16,0.16,234.7346871415797,234.7346871415797,0.0,14.563106796116504,14.563106796116504,37.89473684210527,36.0,0.384304207119741,3.9325,3.9325,5.0,0.7865,0,0,0,0,4227.983919786229,42.279839197862294,7521.598429520361,622.9503085841491,74.90184502251533,176.04467805519047
06ac6393eee7a87a46f65b36cf9d1863821846f32cd08b7f9dd84710f2fa08a1,70,23,0,0,234.7346871415797,238.87428113035594,234.7346871415797,234.7346871415797,False,100,16,0.16,234.7346871415797,234.7346871415797,0.0,14.563106796116504,14.563106796116504,37.89473684210527,36.0,0.384304207119741,3.9325,3.9325,5.0,0.7865,0,0,0,0,4227.983919786229,42.279839197862294,7521.598429520361,622.9503085841491,74.90184502251533,176.04467805519047
06ac6393eee7a87a46f65b36cf9d1863821846f32cd08b7f9dd84710f2fa08a1,71,77,0,0,234.7346871415797,235.42348072369668,234.7346871415797,234.7346871415797,False,100,16,0.16,234.7346871415797,234.7346871415797,0.0,14.563106796116504,14.563106796116504,37.89473684210527,36.0,0.384304207119741,3.9325,3.9325,5.0,0.7865,0,0,0,0,4227.983919786229,42.279839197862294,7521.598429520361,622.9503085841491,74.90184502251533,176.04467805519047
06ac6393eee7a87a46f65b36cf9d1863821846f32cd08b7f9dd84710f2fa08a1,72,11,0,0,234.7346871415797,238.4421247230865,234.7346871415797,234.7346871415797,False,100,16,0.16,234.7346871415797,234.7346871415797,0.0,14.563106796116504,14.563106796116504,37.89473684210527,36.0,0.384304207119741,3.9325,3.9325,5.0,0.7865,0,0,0,0,4227.983919786229,42.279839197862294,7521.598429520361,622.9503085841491,74.90184502251533,176.04467805519047
06ac6393eee7a87a46f65b36cf9d1863821846f32cd08b7f9dd84710f2fa08a1,73,60,0,0,234.7346871415797,242.32590991754583,234.7346871415797,234.7346871415797,False,100,16,0.16,234.7346871415797,234.7346871415797,0.0,14.563106796116504,14.563106796116504,37.89473684210527,36.0,0.384304207119741,3.9325,3.9325,5.0,0.7865,0,0,0,0,4227.983919786229,42.279839197862294,7521.598429520361,622.9503085841491,74.90184502251533,176.04467805519047
06ac6393eee7a87a46f65b36cf9d1863821846f32cd08b7f9dd84710f2fa08a1,74,80,0,0,234.7346871415797,243.03585362129564,234.7346871415797,234.7346871415797,False,100,16,0.16,234.7346871415797,234.7346871415797,0.0,14.563106796116504,14.563106796116504,37.89473684210527,36.0,0.384304207119741,3.9325,3.9325,5.0,0.7865,0,0,0,0,4227.983919786229,42.279839197862294,7521.598429520361,622.9503085841491,74.90184502251533,176.04467805519047
06ac6393eee7a87a46f65b36cf9d1863821846f32cd08b7f9dd84710f2fa08a1,75,1,0,0,234.7346871415797,235.17371098334584,234.7346871415797,234.7346871415797,False,100,16,0.16,234.7346871415797,234.7346871415797,0.0,14.563106796116504,14.563106796116504,37.89473684210527,36.0,0.384304207119741,3.9325,3.9325,5.0,0.7865,0,0,0,0,4227.983919786229,42.279839197862294,7521.598429520361,622.9503085841491,74.90184502251533,176.04467805519047
06ac6393eee7a87a46f65b36cf9d1863821846f32cd08b7f9dd84710f2fa08a1,76,54,0,0,234.7346871415797,235.45191396668196,234.7346871415797,234.7346871415797,False,100,16,0.16,234.7346871415797,234.7346871415797,0.0,14.563106796116504,14.563106796116504,37.89473684210527,36.0,0.384304207119741,3.9325,3.9325,5.0,0.7865,0,0,0,0,4227.983919786229,42.279839197862294,7521.598429520361,622.9503085841491,74.90184502251533,176.04467805519047
06ac6393eee7a87a46f65b36cf9d1863821846f32cd08b7f9dd84710f2fa08a1,77,78,0,0,234.7346871415797,235.0413561280651,234.7346871415797,234.7346871415797,False,100,16,0.16,234.7346871415797,234.7346871415797,0.0,14.563106796116504,14.563106796116504,37.89473684210527,36.0,0.384304207119741,3.9325,3.9325,5.0,0.7865,0,0,0,0,4227.983919786229,42.279839197862294,7521.598429520361,622.9503085841491,74.90184502251533,176.04467805519047
06ac6393eee7a87a46f65b36cf9d1863821846f32cd08b7f9dd84710f2fa08a1,78,53,1,1,234.95810833065696,234.7346871415797,234.7346871415797,234.7346871415797,False,100,16,0.16,234.7346871415797,234.7346871415797,0.0,14.563106796116504,14.563106796116504,37.89473684210527,36.0,0.384304207119741,3.9325,3.9325,5.0,0.7865,0,0,0,0,4227.983919786229,42.279839197862294,7521.598429520361,622.9503085841491,74.90184502251533,176.04467805519047
06ac6393eee7a87a46f65b36cf9d1863821846f32cd08b7f9dd84710f2fa08a1,79,83,0,0,234.7346871415797,235.36457281463333,234.7346871415797,234.7346871415797,False,100,16,0.16,234.7346871415797,234.7346871415797,0.0,14.563106796116504,14.563106796116504,37.89473684210527,36.0,0.384304207119741,3.9325,3.9325,5.0,0.7865,0,0,0,0,4227.983919786229,42.279839197862294,7521.598429520361,622.9503085841491,74.90184502251533,176.04467805519047
06ac6393eee7a87a46f65b36cf9d1863821846f32cd08b7f9dd84710f2fa08a1,80,29,0,0,234.7346871415797,265.2340268535835,234.7346871415797,234.7346871415797,False,100,16,0.16,234.7346871415797,234.7346871415797,0.0,14.563106796116504,14.563106796116504,37.89473684210527,36.0,0.384304207119741,3.9325,3.9325,5.0,0.7865,0,0,0,0,4227.983919786229,42.279839197862294,7521.598429520361,622.9503085841491,74.90184502251533,176.04467805519047
06ac6393eee7a87a46f65b36cf9d1863821846f32cd08b7f9dd84710f2fa08a1,81,48,1,0,234.6004250398661,234.7346871415797,234.7346871415797,234.6004250398661,True,100,15,0.15,234.6004250398661,234.6004250398661,0.0,13.592233009708737,13.592233009708737,37.89473684210527,36.0,0.35868392664509163,3.6887499999999998,3.6887499999999998,5.0,0.7377499999999999,0,0,0,0,4248.143391139816,42.48143391139816,7618.685566378059,596.4026949952784,72.37109187057052,159.82338099243057
06ac6393eee7a87a46f65b36cf9d1863821846f32cd08b7f9dd84710f2fa08a1,82,81,0,0,234.6004250398661,235.89485701485202,234.6004250398661,234.6004250398661,False,100,15,0.15,234.6004250398661,234.6004250398661,0.0,13.592233009708737,13.592233009708737,37.89473684210527,36.0,0.35868392664509163,3.6887499999999998,3.6887499999999998,5.0,0.7377499999999999,0,0,0,0,4248.143391139816,42.48143391139816,7618.685566378059,596.4026949952784,72.37109187057052,159.82338099243057
06ac6393eee7a87a46f65b36cf9d1863821846f32cd08b7f9dd84710f2fa08a1,83,78,0,0,234.6004250398661,234.80300992157342,234.6004250398661,234.6004250398661,False,100,15,0.15,234.6004250398661,234.6004250398661,0.0,13.592233009708737,13.592233009708737,37.89473684210527,36.0,0.35868392664509163,3.6887499999999998,3.6887499999999998,5.0,0.7377499999999999,0,0,0,0,4248.143391139816,42.48143391139816,7618.685566378059,596.4026949952784,72.37109187057052,159.82338099243057
06ac6393eee7a87a46f65b36cf9d1863821846f32cd08b7f9dd84710f2fa08a1,84,20,0,0,234.6004250398661,235.5717648937029,234.6004250398661,234.6004250398661,False,100,15,0.15,234.6004250398661,234.6004250398661,0.0,13.592233009708737,13.592233009708737,37.89473684210527,36.0,0.35868392664509163,3.6887499999999998,3.6887499999999998,5.0,0.7377499999999999,0,0,0,0,4248.143391139816,42.48143391139816,7618.685566378059,596.4026949952784,72.37109187057052,159.82338099243057
06ac6393eee7a87a46f65b36cf9d1863821846f32cd08b7f9dd84710f2fa08a1,85,65,0,0,234.6004250398661,234.9126112625756,234.6004250398661,234.6004250398661,False,100,15,0.15,234.6004250398661,234.6004250398661,0.0,13.592233009708737,13.592233009708737,37.89473684210527,36.0,0.35868392664509163,3.6887499999999998,3.6887499999999998,5.0,0.7377499999999999,0,0,0,0,4248.143391139816,42.48143391139816,7618.685566378059,596.4026949952784,72.37109187057052,159.82338099243057
06ac6393eee7a87a46f65b36cf9d1863821846f32cd08b7f9dd84710f2fa08a1,86,21,0,0,234.6004250398661,238.32089596138138,234.6004250398661,234.6004250398661,False,100,15,0.15,234.6004250398661,234.6004250398661,0.0,13.592233009708737,13.592233009708737,37.89473684210527,36.0,0.35868392664509163,3.6887499999999998,3.6887499999999998,5.0,0.7377499999999999,0,0,0,0,4248.143391139816,42.48143391139816,7618.685566378059,596.4026949952784,72.37109187057052,159.82338099243057
06ac6393eee7a87a46f65b36cf9d1863821846f32cd08b7f9dd84710f2fa08a1,87,59,1,0,234.08817337091727,234.6004250398661,234.6004250398661,234.08817337091727,True,100,14,0.14,234.08817337091727,234.08817337091727,0.0,13.106796116504853,13.106796116504853,37.89473684210527,36.0,0.3458737864077669,3.5262499999999997,3.5262499999999997,5.0,0.7052499999999999,0,0,0,0,4257.223124245698,42.57223124245698,7665.3693684256605,563.7482067891773,69.24060183284573,152.1892393320964
06ac6393eee7a87a46f65b36cf9d1863821846f32cd08b7f9dd84710f2fa08a1,88,53,1,1,234.47303894163065,234.08817337091727,234.08817337091727,234.08817337091727,False,100,14,0.14,234.08817337091727,234.08817337091727,0.0,13.106796116504853,13.106796116504853,37.89473684210527,36.0,0.3458737864077669,3.5262499999999997,3.5262499999999997,5.0,0.7052499999999999,0,0,0,0,4257.223124245698,42.57223124245698,7665.3693684256605,563.7482067891773,69.24060183284573,152.1892393320964
06ac6393eee7a87a46f65b36cf9d1863821846f32cd08b7f9dd84710f2fa08a1,89,31,0,0,234.08817337091727,238.66977921254045,234.08817337091727,234.08817337091727,False,100,14,0.14,234.08817337091727,234.08817337091727,0.0,13.106796116504853,13.106796116504853,37.89473684210527,36.0,0.3458737864077669,3.5262499999999997,3.5262499999999997,5.0,0.7052499999999999,0,0,0,0,4257.223124245698,42.57223124245698,7665.3693684256605,563.7482067891773,69.24060183284573,152.1892393320964
06ac6393eee7a87a46f65b36cf9d1863821846f32cd08b7f9dd84710f2fa08a1,90,14,0,0,234.08817337091727,234.63362084398975,234.08817337091727,234.08817337091727,False,100,14,0.14,234.08817337091727,234.08817337091727,0.0,13.106796116504853,13.106796116504853,37.89473684210527,36.0,0.3458737864077669,3.5262499999999997,3.5262499999999997,5.0,0.7052499999999999,0,0,0,0,4257.223124245698,42.57223124245698,7665.3693684256605,563.7482067891773,69.24060183284573,152.1892393320964
06ac6393eee7a87a46f65b36cf9d1863821846f32cd08b7f9dd84710f2fa08a1,91,8,0,0,234.08817337091727,234.8517688684623,234.08817337091727,234.08817337091727,False,100,14,0.14,234.08817337091727,234.08817337091727,0.0,13.106796116504853,13.106796116504853,37.89473684210527,36.0,0.3458737864077669,3.5262499999999997,3.5262499999999997,5.0,0.7052499999999999,0,0,0,0,4257.223124245698,42.57223124245698,7665.3693684256605,563.7482067891773,69.24060183284573,152.1892393320964
06ac6393eee7a87a46f65b36cf9d1863821846f32cd08b7f9dd84710f2fa08a1,92,22,0,0,234.08817337091727,239.66469727564024,234.08817337091727,234.08817337091727,False,100,14,0.14,234.08817337091727,234.08817337091727,0.0,13.106796116504853,13.106796116504853,37.89473684210527,36.0,0.3458737864077669,3.5262499999999997,3.5262499999999997,5.0,0.7052499999999999,0,0,0,0,4257.223124245698,42.57223124245698,7665.3693684256605,563.7482067891773,69.24060183284573,152.1892393320964
06ac6393eee7a87a46f65b36cf9d1863821846f32cd08b7f9dd84710f2fa08a1,93,92,0,0,234.08817337091727,234.9092022536364,234.08817337091727,234.08817337091727,False,100,14,0.14,234.08817337091727,234.08817337091727,0.0,13.106796116504853,13.106796116504853,37.89473684210527,36.0,0.3458737864077669,3.5262499999999997,3.5262499999999997,5.0,0.7052499999999999,0,0,0,0,4257.223124245698,42.57223124245698,7665.3693684256605,563.7482067891773,69.24060183284573,152.1892393320964
06ac6393eee7a87a46f65b36cf9d1863821846f32cd08b7f9dd84710f2fa08a1,94,0,0,0,234.08817337091727,234.35373676934833,234.08817337091727,234.08817337091727,False,100,14,0.14,234.08817337091727,234.08817337091727,0.0,13.106796116504853,13.106796116504853,37.89473684210527,36.0,0.3458737864077669,3.5262499999999997,3.5262499999999997,5.0,0.7052499999999999,0,0,0,0,4257.223124245698,42.57223124245698,7665.3693684256605,563.7482067891773,69.24060183284573,152.1892393320964
06ac6393eee7a87a46f65b36cf9d1863821846f32cd08b7f9dd84710f2fa08a1,95,88,0,0,234.08817337091727,237.55340183301516,234.08817337091727,234.08817337091727,False,100,14,0.14,234.08817337091727,234.08817337091727,0.0,13.106796116504853,13.106796116504853,37.89473684210527,36.0,0.3458737864077669,3.5262499999999997,3.5262499999999997,5.0,0.7052499999999999,0,0,0,0,4257.223124245698,42.57223124245698,7665.3693684256605,563.7482067891773,69.24060183284573,152.1892393320964
06ac6393eee7a87a46f65b36cf9d1863821846f32cd08b7f9dd84710f2fa08a1,96,71,0,1,234.08817337091727,233.78413524532218,234.08817337091727,233.78413524532218,True,100,15,0.15,233.78413524532218,233.78413524532218,0.0,14.320388349514563,14.320388349514563,37.89473684210527,36.0,0.3778991370010787,3.85125,3.85125,5.0,0.77025,0,0,0,0,4229.745063384254,42.29745063384254,7535.867635679992,584.4734644449653,71.17571199948807,171.86409450525628
06ac6393eee7a87a46f65b36cf9d1863821846f32cd08b7f9dd84710f2fa08a1,97,18,1,1,234.3079870929793,233.78413524532218,233.78413524532218,233.78413524532218,False,100,15,0.15,233.78413524532218,233.78413524532218,0.0,14.320388349514563,14.320388349514563,37.89473684210527,36.0,0.3778991370010787,3.85125,3.85125,5.0,0.77025,0,0,0,0,4229.745063384254,42.29745063384254,7535.867635679992,584.4734644449653,71.17571199948807,171.86409450525628
06ac6393eee7a87a46f65b36cf9d1863821846f32cd08b7f9dd84710f2fa08a1,98,38,0,0,233.78413524532218,236.35836040029426,233.78413524532218,233.78413524532218,False,100,15,0.15,233.78413524532218,233.78413524532218,0.0,14.320388349514563,14.320388349514563,37.89473684210527,36.0,0.3778991370010787,3.85125,3.85125,5.0,0.77025,0,0,0,0,4229.745063384254,42.29745063384254,7535.867635679992,584.4734644449653,71.17571199948807,171.86409450525628
06ac6393eee7a87a46f65b36cf9d1863821846f32cd08b7f9dd84710f2fa08a1,99,96,0,0,233.78413524532218,235.54923424834303,233.78413524532218,233.78413524532218,False,100,15,0.15,233.78413524532218,233.78413524532218,0.0,14.320388349514563,14.320388349514563,37.89473684210527,36.0,0.3778991370010787,3.85125,3.85125,5.0,0.77025,0,0,0,0,4229.745063384254,42.29745063384254,7535.867635679992,584.4734644449653,71.17571199948807,171.86409450525628
06ac6393eee7a87a46f65b36cf9d1863821846f32cd08b7f9dd84710f2fa08a1,100,83,0,0,233.78413524532218,234.32974821882058,233.78413524532218,233.78413524532218,False,100,15,0.15,233.78413524532218,233.78413524532218,0.0,14.320388349514563,14.320388349514563,37.89473684210527,36.0,0.3778991370010787,3.85125,3.85125,5.0,0.77025,0,0,0,0,4229.745063384254,42.29745063384254,7535.867635679992,584.4734644449653,71.17571199948807,171.86409450525628
06ac6393eee7a87a46f65b36cf9d1863821846f32cd08b7f9dd84710f2fa08a1,101,74,0,0,233.78413524532218,239.49883525902393,233.78413524532218,233.78413524532218,False,100,15,0.15,233.78413524532218,233.78413524532218,0.0,14.320388349514563,14.320388349514563,37.89473684210527,36.0,0.3778991370010787,3.85125,3.85125,5.0,0.77025,0,0,0,0,4229.745063384254,42.29745063384254,7535.867635679992,584.4734644449653,71.17571199948807,171.86409450525628
06ac6393eee7a87a46f65b36cf9d1863821846f32cd08b7f9dd84710f2fa08a1,102,72,1,0,233.53685249983988,233.78413524532218,233.78413524532218,233.53685249983988,True,100,14,0.14,233.53685249983988,233.53685249983988,0.0,13.349514563106796,13.349514563106796,37.89473684210527,36.0,0.3522788565264293,3.6075,3.6075,5.0,0.7215,0,0,0,0,4261.258032193332,42.61258032193332,7686.887655734656,505.3194492211306,63.40398104682406,155.968564588321
06ac6393eee7a87a46f65b36cf9d1863821846f32cd08b7f9dd84710f2fa08a1,103,42,0,0,233.53685249983988,235.67202729788409,233.53685249983988,233.53685249983988,False,100,14,0.14,233.53685249983988,233.53685249983988,0.0,13.349514563106796,13.349514563106796,37.89473684210527,36.0,0.3522788565264293,3.6075,3.6075,5.0,0.7215,0,0,0,0,4261.258032193332,42.61258032193332,7686.887655734656,505.3194492211306,63.40398104682406,155.968564588321
06ac6393eee7a87a46f65b36cf9d1863821846f32cd08b7f9dd84710f2fa08a1,104,64,0,0,233.53685249983988,236.44979692343247,233.53685249983988,233.53685249983988,False,100,14,0.14,233.53685249983988,233.53685249983988,0.0,13.349514563106796,13.349514563106796,37.89473684210527,36.0,0.3522788565264293,3.6075,3.6075,5.0,0.7215,0,0,0,0,4261.258032193332,42.61258032193332,7686.887655734656,505.3194492211306,63.40398104682406,155.968564588321
06ac6393eee7a87a46f65b36cf9d1863821846f32cd08b7f9dd84710f2fa08a1,105,59,0,0,233.53685249983988,234.00438676352059,233.53685249983988,233.53685249983988,False,100,14,0.14,233.53685249983988,233.53685249983988,0.0,13.349514563106796,13.349514563106796,37.89473684210527,36.0,0.3522788565264293,3.6075,3.6075,5.0,0.7215,0,0,0,0,4261.258032193332,42.61258032193332,7686.887655734656,505.3194492211306,63.40398104682406,155.968564588321
06ac6393eee7a87a46f65b36cf9d1863821846f32cd08b7f9dd84710f2fa08a1,106,58,0,0,233.53685249983988,234.76796666315602,233.53685249983988,233.53685249983988,False,100,14,0.14,233.53685249983988,233.53685249983988,0.0,13.349514563106796,13.349514563106796,37.89473684210527,36.0,0.3522788565264293,3.6075,3.6075,5.0,0.7215,0,0,0,0,4261.258032193332,42.61258032193332,7686.887655734656,505.3194492211306,63.40398104682406,155.968564588321
06ac6393eee7a87a46f65b36cf9d1863821846f32cd08b7f9dd84710f2fa08a1,107,12,0,0,233.53685249983988,234.09834324063297,233.53685249983988,233.53685249983988,False,100,14,0.14,233.53685249983988,233.53685249983988,0.0,13.349514563106796,13.349514563106796,37.89473684210527,36.0,0.3522788565264293,3.6075,3.6075,5.0,0.7215,0,0,0,0,4261.258032193332,42.61258032193332,7686.887655734656,505.3194492211306,63.40398104682406,155.968564588321
06ac6393eee7a87a46f65b36cf9d1863821846f32cd08b7f9dd84710f2fa08a1,108,84,0,0,233.53685249983988,240.48560823107007,233.53685249983988,233.53685249983988,False,100,14,0.14,233.53685249983988,233.53685249983988,0.0,13.349514563106796,13.349514563106796,37.89473684210527,36.0,0.3522788565264293,3.6075,3.6075,5.0,0.7215,0,0,0,0,4261.258032193332,42.61258032193332,7686.887655734656,505.3194492211306,63.40398104682406,155.968564588321
06ac6393eee7a87a46f65b36cf9d1863821846f32cd08b7f9dd84710f2fa08a1,109,40,1,0,233.2307383735994,233.53685249983988,233.53685249983988,233.2307383735994,True,100,13,0.13,233.2307383735994,233.2307383735994,0.0,12.135922330097086,12.135922330097086,37.89473684210527,36.0,0.3202535059331175,3.2824999999999998,3.2824999999999998,5.0,0.6565,0,0,0,0,4281.42604358468,42.8142604358468,7783.936868339946,464.21918286009856,56.68217999588333,137.78416980757783
06ac6393eee7a87a46f65b36cf9d1863821846f32cd08b7f9dd84710f2fa08a1,110,85,0,0,233.2307383735994,235.02588171207614,233.2307383735994,233.2307383735994,False,100,13,0.13,233.2307383735994,233.2307383735994,0.0,12.135922330097086,12.135922330097086,37.89473684210527,36.0,0.3202535059331175,3.2824999999999998,3.2824999999999998,5.0,0.6565,0,0,0,0,4281.42604358468,42.8142604358468,7783.936868339946,464.21918286009856,56.68217999588333,137.78416980757783
06ac6393eee7a87a46f65b36cf9d1863821846f32cd08b7f9dd84710f2fa08a1,111,20,0,0,233.2307383735994,233.82958865574432,233.2307383735994,233.2307383735994,False,100,13,0.13,233.2307383735994,233.2307383735994,0.0,12.135922330097086,12.135922330097086,37.89473684210527,36.0,0.3202535059331175,3.2824999999999998,3.2824999999999998,5.0,0.6565,0,0,0,0,4281.42604358468,42.8142604358468,7783.936868339946,464.21918286009856,56.68217999588333,137.78416980757783
06ac6393eee7a87a46f65b36cf9d1863821846f32cd08b7f9dd84710f2fa08a1,112,3,1,1,233.45205099351418,233.2307383735994,233.2307383735994,233.2307383735994,False,100,13,0.13,233.2307383735994,233.2307383735994,0.0,12.135922330097086,12.135922330097086,37.89473684210527,36.0,0.3202535059331175,3.2824999999999998,3.2824999999999998,5.0,0.6565,0,0,0,0,4281.42604358468,42.8142604358468,7783.936868339946,464.21918286009856,56.68217999588333,137.78416980757783
06ac6393eee7a87a46f65b36cf9d1863821846f32cd08b7f9dd84710f2fa08a1,113,20,0,0,233.2307383735994,233.82958865574432,233.2307383735994,233.2307383735994,False,100,13,0.13,233.2307383735994,233.2307383735994,0.0,12.135922330097086,12.135922330097086,37.89473684210527,36.0,0.3202535059331175,3.2824999999999998,3.2824999999999998,5.0,0.6565,0,0,0,0,4281.42604358468,42.8142604358468,7783.936868339946,464.21918286009856,56.68217999588333,137.78416980757783
06ac6393eee7a87a46f65b36cf9d1863821846f32cd08b7f9dd84710f2fa08a1,114,38,0,0,233.2307383735994,235.40077862019305,233.2307383735994,233.2307383735994,False,100,13,0.13,233.2307383735994,233.2307383735994,0.0,12.135922330097086,12.135922330097086,37.89473684210527,36.0,0.3202535059331175,3.2824999999999998,3.2824999999999998,5.0,0.6565,0,0,0,0,4281.42604358468,42.8142604358468,7783.936868339946,464.21918286009856,56.68217999588333,137.78416980757783
06ac6393eee7a87a46f65b36cf9d1863821846f32cd08b7f9dd84710f2fa08a1,115,70,0,1,233.2307383735994,232.86357903277784,233.2307383735994,232.86357903277784,True,100,14,0.14,232.86357903277784,232.86357903277784,0.0,13.106796116504855,13.106796116504855,37.89473684210527,36.0,0.34587378640776695,3.5262499999999997,3.5262499999999997,5.0,0.7052499999999999,0,0,0,0,4260.01155172137,42.6001155172137,7683.21005125491,477.20731219432633,57.86080392208482,152.18923933209643
06ac6393eee7a87a46f65b36cf9d1863821846f32cd08b7f9dd84710f2fa08a1,116,17,0,0,232.86357903277784,241.61648017488034,232.86357903277784,232.86357903277784,False,100,14,0.14,232.86357903277784,232.86357903277784,0.0,13.106796116504855,13.106796116504855,37.89473684210527,36.0,0.34587378640776695,3.5262499999999997,3.5262499999999997,5.0,0.7052499999999999,0,0,0,0,4260.01155172137,42.6001155172137,7683.21005125491,477.20731219432633,57.86080392208482,152.18923933209643
06ac6393eee7a87a46f65b36cf9d1863821846f32cd08b7f9dd84710f2fa08a1,117,23,0,0,232.86357903277784,236.37215123965407,232.86357903277784,232.86357903277784,False,100,14,0.14,232.86357903277784,232.86357903277784,0.0,13.106796116504855,13.106796116504855,37.89473684210527,36.0,0.34587378640776695,3.5262499999999997,3.5262499999999997,5.0,0.7052499999999999,0,0,0,0,4260.01155172137,42.6001155172137,7683.21005125491,477.20731219432633,57.86080392208482,152.18923933209643
06ac6393eee7a87a46f65b36cf9d1863821846f32cd08b7f9dd84710f2fa08a1,118,97,0,0,232.86357903277784,236.28422677897532,232.86357903277784,232.86357903277784,False,100,14,0.14,232.86357903277784,232.86357903277784,0.0,13.106796116504855,13.106796116504855,37.89473684210527,36.0,0.34587378640776695,3.5262499999999997,3.5262499999999997,5.0,0.7052499999999999,0,0,0,0,4260.01155172137,42.6001155172137,7683.21005125491,477.20731219432633,57.86080392208482,152.18923933209643
06ac6393eee7a87a46f65b36cf9d1863821846f32cd08b7f9dd84710f2fa08a1,119,76,0,0,232.86357903277784,236.74622824919135,232.86357903277784,232.86357903277784,False,100,14,0.14,232.86357903277784,232.86357903277784,0.0,13.106796116504855,13.106796116504855,37.89473684210527,36.0,0.34587378640776695,3.5262499999999997,3.5262499999999997,5.0,0.7052499999999999,0,0,0,0,4260.01155172137,42.6001155172137,7683.21005125491,477.20731219432633,57.86080392208482,152.18923933209643
06ac6393eee7a87a46f65b36cf9d1863821846f32cd08b7f9dd84710f2fa08a1,120,85,0,0,232.86357903277784,234.84381596550685,232.86357903277784,232.86357903277784,False,100,14,0.14,232.86357903277784,232.86357903277784,0.0,13.106796116504855,13.106796116504855,37.89473684210527,36.0,0.34587378640776695,3.5262499999999997,3.5262499999999997,5.0,0.7052499999999999,0,0,0,0,4260.01155172137,42.6001155172137,7683.21005125491,477.20731219432633,57.86080392208482,152.18923933209643
06ac6393eee7a87a46f65b36cf9d1863821846f32cd08b7f9dd84710f2fa08a1,121,64,0,0,232.86357903277784,235.73429148658047,232.86357903277784,232.86357903277784,False,100,14,0.14,232.86357903277784,232.86357903277784,0.0,13.106796116504855,13.106796116504855,37.89473684210527,36.0,0.34587378640776695,3.5262499999999997,3.5262499999999997,5.0,0.7052499999999999,0,0,0,0,4260.01155172137,42.6001155172137,7683.21005125491,477.20731219432633,57.86080392208482,152.18923933209643
06ac6393eee7a87a46f65b36cf9d1863821846f32cd08b7f9dd84710f2fa08a1,122,12,0,0,232.86357903277784,233.38283780378094,232.86357903277784,232.86357903277784,False,100,14,0.14,232.86357903277784,232.86357903277784,0.0,13.106796116504855,13.106796116504855,37.89473684210527,36.0,0.34587378640776695,3.5262499999999997,3.5262499999999997,5.0,0.7052499999999999,0,0,0,0,4260.01155172137,42.6001155172137,7683.21005125491,477.20731219432633,57.86080392208482,152.18923933209643
06ac6393eee7a87a46f65b36cf9d1863821846f32cd08b7f9dd84710f2fa08a1,123,78,0,0,232.86357903277784,232.89710133372665,232.86357903277784,232.86357903277784,False,100,14,0.14,232.86357903277784,232.86357903277784,0.0,13.106796116504855,13.106796116504855,37.89473684210527,36.0,0.34587378640776695,3.5262499999999997,3.5262499999999997,5.0,0.7052499999999999,0,0,0,0,4260.01155172137,42.6001155172137,7683.21005125491,477.20731219432633,57.86080392208482,152.18923933209643
06ac6393eee7a87a46f65b36cf9d1863821846f32cd08b7f9dd84710f2fa08a1,124,82,0,0,232.86357903277784,234.97847136272003,232.86357903277784,232.86357903277784,False,100,14,0.14,232.86357903277784,232.86357903277784,0.0,13.106796116504855,13.106796116504855,37.89473684210527,36.0,0.34587378640776695,3.5262499999999997,3.5262499999999997,5.0,0.7052499999999999,0,0,0,0,4260.01155172137,42.6001155172137,7683.21005125491,477.20731219432633,57.86080392208482,152.18923933209643
06ac6393eee7a87a46f65b36cf9d1863821846f32cd08b7f9dd84710f2fa08a1,125,94,0,0,232.86357903277784,233.1677187742777,232.86357903277784,232.86357903277784,False,100,14,0.14,232.86357903277784,232.86357903277784,0.0,13.106796116504855,13.106796116504855,37.89473684210527,36.0,0.34587378640776695,3.5262499999999997,3.5262499999999997,5.0,0.7052499999999999,0,0,0,0,4260.01155172137,42.6001155172137,7683.21005125491,477.20731219432633,57.86080392208482,152.18923933209643
06ac6393eee7a87a46f65b36cf9d1863821846f32cd08b7f9dd84710f2fa08a1,126,79,0,0,232.86357903277784,233.37377517943676,232.86357903277784,232.86357903277784,False,100,14,0.14,232.86357903277784,232.86357903277784,0.0,13.106796116504855,13.106796116504855,37.89473684210527,36.0,0.34587378640776695,3.5262499999999997,3.5262499999999997,5.0,0.7052499999999999,0,0,0,0,4260.01155172137,42.6001155172137,7683.21005125491,477.20731219432633,57.86080392208482,152.18923933209643
06ac6393eee7a87a46f65b36cf9d1863821846f32cd08b7f9dd84710f2fa08a1,127,31,0,0,232.86357903277784,237.3606772458253,232.86357903277784,232.86357903277784,False,100,14,0.14,232.86357903277784,232.86357903277784,0.0,13.106796116504855,13.106796116504855,37.89473684210527,36.0,0.34587378640776695,3.5262499999999997,3.5262499999999997,5.0,0.7052499999999999,0,0,0,0,4260.01155172137,42.6001155172137,7683.21005125491,477.20731219432633,57.86080392208482,152.18923933209643
06ac6393eee7a87a46f65b36cf9d1863821846f32cd08b7f9dd84710f2fa08a1,128,67,0,0,232.86357903277784,236.2760966375746,232.86357903277784,232.86357903277784,False,100,14,0.14,232.86357903277784,232.86357903277784,0.0,13.106796116504855,13.106796116504855,37.89473684210527,36.0,0.34587378640776695,3.5262499999999997,3.5262499999999997,5.0,0.7052499999999999,0,0,0,0,4260.01155172137,42.6001155172137,7683.21005125491,477.20731219432633,57.86080392208482,152.18923933209643
06ac6393eee7a87a46f65b36cf9d1863821846f32cd08b7f9dd84710f2fa08a1,129,85,0,0,232.86357903277784,234.84381596550685,232.86357903277784,232.86357903277784,False,100,14,0.14,232.86357903277784,232.86357903277784,0.0,13.106796116504855,13.106796116504855,37.89473684210527,36.0,0.34587378640776695,3.5262499999999997,3.5262499999999997,5.0,0.7052499999999999,0,0,0,0,4260.01155172137,42.6001155172137,7683.21005125491,477.20731219432633,57.86080392208482,152.18923933209643
06ac6393eee7a87a46f65b36cf9d1863821846f32cd08b7f9dd84710f2fa08a1,130,38,0,0,232.86357903277784,235.1851799785155,232.86357903277784,232.86357903277784,False,100,14,0.14,232.86357903277784,232.86357903277784,0.0,13.106796116504855,13.106796116504855,37.89473684210527,36.0,0.34587378640776695,3.5262499999999997,3.5262499999999997,5.0,0.7052499999999999,0,0,0,0,4260.01155172137,42.6001155172137,7683.21005125491,477.20731219432633,57.86080392208482,152.18923933209643
06ac6393eee7a87a46f65b36cf9d1863821846f32cd08b7f9dd84710f2fa08a1,131,97,0,0,232.86357903277784,236.28422677897532,232.86357903277784,232.86357903277784,False,100,14,0.14,232.86357903277784,232.86357903277784,0.0,13.106796116504855,13.106796116504855,37.89473684210527,36.0,0.34587378640776695,3.5262499999999997,3.5262499999999997,5.0,0.7052499999999999,0,0,0,0,4260.01155172137,42.6001155172137,7683.21005125491,477.20731219432633,57.86080392208482,152.18923933209643
06ac6393eee7a87a46f65b36cf9d1863821846f32cd08b7f9dd84710f2fa08a1,132,41,0,0,232.86357903277784,234.61783707100872,232.86357903277784,232.86357903277784,False,100,14,0.14,232.86357903277784,232.86357903277784,0.0,13.106796116504855,13.106796116504855,37.89473684210527,36.0,0.34587378640776695,3.5262499999999997,3.5262499999999997,5.0,0.7052499999999999,0,0,0,0,4260.01155172137,42.6001155172137,7683.21005125491,477.20731219432633,57.86080392208482,152.18923933209643
06ac6393eee7a87a46f65b36cf9d1863821846f32cd08b7f9dd84710f2fa08a1,133,40,0,0,232.86357903277784,233.28907698026208,232.86357903277784,232.86357903277784,False,100,14,0.14,232.86357903277784,232.86357903277784,0.0,13.106796116504855,13.106796116504855,37.89473684210527,36.0,0.34587378640776695,3.5262499999999997,3.5262499999999997,5.0,0.7052499999999999,0,0,0,0,4260.01155172137,42.6001155172137,7683.21005125491,477.20731219432633,57.86080392208482,152.18923933209643
06ac6393eee7a87a46f65b36cf9d1863821846f32cd08b7f9dd84710f2fa08a1,134,8,0,0,232.86357903277784,233.54266690174717,232.86357903277784,232.86357903277784,False,100,14,0.14,232.86357903277784,232.86357903277784,0.0,13.106796116504855,13.106796116504855,37.89473684210527,36.0,0.34587378640776695,3.5262499999999997,3.5262499999999997,5.0,0.7052499999999999,0,0,0,0,4260.01155172137,42.6001155172137,7683.21005125491,477.20731219432633,57.86080392208482,152.18923933209643
06ac6393eee7a87a46f65b36cf9d1863821846f32cd08b7f9dd84710f2fa08a1,135,61,0,0,232.86357903277784,238.42091242924428,232.86357903277784,232.86357903277784,False,100,14,0.14,232.86357903277784,232.86357903277784,0.0,13.106796116504855,13.106796116504855,37.89473684210527,36.0,0.34587378640776695,3.5262499999999997,3.5262499999999997,5.0,0.7052499999999999,0,0,0,0,4260.01155172137,42.6001155172137,7683.21005125491,477.20731219432633,57.86080392208482,152.18923933209643
06ac6393eee7a87a46f65b36cf9d1863821846f32cd08b7f9dd84710f2fa08a1,136,33,0,1,232.86357903277784,232.86197708493594,232.86357903277784,232.86197708493594,True,100,15,0.15,232.86197708493594,232.86197708493594,0.0,14.07766990291262,14.07766990291262,37.89473684210527,36.0,0.3714940668824163,3.7699999999999996,3.7699999999999996,5.0,0.7539999999999999,0,0,0,0,4246.607533785535,42.46607533785536,7618.479544515251,486.0668665433699,58.6363010167167,167.76871915897868
06ac6393eee7a87a46f65b36cf9d1863821846f32cd08b7f9dd84710f2fa08a1,137,95,0,0,232.86197708493594,233.1161558607912,232.86197708493594,232.86197708493594,False,100,15,0.15,232.86197708493594,232.86197708493594,0.0,14.07766990291262,14.07766990291262,37.89473684210527,36.0,0.3714940668824163,3.7699999999999996,3.7699999999999996,5.0,0.7539999999999999,0,0,0,0,4246.607533785535,42.46607533785536,7618.479544515251,486.0668665433699,58.6363010167167,167.76871915897868
06ac6393eee7a87a46f65b36cf9d1863821846f32cd08b7f9dd84710f2fa08a1,138,6,0,0,232.86197708493594,236.23034150346592,232.86197708493594,232.86197708493594,False,100,15,0.15,232.86197708493594,232.86197708493594,0.0,14.07766990291262,14.07766990291262,37.89473684210527,36.0,0.3714940668824163,3.7699999999999996,3.7699999999999996,5.0,0.7539999999999999,0,0,0,0,4246.607533785535,42.46607533785536,7618.479544515251,486.0668665433699,58.6363010167167,167.76871915897868
06ac6393eee7a87a46f65b36cf9d1863821846f32cd08b7f9dd84710f2fa08a1,139,84,0,0,232.86197708493594,240.14053096282365,232.86197708493594,232.86197708493594,False,100,15,0.15,232.86197708493594,232.86197708493594,0.0,14.07766990291262,14.07766990291262,37.89473684210527,36.0,0.3714940668824163,3.7699999999999996,3.7699999999999996,5.0,0.7539999999999999,0,0,0,0,4246.607533785535,42.46607533785536,7618.479544515251,486.0668665433699,58.6363010167167,167.76871915897868
06ac6393eee7a87a46f65b36cf9d1863821846f32cd08b7f9dd84710f2fa08a1,140,63,0,0,232.86197708493594,238.0618969307474,232.86197708493594,232.86197708493594,False,100,15,0.15,232.86197708493594,232.86197708493594,0.0,14.07766990291262,14.07766990291262,37.89473684210527,36.0,0.3714940668824163,3.7699999999999996,3.7699999999999996,5.0,0.7539999999999999,0,0,0,0,4246.607533785535,42.46607533785536,7618.479544515251,486.0668665433699,58.6363010167167,167.76871915897868
06ac6393eee7a87a46f65b36cf9d1863821846f32cd08b7f9dd84710f2fa08a1,141,33,1,1,232.86357903277784,232.86197708493594,232.86197708493594,232.86197708493594,False,100,15,0.15,232.86197708493594,232.86197708493594,0.0,14.07766990291262,14.07766990291262,37.89473684210527,36.0,0.3714940668824163,3.7699999999999996,3.7699999999999996,5.0,0.7539999999999999,0,0,0,0,4246.607533785535,42.46607533785536,7618.479544515251,486.0668665433699,58.6363010167167,167.76871915897868
06ac6393eee7a87a46f65b36cf9d1863821846f32cd08b7f9dd84710f2fa08a1,142,94,0,0,232.86197708493594,233.2400926299427,232.86197708493594,232.86197708493594,False,100,15,0.15,232.86197708493594,232.86197708493594,0.0,14.07766990291262,14.07766990291262,37.89473684210527,36.0,0.3714940668824163,3.7699999999999996,3.7699999999999996,5.0,0.7539999999999999,0,0,0,0,4246.607533785535,42.46607533785536,7618.479544515251,486.0668665433699,58.6363010167167,167.76871915897868
06ac6393eee7a87a46f65b36cf9d1863821846f32cd08b7f9dd84710f2fa08a1,143,59,0,0,232.86197708493594,233.36253898017148,232.86197708493594,232.86197708493594,False,100,15,0.15,232.86197708493594,232.86197708493594,0.0,14.07766990291262,14.07766990291262,37.89473684210527,36.0,0.3714940668824163,3.7699999999999996,3.7699999999999996,5.0,0.7539999999999999,0,0,0,0,4246.607533785535,42.46607533785536,7618.479544515251,486.0668665433699,58.6363010167167,167.76871915897868
06ac6393eee7a87a46f65b36cf9d1863821846f32cd08b7f9dd84710f2fa08a1,144,79,0,0,232.86197708493594,233.45876933974725,232.86197708493594,232.86197708493594,False,100,15,0.15,232.86197708493594,232.86197708493594,0.0,14.07766990291262,14.07766990291262,37.89473684210527,36.0,0.3714940668824163,3.7699999999999996,3.7699999999999996,5.0,0.7539999999999999,0,0,0,0,4246.607533785535,42.46607533785536,7618.479544515251,486.0668665433699,58.6363010167167,167.76871915897868
06ac6393eee7a87a46f65b36cf9d1863821846f32cd08b7f9dd84710f2fa08a1,145,79,0,0,232.86197708493594,233.45876933974725,232.86197708493594,232.86197708493594,False,100,15,0.15,232.86197708493594,232.86197708493594,0.0,14.07766990291262,14.07766990291262,37.89473684210527,36.0,0.3714940668824163,3.7699999999999996,3.7699999999999996,5.0,0.7539999999999999,0,0,0,0,4246.607533785535,42.46607533785536,7618.479544515251,486.0668665433699,58.6363010167167,167.76871915897868
06ac6393eee7a87a46f65b36cf9d1863821846f32cd08b7f9dd84710f2fa08a1,146,25,0,0,232.86197708493594,233.93327724729247,232.86197708493594,232.86197708493594,False,100,15,0.15,232.86197708493594,232.86197708493594,0.0,14.07766990291262,14.07766990291262,37.89473684210527,36.0,0.3714940668824163,3.7699999999999996,3.7699999999999996,5.0,0.7539999999999999,0,0,0,0,4246.607533785535,42.46607533785536,7618.479544515251,486.0668665433699,58.6363010167167,167.76871915897868
06ac6393eee7a87a46f65b36cf9d1863821846f32cd08b7f9dd84710f2fa08a1,147,34,0,0,232.86197708493594,241.76752729814,232.86197708493594,232.86197708493594,False,100,15,0.15,232.86197708493594,232.86197708493594,0.0,14.07766990291262,14.07766990291262,37.89473684210527,36.0,0.3714940668824163,3.7699999999999996,3.7699999999999996,5.0,0.7539999999999999,0,0,0,0,4246.607533785535,42.46607533785536,7618.479544515251,486.0668665433699,58.6363010167167,167.76871915897868
06ac6393eee7a87a46f65b36cf9d1863821846f32cd08b7f9dd84710f2fa08a1,148,74,0,0,232.86197708493594,238.4741671189788,232.86197708493594,232.86197708493594,False,100,15,0.15,232.86197708493594,232.86197708493594,0.0,14.07766990291262,14.07766990291262,37.89473684210527,36.0,0.3714940668824163,3.7699999999999996,3.7699999999999996,5.0,0.7539999999999999,0,0,0,0,4246.607533785535,42.46607533785536,7618.479544515251,486.0668665433699,58.6363010167167,167.76871915897868
06ac6393eee7a87a46f65b36cf9d1863821846f32cd08b7f9dd84710f2fa08a1,149,46,0,0,232.86197708493594,234.37514018241959,232.86197708493594,232.86197708493594,False,100,15,0.15,232.86197708493594,232.86197708493594,0.0,14.07766990291262,14.07766990291262,37.89473684210527,36.0,0.3714940668824163,3.7699999999999996,3.7699999999999996,5.0,0.7539999999999999,0,0,0,0,4246.607533785535,42.46607533785536,7618.479544515251,486.0668665433699,58.6363010167167,167.76871915897868
06ac6393eee7a87a46f65b36cf9d1863821846f32cd08b7f9dd84710f2fa08a1,150,63,0,0,232.86197708493594,238.0618969307474,232.86197708493594,232.86197708493594,False,100,15,0.15,232.86197708493594,232.86197708493594,0.0,14.07766990291262,14.07766990291262,37.89473684210527,36.0,0.3714940668824163,3.7699999999999996,3.7699999999999996,5.0,0.7539999999999999,0,0,0,0,4246.607533785535,42.46607533785536,7618.479544515251,486.0668665433699,58.6363010167167,167.76871915897868
06ac6393eee7a87a46f65b36cf9d1863821846f32cd08b7f9dd84710f2fa08a1,151,44,0,0,232.86197708493594,233.45519250548637,232.86197708493594,232.86197708493594,False,100,15,0.15,232.86197708493594,232.86197708493594,0.0,14.07766990291262,14.07766990291262,37.89473684210527,36.0,0.3714940668824163,3.7699999999999996,3.7699999999999996,5.0,0.7539999999999999,0,0,0,0,4246.607533785535,42.46607533785536,7618.479544515251,486.0668665433699,58.6363010167167,167.76871915897868
06ac6393eee7a87a46f65b36cf9d1863821846f32cd08b7f9dd84710f2fa08a1,152,5,1,0,232.8502261601495,232.86197708493594,232.86197708493594,232.8502261601495,True,100,14,0.14,232.8502261601495,232.8502261601495,0.0,13.106796116504855,13.106796116504855,37.89473684210527,36.0,0.34587378640776695,3.5262499999999997,3.5262499999999997,5.0,0.7052499999999999,0,0,0,0,4259.99823168667,42.5999823168667,7683.208712683854,476.25588114434146,57.76519170382154,152.18923933209643
06ac6393eee7a87a46f65b36cf9d1863821846f32cd08b7f9dd84710f2fa08a1,153,93,1,0,232.8400402250459,232.8502261601495,232.8502261601495,232.8400402250459,True,100,13,0.13,232.8400402250459,232.8400402250459,0.0,12.135922330097088,12.135922330097088,37.89473684210527,36.0,0.3202535059331176,3.2824999999999998,3.2824999999999998,5.0,0.6565,0,0,0,0,4275.684544619064,42.75684544619064,7758.722656384576,453.33464704345096,55.588952659631076,137.78416980757785
06ac6393eee7a87a46f65b36cf9d1863821846f32cd08b7f9dd84710f2fa08a1,154,7,0,0,232.8400402250459,232.87274139991038,232.8400402250459,232.8400402250459,False,100,13,0.13,232.8400402250459,232.8400402250459,0.0,12.135922330097088,12.135922330097088,37.89473684210527,36.0,0.3202535059331176,3.2824999999999998,3.2824999999999998,5.0,0.6565,0,0,0,0,4275.684544619064,42.75684544619064,7758.722656384576,453.33464704345096,55.588952659631076,137.78416980757785
06ac6393eee7a87a46f65b36cf9d1863821846f32cd08b7f9dd84710f2fa08a1,155,53,1,1,233.38987230898826,232.8400402250459,232.8400402250459,232.8400402250459,False,100,13,0.13,232.8400402250459,232.8400402250459,0.0,12.135922330097088,12.135922330097088,37.89473684210527,36.0,0.3202535059331176,3.2824999999999998,3.2824999999999998,5.0,0.6565,0,0,0,0,4275.684544619064,42.75684544619064,7758.722656384576,453.33464704345096,55.588952659631076,137.78416980757785
06ac6393eee7a87a46f65b36cf9d1863821846f32cd08b7f9dd84710f2fa08a1,156,85,0,0,232.8400402250459,234.6279822645067,232.8400402250459,232.8400402250459,False,100,13,0.13,232.8400402250459,232.8400402250459,0.0,12.135922330097088,12.135922330097088,37.89473684210527,36.0,0.3202535059331176,3.2824999999999998,3.2824999999999998,5.0,0.6565,0,0,0,0,4275.684544619064,42.75684544619064,7758.722656384576,453.33464704345096,55.588952659631076,137.78416980757785
06ac6393eee7a87a46f65b36cf9d1863821846f32cd08b7f9dd84710f2fa08a1,157,73,0,0,232.8400402250459,311.5154872165974,232.8400402250459,232.8400402250459,False,100,13,0.13,232.8400402250459,232.8400402250459,0.0,12.135922330097088,12.135922330097088,37.89473684210527,36.0,0.3202535059331176,3.2824999999999998,3.2824999999999998,5.0,0.6565,0,0,0,0,4275.684544619064,42.75684544619064,7758.722656384576,453.33464704345096,55.588952659631076,137.78416980757785
06ac6393eee7a87a46f65b36cf9d1863821846f32cd08b7f9dd84710f2fa08a1,158,48,0,1,232.8400402250459,232.71145066909912,232.8400402250459,232.71145066909912,True,100,14,0.14,232.71145066909912,232.71145066909912,0.0,13.106796116504853,13.106796116504853,37.89473684210527,36.0,0.3458737864077669,3.5262499999999997,3.5262499999999997,5.0,0.7052499999999999,0,0,0,0,4255.272546069768,42.55272546069769,7661.616192814001,481.5640513656403,58.29948671430513,152.1892393320964
06ac6393eee7a87a46f65b36cf9d1863821846f32cd08b7f9dd84710f2fa08a1,159,92,0,0,232.71145066909912,233.45023490437177,232.71145066909912,232.71145066909912,False,100,14,0.14,232.71145066909912,232.71145066909912,0.0,13.106796116504853,13.106796116504853,37.89473684210527,36.0,0.3458737864077669,3.5262499999999997,3.5262499999999997,5.0,0.7052499999999999,0,0,0,0,4255.272546069768,42.55272546069769,7661.616192814001,481.5640513656403,58.29948671430513,152.1892393320964
06ac6393eee7a87a46f65b36cf9d1863821846f32cd08b7f9dd84710f2fa08a1,160,0,0,0,232.71145066909912,232.89476942008366,232.71145066909912,232.71145066909912,False,100,14,0.14,232.71145066909912,232.71145066909912,0.0,13.106796116504853,13.106796116504853,37.89473684210527,36.0,0.3458737864077669,3.5262499999999997,3.5262499999999997,5.0,0.7052499999999999,0,0,0,0,4255.272546069768,42.55272546069769,7661.616192814001,481.5640513656403,58.29948671430513,152.1892393320964
06ac6393eee7a87a46f65b36cf9d1863821846f32cd08b7f9dd84710f2fa08a1,161,80,0,0,232.71145066909912,240.1491231585905,232.71145066909912,232.71145066909912,False,100,14,0.14,232.71145066909912,232.71145066909912,0.0,13.106796116504853,13.106796116504853,37.89473684210527,36.0,0.3458737864077669,3.5262499999999997,3.5262499999999997,5.0,0.7052499999999999,0,0,0,0,4255.272546069768,42.55272546069769,7661.616192814001,481.5640513656403,58.29948671430513,152.1892393320964
06ac6393eee7a87a46f65b36cf9d1863821846f32cd08b7f9dd84710f2fa08a1,162,49,0,0,232.71145066909912,232.84619206505113,232.71145066909912,232.71145066909912,False,100,14,0.14,232.71145066909912,232.71145066909912,0.0,13.106796116504853,13.106796116504853,37.89473684210527,36.0,0.3458737864077669,3.5262499999999997,3.5262499999999997,5.0,0.7052499999999999,0,0,0,0,4255.272546069768,42.55272546069769,7661.616192814001,481.5640513656403,58.29948671430513,152.1892393320964
06ac6393eee7a87a46f65b36cf9d1863821846f32cd08b7f9dd84710f2fa08a1,163,76,0,0,232.71145066909912,236.59636286664184,232.71145066909912,232.71145066909912,False,100,14,0.14,232.71145066909912,232.71145066909912,0.0,13.106796116504853,13.106796116504853,37.89473684210527,36.0,0.3458737864077669,3.5262499999999997,3.5262499999999997,5.0,0.7052499999999999,0,0,0,0,4255.272546069768,42.55272546069769,7661.616192814001,481.5640513656403,58.29948671430513,152.1892393320964
06ac6393eee7a87a46f65b36cf9d1863821846f32cd08b7f9dd84710f2fa08a1,164,45,0,0,232.71145066909912,234.85644953992175,232.71145066909912,232.71145066909912,False,100,14,0.14,232.71145066909912,232.71145066909912,0.0,13.106796116504853,13.106796116504853,37.89473684210527,36.0,0.3458737864077669,3.5262499999999997,3.5262499999999997,5.0,0.7052499999999999,0,0,0,0,4255.272546069768,42.55272546069769,7661.616192814001,481.5640513656403,58.29948671430513,152.1892393320964
06ac6393eee7a87a46f65b36cf9d1863821846f32cd08b7f9dd84710f2fa08a1,165,3,1,1,232.85599304760646,232.71145066909912,232.71145066909912,232.71145066909912,False,100,14,0.14,232.71145066909912,232.71145066909912,0.0,13.106796116504853,13.106796116504853,37.89473684210527,36.0,0.3458737864077669,3.5262499999999997,3.5262499999999997,5.0,0.7052499999999999,0,0,0,0,4255.272546069768,42.55272546069769,7661.616192814001,481.5640513656403,58.29948671430513,152.1892393320964
06ac6393eee7a87a46f65b36cf9d1863821846f32cd08b7f9dd84710f2fa08a1,166,29,0,0,232.71145066909912,262.0176554421237,232.71145066909912,232.71145066909912,False,100,14,0.14,232.71145066909912,232.71145066909912,0.0,13.106796116504853,13.106796116504853,37.89473684210527,36.0,0.3458737864077669,3.5262499999999997,3.5262499999999997,5.0,0.7052499999999999,0,0,0,0,4255.272546069768,42.55272546069769,7661.616192814001,481.5640513656403,58.29948671430513,152.1892393320964
06ac6393eee7a87a46f65b36cf9d1863821846f32cd08b7f9dd84710f2fa08a1,167,11,0,0,232.71145066909912,235.89977561806833,232.71145066909912,232.71145066909912,False,100,14,0.14,232.71145066909912,232.71145066909912,0.0,13.106796116504853,13.106796116504853,37.89473684210527,36.0,0.3458737864077669,3.5262499999999997,3.5262499999999997,5.0,0.7052499999999999,0,0,0,0,4255.272546069768,42.55272546069769,7661.616192814001,481.5640513656403,58.29948671430513,152.1892393320964
06ac6393eee7a87a46f65b36cf9d1863821846f32cd08b7f9dd84710f2fa08a1,168,37,0,0,232.71145066909912,235.31339765393238,232.71145066909912,232.71145066909912,False,100,14,0.14,232.71145066909912,232.71145066909912,0.0,13.106796116504853,13.106796116504853,37.89473684210527,36.0,0.3458737864077669,3.5262499999999997,3.5262499999999997,5.0,0.7052499999999999,0,0,0,0,4255.272546069768,42.55272546069769,7661.616192814001,481.5640513656403,58.29948671430513,152.1892393320964
06ac6393eee7a87a46f65b36cf9d1863821846f32cd08b7f9dd84710f2fa08a1,169,19,0,0,232.71145066909912,235.21736850405875,232.71145066909912,232.71145066909912,False,100,14,0.14,232.71145066909912,232.71145066909912,0.0,13.106796116504853,13.106796116504853,37.89473684210527,36.0,0.3458737864077669,3.5262499999999997,3.5262499999999997,5.0,0.7052499999999999,0,0,0,0,4255.272546069768,42.55272546069769,7661.616192814001,481.5640513656403,58.29948671430513,152.1892393320964
06ac6393eee7a87a46f65b36cf9d1863821846f32cd08b7f9dd84710f2fa08a1,170,45,0,0,232.71145066909912,234.85644953992175,232.71145066909912,232.71145066909912,False,100,14,0.14,232.71145066909912,232.71145066909912,0.0,13.106796116504853,13.106796116504853,37.89473684210527,36.0,0.3458737864077669,3.5262499999999997,3.5262499999999997,5.0,0.7052499999999999,0,0,0,0,4255.272546069768,42.55272546069769,7661.616192814001,481.5640513656403,58.29948671430513,152.1892393320964
06ac6393eee7a87a46f65b36cf9d1863821846f32cd08b7f9dd84710f2fa08a1,171,83,0,0,232.71145066909912,233.0656938940674,232.71145066909912,232.71145066909912,False,100,14,0.14,232.71145066909912,232.71145066909912,0.0,13.106796116504853,13.106796116504853,37.89473684210527,36.0,0.3458737864077669,3.5262499999999997,3.5262499999999997,5.0,0.7052499999999999,0,0,0,0,4255.272546069768,42.55272546069769,7661.616192814001,481.5640513656403,58.29948671430513,152.1892393320964
06ac6393eee7a87a46f65b36cf9d1863821846f32cd08b7f9dd84710f2fa08a1,172,4,1,0,232.46218980324784,232.71145066909912,232.71145066909912,232.46218980324784,True,100,13,0.13,232.46218980324784,232.46218980324784,0.0,12.135922330097088,12.135922330097088,37.89473684210527,36.0,0.3202535059331176,3.2824999999999998,3.2824999999999998,5.0,0.6565,0,0,0,0,4264.604128098652,42.646041280986516,7708.334683507814,462.53337624251157,56.514115985566946,137.78416980757785
06ac6393eee7a87a46f65b36cf9d1863821846f32cd08b7f9dd84710f2fa08a1,173,89,0,0,232.46218980324784,233.0024549746966,232.46218980324784,232.46218980324784,False,100,13,0.13,232.46218980324784,232.46218980324784,0.0,12.135922330097088,12.135922330097088,37.89473684210527,36.0,0.3202535059331176,3.2824999999999998,3.2824999999999998,5.0,0.6565,0,0,0,0,4264.604128098652,42.646041280986516,7708.334683507814,462.53337624251157,56.514115985566946,137.78416980757785
06ac6393eee7a87a46f65b36cf9d1863821846f32cd08b7f9dd84710f2fa08a1,174,89,0,0,232.46218980324784,233.0024549746966,232.46218980324784,232.46218980324784,False,100,13,0.13,232.46218980324784,232.46218980324784,0.0,12.135922330097088,12.135922330097088,37.89473684210527,36.0,0.3202535059331176,3.2824999999999998,3.2824999999999998,5.0,0.6565,0,0,0,0,4264.604128098652,42.646041280986516,7708.334683507814,462.53337624251157,56.514115985566946,137.78416980757785
06ac6393eee7a87a46f65b36cf9d1863821846f32cd08b7f9dd84710f2fa08a1,175,57,0,0,232.46218980324784,236.21026456857706,232.46218980324784,232.46218980324784,False,100,13,0.13,232.46218980324784,232.46218980324784,0.0,12.135922330097088,12.135922330097088,37.89473684210527,36.0,0.3202535059331176,3.2824999999999998,3.2824999999999998,5.0,0.6565,0,0,0,0,4264.604128098652,42.646041280986516,7708.334683507814,462.53337624251157,56.514115985566946,137.78416980757785
06ac6393eee7a87a46f65b36cf9d1863821846f32cd08b7f9dd84710f2fa08a1,176,97,0,0,232.46218980324784,235.71290378688983,232.46218980324784,232.46218980324784,False,100,13,0.13,232.46218980324784,232.46218980324784,0.0,12.135922330097088,12.135922330097088,37.89473684210527,36.0,0.3202535059331176,3.2824999999999998,3.2824999999999998,5.0,0.6565,0,0,0,0,4264.604128098652,42.646041280986516,7708.334683507814,462.53337624251157,56.514115985566946,137.78416980757785
06ac6393eee7a87a46f65b36cf9d1863821846f32cd08b7f9dd84710f2fa08a1,177,59,0,0,232.46218980324784,232.81506841489846,232.46218980324784,232.46218980324784,False,100,13,0.13,232.46218980324784,232.46218980324784,0.0,12.135922330097088,12.135922330097088,37.89473684210527,36.0,0.3202535059331176,3.2824999999999998,3.2824999999999998,5.0,0.6565,0,0,0,0,4264.604128098652,42.646041280986516,7708.334683507814,462.53337624251157,56.514115985566946,137.78416980757785
06ac6393eee7a87a46f65b36cf9d1863821846f32cd08b7f9dd84710f2fa08a1,178,92,0,0,232.46218980324784,233.00433583660575,232.46218980324784,232.46218980324784,False,100,13,0.13,232.46218980324784,232.46218980324784,0.0,12.135922330097088,12.135922330097088,37.89473684210527,36.0,0.3202535059331176,3.2824999999999998,3.2824999999999998,5.0,0.6565,0,0,0,0,4264.604128098652,42.646041280986516,7708.334683507814,462.53337624251157,56.514115985566946,137.78416980757785
06ac6393eee7a87a46f65b36cf9d1863821846f32cd08b7f9dd84710f2fa08a1,179,74,0,0,232.46218980324784,237.30423876141722,232.46218980324784,232.46218980324784,False,100,13,0.13,232.46218980324784,232.46218980324784,0.0,12.135922330097088,12.135922330097088,37.89473684210527,36.0,0.3202535059331176,3.2824999999999998,3.2824999999999998,5.0,0.6565,0,0,0,0,4264.604128098652,42.646041280986516,7708.334683507814,462.53337624251157,56.514115985566946,137.78416980757785
06ac6393eee7a87a46f65b36cf9d1863821846f32cd08b7f9dd84710f2fa08a1,180,98,0,0,232.46218980324784,233.22057962593064,232.46218980324784,232.46218980324784,False,100,13,0.13,232.46218980324784,232.46218980324784,0.0,12.135922330097088,12.135922330097088,37.89473684210527,36.0,0.3202535059331176,3.2824999999999998,3.2824999999999998,5.0,0.6565,0,0,0,0,4264.604128098652,42.646041280986516,7708.334683507814,462.53337624251157,56.514115985566946,137.78416980757785
06ac6393eee7a87a46f65b36cf9d1863821846f32cd08b7f9dd84710f2fa08a1,181,11,0,0,232.46218980324784,235.43380510393354,232.46218980324784,232.46218980324784,False,100,13,0.13,232.46218980324784,232.46218980324784,0.0,12.135922330097088,12.135922330097088,37.89473684210527,36.0,0.3202535059331176,3.2824999999999998,3.2824999999999998,5.0,0.6565,0,0,0,0,4264.604128098652,42.646041280986516,7708.334683507814,462.53337624251157,56.514115985566946,137.78416980757785
06ac6393eee7a87a46f65b36cf9d1863821846f32cd08b7f9dd84710f2fa08a1,182,90,1,1,232.90821378834843,232.46218980324784,232.46218980324784,232.46218980324784,False,100,13,0.13,232.46218980324784,232.46218980324784,0.0,12.135922330097088,12.135922330097088,37.89473684210527,36.0,0.3202535059331176,3.2824999999999998,3.2824999999999998,5.0,0.6565,0,0,0,0,4264.604128098652,42.646041280986516,7708.334683507814,462.53337624251157,56.514115985566946,137.78416980757785
06ac6393eee7a87a46f65b36cf9d1863821846f32cd08b7f9dd84710f2fa08a1,183,83,0,0,232.46218980324784,232.72346557779704,232.46218980324784,232.46218980324784,False,100,13,0.13,232.46218980324784,232.46218980324784,0.0,12.135922330097088,12.135922330097088,37.89473684210527,36.0,0.3202535059331176,3.2824999999999998,3.2824999999999998,5.0,0.6565,0,0,0,0,4264.604128098652,42.646041280986516,7708.334683507814,462.53337624251157,56.514115985566946,137.78416980757785
06ac6393eee7a87a46f65b36cf9d1863821846f32cd08b7f9dd84710f2fa08a1,184,40,0,0,232.46218980324784,232.76643799252923,232.46218980324784,232.46218980324784,False,100,13,0.13,232.46218980324784,232.46218980324784,0.0,12.135922330097088,12.135922330097088,37.89473684210527,36.0,0.3202535059331176,3.2824999999999998,3.2824999999999998,5.0,0.6565,0,0,0,0,4264.604128098652,42.646041280986516,7708.334683507814,462.53337624251157,56.514115985566946,137.78416980757785
06ac6393eee7a87a46f65b36cf9d1863821846f32cd08b7f9dd84710f2fa08a1,185,93,0,0,232.46218980324784,232.47771110040824,232.46218980324784,232.46218980324784,False,100,13,0.13,232.46218980324784,232.46218980324784,0.0,12.135922330097088,12.135922330097088,37.89473684210527,36.0,0.3202535059331176,3.2824999999999998,3.2824999999999998,5.0,0.6565,0,0,0,0,4264.604128098652,42.646041280986516,7708.334683507814,462.53337624251157,56.514115985566946,137.78416980757785
06ac6393eee7a87a46f65b36cf9d1863821846f32cd08b7f9dd84710f2fa08a1,186,34,0,0,232.46218980324784,240.56029537187587,232.46218980324784,232.46218980324784,False,100,13,0.13,232.46218980324784,232.46218980324784,0.0,12.135922330097088,12.135922330097088,37.89473684210527,36.0,0.3202535059331176,3.2824999999999998,3.2824999999999998,5.0,0.6565,0,0,0,0,4264.604128098652,42.646041280986516,7708.334683507814,462.53337624251157,56.514115985566946,137.78416980757785
06ac6393eee7a87a46f65b36cf9d1863821846f32cd08b7f9dd84710f2fa08a1,187,92,0,0,232.46218980324784,233.00433583660575,232.46218980324784,232.46218980324784,False,100,13,0.13,232.46218980324784,232.46218980324784,0.0,12.135922330097088,12.135922330097088,37.89473684210527,36.0,0.3202535059331176,3.2824999999999998,3.2824999999999998,5.0,0.6565,0,0,0,0,4264.604128098652,42.646041280986516,7708.334683507814,462.53337624251157,56.514115985566946,137.78416980757785
06ac6393eee7a87a46f65b36cf9d1863821846f32cd08b7f9dd84710f2fa08a1,188,44,0,0,232.46218980324784,232.8634157035233,232.46218980324784,232.46218980324784,False,100,13,0.13,232.46218980324784,232.46218980324784,0.0,12.135922330097088,12.135922330097088,37.89473684210527,36.0,0.3202535059331176,3.2824999999999998,3.2824999999999998,5.0,0.6565,0,0,0,0,4264.604128098652,42.646041280986516,7708.334683507814,462.53337624251157,56.514115985566946,137.78416980757785
06ac6393eee7a87a46f65b36cf9d1863821846f32cd08b7f9dd84710f2fa08a1,189,10,0,0,232.46218980324784,232.7592955802328,232.46218980324784,232.46218980324784,False,100,13,0.13,232.46218980324784,232.46218980324784,0.0,12.135922330097088,12.135922330097088,37.89473684210527,36.0,0.3202535059331176,3.2824999999999998,3.2824999999999998,5.0,0.6565,0,0,0,0,4264.604128098652,42.646041280986516,7708.334683507814,462.53337624251157,56.514115985566946,137.78416980757785
06ac6393eee7a87a46f65b36cf9d1863821846f32cd08b7f9dd84710f2fa08a1,190,95,0,0,232.46218980324784,232.55120462718145,232.46218980324784,232.46218980324784,False,100,13,0.13,232.46218980324784,232.46218980324784,0.0,12.135922330097088,12.135922330097088,37.89473684210527,36.0,0.3202535059331176,3.2824999999999998,3.2824999999999998,5.0,0.6565,0,0,0,0,4264.604128098652,42.646041280986516,7708.334683507814,462.53337624251157,56.514115985566946,137.78416980757785
06ac6393eee7a87a46f65b36cf9d1863821846f32cd08b7f9dd84710f2fa08a1,191,50,1,1,233.47572918317252,232.46218980324784,232.46218980324784,232.46218980324784,False,100,13,0.13,232.46218980324784,232.46218980324784,0.0,12.135922330097088,12.135922330097088,37.89473684210527,36.0,0.3202535059331176,3.2824999999999998,3.2824999999999998,5.0,0.6565,0,0,0,0,4264.604128098652,42.646041280986516,7708.334683507814,462.53337624251157,56.514115985566946,137.78416980757785
06ac6393eee7a87a46f65b36cf9d1863821846f32cd08b7f9dd84710f2fa08a1,192,38,0,0,232.46218980324784,234.63036411288243,232.46218980324784,232.46218980324784,False,100,13,0.13,232.46218980324784,232.46218980324784,0.0,12.135922330097088,12.135922330097088,37.89473684210527,36.0,0.3202535059331176,3.2824999999999998,3.2824999999999998,5.0,0.6565,0,0,0,0,4264.604128098652,42.646041280986516,7708.334683507814,462.53337624251157,56.514115985566946,137.78416980757785
06ac6393eee7a87a46f65b36cf9d1863821846f32cd08b7f9dd84710f2fa08a1,193,46,0,0,232.46218980324784,233.74947338996355,232.46218980324784,232.46218980324784,False,100,13,0.13,232.46218980324784,232.46218980324784,0.0,12.135922330097088,12.135922330097088,37.89473684210527,36.0,0.3202535059331176,3.2824999999999998,3.2824999999999998,5.0,0.6565,0,0,0,0,4264.604128098652,42.646041280986516,7708.334683507814,462.53337624251157,56.514115985566946,137.78416980757785
06ac6393eee7a87a46f65b36cf9d1863821846f32cd08b7f9dd84710f2fa08a1,194,17,0,0,232.46218980324784,240.80695819037606,232.46218980324784,232.46218980324784,False,100,13,0.13,232.46218980324784,232.46218980324784,0.0,12.135922330097088,12.135922330097088,37.89473684210527,36.0,0.3202535059331176,3.2824999999999998,3.2824999999999998,5.0,0.6565,0,0,0,0,4264.604128098652,42.646041280986516,7708.334683507814,462.53337624251157,56.514115985566946,137.78416980757785
06ac6393eee7a87a46f65b36cf9d1863821846f32cd08b7f9dd84710f2fa08a1,195,13,0,0,232.46218980324784,234.75715209583475,232.46218980324784,232.46218980324784,False,100,13,0.13,232.46218980324784,232.46218980324784,0.0,12.135922330097088,12.135922330097088,37.89473684210527,36.0,0.3202535059331176,3.2824999999999998,3.2824999999999998,5.0,0.6565,0,0,0,0,4264.604128098652,42.646041280986516,7708.334683507814,462.53337624251157,56.514115985566946,137.78416980757785
06ac6393eee7a87a46f65b36cf9d1863821846f32cd08b7f9dd84710f2fa08a1,196,0,0,0,232.46218980324784,232.55612768112792,232.46218980324784,232.46218980324784,False,100,13,0.13,232.46218980324784,232.46218980324784,0.0,12.135922330097088,12.135922330097088,37.89473684210527,36.0,0.3202535059331176,3.2824999999999998,3.2824999999999998,5.0,0.6565,0,0,0,0,4264.604128098652,42.646041280986516,7708.334683507814,462.53337624251157,56.514115985566946,137.78416980757785
06ac6393eee7a87a46f65b36cf9d1863821846f32cd08b7f9dd84710f2fa08a1,197,10,0,0,232.46218980324784,232.7592955802328,232.46218980324784,232.46218980324784,False,100,13,0.13,232.46218980324784,232.46218980324784,0.0,12.135922330097088,12.135922330097088,37.89473684210527,36.0,0.3202535059331176,3.2824999999999998,3.2824999999999998,5.0,0.6565,0,0,0,0,4264.604128098652,42.646041280986516,7708.334683507814,462.53337624251157,56.514115985566946,137.78416980757785
06ac6393eee7a87a46f65b36cf9d1863821846f32cd08b7f9dd84710f2fa08a1,198,0,0,0,232.46218980324784,232.55612768112792,232.46218980324784,232.46218980324784,False,100,13,0.13,232.46218980324784,232.46218980324784,0.0,12.135922330097088,12.135922330097088,37.89473684210527,36.0,0.3202535059331176,3.2824999999999998,3.2824999999999998,5.0,0.6565,0,0,0,0,4264.604128098652,42.646041280986516,7708.334683507814,462.53337624251157,56.514115985566946,137.78416980757785
06ac6393eee7a87a46f65b36cf9d1863821846f32cd08b7f9dd84710f2fa08a1,199,87,0,0,232.46218980324784,234.21003112207254,232.46218980324784,232.46218980324784,False,100,13,0.13,232.46218980324784,232.46218980324784,0.0,12.135922330097088,12.135922330097088,37.89473684210527,36.0,0.3202535059331176,3.2824999999999998,3.2824999999999998,5.0,0.6565,0,0,0,0,4264.604128098652,42.646041280986516,7708.334683507814,462.53337624251157,56.514115985566946,137.78416980757785
06ac6393eee7a87a46f65b36cf9d1863821846f32cd08b7f9dd84710f2fa08a1,200,63,0,0,232.46218980324784,237.03873032673394,232.46218980324784,232.46218980324784,False,100,13,0.13,232.46218980324784,232.46218980324784,0.0,12.135922330097088,12.135922330097088,37.89473684210527,36.0,0.3202535059331176,3.2824999999999998,3.2824999999999998,5.0,0.6565,0,0,0,0,4264.604128098652,42.646041280986516,7708.334683507814,462.53337624251157,56.514115985566946,137.78416980757785
06ac6393eee7a87a46f65b36cf9d1863821846f32cd08b7f9dd84710f2fa08a1,201,98,0,0,232.46218980324784,233.22057962593064,232.46218980324784,232.46218980324784,False,100,13,0.13,232.46218980324784,232.46218980324784,0.0,12.135922330097088,12.135922330097088,37.89473684210527,36.0,0.3202535059331176,3.2824999999999998,3.2824999999999998,5.0,0.6565,0,0,0,0,4264.604128098652,42.646041280986516,7708.334683507814,462.53337624251157,56.514115985566946,137.78416980757785
06ac6393eee7a87a46f65b36cf9d1863821846f32cd08b7f9dd84710f2fa08a1,202,24,0,0,232.46218980324784,235.38108767521,232.46218980324784,232.46218980324784,False,100,13,0.13,232.46218980324784,232.46218980324784,0.0,12.135922330097088,12.135922330097088,37.89473684210527,36.0,0.3202535059331176,3.2824999999999998,3.2824999999999998,5.0,0.6565,0,0,0,0,4264.604128098652,42.646041280986516,7708.334683507814,462.53337624251157,56.514115985566946,137.78416980757785
06ac6393eee7a87a46f65b36cf9d1863821846f32cd08b7f9dd84710f2fa08a1,203,78,0,1,232.46218980324784,232.40745668709204,232.46218980324784,232.40745668709204,True,100,14,0.14,232.40745668709204,232.40745668709204,0.0,13.106796116504855,13.106796116504855,37.89473684210527,36.0,0.34587378640776695,3.5262499999999997,3.5262499999999997,5.0,0.7052499999999999,0,0,0,0,4245.7949218243675,42.45794921824368,7618.4284897754715,490.30517669417674,59.17784110516005,152.18923933209643
06ac6393eee7a87a46f65b36cf9d1863821846f32cd08b7f9dd84710f2fa08a1,204,75,0,0,232.40745668709204,233.20344763379964,232.40745668709204,232.40745668709204,False,100,14,0.14,232.40745668709204,232.40745668709204,0.0,13.106796116504855,13.106796116504855,37.89473684210527,36.0,0.34587378640776695,3.5262499999999997,3.5262499999999997,5.0,0.7052499999999999,0,0,0,0,4245.7949218243675,42.45794921824368,7618.4284897754715,490.30517669417674,59.17784110516005,152.18923933209643
06ac6393eee7a87a46f65b36cf9d1863821846f32cd08b7f9dd84710f2fa08a1,205,96,0,0,232.40745668709204,233.92787218124195,232.40745668709204,232.40745668709204,False,100,14,0.14,232.40745668709204,232.40745668709204,0.0,13.106796116504855,13.106796116504855,37.89473684210527,36.0,0.34587378640776695,3.5262499999999997,3.5262499999999997,5.0,0.7052499999999999,0,0,0,0,4245.7949218243675,42.45794921824368,7618.4284897754715,490.30517669417674,59.17784110516005,152.18923933209643
06ac6393eee7a87a46f65b36cf9d1863821846f32cd08b7f9dd84710f2fa08a1,206,24,0,0,232.40745668709204,235.58683242012907,232.40745668709204,232.40745668709204,False,100,14,0.14,232.40745668709204,232.40745668709204,0.0,13.106796116504855,13.106796116504855,37.89473684210527,36.0,0.34587378640776695,3.5262499999999997,3.5262499999999997,5.0,0.7052499999999999,0,0,0,0,4245.7949218243675,42.45794921824368,7618.4284897754715,490.30517669417674,59.17784110516005,152.18923933209643
06ac6393eee7a87a46f65b36cf9d1863821846f32cd08b7f9dd84710f2fa08a1,207,83,0,0,232.40745668709204,232.76682924539855,232.40745668709204,232.40745668709204,False,100,14,0.14,232.40745668709204,232.40745668709204,0.0,13.106796116504855,13.106796116504855,37.89473684210527,36.0,0.34587378640776695,3.5262499999999997,3.5262499999999997,5.0,0.7052499999999999,0,0,0,0,4245.7949218243675,42.45794921824368,7618.4284897754715,490.30517669417674,59.17784110516005,152.18923933209643
06ac6393eee7a87a46f65b36cf9d1863821846f32cd08b7f9dd84710f2fa08a1,208,29,0,0,232.40745668709204,261.7187907934549,232.40745668709204,232.40745668709204,False,100,14,0.14,232.40745668709204,232.40745668709204,0.0,13.106796116504855,13.106796116504855,37.89473684210527,36.0,0.34587378640776695,3.5262499999999997,3.5262499999999997,5.0,0.7052499999999999,0,0,0,0,4245.7949218243675,42.45794921824368,7618.4284897754715,490.30517669417674,59.17784110516005,152.18923933209643
06ac6393eee7a87a46f65b36cf9d1863821846f32cd08b7f9dd84710f2fa08a1,209,71,1,1,232.89374890513875,232.40745668709204,232.40745668709204,232.40745668709204,False,100,14,0.14,232.40745668709204,232.40745668709204,0.0,13.106796116504855,13.106796116504855,37.89473684210527,36.0,0.34587378640776695,3.5262499999999997,3.5262499999999997,5.0,0.7052499999999999,0,0,0,0,4245.7949218243675,42.45794921824368,7618.4284897754715,490.30517669417674,59.17784110516005,152.18923933209643
06ac6393eee7a87a46f65b36cf9d1863821846f32cd08b7f9dd84710f2fa08a1,210,8,0,0,232.40745668709204,233.09393687052875,232.40745668709204,232.40745668709204,False,100,14,0.14,232.40745668709204,232.40745668709204,0.0,13.106796116504855,13.106796116504855,37.89473684210527,36.0,0.34587378640776695,3.5262499999999997,3.5262499999999997,5.0,0.7052499999999999,0,0,0,0,4245.7949218243675,42.45794921824368,7618.4284897754715,490.30517669417674,59.17784110516005,152.18923933209643
06ac6393eee7a87a46f65b36cf9d1863821846f32cd08b7f9dd84710f2fa08a1,211,75,0,0,232.40745668709204,233.20344763379964,232.40745668709204,232.40745668709204,False,100,14,0.14,232.40745668709204,232.40745668709204,0.0,13.106796116504855,13.106796116504855,37.89473684210527,36.0,0.34587378640776695,3.5262499999999997,3.5262499999999997,5.0,0.7052499999999999,0,0,0,0,4245.7949218243675,42.45794921824368,7618.4284897754715,490.30517669417674,59.17784110516005,152.18923933209643
06ac6393eee7a87a46f65b36cf9d1863821846f32cd08b7f9dd84710f2fa08a1,212,27,1,0,231.80926505681552,232.40745668709204,232.40745668709204,231.80926505681552,True,100,13,0.13,231.80926505681552,231.80926505681552,0.0,12.378640776699028,12.378640776699028,37.89473684210527,36.0,0.32665857605177984,3.2824999999999998,3.2824999999999998,5.0,0.6565,0,0,0,0,4254.938259675586,42.54938259675586,7665.091470687208,453.96807680813146,53.1900528621224,141.28266746770797
06ac6393eee7a87a46f65b36cf9d1863821846f32cd08b7f9dd84710f2fa08a1,213,72,0,0,231.80926505681552,231.8657630958111,231.80926505681552,231.80926505681552,False,100,13,0.13,231.80926505681552,231.80926505681552,0.0,12.378640776699028,12.378640776699028,37.89473684210527,36.0,0.32665857605177984,3.2824999999999998,3.2824999999999998,5.0,0.6565,0,0,0,0,4254.938259675586,42.54938259675586,7665.091470687208,453.96807680813146,53.1900528621224,141.28266746770797
06ac6393eee7a87a46f65b36cf9d1863821846f32cd08b7f9dd84710f2fa08a1,214,47,0,0,231.80926505681552,240.68195754998845,231.80926505681552,231.80926505681552,False,100,13,0.13,231.80926505681552,231.80926505681552,0.0,12.378640776699028,12.378640776699028,37.89473684210527,36.0,0.32665857605177984,3.2824999999999998,3.2824999999999998,5.0,0.6565,0,0,0,0,4254.938259675586,42.54938259675586,7665.091470687208,453.96807680813146,53.1900528621224,141.28266746770797
06ac6393eee7a87a46f65b36cf9d1863821846f32cd08b7f9dd84710f2fa08a1,215,1,0,0,231.80926505681552,231.8949515008486,231.80926505681552,231.80926505681552,False,100,13,0.13,231.80926505681552,231.80926505681552,0.0,12.378640776699028,12.378640776699028,37.89473684210527,36.0,0.32665857605177984,3.2824999999999998,3.2824999999999998,5.0,0.6565,0,0,0,0,4254.938259675586,42.54938259675586,7665.091470687208,453.96807680813146,53.1900528621224,141.28266746770797
06ac6393eee7a87a46f65b36cf9d1863821846f32cd08b7f9dd84710f2fa08a1,216,87,0,0,231.80926505681552,233.54504487771425,231.80926505681552,231.80926505681552,False,100,13,0.13,231.80926505681552,231.80926505681552,0.0,12.378640776699028,12.378640776699028,37.89473684210527,36.0,0.32665857605177984,3.2824999999999998,3.2824999999999998,5.0,0.6565,0,0,0,0,4254.938259675586,42.54938259675586,7665.091470687208,453.96807680813146,53.1900528621224,141.28266746770797
06ac6393eee7a87a46f65b36cf9d1863821846f32cd08b7f9dd84710f2fa08a1,217,84,0,0,231.80926505681552,238.32708036841808,231.80926505681552,231.80926505681552,False,100,13,0.13,231.80926505681552,231.80926505681552,0.0,12.378640776699028,12.378640776699028,37.89473684210527,36.0,0.32665857605177984,3.2824999999999998,3.2824999999999998,5.0,0.6565,0,0,0,0,4254.938259675586,42.54938259675586,7665.091470687208,453.96807680813146,53.1900528621224,141.28266746770797
06ac6393eee7a87a46f65b36cf9d1863821846f32cd08b7f9dd84710f2fa08a1,218,35,0,1,231.80926505681552,231.21341439253578,231.80926505681552,231.21341439253578,True,100,14,0.14,231.21341439253578,231.21341439253578,0.0,13.106796116504851,13.106796116504851,37.89473684210527,36.0,0.3458737864077669,3.5262499999999997,3.5262499999999997,5.0,0.7052499999999999,0,0,0,0,4229.483068344595,42.29483068344595,7546.363088886761,468.02992813901363,54.50634905431738,152.1892393320964
06ac6393eee7a87a46f65b36cf9d1863821846f32cd08b7f9dd84710f2fa08a1,219,67,0,0,231.21341439253578,234.60450303513034,231.21341439253578,231.21341439253578,False,100,14,0.14,231.21341439253578,231.21341439253578,0.0,13.106796116504851,13.106796116504851,37.89473684210527,36.0,0.3458737864077669,3.5262499999999997,3.5262499999999997,5.0,0.7052499999999999,0,0,0,0,4229.483068344595,42.29483068344595,7546.363088886761,468.02992813901363,54.50634905431738,152.1892393320964
06ac6393eee7a87a46f65b36cf9d1863821846f32cd08b7f9dd84710f2fa08a1,220,48,1,1,231.3658601438084,231.21341439253578,231.21341439253578,231.21341439253578,False,100,14,0.14,231.21341439253578,231.21341439253578,0.0,13.106796116504851,13.106796116504851,37.89473684210527,36.0,0.3458737864077669,3.5262499999999997,3.5262499999999997,5.0,0.7052499999999999,0,0,0,0,4229.483068344595,42.29483068344595,7546.363088886761,468.02992813901363,54.50634905431738,152.1892393320964
06ac6393eee7a87a46f65b36cf9d1863821846f32cd08b7f9dd84710f2fa08a1,221,24,0,0,231.21341439253578,234.36396884890317,231.21341439253578,231.21341439253578,False,100,14,0.14,231.21341439253578,231.21341439253578,0.0,13.106796116504851,13.106796116504851,37.89473684210527,36.0,0.3458737864077669,3.5262499999999997,3.5262499999999997,5.0,0.7052499999999999,0,0,0,0,4229.483068344595,42.29483068344595,7546.363088886761,468.02992813901363,54.50634905431738,152.1892393320964
06ac6393eee7a87a46f65b36cf9d1863821846f32cd08b7f9dd84710f2fa08a1,222,91,1,1,231.54203747169703,231.21341439253578,231.21341439253578,231.21341439253578,False,100,14,0.14,231.21341439253578,231.21341439253578,0.0,13.106796116504851,13.106796116504851,37.89473684210527,36.0,0.3458737864077669,3.5262499999999997,3.5262499999999997,5.0,0.7052499999999999,0,0,0,0,4229.483068344595,42.29483068344595,7546.363088886761,468.02992813901363,54.50634905431738,152.1892393320964
06ac6393eee7a87a46f65b36cf9d1863821846f32cd08b7f9dd84710f2fa08a1,223,36,0,0,231.21341439253578,234.1422174943558,231.21341439253578,231.21341439253578,False,100,14,0.14,231.21341439253578,231.21341439253578,0.0,13.106796116504851,13.106796116504851,37.89473684210527,36.0,0.3458737864077669,3.5262499999999997,3.5262499999999997,5.0,0.7052499999999999,0,0,0,0,4229.483068344595,42.29483068344595,7546.363088886761,468.02992813901363,54.50634905431738,152.1892393320964
06ac6393eee7a87a46f65b36cf9d1863821846f32cd08b7f9dd84710f2fa08a1,224,97,0,0,231.21341439253578,234.61263317653103,231.21341439253578,231.21341439253578,False,100,14,0.14,231.21341439253578,231.21341439253578,0.0,13.106796116504851,13.106796116504851,37.89473684210527,36.0,0.3458737864077669,3.5262499999999997,3.5262499999999997,5.0,0.7052499999999999,0,0,0,0,4229.483068344595,42.29483068344595,7546.363088886761,468.02992813901363,54.50634905431738,152.1892393320964
06ac6393eee7a87a46f65b36cf9d1863821846f32cd08b7f9dd84710f2fa08a1,225,50,1,1,232.13150813524894,231.21341439253578,231.21341439253578,231.21341439253578,False,100,14,0.14,231.21341439253578,231.21341439253578,0.0,13.106796116504851,13.106796116504851,37.89473684210527,36.0,0.3458737864077669,3.5262499999999997,3.5262499999999997,5.0,0.7052499999999999,0,0,0,0,4229.483068344595,42.29483068344595,7546.363088886761,468.02992813901363,54.50634905431738,152.1892393320964
06ac6393eee7a87a46f65b36cf9d1863821846f32cd08b7f9dd84710f2fa08a1,226,74,0,0,231.21341439253578,236.4207691136965,231.21341439253578,231.21341439253578,False,100,14,0.14,231.21341439253578,231.21341439253578,0.0,13.106796116504851,13.106796116504851,37.89473684210527,36.0,0.3458737864077669,3.5262499999999997,3.5262499999999997,5.0,0.7052499999999999,0,0,0,0,4229.483068344595,42.29483068344595,7546.363088886761,468.02992813901363,54.50634905431738,152.1892393320964
06ac6393eee7a87a46f65b36cf9d1863821846f32cd08b7f9dd84710f2fa08a1,227,6,0,0,231.21341439253578,234.34320815184512,231.21341439253578,231.21341439253578,False,100,14,0.14,231.21341439253578,231.21341439253578,0.0,13.106796116504851,13.106796116504851,37.89473684210527,36.0,0.3458737864077669,3.5262499999999997,3.5262499999999997,5.0,0.7052499999999999,0,0,0,0,4229.483068344595,42.29483068344595,7546.363088886761,468.02992813901363,54.50634905431738,152.1892393320964
06ac6393eee7a87a46f65b36cf9d1863821846f32cd08b7f9dd84710f2fa08a1,228,61,0,0,231.21341439253578,236.7493188268,231.21341439253578,231.21341439253578,False,100,14,0.14,231.21341439253578,231.21341439253578,0.0,13.106796116504851,13.106796116504851,37.89473684210527,36.0,0.3458737864077669,3.5262499999999997,3.5262499999999997,5.0,0.7052499999999999,0,0,0,0,4229.483068344595,42.29483068344595,7546.363088886761,468.02992813901363,54.50634905431738,152.1892393320964
06ac6393eee7a87a46f65b36cf9d1863821846f32cd08b7f9dd84710f2fa08a1,229,85,0,0,231.21341439253578,233.1722223630626,231.21341439253578,231.21341439253578,False,100,14,0.14,231.21341439253578,231.21341439253578,0.0,13.106796116504851,13.106796116504851,37.89473684210527,36.0,0.3458737864077669,3.5262499999999997,3.5262499999999997,5.0,0.7052499999999999,0,0,0,0,4229.483068344595,42.29483068344595,7546.363088886761,468.02992813901363,54.50634905431738,152.1892393320964
06ac6393eee7a87a46f65b36cf9d1863821846f32cd08b7f9dd84710f2fa08a1,230,41,0,0,231.21341439253578,232.94624346856446,231.21341439253578,231.21341439253578,False,100,14,0.14,231.21341439253578,231.21341439253578,0.0,13.106796116504851,13.106796116504851,37.89473684210527,36.0,0.3458737864077669,3.5262499999999997,3.5262499999999997,5.0,0.7052499999999999,0,0,0,0,4229.483068344595,42.29483068344595,7546.363088886761,468.02992813901363,54.50634905431738,152.1892393320964
06ac6393eee7a87a46f65b36cf9d1863821846f32cd08b7f9dd84710f2fa08a1,231,0,0,0,231.21341439253578,231.37304120018894,231.21341439253578,231.21341439253578,False,100,14,0.14,231.21341439253578,231.21341439253578,0.0,13.106796116504851,13.106796116504851,37.89473684210527,36.0,0.3458737864077669,3.5262499999999997,3.5262499999999997,5.0,0.7052499999999999,0,0,0,0,4229.483068344595,42.29483068344595,7546.363088886761,468.02992813901363,54.50634905431738,152.1892393320964
06ac6393eee7a87a46f65b36cf9d1863821846f32cd08b7f9dd84710f2fa08a1,232,73,0,0,231.21341439253578,310.57824495704926,231.21341439253578,231.21341439253578,False,100,14,0.14,231.21341439253578,231.21341439253578,0.0,13.106796116504851,13.106796116504851,37.89473684210527,36.0,0.3458737864077669,3.5262499999999997,3.5262499999999997,5.0,0.7052499999999999,0,0,0,0,4229.483068344595,42.29483068344595,7546.363088886761,468.02992813901363,54.50634905431738,152.1892393320964
06ac6393eee7a87a46f65b36cf9d1863821846f32cd08b7f9dd84710f2fa08a1,233,49,0,0,231.21341439253578,231.32446384515643,231.21341439253578,231.21341439253578,False,100,14,0.14,231.21341439253578,231.21341439253578,0.0,13.106796116504851,13.106796116504851,37.89473684210527,36.0,0.3458737864077669,3.5262499999999997,3.5262499999999997,5.0,0.7052499999999999,0,0,0,0,4229.483068344595,42.29483068344595,7546.363088886761,468.02992813901363,54.50634905431738,152.1892393320964
06ac6393eee7a87a46f65b36cf9d1863821846f32cd08b7f9dd84710f2fa08a1,234,12,0,0,231.21341439253578,231.71124420133668,231.21341439253578,231.21341439253578,False,100,14,0.14,231.21341439253578,231.21341439253578,0.0,13.106796116504851,13.106796116504851,37.89473684210527,36.0,0.3458737864077669,3.5262499999999997,3.5262499999999997,5.0,0.7052499999999999,0,0,0,0,4229.483068344595,42.29483068344595,7546.363088886761,468.02992813901363,54.50634905431738,152.1892393320964
06ac6393eee7a87a46f65b36cf9d1863821846f32cd08b7f9dd84710f2fa08a1,235,83,0,0,231.21341439253578,231.5439656741727,231.21341439253578,231.21341439253578,False,100,14,0.14,231.21341439253578,231.21341439253578,0.0,13.106796116504851,13.106796116504851,37.89473684210527,36.0,0.3458737864077669,3.5262499999999997,3.5262499999999997,5.0,0.7052499999999999,0,0,0,0,4229.483068344595,42.29483068344595,7546.363088886761,468.02992813901363,54.50634905431738,152.1892393320964
06ac6393eee7a87a46f65b36cf9d1863821846f32cd08b7f9dd84710f2fa08a1,236,66,0,1,231.21341439253578,231.07304600293145,231.21341439253578,231.07304600293145,True,100,15,0.15,231.07304600293145,231.07304600293145,0.0,14.07766990291262,14.07766990291262,37.89473684210527,36.0,0.3714940668824163,3.7699999999999996,3.7699999999999996,5.0,0.7539999999999999,0,0,0,0,4212.892562617155,42.12892562617155,7467.231922082354,478.4021219846842,55.46147215696993,167.76871915897868
06ac6393eee7a87a46f65b36cf9d1863821846f32cd08b7f9dd84710f2fa08a1,237,4,0,0,231.07304600293145,231.4690720328019,231.07304600293145,231.07304600293145,False,100,15,0.15,231.07304600293145,231.07304600293145,0.0,14.07766990291262,14.07766990291262,37.89473684210527,36.0,0.3714940668824163,3.7699999999999996,3.7699999999999996,5.0,0.7539999999999999,0,0,0,0,4212.892562617155,42.12892562617155,7467.231922082354,478.4021219846842,55.46147215696993,167.76871915897868
06ac6393eee7a87a46f65b36cf9d1863821846f32cd08b7f9dd84710f2fa08a1,238,68,0,0,231.07304600293145,231.42389264543928,231.07304600293145,231.07304600293145,False,100,15,0.15,231.07304600293145,231.07304600293145,0.0,14.07766990291262,14.07766990291262,37.89473684210527,36.0,0.3714940668824163,3.7699999999999996,3.7699999999999996,5.0,0.7539999999999999,0,0,0,0,4212.892562617155,42.12892562617155,7467.231922082354,478.4021219846842,55.46147215696993,167.76871915897868
06ac6393eee7a87a46f65b36cf9d1863821846f32cd08b7f9dd84710f2fa08a1,239,83,0,0,231.07304600293145,231.49610136623667,231.07304600293145,231.07304600293145,False,100,15,0.15,231.07304600293145,231.07304600293145,0.0,14.07766990291262,14.07766990291262,37.89473684210527,36.0,0.3714940668824163,3.7699999999999996,3.7699999999999996,5.0,0.7539999999999999,0,0,0,0,4212.892562617155,42.12892562617155,7467.231922082354,478.4021219846842,55.46147215696993,167.76871915897868
06ac6393eee7a87a46f65b36cf9d1863821846f32cd08b7f9dd84710f2fa08a1,240,53,1,1,231.489368439216,231.07304600293145,231.07304600293145,231.07304600293145,False,100,15,0.15,231.07304600293145,231.07304600293145,0.0,14.07766990291262,14.07766990291262,37.89473684210527,36.0,0.3714940668824163,3.7699999999999996,3.7699999999999996,5.0,0.7539999999999999,0,0,0,0,4212.892562617155,42.12892562617155,7467.231922082354,478.4021219846842,55.46147215696993,167.76871915897868
06ac6393eee7a87a46f65b36cf9d1863821846f32cd08b7f9dd84710f2fa08a1,241,4,0,0,231.07304600293145,231.4690720328019,231.07304600293145,231.07304600293145,False,100,15,0.15,231.07304600293145,231.07304600293145,0.0,14.07766990291262,14.07766990291262,37.89473684210527,36.0,0.3714940668824163,3.7699999999999996,3.7699999999999996,5.0,0.7539999999999999,0,0,0,0,4212.892562617155,42.12892562617155,7467.231922082354,478.4021219846842,55.46147215696993,167.76871915897868
06ac6393eee7a87a46f65b36cf9d1863821846f32cd08b7f9dd84710f2fa08a1,242,14,0,0,231.07304600293145,231.61035085308276,231.07304600293145,231.07304600293145,False,100,15,0.15,231.07304600293145,231.07304600293145,0.0,14.07766990291262,14.07766990291262,37.89473684210527,36.0,0.3714940668824163,3.7699999999999996,3.7699999999999996,5.0,0.7539999999999999,0,0,0,0,4212.892562617155,42.12892562617155,7467.231922082354,478.4021219846842,55.46147215696993,167.76871915897868
06ac6393eee7a87a46f65b36cf9d1863821846f32cd08b7f9dd84710f2fa08a1,243,40,0,0,231.07304600293145,231.6013417445976,231.07304600293145,231.07304600293145,False,100,15,0.15,231.07304600293145,231.07304600293145,0.0,14.07766990291262,14.07766990291262,37.89473684210527,36.0,0.3714940668824163,3.7699999999999996,3.7699999999999996,5.0,0.7539999999999999,0,0,0,0,4212.892562617155,42.12892562617155,7467.231922082354,478.4021219846842,55.46147215696993,167.76871915897868
06ac6393eee7a87a46f65b36cf9d1863821846f32cd08b7f9dd84710f2fa08a1,244,37,0,0,231.07304600293145,233.87658526711667,231.07304600293145,231.07304600293145,False,100,15,0.15,231.07304600293145,231.07304600293145,0.0,14.07766990291262,14.07766990291262,37.89473684210527,36.0,0.3714940668824163,3.7699999999999996,3.7699999999999996,5.0,0.7539999999999999,0,0,0,0,4212.892562617155,42.12892562617155,7467.231922082354,478.4021219846842,55.46147215696993,167.76871915897868
06ac6393eee7a87a46f65b36cf9d1863821846f32cd08b7f9dd84710f2fa08a1,245,89,0,0,231.07304600293145,231.76032048541435,231.07304600293145,231.07304600293145,False,100,15,0.15,231.07304600293145,231.07304600293145,0.0,14.07766990291262,14.07766990291262,37.89473684210527,36.0,0.3714940668824163,3.7699999999999996,3.7699999999999996,5.0,0.7539999999999999,0,0,0,0,4212.892562617155,42.12892562617155,7467.231922082354,478.4021219846842,55.46147215696993,167.76871915897868
06ac6393eee7a87a46f65b36cf9d1863821846f32cd08b7f9dd84710f2fa08a1,246,21,0,0,231.07304600293145,234.6960772249725,231.07304600293145,231.07304600293145,False,100,15,0.15,231.07304600293145,231.07304600293145,0.0,14.07766990291262,14.07766990291262,37.89473684210527,36.0,0.3714940668824163,3.7699999999999996,3.7699999999999996,5.0,0.7539999999999999,0,0,0,0,4212.892562617155,42.12892562617155,7467.231922082354,478.4021219846842,55.46147215696993,167.76871915897868
06ac6393eee7a87a46f65b36cf9d1863821846f32cd08b7f9dd84710f2fa08a1,247,51,0,0,231.07304600293145,233.95234122729124,231.07304600293145,231.07304600293145,False,100,15,0.15,231.07304600293145,231.07304600293145,0.0,14.07766990291262,14.07766990291262,37.89473684210527,36.0,0.3714940668824163,3.7699999999999996,3.7699999999999996,5.0,0.7539999999999999,0,0,0,0,4212.892562617155,42.12892562617155,7467.231922082354,478.4021219846842,55.46147215696993,167.76871915897868
06ac6393eee7a87a46f65b36cf9d1863821846f32cd08b7f9dd84710f2fa08a1,248,19,0,0,231.07304600293145,233.77372276844756,231.07304600293145,231.07304600293145,False,100,15,0.15,231.07304600293145,231.07304600293145,0.0,14.07766990291262,14.07766990291262,37.89473684210527,36.0,0.3714940668824163,3.7699999999999996,3.7699999999999996,5.0,0.7539999999999999,0,0,0,0,4212.892562617155,42.12892562617155,7467.231922082354,478.4021219846842,55.46147215696993,167.76871915897868
06ac6393eee7a87a46f65b36cf9d1863821846f32cd08b7f9dd84710f2fa08a1,249,69,0,0,231.07304600293145,239.7327699914387,231.07304600293145,231.07304600293145,False,100,15,0.15,231.07304600293145,231.07304600293145,0.0,14.07766990291262,14.07766990291262,37.89473684210527,36.0,0.3714940668824163,3.7699999999999996,3.7699999999999996,5.0,0.7539999999999999,0,0,0,0,4212.892562617155,42.12892562617155,7467.231922082354,478.4021219846842,55.46147215696993,167.76871915897868
06ac6393eee7a87a46f65b36cf9d1863821846f32cd08b7f9dd84710f2fa08a1,250,49,0,0,231.07304600293145,231.27518734968936,231.07304600293145,231.07304600293145,False,100,15,0.15,231.07304600293145,231.07304600293145,0.0,14.07766990291262,14.07766990291262,37.89473684210527,36.0,0.3714940668824163,3.7699999999999996,3.7699999999999996,5.0,0.7539999999999999,0,0,0,0,4212.892562617155,42.12892562617155,7467.231922082354,478.4021219846842,55.46147215696993,167.76871915897868
06ac6393eee7a87a46f65b36cf9d1863821846f32cd08b7f9dd84710f2fa08a1,251,40,0,0,231.07304600293145,231.6013417445976,231.07304600293145,231.07304600293145,False,100,15,0.15,231.07304600293145,231.07304600293145,0.0,14.07766990291262,14.07766990291262,37.89473684210527,36.0,0.3714940668824163,3.7699999999999996,3.7699999999999996,5.0,0.7539999999999999,0,0,0,0,4212.892562617155,42.12892562617155,7467.231922082354,478.4021219846842,55.46147215696993,167.76871915897868
06ac6393eee7a87a46f65b36cf9d1863821846f32cd08b7f9dd84710f2fa08a1,252,87,0,0,231.07304600293145,233.17718116000643,231.07304600293145,231.07304600293145,False,100,15,0.15,231.07304600293145,231.07304600293145,0.0,14.07766990291262,14.07766990291262,37.89473684210527,36.0,0.3714940668824163,3.7699999999999996,3.7699999999999996,5.0,0.7539999999999999,0,0,0,0,4212.892562617155,42.12892562617155,7467.231922082354,478.4021219846842,55.46147215696993,167.76871915897868
06ac6393eee7a87a46f65b36cf9d1863821846f32cd08b7f9dd84710f2fa08a1,253,96,0,0,231.07304600293145,232.71404072130477,231.07304600293145,231.07304600293145,False,100,15,0.15,231.07304600293145,231.07304600293145,0.0,14.07766990291262,14.07766990291262,37.89473684210527,36.0,0.3714940668824163,3.7699999999999996,3.7699999999999996,5.0,0.7539999999999999,0,0,0,0,4212.892562617155,42.12892562617155,7467.231922082354,478.4021219846842,55.46147215696993,167.76871915897868
06ac6393eee7a87a46f65b36cf9d1863821846f32cd08b7f9dd84710f2fa08a1,254,23,0,0,231.07304600293145,234.8310717745,231.07304600293145,231.07304600293145,False,100,15,0.15,231.07304600293145,231.07304600293145,0.0,14.07766990291262,14.07766990291262,37.89473684210527,36.0,0.3714940668824163,3.7699999999999996,3.7699999999999996,5.0,0.7539999999999999,0,0,0,0,4212.892562617155,42.12892562617155,7467.231922082354,478.4021219846842,55.46147215696993,167.76871915897868
06ac6393eee7a87a46f65b36cf9d1863821846f32cd08b7f9dd84710f2fa08a1,255,82,0,0,231.07304600293145,233.2848273824228,231.07304600293145,231.07304600293145,False,100,15,0.15,231.07304600293145,231.07304600293145,0.0,14.07766990291262,14.07766990291262,37.89473684210527,36.0,0.3714940668824163,3.7699999999999996,3.7699999999999996,5.0,0.7539999999999999,0,0,0,0,4212.892562617155,42.12892562617155,7467.231922082354,478.4021219846842,55.46147215696993,167.76871915897868
06ac6393eee7a87a46f65b36cf9d1863821846f32cd08b7f9dd84710f2fa08a1,256,27,0,0,231.07304600293145,231.86523610902856,231.07304600293145,231.07304600293145,False,100,15,0.15,231.07304600293145,231.07304600293145,0.0,14.07766990291262,14.07766990291262,37.89473684210527,36.0,0.3714940668824163,3.7699999999999996,3.7699999999999996,5.0,0.7539999999999999,0,0,0,0,4212.892562617155,42.12892562617155,7467.231922082354,478.4021219846842,55.46147215696993,167.76871915897868
06ac6393eee7a87a46f65b36cf9d1863821846f32cd08b7f9dd84710f2fa08a1,257,29,0,0,231.07304600293145,260.9097308585757,231.07304600293145,231.07304600293145,False,100,15,0.15,231.07304600293145,231.07304600293145,0.0,14.07766990291262,14.07766990291262,37.89473684210527,36.0,0.3714940668824163,3.7699999999999996,3.7699999999999996,5.0,0.7539999999999999,0,0,0,0,4212.892562617155,42.12892562617155,7467.231922082354,478.4021219846842,55.46147215696993,167.76871915897868
06ac6393eee7a87a46f65b36cf9d1863821846f32cd08b7f9dd84710f2fa08a1,258,95,0,0,231.07304600293145,231.3071771482525,231.07304600293145,231.07304600293145,False,100,15,0.15,231.07304600293145,231.07304600293145,0.0,14.07766990291262,14.07766990291262,37.89473684210527,36.0,0.3714940668824163,3.7699999999999996,3.7699999999999996,5.0,0.7539999999999999,0,0,0,0,4212.892562617155,42.12892562617155,7467.231922082354,478.4021219846842,55.46147215696993,167.76871915897868
06ac6393eee7a87a46f65b36cf9d1863821846f32cd08b7f9dd84710f2fa08a1,259,15,0,0,231.07304600293145,231.49578804854687,231.07304600293145,231.07304600293145,False,100,15,0.15,231.07304600293145,231.07304600293145,0.0,14.07766990291262,14.07766990291262,37.89473684210527,36.0,0.3714940668824163,3.7699999999999996,3.7699999999999996,5.0,0.7539999999999999,0,0,0,0,4212.892562617155,42.12892562617155,7467.231922082354,478.4021219846842,55.46147215696993,167.76871915897868
06ac6393eee7a87a46f65b36cf9d1863821846f32cd08b7f9dd84710f2fa08a1,260,66,1,1,231.21341439253578,231.07304600293145,231.07304600293145,231.07304600293145,False,100,15,0.15,231.07304600293145,231.07304600293145,0.0,14.07766990291262,14.07766990291262,37.89473684210527,36.0,0.3714940668824163,3.7699999999999996,3.7699999999999996,5.0,0.7539999999999999,0,0,0,0,4212.892562617155,42.12892562617155,7467.231922082354,478.4021219846842,55.46147215696993,167.76871915897868
06ac6393eee7a87a46f65b36cf9d1863821846f32cd08b7f9dd84710f2fa08a1,261,74,0,0,231.07304600293145,236.66518840644008,231.07304600293145,231.07304600293145,False,100,15,0.15,231.07304600293145,231.07304600293145,0.0,14.07766990291262,14.07766990291262,37.89473684210527,36.0,0.3714940668824163,3.7699999999999996,3.7699999999999996,5.0,0.7539999999999999,0,0,0,0,4212.892562617155,42.12892562617155,7467.231922082354,478.4021219846842,55.46147215696993,167.76871915897868
06ac6393eee7a87a46f65b36cf9d1863821846f32cd08b7f9dd84710f2fa08a1,262,45,0,0,231.07304600293145,233.34001163579399,231.07304600293145,231.07304600293145,False,100,15,0.15,231.07304600293145,231.07304600293145,0.0,14.07766990291262,14.07766990291262,37.89473684210527,36.0,0.3714940668824163,3.7699999999999996,3.7699999999999996,5.0,0.7539999999999999,0,0,0,0,4212.892562617155,42.12892562617155,7467.231922082354,478.4021219846842,55.46147215696993,167.76871915897868
06ac6393eee7a87a46f65b36cf9d1863821846f32cd08b7f9dd84710f2fa08a1,263,53,1,1,231.489368439216,231.07304600293145,231.07304600293145,231.07304600293145,False,100,15,0.15,231.07304600293145,231.07304600293145,0.0,14.07766990291262,14.07766990291262,37.89473684210527,36.0,0.3714940668824163,3.7699999999999996,3.7699999999999996,5.0,0.7539999999999999,0,0,0,0,4212.892562617155,42.12892562617155,7467.231922082354,478.4021219846842,55.46147215696993,167.76871915897868
06ac6393eee7a87a46f65b36cf9d1863821846f32cd08b7f9dd84710f2fa08a1,264,40,0,0,231.07304600293145,231.6013417445976,231.07304600293145,231.07304600293145,False,100,15,0.15,231.07304600293145,231.07304600293145,0.0,14.07766990291262,14.07766990291262,37.89473684210527,36.0,0.3714940668824163,3.7699999999999996,3.7699999999999996,5.0,0.7539999999999999,0,0,0,0,4212.892562617155,42.12892562617155,7467.231922082354,478.4021219846842,55.46147215696993,167.76871915897868
06ac6393eee7a87a46f65b36cf9d1863821846f32cd08b7f9dd84710f2fa08a1,265,18,1,1,231.71803081108723,231.07304600293145,231.07304600293145,231.07304600293145,False,100,15,0.15,231.07304600293145,231.07304600293145,0.0,14.07766990291262,14.07766990291262,37.89473684210527,36.0,0.3714940668824163,3.7699999999999996,3.7699999999999996,5.0,0.7539999999999999,0,0,0,0,4212.892562617155,42.12892562617155,7467.231922082354,478.4021219846842,55.46147215696993,167.76871915897868
06ac6393eee7a87a46f65b36cf9d1863821846f32cd08b7f9dd84710f2fa08a1,266,2,1,1,231.08943950821364,231.07304600293145,231.07304600293145,231.07304600293145,False,100,15,0.15,231.07304600293145,231.07304600293145,0.0,14.07766990291262,14.07766990291262,37.89473684210527,36.0,0.3714940668824163,3.7699999999999996,3.7699999999999996,5.0,0.7539999999999999,0,0,0,0,4212.892562617155,42.12892562617155,7467.231922082354,478.4021219846842,55.46147215696993,167.76871915897868
06ac6393eee7a87a46f65b36cf9d1863821846f32cd08b7f9dd84710f2fa08a1,267,65,0,0,231.07304600293145,231.28484348001706,231.07304600293145,231.07304600293145,False,100,15,0.15,231.07304600293145,231.07304600293145,0.0,14.07766990291262,14.07766990291262,37.89473684210527,36.0,0.3714940668824163,3.7699999999999996,3.7699999999999996,5.0,0.7539999999999999,0,0,0,0,4212.892562617155,42.12892562617155,7467.231922082354,478.4021219846842,55.46147215696993,167.76871915897868
06ac6393eee7a87a46f65b36cf9d1863821846f32cd08b7f9dd84710f2fa08a1,268,1,0,0,231.07304600293145,231.31453615736842,231.07304600293145,231.07304600293145,False,100,15,0.15,231.07304600293145,231.07304600293145,0.0,14.07766990291262,14.07766990291262,37.89473684210527,36.0,0.3714940668824163,3.7699999999999996,3.7699999999999996,5.0,0.7539999999999999,0,0,0,0,4212.892562617155,42.12892562617155,7467.231922082354,478.4021219846842,55.46147215696993,167.76871915897868
06ac6393eee7a87a46f65b36cf9d1863821846f32cd08b7f9dd84710f2fa08a1,269,62,0,0,231.07304600293145,234.0160200589557,231.07304600293145,231.07304600293145,False,100,15,0.15,231.07304600293145,231.07304600293145,0.0,14.07766990291262,14.07766990291262,37.89473684210527,36.0,0.3714940668824163,3.7699999999999996,3.7699999999999996,5.0,0.7539999999999999,0,0,0,0,4212.892562617155,42.12892562617155,7467.231922082354,478.4021219846842,55.46147215696993,167.76871915897868
06ac6393eee7a87a46f65b36cf9d1863821846f32cd08b7f9dd84710f2fa08a1,270,47,0,0,231.07304600293145,240.76626773603533,231.07304600293145,231.07304600293145,False,100,15,0.15,231.07304600293145,231.07304600293145,0.0,14.07766990291262,14.07766990291262,37.89473684210527,36.0,0.3714940668824163,3.7699999999999996,3.7699999999999996,5.0,0.7539999999999999,0,0,0,0,4212.892562617155,42.12892562617155,7467.231922082354,478.4021219846842,55.46147215696993,167.76871915897868
06ac6393eee7a87a46f65b36cf9d1863821846f32cd08b7f9dd84710f2fa08a1,271,63,0,0,231.07304600293145,236.25291821820866,231.07304600293145,231.07304600293145,False,100,15,0.15,231.07304600293145,231.07304600293145,0.0,14.07766990291262,14.07766990291262,37.89473684210527,36.0,0.3714940668824163,3.7699999999999996,3.7699999999999996,5.0,0.7539999999999999,0,0,0,0,4212.892562617155,42.12892562617155,7467.231922082354,478.4021219846842,55.46147215696993,167.76871915897868
06ac6393eee7a87a46f65b36cf9d1863821846f32cd08b7f9dd84710f2fa08a1,272,44,0,0,231.07304600293145,231.64621379294763,231.07304600293145,231.07304600293145,False,100,15,0.15,231.07304600293145,231.07304600293145,0.0,14.07766990291262,14.07766990291262,37.89473684210527,36.0,0.3714940668824163,3.7699999999999996,3.7699999999999996,5.0,0.7539999999999999,0,0,0,0,4212.892562617155,42.12892562617155,7467.231922082354,478.4021219846842,55.46147215696993,167.76871915897868
06ac6393eee7a87a46f65b36cf9d1863821846f32cd08b7f9dd84710f2fa08a1,273,63,0,0,231.07304600293145,236.25291821820866,231.07304600293145,231.07304600293145,False,100,15,0.15,231.07304600293145,231.07304600293145,0.0,14.07766990291262,14.07766990291262,37.89473684210527,36.0,0.3714940668824163,3.7699999999999996,3.7699999999999996,5.0,0.7539999999999999,0,0,0,0,4212.892562617155,42.12892562617155,7467.231922082354,478.4021219846842,55.46147215696993,167.76871915897868
06ac6393eee7a87a46f65b36cf9d1863821846f32cd08b7f9dd84710f2fa08a1,274,59,0,0,231.07304600293145,231.55356026763272,231.07304600293145,231.07304600293145,False,100,15,0.15,231.07304600293145,231.07304600293145,0.0,14.07766990291262,14.07766990291262,37.89473684210527,36.0,0.3714940668824163,3.7699999999999996,3.7699999999999996,5.0,0.7539999999999999,0,0,0,0,4212.892562617155,42.12892562617155,7467.231922082354,478.4021219846842,55.46147215696993,167.76871915897868
06ac6393eee7a87a46f65b36cf9d1863821846f32cd08b7f9dd84710f2fa08a1,275,82,0,0,231.07304600293145,233.2848273824228,231.07304600293145,231.07304600293145,False,100,15,0.15,231.07304600293145,231.07304600293145,0.0,14.07766990291262,14.07766990291262,37.89473684210527,36.0,0.3714940668824163,3.7699999999999996,3.7699999999999996,5.0,0.7539999999999999,0,0,0,0,4212.892562617155,42.12892562617155,7467.231922082354,478.4021219846842,55.46147215696993,167.76871915897868
06ac6393eee7a87a46f65b36cf9d1863821846f32cd08b7f9dd84710f2fa08a1,276,75,0,0,231.07304600293145,231.9352538339926,231.07304600293145,231.07304600293145,False,100,15,0.15,231.07304600293145,231.07304600293145,0.0,14.07766990291262,14.07766990291262,37.89473684210527,36.0,0.3714940668824163,3.7699999999999996,3.7699999999999996,5.0,0.7539999999999999,0,0,0,0,4212.892562617155,42.12892562617155,7467.231922082354,478.4021219846842,55.46147215696993,167.76871915897868
06ac6393eee7a87a46f65b36cf9d1863821846f32cd08b7f9dd84710f2fa08a1,277,11,0,0,231.07304600293145,234.4536507778945,231.07304600293145,231.07304600293145,False,100,15,0.15,231.07304600293145,231.07304600293145,0.0,14.07766990291262,14.07766990291262,37.89473684210527,36.0,0.3714940668824163,3.7699999999999996,3.7699999999999996,5.0,0.7539999999999999,0,0,0,0,4212.892562617155,42.12892562617155,7467.231922082354,478.4021219846842,55.46147215696993,167.76871915897868
06ac6393eee7a87a46f65b36cf9d1863821846f32cd08b7f9dd84710f2fa08a1,278,79,0,0,231.07304600293145,231.64979062720855,231.07304600293145,231.07304600293145,False,100,15,0.15,231.07304600293145,231.07304600293145,0.0,14.07766990291262,14.07766990291262,37.89473684210527,36.0,0.3714940668824163,3.7699999999999996,3.7699999999999996,5.0,0.7539999999999999,0,0,0,0,4212.892562617155,42.12892562617155,7467.231922082354,478.4021219846842,55.46147215696993,167.76871915897868
06ac6393eee7a87a46f65b36cf9d1863821846f32cd08b7f9dd84710f2fa08a1,279,61,0,0,231.07304600293145,236.96728201524868,231.07304600293145,231.07304600293145,False,100,15,0.15,231.07304600293145,231.07304600293145,0.0,14.07766990291262,14.07766990291262,37.89473684210527,36.0,0.3714940668824163,3.7699999999999996,3.7699999999999996,5.0,0.7539999999999999,0,0,0,0,4212.892562617155,42.12892562617155,7467.231922082354,478.4021219846842,55.46147215696993,167.76871915897868
06ac6393eee7a87a46f65b36cf9d1863821846f32cd08b7f9dd84710f2fa08a1,280,20,0,0,231.07304600293145,231.94399711114437,231.07304600293145,231.07304600293145,False,100,15,0.15,231.07304600293145,231.07304600293145,0.0,14.07766990291262,14.07766990291262,37.89473684210527,36.0,0.3714940668824163,3.7699999999999996,3.7699999999999996,5.0,0.7539999999999999,0,0,0,0,4212.892562617155,42.12892562617155,7467.231922082354,478.4021219846842,55.46147215696993,167.76871915897868
06ac6393eee7a87a46f65b36cf9d1863821846f32cd08b7f9dd84710f2fa08a1,281,41,0,0,231.07304600293145,232.95766940193835,231.07304600293145,231.07304600293145,False,100,15,0.15,231.07304600293145,231.07304600293145,0.0,14.07766990291262,14.07766990291262,37.89473684210527,36.0,0.3714940668824163,3.7699999999999996,3.7699999999999996,5.0,0.7539999999999999,0,0,0,0,4212.892562617155,42.12892562617155,7467.231922082354,478.4021219846842,55.46147215696993,167.76871915897868
06ac6393eee7a87a46f65b36cf9d1863821846f32cd08b7f9dd84710f2fa08a1,282,26,0,0,231.07304600293145,234.9971599917229,231.07304600293145,231.07304600293145,False,100,15,0.15,231.07304600293145,231.07304600293145,0.0,14.07766990291262,14.07766990291262,37.89473684210527,36.0,0.3714940668824163,3.7699999999999996,3.7699999999999996,5.0,0.7539999999999999,0,0,0,0,4212.892562617155,42.12892562617155,7467.231922082354,478.4021219846842,55.46147215696993,167.76871915897868
06ac6393eee7a87a46f65b36cf9d1863821846f32cd08b7f9dd84710f2fa08a1,283,85,0,0,231.07304600293145,233.22086744327433,231.07304600293145,231.07304600293145,False,100,15,0.15,231.07304600293145,231.07304600293145,0.0,14.07766990291262,14.07766990291262,37.89473684210527,36.0,0.3714940668824163,3.7699999999999996,3.7699999999999996,5.0,0.7539999999999999,0,0,0,0,4212.892562617155,42.12892562617155,7467.231922082354,478.4021219846842,55.46147215696993,167.76871915897868
06ac6393eee7a87a46f65b36cf9d1863821846f32cd08b7f9dd84710f2fa08a1,284,1,0,0,231.07304600293145,231.31453615736842,231.07304600293145,231.07304600293145,False,100,15,0.15,231.07304600293145,231.07304600293145,0.0,14.07766990291262,14.07766990291262,37.89473684210527,36.0,0.3714940668824163,3.7699999999999996,3.7699999999999996,5.0,0.7539999999999999,0,0,0,0,4212.892562617155,42.12892562617155,7467.231922082354,478.4021219846842,55.46147215696993,167.76871915897868
06ac6393eee7a87a46f65b36cf9d1863821846f32cd08b7f9dd84710f2fa08a1,285,47,0,0,231.07304600293145,240.76626773603533,231.07304600293145,231.07304600293145,False,100,15,0.15,231.07304600293145,231.07304600293145,0.0,14.07766990291262,14.07766990291262,37.89473684210527,36.0,0.3714940668824163,3.7699999999999996,3.7699999999999996,5.0,0.7539999999999999,0,0,0,0,4212.892562617155,42.12892562617155,7467.231922082354,478.4021219846842,55.46147215696993,167.76871915897868
06ac6393eee7a87a46f65b36cf9d1863821846f32cd08b7f9dd84710f2fa08a1,286,39,1,0,230.56684348990936,231.07304600293145,231.07304600293145,230.56684348990936,True,100,14,0.14,230.56684348990936,230.56684348990936,0.0,13.349514563106796,13.349514563106796,37.89473684210527,36.0,0.3522788565264293,3.5262499999999997,3.5262499999999997,5.0,0.7052499999999999,0,0,0,0,4226.726801069664,42.26726801069665,7535.485443711703,438.80294038768614,48.96026512163707,155.968564588321
06ac6393eee7a87a46f65b36cf9d1863821846f32cd08b7f9dd84710f2fa08a1,287,64,0,0,230.56684348990936,233.39032543343578,230.56684348990936,230.56684348990936,False,100,14,0.14,230.56684348990936,230.56684348990936,0.0,13.349514563106796,13.349514563106796,37.89473684210527,36.0,0.3522788565264293,3.5262499999999997,3.5262499999999997,5.0,0.7052499999999999,0,0,0,0,4226.726801069664,42.26726801069665,7535.485443711703,438.80294038768614,48.96026512163707,155.968564588321
06ac6393eee7a87a46f65b36cf9d1863821846f32cd08b7f9dd84710f2fa08a1,288,79,0,0,230.56684348990936,231.02980912629204,230.56684348990936,230.56684348990936,False,100,14,0.14,230.56684348990936,230.56684348990936,0.0,13.349514563106796,13.349514563106796,37.89473684210527,36.0,0.3522788565264293,3.5262499999999997,3.5262499999999997,5.0,0.7052499999999999,0,0,0,0,4226.726801069664,42.26726801069665,7535.485443711703,438.80294038768614,48.96026512163707,155.968564588321
06ac6393eee7a87a46f65b36cf9d1863821846f32cd08b7f9dd84710f2fa08a1,289,87,0,0,230.56684348990936,232.4565755384008,230.56684348990936,230.56684348990936,False,100,14,0.14,230.56684348990936,230.56684348990936,0.0,13.349514563106796,13.349514563106796,37.89473684210527,36.0,0.3522788565264293,3.5262499999999997,3.5262499999999997,5.0,0.7052499999999999,0,0,0,0,4226.726801069664,42.26726801069665,7535.485443711703,438.80294038768614,48.96026512163707,155.968564588321
06ac6393eee7a87a46f65b36cf9d1863821846f32cd08b7f9dd84710f2fa08a1,290,94,0,0,230.56684348990936,230.82251327972523,230.56684348990936,230.56684348990936,False,100,14,0.14,230.56684348990936,230.56684348990936,0.0,13.349514563106796,13.349514563106796,37.89473684210527,36.0,0.3522788565264293,3.5262499999999997,3.5262499999999997,5.0,0.7052499999999999,0,0,0,0,4226.726801069664,42.26726801069665,7535.485443711703,438.80294038768614,48.96026512163707,155.968564588321
06ac6393eee7a87a46f65b36cf9d1863821846f32cd08b7f9dd84710f2fa08a1,291,17,0,0,230.56684348990936,239.27379224479046,230.56684348990936,230.56684348990936,False,100,14,0.14,230.56684348990936,230.56684348990936,0.0,13.349514563106796,13.349514563106796,37.89473684210527,36.0,0.3522788565264293,3.5262499999999997,3.5262499999999997,5.0,0.7052499999999999,0,0,0,0,4226.726801069664,42.26726801069665,7535.485443711703,438.80294038768614,48.96026512163707,155.968564588321
06ac6393eee7a87a46f65b36cf9d1863821846f32cd08b7f9dd84710f2fa08a1,292,86,0,0,230.56684348990936,232.6764923220016,230.56684348990936,230.56684348990936,False,100,14,0.14,230.56684348990936,230.56684348990936,0.0,13.349514563106796,13.349514563106796,37.89473684210527,36.0,0.3522788565264293,3.5262499999999997,3.5262499999999997,5.0,0.7052499999999999,0,0,0,0,4226.726801069664,42.26726801069665,7535.485443711703,438.80294038768614,48.96026512163707,155.968564588321
06ac6393eee7a87a46f65b36cf9d1863821846f32cd08b7f9dd84710f2fa08a1,293,98,0,0,230.56684348990936,231.41066568157962,230.56684348990936,230.56684348990936,False,100,14,0.14,230.56684348990936,230.56684348990936,0.0,13.349514563106796,13.349514563106796,37.89473684210527,36.0,0.3522788565264293,3.5262499999999997,3.5262499999999997,5.0,0.7052499999999999,0,0,0,0,4226.726801069664,42.26726801069665,7535.485443711703,438.80294038768614,48.96026512163707,155.968564588321
06ac6393eee7a87a46f65b36cf9d1863821846f32cd08b7f9dd84710f2fa08a1,294,92,0,0,230.56684348990936,231.25613423377658,230.56684348990936,230.56684348990936,False,100,14,0.14,230.56684348990936,230.56684348990936,0.0,13.349514563106796,13.349514563106796,37.89473684210527,36.0,0.3522788565264293,3.5262499999999997,3.5262499999999997,5.0,0.7052499999999999,0,0,0,0,4226.726801069664,42.26726801069665,7535.485443711703,438.80294038768614,48.96026512163707,155.968564588321
06ac6393eee7a87a46f65b36cf9d1863821846f32cd08b7f9dd84710f2fa08a1,295,12,0,0,230.56684348990936,231.03887175063625,230.56684348990936,230.56684348990936,False,100,14,0.14,230.56684348990936,230.56684348990936,0.0,13.349514563106796,13.349514563106796,37.89473684210527,36.0,0.3522788565264293,3.5262499999999997,3.5262499999999997,5.0,0.7052499999999999,0,0,0,0,4226.726801069664,42.26726801069665,7535.485443711703,438.80294038768614,48.96026512163707,155.968564588321
06ac6393eee7a87a46f65b36cf9d1863821846f32cd08b7f9dd84710f2fa08a1,296,25,0,0,230.56684348990936,231.48678396417932,230.56684348990936,230.56684348990936,False,100,14,0.14,230.56684348990936,230.56684348990936,0.0,13.349514563106796,13.349514563106796,37.89473684210527,36.0,0.3522788565264293,3.5262499999999997,3.5262499999999997,5.0,0.7052499999999999,0,0,0,0,4226.726801069664,42.26726801069665,7535.485443711703,438.80294038768614,48.96026512163707,155.968564588321
06ac6393eee7a87a46f65b36cf9d1863821846f32cd08b7f9dd84710f2fa08a1,297,8,0,0,230.56684348990936,231.19870084860244,230.56684348990936,230.56684348990936,False,100,14,0.14,230.56684348990936,230.56684348990936,0.0,13.349514563106796,13.349514563106796,37.89473684210527,36.0,0.3522788565264293,3.5262499999999997,3.5262499999999997,5.0,0.7052499999999999,0,0,0,0,4226.726801069664,42.26726801069665,7535.485443711703,438.80294038768614,48.96026512163707,155.968564588321
06ac6393eee7a87a46f65b36cf9d1863821846f32cd08b7f9dd84710f2fa08a1,298,21,0,0,230.56684348990936,233.8647450684224,230.56684348990936,230.56684348990936,False,100,14,0.14,230.56684348990936,230.56684348990936,0.0,13.349514563106796,13.349514563106796,37.89473684210527,36.0,0.3522788565264293,3.5262499999999997,3.5262499999999997,5.0,0.7052499999999999,0,0,0,0,4226.726801069664,42.26726801069665,7535.485443711703,438.80294038768614,48.96026512163707,155.968564588321
06ac6393eee7a87a46f65b36cf9d1863821846f32cd08b7f9dd84710f2fa08a1,299,97,0,0,230.56684348990936,233.93902128442286,230.56684348990936,230.56684348990936,False,100,14,0.14,230.56684348990936,230.56684348990936,0.0,13.349514563106796,13.349514563106796,37.89473684210527,36.0,0.3522788565264293,3.5262499999999997,3.5262499999999997,5.0,0.7052499999999999,0,0,0,0,4226.726801069664,42.26726801069665,7535.485443711703,438.80294038768614,48.96026512163707,155.968564588321
06ac6393eee7a87a46f65b36cf9d1863821846f32cd08b7f9dd84710f2fa08a1,300,17,0,0,230.56684348990936,239.27379224479046,230.56684348990936,230.56684348990936,False,100,14,0.14,230.56684348990936,230.56684348990936,0.0,13.349514563106796,13.349514563106796,37.89473684210527,36.0,0.3522788565264293,3.5262499999999997,3.5262499999999997,5.0,0.7052499999999999,0,0,0,0,4226.726801069664,42.26726801069665,7535.485443711703,438.80294038768614,48.96026512163707,155.968564588321
06ac6393eee7a87a46f65b36cf9d1863821846f32cd08b7f9dd84710f2fa08a1,301,0,0,0,230.56684348990936,230.70066874948847,230.56684348990936,230.56684348990936,False,100,14,0.14,230.56684348990936,230.56684348990936,0.0,13.349514563106796,13.349514563106796,37.89473684210527,36.0,0.3522788565264293,3.5262499999999997,3.5262499999999997,5.0,0.7052499999999999,0,0,0,0,4226.726801069664,42.26726801069665,7535.485443711703,438.80294038768614,48.96026512163707,155.968564588321
06ac6393eee7a87a46f65b36cf9d1863821846f32cd08b7f9dd84710f2fa08a1,302,54,0,0,230.56684348990936,230.9601330017661,230.56684348990936,230.56684348990936,False,100,14,0.14,230.56684348990936,230.56684348990936,0.0,13.349514563106796,13.349514563106796,37.89473684210527,36.0,0.3522788565264293,3.5262499999999997,3.5262499999999997,5.0,0.7052499999999999,0,0,0,0,4226.726801069664,42.26726801069665,7535.485443711703,438.80294038768614,48.96026512163707,155.968564588321
06ac6393eee7a87a46f65b36cf9d1863821846f32cd08b7f9dd84710f2fa08a1,303,94,0,0,230.56684348990936,230.82251327972523,230.56684348990936,230.56684348990936,False,100,14,0.14,230.56684348990936,230.56684348990936,0.0,13.349514563106796,13.349514563106796,37.89473684210527,36.0,0.3522788565264293,3.5262499999999997,3.5262499999999997,5.0,0.7052499999999999,0,0,0,0,4226.726801069664,42.26726801069665,7535.485443711703,438.80294038768614,48.96026512163707,155.968564588321
06ac6393eee7a87a46f65b36cf9d1863821846f32cd08b7f9dd84710f2fa08a1,304,57,0,0,230.56684348990936,234.56090808781735,230.56684348990936,230.56684348990936,False,100,14,0.14,230.56684348990936,230.56684348990936,0.0,13.349514563106796,13.349514563106796,37.89473684210527,36.0,0.3522788565264293,3.5262499999999997,3.5262499999999997,5.0,0.7052499999999999,0,0,0,0,4226.726801069664,42.26726801069665,7535.485443711703,438.80294038768614,48.96026512163707,155.968564588321
06ac6393eee7a87a46f65b36cf9d1863821846f32cd08b7f9dd84710f2fa08a1,305,33,1,1,230.68752708497522,230.56684348990936,230.56684348990936,230.56684348990936,False,100,14,0.14,230.56684348990936,230.56684348990936,0.0,13.349514563106796,13.349514563106796,37.89473684210527,36.0,0.3522788565264293,3.5262499999999997,3.5262499999999997,5.0,0.7052499999999999,0,0,0,0,4226.726801069664,42.26726801069665,7535.485443711703,438.80294038768614,48.96026512163707,155.968564588321
06ac6393eee7a87a46f65b36cf9d1863821846f32cd08b7f9dd84710f2fa08a1,306,72,0,0,230.56684348990936,230.72466375532545,230.56684348990936,230.56684348990936,False,100,14,0.14,230.56684348990936,230.56684348990936,0.0,13.349514563106796,13.349514563106796,37.89473684210527,36.0,0.3522788565264293,3.5262499999999997,3.5262499999999997,5.0,0.7052499999999999,0,0,0,0,4226.726801069664,42.26726801069665,7535.485443711703,438.80294038768614,48.96026512163707,155.968564588321
06ac6393eee7a87a46f65b36cf9d1863821846f32cd08b7f9dd84710f2fa08a1,307,67,0,0,230.56684348990936,233.93340870748474,230.56684348990936,230.56684348990936,False,100,14,0.14,230.56684348990936,230.56684348990936,0.0,13.349514563106796,13.349514563106796,37.89473684210527,36.0,0.3522788565264293,3.5262499999999997,3.5262499999999997,5.0,0.7052499999999999,0,0,0,0,4226.726801069664,42.26726801069665,7535.485443711703,438.80294038768614,48.96026512163707,155.968564588321
06ac6393eee7a87a46f65b36cf9d1863821846f32cd08b7f9dd84710f2fa08a1,308,70,1,1,230.98279546144204,230.56684348990936,230.56684348990936,230.56684348990936,False,100,14,0.14,230.56684348990936,230.56684348990936,0.0,13.349514563106796,13.349514563106796,37.89473684210527,36.0,0.3522788565264293,3.5262499999999997,3.5262499999999997,5.0,0.7052499999999999,0,0,0,0,4226.726801069664,42.26726801069665,7535.485443711703,438.80294038768614,48.96026512163707,155.968564588321
06ac6393eee7a87a46f65b36cf9d1863821846f32cd08b7f9dd84710f2fa08a1,309,53,1,1,231.08577151757595,230.56684348990936,230.56684348990936,230.56684348990936,False,100,14,0.14,230.56684348990936,230.56684348990936,0.0,13.349514563106796,13.349514563106796,37.89473684210527,36.0,0.3522788565264293,3.5262499999999997,3.5262499999999997,5.0,0.7052499999999999,0,0,0,0,4226.726801069664,42.26726801069665,7535.485443711703,438.80294038768614,48.96026512163707,155.968564588321
06ac6393eee7a87a46f65b36cf9d1863821846f32cd08b7f9dd84710f2fa08a1,310,80,0,0,230.56684348990936,237.95630061105015,230.56684348990936,230.56684348990936,False,100,14,0.14,230.56684348990936,230.56684348990936,0.0,13.349514563106796,13.349514563106796,37.89473684210527,36.0,0.3522788565264293,3.5262499999999997,3.5262499999999997,5.0,0.7052499999999999,0,0,0,0,4226.726801069664,42.26726801069665,7535.485443711703,438.80294038768614,48.96026512163707,155.968564588321
06ac6393eee7a87a46f65b36cf9d1863821846f32cd08b7f9dd84710f2fa08a1,311,39,0,0,230.56684348990936,231.07304600293145,230.56684348990936,230.56684348990936,False,100,14,0.14,230.56684348990936,230.56684348990936,0.0,13.349514563106796,13.349514563106796,37.89473684210527,36.0,0.3522788565264293,3.5262499999999997,3.5262499999999997,5.0,0.7052499999999999,0,0,0,0,4226.726801069664,42.26726801069665,7535.485443711703,438.80294038768614,48.96026512163707,155.968564588321
06ac6393eee7a87a46f65b36cf9d1863821846f32cd08b7f9dd84710f2fa08a1,312,74,0,0,230.56684348990936,235.74839666299604,230.56684348990936,230.56684348990936,False,100,14,0.14,230.56684348990936,230.56684348990936,0.0,13.349514563106796,13.349514563106796,37.89473684210527,36.0,0.3522788565264293,3.5262499999999997,3.5262499999999997,5.0,0.7052499999999999,0,0,0,0,4226.726801069664,42.26726801069665,7535.485443711703,438.80294038768614,48.96026512163707,155.968564588321
06ac6393eee7a87a46f65b36cf9d1863821846f32cd08b7f9dd84710f2fa08a1,313,17,0,0,230.56684348990936,239.27379224479046,230.56684348990936,230.56684348990936,False,100,14,0.14,230.56684348990936,230.56684348990936,0.0,13.349514563106796,13.349514563106796,37.89473684210527,36.0,0.3522788565264293,3.5262499999999997,3.5262499999999997,5.0,0.7052499999999999,0,0,0,0,4226.726801069664,42.26726801069665,7535.485443711703,438.80294038768614,48.96026512163707,155.968564588321
06ac6393eee7a87a46f65b36cf9d1863821846f32cd08b7f9dd84710f2fa08a1,314,92,0,0,230.56684348990936,231.25613423377658,230.56684348990936,230.56684348990936,False,100,14,0.14,230.56684348990936,230.56684348990936,0.0,13.349514563106796,13.349514563106796,37.89473684210527,36.0,0.3522788565264293,3.5262499999999997,3.5262499999999997,5.0,0.7052499999999999,0,0,0,0,4226.726801069664,42.26726801069665,7535.485443711703,438.80294038768614,48.96026512163707,155.968564588321
06ac6393eee7a87a46f65b36cf9d1863821846f32cd08b7f9dd84710f2fa08a1,315,53,1,1,231.08577151757595,230.56684348990936,230.56684348990936,230.56684348990936,False,100,14,0.14,230.56684348990936,230.56684348990936,0.0,13.349514563106796,13.349514563106796,37.89473684210527,36.0,0.3522788565264293,3.5262499999999997,3.5262499999999997,5.0,0.7052499999999999,0,0,0,0,4226.726801069664,42.26726801069665,7535.485443711703,438.80294038768614,48.96026512163707,155.968564588321
06ac6393eee7a87a46f65b36cf9d1863821846f32cd08b7f9dd84710f2fa08a1,316,73,0,0,230.56684348990936,309.9058725063487,230.56684348990936,230.56684348990936,False,100,14,0.14,230.56684348990936,230.56684348990936,0.0,13.349514563106796,13.349514563106796,37.89473684210527,36.0,0.3522788565264293,3.5262499999999997,3.5262499999999997,5.0,0.7052499999999999,0,0,0,0,4226.726801069664,42.26726801069665,7535.485443711703,438.80294038768614,48.96026512163707,155.968564588321
06ac6393eee7a87a46f65b36cf9d1863821846f32cd08b7f9dd84710f2fa08a1,317,59,0,0,230.56684348990936,230.94491527352386,230.56684348990936,230.56684348990936,False,100,14,0.14,230.56684348990936,230.56684348990936,0.0,13.349514563106796,13.349514563106796,37.89473684210527,36.0,0.3522788565264293,3.5262499999999997,3.5262499999999997,5.0,0.7052499999999999,0,0,0,0,4226.726801069664,42.26726801069665,7535.485443711703,438.80294038768614,48.96026512163707,155.968564588321
06ac6393eee7a87a46f65b36cf9d1863821846f32cd08b7f9dd84710f2fa08a1,318,80,0,0,230.56684348990936,237.95630061105015,230.56684348990936,230.56684348990936,False,100,14,0.14,230.56684348990936,230.56684348990936,0.0,13.349514563106796,13.349514563106796,37.89473684210527,36.0,0.3522788565264293,3.5262499999999997,3.5262499999999997,5.0,0.7052499999999999,0,0,0,0,4226.726801069664,42.26726801069665,7535.485443711703,438.80294038768614,48.96026512163707,155.968564588321
06ac6393eee7a87a46f65b36cf9d1863821846f32cd08b7f9dd84710f2fa08a1,319,19,0,0,230.56684348990936,233.02326783346356,230.56684348990936,230.56684348990936,False,100,14,0.14,230.56684348990936,230.56684348990936,0.0,13.349514563106796,13.349514563106796,37.89473684210527,36.0,0.3522788565264293,3.5262499999999997,3.5262499999999997,5.0,0.7052499999999999,0,0,0,0,4226.726801069664,42.26726801069665,7535.485443711703,438.80294038768614,48.96026512163707,155.968564588321
06ac6393eee7a87a46f65b36cf9d1863821846f32cd08b7f9dd84710f2fa08a1,320,32,0,0,230.56684348990936,237.68433401487383,230.56684348990936,230.56684348990936,False,100,14,0.14,230.56684348990936,230.56684348990936,0.0,13.349514563106796,13.349514563106796,37.89473684210527,36.0,0.3522788565264293,3.5262499999999997,3.5262499999999997,5.0,0.7052499999999999,0,0,0,0,4226.726801069664,42.26726801069665,7535.485443711703,438.80294038768614,48.96026512163707,155.968564588321
06ac6393eee7a87a46f65b36cf9d1863821846f32cd08b7f9dd84710f2fa08a1,321,57,0,0,230.56684348990936,234.56090808781735,230.56684348990936,230.56684348990936,False,100,14,0.14,230.56684348990936,230.56684348990936,0.0,13.349514563106796,13.349514563106796,37.89473684210527,36.0,0.3522788565264293,3.5262499999999997,3.5262499999999997,5.0,0.7052499999999999,0,0,0,0,4226.726801069664,42.26726801069665,7535.485443711703,438.80294038768614,48.96026512163707,155.968564588321
06ac6393eee7a87a46f65b36cf9d1863821846f32cd08b7f9dd84710f2fa08a1,322,64,0,0,230.56684348990936,233.39032543343578,230.56684348990936,230.56684348990936,False,100,14,0.14,230.56684348990936,230.56684348990936,0.0,13.349514563106796,13.349514563106796,37.89473684210527,36.0,0.3522788565264293,3.5262499999999997,3.5262499999999997,5.0,0.7052499999999999,0,0,0,0,4226.726801069664,42.26726801069665,7535.485443711703,438.80294038768614,48.96026512163707,155.968564588321
06ac6393eee7a87a46f65b36cf9d1863821846f32cd08b7f9dd84710f2fa08a1,323,6,0,0,230.56684348990936,233.67211382419953,230.56684348990936,230.56684348990936,False,100,14,0.14,230.56684348990936,230.56684348990936,0.0,13.349514563106796,13.349514563106796,37.89473684210527,36.0,0.3522788565264293,3.5262499999999997,3.5262499999999997,5.0,0.7052499999999999,0,0,0,0,4226.726801069664,42.26726801069665,7535.485443711703,438.80294038768614,48.96026512163707,155.968564588321
06ac6393eee7a87a46f65b36cf9d1863821846f32cd08b7f9dd84710f2fa08a1,324,99,0,1,230.56684348990936,230.51694607480218,230.56684348990936,230.51694607480218,True,100,15,0.15,230.51694607480218,230.51694607480218,0.0,14.320388349514563,14.320388349514563,37.89473684210527,36.0,0.3778991370010787,3.7699999999999996,3.7699999999999996,5.0,0.7539999999999999,0,0,0,0,4213.295293205642,42.132952932056426,7470.747174863749,447.82211920426016,49.81165758329214,171.86409450525628
06ac6393eee7a87a46f65b36cf9d1863821846f32cd08b7f9dd84710f2fa08a1,325,14,0,0,230.51694607480218,231.0287405283674,230.51694607480218,230.51694607480218,False,100,15,0.15,230.51694607480218,230.51694607480218,0.0,14.320388349514563,14.320388349514563,37.89473684210527,36.0,0.3778991370010787,3.7699999999999996,3.7699999999999996,5.0,0.7539999999999999,0,0,0,0,4213.295293205642,42.132952932056426,7470.747174863749,447.82211920426016,49.81165758329214,171.86409450525628
06ac6393eee7a87a46f65b36cf9d1863821846f32cd08b7f9dd84710f2fa08a1,326,94,0,0,230.51694607480218,230.84800569572886,230.51694607480218,230.51694607480218,False,100,15,0.15,230.51694607480218,230.51694607480218,0.0,14.320388349514563,14.320388349514563,37.89473684210527,36.0,0.3778991370010787,3.7699999999999996,3.7699999999999996,5.0,0.7539999999999999,0,0,0,0,4213.295293205642,42.132952932056426,7470.747174863749,447.82211920426016,49.81165758329214,171.86409450525628
06ac6393eee7a87a46f65b36cf9d1863821846f32cd08b7f9dd84710f2fa08a1,327,10,0,0,230.51694607480218,230.94518950340964,230.51694607480218,230.51694607480218,False,100,15,0.15,230.51694607480218,230.51694607480218,0.0,14.320388349514563,14.320388349514563,37.89473684210527,36.0,0.3778991370010787,3.7699999999999996,3.7699999999999996,5.0,0.7539999999999999,0,0,0,0,4213.295293205642,42.132952932056426,7470.747174863749,447.82211920426016,49.81165758329214,171.86409450525628
06ac6393eee7a87a46f65b36cf9d1863821846f32cd08b7f9dd84710f2fa08a1,328,27,0,0,230.51694607480218,231.28212788735343,230.51694607480218,230.51694607480218,False,100,15,0.15,230.51694607480218,230.51694607480218,0.0,14.320388349514563,14.320388349514563,37.89473684210527,36.0,0.3778991370010787,3.7699999999999996,3.7699999999999996,5.0,0.7539999999999999,0,0,0,0,4213.295293205642,42.132952932056426,7470.747174863749,447.82211920426016,49.81165758329214,171.86409450525628
06ac6393eee7a87a46f65b36cf9d1863821846f32cd08b7f9dd84710f2fa08a1,329,99,1,1,230.56684348990936,230.51694607480218,230.51694607480218,230.51694607480218,False,100,15,0.15,230.51694607480218,230.51694607480218,0.0,14.320388349514563,14.320388349514563,37.89473684210527,36.0,0.3778991370010787,3.7699999999999996,3.7699999999999996,5.0,0.7539999999999999,0,0,0,0,4213.295293205642,42.132952932056426,7470.747174863749,447.82211920426016,49.81165758329214,171.86409450525628
06ac6393eee7a87a46f65b36cf9d1863821846f32cd08b7f9dd84710f2fa08a1,330,25,0,0,230.51694607480218,231.5426882100383,230.51694607480218,230.51694607480218,False,100,15,0.15,230.51694607480218,230.51694607480218,0.0,14.320388349514563,14.320388349514563,37.89473684210527,36.0,0.3778991370010787,3.7699999999999996,3.7699999999999996,5.0,0.7539999999999999,0,0,0,0,4213.295293205642,42.132952932056426,7470.747174863749,447.82211920426016,49.81165758329214,171.86409450525628
06ac6393eee7a87a46f65b36cf9d1863821846f32cd08b7f9dd84710f2fa08a1,331,66,1,1,230.68446584143675,230.51694607480218,230.51694607480218,230.51694607480218,False,100,15,0.15,230.51694607480218,230.51694607480218,0.0,14.320388349514563,14.320388349514563,37.89473684210527,36.0,0.3778991370010787,3.7699999999999996,3.7699999999999996,5.0,0.7539999999999999,0,0,0,0,4213.295293205642,42.132952932056426,7470.747174863749,447.82211920426016,49.81165758329214,171.86409450525628
06ac6393eee7a87a46f65b36cf9d1863821846f32cd08b7f9dd84710f2fa08a1,332,71,1,1,230.9703254139965,230.51694607480218,230.51694607480218,230.51694607480218,False,100,15,0.15,230.51694607480218,230.51694607480218,0.0,14.320388349514563,14.320388349514563,37.89473684210527,36.0,0.3778991370010787,3.7699999999999996,3.7699999999999996,5.0,0.7539999999999999,0,0,0,0,4213.295293205642,42.132952932056426,7470.747174863749,447.82211920426016,49.81165758329214,171.86409450525628
06ac6393eee7a87a46f65b36cf9d1863821846f32cd08b7f9dd84710f2fa08a1,333,51,0,0,230.51694607480218,233.37227757703022,230.51694607480218,230.51694607480218,False,100,15,0.15,230.51694607480218,230.51694607480218,0.0,14.320388349514563,14.320388349514563,37.89473684210527,36.0,0.3778991370010787,3.7699999999999996,3.7699999999999996,5.0,0.7539999999999999,0,0,0,0,4213.295293205642,42.132952932056426,7470.747174863749,447.82211920426016,49.81165758329214,171.86409450525628
06ac6393eee7a87a46f65b36cf9d1863821846f32cd08b7f9dd84710f2fa08a1,334,85,0,0,230.51694607480218,232.64080379301333,230.51694607480218,230.51694607480218,False,100,15,0.15,230.51694607480218,230.51694607480218,0.0,14.320388349514563,14.320388349514563,37.89473684210527,36.0,0.3778991370010787,3.7699999999999996,3.7699999999999996,5.0,0.7539999999999999,0,0,0,0,4213.295293205642,42.132952932056426,7470.747174863749,447.82211920426016,49.81165758329214,171.86409450525628
06ac6393eee7a87a46f65b36cf9d1863821846f32cd08b7f9dd84710f2fa08a1,335,82,0,0,230.51694607480218,232.70321705770738,230.51694607480218,230.51694607480218,False,100,15,0.15,230.51694607480218,230.51694607480218,0.0,14.320388349514563,14.320388349514563,37.89473684210527,36.0,0.3778991370010787,3.7699999999999996,3.7699999999999996,5.0,0.7539999999999999,0,0,0,0,4213.295293205642,42.132952932056426,7470.747174863749,447.82211920426016,49.81165758329214,171.86409450525628
06ac6393eee7a87a46f65b36cf9d1863821846f32cd08b7f9dd84710f2fa08a1,336,72,0,0,230.51694607480218,230.8120327849129,230.51694607480218,230.51694607480218,False,100,15,0.15,230.51694607480218,230.51694607480218,0.0,14.320388349514563,14.320388349514563,37.89473684210527,36.0,0.3778991370010787,3.7699999999999996,3.7699999999999996,5.0,0.7539999999999999,0,0,0,0,4213.295293205642,42.132952932056426,7470.747174863749,447.82211920426016,49.81165758329214,171.86409450525628
06ac6393eee7a87a46f65b36cf9d1863821846f32cd08b7f9dd84710f2fa08a1,337,28,0,0,230.51694607480218,231.14443014568278,230.51694607480218,230.51694607480218,False,100,15,0.15,230.51694607480218,230.51694607480218,0.0,14.320388349514563,14.320388349514563,37.89473684210527,36.0,0.3778991370010787,3.7699999999999996,3.7699999999999996,5.0,0.7539999999999999,0,0,0,0,4213.295293205642,42.132952932056426,7470.747174863749,447.82211920426016,49.81165758329214,171.86409450525628
06ac6393eee7a87a46f65b36cf9d1863821846f32cd08b7f9dd84710f2fa08a1,338,14,0,0,230.51694607480218,231.0287405283674,230.51694607480218,230.51694607480218,False,100,15,0.15,230.51694607480218,230.51694607480218,0.0,14.320388349514563,14.320388349514563,37.89473684210527,36.0,0.3778991370010787,3.7699999999999996,3.7699999999999996,5.0,0.7539999999999999,0,0,0,0,4213.295293205642,42.132952932056426,7470.747174863749,447.82211920426016,49.81165758329214,171.86409450525628
06ac6393eee7a87a46f65b36cf9d1863821846f32cd08b7f9dd84710f2fa08a1,339,94,0,0,230.51694607480218,230.84800569572886,230.51694607480218,230.51694607480218,False,100,15,0.15,230.51694607480218,230.51694607480218,0.0,14.320388349514563,14.320388349514563,37.89473684210527,36.0,0.3778991370010787,3.7699999999999996,3.7699999999999996,5.0,0.7539999999999999,0,0,0,0,4213.295293205642,42.132952932056426,7470.747174863749,447.82211920426016,49.81165758329214,171.86409450525628
06ac6393eee7a87a46f65b36cf9d1863821846f32cd08b7f9dd84710f2fa08a1,340,73,0,0,230.51694607480218,310.56001183522716,230.51694607480218,230.51694607480218,False,100,15,0.15,230.51694607480218,230.51694607480218,0.0,14.320388349514563,14.320388349514563,37.89473684210527,36.0,0.3778991370010787,3.7699999999999996,3.7699999999999996,5.0,0.7539999999999999,0,0,0,0,4213.295293205642,42.132952932056426,7470.747174863749,447.82211920426016,49.81165758329214,171.86409450525628
06ac6393eee7a87a46f65b36cf9d1863821846f32cd08b7f9dd84710f2fa08a1,341,41,0,0,230.51694607480218,232.3745611802632,230.51694607480218,230.51694607480218,False,100,15,0.15,230.51694607480218,230.51694607480218,0.0,14.320388349514563,14.320388349514563,37.89473684210527,36.0,0.3778991370010787,3.7699999999999996,3.7699999999999996,5.0,0.7539999999999999,0,0,0,0,4213.295293205642,42.132952932056426,7470.747174863749,447.82211920426016,49.81165758329214,171.86409450525628
06ac6393eee7a87a46f65b36cf9d1863821846f32cd08b7f9dd84710f2fa08a1,342,73,0,0,230.51694607480218,310.56001183522716,230.51694607480218,230.51694607480218,False,100,15,0.15,230.51694607480218,230.51694607480218,0.0,14.320388349514563,14.320388349514563,37.89473684210527,36.0,0.3778991370010787,3.7699999999999996,3.7699999999999996,5.0,0.7539999999999999,0,0,0,0,4213.295293205642,42.132952932056426,7470.747174863749,447.82211920426016,49.81165758329214,171.86409450525628
06ac6393eee7a87a46f65b36cf9d1863821846f32cd08b7f9dd84710f2fa08a1,343,70,1,1,230.85764623369172,230.51694607480218,230.51694607480218,230.51694607480218,False,100,15,0.15,230.51694607480218,230.51694607480218,0.0,14.320388349514563,14.320388349514563,37.89473684210527,36.0,0.3778991370010787,3.7699999999999996,3.7699999999999996,5.0,0.7539999999999999,0,0,0,0,4213.295293205642,42.132952932056426,7470.747174863749,447.82211920426016,49.81165758329214,171.86409450525628
06ac6393eee7a87a46f65b36cf9d1863821846f32cd08b7f9dd84710f2fa08a1,344,59,0,0,230.51694607480218,230.96900089676768,230.51694607480218,230.51694607480218,False,100,15,0.15,230.51694607480218,230.51694607480218,0.0,14.320388349514563,14.320388349514563,37.89473684210527,36.0,0.3778991370010787,3.7699999999999996,3.7699999999999996,5.0,0.7539999999999999,0,0,0,0,4213.295293205642,42.132952932056426,7470.747174863749,447.82211920426016,49.81165758329214,171.86409450525628
06ac6393eee7a87a46f65b36cf9d1863821846f32cd08b7f9dd84710f2fa08a1,345,31,0,0,230.51694607480218,235.276752865329,230.51694607480218,230.51694607480218,False,100,15,0.15,230.51694607480218,230.51694607480218,0.0,14.320388349514563,14.320388349514563,37.89473684210527,36.0,0.3778991370010787,3.7699999999999996,3.7699999999999996,5.0,0.7539999999999999,0,0,0,0,4213.295293205642,42.132952932056426,7470.747174863749,447.82211920426016,49.81165758329214,171.86409450525628
06ac6393eee7a87a46f65b36cf9d1863821846f32cd08b7f9dd84710f2fa08a1,346,57,0,0,230.51694607480218,234.8044156456898,230.51694607480218,230.51694607480218,False,100,15,0.15,230.51694607480218,230.51694607480218,0.0,14.320388349514563,14.320388349514563,37.89473684210527,36.0,0.3778991370010787,3.7699999999999996,3.7699999999999996,5.0,0.7539999999999999,0,0,0,0,4213.295293205642,42.132952932056426,7470.747174863749,447.82211920426016,49.81165758329214,171.86409450525628
06ac6393eee7a87a46f65b36cf9d1863821846f32cd08b7f9dd84710f2fa08a1,347,93,0,0,230.51694607480218,230.65814073101865,230.51694607480218,230.51694607480218,False,100,15,0.15,230.51694607480218,230.51694607480218,0.0,14.320388349514563,14.320388349514563,37.89473684210527,36.0,0.3778991370010787,3.7699999999999996,3.7699999999999996,5.0,0.7539999999999999,0,0,0,0,4213.295293205642,42.132952932056426,7470.747174863749,447.82211920426016,49.81165758329214,171.86409450525628
06ac6393eee7a87a46f65b36cf9d1863821846f32cd08b7f9dd84710f2fa08a1,348,68,0,0,230.51694607480218,230.84228232072388,230.51694607480218,230.51694607480218,False,100,15,0.15,230.51694607480218,230.51694607480218,0.0,14.320388349514563,14.320388349514563,37.89473684210527,36.0,0.3778991370010787,3.7699999999999996,3.7699999999999996,5.0,0.7539999999999999,0,0,0,0,4213.295293205642,42.132952932056426,7470.747174863749,447.82211920426016,49.81165758329214,171.86409450525628
06ac6393eee7a87a46f65b36cf9d1863821846f32cd08b7f9dd84710f2fa08a1,349,25,0,0,230.51694607480218,231.5426882100383,230.51694607480218,230.51694607480218,False,100,15,0.15,230.51694607480218,230.51694607480218,0.0,14.320388349514563,14.320388349514563,37.89473684210527,36.0,0.3778991370010787,3.7699999999999996,3.7699999999999996,5.0,0.7539999999999999,0,0,0,0,4213.295293205642,42.132952932056426,7470.747174863749,447.82211920426016,49.81165758329214,171.86409450525628
06ac6393eee7a87a46f65b36cf9d1863821846f32cd08b7f9dd84710f2fa08a1,350,33,1,1,230.56583454460647,230.51694607480218,230.51694607480218,230.51694607480218,False,100,15,0.15,230.51694607480218,230.51694607480218,0.0,14.320388349514563,14.320388349514563,37.89473684210527,36.0,0.3778991370010787,3.7699999999999996,3.7699999999999996,5.0,0.7539999999999999,0,0,0,0,4213.295293205642,42.132952932056426,7470.747174863749,447.82211920426016,49.81165758329214,171.86409450525628
06ac6393eee7a87a46f65b36cf9d1863821846f32cd08b7f9dd84710f2fa08a1,351,35,1,1,231.07241012226484,230.51694607480218,230.51694607480218,230.51694607480218,False,100,15,0.15,230.51694607480218,230.51694607480218,0.0,14.320388349514563,14.320388349514563,37.89473684210527,36.0,0.3778991370010787,3.7699999999999996,3.7699999999999996,5.0,0.7539999999999999,0,0,0,0,4213.295293205642,42.132952932056426,7470.747174863749,447.82211920426016,49.81165758329214,171.86409450525628
06ac6393eee7a87a46f65b36cf9d1863821846f32cd08b7f9dd84710f2fa08a1,352,94,0,0,230.51694607480218,230.84800569572886,230.51694607480218,230.51694607480218,False,100,15,0.15,230.51694607480218,230.51694607480218,0.0,14.320388349514563,14.320388349514563,37.89473684210527,36.0,0.3778991370010787,3.7699999999999996,3.7699999999999996,5.0,0.7539999999999999,0,0,0,0,4213.295293205642,42.132952932056426,7470.747174863749,447.82211920426016,49.81165758329214,171.86409450525628
06ac6393eee7a87a46f65b36cf9d1863821846f32cd08b7f9dd84710f2fa08a1,353,63,0,0,230.51694607480218,235.67285456794764,230.51694607480218,230.51694607480218,False,100,15,0.15,230.51694607480218,230.51694607480218,0.0,14.320388349514563,14.320388349514563,37.89473684210527,36.0,0.3778991370010787,3.7699999999999996,3.7699999999999996,5.0,0.7539999999999999,0,0,0,0,4213.295293205642,42.132952932056426,7470.747174863749,447.82211920426016,49.81165758329214,171.86409450525628
06ac6393eee7a87a46f65b36cf9d1863821846f32cd08b7f9dd84710f2fa08a1,354,71,1,1,230.9703254139965,230.51694607480218,230.51694607480218,230.51694607480218,False,100,15,0.15,230.51694607480218,230.51694607480218,0.0,14.320388349514563,14.320388349514563,37.89473684210527,36.0,0.3778991370010787,3.7699999999999996,3.7699999999999996,5.0,0.7539999999999999,0,0,0,0,4213.295293205642,42.132952932056426,7470.747174863749,447.82211920426016,49.81165758329214,171.86409450525628
06ac6393eee7a87a46f65b36cf9d1863821846f32cd08b7f9dd84710f2fa08a1,355,18,1,1,231.19013913605852,230.51694607480218,230.51694607480218,230.51694607480218,False,100,15,0.15,230.51694607480218,230.51694607480218,0.0,14.320388349514563,14.320388349514563,37.89473684210527,36.0,0.3778991370010787,3.7699999999999996,3.7699999999999996,5.0,0.7539999999999999,0,0,0,0,4213.295293205642,42.132952932056426,7470.747174863749,447.82211920426016,49.81165758329214,171.86409450525628
06ac6393eee7a87a46f65b36cf9d1863821846f32cd08b7f9dd84710f2fa08a1,356,52,0,0,230.51694607480218,231.00855351464216,230.51694607480218,230.51694607480218,False,100,15,0.15,230.51694607480218,230.51694607480218,0.0,14.320388349514563,14.320388349514563,37.89473684210527,36.0,0.3778991370010787,3.7699999999999996,3.7699999999999996,5.0,0.7539999999999999,0,0,0,0,4213.295293205642,42.132952932056426,7470.747174863749,447.82211920426016,49.81165758329214,171.86409450525628
06ac6393eee7a87a46f65b36cf9d1863821846f32cd08b7f9dd84710f2fa08a1,357,36,0,0,230.51694607480218,233.58452472560873,230.51694607480218,230.51694607480218,False,100,15,0.15,230.51694607480218,230.51694607480218,0.0,14.320388349514563,14.320388349514563,37.89473684210527,36.0,0.3778991370010787,3.7699999999999996,3.7699999999999996,5.0,0.7539999999999999,0,0,0,0,4213.295293205642,42.132952932056426,7470.747174863749,447.82211920426016,49.81165758329214,171.86409450525628
06ac6393eee7a87a46f65b36cf9d1863821846f32cd08b7f9dd84710f2fa08a1,358,57,0,0,230.51694607480218,234.8044156456898,230.51694607480218,230.51694607480218,False,100,15,0.15,230.51694607480218,230.51694607480218,0.0,14.320388349514563,14.320388349514563,37.89473684210527,36.0,0.3778991370010787,3.7699999999999996,3.7699999999999996,5.0,0.7539999999999999,0,0,0,0,4213.295293205642,42.132952932056426,7470.747174863749,447.82211920426016,49.81165758329214,171.86409450525628
06ac6393eee7a87a46f65b36cf9d1863821846f32cd08b7f9dd84710f2fa08a1,359,33,1,1,230.56583454460647,230.51694607480218,230.51694607480218,230.51694607480218,False,100,15,0.15,230.51694607480218,230.51694607480218,0.0,14.320388349514563,14.320388349514563,37.89473684210527,36.0,0.3778991370010787,3.7699999999999996,3.7699999999999996,5.0,0.7539999999999999,0,0,0,0,4213.295293205642,42.132952932056426,7470.747174863749,447.82211920426016,49.81165758329214,171.86409450525628
06ac6393eee7a87a46f65b36cf9d1863821846f32cd08b7f9dd84710f2fa08a1,360,16,0,0,230.51694607480218,233.91465574042678,230.51694607480218,230.51694607480218,False,100,15,0.15,230.51694607480218,230.51694607480218,0.0,14.320388349514563,14.320388349514563,37.89473684210527,36.0,0.3778991370010787,3.7699999999999996,3.7699999999999996,5.0,0.7539999999999999,0,0,0,0,4213.295293205642,42.132952932056426,7470.747174863749,447.82211920426016,49.81165758329214,171.86409450525628
06ac6393eee7a87a46f65b36cf9d1863821846f32cd08b7f9dd84710f2fa08a1,361,78,1,1,230.54335407206685,230.51694607480218,230.51694607480218,230.51694607480218,False,100,15,0.15,230.51694607480218,230.51694607480218,0.0,14.320388349514563,14.320388349514563,37.89473684210527,36.0,0.3778991370010787,3.7699999999999996,3.7699999999999996,5.0,0.7539999999999999,0,0,0,0,4213.295293205642,42.132952932056426,7470.747174863749,447.82211920426016,49.81165758329214,171.86409450525628
06ac6393eee7a87a46f65b36cf9d1863821846f32cd08b7f9dd84710f2fa08a1,362,1,0,0,230.51694607480218,230.73292583265297,230.51694607480218,230.51694607480218,False,100,15,0.15,230.51694607480218,230.51694607480218,0.0,14.320388349514563,14.320388349514563,37.89473684210527,36.0,0.3778991370010787,3.7699999999999996,3.7699999999999996,5.0,0.7539999999999999,0,0,0,0,4213.295293205642,42.132952932056426,7470.747174863749,447.82211920426016,49.81165758329214,171.86409450525628
06ac6393eee7a87a46f65b36cf9d1863821846f32cd08b7f9dd84710f2fa08a1,363,65,0,0,230.51694607480218,230.70323315530163,230.51694607480218,230.51694607480218,False,100,15,0.15,230.51694607480218,230.51694607480218,0.0,14.320388349514563,14.320388349514563,37.89473684210527,36.0,0.3778991370010787,3.7699999999999996,3.7699999999999996,5.0,0.7539999999999999,0,0,0,0,4213.295293205642,42.132952932056426,7470.747174863749,447.82211920426016,49.81165758329214,171.86409450525628
06ac6393eee7a87a46f65b36cf9d1863821846f32cd08b7f9dd84710f2fa08a1,364,74,0,0,230.51694607480218,236.0835780817247,230.51694607480218,230.51694607480218,False,100,15,0.15,230.51694607480218,230.51694607480218,0.0,14.320388349514563,14.320388349514563,37.89473684210527,36.0,0.3778991370010787,3.7699999999999996,3.7699999999999996,5.0,0.7539999999999999,0,0,0,0,4213.295293205642,42.132952932056426,7470.747174863749,447.82211920426016,49.81165758329214,171.86409450525628
06ac6393eee7a87a46f65b36cf9d1863821846f32cd08b7f9dd84710f2fa08a1,365,26,0,0,230.51694607480218,234.4170963414619,230.51694607480218,230.51694607480218,False,100,15,0.15,230.51694607480218,230.51694607480218,0.0,14.320388349514563,14.320388349514563,37.89473684210527,36.0,0.3778991370010787,3.7699999999999996,3.7699999999999996,5.0,0.7539999999999999,0,0,0,0,4213.295293205642,42.132952932056426,7470.747174863749,447.82211920426016,49.81165758329214,171.86409450525628
06ac6393eee7a87a46f65b36cf9d1863821846f32cd08b7f9dd84710f2fa08a1,366,27,0,0,230.51694607480218,231.28212788735343,230.51694607480218,230.51694607480218,False,100,15,0.15,230.51694607480218,230.51694607480218,0.0,14.320388349514563,14.320388349514563,37.89473684210527,36.0,0.3778991370010787,3.7699999999999996,3.7699999999999996,5.0,0.7539999999999999,0,0,0,0,4213.295293205642,42.132952932056426,7470.747174863749,447.82211920426016,49.81165758329214,171.86409450525628
06ac6393eee7a87a46f65b36cf9d1863821846f32cd08b7f9dd84710f2fa08a1,367,82,0,0,230.51694607480218,232.70321705770738,230.51694607480218,230.51694607480218,False,100,15,0.15,230.51694607480218,230.51694607480218,0.0,14.320388349514563,14.320388349514563,37.89473684210527,36.0,0.3778991370010787,3.7699999999999996,3.7699999999999996,5.0,0.7539999999999999,0,0,0,0,4213.295293205642,42.132952932056426,7470.747174863749,447.82211920426016,49.81165758329214,171.86409450525628
06ac6393eee7a87a46f65b36cf9d1863821846f32cd08b7f9dd84710f2fa08a1,368,9,0,1,230.51694607480218,230.08792723531235,230.51694607480218,230.08792723531235,True,100,16,0.16,230.08792723531235,230.08792723531235,0.0,15.04854368932039,15.04854368932039,37.89473684210527,36.0,0.3971143473570658,3.965,3.965,5.0,0.7929999999999999,0,0,0,0,4189.5469296922565,41.89546929692256,7359.218972300894,462.0107729545912,51.185768805876855,184.67233281145153
06ac6393eee7a87a46f65b36cf9d1863821846f32cd08b7f9dd84710f2fa08a1,369,7,0,0,230.08792723531235,230.32734431625767,230.08792723531235,230.08792723531235,False,100,16,0.16,230.08792723531235,230.08792723531235,0.0,15.04854368932039,15.04854368932039,37.89473684210527,36.0,0.3971143473570658,3.965,3.965,5.0,0.7929999999999999,0,0,0,0,4189.5469296922565,41.89546929692256,7359.218972300894,462.0107729545912,51.185768805876855,184.67233281145153
06ac6393eee7a87a46f65b36cf9d1863821846f32cd08b7f9dd84710f2fa08a1,370,92,0,0,230.08792723531235,231.1660797529584,230.08792723531235,230.08792723531235,False,100,16,0.16,230.08792723531235,230.08792723531235,0.0,15.04854368932039,15.04854368932039,37.89473684210527,36.0,0.3971143473570658,3.965,3.965,5.0,0.7929999999999999,0,0,0,0,4189.5469296922565,41.89546929692256,7359.218972300894,462.0107729545912,51.185768805876855,184.67233281145153
06ac6393eee7a87a46f65b36cf9d1863821846f32cd08b7f9dd84710f2fa08a1,371,62,0,0,230.08792723531235,233.22336720219582,230.08792723531235,230.08792723531235,False,100,16,0.16,230.08792723531235,230.08792723531235,0.0,15.04854368932039,15.04854368932039,37.89473684210527,36.0,0.3971143473570658,3.965,3.965,5.0,0.7929999999999999,0,0,0,0,4189.5469296922565,41.89546929692256,7359.218972300894,462.0107729545912,51.185768805876855,184.67233281145153
06ac6393eee7a87a46f65b36cf9d1863821846f32cd08b7f9dd84710f2fa08a1,372,13,0,0,230.08792723531235,232.93540904231082,230.08792723531235,230.08792723531235,False,100,16,0.16,230.08792723531235,230.08792723531235,0.0,15.04854368932039,15.04854368932039,37.89473684210527,36.0,0.3971143473570658,3.965,3.965,5.0,0.7929999999999999,0,0,0,0,4189.5469296922565,41.89546929692256,7359.218972300894,462.0107729545912,51.185768805876855,184.67233281145153
06ac6393eee7a87a46f65b36cf9d1863821846f32cd08b7f9dd84710f2fa08a1,373,71,1,1,230.45322055816146,230.08792723531235,230.08792723531235,230.08792723531235,False,100,16,0.16,230.08792723531235,230.08792723531235,0.0,15.04854368932039,15.04854368932039,37.89473684210527,36.0,0.3971143473570658,3.965,3.965,5.0,0.7929999999999999,0,0,0,0,4189.5469296922565,41.89546929692256,7359.218972300894,462.0107729545912,51.185768805876855,184.67233281145153
06ac6393eee7a87a46f65b36cf9d1863821846f32cd08b7f9dd84710f2fa08a1,374,18,1,1,230.67073234381928,230.08792723531235,230.08792723531235,230.08792723531235,False,100,16,0.16,230.08792723531235,230.08792723531235,0.0,15.04854368932039,15.04854368932039,37.89473684210527,36.0,0.3971143473570658,3.965,3.965,5.0,0.7929999999999999,0,0,0,0,4189.5469296922565,41.89546929692256,7359.218972300894,462.0107729545912,51.185768805876855,184.67233281145153
06ac6393eee7a87a46f65b36cf9d1863821846f32cd08b7f9dd84710f2fa08a1,375,89,0,0,230.08792723531235,230.83218317312316,230.08792723531235,230.08792723531235,False,100,16,0.16,230.08792723531235,230.08792723531235,0.0,15.04854368932039,15.04854368932039,37.89473684210527,36.0,0.3971143473570658,3.965,3.965,5.0,0.7929999999999999,0,0,0,0,4189.5469296922565,41.89546929692256,7359.218972300894,462.0107729545912,51.185768805876855,184.67233281145153
06ac6393eee7a87a46f65b36cf9d1863821846f32cd08b7f9dd84710f2fa08a1,376,67,0,0,230.08792723531235,233.9846253881113,230.08792723531235,230.08792723531235,False,100,16,0.16,230.08792723531235,230.08792723531235,0.0,15.04854368932039,15.04854368932039,37.89473684210527,36.0,0.3971143473570658,3.965,3.965,5.0,0.7929999999999999,0,0,0,0,4189.5469296922565,41.89546929692256,7359.218972300894,462.0107729545912,51.185768805876855,184.67233281145153
06ac6393eee7a87a46f65b36cf9d1863821846f32cd08b7f9dd84710f2fa08a1,377,61,0,0,230.08792723531235,236.31649374615958,230.08792723531235,230.08792723531235,False,100,16,0.16,230.08792723531235,230.08792723531235,0.0,15.04854368932039,15.04854368932039,37.89473684210527,36.0,0.3971143473570658,3.965,3.965,5.0,0.7929999999999999,0,0,0,0,4189.5469296922565,41.89546929692256,7359.218972300894,462.0107729545912,51.185768805876855,184.67233281145153
06ac6393eee7a87a46f65b36cf9d1863821846f32cd08b7f9dd84710f2fa08a1,378,11,0,0,230.08792723531235,233.6586259165992,230.08792723531235,230.08792723531235,False,100,16,0.16,230.08792723531235,230.08792723531235,0.0,15.04854368932039,15.04854368932039,37.89473684210527,36.0,0.3971143473570658,3.965,3.965,5.0,0.7929999999999999,0,0,0,0,4189.5469296922565,41.89546929692256,7359.218972300894,462.0107729545912,51.185768805876855,184.67233281145153
06ac6393eee7a87a46f65b36cf9d1863821846f32cd08b7f9dd84710f2fa08a1,379,83,0,0,230.08792723531235,230.57750708075093,230.08792723531235,230.08792723531235,False,100,16,0.16,230.08792723531235,230.08792723531235,0.0,15.04854368932039,15.04854368932039,37.89473684210527,36.0,0.3971143473570658,3.965,3.965,5.0,0.7929999999999999,0,0,0,0,4189.5469296922565,41.89546929692256,7359.218972300894,462.0107729545912,51.185768805876855,184.67233281145153
06ac6393eee7a87a46f65b36cf9d1863821846f32cd08b7f9dd84710f2fa08a1,380,34,0,0,230.08792723531235,239.34892678650223,230.08792723531235,230.08792723531235,False,100,16,0.16,230.08792723531235,230.08792723531235,0.0,15.04854368932039,15.04854368932039,37.89473684210527,36.0,0.3971143473570658,3.965,3.965,5.0,0.7929999999999999,0,0,0,0,4189.5469296922565,41.89546929692256,7359.218972300894,462.0107729545912,51.185768805876855,184.67233281145153
06ac6393eee7a87a46f65b36cf9d1863821846f32cd08b7f9dd84710f2fa08a1,381,42,0,0,230.08792723531235,232.42605765002784,230.08792723531235,230.08792723531235,False,100,16,0.16,230.08792723531235,230.08792723531235,0.0,15.04854368932039,15.04854368932039,37.89473684210527,36.0,0.3971143473570658,3.965,3.965,5.0,0.7929999999999999,0,0,0,0,4189.5469296922565,41.89546929692256,7359.218972300894,462.0107729545912,51.185768805876855,184.67233281145153
06ac6393eee7a87a46f65b36cf9d1863821846f32cd08b7f9dd84710f2fa08a1,382,0,0,0,230.08792723531235,230.3996122932619,230.08792723531235,230.08792723531235,False,100,16,0.16,230.08792723531235,230.08792723531235,0.0,15.04854368932039,15.04854368932039,37.89473684210527,36.0,0.3971143473570658,3.965,3.965,5.0,0.7929999999999999,0,0,0,0,4189.5469296922565,41.89546929692256,7359.218972300894,462.0107729545912,51.185768805876855,184.67233281145153
06ac6393eee7a87a46f65b36cf9d1863821846f32cd08b7f9dd84710f2fa08a1,383,21,0,0,230.08792723531235,233.98497443664928,230.08792723531235,230.08792723531235,False,100,16,0.16,230.08792723531235,230.08792723531235,0.0,15.04854368932039,15.04854368932039,37.89473684210527,36.0,0.3971143473570658,3.965,3.965,5.0,0.7929999999999999,0,0,0,0,4189.5469296922565,41.89546929692256,7359.218972300894,462.0107729545912,51.185768805876855,184.67233281145153
06ac6393eee7a87a46f65b36cf9d1863821846f32cd08b7f9dd84710f2fa08a1,384,41,0,0,230.08792723531235,232.0959785952499,230.08792723531235,230.08792723531235,False,100,16,0.16,230.08792723531235,230.08792723531235,0.0,15.04854368932039,15.04854368932039,37.89473684210527,36.0,0.3971143473570658,3.965,3.965,5.0,0.7929999999999999,0,0,0,0,4189.5469296922565,41.89546929692256,7359.218972300894,462.0107729545912,51.185768805876855,184.67233281145153
06ac6393eee7a87a46f65b36cf9d1863821846f32cd08b7f9dd84710f2fa08a1,385,53,1,1,230.45601733711777,230.08792723531235,230.08792723531235,230.08792723531235,False,100,16,0.16,230.08792723531235,230.08792723531235,0.0,15.04854368932039,15.04854368932039,37.89473684210527,36.0,0.3971143473570658,3.965,3.965,5.0,0.7929999999999999,0,0,0,0,4189.5469296922565,41.89546929692256,7359.218972300894,462.0107729545912,51.185768805876855,184.67233281145153
06ac6393eee7a87a46f65b36cf9d1863821846f32cd08b7f9dd84710f2fa08a1,386,50,1,1,230.7951558401492,230.08792723531235,230.08792723531235,230.08792723531235,False,100,16,0.16,230.08792723531235,230.08792723531235,0.0,15.04854368932039,15.04854368932039,37.89473684210527,36.0,0.3971143473570658,3.965,3.965,5.0,0.7929999999999999,0,0,0,0,4189.5469296922565,41.89546929692256,7359.218972300894,462.0107729545912,51.185768805876855,184.67233281145153
06ac6393eee7a87a46f65b36cf9d1863821846f32cd08b7f9dd84710f2fa08a1,387,84,0,0,230.08792723531235,237.6932110354403,230.08792723531235,230.08792723531235,False,100,16,0.16,230.08792723531235,230.08792723531235,0.0,15.04854368932039,15.04854368932039,37.89473684210527,36.0,0.3971143473570658,3.965,3.965,5.0,0.7929999999999999,0,0,0,0,4189.5469296922565,41.89546929692256,7359.218972300894,462.0107729545912,51.185768805876855,184.67233281145153
06ac6393eee7a87a46f65b36cf9d1863821846f32cd08b7f9dd84710f2fa08a1,388,25,0,0,230.08792723531235,231.21849138961068,230.08792723531235,230.08792723531235,False,100,16,0.16,230.08792723531235,230.08792723531235,0.0,15.04854368932039,15.04854368932039,37.89473684210527,36.0,0.3971143473570658,3.965,3.965,5.0,0.7929999999999999,0,0,0,0,4189.5469296922565,41.89546929692256,7359.218972300894,462.0107729545912,51.185768805876855,184.67233281145153
06ac6393eee7a87a46f65b36cf9d1863821846f32cd08b7f9dd84710f2fa08a1,389,73,0,0,230.08792723531235,310.83084905376865,230.08792723531235,230.08792723531235,False,100,16,0.16,230.08792723531235,230.08792723531235,0.0,15.04854368932039,15.04854368932039,37.89473684210527,36.0,0.3971143473570658,3.965,3.965,5.0,0.7929999999999999,0,0,0,0,4189.5469296922565,41.89546929692256,7359.218972300894,462.0107729545912,51.185768805876855,184.67233281145153
06ac6393eee7a87a46f65b36cf9d1863821846f32cd08b7f9dd84710f2fa08a1,390,68,0,0,230.08792723531235,230.5128068965882,230.08792723531235,230.08792723531235,False,100,16,0.16,230.08792723531235,230.08792723531235,0.0,15.04854368932039,15.04854368932039,37.89473684210527,36.0,0.3971143473570658,3.965,3.965,5.0,0.7929999999999999,0,0,0,0,4189.5469296922565,41.89546929692256,7359.218972300894,462.0107729545912,51.185768805876855,184.67233281145153
06ac6393eee7a87a46f65b36cf9d1863821846f32cd08b7f9dd84710f2fa08a1,391,52,0,0,230.08792723531235,230.7517825656687,230.08792723531235,230.08792723531235,False,100,16,0.16,230.08792723531235,230.08792723531235,0.0,15.04854368932039,15.04854368932039,37.89473684210527,36.0,0.3971143473570658,3.965,3.965,5.0,0.7929999999999999,0,0,0,0,4189.5469296922565,41.89546929692256,7359.218972300894,462.0107729545912,51.185768805876855,184.67233281145153
06ac6393eee7a87a46f65b36cf9d1863821846f32cd08b7f9dd84710f2fa08a1,392,22,0,0,230.08792723531235,236.20840790577245,230.08792723531235,230.08792723531235,False,100,16,0.16,230.08792723531235,230.08792723531235,0.0,15.04854368932039,15.04854368932039,37.89473684210527,36.0,0.3971143473570658,3.965,3.965,5.0,0.7929999999999999,0,0,0,0,4189.5469296922565,41.89546929692256,7359.218972300894,462.0107729545912,51.185768805876855,184.67233281145153
06ac6393eee7a87a46f65b36cf9d1863821846f32cd08b7f9dd84710f2fa08a1,393,25,0,0,230.08792723531235,231.21849138961068,230.08792723531235,230.08792723531235,False,100,16,0.16,230.08792723531235,230.08792723531235,0.0,15.04854368932039,15.04854368932039,37.89473684210527,36.0,0.3971143473570658,3.965,3.965,5.0,0.7929999999999999,0,0,0,0,4189.5469296922565,41.89546929692256,7359.218972300894,462.0107729545912,51.185768805876855,184.67233281145153
06ac6393eee7a87a46f65b36cf9d1863821846f32cd08b7f9dd84710f2fa08a1,394,89,0,0,230.08792723531235,230.83218317312316,230.08792723531235,230.08792723531235,False,100,16,0.16,230.08792723531235,230.08792723531235,0.0,15.04854368932039,15.04854368932039,37.89473684210527,36.0,0.3971143473570658,3.965,3.965,5.0,0.7929999999999999,0,0,0,0,4189.5469296922565,41.89546929692256,7359.218972300894,462.0107729545912,51.185768805876855,184.67233281145153
06ac6393eee7a87a46f65b36cf9d1863821846f32cd08b7f9dd84710f2fa08a1,395,70,1,1,230.35344285195066,230.08792723531235,230.08792723531235,230.08792723531235,False,100,16,0.16,230.08792723531235,230.08792723531235,0.0,15.04854368932039,15.04854368932039,37.89473684210527,36.0,0.3971143473570658,3.965,3.965,5.0,0.7929999999999999,0,0,0,0,4189.5469296922565,41.89546929692256,7359.218972300894,462.0107729545912,51.185768805876855,184.67233281145153
06ac6393eee7a87a46f65b36cf9d1863821846f32cd08b7f9dd84710f2fa08a1,396,40,0,0,230.08792723531235,230.715908163864,230.08792723531235,230.08792723531235,False,100,16,0.16,230.08792723531235,230.08792723531235,0.0,15.04854368932039,15.04854368932039,37.89473684210527,36.0,0.3971143473570658,3.965,3.965,5.0,0.7929999999999999,0,0,0,0,4189.5469296922565,41.89546929692256,7359.218972300894,462.0107729545912,51.185768805876855,184.67233281145153
06ac6393eee7a87a46f65b36cf9d1863821846f32cd08b7f9dd84710f2fa08a1,397,79,0,0,230.08792723531235,230.7267512916368,230.08792723531235,230.08792723531235,False,100,16,0.16,230.08792723531235,230.08792723531235,0.0,15.04854368932039,15.04854368932039,37.89473684210527,36.0,0.3971143473570658,3.965,3.965,5.0,0.7929999999999999,0,0,0,0,4189.5469296922565,41.89546929692256,7359.218972300894,462.0107729545912,51.185768805876855,184.67233281145153
06ac6393eee7a87a46f65b36cf9d1863821846f32cd08b7f9dd84710f2fa08a1,398,52,0,0,230.08792723531235,230.7517825656687,230.08792723531235,230.08792723531235,False,100,16,0.16,230.08792723531235,230.08792723531235,0.0,15.04854368932039,15.04854368932039,37.89473684210527,36.0,0.3971143473570658,3.965,3.965,5.0,0.7929999999999999,0,0,0,0,4189.5469296922565,41.89546929692256,7359.218972300894,462.0107729545912,51.185768805876855,184.67233281145153
06ac6393eee7a87a46f65b36cf9d1863821846f32cd08b7f9dd84710f2fa08a1,399,59,0,0,230.08792723531235,230.6137251147803,230.08792723531235,230.08792723531235,False,100,16,0.16,230.08792723531235,230.08792723531235,0.0,15.04854368932039,15.04854368932039,37.89473684210527,36.0,0.3971143473570658,3.965,3.965,5.0,0.7929999999999999,0,0,0,0,4189.5469296922565,41.89546929692256,7359.218972300894,462.0107729545912,51.185768805876855,184.67233281145153
06ac6393eee7a87a46f65b36cf9d1863821846f32cd08b7f9dd84710f2fa08a1,400,0,0,0,230.08792723531235,230.3996122932619,230.08792723531235,230.08792723531235,False,100,16,0.16,230.08792723531235,230.08792723531235,0.0,15.04854368932039,15.04854368932039,37.89473684210527,36.0,0.3971143473570658,3.965,3.965,5.0,0.7929999999999999,0,0,0,0,4189.5469296922565,41.89546929692256,7359.218972300894,462.0107729545912,51.185768805876855,184.67233281145153
06ac6393eee7a87a46f65b36cf9d1863821846f32cd08b7f9dd84710f2fa08a1,401,20,0,0,230.08792723531235,231.0808568376109,230.08792723531235,230.08792723531235,False,100,16,0.16,230.08792723531235,230.08792723531235,0.0,15.04854368932039,15.04854368932039,37.89473684210527,36.0,0.3971143473570658,3.965,3.965,5.0,0.7929999999999999,0,0,0,0,4189.5469296922565,41.89546929692256,7359.218972300894,462.0107729545912,51.185768805876855,184.67233281145153
06ac6393eee7a87a46f65b36cf9d1863821846f32cd08b7f9dd84710f2fa08a1,402,53,1,1,230.45601733711777,230.08792723531235,230.08792723531235,230.08792723531235,False,100,16,0.16,230.08792723531235,230.08792723531235,0.0,15.04854368932039,15.04854368932039,37.89473684210527,36.0,0.3971143473570658,3.965,3.965,5.0,0.7929999999999999,0,0,0,0,4189.5469296922565,41.89546929692256,7359.218972300894,462.0107729545912,51.185768805876855,184.67233281145153
06ac6393eee7a87a46f65b36cf9d1863821846f32cd08b7f9dd84710f2fa08a1,403,99,1,0,230.06610226741384,230.08792723531235,230.08792723531235,230.06610226741384,True,100,15,0.15,230.06610226741384,230.06610226741384,0.0,14.07766990291262,14.07766990291262,37.89473684210527,36.0,0.3714940668824163,3.7212499999999995,3.7212499999999995,5.0,0.7442499999999999,0,0,0,0,4202.906579560919,42.02906579560919,7423.954464974208,452.66991823565087,50.29766494719369,167.76871915897868
06ac6393eee7a87a46f65b36cf9d1863821846f32cd08b7f9dd84710f2fa08a1,404,0,0,0,230.06610226741384,230.28302620221783,230.06610226741384,230.06610226741384,False,100,15,0.15,230.06610226741384,230.06610226741384,0.0,14.07766990291262,14.07766990291262,37.89473684210527,36.0,0.3714940668824163,3.7212499999999995,3.7212499999999995,5.0,0.7442499999999999,0,0,0,0,4202.906579560919,42.02906579560919,7423.954464974208,452.66991823565087,50.29766494719369,167.76871915897868
06ac6393eee7a87a46f65b36cf9d1863821846f32cd08b7f9dd84710f2fa08a1,405,33,1,1,230.11982600885287,230.06610226741384,230.06610226741384,230.06610226741384,False,100,15,0.15,230.06610226741384,230.06610226741384,0.0,14.07766990291262,14.07766990291262,37.89473684210527,36.0,0.3714940668824163,3.7212499999999995,3.7212499999999995,5.0,0.7442499999999999,0,0,0,0,4202.906579560919,42.02906579560919,7423.954464974208,452.66991823565087,50.29766494719369,167.76871915897868
06ac6393eee7a87a46f65b36cf9d1863821846f32cd08b7f9dd84710f2fa08a1,406,2,1,1,230.114482421361,230.06610226741384,230.06610226741384,230.06610226741384,False,100,15,0.15,230.06610226741384,230.06610226741384,0.0,14.07766990291262,14.07766990291262,37.89473684210527,36.0,0.3714940668824163,3.7212499999999995,3.7212499999999995,5.0,0.7442499999999999,0,0,0,0,4202.906579560919,42.02906579560919,7423.954464974208,452.66991823565087,50.29766494719369,167.76871915897868
06ac6393eee7a87a46f65b36cf9d1863821846f32cd08b7f9dd84710f2fa08a1,407,60,0,0,230.06610226741384,237.14375690226868,230.06610226741384,230.06610226741384,False,100,15,0.15,230.06610226741384,230.06610226741384,0.0,14.07766990291262,14.07766990291262,37.89473684210527,36.0,0.3714940668824163,3.7212499999999995,3.7212499999999995,5.0,0.7442499999999999,0,0,0,0,4202.906579560919,42.02906579560919,7423.954464974208,452.66991823565087,50.29766494719369,167.76871915897868
06ac6393eee7a87a46f65b36cf9d1863821846f32cd08b7f9dd84710f2fa08a1,408,58,0,0,230.06610226741384,231.32554425390376,230.06610226741384,230.06610226741384,False,100,15,0.15,230.06610226741384,230.06610226741384,0.0,14.07766990291262,14.07766990291262,37.89473684210527,36.0,0.3714940668824163,3.7212499999999995,3.7212499999999995,5.0,0.7442499999999999,0,0,0,0,4202.906579560919,42.02906579560919,7423.954464974208,452.66991823565087,50.29766494719369,167.76871915897868
06ac6393eee7a87a46f65b36cf9d1863821846f32cd08b7f9dd84710f2fa08a1,409,73,0,0,230.06610226741384,310.1029885127758,230.06610226741384,230.06610226741384,False,100,15,0.15,230.06610226741384,230.06610226741384,0.0,14.07766990291262,14.07766990291262,37.89473684210527,36.0,0.3714940668824163,3.7212499999999995,3.7212499999999995,5.0,0.7442499999999999,0,0,0,0,4202.906579560919,42.02906579560919,7423.954464974208,452.66991823565087,50.29766494719369,167.76871915897868
06ac6393eee7a87a46f65b36cf9d1863821846f32cd08b7f9dd84710f2fa08a1,410,48,1,1,230.16586661404742,230.06610226741384,230.06610226741384,230.06610226741384,False,100,15,0.15,230.06610226741384,230.06610226741384,0.0,14.07766990291262,14.07766990291262,37.89473684210527,36.0,0.3714940668824163,3.7212499999999995,3.7212499999999995,5.0,0.7442499999999999,0,0,0,0,4202.906579560919,42.02906579560919,7423.954464974208,452.66991823565087,50.29766494719369,167.76871915897868
06ac6393eee7a87a46f65b36cf9d1863821846f32cd08b7f9dd84710f2fa08a1,411,98,0,0,230.06610226741384,231.03906214601815,230.06610226741384,230.06610226741384,False,100,15,0.15,230.06610226741384,230.06610226741384,0.0,14.07766990291262,14.07766990291262,37.89473684210527,36.0,0.3714940668824163,3.7212499999999995,3.7212499999999995,5.0,0.7442499999999999,0,0,0,0,4202.906579560919,42.02906579560919,7423.954464974208,452.66991823565087,50.29766494719369,167.76871915897868
06ac6393eee7a87a46f65b36cf9d1863821846f32cd08b7f9dd84710f2fa08a1,412,64,0,0,230.06610226741384,233.00567963658523,230.06610226741384,230.06610226741384,False,100,15,0.15,230.06610226741384,230.06610226741384,0.0,14.07766990291262,14.07766990291262,37.89473684210527,36.0,0.3714940668824163,3.7212499999999995,3.7212499999999995,5.0,0.7442499999999999,0,0,0,0,4202.906579560919,42.02906579560919,7423.954464974208,452.66991823565087,50.29766494719369,167.76871915897868
06ac6393eee7a87a46f65b36cf9d1863821846f32cd08b7f9dd84710f2fa08a1,413,97,0,0,230.06610226741384,233.60298418428292,230.06610226741384,230.06610226741384,False,100,15,0.15,230.06610226741384,230.06610226741384,0.0,14.07766990291262,14.07766990291262,37.89473684210527,36.0,0.3714940668824163,3.7212499999999995,3.7212499999999995,5.0,0.7442499999999999,0,0,0,0,4202.906579560919,42.02906579560919,7423.954464974208,452.66991823565087,50.29766494719369,167.76871915897868
06ac6393eee7a87a46f65b36cf9d1863821846f32cd08b7f9dd84710f2fa08a1,414,83,0,0,230.06610226741384,230.45746771906988,230.06610226741384,230.06610226741384,False,100,15,0.15,230.06610226741384,230.06610226741384,0.0,14.07766990291262,14.07766990291262,37.89473684210527,36.0,0.3714940668824163,3.7212499999999995,3.7212499999999995,5.0,0.7442499999999999,0,0,0,0,4202.906579560919,42.02906579560919,7423.954464974208,452.66991823565087,50.29766494719369,167.76871915897868
06ac6393eee7a87a46f65b36cf9d1863821846f32cd08b7f9dd84710f2fa08a1,415,80,0,0,230.06610226741384,237.83768644461034,230.06610226741384,230.06610226741384,False,100,15,0.15,230.06610226741384,230.06610226741384,0.0,14.07766990291262,14.07766990291262,37.89473684210527,36.0,0.3714940668824163,3.7212499999999995,3.7212499999999995,5.0,0.7442499999999999,0,0,0,0,4202.906579560919,42.02906579560919,7423.954464974208,452.66991823565087,50.29766494719369,167.76871915897868
06ac6393eee7a87a46f65b36cf9d1863821846f32cd08b7f9dd84710f2fa08a1,416,42,0,0,230.06610226741384,232.25400267905223,230.06610226741384,230.06610226741384,False,100,15,0.15,230.06610226741384,230.06610226741384,0.0,14.07766990291262,14.07766990291262,37.89473684210527,36.0,0.3714940668824163,3.7212499999999995,3.7212499999999995,5.0,0.7442499999999999,0,0,0,0,4202.906579560919,42.02906579560919,7423.954464974208,452.66991823565087,50.29766494719369,167.76871915897868
06ac6393eee7a87a46f65b36cf9d1863821846f32cd08b7f9dd84710f2fa08a1,417,69,0,0,230.06610226741384,238.69413634427184,230.06610226741384,230.06610226741384,False,100,15,0.15,230.06610226741384,230.06610226741384,0.0,14.07766990291262,14.07766990291262,37.89473684210527,36.0,0.3714940668824163,3.7212499999999995,3.7212499999999995,5.0,0.7442499999999999,0,0,0,0,4202.906579560919,42.02906579560919,7423.954464974208,452.66991823565087,50.29766494719369,167.76871915897868
06ac6393eee7a87a46f65b36cf9d1863821846f32cd08b7f9dd84710f2fa08a1,418,10,0,0,230.06610226741384,230.48816618095822,230.06610226741384,230.06610226741384,False,100,15,0.15,230.06610226741384,230.06610226741384,0.0,14.07766990291262,14.07766990291262,37.89473684210527,36.0,0.3714940668824163,3.7212499999999995,3.7212499999999995,5.0,0.7442499999999999,0,0,0,0,4202.906579560919,42.02906579560919,7423.954464974208,452.66991823565087,50.29766494719369,167.76871915897868
06ac6393eee7a87a46f65b36cf9d1863821846f32cd08b7f9dd84710f2fa08a1,419,64,0,0,230.06610226741384,233.00567963658523,230.06610226741384,230.06610226741384,False,100,15,0.15,230.06610226741384,230.06610226741384,0.0,14.07766990291262,14.07766990291262,37.89473684210527,36.0,0.3714940668824163,3.7212499999999995,3.7212499999999995,5.0,0.7442499999999999,0,0,0,0,4202.906579560919,42.02906579560919,7423.954464974208,452.66991823565087,50.29766494719369,167.76871915897868
06ac6393eee7a87a46f65b36cf9d1863821846f32cd08b7f9dd84710f2fa08a1,420,33,1,1,230.11982600885287,230.06610226741384,230.06610226741384,230.06610226741384,False,100,15,0.15,230.06610226741384,230.06610226741384,0.0,14.07766990291262,14.07766990291262,37.89473684210527,36.0,0.3714940668824163,3.7212499999999995,3.7212499999999995,5.0,0.7442499999999999,0,0,0,0,4202.906579560919,42.02906579560919,7423.954464974208,452.66991823565087,50.29766494719369,167.76871915897868
06ac6393eee7a87a46f65b36cf9d1863821846f32cd08b7f9dd84710f2fa08a1,421,57,0,0,230.06610226741384,234.34584564878398,230.06610226741384,230.06610226741384,False,100,15,0.15,230.06610226741384,230.06610226741384,0.0,14.07766990291262,14.07766990291262,37.89473684210527,36.0,0.3714940668824163,3.7212499999999995,3.7212499999999995,5.0,0.7442499999999999,0,0,0,0,4202.906579560919,42.02906579560919,7423.954464974208,452.66991823565087,50.29766494719369,167.76871915897868
06ac6393eee7a87a46f65b36cf9d1863821846f32cd08b7f9dd84710f2fa08a1,422,90,1,1,230.41294382235472,230.06610226741384,230.06610226741384,230.06610226741384,False,100,15,0.15,230.06610226741384,230.06610226741384,0.0,14.07766990291262,14.07766990291262,37.89473684210527,36.0,0.3714940668824163,3.7212499999999995,3.7212499999999995,5.0,0.7442499999999999,0,0,0,0,4202.906579560919,42.02906579560919,7423.954464974208,452.66991823565087,50.29766494719369,167.76871915897868
06ac6393eee7a87a46f65b36cf9d1863821846f32cd08b7f9dd84710f2fa08a1,423,66,1,1,230.23845730568314,230.06610226741384,230.06610226741384,230.06610226741384,False,100,15,0.15,230.06610226741384,230.06610226741384,0.0,14.07766990291262,14.07766990291262,37.89473684210527,36.0,0.3714940668824163,3.7212499999999995,3.7212499999999995,5.0,0.7442499999999999,0,0,0,0,4202.906579560919,42.02906579560919,7423.954464974208,452.66991823565087,50.29766494719369,167.76871915897868
06ac6393eee7a87a46f65b36cf9d1863821846f32cd08b7f9dd84710f2fa08a1,424,20,0,0,230.06610226741384,230.90536346397752,230.06610226741384,230.06610226741384,False,100,15,0.15,230.06610226741384,230.06610226741384,0.0,14.07766990291262,14.07766990291262,37.89473684210527,36.0,0.3714940668824163,3.7212499999999995,3.7212499999999995,5.0,0.7442499999999999,0,0,0,0,4202.906579560919,42.02906579560919,7423.954464974208,452.66991823565087,50.29766494719369,167.76871915897868
06ac6393eee7a87a46f65b36cf9d1863821846f32cd08b7f9dd84710f2fa08a1,425,79,0,0,230.06610226741384,230.6111569800417,230.06610226741384,230.06610226741384,False,100,15,0.15,230.06610226741384,230.06610226741384,0.0,14.07766990291262,14.07766990291262,37.89473684210527,36.0,0.3714940668824163,3.7212499999999995,3.7212499999999995,5.0,0.7442499999999999,0,0,0,0,4202.906579560919,42.02906579560919,7423.954464974208,452.66991823565087,50.29766494719369,167.76871915897868
06ac6393eee7a87a46f65b36cf9d1863821846f32cd08b7f9dd84710f2fa08a1,426,68,0,0,230.06610226741384,230.38525899827246,230.06610226741384,230.06610226741384,False,100,15,0.15,230.06610226741384,230.06610226741384,0.0,14.07766990291262,14.07766990291262,37.89473684210527,36.0,0.3714940668824163,3.7212499999999995,3.7212499999999995,5.0,0.7442499999999999,0,0,0,0,4202.906579560919,42.02906579560919,7423.954464974208,452.66991823565087,50.29766494719369,167.76871915897868
06ac6393eee7a87a46f65b36cf9d1863821846f32cd08b7f9dd84710f2fa08a1,427,9,1,1,230.56684348990936,230.06610226741384,230.06610226741384,230.06610226741384,False,100,15,0.15,230.06610226741384,230.06610226741384,0.0,14.07766990291262,14.07766990291262,37.89473684210527,36.0,0.3714940668824163,3.7212499999999995,3.7212499999999995,5.0,0.7442499999999999,0,0,0,0,4202.906579560919,42.02906579560919,7423.954464974208,452.66991823565087,50.29766494719369,167.76871915897868
06ac6393eee7a87a46f65b36cf9d1863821846f32cd08b7f9dd84710f2fa08a1,428,46,0,0,230.06610226741384,231.52752782271403,230.06610226741384,230.06610226741384,False,100,15,0.15,230.06610226741384,230.06610226741384,0.0,14.07766990291262,14.07766990291262,37.89473684210527,36.0,0.3714940668824163,3.7212499999999995,3.7212499999999995,5.0,0.7442499999999999,0,0,0,0,4202.906579560919,42.02906579560919,7423.954464974208,452.66991823565087,50.29766494719369,167.76871915897868
06ac6393eee7a87a46f65b36cf9d1863821846f32cd08b7f9dd84710f2fa08a1,429,51,0,0,230.06610226741384,232.9137075801244,230.06610226741384,230.06610226741384,False,100,15,0.15,230.06610226741384,230.06610226741384,0.0,14.07766990291262,14.07766990291262,37.89473684210527,36.0,0.3714940668824163,3.7212499999999995,3.7212499999999995,5.0,0.7442499999999999,0,0,0,0,4202.906579560919,42.02906579560919,7423.954464974208,452.66991823565087,50.29766494719369,167.76871915897868
06ac6393eee7a87a46f65b36cf9d1863821846f32cd08b7f9dd84710f2fa08a1,430,70,1,1,230.41163769793815,230.06610226741384,230.06610226741384,230.06610226741384,False,100,15,0.15,230.06610226741384,230.06610226741384,0.0,14.07766990291262,14.07766990291262,37.89473684210527,36.0,0.3714940668824163,3.7212499999999995,3.7212499999999995,5.0,0.7442499999999999,0,0,0,0,4202.906579560919,42.02906579560919,7423.954464974208,452.66991823565087,50.29766494719369,167.76871915897868
06ac6393eee7a87a46f65b36cf9d1863821846f32cd08b7f9dd84710f2fa08a1,431,48,1,1,230.16586661404742,230.06610226741384,230.06610226741384,230.06610226741384,False,100,15,0.15,230.06610226741384,230.06610226741384,0.0,14.07766990291262,14.07766990291262,37.89473684210527,36.0,0.3714940668824163,3.7212499999999995,3.7212499999999995,5.0,0.7442499999999999,0,0,0,0,4202.906579560919,42.02906579560919,7423.954464974208,452.66991823565087,50.29766494719369,167.76871915897868
06ac6393eee7a87a46f65b36cf9d1863821846f32cd08b7f9dd84710f2fa08a1,432,93,0,0,230.06610226741384,230.20111740856723,230.06610226741384,230.06610226741384,False,100,15,0.15,230.06610226741384,230.06610226741384,0.0,14.07766990291262,14.07766990291262,37.89473684210527,36.0,0.3714940668824163,3.7212499999999995,3.7212499999999995,5.0,0.7442499999999999,0,0,0,0,4202.906579560919,42.02906579560919,7423.954464974208,452.66991823565087,50.29766494719369,167.76871915897868
06ac6393eee7a87a46f65b36cf9d1863821846f32cd08b7f9dd84710f2fa08a1,433,2,1,1,230.114482421361,230.06610226741384,230.06610226741384,230.06610226741384,False,100,15,0.15,230.06610226741384,230.06610226741384,0.0,14.07766990291262,14.07766990291262,37.89473684210527,36.0,0.3714940668824163,3.7212499999999995,3.7212499999999995,5.0,0.7442499999999999,0,0,0,0,4202.906579560919,42.02906579560919,7423.954464974208,452.66991823565087,50.29766494719369,167.76871915897868
06ac6393eee7a87a46f65b36cf9d1863821846f32cd08b7f9dd84710f2fa08a1,434,14,0,0,230.06610226741384,230.57171720591595,230.06610226741384,230.06610226741384,False,100,15,0.15,230.06610226741384,230.06610226741384,0.0,14.07766990291262,14.07766990291262,37.89473684210527,36.0,0.3714940668824163,3.7212499999999995,3.7212499999999995,5.0,0.7442499999999999,0,0,0,0,4202.906579560919,42.02906579560919,7423.954464974208,452.66991823565087,50.29766494719369,167.76871915897868
06ac6393eee7a87a46f65b36cf9d1863821846f32cd08b7f9dd84710f2fa08a1,435,93,0,0,230.06610226741384,230.20111740856723,230.06610226741384,230.06610226741384,False,100,15,0.15,230.06610226741384,230.06610226741384,0.0,14.07766990291262,14.07766990291262,37.89473684210527,36.0,0.3714940668824163,3.7212499999999995,3.7212499999999995,5.0,0.7442499999999999,0,0,0,0,4202.906579560919,42.02906579560919,7423.954464974208,452.66991823565087,50.29766494719369,167.76871915897868
06ac6393eee7a87a46f65b36cf9d1863821846f32cd08b7f9dd84710f2fa08a1,436,4,0,0,230.06610226741384,230.4304383856351,230.06610226741384,230.06610226741384,False,100,15,0.15,230.06610226741384,230.06610226741384,0.0,14.07766990291262,14.07766990291262,37.89473684210527,36.0,0.3714940668824163,3.7212499999999995,3.7212499999999995,5.0,0.7442499999999999,0,0,0,0,4202.906579560919,42.02906579560919,7423.954464974208,452.66991823565087,50.29766494719369,167.76871915897868
06ac6393eee7a87a46f65b36cf9d1863821846f32cd08b7f9dd84710f2fa08a1,437,9,1,1,230.56684348990936,230.06610226741384,230.06610226741384,230.06610226741384,False,100,15,0.15,230.06610226741384,230.06610226741384,0.0,14.07766990291262,14.07766990291262,37.89473684210527,36.0,0.3714940668824163,3.7212499999999995,3.7212499999999995,5.0,0.7442499999999999,0,0,0,0,4202.906579560919,42.02906579560919,7423.954464974208,452.66991823565087,50.29766494719369,167.76871915897868
06ac6393eee7a87a46f65b36cf9d1863821846f32cd08b7f9dd84710f2fa08a1,438,84,0,0,230.06610226741384,237.29291860311815,230.06610226741384,230.06610226741384,False,100,15,0.15,230.06610226741384,230.06610226741384,0.0,14.07766990291262,14.07766990291262,37.89473684210527,36.0,0.3714940668824163,3.7212499999999995,3.7212499999999995,5.0,0.7442499999999999,0,0,0,0,4202.906579560919,42.02906579560919,7423.954464974208,452.66991823565087,50.29766494719369,167.76871915897868
06ac6393eee7a87a46f65b36cf9d1863821846f32cd08b7f9dd84710f2fa08a1,439,39,0,0,230.06610226741384,230.67103545698745,230.06610226741384,230.06610226741384,False,100,15,0.15,230.06610226741384,230.06610226741384,0.0,14.07766990291262,14.07766990291262,37.89473684210527,36.0,0.3714940668824163,3.7212499999999995,3.7212499999999995,5.0,0.7442499999999999,0,0,0,0,4202.906579560919,42.02906579560919,7423.954464974208,452.66991823565087,50.29766494719369,167.76871915897868
06ac6393eee7a87a46f65b36cf9d1863821846f32cd08b7f9dd84710f2fa08a1,440,97,0,0,230.06610226741384,233.60298418428292,230.06610226741384,230.06610226741384,False,100,15,0.15,230.06610226741384,230.06610226741384,0.0,14.07766990291262,14.07766990291262,37.89473684210527,36.0,0.3714940668824163,3.7212499999999995,3.7212499999999995,5.0,0.7442499999999999,0,0,0,0,4202.906579560919,42.02906579560919,7423.954464974208,452.66991823565087,50.29766494719369,167.76871915897868
06ac6393eee7a87a46f65b36cf9d1863821846f32cd08b7f9dd84710f2fa08a1,441,5,0,0,230.06610226741384,230.10386558747086,230.06610226741384,230.06610226741384,False,100,15,0.15,230.06610226741384,230.06610226741384,0.0,14.07766990291262,14.07766990291262,37.89473684210527,36.0,0.3714940668824163,3.7212499999999995,3.7212499999999995,5.0,0.7442499999999999,0,0,0,0,4202.906579560919,42.02906579560919,7423.954464974208,452.66991823565087,50.29766494719369,167.76871915897868
06ac6393eee7a87a46f65b36cf9d1863821846f32cd08b7f9dd84710f2fa08a1,442,44,0,0,230.06610226741384,230.60758014578084,230.06610226741384,230.06610226741384,False,100,15,0.15,230.06610226741384,230.06610226741384,0.0,14.07766990291262,14.07766990291262,37.89473684210527,36.0,0.3714940668824163,3.7212499999999995,3.7212499999999995,5.0,0.7442499999999999,0,0,0,0,4202.906579560919,42.02906579560919,7423.954464974208,452.66991823565087,50.29766494719369,167.76871915897868
06ac6393eee7a87a46f65b36cf9d1863821846f32cd08b7f9dd84710f2fa08a1,443,35,1,1,230.62534471044083,230.06610226741384,230.06610226741384,230.06610226741384,False,100,15,0.15,230.06610226741384,230.06610226741384,0.0,14.07766990291262,14.07766990291262,37.89473684210527,36.0,0.3714940668824163,3.7212499999999995,3.7212499999999995,5.0,0.7442499999999999,0,0,0,0,4202.906579560919,42.02906579560919,7423.954464974208,452.66991823565087,50.29766494719369,167.76871915897868
06ac6393eee7a87a46f65b36cf9d1863821846f32cd08b7f9dd84710f2fa08a1,444,69,0,0,230.06610226741384,238.69413634427184,230.06610226741384,230.06610226741384,False,100,15,0.15,230.06610226741384,230.06610226741384,0.0,14.07766990291262,14.07766990291262,37.89473684210527,36.0,0.3714940668824163,3.7212499999999995,3.7212499999999995,5.0,0.7442499999999999,0,0,0,0,4202.906579560919,42.02906579560919,7423.954464974208,452.66991823565087,50.29766494719369,167.76871915897868
06ac6393eee7a87a46f65b36cf9d1863821846f32cd08b7f9dd84710f2fa08a1,445,42,0,0,230.06610226741384,232.25400267905223,230.06610226741384,230.06610226741384,False,100,15,0.15,230.06610226741384,230.06610226741384,0.0,14.07766990291262,14.07766990291262,37.89473684210527,36.0,0.3714940668824163,3.7212499999999995,3.7212499999999995,5.0,0.7442499999999999,0,0,0,0,4202.906579560919,42.02906579560919,7423.954464974208,452.66991823565087,50.29766494719369,167.76871915897868
06ac6393eee7a87a46f65b36cf9d1863821846f32cd08b7f9dd84710f2fa08a1,446,68,0,0,230.06610226741384,230.38525899827246,230.06610226741384,230.06610226741384,False,100,15,0.15,230.06610226741384,230.06610226741384,0.0,14.07766990291262,14.07766990291262,37.89473684210527,36.0,0.3714940668824163,3.7212499999999995,3.7212499999999995,5.0,0.7442499999999999,0,0,0,0,4202.906579560919,42.02906579560919,7423.954464974208,452.66991823565087,50.29766494719369,167.76871915897868
06ac6393eee7a87a46f65b36cf9d1863821846f32cd08b7f9dd84710f2fa08a1,447,79,0,0,230.06610226741384,230.6111569800417,230.06610226741384,230.06610226741384,False,100,15,0.15,230.06610226741384,230.06610226741384,0.0,14.07766990291262,14.07766990291262,37.89473684210527,36.0,0.3714940668824163,3.7212499999999995,3.7212499999999995,5.0,0.7442499999999999,0,0,0,0,4202.906579560919,42.02906579560919,7423.954464974208,452.66991823565087,50.29766494719369,167.76871915897868
06ac6393eee7a87a46f65b36cf9d1863821846f32cd08b7f9dd84710f2fa08a1,448,69,0,0,230.06610226741384,238.69413634427184,230.06610226741384,230.06610226741384,False,100,15,0.15,230.06610226741384,230.06610226741384,0.0,14.07766990291262,14.07766990291262,37.89473684210527,36.0,0.3714940668824163,3.7212499999999995,3.7212499999999995,5.0,0.7442499999999999,0,0,0,0,4202.906579560919,42.02906579560919,7423.954464974208,452.66991823565087,50.29766494719369,167.76871915897868
06ac6393eee7a87a46f65b36cf9d1863821846f32cd08b7f9dd84710f2fa08a1,449,1,0,0,230.06610226741384,230.2759025102016,230.06610226741384,230.06610226741384,False,100,15,0.15,230.06610226741384,230.06610226741384,0.0,14.07766990291262,14.07766990291262,37.89473684210527,36.0,0.3714940668824163,3.7212499999999995,3.7212499999999995,5.0,0.7442499999999999,0,0,0,0,4202.906579560919,42.02906579560919,7423.954464974208,452.66991823565087,50.29766494719369,167.76871915897868
06ac6393eee7a87a46f65b36cf9d1863821846f32cd08b7f9dd84710f2fa08a1,450,9,1,1,230.56684348990936,230.06610226741384,230.06610226741384,230.06610226741384,False,100,15,0.15,230.06610226741384,230.06610226741384,0.0,14.07766990291262,14.07766990291262,37.89473684210527,36.0,0.3714940668824163,3.7212499999999995,3.7212499999999995,5.0,0.7442499999999999,0,0,0,0,4202.906579560919,42.02906579560919,7423.954464974208,452.66991823565087,50.29766494719369,167.76871915897868
06ac6393eee7a87a46f65b36cf9d1863821846f32cd08b7f9dd84710f2fa08a1,451,28,0,0,230.06610226741384,230.68890472019106,230.06610226741384,230.06610226741384,False,100,15,0.15,230.06610226741384,230.06610226741384,0.0,14.07766990291262,14.07766990291262,37.89473684210527,36.0,0.3714940668824163,3.7212499999999995,3.7212499999999995,5.0,0.7442499999999999,0,0,0,0,4202.906579560919,42.02906579560919,7423.954464974208,452.66991823565087,50.29766494719369,167.76871915897868
06ac6393eee7a87a46f65b36cf9d1863821846f32cd08b7f9dd84710f2fa08a1,452,29,0,0,230.06610226741384,259.87109721140894,230.06610226741384,230.06610226741384,False,100,15,0.15,230.06610226741384,230.06610226741384,0.0,14.07766990291262,14.07766990291262,37.89473684210527,36.0,0.3714940668824163,3.7212499999999995,3.7212499999999995,5.0,0.7442499999999999,0,0,0,0,4202.906579560919,42.02906579560919,7423.954464974208,452.66991823565087,50.29766494719369,167.76871915897868
06ac6393eee7a87a46f65b36cf9d1863821846f32cd08b7f9dd84710f2fa08a1,453,94,0,0,230.06610226741384,230.39248027023717,230.06610226741384,230.06610226741384,False,100,15,0.15,230.06610226741384,230.06610226741384,0.0,14.07766990291262,14.07766990291262,37.89473684210527,36.0,0.3714940668824163,3.7212499999999995,3.7212499999999995,5.0,0.7442499999999999,0,0,0,0,4202.906579560919,42.02906579560919,7423.954464974208,452.66991823565087,50.29766494719369,167.76871915897868
06ac6393eee7a87a46f65b36cf9d1863821846f32cd08b7f9dd84710f2fa08a1,454,3,1,1,230.18907209933505,230.06610226741384,230.06610226741384,230.06610226741384,False,100,15,0.15,230.06610226741384,230.06610226741384,0.0,14.07766990291262,14.07766990291262,37.89473684210527,36.0,0.3714940668824163,3.7212499999999995,3.7212499999999995,5.0,0.7442499999999999,0,0,0,0,4202.906579560919,42.02906579560919,7423.954464974208,452.66991823565087,50.29766494719369,167.76871915897868
06ac6393eee7a87a46f65b36cf9d1863821846f32cd08b7f9dd84710f2fa08a1,455,79,0,0,230.06610226741384,230.6111569800417,230.06610226741384,230.06610226741384,False,100,15,0.15,230.06610226741384,230.06610226741384,0.0,14.07766990291262,14.07766990291262,37.89473684210527,36.0,0.3714940668824163,3.7212499999999995,3.7212499999999995,5.0,0.7442499999999999,0,0,0,0,4202.906579560919,42.02906579560919,7423.954464974208,452.66991823565087,50.29766494719369,167.76871915897868
06ac6393eee7a87a46f65b36cf9d1863821846f32cd08b7f9dd84710f2fa08a1,456,92,0,0,230.06610226741384,230.9445460402807,230.06610226741384,230.06610226741384,False,100,15,0.15,230.06610226741384,230.06610226741384,0.0,14.07766990291262,14.07766990291262,37.89473684210527,36.0,0.3714940668824163,3.7212499999999995,3.7212499999999995,5.0,0.7442499999999999,0,0,0,0,4202.906579560919,42.02906579560919,7423.954464974208,452.66991823565087,50.29766494719369,167.76871915897868
06ac6393eee7a87a46f65b36cf9d1863821846f32cd08b7f9dd84710f2fa08a1,457,50,1,1,230.89755183593368,230.06610226741384,230.06610226741384,230.06610226741384,False,100,15,0.15,230.06610226741384,230.06610226741384,0.0,14.07766990291262,14.07766990291262,37.89473684210527,36.0,0.3714940668824163,3.7212499999999995,3.7212499999999995,5.0,0.7442499999999999,0,0,0,0,4202.906579560919,42.02906579560919,7423.954464974208,452.66991823565087,50.29766494719369,167.76871915897868
06ac6393eee7a87a46f65b36cf9d1863821846f32cd08b7f9dd84710f2fa08a1,458,59,0,0,230.06610226741384,230.5149266204659,230.06610226741384,230.06610226741384,False,100,15,0.15,230.06610226741384,230.06610226741384,0.0,14.07766990291262,14.07766990291262,37.89473684210527,36.0,0.3714940668824163,3.7212499999999995,3.7212499999999995,5.0,0.7442499999999999,0,0,0,0,4202.906579560919,42.02906579560919,7423.954464974208,452.66991823565087,50.29766494719369,167.76871915897868
06ac6393eee7a87a46f65b36cf9d1863821846f32cd08b7f9dd84710f2fa08a1,459,14,0,0,230.06610226741384,230.57171720591595,230.06610226741384,230.06610226741384,False,100,15,0.15,230.06610226741384,230.06610226741384,0.0,14.07766990291262,14.07766990291262,37.89473684210527,36.0,0.3714940668824163,3.7212499999999995,3.7212499999999995,5.0,0.7442499999999999,0,0,0,0,4202.906579560919,42.02906579560919,7423.954464974208,452.66991823565087,50.29766494719369,167.76871915897868
06ac6393eee7a87a46f65b36cf9d1863821846f32cd08b7f9dd84710f2fa08a1,460,17,0,0,230.06610226741384,239.1728368624196,230.06610226741384,230.06610226741384,False,100,15,0.15,230.06610226741384,230.06610226741384,0.0,14.07766990291262,14.07766990291262,37.89473684210527,36.0,0.3714940668824163,3.7212499999999995,3.7212499999999995,5.0,0.7442499999999999,0,0,0,0,4202.906579560919,42.02906579560919,7423.954464974208,452.66991823565087,50.29766494719369,167.76871915897868
06ac6393eee7a87a46f65b36cf9d1863821846f32cd08b7f9dd84710f2fa08a1,461,98,0,0,230.06610226741384,231.03906214601815,230.06610226741384,230.06610226741384,False,100,15,0.15,230.06610226741384,230.06610226741384,0.0,14.07766990291262,14.07766990291262,37.89473684210527,36.0,0.3714940668824163,3.7212499999999995,3.7212499999999995,5.0,0.7442499999999999,0,0,0,0,4202.906579560919,42.02906579560919,7423.954464974208,452.66991823565087,50.29766494719369,167.76871915897868
06ac6393eee7a87a46f65b36cf9d1863821846f32cd08b7f9dd84710f2fa08a1,462,41,0,0,230.06610226741384,231.9190357547715,230.06610226741384,230.06610226741384,False,100,15,0.15,230.06610226741384,230.06610226741384,0.0,14.07766990291262,14.07766990291262,37.89473684210527,36.0,0.3714940668824163,3.7212499999999995,3.7212499999999995,5.0,0.7442499999999999,0,0,0,0,4202.906579560919,42.02906579560919,7423.954464974208,452.66991823565087,50.29766494719369,167.76871915897868
06ac6393eee7a87a46f65b36cf9d1863821846f32cd08b7f9dd84710f2fa08a1,463,64,0,0,230.06610226741384,233.00567963658523,230.06610226741384,230.06610226741384,False,100,15,0.15,230.06610226741384,230.06610226741384,0.0,14.07766990291262,14.07766990291262,37.89473684210527,36.0,0.3714940668824163,3.7212499999999995,3.7212499999999995,5.0,0.7442499999999999,0,0,0,0,4202.906579560919,42.02906579560919,7423.954464974208,452.66991823565087,50.29766494719369,167.76871915897868
06ac6393eee7a87a46f65b36cf9d1863821846f32cd08b7f9dd84710f2fa08a1,464,62,0,0,230.06610226741384,232.97738641178887,230.06610226741384,230.06610226741384,False,100,15,0.15,230.06610226741384,230.06610226741384,0.0,14.07766990291262,14.07766990291262,37.89473684210527,36.0,0.3714940668824163,3.7212499999999995,3.7212499999999995,5.0,0.7442499999999999,0,0,0,0,4202.906579560919,42.02906579560919,7423.954464974208,452.66991823565087,50.29766494719369,167.76871915897868
06ac6393eee7a87a46f65b36cf9d1863821846f32cd08b7f9dd84710f2fa08a1,465,74,0,0,230.06610226741384,235.6265547592733,230.06610226741384,230.06610226741384,False,100,15,0.15,230.06610226741384,230.06610226741384,0.0,14.07766990291262,14.07766990291262,37.89473684210527,36.0,0.3714940668824163,3.7212499999999995,3.7212499999999995,5.0,0.7442499999999999,0,0,0,0,4202.906579560919,42.02906579560919,7423.954464974208,452.66991823565087,50.29766494719369,167.76871915897868
06ac6393eee7a87a46f65b36cf9d1863821846f32cd08b7f9dd84710f2fa08a1,466,29,0,0,230.06610226741384,259.87109721140894,230.06610226741384,230.06610226741384,False,100,15,0.15,230.06610226741384,230.06610226741384,0.0,14.07766990291262,14.07766990291262,37.89473684210527,36.0,0.3714940668824163,3.7212499999999995,3.7212499999999995,5.0,0.7442499999999999,0,0,0,0,4202.906579560919,42.02906579560919,7423.954464974208,452.66991823565087,50.29766494719369,167.76871915897868
06ac6393eee7a87a46f65b36cf9d1863821846f32cd08b7f9dd84710f2fa08a1,467,14,0,0,230.06610226741384,230.57171720591595,230.06610226741384,230.06610226741384,False,100,15,0.15,230.06610226741384,230.06610226741384,0.0,14.07766990291262,14.07766990291262,37.89473684210527,36.0,0.3714940668824163,3.7212499999999995,3.7212499999999995,5.0,0.7442499999999999,0,0,0,0,4202.906579560919,42.02906579560919,7423.954464974208,452.66991823565087,50.29766494719369,167.76871915897868
06ac6393eee7a87a46f65b36cf9d1863821846f32cd08b7f9dd84710f2fa08a1,468,13,0,0,230.06610226741384,232.70703652985557,230.06610226741384,230.06610226741384,False,100,15,0.15,230.06610226741384,230.06610226741384,0.0,14.07766990291262,14.07766990291262,37.89473684210527,36.0,0.3714940668824163,3.7212499999999995,3.7212499999999995,5.0,0.7442499999999999,0,0,0,0,4202.906579560919,42.02906579560919,7423.954464974208,452.66991823565087,50.29766494719369,167.76871915897868
06ac6393eee7a87a46f65b36cf9d1863821846f32cd08b7f9dd84710f2fa08a1,469,24,0,0,230.06610226741384,233.43968983541467,230.06610226741384,230.06610226741384,False,100,15,0.15,230.06610226741384,230.06610226741384,0.0,14.07766990291262,14.07766990291262,37.89473684210527,36.0,0.3714940668824163,3.7212499999999995,3.7212499999999995,5.0,0.7442499999999999,0,0,0,0,4202.906579560919,42.02906579560919,7423.954464974208,452.66991823565087,50.29766494719369,167.76871915897868
06ac6393eee7a87a46f65b36cf9d1863821846f32cd08b7f9dd84710f2fa08a1,470,78,1,1,230.0973455363133,230.06610226741384,230.06610226741384,230.06610226741384,False,100,15,0.15,230.06610226741384,230.06610226741384,0.0,14.07766990291262,14.07766990291262,37.89473684210527,36.0,0.3714940668824163,3.7212499999999995,3.7212499999999995,5.0,0.7442499999999999,0,0,0,0,4202.906579560919,42.02906579560919,7423.954464974208,452.66991823565087,50.29766494719369,167.76871915897868
06ac6393eee7a87a46f65b36cf9d1863821846f32cd08b7f9dd84710f2fa08a1,471,71,1,1,230.5253430092199,230.06610226741384,230.06610226741384,230.06610226741384,False,100,15,0.15,230.06610226741384,230.06610226741384,0.0,14.07766990291262,14.07766990291262,37.89473684210527,36.0,0.3714940668824163,3.7212499999999995,3.7212499999999995,5.0,0.7442499999999999,0,0,0,0,4202.906579560919,42.02906579560919,7423.954464974208,452.66991823565087,50.29766494719369,167.76871915897868
06ac6393eee7a87a46f65b36cf9d1863821846f32cd08b7f9dd84710f2fa08a1,472,25,0,0,230.06610226741384,231.0856648875869,230.06610226741384,230.06610226741384,False,100,15,0.15,230.06610226741384,230.06610226741384,0.0,14.07766990291262,14.07766990291262,37.89473684210527,36.0,0.3714940668824163,3.7212499999999995,3.7212499999999995,5.0,0.7442499999999999,0,0,0,0,4202.906579560919,42.02906579560919,7423.954464974208,452.66991823565087,50.29766494719369,167.76871915897868
06ac6393eee7a87a46f65b36cf9d1863821846f32cd08b7f9dd84710f2fa08a1,473,56,0,0,230.06610226741384,231.81669371784204,230.06610226741384,230.06610226741384,False,100,15,0.15,230.06610226741384,230.06610226741384,0.0,14.07766990291262,14.07766990291262,37.89473684210527,36.0,0.3714940668824163,3.7212499999999995,3.7212499999999995,5.0,0.7442499999999999,0,0,0,0,4202.906579560919,42.02906579560919,7423.954464974208,452.66991823565087,50.29766494719369,167.76871915897868
06ac6393eee7a87a46f65b36cf9d1863821846f32cd08b7f9dd84710f2fa08a1,474,23,0,0,230.06610226741384,233.79243812733318,230.06610226741384,230.06610226741384,False,100,15,0.15,230.06610226741384,230.06610226741384,0.0,14.07766990291262,14.07766990291262,37.89473684210527,36.0,0.3714940668824163,3.7212499999999995,3.7212499999999995,5.0,0.7442499999999999,0,0,0,0,4202.906579560919,42.02906579560919,7423.954464974208,452.66991823565087,50.29766494719369,167.76871915897868
06ac6393eee7a87a46f65b36cf9d1863821846f32cd08b7f9dd84710f2fa08a1,475,39,0,0,230.06610226741384,230.67103545698745,230.06610226741384,230.06610226741384,False,100,15,0.15,230.06610226741384,230.06610226741384,0.0,14.07766990291262,14.07766990291262,37.89473684210527,36.0,0.3714940668824163,3.7212499999999995,3.7212499999999995,5.0,0.7442499999999999,0,0,0,0,4202.906579560919,42.02906579560919,7423.954464974208,452.66991823565087,50.29766494719369,167.76871915897868
06ac6393eee7a87a46f65b36cf9d1863821846f32cd08b7f9dd84710f2fa08a1,476,19,0,0,230.06610226741384,232.73508912128077,230.06610226741384,230.06610226741384,False,100,15,0.15,230.06610226741384,230.06610226741384,0.0,14.07766990291262,14.07766990291262,37.89473684210527,36.0,0.3714940668824163,3.7212499999999995,3.7212499999999995,5.0,0.7442499999999999,0,0,0,0,4202.906579560919,42.02906579560919,7423.954464974208,452.66991823565087,50.29766494719369,167.76871915897868
06ac6393eee7a87a46f65b36cf9d1863821846f32cd08b7f9dd84710f2fa08a1,477,2,1,1,230.114482421361,230.06610226741384,230.06610226741384,230.06610226741384,False,100,15,0.15,230.06610226741384,230.06610226741384,0.0,14.07766990291262,14.07766990291262,37.89473684210527,36.0,0.3714940668824163,3.7212499999999995,3.7212499999999995,5.0,0.7442499999999999,0,0,0,0,4202.906579560919,42.02906579560919,7423.954464974208,452.66991823565087,50.29766494719369,167.76871915897868
06ac6393eee7a87a46f65b36cf9d1863821846f32cd08b7f9dd84710f2fa08a1,478,2,1,1,230.114482421361,230.06610226741384,230.06610226741384,230.06610226741384,False,100,15,0.15,230.06610226741384,230.06610226741384,0.0,14.07766990291262,14.07766990291262,37.89473684210527,36.0,0.3714940668824163,3.7212499999999995,3.7212499999999995,5.0,0.7442499999999999,0,0,0,0,4202.906579560919,42.02906579560919,7423.954464974208,452.66991823565087,50.29766494719369,167.76871915897868
06ac6393eee7a87a46f65b36cf9d1863821846f32cd08b7f9dd84710f2fa08a1,479,39,0,0,230.06610226741384,230.67103545698745,230.06610226741384,230.06610226741384,False,100,15,0.15,230.06610226741384,230.06610226741384,0.0,14.07766990291262,14.07766990291262,37.89473684210527,36.0,0.3714940668824163,3.7212499999999995,3.7212499999999995,5.0,0.7442499999999999,0,0,0,0,4202.906579560919,42.02906579560919,7423.954464974208,452.66991823565087,50.29766494719369,167.76871915897868
06ac6393eee7a87a46f65b36cf9d1863821846f32cd08b7f9dd84710f2fa08a1,480,41,0,0,230.06610226741384,231.9190357547715,230.06610226741384,230.06610226741384,False,100,15,0.15,230.06610226741384,230.06610226741384,0.0,14.07766990291262,14.07766990291262,37.89473684210527,36.0,0.3714940668824163,3.7212499999999995,3.7212499999999995,5.0,0.7442499999999999,0,0,0,0,4202.906579560919,42.02906579560919,7423.954464974208,452.66991823565087,50.29766494719369,167.76871915897868
06ac6393eee7a87a46f65b36cf9d1863821846f32cd08b7f9dd84710f2fa08a1,481,91,1,1,230.33639640662176,230.06610226741384,230.06610226741384,230.06610226741384,False,100,15,0.15,230.06610226741384,230.06610226741384,0.0,14.07766990291262,14.07766990291262,37.89473684210527,36.0,0.3714940668824163,3.7212499999999995,3.7212499999999995,5.0,0.7442499999999999,0,0,0,0,4202.906579560919,42.02906579560919,7423.954464974208,452.66991823565087,50.29766494719369,167.76871915897868
06ac6393eee7a87a46f65b36cf9d1863821846f32cd08b7f9dd84710f2fa08a1,482,5,0,0,230.06610226741384,230.10386558747086,230.06610226741384,230.06610226741384,False,100,15,0.15,230.06610226741384,230.06610226741384,0.0,14.07766990291262,14.07766990291262,37.89473684210527,36.0,0.3714940668824163,3.7212499999999995,3.7212499999999995,5.0,0.7442499999999999,0,0,0,0,4202.906579560919,42.02906579560919,7423.954464974208,452.66991823565087,50.29766494719369,167.76871915897868
06ac6393eee7a87a46f65b36cf9d1863821846f32cd08b7f9dd84710f2fa08a1,483,88,0,0,230.06610226741384,233.55741106602693,230.06610226741384,230.06610226741384,False,100,15,0.15,230.06610226741384,230.06610226741384,0.0,14.07766990291262,14.07766990291262,37.89473684210527,36.0,0.3714940668824163,3.7212499999999995,3.7212499999999995,5.0,0.7442499999999999,0,0,0,0,4202.906579560919,42.02906579560919,7423.954464974208,452.66991823565087,50.29766494719369,167.76871915897868
06ac6393eee7a87a46f65b36cf9d1863821846f32cd08b7f9dd84710f2fa08a1,484,37,0,0,230.06610226741384,232.83795161994985,230.06610226741384,230.06610226741384,False,100,15,0.15,230.06610226741384,230.06610226741384,0.0,14.07766990291262,14.07766990291262,37.89473684210527,36.0,0.3714940668824163,3.7212499999999995,3.7212499999999995,5.0,0.7442499999999999,0,0,0,0,4202.906579560919,42.02906579560919,7423.954464974208,452.66991823565087,50.29766494719369,167.76871915897868
06ac6393eee7a87a46f65b36cf9d1863821846f32cd08b7f9dd84710f2fa08a1,485,78,1,1,230.0973455363133,230.06610226741384,230.06610226741384,230.06610226741384,False,100,15,0.15,230.06610226741384,230.06610226741384,0.0,14.07766990291262,14.07766990291262,37.89473684210527,36.0,0.3714940668824163,3.7212499999999995,3.7212499999999995,5.0,0.7442499999999999,0,0,0,0,4202.906579560919,42.02906579560919,7423.954464974208,452.66991823565087,50.29766494719369,167.76871915897868
06ac6393eee7a87a46f65b36cf9d1863821846f32cd08b7f9dd84710f2fa08a1,486,11,0,0,230.06610226741384,233.41501713072765,230.06610226741384,230.06610226741384,False,100,15,0.15,230.06610226741384,230.06610226741384,0.0,14.07766990291262,14.07766990291262,37.89473684210527,36.0,0.3714940668824163,3.7212499999999995,3.7212499999999995,5.0,0.7442499999999999,0,0,0,0,4202.906579560919,42.02906579560919,7423.954464974208,452.66991823565087,50.29766494719369,167.76871915897868
06ac6393eee7a87a46f65b36cf9d1863821846f32cd08b7f9dd84710f2fa08a1,487,55,0,0,230.06610226741384,230.69678620335418,230.06610226741384,230.06610226741384,False,100,15,0.15,230.06610226741384,230.06610226741384,0.0,14.07766990291262,14.07766990291262,37.89473684210527,36.0,0.3714940668824163,3.7212499999999995,3.7212499999999995,5.0,0.7442499999999999,0,0,0,0,4202.906579560919,42.02906579560919,7423.954464974208,452.66991823565087,50.29766494719369,167.76871915897868
06ac6393eee7a87a46f65b36cf9d1863821846f32cd08b7f9dd84710f2fa08a1,488,98,0,0,230.06610226741384,231.03906214601815,230.06610226741384,230.06610226741384,False,100,15,0.15,230.06610226741384,230.06610226741384,0.0,14.07766990291262,14.07766990291262,37.89473684210527,36.0,0.3714940668824163,3.7212499999999995,3.7212499999999995,5.0,0.7442499999999999,0,0,0,0,4202.906579560919,42.02906579560919,7423.954464974208,452.66991823565087,50.29766494719369,167.76871915897868
06ac6393eee7a87a46f65b36cf9d1863821846f32cd08b7f9dd84710f2fa08a1,489,28,0,0,230.06610226741384,230.68890472019106,230.06610226741384,230.06610226741384,False,100,15,0.15,230.06610226741384,230.06610226741384,0.0,14.07766990291262,14.07766990291262,37.89473684210527,36.0,0.3714940668824163,3.7212499999999995,3.7212499999999995,5.0,0.7442499999999999,0,0,0,0,4202.906579560919,42.02906579560919,7423.954464974208,452.66991823565087,50.29766494719369,167.76871915897868
06ac6393eee7a87a46f65b36cf9d1863821846f32cd08b7f9dd84710f2fa08a1,490,61,0,0,230.06610226741384,235.9286483680819,230.06610226741384,230.06610226741384,False,100,15,0.15,230.06610226741384,230.06610226741384,0.0,14.07766990291262,14.07766990291262,37.89473684210527,36.0,0.3714940668824163,3.7212499999999995,3.7212499999999995,5.0,0.7442499999999999,0,0,0,0,4202.906579560919,42.02906579560919,7423.954464974208,452.66991823565087,50.29766494719369,167.76871915897868
06ac6393eee7a87a46f65b36cf9d1863821846f32cd08b7f9dd84710f2fa08a1,491,94,0,0,230.06610226741384,230.39248027023717,230.06610226741384,230.06610226741384,False,100,15,0.15,230.06610226741384,230.06610226741384,0.0,14.07766990291262,14.07766990291262,37.89473684210527,36.0,0.3714940668824163,3.7212499999999995,3.7212499999999995,5.0,0.7442499999999999,0,0,0,0,4202.906579560919,42.02906579560919,7423.954464974208,452.66991823565087,50.29766494719369,167.76871915897868
06ac6393eee7a87a46f65b36cf9d1863821846f32cd08b7f9dd84710f2fa08a1,492,28,0,0,230.06610226741384,230.68890472019106,230.06610226741384,230.06610226741384,False,100,15,0.15,230.06610226741384,230.06610226741384,0.0,14.07766990291262,14.07766990291262,37.89473684210527,36.0,0.3714940668824163,3.7212499999999995,3.7212499999999995,5.0,0.7442499999999999,0,0,0,0,4202.906579560919,42.02906579560919,7423.954464974208,452.66991823565087,50.29766494719369,167.76871915897868
06ac6393eee7a87a46f65b36cf9d1863821846f32cd08b7f9dd84710f2fa08a1,493,4,0,0,230.06610226741384,230.4304383856351,230.06610226741384,230.06610226741384,False,100,15,0.15,230.06610226741384,230.06610226741384,0.0,14.07766990291262,14.07766990291262,37.89473684210527,36.0,0.3714940668824163,3.7212499999999995,3.7212499999999995,5.0,0.7442499999999999,0,0,0,0,4202.906579560919,42.02906579560919,7423.954464974208,452.66991823565087,50.29766494719369,167.76871915897868
06ac6393eee7a87a46f65b36cf9d1863821846f32cd08b7f9dd84710f2fa08a1,494,76,0,0,230.06610226741384,234.24014317783755,230.06610226741384,230.06610226741384,False,100,15,0.15,230.06610226741384,230.06610226741384,0.0,14.07766990291262,14.07766990291262,37.89473684210527,36.0,0.3714940668824163,3.7212499999999995,3.7212499999999995,5.0,0.7442499999999999,0,0,0,0,4202.906579560919,42.02906579560919,7423.954464974208,452.66991823565087,50.29766494719369,167.76871915897868
06ac6393eee7a87a46f65b36cf9d1863821846f32cd08b7f9dd84710f2fa08a1,495,87,0,0,230.06610226741384,232.13854751283964,230.06610226741384,230.06610226741384,False,100,15,0.15,230.06610226741384,230.06610226741384,0.0,14.07766990291262,14.07766990291262,37.89473684210527,36.0,0.3714940668824163,3.7212499999999995,3.7212499999999995,5.0,0.7442499999999999,0,0,0,0,4202.906579560919,42.02906579560919,7423.954464974208,452.66991823565087,50.29766494719369,167.76871915897868
06ac6393eee7a87a46f65b36cf9d1863821846f32cd08b7f9dd84710f2fa08a1,496,72,0,0,230.06610226741384,230.35500946246148,230.06610226741384,230.06610226741384,False,100,15,0.15,230.06610226741384,230.06610226741384,0.0,14.07766990291262,14.07766990291262,37.89473684210527,36.0,0.3714940668824163,3.7212499999999995,3.7212499999999995,5.0,0.7442499999999999,0,0,0,0,4202.906579560919,42.02906579560919,7423.954464974208,452.66991823565087,50.29766494719369,167.76871915897868
06ac6393eee7a87a46f65b36cf9d1863821846f32cd08b7f9dd84710f2fa08a1,497,40,0,0,230.06610226741384,230.56270809743071,230.06610226741384,230.06610226741384,False,100,15,0.15,230.06610226741384,230.06610226741384,0.0,14.07766990291262,14.07766990291262,37.89473684210527,36.0,0.3714940668824163,3.7212499999999995,3.7212499999999995,5.0,0.7442499999999999,0,0,0,0,4202.906579560919,42.02906579560919,7423.954464974208,452.66991823565087,50.29766494719369,167.76871915897868
06ac6393eee7a87a46f65b36cf9d1863821846f32cd08b7f9dd84710f2fa08a1,498,77,0,0,230.06610226741384,230.43643950969482,230.06610226741384,230.06610226741384,False,100,15,0.15,230.06610226741384,230.06610226741384,0.0,14.07766990291262,14.07766990291262,37.89473684210527,36.0,0.3714940668824163,3.7212499999999995,3.7212499999999995,5.0,0.7442499999999999,0,0,0,0,4202.906579560919,42.02906579560919,7423.954464974208,452.66991823565087,50.29766494719369,167.76871915897868
06ac6393eee7a87a46f65b36cf9d1863821846f32cd08b7f9dd84710f2fa08a1,499,6,0,0,230.06610226741384,233.38272914376037,230.06610226741384,230.06610226741384,False,100,15,0.15,230.06610226741384,230.06610226741384,0.0,14.07766990291262,14.07766990291262,37.89473684210527,36.0,0.3714940668824163,3.7212499999999995,3.7212499999999995,5.0,0.7442499999999999,0,0,0,0,4202.906579560919,42.02906579560919,7423.954464974208,452.66991823565087,50.29766494719369,167.76871915897868
06ac6393eee7a87a46f65b36cf9d1863821846f32cd08b7f9dd84710f2fa08a1,500,69,0,0,230.06610226741384,238.69413634427184,230.06610226741384,230.06610226741384,False,100,15,0.15,230.06610226741384,230.06610226741384,0.0,14.07766990291262,14.07766990291262,37.89473684210527,36.0,0.3714940668824163,3.7212499999999995,3.7212499999999995,5.0,0.7442499999999999,0,0,0,0,4202.906579560919,42.02906579560919,7423.954464974208,452.66991823565087,50.29766494719369,167.76871915897868
06ac6393eee7a87a46f65b36cf9d1863821846f32cd08b7f9dd84710f2fa08a1,501,6,0,0,230.06610226741384,233.38272914376037,230.06610226741384,230.06610226741384,False,100,15,0.15,230.06610226741384,230.06610226741384,0.0,14.07766990291262,14.07766990291262,37.89473684210527,36.0,0.3714940668824163,3.7212499999999995,3.7212499999999995,5.0,0.7442499999999999,0,0,0,0,4202.906579560919,42.02906579560919,7423.954464974208,452.66991823565087,50.29766494719369,167.76871915897868
06ac6393eee7a87a46f65b36cf9d1863821846f32cd08b7f9dd84710f2fa08a1,502,44,0,0,230.06610226741384,230.60758014578084,230.06610226741384,230.06610226741384,False,100,15,0.15,230.06610226741384,230.06610226741384,0.0,14.07766990291262,14.07766990291262,37.89473684210527,36.0,0.3714940668824163,3.7212499999999995,3.7212499999999995,5.0,0.7442499999999999,0,0,0,0,4202.906579560919,42.02906579560919,7423.954464974208,452.66991823565087,50.29766494719369,167.76871915897868
06ac6393eee7a87a46f65b36cf9d1863821846f32cd08b7f9dd84710f2fa08a1,503,94,0,0,230.06610226741384,230.39248027023717,230.06610226741384,230.06610226741384,False,100,15,0.15,230.06610226741384,230.06610226741384,0.0,14.07766990291262,14.07766990291262,37.89473684210527,36.0,0.3714940668824163,3.7212499999999995,3.7212499999999995,5.0,0.7442499999999999,0,0,0,0,4202.906579560919,42.02906579560919,7423.954464974208,452.66991823565087,50.29766494719369,167.76871915897868
