config_hash,task_pool_id,wireless_index,factor,value,distance_layer,n_users,mean_distance_m,offload_rate,mean_end_to_end_delay_seconds,mean_service_quality
06ac6393eee7a87a46f65b36cf9d1863821846f32cd08b7f9dd84710f2fa08a1,1,0,bandwidth_mhz,10.0,near,34,192.37824117460568,0.23529411764705882,39.46430085093295,0.028747451688458325
06ac6393eee7a87a46f65b36cf9d1863821846f32cd08b7f9dd84710f2fa08a1,1,0,bandwidth_mhz,10.0,middle,32,363.06749667333537,0.0625,43.39640814762761,0.02768926664449252
06ac6393eee7a87a46f65b36cf9d1863821846f32cd08b7f9dd84710f2fa08a1,1,0,bandwidth_mhz,10.0,far,34,462.8383223737926,0.029411764705882353,45.61641209383176,0.024892533389948082
06ac6393eee7a87a46f65b36cf9d1863821846f32cd08b7f9dd84710f2fa08a1,1,0,bandwidth_mhz,20.0,near,34,192.37824117460568,0.3235294117647059,38.05071366675801,0.03049597762638284
06ac6393eee7a87a46f65b36cf9d1863821846f32cd08b7f9dd84710f2fa08a1,1,0,bandwidth_mhz,20.0,middle,32,363.06749667333537,0.09375,42.73737202291285,0.028154745578123072
06ac6393eee7a87a46f65b36cf9d1863821846f32cd08b7f9dd84710f2fa08a1,1,0,bandwidth_mhz,20.0,far,34,462.8383223737926,0.029411764705882353,45.61030492541294,0.024895515506434675
06ac6393eee7a87a46f65b36cf9d1863821846f32cd08b7f9dd84710f2fa08a1,1,0,bandwidth_mhz,40.0,near,34,192.37824117460568,0.3235294117647059,36.37971106253072,0.02971972297641141
06ac6393eee7a87a46f65b36cf9d1863821846f32cd08b7f9dd84710f2fa08a1,1,0,bandwidth_mhz,40.0,middle,32,363.06749667333537,0.125,41.20274191697407,0.028370758503244616
06ac6393eee7a87a46f65b36cf9d1863821846f32cd08b7f9dd84710f2fa08a1,1,0,bandwidth_mhz,40.0,far,34,462.8383223737926,0.058823529411764705,44.91720549270708,0.02529289140438539
06ac6393eee7a87a46f65b36cf9d1863821846f32cd08b7f9dd84710f2fa08a1,1,0,image_payload_mb,0.1,near,34,192.37824117460568,0.2647058823529412,37.24040831946144,0.028632535581230908
06ac6393eee7a87a46f65b36cf9d1863821846f32cd08b7f9dd84710f2fa08a1,1,0,image_payload_mb,0.1,middle,32,363.06749667333537,0.21875,38.13268027793998,0.02940711573782155
06ac6393eee7a87a46f65b36cf9d1863821846f32cd08b7f9dd84710f2fa08a1,1,0,image_payload_mb,0.1,far,34,462.8383223737926,0.11764705882352941,43.296797160326314,0.026127279023664067
06ac6393eee7a87a46f65b36cf9d1863821846f32cd08b7f9dd84710f2fa08a1,1,0,image_payload_mb,0.5,near,34,192.37824117460568,0.3235294117647059,38.05071366675801,0.03049597762638284
06ac6393eee7a87a46f65b36cf9d1863821846f32cd08b7f9dd84710f2fa08a1,1,0,image_payload_mb,0.5,middle,32,363.06749667333537,0.09375,42.73737202291285,0.028154745578123072
06ac6393eee7a87a46f65b36cf9d1863821846f32cd08b7f9dd84710f2fa08a1,1,0,image_payload_mb,0.5,far,34,462.8383223737926,0.029411764705882353,45.61030492541294,0.024895515506434675
06ac6393eee7a87a46f65b36cf9d1863821846f32cd08b7f9dd84710f2fa08a1,1,0,image_payload_mb,1.0,near,34,192.37824117460568,0.2647058823529412,39.05180335469516,0.029380301573306705
06ac6393eee7a87a46f65b36cf9d1863821846f32cd08b7f9dd84710f2fa08a1,1,0,image_payload_mb,1.0,middle,32,363.06749667333537,0.03125,43.953642472361,0.027155065244183735
06ac6393eee7a87a46f65b36cf9d1863821846f32cd08b7f9dd84710f2fa08a1,1,0,image_payload_mb,1.0,far,34,462.8383223737926,0.0,46.58823529411765,0.02461924750813817
06ac6393eee7a87a46f65b36cf9d1863821846f32cd08b7f9dd84710f2fa08a1,1,0,uplink_power_w,0.1,near,34,192.37824117460568,0.3235294117647059,38.0528553545784,0.030496202675330677
06ac6393eee7a87a46f65b36cf9d1863821846f32cd08b7f9dd84710f2fa08a1,1,0,uplink_power_w,0.1,middle,32,363.06749667333537,0.09375,42.73740913673461,0.02815470443455194
06ac6393eee7a87a46f65b36cf9d1863821846f32cd08b7f9dd84710f2fa08a1,1,0,uplink_power_w,0.1,far,34,462.8383223737926,0.029411764705882353,45.61039068641252,0.02489547343966057
06ac6393eee7a87a46f65b36cf9d1863821846f32cd08b7f9dd84710f2fa08a1,1,0,uplink_power_w,0.2,near,34,192.37824117460568,0.3235294117647059,38.05071366675801,0.03049597762638284
06ac6393eee7a87a46f65b36cf9d1863821846f32cd08b7f9dd84710f2fa08a1,1,0,uplink_power_w,0.2,middle,32,363.06749667333537,0.09375,42.73737202291285,0.028154745578123072
06ac6393eee7a87a46f65b36cf9d1863821846f32cd08b7f9dd84710f2fa08a1,1,0,uplink_power_w,0.2,far,34,462.8383223737926,0.029411764705882353,45.61030492541294,0.024895515506434675
06ac6393eee7a87a46f65b36cf9d1863821846f32cd08b7f9dd84710f2fa08a1,1,0,uplink_power_w,0.4,near,34,192.37824117460568,0.3235294117647059,38.0486445504691,0.030496685369111282
06ac6393eee7a87a46f65b36cf9d1863821846f32cd08b7f9dd84710f2fa08a1,1,0,uplink_power_w,0.4,middle,32,363.06749667333537,0.09375,42.73734685014011,0.028154773538956398
06ac6393eee7a87a46f65b36cf9d1863821846f32cd08b7f9dd84710f2fa08a1,1,0,uplink_power_w,0.4,far,34,462.8383223737926,0.029411764705882353,45.610259003458566,0.024895538033924535
06ac6393eee7a87a46f65b36cf9d1863821846f32cd08b7f9dd84710f2fa08a1,1,0,downlink_power_w,0.5,near,34,192.37824117460568,0.3235294117647059,38.20521278636201,0.030670656806026535
06ac6393eee7a87a46f65b36cf9d1863821846f32cd08b7f9dd84710f2fa08a1,1,0,downlink_power_w,0.5,middle,32,363.06749667333537,0.09375,42.7403362550491,0.02815145539812134
06ac6393eee7a87a46f65b36cf9d1863821846f32cd08b7f9dd84710f2fa08a1,1,0,downlink_power_w,0.5,far,34,462.8383223737926,0.0,46.58823529411765,0.02461924750813817
06ac6393eee7a87a46f65b36cf9d1863821846f32cd08b7f9dd84710f2fa08a1,1,0,downlink_power_w,1.0,near,34,192.37824117460568,0.3235294117647059,38.05071366675801,0.03049597762638284
06ac6393eee7a87a46f65b36cf9d1863821846f32cd08b7f9dd84710f2fa08a1,1,0,downlink_power_w,1.0,middle,32,363.06749667333537,0.09375,42.73737202291285,0.028154745578123072
06ac6393eee7a87a46f65b36cf9d1863821846f32cd08b7f9dd84710f2fa08a1,1,0,downlink_power_w,1.0,far,34,462.8383223737926,0.029411764705882353,45.61030492541294,0.024895515506434675
06ac6393eee7a87a46f65b36cf9d1863821846f32cd08b7f9dd84710f2fa08a1,1,0,downlink_power_w,2.0,near,34,192.37824117460568,0.29411764705882354,37.530774242106524,0.029586188821292204
06ac6393eee7a87a46f65b36cf9d1863821846f32cd08b7f9dd84710f2fa08a1,1,0,downlink_power_w,2.0,middle,32,363.06749667333537,0.09375,42.73246849170356,0.028160404391273597
06ac6393eee7a87a46f65b36cf9d1863821846f32cd08b7f9dd84710f2fa08a1,1,0,downlink_power_w,2.0,far,34,462.8383223737926,0.058823529411764705,44.91957579124194,0.025290768633196074
06ac6393eee7a87a46f65b36cf9d1863821846f32cd08b7f9dd84710f2fa08a1,1,0,path_loss_exponent,3.0,near,34,192.37824117460568,0.29411764705882354,36.96550201691511,0.029240426097467798
06ac6393eee7a87a46f65b36cf9d1863821846f32cd08b7f9dd84710f2fa08a1,1,0,path_loss_exponent,3.0,middle,32,363.06749667333537,0.125,40.205299682108816,0.028031562749858942
06ac6393eee7a87a46f65b36cf9d1863821846f32cd08b7f9dd84710f2fa08a1,1,0,path_loss_exponent,3.0,far,34,462.8383223737926,0.058823529411764705,44.90527100551437,0.025300548092219804
06ac6393eee7a87a46f65b36cf9d1863821846f32cd08b7f9dd84710f2fa08a1,1,0,path_loss_exponent,3.5,near,34,192.37824117460568,0.3235294117647059,38.05071366675801,0.03049597762638284
06ac6393eee7a87a46f65b36cf9d1863821846f32cd08b7f9dd84710f2fa08a1,1,0,path_loss_exponent,3.5,middle,32,363.06749667333537,0.09375,42.73737202291285,0.028154745578123072
06ac6393eee7a87a46f65b36cf9d1863821846f32cd08b7f9dd84710f2fa08a1,1,0,path_loss_exponent,3.5,far,34,462.8383223737926,0.029411764705882353,45.61030492541294,0.024895515506434675
06ac6393eee7a87a46f65b36cf9d1863821846f32cd08b7f9dd84710f2fa08a1,1,0,path_loss_exponent,3.8,near,34,192.37824117460568,0.3235294117647059,38.211163996705814,0.0306688340265466
06ac6393eee7a87a46f65b36cf9d1863821846f32cd08b7f9dd84710f2fa08a1,1,0,path_loss_exponent,3.8,middle,32,363.06749667333537,0.0625,43.396484042367106,0.02768987870188669
06ac6393eee7a87a46f65b36cf9d1863821846f32cd08b7f9dd84710f2fa08a1,1,0,path_loss_exponent,3.8,far,34,462.8383223737926,0.0,46.58823529411765,0.02461924750813817
06ac6393eee7a87a46f65b36cf9d1863821846f32cd08b7f9dd84710f2fa08a1,1,1,bandwidth_mhz,10.0,near,34,181.1477272306262,0.20588235294117646,38.98218486361751,0.027825620405872935
06ac6393eee7a87a46f65b36cf9d1863821846f32cd08b7f9dd84710f2fa08a1,1,1,bandwidth_mhz,10.0,middle,32,347.64365629269145,0.0625,47.3505375162114,0.025798364985366737
06ac6393eee7a87a46f65b36cf9d1863821846f32cd08b7f9dd84710f2fa08a1,1,1,bandwidth_mhz,10.0,far,34,439.47163256855976,0.058823529411764705,44.11088407804387,0.02830446931636376
06ac6393eee7a87a46f65b36cf9d1863821846f32cd08b7f9dd84710f2fa08a1,1,1,bandwidth_mhz,20.0,near,34,181.1477272306262,0.23529411764705882,37.91269806878397,0.02810794598610926
06ac6393eee7a87a46f65b36cf9d1863821846f32cd08b7f9dd84710f2fa08a1,1,1,bandwidth_mhz,20.0,middle,32,347.64365629269145,0.125,46.05766658695802,0.02674829575233243
06ac6393eee7a87a46f65b36cf9d1863821846f32cd08b7f9dd84710f2fa08a1,1,1,bandwidth_mhz,20.0,far,34,439.47163256855976,0.08823529411764706,43.12476239261813,0.02858682962044318
06ac6393eee7a87a46f65b36cf9d1863821846f32cd08b7f9dd84710f2fa08a1,1,1,bandwidth_mhz,40.0,near,34,181.1477272306262,0.29411764705882354,36.887920579787696,0.02918387475195611
06ac6393eee7a87a46f65b36cf9d1863821846f32cd08b7f9dd84710f2fa08a1,1,1,bandwidth_mhz,40.0,middle,32,347.64365629269145,0.15625,45.03159331587304,0.027063517267324262
06ac6393eee7a87a46f65b36cf9d1863821846f32cd08b7f9dd84710f2fa08a1,1,1,bandwidth_mhz,40.0,far,34,439.47163256855976,0.08823529411764706,43.112364256406835,0.028594806815395356
06ac6393eee7a87a46f65b36cf9d1863821846f32cd08b7f9dd84710f2fa08a1,1,1,image_payload_mb,0.1,near,34,181.1477272306262,0.17647058823529413,39.21115353818175,0.02733069979106291
06ac6393eee7a87a46f65b36cf9d1863821846f32cd08b7f9dd84710f2fa08a1,1,1,image_payload_mb,0.1,middle,32,347.64365629269145,0.21875,42.72816981325819,0.02773595912256347
06ac6393eee7a87a46f65b36cf9d1863821846f32cd08b7f9dd84710f2fa08a1,1,1,image_payload_mb,0.1,far,34,439.47163256855976,0.20588235294117646,40.474886329956995,0.030656769468910397
06ac6393eee7a87a46f65b36cf9d1863821846f32cd08b7f9dd84710f2fa08a1,1,1,image_payload_mb,0.5,near,34,181.1477272306262,0.23529411764705882,37.91269806878397,0.02810794598610926
06ac6393eee7a87a46f65b36cf9d1863821846f32cd08b7f9dd84710f2fa08a1,1,1,image_payload_mb,0.5,middle,32,347.64365629269145,0.125,46.05766658695802,0.02674829575233243
06ac6393eee7a87a46f65b36cf9d1863821846f32cd08b7f9dd84710f2fa08a1,1,1,image_payload_mb,0.5,far,34,439.47163256855976,0.08823529411764706,43.12476239261813,0.02858682962044318
06ac6393eee7a87a46f65b36cf9d1863821846f32cd08b7f9dd84710f2fa08a1,1,1,image_payload_mb,1.0,near,34,181.1477272306262,0.17647058823529413,39.4814361866183,0.027305626822506583
06ac6393eee7a87a46f65b36cf9d1863821846f32cd08b7f9dd84710f2fa08a1,1,1,image_payload_mb,1.0,middle,32,347.64365629269145,0.0625,47.35228060962743,0.02579651297154985
06ac6393eee7a87a46f65b36cf9d1863821846f32cd08b7f9dd84710f2fa08a1,1,1,image_payload_mb,1.0,far,34,439.47163256855976,0.058823529411764705,44.11357222834784,0.028302385572933395
06ac6393eee7a87a46f65b36cf9d1863821846f32cd08b7f9dd84710f2fa08a1,1,1,uplink_power_w,0.1,near,34,181.1477272306262,0.23529411764705882,37.91487719591609,0.02810697359039763
06ac6393eee7a87a46f65b36cf9d1863821846f32cd08b7f9dd84710f2fa08a1,1,1,uplink_power_w,0.1,middle,32,347.64365629269145,0.125,46.05771604227806,0.026748236305827212
06ac6393eee7a87a46f65b36cf9d1863821846f32cd08b7f9dd84710f2fa08a1,1,1,uplink_power_w,0.1,far,34,439.47163256855976,0.08823529411764706,43.12487629476842,0.028586764946242082
06ac6393eee7a87a46f65b36cf9d1863821846f32cd08b7f9dd84710f2fa08a1,1,1,uplink_power_w,0.2,near,34,181.1477272306262,0.23529411764705882,37.91269806878397,0.02810794598610926
06ac6393eee7a87a46f65b36cf9d1863821846f32cd08b7f9dd84710f2fa08a1,1,1,uplink_power_w,0.2,middle,32,347.64365629269145,0.125,46.05766658695802,0.02674829575233243
06ac6393eee7a87a46f65b36cf9d1863821846f32cd08b7f9dd84710f2fa08a1,1,1,uplink_power_w,0.2,far,34,439.47163256855976,0.08823529411764706,43.12476239261813,0.02858682962044318
06ac6393eee7a87a46f65b36cf9d1863821846f32cd08b7f9dd84710f2fa08a1,1,1,uplink_power_w,0.4,near,34,181.1477272306262,0.23529411764705882,37.911047777297554,0.028108684394335257
06ac6393eee7a87a46f65b36cf9d1863821846f32cd08b7f9dd84710f2fa08a1,1,1,uplink_power_w,0.4,middle,32,347.64365629269145,0.125,46.05763332352076,0.026748335997305892
06ac6393eee7a87a46f65b36cf9d1863821846f32cd08b7f9dd84710f2fa08a1,1,1,uplink_power_w,0.4,far,34,439.47163256855976,0.08823529411764706,43.12469745167126,0.028586867219578264
06ac6393eee7a87a46f65b36cf9d1863821846f32cd08b7f9dd84710f2fa08a1,1,1,downlink_power_w,0.5,near,34,181.1477272306262,0.2647058823529412,37.44479583139715,0.028641793874962743
06ac6393eee7a87a46f65b36cf9d1863821846f32cd08b7f9dd84710f2fa08a1,1,1,downlink_power_w,0.5,middle,32,347.64365629269145,0.125,46.067569315729074,0.026736211310114506
06ac6393eee7a87a46f65b36cf9d1863821846f32cd08b7f9dd84710f2fa08a1,1,1,downlink_power_w,0.5,far,34,439.47163256855976,0.058823529411764705,44.109053749240104,0.028305854143811142
06ac6393eee7a87a46f65b36cf9d1863821846f32cd08b7f9dd84710f2fa08a1,1,1,downlink_power_w,1.0,near,34,181.1477272306262,0.23529411764705882,37.91269806878397,0.02810794598610926
06ac6393eee7a87a46f65b36cf9d1863821846f32cd08b7f9dd84710f2fa08a1,1,1,downlink_power_w,1.0,middle,32,347.64365629269145,0.125,46.05766658695802,0.02674829575233243
06ac6393eee7a87a46f65b36cf9d1863821846f32cd08b7f9dd84710f2fa08a1,1,1,downlink_power_w,1.0,far,34,439.47163256855976,0.08823529411764706,43.12476239261813,0.02858682962044318
06ac6393eee7a87a46f65b36cf9d1863821846f32cd08b7f9dd84710f2fa08a1,1,1,downlink_power_w,2.0,near,34,181.1477272306262,0.2647058823529412,37.4352379460398,0.028654278857770502
06ac6393eee7a87a46f65b36cf9d1863821846f32cd08b7f9dd84710f2fa08a1,1,1,downlink_power_w,2.0,middle,32,347.64365629269145,0.125,46.05530117557916,0.02675103835860026
06ac6393eee7a87a46f65b36cf9d1863821846f32cd08b7f9dd84710f2fa08a1,1,1,downlink_power_w,2.0,far,34,439.47163256855976,0.08823529411764706,43.11835849239114,0.028590464918599536
06ac6393eee7a87a46f65b36cf9d1863821846f32cd08b7f9dd84710f2fa08a1,1,1,path_loss_exponent,3.0,near,34,181.1477272306262,0.2647058823529412,37.423771123619304,0.028665284826689435
06ac6393eee7a87a46f65b36cf9d1863821846f32cd08b7f9dd84710f2fa08a1,1,1,path_loss_exponent,3.0,middle,32,347.64365629269145,0.15625,45.034803193978405,0.027061851497359846
06ac6393eee7a87a46f65b36cf9d1863821846f32cd08b7f9dd84710f2fa08a1,1,1,path_loss_exponent,3.0,far,34,439.47163256855976,0.08823529411764706,43.102992620997234,0.02859993409133923
06ac6393eee7a87a46f65b36cf9d1863821846f32cd08b7f9dd84710f2fa08a1,1,1,path_loss_exponent,3.5,near,34,181.1477272306262,0.23529411764705882,37.91269806878397,0.02810794598610926
06ac6393eee7a87a46f65b36cf9d1863821846f32cd08b7f9dd84710f2fa08a1,1,1,path_loss_exponent,3.5,middle,32,347.64365629269145,0.125,46.05766658695802,0.02674829575233243
06ac6393eee7a87a46f65b36cf9d1863821846f32cd08b7f9dd84710f2fa08a1,1,1,path_loss_exponent,3.5,far,34,439.47163256855976,0.08823529411764706,43.12476239261813,0.02858682962044318
06ac6393eee7a87a46f65b36cf9d1863821846f32cd08b7f9dd84710f2fa08a1,1,1,path_loss_exponent,3.8,near,34,181.1477272306262,0.23529411764705882,37.921620397590786,0.0281015442451333
06ac6393eee7a87a46f65b36cf9d1863821846f32cd08b7f9dd84710f2fa08a1,1,1,path_loss_exponent,3.8,middle,32,347.64365629269145,0.09375,46.751322556499446,0.02628539512796642
06ac6393eee7a87a46f65b36cf9d1863821846f32cd08b7f9dd84710f2fa08a1,1,1,path_loss_exponent,3.8,far,34,439.47163256855976,0.058823529411764705,44.11795949030851,0.028298973753502432
06ac6393eee7a87a46f65b36cf9d1863821846f32cd08b7f9dd84710f2fa08a1,1,2,bandwidth_mhz,10.0,near,34,195.0705207517834,0.14705882352941177,41.69732822943017,0.025783307317833112
06ac6393eee7a87a46f65b36cf9d1863821846f32cd08b7f9dd84710f2fa08a1,1,2,bandwidth_mhz,10.0,middle,32,336.4090451155847,0.09375,39.41352361519988,0.03031396014520332
06ac6393eee7a87a46f65b36cf9d1863821846f32cd08b7f9dd84710f2fa08a1,1,2,bandwidth_mhz,10.0,far,34,445.35078440573085,0.058823529411764705,47.90670038005015,0.02507321875491982
06ac6393eee7a87a46f65b36cf9d1863821846f32cd08b7f9dd84710f2fa08a1,1,2,bandwidth_mhz,20.0,near,34,195.0705207517834,0.17647058823529413,41.12884206144557,0.026282409331705732
06ac6393eee7a87a46f65b36cf9d1863821846f32cd08b7f9dd84710f2fa08a1,1,2,bandwidth_mhz,20.0,middle,32,336.4090451155847,0.125,38.65545728594057,0.030726413915436106
06ac6393eee7a87a46f65b36cf9d1863821846f32cd08b7f9dd84710f2fa08a1,1,2,bandwidth_mhz,20.0,far,34,445.35078440573085,0.11764705882352941,46.55504166367216,0.025872683955733274
06ac6393eee7a87a46f65b36cf9d1863821846f32cd08b7f9dd84710f2fa08a1,1,2,bandwidth_mhz,40.0,near,34,195.0705207517834,0.2647058823529412,38.43962226732061,0.02741036426133223
06ac6393eee7a87a46f65b36cf9d1863821846f32cd08b7f9dd84710f2fa08a1,1,2,bandwidth_mhz,40.0,middle,32,336.4090451155847,0.125,38.646283449294785,0.030736535381221543
06ac6393eee7a87a46f65b36cf9d1863821846f32cd08b7f9dd84710f2fa08a1,1,2,bandwidth_mhz,40.0,far,34,445.35078440573085,0.14705882352941177,45.79281554877633,0.026238301710950523
06ac6393eee7a87a46f65b36cf9d1863821846f32cd08b7f9dd84710f2fa08a1,1,2,image_payload_mb,0.1,near,34,195.0705207517834,0.2647058823529412,39.943724791853974,0.02825188993750724
06ac6393eee7a87a46f65b36cf9d1863821846f32cd08b7f9dd84710f2fa08a1,1,2,image_payload_mb,0.1,middle,32,336.4090451155847,0.1875,37.01768421133609,0.031749838690741966
06ac6393eee7a87a46f65b36cf9d1863821846f32cd08b7f9dd84710f2fa08a1,1,2,image_payload_mb,0.1,far,34,445.35078440573085,0.14705882352941177,46.855500095227136,0.027072023084162296
06ac6393eee7a87a46f65b36cf9d1863821846f32cd08b7f9dd84710f2fa08a1,1,2,image_payload_mb,0.5,near,34,195.0705207517834,0.17647058823529413,41.12884206144557,0.026282409331705732
06ac6393eee7a87a46f65b36cf9d1863821846f32cd08b7f9dd84710f2fa08a1,1,2,image_payload_mb,0.5,middle,32,336.4090451155847,0.125,38.65545728594057,0.030726413915436106
06ac6393eee7a87a46f65b36cf9d1863821846f32cd08b7f9dd84710f2fa08a1,1,2,image_payload_mb,0.5,far,34,445.35078440573085,0.11764705882352941,46.55504166367216,0.025872683955733274
06ac6393eee7a87a46f65b36cf9d1863821846f32cd08b7f9dd84710f2fa08a1,1,2,image_payload_mb,1.0,near,34,195.0705207517834,0.14705882352941177,41.6965069321389,0.025783521125680657
06ac6393eee7a87a46f65b36cf9d1863821846f32cd08b7f9dd84710f2fa08a1,1,2,image_payload_mb,1.0,middle,32,336.4090451155847,0.0625,40.019732902611864,0.029819169114430295
06ac6393eee7a87a46f65b36cf9d1863821846f32cd08b7f9dd84710f2fa08a1,1,2,image_payload_mb,1.0,far,34,445.35078440573085,0.058823529411764705,47.91311867366652,0.02506970414154985
06ac6393eee7a87a46f65b36cf9d1863821846f32cd08b7f9dd84710f2fa08a1,1,2,uplink_power_w,0.1,near,34,195.0705207517834,0.17647058823529413,41.12976839388537,0.026281977546547288
06ac6393eee7a87a46f65b36cf9d1863821846f32cd08b7f9dd84710f2fa08a1,1,2,uplink_power_w,0.1,middle,32,336.4090451155847,0.125,38.655538917720826,0.030726328230284098
06ac6393eee7a87a46f65b36cf9d1863821846f32cd08b7f9dd84710f2fa08a1,1,2,uplink_power_w,0.1,far,34,445.35078440573085,0.11764705882352941,46.555172475929,0.02587258269697462
06ac6393eee7a87a46f65b36cf9d1863821846f32cd08b7f9dd84710f2fa08a1,1,2,uplink_power_w,0.2,near,34,195.0705207517834,0.17647058823529413,41.12884206144557,0.026282409331705732
06ac6393eee7a87a46f65b36cf9d1863821846f32cd08b7f9dd84710f2fa08a1,1,2,uplink_power_w,0.2,middle,32,336.4090451155847,0.125,38.65545728594057,0.030726413915436106
06ac6393eee7a87a46f65b36cf9d1863821846f32cd08b7f9dd84710f2fa08a1,1,2,uplink_power_w,0.2,far,34,445.35078440573085,0.11764705882352941,46.55504166367216,0.025872683955733274
06ac6393eee7a87a46f65b36cf9d1863821846f32cd08b7f9dd84710f2fa08a1,1,2,uplink_power_w,0.4,near,34,195.0705207517834,0.17647058823529413,41.12808151955233,0.026282761930309276
06ac6393eee7a87a46f65b36cf9d1863821846f32cd08b7f9dd84710f2fa08a1,1,2,uplink_power_w,0.4,middle,32,336.4090451155847,0.125,38.65540680962627,0.030726467465563612
06ac6393eee7a87a46f65b36cf9d1863821846f32cd08b7f9dd84710f2fa08a1,1,2,uplink_power_w,0.4,far,34,445.35078440573085,0.11764705882352941,46.55496473808961,0.025872743872629434
06ac6393eee7a87a46f65b36cf9d1863821846f32cd08b7f9dd84710f2fa08a1,1,2,downlink_power_w,0.5,near,34,195.0705207517834,0.20588235294117646,40.35760447438474,0.02662602712471266
06ac6393eee7a87a46f65b36cf9d1863821846f32cd08b7f9dd84710f2fa08a1,1,2,downlink_power_w,0.5,middle,32,336.4090451155847,0.09375,39.40805085099237,0.03032057059349263
06ac6393eee7a87a46f65b36cf9d1863821846f32cd08b7f9dd84710f2fa08a1,1,2,downlink_power_w,0.5,far,34,445.35078440573085,0.08823529411764706,47.22481711029394,0.025462666462636684
06ac6393eee7a87a46f65b36cf9d1863821846f32cd08b7f9dd84710f2fa08a1,1,2,downlink_power_w,1.0,near,34,195.0705207517834,0.17647058823529413,41.12884206144557,0.026282409331705732
06ac6393eee7a87a46f65b36cf9d1863821846f32cd08b7f9dd84710f2fa08a1,1,2,downlink_power_w,1.0,middle,32,336.4090451155847,0.125,38.65545728594057,0.030726413915436106
06ac6393eee7a87a46f65b36cf9d1863821846f32cd08b7f9dd84710f2fa08a1,1,2,downlink_power_w,1.0,far,34,445.35078440573085,0.11764705882352941,46.55504166367216,0.025872683955733274
06ac6393eee7a87a46f65b36cf9d1863821846f32cd08b7f9dd84710f2fa08a1,1,2,downlink_power_w,2.0,near,34,195.0705207517834,0.17647058823529413,40.24849661499665,0.02598610532397662
06ac6393eee7a87a46f65b36cf9d1863821846f32cd08b7f9dd84710f2fa08a1,1,2,downlink_power_w,2.0,middle,32,336.4090451155847,0.09375,39.25861361729723,0.030233608209019838
06ac6393eee7a87a46f65b36cf9d1863821846f32cd08b7f9dd84710f2fa08a1,1,2,downlink_power_w,2.0,far,34,445.35078440573085,0.17647058823529413,45.158049772722286,0.026653424184890567
06ac6393eee7a87a46f65b36cf9d1863821846f32cd08b7f9dd84710f2fa08a1,1,2,path_loss_exponent,3.0,near,34,195.0705207517834,0.17647058823529413,40.19428648079952,0.025946779198752608
06ac6393eee7a87a46f65b36cf9d1863821846f32cd08b7f9dd84710f2fa08a1,1,2,path_loss_exponent,3.0,middle,32,336.4090451155847,0.125,38.64221817318269,0.030740358548823614
06ac6393eee7a87a46f65b36cf9d1863821846f32cd08b7f9dd84710f2fa08a1,1,2,path_loss_exponent,3.0,far,34,445.35078440573085,0.20588235294117646,43.760997087252754,0.026876285400350364
06ac6393eee7a87a46f65b36cf9d1863821846f32cd08b7f9dd84710f2fa08a1,1,2,path_loss_exponent,3.5,near,34,195.0705207517834,0.17647058823529413,41.12884206144557,0.026282409331705732
06ac6393eee7a87a46f65b36cf9d1863821846f32cd08b7f9dd84710f2fa08a1,1,2,path_loss_exponent,3.5,middle,32,336.4090451155847,0.125,38.65545728594057,0.030726413915436106
06ac6393eee7a87a46f65b36cf9d1863821846f32cd08b7f9dd84710f2fa08a1,1,2,path_loss_exponent,3.5,far,34,445.35078440573085,0.11764705882352941,46.55504166367216,0.025872683955733274
06ac6393eee7a87a46f65b36cf9d1863821846f32cd08b7f9dd84710f2fa08a1,1,2,path_loss_exponent,3.8,near,34,195.0705207517834,0.2647058823529412,39.49843961230958,0.027820311544217446
06ac6393eee7a87a46f65b36cf9d1863821846f32cd08b7f9dd84710f2fa08a1,1,2,path_loss_exponent,3.8,middle,32,336.4090451155847,0.0625,40.11781764124825,0.029881670495404508
06ac6393eee7a87a46f65b36cf9d1863821846f32cd08b7f9dd84710f2fa08a1,1,2,path_loss_exponent,3.8,far,34,445.35078440573085,0.029411764705882353,48.89385877422068,0.024791203457404574
06ac6393eee7a87a46f65b36cf9d1863821846f32cd08b7f9dd84710f2fa08a1,1,3,bandwidth_mhz,10.0,near,34,212.3404723169349,0.11764705882352941,43.31543308281217,0.025275299215636766
06ac6393eee7a87a46f65b36cf9d1863821846f32cd08b7f9dd84710f2fa08a1,1,3,bandwidth_mhz,10.0,middle,33,353.4561190651264,0.18181818181818182,44.13707627004651,0.02721189508419253
06ac6393eee7a87a46f65b36cf9d1863821846f32cd08b7f9dd84710f2fa08a1,1,3,bandwidth_mhz,10.0,far,33,459.43680029268035,0.0,41.94545454545455,0.02852547010298595
06ac6393eee7a87a46f65b36cf9d1863821846f32cd08b7f9dd84710f2fa08a1,1,3,bandwidth_mhz,20.0,near,34,212.3404723169349,0.14705882352941177,42.7764716172197,0.02578809467442111
06ac6393eee7a87a46f65b36cf9d1863821846f32cd08b7f9dd84710f2fa08a1,1,3,bandwidth_mhz,20.0,middle,33,353.4561190651264,0.24242424242424243,42.268758560203004,0.02789014737282345
06ac6393eee7a87a46f65b36cf9d1863821846f32cd08b7f9dd84710f2fa08a1,1,3,bandwidth_mhz,20.0,far,33,459.43680029268035,0.030303030303030304,41.244084025188336,0.028925792884916805
06ac6393eee7a87a46f65b36cf9d1863821846f32cd08b7f9dd84710f2fa08a1,1,3,bandwidth_mhz,40.0,near,34,212.3404723169349,0.20588235294117646,40.73388482246477,0.026337883279130267
06ac6393eee7a87a46f65b36cf9d1863821846f32cd08b7f9dd84710f2fa08a1,1,3,bandwidth_mhz,40.0,middle,33,353.4561190651264,0.2727272727272727,41.69555572671228,0.02843402949215809
06ac6393eee7a87a46f65b36cf9d1863821846f32cd08b7f9dd84710f2fa08a1,1,3,bandwidth_mhz,40.0,far,33,459.43680029268035,0.030303030303030304,41.23981754266995,0.02893001611483036
06ac6393eee7a87a46f65b36cf9d1863821846f32cd08b7f9dd84710f2fa08a1,1,3,image_payload_mb,0.1,near,34,212.3404723169349,0.2647058823529412,41.13952099724364,0.028139727851671837
06ac6393eee7a87a46f65b36cf9d1863821846f32cd08b7f9dd84710f2fa08a1,1,3,image_payload_mb,0.1,middle,33,353.4561190651264,0.15151515151515152,44.31570101095939,0.026864370821457425
06ac6393eee7a87a46f65b36cf9d1863821846f32cd08b7f9dd84710f2fa08a1,1,3,image_payload_mb,0.1,far,33,459.43680029268035,0.18181818181818182,37.508355602473216,0.031044321825492185
06ac6393eee7a87a46f65b36cf9d1863821846f32cd08b7f9dd84710f2fa08a1,1,3,image_payload_mb,0.5,near,34,212.3404723169349,0.14705882352941177,42.7764716172197,0.02578809467442111
06ac6393eee7a87a46f65b36cf9d1863821846f32cd08b7f9dd84710f2fa08a1,1,3,image_payload_mb,0.5,middle,33,353.4561190651264,0.24242424242424243,42.268758560203004,0.02789014737282345
06ac6393eee7a87a46f65b36cf9d1863821846f32cd08b7f9dd84710f2fa08a1,1,3,image_payload_mb,0.5,far,33,459.43680029268035,0.030303030303030304,41.244084025188336,0.028925792884916805
06ac6393eee7a87a46f65b36cf9d1863821846f32cd08b7f9dd84710f2fa08a1,1,3,image_payload_mb,1.0,near,34,212.3404723169349,0.11764705882352941,43.31452167757551,0.025275605891848785
06ac6393eee7a87a46f65b36cf9d1863821846f32cd08b7f9dd84710f2fa08a1,1,3,image_payload_mb,1.0,middle,33,353.4561190651264,0.15151515151515152,44.821841479919236,0.026793157961143132
06ac6393eee7a87a46f65b36cf9d1863821846f32cd08b7f9dd84710f2fa08a1,1,3,image_payload_mb,1.0,far,33,459.43680029268035,0.0,41.94545454545455,0.02852547010298595
06ac6393eee7a87a46f65b36cf9d1863821846f32cd08b7f9dd84710f2fa08a1,1,3,uplink_power_w,0.1,near,34,212.3404723169349,0.14705882352941177,42.77702818255127,0.025787181276289792
06ac6393eee7a87a46f65b36cf9d1863821846f32cd08b7f9dd84710f2fa08a1,1,3,uplink_power_w,0.1,middle,33,353.4561190651264,0.24242424242424243,42.2688661753336,0.027890056372684335
06ac6393eee7a87a46f65b36cf9d1863821846f32cd08b7f9dd84710f2fa08a1,1,3,uplink_power_w,0.1,far,33,459.43680029268035,0.030303030303030304,41.24413093154111,0.028925746661553994
06ac6393eee7a87a46f65b36cf9d1863821846f32cd08b7f9dd84710f2fa08a1,1,3,uplink_power_w,0.2,near,34,212.3404723169349,0.14705882352941177,42.7764716172197,0.02578809467442111
06ac6393eee7a87a46f65b36cf9d1863821846f32cd08b7f9dd84710f2fa08a1,1,3,uplink_power_w,0.2,middle,33,353.4561190651264,0.24242424242424243,42.268758560203004,0.02789014737282345
06ac6393eee7a87a46f65b36cf9d1863821846f32cd08b7f9dd84710f2fa08a1,1,3,uplink_power_w,0.2,far,33,459.43680029268035,0.030303030303030304,41.244084025188336,0.028925792884916805
06ac6393eee7a87a46f65b36cf9d1863821846f32cd08b7f9dd84710f2fa08a1,1,3,uplink_power_w,0.4,near,34,212.3404723169349,0.14705882352941177,42.86786076633002,0.02588623732232681
06ac6393eee7a87a46f65b36cf9d1863821846f32cd08b7f9dd84710f2fa08a1,1,3,uplink_power_w,0.4,middle,33,353.4561190651264,0.24242424242424243,42.26958702590221,0.027889430491304774
06ac6393eee7a87a46f65b36cf9d1863821846f32cd08b7f9dd84710f2fa08a1,1,3,uplink_power_w,0.4,far,33,459.43680029268035,0.030303030303030304,41.24416972907705,0.02892570843233204
06ac6393eee7a87a46f65b36cf9d1863821846f32cd08b7f9dd84710f2fa08a1,1,3,downlink_power_w,0.5,near,34,212.3404723169349,0.14705882352941177,42.77612404603698,0.025788951414132386
06ac6393eee7a87a46f65b36cf9d1863821846f32cd08b7f9dd84710f2fa08a1,1,3,downlink_power_w,0.5,middle,33,353.4561190651264,0.24242424242424243,42.279386515206205,0.02788209878546614
06ac6393eee7a87a46f65b36cf9d1863821846f32cd08b7f9dd84710f2fa08a1,1,3,downlink_power_w,0.5,far,33,459.43680029268035,0.0,41.94545454545455,0.02852547010298595
06ac6393eee7a87a46f65b36cf9d1863821846f32cd08b7f9dd84710f2fa08a1,1,3,downlink_power_w,1.0,near,34,212.3404723169349,0.14705882352941177,42.7764716172197,0.02578809467442111
06ac6393eee7a87a46f65b36cf9d1863821846f32cd08b7f9dd84710f2fa08a1,1,3,downlink_power_w,1.0,middle,33,353.4561190651264,0.24242424242424243,42.268758560203004,0.02789014737282345
06ac6393eee7a87a46f65b36cf9d1863821846f32cd08b7f9dd84710f2fa08a1,1,3,downlink_power_w,1.0,far,33,459.43680029268035,0.030303030303030304,41.244084025188336,0.028925792884916805
06ac6393eee7a87a46f65b36cf9d1863821846f32cd08b7f9dd84710f2fa08a1,1,3,downlink_power_w,2.0,near,34,212.3404723169349,0.14705882352941177,42.86821260296285,0.025885710172604777
06ac6393eee7a87a46f65b36cf9d1863821846f32cd08b7f9dd84710f2fa08a1,1,3,downlink_power_w,2.0,middle,33,353.4561190651264,0.2727272727272727,41.722963248139855,0.02841284384296124
06ac6393eee7a87a46f65b36cf9d1863821846f32cd08b7f9dd84710f2fa08a1,1,3,downlink_power_w,2.0,far,33,459.43680029268035,0.030303030303030304,41.24158445112735,0.028928262578205317
06ac6393eee7a87a46f65b36cf9d1863821846f32cd08b7f9dd84710f2fa08a1,1,3,path_loss_exponent,3.0,near,34,212.3404723169349,0.08823529411764706,43.824998020024225,0.02477793090594745
06ac6393eee7a87a46f65b36cf9d1863821846f32cd08b7f9dd84710f2fa08a1,1,3,path_loss_exponent,3.0,middle,33,353.4561190651264,0.30303030303030304,39.2737528027799,0.02831080069551433
06ac6393eee7a87a46f65b36cf9d1863821846f32cd08b7f9dd84710f2fa08a1,1,3,path_loss_exponent,3.0,far,33,459.43680029268035,0.09090909090909091,39.41652290930563,0.02960015731795736
06ac6393eee7a87a46f65b36cf9d1863821846f32cd08b7f9dd84710f2fa08a1,1,3,path_loss_exponent,3.5,near,34,212.3404723169349,0.14705882352941177,42.7764716172197,0.02578809467442111
06ac6393eee7a87a46f65b36cf9d1863821846f32cd08b7f9dd84710f2fa08a1,1,3,path_loss_exponent,3.5,middle,33,353.4561190651264,0.24242424242424243,42.268758560203004,0.02789014737282345
06ac6393eee7a87a46f65b36cf9d1863821846f32cd08b7f9dd84710f2fa08a1,1,3,path_loss_exponent,3.5,far,33,459.43680029268035,0.030303030303030304,41.244084025188336,0.028925792884916805
06ac6393eee7a87a46f65b36cf9d1863821846f32cd08b7f9dd84710f2fa08a1,1,3,path_loss_exponent,3.8,near,34,212.3404723169349,0.17647058823529413,42.346770089187096,0.026385676648887697
06ac6393eee7a87a46f65b36cf9d1863821846f32cd08b7f9dd84710f2fa08a1,1,3,path_loss_exponent,3.8,middle,33,353.4561190651264,0.18181818181818182,44.15224523527454,0.027201763676985423
06ac6393eee7a87a46f65b36cf9d1863821846f32cd08b7f9dd84710f2fa08a1,1,3,path_loss_exponent,3.8,far,33,459.43680029268035,0.0,41.94545454545455,0.02852547010298595
06ac6393eee7a87a46f65b36cf9d1863821846f32cd08b7f9dd84710f2fa08a1,1,4,bandwidth_mhz,10.0,near,33,166.90234746611898,0.12121212121212122,36.87155459514223,0.0296304467751331
06ac6393eee7a87a46f65b36cf9d1863821846f32cd08b7f9dd84710f2fa08a1,1,4,bandwidth_mhz,10.0,middle,34,343.5809648979486,0.08823529411764706,46.39352017863402,0.025443411538218812
06ac6393eee7a87a46f65b36cf9d1863821846f32cd08b7f9dd84710f2fa08a1,1,4,bandwidth_mhz,10.0,far,33,456.40445204293337,0.09090909090909091,46.827852221059224,0.02611172616661175
06ac6393eee7a87a46f65b36cf9d1863821846f32cd08b7f9dd84710f2fa08a1,1,4,bandwidth_mhz,20.0,near,33,166.90234746611898,0.18181818181818182,35.82526849326548,0.030723237270625082
06ac6393eee7a87a46f65b36cf9d1863821846f32cd08b7f9dd84710f2fa08a1,1,4,bandwidth_mhz,20.0,middle,34,343.5809648979486,0.11764705882352941,45.68019027467754,0.025831251967575908
06ac6393eee7a87a46f65b36cf9d1863821846f32cd08b7f9dd84710f2fa08a1,1,4,bandwidth_mhz,20.0,far,33,456.40445204293337,0.12121212121212122,45.28191147403556,0.026305565214440618
06ac6393eee7a87a46f65b36cf9d1863821846f32cd08b7f9dd84710f2fa08a1,1,4,bandwidth_mhz,40.0,near,33,166.90234746611898,0.18181818181818182,35.81021330712485,0.030740298500854933
06ac6393eee7a87a46f65b36cf9d1863821846f32cd08b7f9dd84710f2fa08a1,1,4,bandwidth_mhz,40.0,middle,34,343.5809648979486,0.20588235294117646,43.549282877237395,0.027148283242601757
06ac6393eee7a87a46f65b36cf9d1863821846f32cd08b7f9dd84710f2fa08a1,1,4,bandwidth_mhz,40.0,far,33,456.40445204293337,0.12121212121212122,45.25825694849466,0.026316398696532857
06ac6393eee7a87a46f65b36cf9d1863821846f32cd08b7f9dd84710f2fa08a1,1,4,image_payload_mb,0.1,near,33,166.90234746611898,0.15151515151515152,36.48525540538177,0.030567173639317602
06ac6393eee7a87a46f65b36cf9d1863821846f32cd08b7f9dd84710f2fa08a1,1,4,image_payload_mb,0.1,middle,34,343.5809648979486,0.20588235294117646,42.79480355477602,0.026769142628298097
06ac6393eee7a87a46f65b36cf9d1863821846f32cd08b7f9dd84710f2fa08a1,1,4,image_payload_mb,0.1,far,33,456.40445204293337,0.24242424242424243,40.31416050200335,0.027508136505828704
06ac6393eee7a87a46f65b36cf9d1863821846f32cd08b7f9dd84710f2fa08a1,1,4,image_payload_mb,0.5,near,33,166.90234746611898,0.18181818181818182,35.82526849326548,0.030723237270625082
06ac6393eee7a87a46f65b36cf9d1863821846f32cd08b7f9dd84710f2fa08a1,1,4,image_payload_mb,0.5,middle,34,343.5809648979486,0.11764705882352941,45.68019027467754,0.025831251967575908
06ac6393eee7a87a46f65b36cf9d1863821846f32cd08b7f9dd84710f2fa08a1,1,4,image_payload_mb,0.5,far,33,456.40445204293337,0.12121212121212122,45.28191147403556,0.026305565214440618
06ac6393eee7a87a46f65b36cf9d1863821846f32cd08b7f9dd84710f2fa08a1,1,4,image_payload_mb,1.0,near,33,166.90234746611898,0.12121212121212122,36.86971652170023,0.029632007597065982
06ac6393eee7a87a46f65b36cf9d1863821846f32cd08b7f9dd84710f2fa08a1,1,4,image_payload_mb,1.0,middle,34,343.5809648979486,0.058823529411764705,47.075183290941254,0.02505367641308904
06ac6393eee7a87a46f65b36cf9d1863821846f32cd08b7f9dd84710f2fa08a1,1,4,image_payload_mb,1.0,far,33,456.40445204293337,0.09090909090909091,46.8298214716878,0.026109383549447498
06ac6393eee7a87a46f65b36cf9d1863821846f32cd08b7f9dd84710f2fa08a1,1,4,uplink_power_w,0.1,near,33,166.90234746611898,0.18181818181818182,35.82529804192332,0.03072319538989879
06ac6393eee7a87a46f65b36cf9d1863821846f32cd08b7f9dd84710f2fa08a1,1,4,uplink_power_w,0.1,middle,34,343.5809648979486,0.11764705882352941,45.68028545470864,0.025831155364927694
06ac6393eee7a87a46f65b36cf9d1863821846f32cd08b7f9dd84710f2fa08a1,1,4,uplink_power_w,0.1,far,33,456.40445204293337,0.12121212121212122,45.28195709248814,0.026305527466640558
06ac6393eee7a87a46f65b36cf9d1863821846f32cd08b7f9dd84710f2fa08a1,1,4,uplink_power_w,0.2,near,33,166.90234746611898,0.18181818181818182,35.82526849326548,0.030723237270625082
06ac6393eee7a87a46f65b36cf9d1863821846f32cd08b7f9dd84710f2fa08a1,1,4,uplink_power_w,0.2,middle,34,343.5809648979486,0.11764705882352941,45.68019027467754,0.025831251967575908
06ac6393eee7a87a46f65b36cf9d1863821846f32cd08b7f9dd84710f2fa08a1,1,4,uplink_power_w,0.2,far,33,456.40445204293337,0.12121212121212122,45.28191147403556,0.026305565214440618
06ac6393eee7a87a46f65b36cf9d1863821846f32cd08b7f9dd84710f2fa08a1,1,4,uplink_power_w,0.4,near,33,166.90234746611898,0.18181818181818182,35.825246938232475,0.03072326746525892
06ac6393eee7a87a46f65b36cf9d1863821846f32cd08b7f9dd84710f2fa08a1,1,4,uplink_power_w,0.4,middle,34,343.5809648979486,0.11764705882352941,45.68013320646833,0.02583131049373844
06ac6393eee7a87a46f65b36cf9d1863821846f32cd08b7f9dd84710f2fa08a1,1,4,uplink_power_w,0.4,far,33,456.40445204293337,0.12121212121212122,45.28188110481747,0.026305590264529725
06ac6393eee7a87a46f65b36cf9d1863821846f32cd08b7f9dd84710f2fa08a1,1,4,downlink_power_w,0.5,near,33,166.90234746611898,0.18181818181818182,35.825913321044894,0.030721621654617552
06ac6393eee7a87a46f65b36cf9d1863821846f32cd08b7f9dd84710f2fa08a1,1,4,downlink_power_w,0.5,middle,34,343.5809648979486,0.11764705882352941,45.98068382913864,0.026075327962559444
06ac6393eee7a87a46f65b36cf9d1863821846f32cd08b7f9dd84710f2fa08a1,1,4,downlink_power_w,0.5,far,33,456.40445204293337,0.09090909090909091,46.82249410106199,0.026116801867458746
06ac6393eee7a87a46f65b36cf9d1863821846f32cd08b7f9dd84710f2fa08a1,1,4,downlink_power_w,1.0,near,33,166.90234746611898,0.18181818181818182,35.82526849326548,0.030723237270625082
06ac6393eee7a87a46f65b36cf9d1863821846f32cd08b7f9dd84710f2fa08a1,1,4,downlink_power_w,1.0,middle,34,343.5809648979486,0.11764705882352941,45.68019027467754,0.025831251967575908
06ac6393eee7a87a46f65b36cf9d1863821846f32cd08b7f9dd84710f2fa08a1,1,4,downlink_power_w,1.0,far,33,456.40445204293337,0.12121212121212122,45.28191147403556,0.026305565214440618
06ac6393eee7a87a46f65b36cf9d1863821846f32cd08b7f9dd84710f2fa08a1,1,4,downlink_power_w,2.0,near,33,166.90234746611898,0.18181818181818182,35.82562839360495,0.030723427315437125
06ac6393eee7a87a46f65b36cf9d1863821846f32cd08b7f9dd84710f2fa08a1,1,4,downlink_power_w,2.0,middle,34,343.5809648979486,0.14705882352941177,45.03953824788916,0.026251387985175966
06ac6393eee7a87a46f65b36cf9d1863821846f32cd08b7f9dd84710f2fa08a1,1,4,downlink_power_w,2.0,far,33,456.40445204293337,0.12121212121212122,45.27595932130468,0.026308115078212006
06ac6393eee7a87a46f65b36cf9d1863821846f32cd08b7f9dd84710f2fa08a1,1,4,path_loss_exponent,3.0,near,33,166.90234746611898,0.12121212121212122,37.137478643501865,0.029828408484550928
06ac6393eee7a87a46f65b36cf9d1863821846f32cd08b7f9dd84710f2fa08a1,1,4,path_loss_exponent,3.0,middle,34,343.5809648979486,0.20588235294117646,42.90120851244612,0.02678704025725791
06ac6393eee7a87a46f65b36cf9d1863821846f32cd08b7f9dd84710f2fa08a1,1,4,path_loss_exponent,3.0,far,33,456.40445204293337,0.15151515151515152,43.83501577928217,0.02652801452151635
06ac6393eee7a87a46f65b36cf9d1863821846f32cd08b7f9dd84710f2fa08a1,1,4,path_loss_exponent,3.5,near,33,166.90234746611898,0.18181818181818182,35.82526849326548,0.030723237270625082
06ac6393eee7a87a46f65b36cf9d1863821846f32cd08b7f9dd84710f2fa08a1,1,4,path_loss_exponent,3.5,middle,34,343.5809648979486,0.11764705882352941,45.68019027467754,0.025831251967575908
06ac6393eee7a87a46f65b36cf9d1863821846f32cd08b7f9dd84710f2fa08a1,1,4,path_loss_exponent,3.5,far,33,456.40445204293337,0.12121212121212122,45.28191147403556,0.026305565214440618
06ac6393eee7a87a46f65b36cf9d1863821846f32cd08b7f9dd84710f2fa08a1,1,4,path_loss_exponent,3.8,near,33,166.90234746611898,0.21212121212121213,35.45636741970507,0.03143136713552414
06ac6393eee7a87a46f65b36cf9d1863821846f32cd08b7f9dd84710f2fa08a1,1,4,path_loss_exponent,3.8,middle,34,343.5809648979486,0.08823529411764706,46.669916310222916,0.025674397215108856
06ac6393eee7a87a46f65b36cf9d1863821846f32cd08b7f9dd84710f2fa08a1,1,4,path_loss_exponent,3.8,far,33,456.40445204293337,0.06060606060606061,47.461221401496395,0.02566661586529334
06ac6393eee7a87a46f65b36cf9d1863821846f32cd08b7f9dd84710f2fa08a1,1,5,bandwidth_mhz,10.0,near,34,198.53544308907246,0.17647058823529413,42.13453197032353,0.028263977203817507
06ac6393eee7a87a46f65b36cf9d1863821846f32cd08b7f9dd84710f2fa08a1,1,5,bandwidth_mhz,10.0,middle,32,356.49013155098,0.125,49.83477152457141,0.02325022950582134
06ac6393eee7a87a46f65b36cf9d1863821846f32cd08b7f9dd84710f2fa08a1,1,5,bandwidth_mhz,10.0,far,34,453.6703756845157,0.0,38.22352941176471,0.02952303610721562
06ac6393eee7a87a46f65b36cf9d1863821846f32cd08b7f9dd84710f2fa08a1,1,5,bandwidth_mhz,20.0,near,34,198.53544308907246,0.23529411764705882,40.60603808308879,0.029117622570428506
06ac6393eee7a87a46f65b36cf9d1863821846f32cd08b7f9dd84710f2fa08a1,1,5,bandwidth_mhz,20.0,middle,32,356.49013155098,0.15625,48.2288401345727,0.023454748206078294
06ac6393eee7a87a46f65b36cf9d1863821846f32cd08b7f9dd84710f2fa08a1,1,5,bandwidth_mhz,20.0,far,34,453.6703756845157,0.029411764705882353,37.51574901088222,0.02990369121717824
06ac6393eee7a87a46f65b36cf9d1863821846f32cd08b7f9dd84710f2fa08a1,1,5,bandwidth_mhz,40.0,near,34,198.53544308907246,0.2647058823529412,39.842512845344004,0.029481140507536207
06ac6393eee7a87a46f65b36cf9d1863821846f32cd08b7f9dd84710f2fa08a1,1,5,bandwidth_mhz,40.0,middle,32,356.49013155098,0.21875,46.51386926766867,0.024270777125432037
06ac6393eee7a87a46f65b36cf9d1863821846f32cd08b7f9dd84710f2fa08a1,1,5,bandwidth_mhz,40.0,far,34,453.6703756845157,0.058823529411764705,36.94110617781394,0.03037463095327123
06ac6393eee7a87a46f65b36cf9d1863821846f32cd08b7f9dd84710f2fa08a1,1,5,image_payload_mb,0.1,near,34,198.53544308907246,0.23529411764705882,39.87136066868658,0.02883577259094332
06ac6393eee7a87a46f65b36cf9d1863821846f32cd08b7f9dd84710f2fa08a1,1,5,image_payload_mb,0.1,middle,32,356.49013155098,0.21875,45.888302782189996,0.024172634858602386
06ac6393eee7a87a46f65b36cf9d1863821846f32cd08b7f9dd84710f2fa08a1,1,5,image_payload_mb,0.1,far,34,453.6703756845157,0.14705882352941177,35.204341715997764,0.03182339559321539
06ac6393eee7a87a46f65b36cf9d1863821846f32cd08b7f9dd84710f2fa08a1,1,5,image_payload_mb,0.5,near,34,198.53544308907246,0.23529411764705882,40.60603808308879,0.029117622570428506
06ac6393eee7a87a46f65b36cf9d1863821846f32cd08b7f9dd84710f2fa08a1,1,5,image_payload_mb,0.5,middle,32,356.49013155098,0.15625,48.2288401345727,0.023454748206078294
06ac6393eee7a87a46f65b36cf9d1863821846f32cd08b7f9dd84710f2fa08a1,1,5,image_payload_mb,0.5,far,34,453.6703756845157,0.029411764705882353,37.51574901088222,0.02990369121717824
06ac6393eee7a87a46f65b36cf9d1863821846f32cd08b7f9dd84710f2fa08a1,1,5,image_payload_mb,1.0,near,34,198.53544308907246,0.23529411764705882,41.28077349593312,0.029451535088397308
06ac6393eee7a87a46f65b36cf9d1863821846f32cd08b7f9dd84710f2fa08a1,1,5,image_payload_mb,1.0,middle,32,356.49013155098,0.0625,51.632478017043,0.022546792263748065
06ac6393eee7a87a46f65b36cf9d1863821846f32cd08b7f9dd84710f2fa08a1,1,5,image_payload_mb,1.0,far,34,453.6703756845157,0.0,38.22352941176471,0.02952303610721562
06ac6393eee7a87a46f65b36cf9d1863821846f32cd08b7f9dd84710f2fa08a1,1,5,uplink_power_w,0.1,near,34,198.53544308907246,0.20588235294117646,41.06587778041215,0.02853972015969724
06ac6393eee7a87a46f65b36cf9d1863821846f32cd08b7f9dd84710f2fa08a1,1,5,uplink_power_w,0.1,middle,32,356.49013155098,0.15625,48.228959527026106,0.023454671049197306
06ac6393eee7a87a46f65b36cf9d1863821846f32cd08b7f9dd84710f2fa08a1,1,5,uplink_power_w,0.1,far,34,453.6703756845157,0.058823529411764705,36.94498281933748,0.03037027548276991
06ac6393eee7a87a46f65b36cf9d1863821846f32cd08b7f9dd84710f2fa08a1,1,5,uplink_power_w,0.2,near,34,198.53544308907246,0.23529411764705882,40.60603808308879,0.029117622570428506
06ac6393eee7a87a46f65b36cf9d1863821846f32cd08b7f9dd84710f2fa08a1,1,5,uplink_power_w,0.2,middle,32,356.49013155098,0.15625,48.2288401345727,0.023454748206078294
06ac6393eee7a87a46f65b36cf9d1863821846f32cd08b7f9dd84710f2fa08a1,1,5,uplink_power_w,0.2,far,34,453.6703756845157,0.029411764705882353,37.51574901088222,0.02990369121717824
06ac6393eee7a87a46f65b36cf9d1863821846f32cd08b7f9dd84710f2fa08a1,1,5,uplink_power_w,0.4,near,34,198.53544308907246,0.20588235294117646,41.662697614570696,0.028853473051222284
06ac6393eee7a87a46f65b36cf9d1863821846f32cd08b7f9dd84710f2fa08a1,1,5,uplink_power_w,0.4,middle,32,356.49013155098,0.15625,48.229336682603005,0.02345439997254939
06ac6393eee7a87a46f65b36cf9d1863821846f32cd08b7f9dd84710f2fa08a1,1,5,uplink_power_w,0.4,far,34,453.6703756845157,0.058823529411764705,36.945131229025364,0.030370095539727235
06ac6393eee7a87a46f65b36cf9d1863821846f32cd08b7f9dd84710f2fa08a1,1,5,downlink_power_w,0.5,near,34,198.53544308907246,0.23529411764705882,40.60591535866174,0.029117726756254774
06ac6393eee7a87a46f65b36cf9d1863821846f32cd08b7f9dd84710f2fa08a1,1,5,downlink_power_w,0.5,middle,32,356.49013155098,0.15625,48.24507975032316,0.023446251137569735
06ac6393eee7a87a46f65b36cf9d1863821846f32cd08b7f9dd84710f2fa08a1,1,5,downlink_power_w,0.5,far,34,453.6703756845157,0.0,38.22352941176471,0.02952303610721562
06ac6393eee7a87a46f65b36cf9d1863821846f32cd08b7f9dd84710f2fa08a1,1,5,downlink_power_w,1.0,near,34,198.53544308907246,0.23529411764705882,40.60603808308879,0.029117622570428506
06ac6393eee7a87a46f65b36cf9d1863821846f32cd08b7f9dd84710f2fa08a1,1,5,downlink_power_w,1.0,middle,32,356.49013155098,0.15625,48.2288401345727,0.023454748206078294
06ac6393eee7a87a46f65b36cf9d1863821846f32cd08b7f9dd84710f2fa08a1,1,5,downlink_power_w,1.0,far,34,453.6703756845157,0.029411764705882353,37.51574901088222,0.02990369121717824
06ac6393eee7a87a46f65b36cf9d1863821846f32cd08b7f9dd84710f2fa08a1,1,5,downlink_power_w,2.0,near,34,198.53544308907246,0.23529411764705882,40.60744134871781,0.0291159913380251
06ac6393eee7a87a46f65b36cf9d1863821846f32cd08b7f9dd84710f2fa08a1,1,5,downlink_power_w,2.0,middle,32,356.49013155098,0.15625,48.21871063451342,0.02345990408887491
06ac6393eee7a87a46f65b36cf9d1863821846f32cd08b7f9dd84710f2fa08a1,1,5,downlink_power_w,2.0,far,34,453.6703756845157,0.058823529411764705,36.942715705299214,0.03037269864911049
06ac6393eee7a87a46f65b36cf9d1863821846f32cd08b7f9dd84710f2fa08a1,1,5,path_loss_exponent,3.0,near,34,198.53544308907246,0.17647058823529413,41.49768324971636,0.027932547172040727
06ac6393eee7a87a46f65b36cf9d1863821846f32cd08b7f9dd84710f2fa08a1,1,5,path_loss_exponent,3.0,middle,32,356.49013155098,0.15625,48.19664625848727,0.02347111161139838
06ac6393eee7a87a46f65b36cf9d1863821846f32cd08b7f9dd84710f2fa08a1,1,5,path_loss_exponent,3.0,far,34,453.6703756845157,0.17647058823529413,34.397713572468426,0.03212905099193122
06ac6393eee7a87a46f65b36cf9d1863821846f32cd08b7f9dd84710f2fa08a1,1,5,path_loss_exponent,3.5,near,34,198.53544308907246,0.23529411764705882,40.60603808308879,0.029117622570428506
06ac6393eee7a87a46f65b36cf9d1863821846f32cd08b7f9dd84710f2fa08a1,1,5,path_loss_exponent,3.5,middle,32,356.49013155098,0.15625,48.2288401345727,0.023454748206078294
06ac6393eee7a87a46f65b36cf9d1863821846f32cd08b7f9dd84710f2fa08a1,1,5,path_loss_exponent,3.5,far,34,453.6703756845157,0.029411764705882353,37.51574901088222,0.02990369121717824
06ac6393eee7a87a46f65b36cf9d1863821846f32cd08b7f9dd84710f2fa08a1,1,5,path_loss_exponent,3.8,near,34,198.53544308907246,0.29411764705882354,39.77354216463658,0.030343088168241907
06ac6393eee7a87a46f65b36cf9d1863821846f32cd08b7f9dd84710f2fa08a1,1,5,path_loss_exponent,3.8,middle,32,356.49013155098,0.0625,51.63268158038035,0.022546485183389087
06ac6393eee7a87a46f65b36cf9d1863821846f32cd08b7f9dd84710f2fa08a1,1,5,path_loss_exponent,3.8,far,34,453.6703756845157,0.0,38.22352941176471,0.02952303610721562
06ac6393eee7a87a46f65b36cf9d1863821846f32cd08b7f9dd84710f2fa08a1,1,6,bandwidth_mhz,10.0,near,34,175.88214680747862,0.17647058823529413,34.512907695222076,0.03291391466127896
06ac6393eee7a87a46f65b36cf9d1863821846f32cd08b7f9dd84710f2fa08a1,1,6,bandwidth_mhz,10.0,middle,33,349.66309845058254,0.15151515151515152,52.24959753644048,0.022585874000731372
06ac6393eee7a87a46f65b36cf9d1863821846f32cd08b7f9dd84710f2fa08a1,1,6,bandwidth_mhz,10.0,far,33,463.74647187908835,0.0,43.58181818181819,0.02636366911874783
06ac6393eee7a87a46f65b36cf9d1863821846f32cd08b7f9dd84710f2fa08a1,1,6,bandwidth_mhz,20.0,near,34,175.88214680747862,0.20588235294117646,33.444481413807026,0.03319831084225845
06ac6393eee7a87a46f65b36cf9d1863821846f32cd08b7f9dd84710f2fa08a1,1,6,bandwidth_mhz,20.0,middle,33,349.66309845058254,0.21212121212121213,51.02951920768116,0.023566044901857274
06ac6393eee7a87a46f65b36cf9d1863821846f32cd08b7f9dd84710f2fa08a1,1,6,bandwidth_mhz,20.0,far,33,463.74647187908835,0.0,43.58181818181819,0.02636366911874783
06ac6393eee7a87a46f65b36cf9d1863821846f32cd08b7f9dd84710f2fa08a1,1,6,bandwidth_mhz,40.0,near,34,175.88214680747862,0.23529411764705882,32.296476300766074,0.0334437115779132
06ac6393eee7a87a46f65b36cf9d1863821846f32cd08b7f9dd84710f2fa08a1,1,6,bandwidth_mhz,40.0,middle,33,349.66309845058254,0.30303030303030304,48.04582612452163,0.02453127668640589
06ac6393eee7a87a46f65b36cf9d1863821846f32cd08b7f9dd84710f2fa08a1,1,6,bandwidth_mhz,40.0,far,33,463.74647187908835,0.0,43.58181818181819,0.02636366911874783
06ac6393eee7a87a46f65b36cf9d1863821846f32cd08b7f9dd84710f2fa08a1,1,6,image_payload_mb,0.1,near,34,175.88214680747862,0.17647058823529413,33.942843987153445,0.03268916696244122
06ac6393eee7a87a46f65b36cf9d1863821846f32cd08b7f9dd84710f2fa08a1,1,6,image_payload_mb,0.1,middle,33,349.66309845058254,0.2727272727272727,48.39007065736298,0.02404149809589452
06ac6393eee7a87a46f65b36cf9d1863821846f32cd08b7f9dd84710f2fa08a1,1,6,image_payload_mb,0.1,far,33,463.74647187908835,0.15151515151515152,39.59754795831631,0.028473788078499544
06ac6393eee7a87a46f65b36cf9d1863821846f32cd08b7f9dd84710f2fa08a1,1,6,image_payload_mb,0.5,near,34,175.88214680747862,0.20588235294117646,33.444481413807026,0.03319831084225845
06ac6393eee7a87a46f65b36cf9d1863821846f32cd08b7f9dd84710f2fa08a1,1,6,image_payload_mb,0.5,middle,33,349.66309845058254,0.21212121212121213,51.02951920768116,0.023566044901857274
06ac6393eee7a87a46f65b36cf9d1863821846f32cd08b7f9dd84710f2fa08a1,1,6,image_payload_mb,0.5,far,33,463.74647187908835,0.0,43.58181818181819,0.02636366911874783
06ac6393eee7a87a46f65b36cf9d1863821846f32cd08b7f9dd84710f2fa08a1,1,6,image_payload_mb,1.0,near,34,175.88214680747862,0.17647058823529413,34.51351126490911,0.0329142218822551
06ac6393eee7a87a46f65b36cf9d1863821846f32cd08b7f9dd84710f2fa08a1,1,6,image_payload_mb,1.0,middle,33,349.66309845058254,0.12121212121212122,52.978476931342215,0.02219409877806777
06ac6393eee7a87a46f65b36cf9d1863821846f32cd08b7f9dd84710f2fa08a1,1,6,image_payload_mb,1.0,far,33,463.74647187908835,0.0,43.58181818181819,0.02636366911874783
06ac6393eee7a87a46f65b36cf9d1863821846f32cd08b7f9dd84710f2fa08a1,1,6,uplink_power_w,0.1,near,34,175.88214680747862,0.20588235294117646,33.454976653184836,0.03318872021439115
06ac6393eee7a87a46f65b36cf9d1863821846f32cd08b7f9dd84710f2fa08a1,1,6,uplink_power_w,0.1,middle,33,349.66309845058254,0.24242424242424243,50.22094675837733,0.023901061060516905
06ac6393eee7a87a46f65b36cf9d1863821846f32cd08b7f9dd84710f2fa08a1,1,6,uplink_power_w,0.1,far,33,463.74647187908835,0.0,43.58181818181819,0.02636366911874783
06ac6393eee7a87a46f65b36cf9d1863821846f32cd08b7f9dd84710f2fa08a1,1,6,uplink_power_w,0.2,near,34,175.88214680747862,0.20588235294117646,33.444481413807026,0.03319831084225845
06ac6393eee7a87a46f65b36cf9d1863821846f32cd08b7f9dd84710f2fa08a1,1,6,uplink_power_w,0.2,middle,33,349.66309845058254,0.21212121212121213,51.02951920768116,0.023566044901857274
06ac6393eee7a87a46f65b36cf9d1863821846f32cd08b7f9dd84710f2fa08a1,1,6,uplink_power_w,0.2,far,33,463.74647187908835,0.0,43.58181818181819,0.02636366911874783
06ac6393eee7a87a46f65b36cf9d1863821846f32cd08b7f9dd84710f2fa08a1,1,6,uplink_power_w,0.4,near,34,175.88214680747862,0.23529411764705882,33.661291500251735,0.03415952556733752
06ac6393eee7a87a46f65b36cf9d1863821846f32cd08b7f9dd84710f2fa08a1,1,6,uplink_power_w,0.4,middle,33,349.66309845058254,0.21212121212121213,51.03900613142158,0.02355492141091111
06ac6393eee7a87a46f65b36cf9d1863821846f32cd08b7f9dd84710f2fa08a1,1,6,uplink_power_w,0.4,far,33,463.74647187908835,0.0,43.58181818181819,0.02636366911874783
06ac6393eee7a87a46f65b36cf9d1863821846f32cd08b7f9dd84710f2fa08a1,1,6,downlink_power_w,0.5,near,34,175.88214680747862,0.23529411764705882,33.066253878509364,0.03385160440677998
06ac6393eee7a87a46f65b36cf9d1863821846f32cd08b7f9dd84710f2fa08a1,1,6,downlink_power_w,0.5,middle,33,349.66309845058254,0.18181818181818182,51.72428160890369,0.023134206790613857
06ac6393eee7a87a46f65b36cf9d1863821846f32cd08b7f9dd84710f2fa08a1,1,6,downlink_power_w,0.5,far,33,463.74647187908835,0.0,43.58181818181819,0.02636366911874783
06ac6393eee7a87a46f65b36cf9d1863821846f32cd08b7f9dd84710f2fa08a1,1,6,downlink_power_w,1.0,near,34,175.88214680747862,0.20588235294117646,33.444481413807026,0.03319831084225845
06ac6393eee7a87a46f65b36cf9d1863821846f32cd08b7f9dd84710f2fa08a1,1,6,downlink_power_w,1.0,middle,33,349.66309845058254,0.21212121212121213,51.02951920768116,0.023566044901857274
06ac6393eee7a87a46f65b36cf9d1863821846f32cd08b7f9dd84710f2fa08a1,1,6,downlink_power_w,1.0,far,33,463.74647187908835,0.0,43.58181818181819,0.02636366911874783
06ac6393eee7a87a46f65b36cf9d1863821846f32cd08b7f9dd84710f2fa08a1,1,6,downlink_power_w,2.0,near,34,175.88214680747862,0.20588235294117646,33.44552969218555,0.033196566460994954
06ac6393eee7a87a46f65b36cf9d1863821846f32cd08b7f9dd84710f2fa08a1,1,6,downlink_power_w,2.0,middle,33,349.66309845058254,0.21212121212121213,50.813608662169734,0.02342143677227676
06ac6393eee7a87a46f65b36cf9d1863821846f32cd08b7f9dd84710f2fa08a1,1,6,downlink_power_w,2.0,far,33,463.74647187908835,0.030303030303030304,43.090288333518316,0.02692472169475975
06ac6393eee7a87a46f65b36cf9d1863821846f32cd08b7f9dd84710f2fa08a1,1,6,path_loss_exponent,3.0,near,34,175.88214680747862,0.20588235294117646,32.753411677002255,0.03286539033457466
06ac6393eee7a87a46f65b36cf9d1863821846f32cd08b7f9dd84710f2fa08a1,1,6,path_loss_exponent,3.0,middle,33,349.66309845058254,0.24242424242424243,49.056737350496604,0.023463666234349388
06ac6393eee7a87a46f65b36cf9d1863821846f32cd08b7f9dd84710f2fa08a1,1,6,path_loss_exponent,3.0,far,33,463.74647187908835,0.030303030303030304,42.10492066103354,0.026560280070206322
06ac6393eee7a87a46f65b36cf9d1863821846f32cd08b7f9dd84710f2fa08a1,1,6,path_loss_exponent,3.5,near,34,175.88214680747862,0.20588235294117646,33.444481413807026,0.03319831084225845
06ac6393eee7a87a46f65b36cf9d1863821846f32cd08b7f9dd84710f2fa08a1,1,6,path_loss_exponent,3.5,middle,33,349.66309845058254,0.21212121212121213,51.02951920768116,0.023566044901857274
06ac6393eee7a87a46f65b36cf9d1863821846f32cd08b7f9dd84710f2fa08a1,1,6,path_loss_exponent,3.5,far,33,463.74647187908835,0.0,43.58181818181819,0.02636366911874783
06ac6393eee7a87a46f65b36cf9d1863821846f32cd08b7f9dd84710f2fa08a1,1,6,path_loss_exponent,3.8,near,34,175.88214680747862,0.23529411764705882,33.660836242499684,0.034164870376784826
06ac6393eee7a87a46f65b36cf9d1863821846f32cd08b7f9dd84710f2fa08a1,1,6,path_loss_exponent,3.8,middle,33,349.66309845058254,0.12121212121212122,52.976656994951966,0.02219781862241738
06ac6393eee7a87a46f65b36cf9d1863821846f32cd08b7f9dd84710f2fa08a1,1,6,path_loss_exponent,3.8,far,33,463.74647187908835,0.0,43.58181818181819,0.02636366911874783
06ac6393eee7a87a46f65b36cf9d1863821846f32cd08b7f9dd84710f2fa08a1,1,7,bandwidth_mhz,10.0,near,33,210.37484049052154,0.18181818181818182,43.91276091818361,0.026827972993344513
06ac6393eee7a87a46f65b36cf9d1863821846f32cd08b7f9dd84710f2fa08a1,1,7,bandwidth_mhz,10.0,middle,33,351.6918998913286,0.09090909090909091,41.02503001642698,0.027496466736352712
06ac6393eee7a87a46f65b36cf9d1863821846f32cd08b7f9dd84710f2fa08a1,1,7,bandwidth_mhz,10.0,far,34,450.3826995287805,0.029411764705882353,43.437989557412045,0.026227021629216602
06ac6393eee7a87a46f65b36cf9d1863821846f32cd08b7f9dd84710f2fa08a1,1,7,bandwidth_mhz,20.0,near,33,210.37484049052154,0.24242424242424243,42.43816137049113,0.02772852825062467
06ac6393eee7a87a46f65b36cf9d1863821846f32cd08b7f9dd84710f2fa08a1,1,7,bandwidth_mhz,20.0,middle,33,351.6918998913286,0.15151515151515152,39.802923016806304,0.028468990993228176
06ac6393eee7a87a46f65b36cf9d1863821846f32cd08b7f9dd84710f2fa08a1,1,7,bandwidth_mhz,20.0,far,34,450.3826995287805,0.029411764705882353,43.434180089728706,0.026229683974820405
06ac6393eee7a87a46f65b36cf9d1863821846f32cd08b7f9dd84710f2fa08a1,1,7,bandwidth_mhz,40.0,near,33,210.37484049052154,0.30303030303030304,40.430833960799276,0.02853592989103083
06ac6393eee7a87a46f65b36cf9d1863821846f32cd08b7f9dd84710f2fa08a1,1,7,bandwidth_mhz,40.0,middle,33,351.6918998913286,0.18181818181818182,39.195454847589936,0.028961511323268383
06ac6393eee7a87a46f65b36cf9d1863821846f32cd08b7f9dd84710f2fa08a1,1,7,bandwidth_mhz,40.0,far,34,450.3826995287805,0.058823529411764705,42.951314415230684,0.02678221034168303
06ac6393eee7a87a46f65b36cf9d1863821846f32cd08b7f9dd84710f2fa08a1,1,7,image_payload_mb,0.1,near,33,210.37484049052154,0.2727272727272727,42.319515926083,0.029120461974168666
06ac6393eee7a87a46f65b36cf9d1863821846f32cd08b7f9dd84710f2fa08a1,1,7,image_payload_mb,0.1,middle,33,351.6918998913286,0.21212121212121213,40.40067778333453,0.030435283397719955
06ac6393eee7a87a46f65b36cf9d1863821846f32cd08b7f9dd84710f2fa08a1,1,7,image_payload_mb,0.1,far,34,450.3826995287805,0.11764705882352941,41.59305684280634,0.02772876287221867
06ac6393eee7a87a46f65b36cf9d1863821846f32cd08b7f9dd84710f2fa08a1,1,7,image_payload_mb,0.5,near,33,210.37484049052154,0.24242424242424243,42.43816137049113,0.02772852825062467
06ac6393eee7a87a46f65b36cf9d1863821846f32cd08b7f9dd84710f2fa08a1,1,7,image_payload_mb,0.5,middle,33,351.6918998913286,0.15151515151515152,39.802923016806304,0.028468990993228176
06ac6393eee7a87a46f65b36cf9d1863821846f32cd08b7f9dd84710f2fa08a1,1,7,image_payload_mb,0.5,far,34,450.3826995287805,0.029411764705882353,43.434180089728706,0.026229683974820405
06ac6393eee7a87a46f65b36cf9d1863821846f32cd08b7f9dd84710f2fa08a1,1,7,image_payload_mb,1.0,near,33,210.37484049052154,0.18181818181818182,43.91191170851572,0.026827728810901095
06ac6393eee7a87a46f65b36cf9d1863821846f32cd08b7f9dd84710f2fa08a1,1,7,image_payload_mb,1.0,middle,33,351.6918998913286,0.09090909090909091,41.284564196310725,0.02767015528000401
06ac6393eee7a87a46f65b36cf9d1863821846f32cd08b7f9dd84710f2fa08a1,1,7,image_payload_mb,1.0,far,34,450.3826995287805,0.0,44.25882352941177,0.02589780181198969
06ac6393eee7a87a46f65b36cf9d1863821846f32cd08b7f9dd84710f2fa08a1,1,7,uplink_power_w,0.1,near,33,210.37484049052154,0.30303030303030304,40.47009535440625,0.028517293528830433
06ac6393eee7a87a46f65b36cf9d1863821846f32cd08b7f9dd84710f2fa08a1,1,7,uplink_power_w,0.1,middle,33,351.6918998913286,0.09090909090909091,41.006008677389744,0.02750388341022822
06ac6393eee7a87a46f65b36cf9d1863821846f32cd08b7f9dd84710f2fa08a1,1,7,uplink_power_w,0.1,far,34,450.3826995287805,0.029411764705882353,43.43421914395849,0.026229656588101766
06ac6393eee7a87a46f65b36cf9d1863821846f32cd08b7f9dd84710f2fa08a1,1,7,uplink_power_w,0.2,near,33,210.37484049052154,0.24242424242424243,42.43816137049113,0.02772852825062467
06ac6393eee7a87a46f65b36cf9d1863821846f32cd08b7f9dd84710f2fa08a1,1,7,uplink_power_w,0.2,middle,33,351.6918998913286,0.15151515151515152,39.802923016806304,0.028468990993228176
06ac6393eee7a87a46f65b36cf9d1863821846f32cd08b7f9dd84710f2fa08a1,1,7,uplink_power_w,0.2,far,34,450.3826995287805,0.029411764705882353,43.434180089728706,0.026229683974820405
06ac6393eee7a87a46f65b36cf9d1863821846f32cd08b7f9dd84710f2fa08a1,1,7,uplink_power_w,0.4,near,33,210.37484049052154,0.24242424242424243,42.95646562983647,0.02802490912559002
06ac6393eee7a87a46f65b36cf9d1863821846f32cd08b7f9dd84710f2fa08a1,1,7,uplink_power_w,0.4,middle,33,351.6918998913286,0.18181818181818182,39.22360533911633,0.02894261971612149
06ac6393eee7a87a46f65b36cf9d1863821846f32cd08b7f9dd84710f2fa08a1,1,7,uplink_power_w,0.4,far,34,450.3826995287805,0.029411764705882353,43.43551493027867,0.0262287490107114
06ac6393eee7a87a46f65b36cf9d1863821846f32cd08b7f9dd84710f2fa08a1,1,7,downlink_power_w,0.5,near,33,210.37484049052154,0.2727272727272727,40.93659832384656,0.027922152201441276
06ac6393eee7a87a46f65b36cf9d1863821846f32cd08b7f9dd84710f2fa08a1,1,7,downlink_power_w,0.5,middle,33,351.6918998913286,0.12121212121212122,40.491478297468916,0.028047318539635838
06ac6393eee7a87a46f65b36cf9d1863821846f32cd08b7f9dd84710f2fa08a1,1,7,downlink_power_w,0.5,far,34,450.3826995287805,0.0,44.25882352941177,0.02589780181198969
06ac6393eee7a87a46f65b36cf9d1863821846f32cd08b7f9dd84710f2fa08a1,1,7,downlink_power_w,1.0,near,33,210.37484049052154,0.24242424242424243,42.43816137049113,0.02772852825062467
06ac6393eee7a87a46f65b36cf9d1863821846f32cd08b7f9dd84710f2fa08a1,1,7,downlink_power_w,1.0,middle,33,351.6918998913286,0.15151515151515152,39.802923016806304,0.028468990993228176
06ac6393eee7a87a46f65b36cf9d1863821846f32cd08b7f9dd84710f2fa08a1,1,7,downlink_power_w,1.0,far,34,450.3826995287805,0.029411764705882353,43.434180089728706,0.026229683974820405
06ac6393eee7a87a46f65b36cf9d1863821846f32cd08b7f9dd84710f2fa08a1,1,7,downlink_power_w,2.0,near,33,210.37484049052154,0.24242424242424243,42.94830961175702,0.028034025330093488
06ac6393eee7a87a46f65b36cf9d1863821846f32cd08b7f9dd84710f2fa08a1,1,7,downlink_power_w,2.0,middle,33,351.6918998913286,0.18181818181818182,39.20959784444183,0.02895349017709688
06ac6393eee7a87a46f65b36cf9d1863821846f32cd08b7f9dd84710f2fa08a1,1,7,downlink_power_w,2.0,far,34,450.3826995287805,0.029411764705882353,43.43240947663014,0.02623092764086374
06ac6393eee7a87a46f65b36cf9d1863821846f32cd08b7f9dd84710f2fa08a1,1,7,path_loss_exponent,3.0,near,33,210.37484049052154,0.21212121212121213,42.37263202590223,0.02704557681262603
06ac6393eee7a87a46f65b36cf9d1863821846f32cd08b7f9dd84710f2fa08a1,1,7,path_loss_exponent,3.0,middle,33,351.6918998913286,0.18181818181818182,38.150867054708144,0.0285395600874688
06ac6393eee7a87a46f65b36cf9d1863821846f32cd08b7f9dd84710f2fa08a1,1,7,path_loss_exponent,3.0,far,34,450.3826995287805,0.08823529411764706,41.285388951082126,0.02683868853058979
06ac6393eee7a87a46f65b36cf9d1863821846f32cd08b7f9dd84710f2fa08a1,1,7,path_loss_exponent,3.5,near,33,210.37484049052154,0.24242424242424243,42.43816137049113,0.02772852825062467
06ac6393eee7a87a46f65b36cf9d1863821846f32cd08b7f9dd84710f2fa08a1,1,7,path_loss_exponent,3.5,middle,33,351.6918998913286,0.15151515151515152,39.802923016806304,0.028468990993228176
06ac6393eee7a87a46f65b36cf9d1863821846f32cd08b7f9dd84710f2fa08a1,1,7,path_loss_exponent,3.5,far,34,450.3826995287805,0.029411764705882353,43.434180089728706,0.026229683974820405
06ac6393eee7a87a46f65b36cf9d1863821846f32cd08b7f9dd84710f2fa08a1,1,7,path_loss_exponent,3.8,near,33,210.37484049052154,0.2727272727272727,41.97513484056345,0.02831622821188554
06ac6393eee7a87a46f65b36cf9d1863821846f32cd08b7f9dd84710f2fa08a1,1,7,path_loss_exponent,3.8,middle,33,351.6918998913286,0.09090909090909091,41.28247820610571,0.027670558179684168
06ac6393eee7a87a46f65b36cf9d1863821846f32cd08b7f9dd84710f2fa08a1,1,7,path_loss_exponent,3.8,far,34,450.3826995287805,0.0,44.25882352941177,0.02589780181198969
06ac6393eee7a87a46f65b36cf9d1863821846f32cd08b7f9dd84710f2fa08a1,1,8,bandwidth_mhz,10.0,near,34,198.8475062753434,0.17647058823529413,43.97519063394033,0.026968431818253258
06ac6393eee7a87a46f65b36cf9d1863821846f32cd08b7f9dd84710f2fa08a1,1,8,bandwidth_mhz,10.0,middle,32,363.0871758207313,0.03125,48.61483182110676,0.025325810753906962
06ac6393eee7a87a46f65b36cf9d1863821846f32cd08b7f9dd84710f2fa08a1,1,8,bandwidth_mhz,10.0,far,34,449.1334035257835,0.11764705882352941,37.94411374562856,0.029678699160936454
06ac6393eee7a87a46f65b36cf9d1863821846f32cd08b7f9dd84710f2fa08a1,1,8,bandwidth_mhz,20.0,near,34,198.8475062753434,0.2647058823529412,41.33834901586679,0.02816867674117921
06ac6393eee7a87a46f65b36cf9d1863821846f32cd08b7f9dd84710f2fa08a1,1,8,bandwidth_mhz,20.0,middle,32,363.0871758207313,0.03125,48.61053864129743,0.025327968473284328
06ac6393eee7a87a46f65b36cf9d1863821846f32cd08b7f9dd84710f2fa08a1,1,8,bandwidth_mhz,20.0,far,34,449.1334035257835,0.11764705882352941,37.92525416368191,0.029699222966315435
06ac6393eee7a87a46f65b36cf9d1863821846f32cd08b7f9dd84710f2fa08a1,1,8,bandwidth_mhz,40.0,near,34,198.8475062753434,0.29411764705882354,40.208977733014514,0.028283912806229966
06ac6393eee7a87a46f65b36cf9d1863821846f32cd08b7f9dd84710f2fa08a1,1,8,bandwidth_mhz,40.0,middle,32,363.0871758207313,0.09375,46.256783962288324,0.02590792293725545
06ac6393eee7a87a46f65b36cf9d1863821846f32cd08b7f9dd84710f2fa08a1,1,8,bandwidth_mhz,40.0,far,34,449.1334035257835,0.11764705882352941,37.91284055620811,0.029712763821014267
06ac6393eee7a87a46f65b36cf9d1863821846f32cd08b7f9dd84710f2fa08a1,1,8,image_payload_mb,0.1,near,34,198.8475062753434,0.2647058823529412,39.747678514434696,0.027358158889307854
06ac6393eee7a87a46f65b36cf9d1863821846f32cd08b7f9dd84710f2fa08a1,1,8,image_payload_mb,0.1,middle,32,363.0871758207313,0.25,42.293021296283314,0.028224815473637588
06ac6393eee7a87a46f65b36cf9d1863821846f32cd08b7f9dd84710f2fa08a1,1,8,image_payload_mb,0.1,far,34,449.1334035257835,0.08823529411764706,38.29369326144996,0.029134749551458144
06ac6393eee7a87a46f65b36cf9d1863821846f32cd08b7f9dd84710f2fa08a1,1,8,image_payload_mb,0.5,near,34,198.8475062753434,0.2647058823529412,41.33834901586679,0.02816867674117921
06ac6393eee7a87a46f65b36cf9d1863821846f32cd08b7f9dd84710f2fa08a1,1,8,image_payload_mb,0.5,middle,32,363.0871758207313,0.03125,48.61053864129743,0.025327968473284328
06ac6393eee7a87a46f65b36cf9d1863821846f32cd08b7f9dd84710f2fa08a1,1,8,image_payload_mb,0.5,far,34,449.1334035257835,0.11764705882352941,37.92525416368191,0.029699222966315435
06ac6393eee7a87a46f65b36cf9d1863821846f32cd08b7f9dd84710f2fa08a1,1,8,image_payload_mb,1.0,near,34,198.8475062753434,0.14705882352941177,44.60830157828849,0.026556861714399332
06ac6393eee7a87a46f65b36cf9d1863821846f32cd08b7f9dd84710f2fa08a1,1,8,image_payload_mb,1.0,middle,32,363.0871758207313,0.0625,48.18216457937938,0.025989462597859114
06ac6393eee7a87a46f65b36cf9d1863821846f32cd08b7f9dd84710f2fa08a1,1,8,image_payload_mb,1.0,far,34,449.1334035257835,0.08823529411764706,38.55897057212184,0.029247892615106585
06ac6393eee7a87a46f65b36cf9d1863821846f32cd08b7f9dd84710f2fa08a1,1,8,uplink_power_w,0.1,near,34,198.8475062753434,0.2647058823529412,41.04701267004646,0.0279127868734294
06ac6393eee7a87a46f65b36cf9d1863821846f32cd08b7f9dd84710f2fa08a1,1,8,uplink_power_w,0.1,middle,32,363.0871758207313,0.03125,48.61054682632721,0.025327964346885726
06ac6393eee7a87a46f65b36cf9d1863821846f32cd08b7f9dd84710f2fa08a1,1,8,uplink_power_w,0.1,far,34,449.1334035257835,0.11764705882352941,37.92531764575136,0.029699157535651777
06ac6393eee7a87a46f65b36cf9d1863821846f32cd08b7f9dd84710f2fa08a1,1,8,uplink_power_w,0.2,near,34,198.8475062753434,0.2647058823529412,41.33834901586679,0.02816867674117921
06ac6393eee7a87a46f65b36cf9d1863821846f32cd08b7f9dd84710f2fa08a1,1,8,uplink_power_w,0.2,middle,32,363.0871758207313,0.03125,48.61053864129743,0.025327968473284328
06ac6393eee7a87a46f65b36cf9d1863821846f32cd08b7f9dd84710f2fa08a1,1,8,uplink_power_w,0.2,far,34,449.1334035257835,0.11764705882352941,37.92525416368191,0.029699222966315435
06ac6393eee7a87a46f65b36cf9d1863821846f32cd08b7f9dd84710f2fa08a1,1,8,uplink_power_w,0.4,near,34,198.8475062753434,0.23529411764705882,41.82282222950374,0.02756413274163251
06ac6393eee7a87a46f65b36cf9d1863821846f32cd08b7f9dd84710f2fa08a1,1,8,uplink_power_w,0.4,middle,32,363.0871758207313,0.0625,48.1744983361357,0.025999530945182044
06ac6393eee7a87a46f65b36cf9d1863821846f32cd08b7f9dd84710f2fa08a1,1,8,uplink_power_w,0.4,far,34,449.1334035257835,0.11764705882352941,37.9256494430314,0.02969877186152831
06ac6393eee7a87a46f65b36cf9d1863821846f32cd08b7f9dd84710f2fa08a1,1,8,downlink_power_w,0.5,near,34,198.8475062753434,0.23529411764705882,41.75359294877603,0.027535840013547978
06ac6393eee7a87a46f65b36cf9d1863821846f32cd08b7f9dd84710f2fa08a1,1,8,downlink_power_w,0.5,middle,32,363.0871758207313,0.03125,48.61113687074571,0.02532766700986297
06ac6393eee7a87a46f65b36cf9d1863821846f32cd08b7f9dd84710f2fa08a1,1,8,downlink_power_w,0.5,far,34,449.1334035257835,0.11764705882352941,37.93059466623532,0.029693849928960573
06ac6393eee7a87a46f65b36cf9d1863821846f32cd08b7f9dd84710f2fa08a1,1,8,downlink_power_w,1.0,near,34,198.8475062753434,0.2647058823529412,41.33834901586679,0.02816867674117921
06ac6393eee7a87a46f65b36cf9d1863821846f32cd08b7f9dd84710f2fa08a1,1,8,downlink_power_w,1.0,middle,32,363.0871758207313,0.03125,48.61053864129743,0.025327968473284328
06ac6393eee7a87a46f65b36cf9d1863821846f32cd08b7f9dd84710f2fa08a1,1,8,downlink_power_w,1.0,far,34,449.1334035257835,0.11764705882352941,37.92525416368191,0.029699222966315435
06ac6393eee7a87a46f65b36cf9d1863821846f32cd08b7f9dd84710f2fa08a1,1,8,downlink_power_w,2.0,near,34,198.8475062753434,0.2647058823529412,41.03889179790718,0.027918003433106547
06ac6393eee7a87a46f65b36cf9d1863821846f32cd08b7f9dd84710f2fa08a1,1,8,downlink_power_w,2.0,middle,32,363.0871758207313,0.0625,47.81480374178013,0.025704933199721072
06ac6393eee7a87a46f65b36cf9d1863821846f32cd08b7f9dd84710f2fa08a1,1,8,downlink_power_w,2.0,far,34,449.1334035257835,0.11764705882352941,37.92170760766463,0.029702805585699828
06ac6393eee7a87a46f65b36cf9d1863821846f32cd08b7f9dd84710f2fa08a1,1,8,path_loss_exponent,3.0,near,34,198.8475062753434,0.23529411764705882,40.83069083897362,0.026983798186899124
06ac6393eee7a87a46f65b36cf9d1863821846f32cd08b7f9dd84710f2fa08a1,1,8,path_loss_exponent,3.0,middle,32,363.0871758207313,0.09375,46.24646907304407,0.025915740856192113
06ac6393eee7a87a46f65b36cf9d1863821846f32cd08b7f9dd84710f2fa08a1,1,8,path_loss_exponent,3.0,far,34,449.1334035257835,0.14705882352941177,36.412387179962856,0.029897593187063295
06ac6393eee7a87a46f65b36cf9d1863821846f32cd08b7f9dd84710f2fa08a1,1,8,path_loss_exponent,3.5,near,34,198.8475062753434,0.2647058823529412,41.33834901586679,0.02816867674117921
06ac6393eee7a87a46f65b36cf9d1863821846f32cd08b7f9dd84710f2fa08a1,1,8,path_loss_exponent,3.5,middle,32,363.0871758207313,0.03125,48.61053864129743,0.025327968473284328
06ac6393eee7a87a46f65b36cf9d1863821846f32cd08b7f9dd84710f2fa08a1,1,8,path_loss_exponent,3.5,far,34,449.1334035257835,0.11764705882352941,37.92525416368191,0.029699222966315435
06ac6393eee7a87a46f65b36cf9d1863821846f32cd08b7f9dd84710f2fa08a1,1,8,path_loss_exponent,3.8,near,34,198.8475062753434,0.23529411764705882,42.78162570720656,0.02796314999082521
06ac6393eee7a87a46f65b36cf9d1863821846f32cd08b7f9dd84710f2fa08a1,1,8,path_loss_exponent,3.8,middle,32,363.0871758207313,0.0625,48.1786022262318,0.025995755646200065
06ac6393eee7a87a46f65b36cf9d1863821846f32cd08b7f9dd84710f2fa08a1,1,8,path_loss_exponent,3.8,far,34,449.1334035257835,0.058823529411764705,39.25704283474744,0.02887737404999091
06ac6393eee7a87a46f65b36cf9d1863821846f32cd08b7f9dd84710f2fa08a1,1,9,bandwidth_mhz,10.0,near,33,179.25646461621815,0.21212121212121213,36.34095891024286,0.030369418537837388
06ac6393eee7a87a46f65b36cf9d1863821846f32cd08b7f9dd84710f2fa08a1,1,9,bandwidth_mhz,10.0,middle,33,351.36977807608406,0.06060606060606061,41.99028230615723,0.028028230423796884
06ac6393eee7a87a46f65b36cf9d1863821846f32cd08b7f9dd84710f2fa08a1,1,9,bandwidth_mhz,10.0,far,34,451.95490211129714,0.058823529411764705,51.22187367786071,0.023538615143922532
06ac6393eee7a87a46f65b36cf9d1863821846f32cd08b7f9dd84710f2fa08a1,1,9,bandwidth_mhz,20.0,near,33,179.25646461621815,0.2727272727272727,35.33885447430637,0.0315362328346344
06ac6393eee7a87a46f65b36cf9d1863821846f32cd08b7f9dd84710f2fa08a1,1,9,bandwidth_mhz,20.0,middle,33,351.36977807608406,0.06060606060606061,41.98248101078889,0.028035746720314156
06ac6393eee7a87a46f65b36cf9d1863821846f32cd08b7f9dd84710f2fa08a1,1,9,bandwidth_mhz,20.0,far,34,451.95490211129714,0.11764705882352941,50.193869482982095,0.024576646156541274
06ac6393eee7a87a46f65b36cf9d1863821846f32cd08b7f9dd84710f2fa08a1,1,9,bandwidth_mhz,40.0,near,33,179.25646461621815,0.30303030303030304,34.400801945147386,0.0317999682745764
06ac6393eee7a87a46f65b36cf9d1863821846f32cd08b7f9dd84710f2fa08a1,1,9,bandwidth_mhz,40.0,middle,33,351.36977807608406,0.09090909090909091,40.87101747078108,0.028305206415439262
06ac6393eee7a87a46f65b36cf9d1863821846f32cd08b7f9dd84710f2fa08a1,1,9,bandwidth_mhz,40.0,far,34,451.95490211129714,0.14705882352941177,49.18518005848612,0.024751624568968747
06ac6393eee7a87a46f65b36cf9d1863821846f32cd08b7f9dd84710f2fa08a1,1,9,image_payload_mb,0.1,near,33,179.25646461621815,0.24242424242424243,36.08765747510097,0.031227740104859313
06ac6393eee7a87a46f65b36cf9d1863821846f32cd08b7f9dd84710f2fa08a1,1,9,image_payload_mb,0.1,middle,33,351.36977807608406,0.09090909090909091,41.44747077163645,0.028639728996063808
06ac6393eee7a87a46f65b36cf9d1863821846f32cd08b7f9dd84710f2fa08a1,1,9,image_payload_mb,0.1,far,34,451.95490211129714,0.2647058823529412,45.045043388243904,0.026250171357009196
06ac6393eee7a87a46f65b36cf9d1863821846f32cd08b7f9dd84710f2fa08a1,1,9,image_payload_mb,0.5,near,33,179.25646461621815,0.2727272727272727,35.33885447430637,0.0315362328346344
06ac6393eee7a87a46f65b36cf9d1863821846f32cd08b7f9dd84710f2fa08a1,1,9,image_payload_mb,0.5,middle,33,351.36977807608406,0.06060606060606061,41.98248101078889,0.028035746720314156
06ac6393eee7a87a46f65b36cf9d1863821846f32cd08b7f9dd84710f2fa08a1,1,9,image_payload_mb,0.5,far,34,451.95490211129714,0.11764705882352941,50.193869482982095,0.024576646156541274
06ac6393eee7a87a46f65b36cf9d1863821846f32cd08b7f9dd84710f2fa08a1,1,9,image_payload_mb,1.0,near,33,179.25646461621815,0.24242424242424243,35.9189720028357,0.031018032006989896
06ac6393eee7a87a46f65b36cf9d1863821846f32cd08b7f9dd84710f2fa08a1,1,9,image_payload_mb,1.0,middle,33,351.36977807608406,0.030303030303030304,42.69086520092907,0.02762874415756805
06ac6393eee7a87a46f65b36cf9d1863821846f32cd08b7f9dd84710f2fa08a1,1,9,image_payload_mb,1.0,far,34,451.95490211129714,0.029411764705882353,51.856095712136415,0.023125099303245397
06ac6393eee7a87a46f65b36cf9d1863821846f32cd08b7f9dd84710f2fa08a1,1,9,uplink_power_w,0.1,near,33,179.25646461621815,0.30303030303030304,34.4296727582913,0.031768078759759205
06ac6393eee7a87a46f65b36cf9d1863821846f32cd08b7f9dd84710f2fa08a1,1,9,uplink_power_w,0.1,middle,33,351.36977807608406,0.06060606060606061,41.982277893721815,0.028035942222540848
06ac6393eee7a87a46f65b36cf9d1863821846f32cd08b7f9dd84710f2fa08a1,1,9,uplink_power_w,0.1,far,34,451.95490211129714,0.08823529411764706,50.64752491109181,0.02400808014956773
06ac6393eee7a87a46f65b36cf9d1863821846f32cd08b7f9dd84710f2fa08a1,1,9,uplink_power_w,0.2,near,33,179.25646461621815,0.2727272727272727,35.33885447430637,0.0315362328346344
06ac6393eee7a87a46f65b36cf9d1863821846f32cd08b7f9dd84710f2fa08a1,1,9,uplink_power_w,0.2,middle,33,351.36977807608406,0.06060606060606061,41.98248101078889,0.028035746720314156
06ac6393eee7a87a46f65b36cf9d1863821846f32cd08b7f9dd84710f2fa08a1,1,9,uplink_power_w,0.2,far,34,451.95490211129714,0.11764705882352941,50.193869482982095,0.024576646156541274
06ac6393eee7a87a46f65b36cf9d1863821846f32cd08b7f9dd84710f2fa08a1,1,9,uplink_power_w,0.4,near,33,179.25646461621815,0.30303030303030304,34.82312739920032,0.0320742570607303
06ac6393eee7a87a46f65b36cf9d1863821846f32cd08b7f9dd84710f2fa08a1,1,9,uplink_power_w,0.4,middle,33,351.36977807608406,0.06060606060606061,41.982455925136996,0.02803577113162208
06ac6393eee7a87a46f65b36cf9d1863821846f32cd08b7f9dd84710f2fa08a1,1,9,uplink_power_w,0.4,far,34,451.95490211129714,0.08823529411764706,50.647797830373776,0.024007754285983146
06ac6393eee7a87a46f65b36cf9d1863821846f32cd08b7f9dd84710f2fa08a1,1,9,downlink_power_w,0.5,near,33,179.25646461621815,0.2727272727272727,35.33909953708683,0.031536357470978264
06ac6393eee7a87a46f65b36cf9d1863821846f32cd08b7f9dd84710f2fa08a1,1,9,downlink_power_w,0.5,middle,33,351.36977807608406,0.06060606060606061,41.98635872962155,0.02803197803532398
06ac6393eee7a87a46f65b36cf9d1863821846f32cd08b7f9dd84710f2fa08a1,1,9,downlink_power_w,0.5,far,34,451.95490211129714,0.08823529411764706,50.76427985919037,0.024110986682584865
06ac6393eee7a87a46f65b36cf9d1863821846f32cd08b7f9dd84710f2fa08a1,1,9,downlink_power_w,1.0,near,33,179.25646461621815,0.2727272727272727,35.33885447430637,0.0315362328346344
06ac6393eee7a87a46f65b36cf9d1863821846f32cd08b7f9dd84710f2fa08a1,1,9,downlink_power_w,1.0,middle,33,351.36977807608406,0.06060606060606061,41.98248101078889,0.028035746720314156
06ac6393eee7a87a46f65b36cf9d1863821846f32cd08b7f9dd84710f2fa08a1,1,9,downlink_power_w,1.0,far,34,451.95490211129714,0.11764705882352941,50.193869482982095,0.024576646156541274
06ac6393eee7a87a46f65b36cf9d1863821846f32cd08b7f9dd84710f2fa08a1,1,9,downlink_power_w,2.0,near,33,179.25646461621815,0.30303030303030304,34.82337795896969,0.03207427994442191
06ac6393eee7a87a46f65b36cf9d1863821846f32cd08b7f9dd84710f2fa08a1,1,9,downlink_power_w,2.0,middle,33,351.36977807608406,0.06060606060606061,41.979907141104825,0.02803825628218968
06ac6393eee7a87a46f65b36cf9d1863821846f32cd08b7f9dd84710f2fa08a1,1,9,downlink_power_w,2.0,far,34,451.95490211129714,0.11764705882352941,49.89654906917047,0.02436581775688443
06ac6393eee7a87a46f65b36cf9d1863821846f32cd08b7f9dd84710f2fa08a1,1,9,path_loss_exponent,3.0,near,33,179.25646461621815,0.24242424242424243,34.83324514975348,0.030361703195289885
06ac6393eee7a87a46f65b36cf9d1863821846f32cd08b7f9dd84710f2fa08a1,1,9,path_loss_exponent,3.0,middle,33,351.36977807608406,0.09090909090909091,40.87119700558662,0.028306995663950507
06ac6393eee7a87a46f65b36cf9d1863821846f32cd08b7f9dd84710f2fa08a1,1,9,path_loss_exponent,3.0,far,34,451.95490211129714,0.17647058823529413,47.648724393917036,0.024894258630053328
06ac6393eee7a87a46f65b36cf9d1863821846f32cd08b7f9dd84710f2fa08a1,1,9,path_loss_exponent,3.5,near,33,179.25646461621815,0.2727272727272727,35.33885447430637,0.0315362328346344
06ac6393eee7a87a46f65b36cf9d1863821846f32cd08b7f9dd84710f2fa08a1,1,9,path_loss_exponent,3.5,middle,33,351.36977807608406,0.06060606060606061,41.98248101078889,0.028035746720314156
06ac6393eee7a87a46f65b36cf9d1863821846f32cd08b7f9dd84710f2fa08a1,1,9,path_loss_exponent,3.5,far,34,451.95490211129714,0.11764705882352941,50.193869482982095,0.024576646156541274
06ac6393eee7a87a46f65b36cf9d1863821846f32cd08b7f9dd84710f2fa08a1,1,9,path_loss_exponent,3.8,near,33,179.25646461621815,0.2727272727272727,35.33615890672493,0.03154309078377397
06ac6393eee7a87a46f65b36cf9d1863821846f32cd08b7f9dd84710f2fa08a1,1,9,path_loss_exponent,3.8,middle,33,351.36977807608406,0.030303030303030304,42.69037246528658,0.02762920242606874
06ac6393eee7a87a46f65b36cf9d1863821846f32cd08b7f9dd84710f2fa08a1,1,9,path_loss_exponent,3.8,far,34,451.95490211129714,0.058823529411764705,51.402966989237214,0.02369116275600136
06ac6393eee7a87a46f65b36cf9d1863821846f32cd08b7f9dd84710f2fa08a1,2,0,bandwidth_mhz,10.0,near,34,211.90986639223908,0.23529411764705882,45.34421211431622,0.02946651887146252
06ac6393eee7a87a46f65b36cf9d1863821846f32cd08b7f9dd84710f2fa08a1,2,0,bandwidth_mhz,10.0,middle,33,361.2559713265026,0.06060606060606061,40.19462363671942,0.03065661791563576
06ac6393eee7a87a46f65b36cf9d1863821846f32cd08b7f9dd84710f2fa08a1,2,0,bandwidth_mhz,10.0,far,33,449.12900838205314,0.06060606060606061,38.156773118994536,0.032560960673160215
06ac6393eee7a87a46f65b36cf9d1863821846f32cd08b7f9dd84710f2fa08a1,2,0,bandwidth_mhz,20.0,near,34,211.90986639223908,0.17647058823529413,44.486856376421336,0.027837938155962718
06ac6393eee7a87a46f65b36cf9d1863821846f32cd08b7f9dd84710f2fa08a1,2,0,bandwidth_mhz,20.0,middle,33,361.2559713265026,0.09090909090909091,39.475079531411296,0.031063932803091564
06ac6393eee7a87a46f65b36cf9d1863821846f32cd08b7f9dd84710f2fa08a1,2,0,bandwidth_mhz,20.0,far,33,449.12900838205314,0.12121212121212122,34.736997075795955,0.032944106396755456
06ac6393eee7a87a46f65b36cf9d1863821846f32cd08b7f9dd84710f2fa08a1,2,0,bandwidth_mhz,40.0,near,34,211.90986639223908,0.3235294117647059,42.048620373897975,0.030603900060327642
06ac6393eee7a87a46f65b36cf9d1863821846f32cd08b7f9dd84710f2fa08a1,2,0,bandwidth_mhz,40.0,middle,33,361.2559713265026,0.12121212121212122,38.90831697644266,0.03156476036050285
06ac6393eee7a87a46f65b36cf9d1863821846f32cd08b7f9dd84710f2fa08a1,2,0,bandwidth_mhz,40.0,far,33,449.12900838205314,0.12121212121212122,34.7187875785791,0.03294741142770724
06ac6393eee7a87a46f65b36cf9d1863821846f32cd08b7f9dd84710f2fa08a1,2,0,image_payload_mb,0.1,near,34,211.90986639223908,0.2647058823529412,42.595883510240384,0.02986430613591679
06ac6393eee7a87a46f65b36cf9d1863821846f32cd08b7f9dd84710f2fa08a1,2,0,image_payload_mb,0.1,middle,33,361.2559713265026,0.24242424242424243,37.06474716253273,0.03405666079426
06ac6393eee7a87a46f65b36cf9d1863821846f32cd08b7f9dd84710f2fa08a1,2,0,image_payload_mb,0.1,far,33,449.12900838205314,0.12121212121212122,36.25170978043871,0.03328471782707599
06ac6393eee7a87a46f65b36cf9d1863821846f32cd08b7f9dd84710f2fa08a1,2,0,image_payload_mb,0.5,near,34,211.90986639223908,0.17647058823529413,44.486856376421336,0.027837938155962718
06ac6393eee7a87a46f65b36cf9d1863821846f32cd08b7f9dd84710f2fa08a1,2,0,image_payload_mb,0.5,middle,33,361.2559713265026,0.09090909090909091,39.475079531411296,0.031063932803091564
06ac6393eee7a87a46f65b36cf9d1863821846f32cd08b7f9dd84710f2fa08a1,2,0,image_payload_mb,0.5,far,33,449.12900838205314,0.12121212121212122,34.736997075795955,0.032944106396755456
06ac6393eee7a87a46f65b36cf9d1863821846f32cd08b7f9dd84710f2fa08a1,2,0,image_payload_mb,1.0,near,34,211.90986639223908,0.20588235294117646,45.84243375938343,0.0289499752899408
06ac6393eee7a87a46f65b36cf9d1863821846f32cd08b7f9dd84710f2fa08a1,2,0,image_payload_mb,1.0,middle,33,361.2559713265026,0.06060606060606061,40.200130283786336,0.030655116176498198
06ac6393eee7a87a46f65b36cf9d1863821846f32cd08b7f9dd84710f2fa08a1,2,0,image_payload_mb,1.0,far,33,449.12900838205314,0.06060606060606061,38.15962568983723,0.03255805452901792
06ac6393eee7a87a46f65b36cf9d1863821846f32cd08b7f9dd84710f2fa08a1,2,0,uplink_power_w,0.1,near,34,211.90986639223908,0.17647058823529413,44.48688374570446,0.02783792204581617
06ac6393eee7a87a46f65b36cf9d1863821846f32cd08b7f9dd84710f2fa08a1,2,0,uplink_power_w,0.1,middle,33,361.2559713265026,0.09090909090909091,39.475160262420076,0.031063883961110438
06ac6393eee7a87a46f65b36cf9d1863821846f32cd08b7f9dd84710f2fa08a1,2,0,uplink_power_w,0.1,far,33,449.12900838205314,0.12121212121212122,34.73710621264782,0.032944063356141425
06ac6393eee7a87a46f65b36cf9d1863821846f32cd08b7f9dd84710f2fa08a1,2,0,uplink_power_w,0.2,near,34,211.90986639223908,0.17647058823529413,44.486856376421336,0.027837938155962718
06ac6393eee7a87a46f65b36cf9d1863821846f32cd08b7f9dd84710f2fa08a1,2,0,uplink_power_w,0.2,middle,33,361.2559713265026,0.09090909090909091,39.475079531411296,0.031063932803091564
06ac6393eee7a87a46f65b36cf9d1863821846f32cd08b7f9dd84710f2fa08a1,2,0,uplink_power_w,0.2,far,33,449.12900838205314,0.12121212121212122,34.736997075795955,0.032944106396755456
06ac6393eee7a87a46f65b36cf9d1863821846f32cd08b7f9dd84710f2fa08a1,2,0,uplink_power_w,0.4,near,34,211.90986639223908,0.20588235294117646,44.8039508001095,0.028663513861715464
06ac6393eee7a87a46f65b36cf9d1863821846f32cd08b7f9dd84710f2fa08a1,2,0,uplink_power_w,0.4,middle,33,361.2559713265026,0.09090909090909091,39.47806183445484,0.03106232488561381
06ac6393eee7a87a46f65b36cf9d1863821846f32cd08b7f9dd84710f2fa08a1,2,0,uplink_power_w,0.4,far,33,449.12900838205314,0.12121212121212122,34.745151124762074,0.03294102049356957
06ac6393eee7a87a46f65b36cf9d1863821846f32cd08b7f9dd84710f2fa08a1,2,0,downlink_power_w,0.5,near,34,211.90986639223908,0.3235294117647059,43.159068172122915,0.030936773064284186
06ac6393eee7a87a46f65b36cf9d1863821846f32cd08b7f9dd84710f2fa08a1,2,0,downlink_power_w,0.5,middle,33,361.2559713265026,0.06060606060606061,40.1900442706998,0.03065793983110786
06ac6393eee7a87a46f65b36cf9d1863821846f32cd08b7f9dd84710f2fa08a1,2,0,downlink_power_w,0.5,far,33,449.12900838205314,0.06060606060606061,38.15110847914168,0.032567447038334967
06ac6393eee7a87a46f65b36cf9d1863821846f32cd08b7f9dd84710f2fa08a1,2,0,downlink_power_w,1.0,near,34,211.90986639223908,0.17647058823529413,44.486856376421336,0.027837938155962718
06ac6393eee7a87a46f65b36cf9d1863821846f32cd08b7f9dd84710f2fa08a1,2,0,downlink_power_w,1.0,middle,33,361.2559713265026,0.09090909090909091,39.475079531411296,0.031063932803091564
06ac6393eee7a87a46f65b36cf9d1863821846f32cd08b7f9dd84710f2fa08a1,2,0,downlink_power_w,1.0,far,33,449.12900838205314,0.12121212121212122,34.736997075795955,0.032944106396755456
06ac6393eee7a87a46f65b36cf9d1863821846f32cd08b7f9dd84710f2fa08a1,2,0,downlink_power_w,2.0,near,34,211.90986639223908,0.23529411764705882,43.398392859533864,0.028781414861666403
06ac6393eee7a87a46f65b36cf9d1863821846f32cd08b7f9dd84710f2fa08a1,2,0,downlink_power_w,2.0,middle,33,361.2559713265026,0.09090909090909091,39.472988545311935,0.031065315207425163
06ac6393eee7a87a46f65b36cf9d1863821846f32cd08b7f9dd84710f2fa08a1,2,0,downlink_power_w,2.0,far,33,449.12900838205314,0.12121212121212122,34.725226254195974,0.032945494837562136
06ac6393eee7a87a46f65b36cf9d1863821846f32cd08b7f9dd84710f2fa08a1,2,0,path_loss_exponent,3.0,near,34,211.90986639223908,0.23529411764705882,41.64384282708706,0.028385795932254248
06ac6393eee7a87a46f65b36cf9d1863821846f32cd08b7f9dd84710f2fa08a1,2,0,path_loss_exponent,3.0,middle,33,361.2559713265026,0.09090909090909091,39.46121602728075,0.03107211976983566
06ac6393eee7a87a46f65b36cf9d1863821846f32cd08b7f9dd84710f2fa08a1,2,0,path_loss_exponent,3.0,far,33,449.12900838205314,0.15151515151515152,34.044617409341875,0.03340677008738509
06ac6393eee7a87a46f65b36cf9d1863821846f32cd08b7f9dd84710f2fa08a1,2,0,path_loss_exponent,3.5,near,34,211.90986639223908,0.17647058823529413,44.486856376421336,0.027837938155962718
06ac6393eee7a87a46f65b36cf9d1863821846f32cd08b7f9dd84710f2fa08a1,2,0,path_loss_exponent,3.5,middle,33,361.2559713265026,0.09090909090909091,39.475079531411296,0.031063932803091564
06ac6393eee7a87a46f65b36cf9d1863821846f32cd08b7f9dd84710f2fa08a1,2,0,path_loss_exponent,3.5,far,33,449.12900838205314,0.12121212121212122,34.736997075795955,0.032944106396755456
06ac6393eee7a87a46f65b36cf9d1863821846f32cd08b7f9dd84710f2fa08a1,2,0,path_loss_exponent,3.8,near,34,211.90986639223908,0.29411764705882354,44.49609344115714,0.030721292958018207
06ac6393eee7a87a46f65b36cf9d1863821846f32cd08b7f9dd84710f2fa08a1,2,0,path_loss_exponent,3.8,middle,33,361.2559713265026,0.06060606060606061,40.20667386041025,0.030653408666017363
06ac6393eee7a87a46f65b36cf9d1863821846f32cd08b7f9dd84710f2fa08a1,2,0,path_loss_exponent,3.8,far,33,449.12900838205314,0.06060606060606061,38.160950103720666,0.03255735584190933
06ac6393eee7a87a46f65b36cf9d1863821846f32cd08b7f9dd84710f2fa08a1,2,1,bandwidth_mhz,10.0,near,34,204.98081966315567,0.23529411764705882,39.07446694661082,0.030503528692090623
06ac6393eee7a87a46f65b36cf9d1863821846f32cd08b7f9dd84710f2fa08a1,2,1,bandwidth_mhz,10.0,middle,33,361.13506231847657,0.030303030303030304,35.38206956949961,0.032326361109731874
06ac6393eee7a87a46f65b36cf9d1863821846f32cd08b7f9dd84710f2fa08a1,2,1,bandwidth_mhz,10.0,far,33,461.8509826723753,0.030303030303030304,47.7390973798898,0.027849394779836334
06ac6393eee7a87a46f65b36cf9d1863821846f32cd08b7f9dd84710f2fa08a1,2,1,bandwidth_mhz,20.0,near,34,204.98081966315567,0.2647058823529412,38.55634080109802,0.0310290690910906
06ac6393eee7a87a46f65b36cf9d1863821846f32cd08b7f9dd84710f2fa08a1,2,1,bandwidth_mhz,20.0,middle,33,361.13506231847657,0.12121212121212122,33.77975975822852,0.03391593154026539
06ac6393eee7a87a46f65b36cf9d1863821846f32cd08b7f9dd84710f2fa08a1,2,1,bandwidth_mhz,20.0,far,33,461.8509826723753,0.06060606060606061,47.221877217055045,0.028388715681228027
06ac6393eee7a87a46f65b36cf9d1863821846f32cd08b7f9dd84710f2fa08a1,2,1,bandwidth_mhz,40.0,near,34,204.98081966315567,0.29411764705882354,38.00443642475324,0.03154696115355255
06ac6393eee7a87a46f65b36cf9d1863821846f32cd08b7f9dd84710f2fa08a1,2,1,bandwidth_mhz,40.0,middle,33,361.13506231847657,0.18181818181818182,32.85277426851779,0.035133382100792546
06ac6393eee7a87a46f65b36cf9d1863821846f32cd08b7f9dd84710f2fa08a1,2,1,bandwidth_mhz,40.0,far,33,461.8509826723753,0.09090909090909091,46.70310478668124,0.02893033681346277
06ac6393eee7a87a46f65b36cf9d1863821846f32cd08b7f9dd84710f2fa08a1,2,1,image_payload_mb,0.1,near,34,204.98081966315567,0.14705882352941177,43.45190183697058,0.03029510742216397
06ac6393eee7a87a46f65b36cf9d1863821846f32cd08b7f9dd84710f2fa08a1,2,1,image_payload_mb,0.1,middle,33,361.13506231847657,0.12121212121212122,34.65954563390099,0.034447031836509094
06ac6393eee7a87a46f65b36cf9d1863821846f32cd08b7f9dd84710f2fa08a1,2,1,image_payload_mb,0.1,far,33,461.8509826723753,0.30303030303030304,39.938145656586585,0.03173782733577204
06ac6393eee7a87a46f65b36cf9d1863821846f32cd08b7f9dd84710f2fa08a1,2,1,image_payload_mb,0.5,near,34,204.98081966315567,0.2647058823529412,38.55634080109802,0.0310290690910906
06ac6393eee7a87a46f65b36cf9d1863821846f32cd08b7f9dd84710f2fa08a1,2,1,image_payload_mb,0.5,middle,33,361.13506231847657,0.12121212121212122,33.77975975822852,0.03391593154026539
06ac6393eee7a87a46f65b36cf9d1863821846f32cd08b7f9dd84710f2fa08a1,2,1,image_payload_mb,0.5,far,33,461.8509826723753,0.06060606060606061,47.221877217055045,0.028388715681228027
06ac6393eee7a87a46f65b36cf9d1863821846f32cd08b7f9dd84710f2fa08a1,2,1,image_payload_mb,1.0,near,34,204.98081966315567,0.20588235294117646,39.604651722974126,0.030000504874833935
06ac6393eee7a87a46f65b36cf9d1863821846f32cd08b7f9dd84710f2fa08a1,2,1,image_payload_mb,1.0,middle,33,361.13506231847657,0.030303030303030304,35.38542476974909,0.03232522999853218
06ac6393eee7a87a46f65b36cf9d1863821846f32cd08b7f9dd84710f2fa08a1,2,1,image_payload_mb,1.0,far,33,461.8509826723753,0.030303030303030304,47.74095207793373,0.027847773322952758
06ac6393eee7a87a46f65b36cf9d1863821846f32cd08b7f9dd84710f2fa08a1,2,1,uplink_power_w,0.1,near,34,204.98081966315567,0.2647058823529412,38.55642107660722,0.03102900267470472
06ac6393eee7a87a46f65b36cf9d1863821846f32cd08b7f9dd84710f2fa08a1,2,1,uplink_power_w,0.1,middle,33,361.13506231847657,0.12121212121212122,33.77980536811575,0.03391587989836455
06ac6393eee7a87a46f65b36cf9d1863821846f32cd08b7f9dd84710f2fa08a1,2,1,uplink_power_w,0.1,far,33,461.8509826723753,0.06060606060606061,47.22190894027582,0.028388678030309936
06ac6393eee7a87a46f65b36cf9d1863821846f32cd08b7f9dd84710f2fa08a1,2,1,uplink_power_w,0.2,near,34,204.98081966315567,0.2647058823529412,38.55634080109802,0.0310290690910906
06ac6393eee7a87a46f65b36cf9d1863821846f32cd08b7f9dd84710f2fa08a1,2,1,uplink_power_w,0.2,middle,33,361.13506231847657,0.12121212121212122,33.77975975822852,0.03391593154026539
06ac6393eee7a87a46f65b36cf9d1863821846f32cd08b7f9dd84710f2fa08a1,2,1,uplink_power_w,0.2,far,33,461.8509826723753,0.06060606060606061,47.221877217055045,0.028388715681228027
06ac6393eee7a87a46f65b36cf9d1863821846f32cd08b7f9dd84710f2fa08a1,2,1,uplink_power_w,0.4,near,34,204.98081966315567,0.2647058823529412,38.5562863602444,0.031029114490585808
06ac6393eee7a87a46f65b36cf9d1863821846f32cd08b7f9dd84710f2fa08a1,2,1,uplink_power_w,0.4,middle,33,361.13506231847657,0.12121212121212122,33.77972929804935,0.03391596693085355
06ac6393eee7a87a46f65b36cf9d1863821846f32cd08b7f9dd84710f2fa08a1,2,1,uplink_power_w,0.4,far,33,461.8509826723753,0.06060606060606061,47.221856630944444,0.028388740488480158
06ac6393eee7a87a46f65b36cf9d1863821846f32cd08b7f9dd84710f2fa08a1,2,1,downlink_power_w,0.5,near,34,204.98081966315567,0.2647058823529412,38.56708376643676,0.031023395719257517
06ac6393eee7a87a46f65b36cf9d1863821846f32cd08b7f9dd84710f2fa08a1,2,1,downlink_power_w,0.5,middle,33,361.13506231847657,0.12121212121212122,33.78567798644401,0.03391153121812314
06ac6393eee7a87a46f65b36cf9d1863821846f32cd08b7f9dd84710f2fa08a1,2,1,downlink_power_w,0.5,far,33,461.8509826723753,0.030303030303030304,47.73886899776028,0.027849594847601966
06ac6393eee7a87a46f65b36cf9d1863821846f32cd08b7f9dd84710f2fa08a1,2,1,downlink_power_w,1.0,near,34,204.98081966315567,0.2647058823529412,38.55634080109802,0.0310290690910906
06ac6393eee7a87a46f65b36cf9d1863821846f32cd08b7f9dd84710f2fa08a1,2,1,downlink_power_w,1.0,middle,33,361.13506231847657,0.12121212121212122,33.77975975822852,0.03391593154026539
06ac6393eee7a87a46f65b36cf9d1863821846f32cd08b7f9dd84710f2fa08a1,2,1,downlink_power_w,1.0,far,33,461.8509826723753,0.06060606060606061,47.221877217055045,0.028388715681228027
06ac6393eee7a87a46f65b36cf9d1863821846f32cd08b7f9dd84710f2fa08a1,2,1,downlink_power_w,2.0,near,34,204.98081966315567,0.2647058823529412,38.548872752222806,0.031032963632026206
06ac6393eee7a87a46f65b36cf9d1863821846f32cd08b7f9dd84710f2fa08a1,2,1,downlink_power_w,2.0,middle,33,361.13506231847657,0.12121212121212122,33.77569550738766,0.03391894676153467
06ac6393eee7a87a46f65b36cf9d1863821846f32cd08b7f9dd84710f2fa08a1,2,1,downlink_power_w,2.0,far,33,461.8509826723753,0.09090909090909091,46.70741571745062,0.028923924458745812
06ac6393eee7a87a46f65b36cf9d1863821846f32cd08b7f9dd84710f2fa08a1,2,1,path_loss_exponent,3.0,near,34,204.98081966315567,0.2647058823529412,38.52461770428861,0.031046910270818687
06ac6393eee7a87a46f65b36cf9d1863821846f32cd08b7f9dd84710f2fa08a1,2,1,path_loss_exponent,3.0,middle,33,361.13506231847657,0.12121212121212122,33.67081524126654,0.03383468793611364
06ac6393eee7a87a46f65b36cf9d1863821846f32cd08b7f9dd84710f2fa08a1,2,1,path_loss_exponent,3.0,far,33,461.8509826723753,0.12121212121212122,45.32210809262665,0.02914650990054186
06ac6393eee7a87a46f65b36cf9d1863821846f32cd08b7f9dd84710f2fa08a1,2,1,path_loss_exponent,3.5,near,34,204.98081966315567,0.2647058823529412,38.55634080109802,0.0310290690910906
06ac6393eee7a87a46f65b36cf9d1863821846f32cd08b7f9dd84710f2fa08a1,2,1,path_loss_exponent,3.5,middle,33,361.13506231847657,0.12121212121212122,33.77975975822852,0.03391593154026539
06ac6393eee7a87a46f65b36cf9d1863821846f32cd08b7f9dd84710f2fa08a1,2,1,path_loss_exponent,3.5,far,33,461.8509826723753,0.06060606060606061,47.221877217055045,0.028388715681228027
06ac6393eee7a87a46f65b36cf9d1863821846f32cd08b7f9dd84710f2fa08a1,2,1,path_loss_exponent,3.8,near,34,204.98081966315567,0.23529411764705882,39.08116310973526,0.030503072584480862
06ac6393eee7a87a46f65b36cf9d1863821846f32cd08b7f9dd84710f2fa08a1,2,1,path_loss_exponent,3.8,middle,33,361.13506231847657,0.09090909090909091,34.37964352407474,0.03343246033213109
06ac6393eee7a87a46f65b36cf9d1863821846f32cd08b7f9dd84710f2fa08a1,2,1,path_loss_exponent,3.8,far,33,461.8509826723753,0.030303030303030304,47.74527788041099,0.027844014210051452
06ac6393eee7a87a46f65b36cf9d1863821846f32cd08b7f9dd84710f2fa08a1,2,2,bandwidth_mhz,10.0,near,33,182.13033563068112,0.21212121212121213,36.67724476837386,0.03293273413045495
06ac6393eee7a87a46f65b36cf9d1863821846f32cd08b7f9dd84710f2fa08a1,2,2,bandwidth_mhz,10.0,middle,33,340.5096836960309,0.06060606060606061,46.252619915986,0.026607405127327732
06ac6393eee7a87a46f65b36cf9d1863821846f32cd08b7f9dd84710f2fa08a1,2,2,bandwidth_mhz,10.0,far,34,459.53391999598864,0.029411764705882353,40.01115891515775,0.03169964797234861
06ac6393eee7a87a46f65b36cf9d1863821846f32cd08b7f9dd84710f2fa08a1,2,2,bandwidth_mhz,20.0,near,33,182.13033563068112,0.24242424242424243,35.900170033336146,0.03332612206826957
06ac6393eee7a87a46f65b36cf9d1863821846f32cd08b7f9dd84710f2fa08a1,2,2,bandwidth_mhz,20.0,middle,33,340.5096836960309,0.12121212121212122,44.31007842651054,0.027316293333067274
06ac6393eee7a87a46f65b36cf9d1863821846f32cd08b7f9dd84710f2fa08a1,2,2,bandwidth_mhz,20.0,far,34,459.53391999598864,0.058823529411764705,39.486060685600926,0.03220003697631012
06ac6393eee7a87a46f65b36cf9d1863821846f32cd08b7f9dd84710f2fa08a1,2,2,bandwidth_mhz,40.0,near,33,182.13033563068112,0.2727272727272727,35.32715261312331,0.03386651391668811
06ac6393eee7a87a46f65b36cf9d1863821846f32cd08b7f9dd84710f2fa08a1,2,2,bandwidth_mhz,40.0,middle,33,340.5096836960309,0.18181818181818182,42.09385094234791,0.028043652646249247
06ac6393eee7a87a46f65b36cf9d1863821846f32cd08b7f9dd84710f2fa08a1,2,2,bandwidth_mhz,40.0,far,34,459.53391999598864,0.058823529411764705,39.48015302615136,0.03220591873164237
06ac6393eee7a87a46f65b36cf9d1863821846f32cd08b7f9dd84710f2fa08a1,2,2,image_payload_mb,0.1,near,33,182.13033563068112,0.21212121212121213,37.899255092439645,0.03349358209960568
06ac6393eee7a87a46f65b36cf9d1863821846f32cd08b7f9dd84710f2fa08a1,2,2,image_payload_mb,0.1,middle,33,340.5096836960309,0.18181818181818182,42.847709181260576,0.02840298539322163
06ac6393eee7a87a46f65b36cf9d1863821846f32cd08b7f9dd84710f2fa08a1,2,2,image_payload_mb,0.1,far,34,459.53391999598864,0.20588235294117646,36.142990160324125,0.03434211190576715
06ac6393eee7a87a46f65b36cf9d1863821846f32cd08b7f9dd84710f2fa08a1,2,2,image_payload_mb,0.5,near,33,182.13033563068112,0.24242424242424243,35.900170033336146,0.03332612206826957
06ac6393eee7a87a46f65b36cf9d1863821846f32cd08b7f9dd84710f2fa08a1,2,2,image_payload_mb,0.5,middle,33,340.5096836960309,0.12121212121212122,44.31007842651054,0.027316293333067274
06ac6393eee7a87a46f65b36cf9d1863821846f32cd08b7f9dd84710f2fa08a1,2,2,image_payload_mb,0.5,far,34,459.53391999598864,0.058823529411764705,39.486060685600926,0.03220003697631012
06ac6393eee7a87a46f65b36cf9d1863821846f32cd08b7f9dd84710f2fa08a1,2,2,image_payload_mb,1.0,near,33,182.13033563068112,0.21212121212121213,36.31080285870695,0.03258316033405231
06ac6393eee7a87a46f65b36cf9d1863821846f32cd08b7f9dd84710f2fa08a1,2,2,image_payload_mb,1.0,middle,33,340.5096836960309,0.030303030303030304,46.885295317163354,0.026164824786541956
06ac6393eee7a87a46f65b36cf9d1863821846f32cd08b7f9dd84710f2fa08a1,2,2,image_payload_mb,1.0,far,34,459.53391999598864,0.029411764705882353,40.0129745767502,0.03169899694641368
06ac6393eee7a87a46f65b36cf9d1863821846f32cd08b7f9dd84710f2fa08a1,2,2,uplink_power_w,0.1,near,33,182.13033563068112,0.24242424242424243,35.90021922680988,0.03332607796742584
06ac6393eee7a87a46f65b36cf9d1863821846f32cd08b7f9dd84710f2fa08a1,2,2,uplink_power_w,0.1,middle,33,340.5096836960309,0.12121212121212122,44.31014014403928,0.027316238930310065
06ac6393eee7a87a46f65b36cf9d1863821846f32cd08b7f9dd84710f2fa08a1,2,2,uplink_power_w,0.1,far,34,459.53391999598864,0.058823529411764705,39.4860940652322,0.03220000366490736
06ac6393eee7a87a46f65b36cf9d1863821846f32cd08b7f9dd84710f2fa08a1,2,2,uplink_power_w,0.2,near,33,182.13033563068112,0.24242424242424243,35.900170033336146,0.03332612206826957
06ac6393eee7a87a46f65b36cf9d1863821846f32cd08b7f9dd84710f2fa08a1,2,2,uplink_power_w,0.2,middle,33,340.5096836960309,0.12121212121212122,44.31007842651054,0.027316293333067274
06ac6393eee7a87a46f65b36cf9d1863821846f32cd08b7f9dd84710f2fa08a1,2,2,uplink_power_w,0.2,far,34,459.53391999598864,0.058823529411764705,39.486060685600926,0.03220003697631012
06ac6393eee7a87a46f65b36cf9d1863821846f32cd08b7f9dd84710f2fa08a1,2,2,uplink_power_w,0.4,near,33,182.13033563068112,0.24242424242424243,35.901071807467076,0.033325010915385866
06ac6393eee7a87a46f65b36cf9d1863821846f32cd08b7f9dd84710f2fa08a1,2,2,uplink_power_w,0.4,middle,33,340.5096836960309,0.15151515151515152,43.79387878299514,0.0278562446169814
06ac6393eee7a87a46f65b36cf9d1863821846f32cd08b7f9dd84710f2fa08a1,2,2,uplink_power_w,0.4,far,34,459.53391999598864,0.029411764705882353,40.00806245669662,0.031700761762737596
06ac6393eee7a87a46f65b36cf9d1863821846f32cd08b7f9dd84710f2fa08a1,2,2,downlink_power_w,0.5,near,33,182.13033563068112,0.30303030303030304,34.79514770641183,0.03430363611824386
06ac6393eee7a87a46f65b36cf9d1863821846f32cd08b7f9dd84710f2fa08a1,2,2,downlink_power_w,0.5,middle,33,340.5096836960309,0.09090909090909091,45.737813461233856,0.027144374170358195
06ac6393eee7a87a46f65b36cf9d1863821846f32cd08b7f9dd84710f2fa08a1,2,2,downlink_power_w,0.5,far,34,459.53391999598864,0.029411764705882353,40.01120792217846,0.03169963038033137
06ac6393eee7a87a46f65b36cf9d1863821846f32cd08b7f9dd84710f2fa08a1,2,2,downlink_power_w,1.0,near,33,182.13033563068112,0.24242424242424243,35.900170033336146,0.03332612206826957
06ac6393eee7a87a46f65b36cf9d1863821846f32cd08b7f9dd84710f2fa08a1,2,2,downlink_power_w,1.0,middle,33,340.5096836960309,0.12121212121212122,44.31007842651054,0.027316293333067274
06ac6393eee7a87a46f65b36cf9d1863821846f32cd08b7f9dd84710f2fa08a1,2,2,downlink_power_w,1.0,far,34,459.53391999598864,0.058823529411764705,39.486060685600926,0.03220003697631012
06ac6393eee7a87a46f65b36cf9d1863821846f32cd08b7f9dd84710f2fa08a1,2,2,downlink_power_w,2.0,near,33,182.13033563068112,0.2727272727272727,35.3578863503912,0.03384391210409701
06ac6393eee7a87a46f65b36cf9d1863821846f32cd08b7f9dd84710f2fa08a1,2,2,downlink_power_w,2.0,middle,33,340.5096836960309,0.12121212121212122,44.35030943874114,0.027362909619975537
06ac6393eee7a87a46f65b36cf9d1863821846f32cd08b7f9dd84710f2fa08a1,2,2,downlink_power_w,2.0,far,34,459.53391999598864,0.058823529411764705,39.484060008574765,0.032201978199483235
06ac6393eee7a87a46f65b36cf9d1863821846f32cd08b7f9dd84710f2fa08a1,2,2,path_loss_exponent,3.0,near,33,182.13033563068112,0.15151515151515152,37.482581029491854,0.031631849433011096
06ac6393eee7a87a46f65b36cf9d1863821846f32cd08b7f9dd84710f2fa08a1,2,2,path_loss_exponent,3.0,middle,33,340.5096836960309,0.18181818181818182,41.458959646056314,0.028001545397681026
06ac6393eee7a87a46f65b36cf9d1863821846f32cd08b7f9dd84710f2fa08a1,2,2,path_loss_exponent,3.0,far,34,459.53391999598864,0.14705882352941177,37.39348307665174,0.03342770856872195
06ac6393eee7a87a46f65b36cf9d1863821846f32cd08b7f9dd84710f2fa08a1,2,2,path_loss_exponent,3.5,near,33,182.13033563068112,0.24242424242424243,35.900170033336146,0.03332612206826957
06ac6393eee7a87a46f65b36cf9d1863821846f32cd08b7f9dd84710f2fa08a1,2,2,path_loss_exponent,3.5,middle,33,340.5096836960309,0.12121212121212122,44.31007842651054,0.027316293333067274
06ac6393eee7a87a46f65b36cf9d1863821846f32cd08b7f9dd84710f2fa08a1,2,2,path_loss_exponent,3.5,far,34,459.53391999598864,0.058823529411764705,39.486060685600926,0.03220003697631012
06ac6393eee7a87a46f65b36cf9d1863821846f32cd08b7f9dd84710f2fa08a1,2,2,path_loss_exponent,3.8,near,33,182.13033563068112,0.2727272727272727,35.494711292825144,0.03391198305116533
06ac6393eee7a87a46f65b36cf9d1863821846f32cd08b7f9dd84710f2fa08a1,2,2,path_loss_exponent,3.8,middle,33,340.5096836960309,0.06060606060606061,46.37493233573418,0.02669847584861969
06ac6393eee7a87a46f65b36cf9d1863821846f32cd08b7f9dd84710f2fa08a1,2,2,path_loss_exponent,3.8,far,34,459.53391999598864,0.029411764705882353,40.017228873834505,0.03169747746173386
06ac6393eee7a87a46f65b36cf9d1863821846f32cd08b7f9dd84710f2fa08a1,2,3,bandwidth_mhz,10.0,near,34,186.6842147203249,0.17647058823529413,39.84052988217879,0.03022440208505906
06ac6393eee7a87a46f65b36cf9d1863821846f32cd08b7f9dd84710f2fa08a1,2,3,bandwidth_mhz,10.0,middle,33,346.78789844341463,0.09090909090909091,36.887937076546734,0.030953373735949946
06ac6393eee7a87a46f65b36cf9d1863821846f32cd08b7f9dd84710f2fa08a1,2,3,bandwidth_mhz,10.0,far,33,452.4270330378694,0.030303030303030304,46.34187668917351,0.029747182388680935
06ac6393eee7a87a46f65b36cf9d1863821846f32cd08b7f9dd84710f2fa08a1,2,3,bandwidth_mhz,20.0,near,34,186.6842147203249,0.2647058823529412,38.36565506125271,0.03187118519727167
06ac6393eee7a87a46f65b36cf9d1863821846f32cd08b7f9dd84710f2fa08a1,2,3,bandwidth_mhz,20.0,middle,33,346.78789844341463,0.15151515151515152,35.59305645148142,0.03185095808121893
06ac6393eee7a87a46f65b36cf9d1863821846f32cd08b7f9dd84710f2fa08a1,2,3,bandwidth_mhz,20.0,far,33,452.4270330378694,0.030303030303030304,46.33665234528053,0.02974896108878052
06ac6393eee7a87a46f65b36cf9d1863821846f32cd08b7f9dd84710f2fa08a1,2,3,bandwidth_mhz,40.0,near,34,186.6842147203249,0.23529411764705882,38.79064171486883,0.03132049064101751
06ac6393eee7a87a46f65b36cf9d1863821846f32cd08b7f9dd84710f2fa08a1,2,3,bandwidth_mhz,40.0,middle,33,346.78789844341463,0.21212121212121213,34.51744643340077,0.03292409773288732
06ac6393eee7a87a46f65b36cf9d1863821846f32cd08b7f9dd84710f2fa08a1,2,3,bandwidth_mhz,40.0,far,33,452.4270330378694,0.09090909090909091,43.26808093136879,0.0302125680745514
06ac6393eee7a87a46f65b36cf9d1863821846f32cd08b7f9dd84710f2fa08a1,2,3,image_payload_mb,0.1,near,34,186.6842147203249,0.23529411764705882,39.8283305519046,0.03173105021449247
06ac6393eee7a87a46f65b36cf9d1863821846f32cd08b7f9dd84710f2fa08a1,2,3,image_payload_mb,0.1,middle,33,346.78789844341463,0.18181818181818182,35.39080344056233,0.03290444981064185
06ac6393eee7a87a46f65b36cf9d1863821846f32cd08b7f9dd84710f2fa08a1,2,3,image_payload_mb,0.1,far,33,452.4270330378694,0.18181818181818182,42.252858987462155,0.03215943014050365
06ac6393eee7a87a46f65b36cf9d1863821846f32cd08b7f9dd84710f2fa08a1,2,3,image_payload_mb,0.5,near,34,186.6842147203249,0.2647058823529412,38.36565506125271,0.03187118519727167
06ac6393eee7a87a46f65b36cf9d1863821846f32cd08b7f9dd84710f2fa08a1,2,3,image_payload_mb,0.5,middle,33,346.78789844341463,0.15151515151515152,35.59305645148142,0.03185095808121893
06ac6393eee7a87a46f65b36cf9d1863821846f32cd08b7f9dd84710f2fa08a1,2,3,image_payload_mb,0.5,far,33,452.4270330378694,0.030303030303030304,46.33665234528053,0.02974896108878052
06ac6393eee7a87a46f65b36cf9d1863821846f32cd08b7f9dd84710f2fa08a1,2,3,image_payload_mb,1.0,near,34,186.6842147203249,0.17647058823529413,40.017873648838,0.030396420497124106
06ac6393eee7a87a46f65b36cf9d1863821846f32cd08b7f9dd84710f2fa08a1,2,3,image_payload_mb,1.0,middle,33,346.78789844341463,0.06060606060606061,37.43334578270441,0.030436256868994527
06ac6393eee7a87a46f65b36cf9d1863821846f32cd08b7f9dd84710f2fa08a1,2,3,image_payload_mb,1.0,far,33,452.4270330378694,0.030303030303030304,46.34408942726879,0.029746432432969507
06ac6393eee7a87a46f65b36cf9d1863821846f32cd08b7f9dd84710f2fa08a1,2,3,uplink_power_w,0.1,near,34,186.6842147203249,0.2647058823529412,38.36571378029237,0.031871107129413906
06ac6393eee7a87a46f65b36cf9d1863821846f32cd08b7f9dd84710f2fa08a1,2,3,uplink_power_w,0.1,middle,33,346.78789844341463,0.15151515151515152,35.593154851382444,0.031850897188783964
06ac6393eee7a87a46f65b36cf9d1863821846f32cd08b7f9dd84710f2fa08a1,2,3,uplink_power_w,0.1,far,33,452.4270330378694,0.030303030303030304,46.33666469187493,0.02974895687185015
06ac6393eee7a87a46f65b36cf9d1863821846f32cd08b7f9dd84710f2fa08a1,2,3,uplink_power_w,0.2,near,34,186.6842147203249,0.2647058823529412,38.36565506125271,0.03187118519727167
06ac6393eee7a87a46f65b36cf9d1863821846f32cd08b7f9dd84710f2fa08a1,2,3,uplink_power_w,0.2,middle,33,346.78789844341463,0.15151515151515152,35.59305645148142,0.03185095808121893
06ac6393eee7a87a46f65b36cf9d1863821846f32cd08b7f9dd84710f2fa08a1,2,3,uplink_power_w,0.2,far,33,452.4270330378694,0.030303030303030304,46.33665234528053,0.02974896108878052
06ac6393eee7a87a46f65b36cf9d1863821846f32cd08b7f9dd84710f2fa08a1,2,3,uplink_power_w,0.4,near,34,186.6842147203249,0.2647058823529412,38.36561385075369,0.0318712401972403
06ac6393eee7a87a46f65b36cf9d1863821846f32cd08b7f9dd84710f2fa08a1,2,3,uplink_power_w,0.4,middle,33,346.78789844341463,0.15151515151515152,35.592996634303525,0.031850997918906866
06ac6393eee7a87a46f65b36cf9d1863821846f32cd08b7f9dd84710f2fa08a1,2,3,uplink_power_w,0.4,far,33,452.4270330378694,0.030303030303030304,46.336644078606135,0.029748963912265877
06ac6393eee7a87a46f65b36cf9d1863821846f32cd08b7f9dd84710f2fa08a1,2,3,downlink_power_w,0.5,near,34,186.6842147203249,0.23529411764705882,38.93606708428133,0.0314050614712662
06ac6393eee7a87a46f65b36cf9d1863821846f32cd08b7f9dd84710f2fa08a1,2,3,downlink_power_w,0.5,middle,33,346.78789844341463,0.15151515151515152,35.603281259243865,0.031845176129943
06ac6393eee7a87a46f65b36cf9d1863821846f32cd08b7f9dd84710f2fa08a1,2,3,downlink_power_w,0.5,far,33,452.4270330378694,0.030303030303030304,46.33940237254347,0.029748023393474158
06ac6393eee7a87a46f65b36cf9d1863821846f32cd08b7f9dd84710f2fa08a1,2,3,downlink_power_w,1.0,near,34,186.6842147203249,0.2647058823529412,38.36565506125271,0.03187118519727167
06ac6393eee7a87a46f65b36cf9d1863821846f32cd08b7f9dd84710f2fa08a1,2,3,downlink_power_w,1.0,middle,33,346.78789844341463,0.15151515151515152,35.59305645148142,0.03185095808121893
06ac6393eee7a87a46f65b36cf9d1863821846f32cd08b7f9dd84710f2fa08a1,2,3,downlink_power_w,1.0,far,33,452.4270330378694,0.030303030303030304,46.33665234528053,0.02974896108878052
06ac6393eee7a87a46f65b36cf9d1863821846f32cd08b7f9dd84710f2fa08a1,2,3,downlink_power_w,2.0,near,34,186.6842147203249,0.20588235294117646,39.38225985174593,0.03084138214123122
06ac6393eee7a87a46f65b36cf9d1863821846f32cd08b7f9dd84710f2fa08a1,2,3,downlink_power_w,2.0,middle,33,346.78789844341463,0.15151515151515152,35.58046865662088,0.031860812403109146
06ac6393eee7a87a46f65b36cf9d1863821846f32cd08b7f9dd84710f2fa08a1,2,3,downlink_power_w,2.0,far,33,452.4270330378694,0.09090909090909091,43.27617212461405,0.030211111957871507
06ac6393eee7a87a46f65b36cf9d1863821846f32cd08b7f9dd84710f2fa08a1,2,3,path_loss_exponent,3.0,near,34,186.6842147203249,0.17647058823529413,39.807381873936485,0.030246041039669207
06ac6393eee7a87a46f65b36cf9d1863821846f32cd08b7f9dd84710f2fa08a1,2,3,path_loss_exponent,3.0,middle,33,346.78789844341463,0.18181818181818182,35.04656659373064,0.03241378103152395
06ac6393eee7a87a46f65b36cf9d1863821846f32cd08b7f9dd84710f2fa08a1,2,3,path_loss_exponent,3.0,far,33,452.4270330378694,0.12121212121212122,40.92223513688088,0.030347683843995103
06ac6393eee7a87a46f65b36cf9d1863821846f32cd08b7f9dd84710f2fa08a1,2,3,path_loss_exponent,3.5,near,34,186.6842147203249,0.2647058823529412,38.36565506125271,0.03187118519727167
06ac6393eee7a87a46f65b36cf9d1863821846f32cd08b7f9dd84710f2fa08a1,2,3,path_loss_exponent,3.5,middle,33,346.78789844341463,0.15151515151515152,35.59305645148142,0.03185095808121893
06ac6393eee7a87a46f65b36cf9d1863821846f32cd08b7f9dd84710f2fa08a1,2,3,path_loss_exponent,3.5,far,33,452.4270330378694,0.030303030303030304,46.33665234528053,0.02974896108878052
06ac6393eee7a87a46f65b36cf9d1863821846f32cd08b7f9dd84710f2fa08a1,2,3,path_loss_exponent,3.8,near,34,186.6842147203249,0.20588235294117646,39.54364716182602,0.030978679288221882
06ac6393eee7a87a46f65b36cf9d1863821846f32cd08b7f9dd84710f2fa08a1,2,3,path_loss_exponent,3.8,middle,33,346.78789844341463,0.12121212121212122,36.16694630341509,0.031321170345750445
06ac6393eee7a87a46f65b36cf9d1863821846f32cd08b7f9dd84710f2fa08a1,2,3,path_loss_exponent,3.8,far,33,452.4270330378694,0.030303030303030304,46.34641371844194,0.02974564683581354
06ac6393eee7a87a46f65b36cf9d1863821846f32cd08b7f9dd84710f2fa08a1,2,4,bandwidth_mhz,10.0,near,34,186.93123015516994,0.17647058823529413,38.13549738735096,0.030502591447513282
06ac6393eee7a87a46f65b36cf9d1863821846f32cd08b7f9dd84710f2fa08a1,2,4,bandwidth_mhz,10.0,middle,33,351.2023207081726,0.09090909090909091,44.32710288396532,0.028431979620852716
06ac6393eee7a87a46f65b36cf9d1863821846f32cd08b7f9dd84710f2fa08a1,2,4,bandwidth_mhz,10.0,far,33,460.78510628153896,0.030303030303030304,39.87905224360226,0.031799689207829274
06ac6393eee7a87a46f65b36cf9d1863821846f32cd08b7f9dd84710f2fa08a1,2,4,bandwidth_mhz,20.0,near,34,186.93123015516994,0.23529411764705882,37.164370809622426,0.03164028850506381
06ac6393eee7a87a46f65b36cf9d1863821846f32cd08b7f9dd84710f2fa08a1,2,4,bandwidth_mhz,20.0,middle,33,351.2023207081726,0.15151515151515152,42.39532321954075,0.029164640408761103
06ac6393eee7a87a46f65b36cf9d1863821846f32cd08b7f9dd84710f2fa08a1,2,4,bandwidth_mhz,20.0,far,33,460.78510628153896,0.030303030303030304,39.87553082273837,0.031803182339454464
06ac6393eee7a87a46f65b36cf9d1863821846f32cd08b7f9dd84710f2fa08a1,2,4,bandwidth_mhz,40.0,near,34,186.93123015516994,0.2647058823529412,36.73711609732754,0.032329635957340425
06ac6393eee7a87a46f65b36cf9d1863821846f32cd08b7f9dd84710f2fa08a1,2,4,bandwidth_mhz,40.0,middle,33,351.2023207081726,0.21212121212121213,39.4173463177833,0.029750486551543453
06ac6393eee7a87a46f65b36cf9d1863821846f32cd08b7f9dd84710f2fa08a1,2,4,bandwidth_mhz,40.0,far,33,460.78510628153896,0.030303030303030304,39.87229312287671,0.031806416709580586
06ac6393eee7a87a46f65b36cf9d1863821846f32cd08b7f9dd84710f2fa08a1,2,4,image_payload_mb,0.1,near,34,186.93123015516994,0.2647058823529412,38.49953586550853,0.0327065164766801
06ac6393eee7a87a46f65b36cf9d1863821846f32cd08b7f9dd84710f2fa08a1,2,4,image_payload_mb,0.1,middle,33,351.2023207081726,0.24242424242424243,41.28570737234361,0.030960020989805184
06ac6393eee7a87a46f65b36cf9d1863821846f32cd08b7f9dd84710f2fa08a1,2,4,image_payload_mb,0.1,far,33,460.78510628153896,0.09090909090909091,38.90565183514134,0.033027378915277884
06ac6393eee7a87a46f65b36cf9d1863821846f32cd08b7f9dd84710f2fa08a1,2,4,image_payload_mb,0.5,near,34,186.93123015516994,0.23529411764705882,37.164370809622426,0.03164028850506381
06ac6393eee7a87a46f65b36cf9d1863821846f32cd08b7f9dd84710f2fa08a1,2,4,image_payload_mb,0.5,middle,33,351.2023207081726,0.15151515151515152,42.39532321954075,0.029164640408761103
06ac6393eee7a87a46f65b36cf9d1863821846f32cd08b7f9dd84710f2fa08a1,2,4,image_payload_mb,0.5,far,33,460.78510628153896,0.030303030303030304,39.87553082273837,0.031803182339454464
06ac6393eee7a87a46f65b36cf9d1863821846f32cd08b7f9dd84710f2fa08a1,2,4,image_payload_mb,1.0,near,34,186.93123015516994,0.20588235294117646,39.44452451609094,0.03163773822241665
06ac6393eee7a87a46f65b36cf9d1863821846f32cd08b7f9dd84710f2fa08a1,2,4,image_payload_mb,1.0,middle,33,351.2023207081726,0.09090909090909091,44.34010977815174,0.028426238519769054
06ac6393eee7a87a46f65b36cf9d1863821846f32cd08b7f9dd84710f2fa08a1,2,4,image_payload_mb,1.0,far,33,460.78510628153896,0.0,40.581818181818186,0.031397989268611315
06ac6393eee7a87a46f65b36cf9d1863821846f32cd08b7f9dd84710f2fa08a1,2,4,uplink_power_w,0.1,near,34,186.93123015516994,0.23529411764705882,37.164463820954076,0.031640238038705686
06ac6393eee7a87a46f65b36cf9d1863821846f32cd08b7f9dd84710f2fa08a1,2,4,uplink_power_w,0.1,middle,33,351.2023207081726,0.15151515151515152,42.395415318065126,0.029164590228758416
06ac6393eee7a87a46f65b36cf9d1863821846f32cd08b7f9dd84710f2fa08a1,2,4,uplink_power_w,0.1,far,33,460.78510628153896,0.030303030303030304,39.875553087715,0.03180316017287371
06ac6393eee7a87a46f65b36cf9d1863821846f32cd08b7f9dd84710f2fa08a1,2,4,uplink_power_w,0.2,near,34,186.93123015516994,0.23529411764705882,37.164370809622426,0.03164028850506381
06ac6393eee7a87a46f65b36cf9d1863821846f32cd08b7f9dd84710f2fa08a1,2,4,uplink_power_w,0.2,middle,33,351.2023207081726,0.15151515151515152,42.39532321954075,0.029164640408761103
06ac6393eee7a87a46f65b36cf9d1863821846f32cd08b7f9dd84710f2fa08a1,2,4,uplink_power_w,0.2,far,33,460.78510628153896,0.030303030303030304,39.87553082273837,0.031803182339454464
06ac6393eee7a87a46f65b36cf9d1863821846f32cd08b7f9dd84710f2fa08a1,2,4,uplink_power_w,0.4,near,34,186.93123015516994,0.23529411764705882,37.16431172203822,0.03164032335415481
06ac6393eee7a87a46f65b36cf9d1863821846f32cd08b7f9dd84710f2fa08a1,2,4,uplink_power_w,0.4,middle,33,351.2023207081726,0.15151515151515152,42.395267648048105,0.029164672500462157
06ac6393eee7a87a46f65b36cf9d1863821846f32cd08b7f9dd84710f2fa08a1,2,4,uplink_power_w,0.4,far,33,460.78510628153896,0.030303030303030304,39.875517045444,0.031803196056377436
06ac6393eee7a87a46f65b36cf9d1863821846f32cd08b7f9dd84710f2fa08a1,2,4,downlink_power_w,0.5,near,34,186.93123015516994,0.20588235294117646,37.73015770269683,0.03118264434411512
06ac6393eee7a87a46f65b36cf9d1863821846f32cd08b7f9dd84710f2fa08a1,2,4,downlink_power_w,0.5,middle,33,351.2023207081726,0.15151515151515152,42.407099685163416,0.02915949034272061
06ac6393eee7a87a46f65b36cf9d1863821846f32cd08b7f9dd84710f2fa08a1,2,4,downlink_power_w,0.5,far,33,460.78510628153896,0.030303030303030304,39.87771742576831,0.03180101029457447
06ac6393eee7a87a46f65b36cf9d1863821846f32cd08b7f9dd84710f2fa08a1,2,4,downlink_power_w,1.0,near,34,186.93123015516994,0.23529411764705882,37.164370809622426,0.03164028850506381
06ac6393eee7a87a46f65b36cf9d1863821846f32cd08b7f9dd84710f2fa08a1,2,4,downlink_power_w,1.0,middle,33,351.2023207081726,0.15151515151515152,42.39532321954075,0.029164640408761103
06ac6393eee7a87a46f65b36cf9d1863821846f32cd08b7f9dd84710f2fa08a1,2,4,downlink_power_w,1.0,far,33,460.78510628153896,0.030303030303030304,39.87553082273837,0.031803182339454464
06ac6393eee7a87a46f65b36cf9d1863821846f32cd08b7f9dd84710f2fa08a1,2,4,downlink_power_w,2.0,near,34,186.93123015516994,0.23529411764705882,37.152034338031626,0.031641942905476304
06ac6393eee7a87a46f65b36cf9d1863821846f32cd08b7f9dd84710f2fa08a1,2,4,downlink_power_w,2.0,middle,33,351.2023207081726,0.18181818181818182,41.75507976183799,0.02961226024275845
06ac6393eee7a87a46f65b36cf9d1863821846f32cd08b7f9dd84710f2fa08a1,2,4,downlink_power_w,2.0,far,33,460.78510628153896,0.030303030303030304,39.87428969536794,0.03180441960950379
06ac6393eee7a87a46f65b36cf9d1863821846f32cd08b7f9dd84710f2fa08a1,2,4,path_loss_exponent,3.0,near,34,186.93123015516994,0.20588235294117646,37.553498137201295,0.031048792723160242
06ac6393eee7a87a46f65b36cf9d1863821846f32cd08b7f9dd84710f2fa08a1,2,4,path_loss_exponent,3.0,middle,33,351.2023207081726,0.24242424242424243,38.89393725298847,0.030294622690633245
06ac6393eee7a87a46f65b36cf9d1863821846f32cd08b7f9dd84710f2fa08a1,2,4,path_loss_exponent,3.0,far,33,460.78510628153896,0.030303030303030304,39.870319899292554,0.03180839865770495
06ac6393eee7a87a46f65b36cf9d1863821846f32cd08b7f9dd84710f2fa08a1,2,4,path_loss_exponent,3.5,near,34,186.93123015516994,0.23529411764705882,37.164370809622426,0.03164028850506381
06ac6393eee7a87a46f65b36cf9d1863821846f32cd08b7f9dd84710f2fa08a1,2,4,path_loss_exponent,3.5,middle,33,351.2023207081726,0.15151515151515152,42.39532321954075,0.029164640408761103
06ac6393eee7a87a46f65b36cf9d1863821846f32cd08b7f9dd84710f2fa08a1,2,4,path_loss_exponent,3.5,far,33,460.78510628153896,0.030303030303030304,39.87553082273837,0.031803182339454464
06ac6393eee7a87a46f65b36cf9d1863821846f32cd08b7f9dd84710f2fa08a1,2,4,path_loss_exponent,3.8,near,34,186.93123015516994,0.20588235294117646,40.10595360878633,0.03194863707520884
06ac6393eee7a87a46f65b36cf9d1863821846f32cd08b7f9dd84710f2fa08a1,2,4,path_loss_exponent,3.8,middle,33,351.2023207081726,0.12121212121212122,42.982526984811216,0.028631259703858273
06ac6393eee7a87a46f65b36cf9d1863821846f32cd08b7f9dd84710f2fa08a1,2,4,path_loss_exponent,3.8,far,33,460.78510628153896,0.030303030303030304,40.137858112089475,0.03201175670194914
06ac6393eee7a87a46f65b36cf9d1863821846f32cd08b7f9dd84710f2fa08a1,2,5,bandwidth_mhz,10.0,near,34,191.32727512268337,0.20588235294117646,38.19022343865887,0.032073004183039364
06ac6393eee7a87a46f65b36cf9d1863821846f32cd08b7f9dd84710f2fa08a1,2,5,bandwidth_mhz,10.0,middle,33,346.2713607182016,0.09090909090909091,43.69783176560671,0.02823961366440451
06ac6393eee7a87a46f65b36cf9d1863821846f32cd08b7f9dd84710f2fa08a1,2,5,bandwidth_mhz,10.0,far,33,452.9186610073626,0.030303030303030304,41.39245427361399,0.031151917855946974
06ac6393eee7a87a46f65b36cf9d1863821846f32cd08b7f9dd84710f2fa08a1,2,5,bandwidth_mhz,20.0,near,34,191.32727512268337,0.2647058823529412,35.23457284688593,0.03261162396414532
06ac6393eee7a87a46f65b36cf9d1863821846f32cd08b7f9dd84710f2fa08a1,2,5,bandwidth_mhz,20.0,middle,33,346.2713607182016,0.12121212121212122,43.21535152078597,0.02883545166845624
06ac6393eee7a87a46f65b36cf9d1863821846f32cd08b7f9dd84710f2fa08a1,2,5,bandwidth_mhz,20.0,far,33,452.9186610073626,0.030303030303030304,41.379811355730105,0.03115616782193736
06ac6393eee7a87a46f65b36cf9d1863821846f32cd08b7f9dd84710f2fa08a1,2,5,bandwidth_mhz,40.0,near,34,191.32727512268337,0.3235294117647059,34.30101484160804,0.03382973003083962
06ac6393eee7a87a46f65b36cf9d1863821846f32cd08b7f9dd84710f2fa08a1,2,5,bandwidth_mhz,40.0,middle,33,346.2713607182016,0.15151515151515152,41.508412051140084,0.02898455487154119
06ac6393eee7a87a46f65b36cf9d1863821846f32cd08b7f9dd84710f2fa08a1,2,5,bandwidth_mhz,40.0,far,33,452.9186610073626,0.030303030303030304,41.371104188168694,0.031159132926042277
06ac6393eee7a87a46f65b36cf9d1863821846f32cd08b7f9dd84710f2fa08a1,2,5,image_payload_mb,0.1,near,34,191.32727512268337,0.20588235294117646,38.252485421972466,0.03226201830441483
06ac6393eee7a87a46f65b36cf9d1863821846f32cd08b7f9dd84710f2fa08a1,2,5,image_payload_mb,0.1,middle,33,346.2713607182016,0.18181818181818182,42.95110244468086,0.030352266908991503
06ac6393eee7a87a46f65b36cf9d1863821846f32cd08b7f9dd84710f2fa08a1,2,5,image_payload_mb,0.1,far,33,452.9186610073626,0.21212121212121213,35.60405904594704,0.033814770188531615
06ac6393eee7a87a46f65b36cf9d1863821846f32cd08b7f9dd84710f2fa08a1,2,5,image_payload_mb,0.5,near,34,191.32727512268337,0.2647058823529412,35.23457284688593,0.03261162396414532
06ac6393eee7a87a46f65b36cf9d1863821846f32cd08b7f9dd84710f2fa08a1,2,5,image_payload_mb,0.5,middle,33,346.2713607182016,0.12121212121212122,43.21535152078597,0.02883545166845624
06ac6393eee7a87a46f65b36cf9d1863821846f32cd08b7f9dd84710f2fa08a1,2,5,image_payload_mb,0.5,far,33,452.9186610073626,0.030303030303030304,41.379811355730105,0.03115616782193736
06ac6393eee7a87a46f65b36cf9d1863821846f32cd08b7f9dd84710f2fa08a1,2,5,image_payload_mb,1.0,near,34,191.32727512268337,0.20588235294117646,38.19114340634138,0.03207229522390248
06ac6393eee7a87a46f65b36cf9d1863821846f32cd08b7f9dd84710f2fa08a1,2,5,image_payload_mb,1.0,middle,33,346.2713607182016,0.09090909090909091,43.70137955471561,0.028238610965853207
06ac6393eee7a87a46f65b36cf9d1863821846f32cd08b7f9dd84710f2fa08a1,2,5,image_payload_mb,1.0,far,33,452.9186610073626,0.0,42.6,0.030918775884655744
06ac6393eee7a87a46f65b36cf9d1863821846f32cd08b7f9dd84710f2fa08a1,2,5,uplink_power_w,0.1,near,34,191.32727512268337,0.2647058823529412,35.234650338475845,0.03261154758903395
06ac6393eee7a87a46f65b36cf9d1863821846f32cd08b7f9dd84710f2fa08a1,2,5,uplink_power_w,0.1,middle,33,346.2713607182016,0.12121212121212122,43.215395917469614,0.028835423521502746
06ac6393eee7a87a46f65b36cf9d1863821846f32cd08b7f9dd84710f2fa08a1,2,5,uplink_power_w,0.1,far,33,452.9186610073626,0.030303030303030304,41.37983789160848,0.03115615883344791
06ac6393eee7a87a46f65b36cf9d1863821846f32cd08b7f9dd84710f2fa08a1,2,5,uplink_power_w,0.2,near,34,191.32727512268337,0.2647058823529412,35.23457284688593,0.03261162396414532
06ac6393eee7a87a46f65b36cf9d1863821846f32cd08b7f9dd84710f2fa08a1,2,5,uplink_power_w,0.2,middle,33,346.2713607182016,0.12121212121212122,43.21535152078597,0.02883545166845624
06ac6393eee7a87a46f65b36cf9d1863821846f32cd08b7f9dd84710f2fa08a1,2,5,uplink_power_w,0.2,far,33,452.9186610073626,0.030303030303030304,41.379811355730105,0.03115616782193736
06ac6393eee7a87a46f65b36cf9d1863821846f32cd08b7f9dd84710f2fa08a1,2,5,uplink_power_w,0.4,near,34,191.32727512268337,0.2647058823529412,35.23452148390835,0.03261167457376261
06ac6393eee7a87a46f65b36cf9d1863821846f32cd08b7f9dd84710f2fa08a1,2,5,uplink_power_w,0.4,middle,33,346.2713607182016,0.12121212121212122,43.215322323928184,0.028835471404743525
06ac6393eee7a87a46f65b36cf9d1863821846f32cd08b7f9dd84710f2fa08a1,2,5,uplink_power_w,0.4,far,33,452.9186610073626,0.030303030303030304,41.37979542660625,0.031156173217743457
06ac6393eee7a87a46f65b36cf9d1863821846f32cd08b7f9dd84710f2fa08a1,2,5,downlink_power_w,0.5,near,34,191.32727512268337,0.2647058823529412,35.42049444478408,0.032745000460848606
06ac6393eee7a87a46f65b36cf9d1863821846f32cd08b7f9dd84710f2fa08a1,2,5,downlink_power_w,0.5,middle,33,346.2713607182016,0.09090909090909091,43.68833111883199,0.028244321181604155
06ac6393eee7a87a46f65b36cf9d1863821846f32cd08b7f9dd84710f2fa08a1,2,5,downlink_power_w,0.5,far,33,452.9186610073626,0.030303030303030304,41.385609421797994,0.031154210705231233
06ac6393eee7a87a46f65b36cf9d1863821846f32cd08b7f9dd84710f2fa08a1,2,5,downlink_power_w,1.0,near,34,191.32727512268337,0.2647058823529412,35.23457284688593,0.03261162396414532
06ac6393eee7a87a46f65b36cf9d1863821846f32cd08b7f9dd84710f2fa08a1,2,5,downlink_power_w,1.0,middle,33,346.2713607182016,0.12121212121212122,43.21535152078597,0.02883545166845624
06ac6393eee7a87a46f65b36cf9d1863821846f32cd08b7f9dd84710f2fa08a1,2,5,downlink_power_w,1.0,far,33,452.9186610073626,0.030303030303030304,41.379811355730105,0.03115616782193736
06ac6393eee7a87a46f65b36cf9d1863821846f32cd08b7f9dd84710f2fa08a1,2,5,downlink_power_w,2.0,near,34,191.32727512268337,0.2647058823529412,35.229771661364005,0.03261354029389441
06ac6393eee7a87a46f65b36cf9d1863821846f32cd08b7f9dd84710f2fa08a1,2,5,downlink_power_w,2.0,middle,33,346.2713607182016,0.15151515151515152,42.72137419826971,0.029398116339176265
06ac6393eee7a87a46f65b36cf9d1863821846f32cd08b7f9dd84710f2fa08a1,2,5,downlink_power_w,2.0,far,33,452.9186610073626,0.030303030303030304,41.376133678531524,0.031157416369249246
06ac6393eee7a87a46f65b36cf9d1863821846f32cd08b7f9dd84710f2fa08a1,2,5,path_loss_exponent,3.0,near,34,191.32727512268337,0.2647058823529412,35.20364056136243,0.03262813965208077
06ac6393eee7a87a46f65b36cf9d1863821846f32cd08b7f9dd84710f2fa08a1,2,5,path_loss_exponent,3.0,middle,33,346.2713607182016,0.09090909090909091,43.67473364165537,0.02824903750114214
06ac6393eee7a87a46f65b36cf9d1863821846f32cd08b7f9dd84710f2fa08a1,2,5,path_loss_exponent,3.0,far,33,452.9186610073626,0.12121212121212122,38.14186497830758,0.03237132342170533
06ac6393eee7a87a46f65b36cf9d1863821846f32cd08b7f9dd84710f2fa08a1,2,5,path_loss_exponent,3.5,near,34,191.32727512268337,0.2647058823529412,35.23457284688593,0.03261162396414532
06ac6393eee7a87a46f65b36cf9d1863821846f32cd08b7f9dd84710f2fa08a1,2,5,path_loss_exponent,3.5,middle,33,346.2713607182016,0.12121212121212122,43.21535152078597,0.02883545166845624
06ac6393eee7a87a46f65b36cf9d1863821846f32cd08b7f9dd84710f2fa08a1,2,5,path_loss_exponent,3.5,far,33,452.9186610073626,0.030303030303030304,41.379811355730105,0.03115616782193736
06ac6393eee7a87a46f65b36cf9d1863821846f32cd08b7f9dd84710f2fa08a1,2,5,path_loss_exponent,3.8,near,34,191.32727512268337,0.2647058823529412,35.55221324076475,0.03288006972130547
06ac6393eee7a87a46f65b36cf9d1863821846f32cd08b7f9dd84710f2fa08a1,2,5,path_loss_exponent,3.8,middle,33,346.2713607182016,0.09090909090909091,43.70220290618215,0.02823966031835724
06ac6393eee7a87a46f65b36cf9d1863821846f32cd08b7f9dd84710f2fa08a1,2,5,path_loss_exponent,3.8,far,33,452.9186610073626,0.0,42.6,0.030918775884655744
06ac6393eee7a87a46f65b36cf9d1863821846f32cd08b7f9dd84710f2fa08a1,2,6,bandwidth_mhz,10.0,near,33,204.35365901466935,0.15151515151515152,42.05896615359589,0.030966504889435413
06ac6393eee7a87a46f65b36cf9d1863821846f32cd08b7f9dd84710f2fa08a1,2,6,bandwidth_mhz,10.0,middle,34,347.7720492607289,0.058823529411764705,36.91748292520469,0.030165538875284198
06ac6393eee7a87a46f65b36cf9d1863821846f32cd08b7f9dd84710f2fa08a1,2,6,bandwidth_mhz,10.0,far,33,445.7774736726743,0.09090909090909091,44.71319205500406,0.030142505179707124
06ac6393eee7a87a46f65b36cf9d1863821846f32cd08b7f9dd84710f2fa08a1,2,6,bandwidth_mhz,20.0,near,33,204.35365901466935,0.21212121212121213,39.166555419552516,0.03161664259553986
06ac6393eee7a87a46f65b36cf9d1863821846f32cd08b7f9dd84710f2fa08a1,2,6,bandwidth_mhz,20.0,middle,34,347.7720492607289,0.058823529411764705,36.91101586885716,0.03016869237805262
06ac6393eee7a87a46f65b36cf9d1863821846f32cd08b7f9dd84710f2fa08a1,2,6,bandwidth_mhz,20.0,far,33,445.7774736726743,0.12121212121212122,44.172951616340974,0.03068522845454981
06ac6393eee7a87a46f65b36cf9d1863821846f32cd08b7f9dd84710f2fa08a1,2,6,bandwidth_mhz,40.0,near,33,204.35365901466935,0.21212121212121213,39.13684375473266,0.031628874818126464
06ac6393eee7a87a46f65b36cf9d1863821846f32cd08b7f9dd84710f2fa08a1,2,6,bandwidth_mhz,40.0,middle,34,347.7720492607289,0.11764705882352941,35.23228662514633,0.030922507381395525
06ac6393eee7a87a46f65b36cf9d1863821846f32cd08b7f9dd84710f2fa08a1,2,6,bandwidth_mhz,40.0,far,33,445.7774736726743,0.18181818181818182,42.07954718289881,0.03130052610083355
06ac6393eee7a87a46f65b36cf9d1863821846f32cd08b7f9dd84710f2fa08a1,2,6,image_payload_mb,0.1,near,33,204.35365901466935,0.18181818181818182,40.6804293369801,0.031485085688294306
06ac6393eee7a87a46f65b36cf9d1863821846f32cd08b7f9dd84710f2fa08a1,2,6,image_payload_mb,0.1,middle,34,347.7720492607289,0.29411764705882354,32.012756743810016,0.033924160059246915
06ac6393eee7a87a46f65b36cf9d1863821846f32cd08b7f9dd84710f2fa08a1,2,6,image_payload_mb,0.1,far,33,445.7774736726743,0.12121212121212122,44.702343577183385,0.03073603785285737
06ac6393eee7a87a46f65b36cf9d1863821846f32cd08b7f9dd84710f2fa08a1,2,6,image_payload_mb,0.5,near,33,204.35365901466935,0.21212121212121213,39.166555419552516,0.03161664259553986
06ac6393eee7a87a46f65b36cf9d1863821846f32cd08b7f9dd84710f2fa08a1,2,6,image_payload_mb,0.5,middle,34,347.7720492607289,0.058823529411764705,36.91101586885716,0.03016869237805262
06ac6393eee7a87a46f65b36cf9d1863821846f32cd08b7f9dd84710f2fa08a1,2,6,image_payload_mb,0.5,far,33,445.7774736726743,0.12121212121212122,44.172951616340974,0.03068522845454981
06ac6393eee7a87a46f65b36cf9d1863821846f32cd08b7f9dd84710f2fa08a1,2,6,image_payload_mb,1.0,near,33,204.35365901466935,0.12121212121212122,42.686869372290296,0.030528285149938068
06ac6393eee7a87a46f65b36cf9d1863821846f32cd08b7f9dd84710f2fa08a1,2,6,image_payload_mb,1.0,middle,34,347.7720492607289,0.058823529411764705,36.91786955237256,0.03016535073181424
06ac6393eee7a87a46f65b36cf9d1863821846f32cd08b7f9dd84710f2fa08a1,2,6,image_payload_mb,1.0,far,33,445.7774736726743,0.09090909090909091,44.717768121630414,0.030142231935443527
06ac6393eee7a87a46f65b36cf9d1863821846f32cd08b7f9dd84710f2fa08a1,2,6,uplink_power_w,0.1,near,33,204.35365901466935,0.21212121212121213,39.16661842383698,0.03161656255939401
06ac6393eee7a87a46f65b36cf9d1863821846f32cd08b7f9dd84710f2fa08a1,2,6,uplink_power_w,0.1,middle,34,347.7720492607289,0.058823529411764705,36.91102788378137,0.03016868649741394
06ac6393eee7a87a46f65b36cf9d1863821846f32cd08b7f9dd84710f2fa08a1,2,6,uplink_power_w,0.1,far,33,445.7774736726743,0.12121212121212122,44.172985303642676,0.030685197052849056
06ac6393eee7a87a46f65b36cf9d1863821846f32cd08b7f9dd84710f2fa08a1,2,6,uplink_power_w,0.2,near,33,204.35365901466935,0.21212121212121213,39.166555419552516,0.03161664259553986
06ac6393eee7a87a46f65b36cf9d1863821846f32cd08b7f9dd84710f2fa08a1,2,6,uplink_power_w,0.2,middle,34,347.7720492607289,0.058823529411764705,36.91101586885716,0.03016869237805262
06ac6393eee7a87a46f65b36cf9d1863821846f32cd08b7f9dd84710f2fa08a1,2,6,uplink_power_w,0.2,far,33,445.7774736726743,0.12121212121212122,44.172951616340974,0.03068522845454981
06ac6393eee7a87a46f65b36cf9d1863821846f32cd08b7f9dd84710f2fa08a1,2,6,uplink_power_w,0.4,near,33,204.35365901466935,0.21212121212121213,39.16651390159862,0.031616695338340176
06ac6393eee7a87a46f65b36cf9d1863821846f32cd08b7f9dd84710f2fa08a1,2,6,uplink_power_w,0.4,middle,34,347.7720492607289,0.058823529411764705,36.91100726068112,0.030168696591214048
06ac6393eee7a87a46f65b36cf9d1863821846f32cd08b7f9dd84710f2fa08a1,2,6,uplink_power_w,0.4,far,33,445.7774736726743,0.12121212121212122,44.172928881833336,0.03068524915475793
06ac6393eee7a87a46f65b36cf9d1863821846f32cd08b7f9dd84710f2fa08a1,2,6,downlink_power_w,0.5,near,33,204.35365901466935,0.21212121212121213,39.29390081211835,0.0317325471042789
06ac6393eee7a87a46f65b36cf9d1863821846f32cd08b7f9dd84710f2fa08a1,2,6,downlink_power_w,0.5,middle,34,347.7720492607289,0.058823529411764705,36.912033026851724,0.030168195202745704
06ac6393eee7a87a46f65b36cf9d1863821846f32cd08b7f9dd84710f2fa08a1,2,6,downlink_power_w,0.5,far,33,445.7774736726743,0.09090909090909091,44.693940066586485,0.030146972659898446
06ac6393eee7a87a46f65b36cf9d1863821846f32cd08b7f9dd84710f2fa08a1,2,6,downlink_power_w,1.0,near,33,204.35365901466935,0.21212121212121213,39.166555419552516,0.03161664259553986
06ac6393eee7a87a46f65b36cf9d1863821846f32cd08b7f9dd84710f2fa08a1,2,6,downlink_power_w,1.0,middle,34,347.7720492607289,0.058823529411764705,36.91101586885716,0.03016869237805262
06ac6393eee7a87a46f65b36cf9d1863821846f32cd08b7f9dd84710f2fa08a1,2,6,downlink_power_w,1.0,far,33,445.7774736726743,0.12121212121212122,44.172951616340974,0.03068522845454981
06ac6393eee7a87a46f65b36cf9d1863821846f32cd08b7f9dd84710f2fa08a1,2,6,downlink_power_w,2.0,near,33,204.35365901466935,0.15151515151515152,40.31444720409328,0.03063688258826236
06ac6393eee7a87a46f65b36cf9d1863821846f32cd08b7f9dd84710f2fa08a1,2,6,downlink_power_w,2.0,middle,34,347.7720492607289,0.11764705882352941,35.23353515511256,0.030920747556197198
06ac6393eee7a87a46f65b36cf9d1863821846f32cd08b7f9dd84710f2fa08a1,2,6,downlink_power_w,2.0,far,33,445.7774736726743,0.15151515151515152,42.791429600852254,0.03079032248040406
06ac6393eee7a87a46f65b36cf9d1863821846f32cd08b7f9dd84710f2fa08a1,2,6,path_loss_exponent,3.0,near,33,204.35365901466935,0.18181818181818182,39.74363203824902,0.03113580155094444
06ac6393eee7a87a46f65b36cf9d1863821846f32cd08b7f9dd84710f2fa08a1,2,6,path_loss_exponent,3.0,middle,34,347.7720492607289,0.11764705882352941,35.219587286353466,0.030926300484278284
06ac6393eee7a87a46f65b36cf9d1863821846f32cd08b7f9dd84710f2fa08a1,2,6,path_loss_exponent,3.0,far,33,445.7774736726743,0.21212121212121213,40.86359650107114,0.031551546538319125
06ac6393eee7a87a46f65b36cf9d1863821846f32cd08b7f9dd84710f2fa08a1,2,6,path_loss_exponent,3.5,near,33,204.35365901466935,0.21212121212121213,39.166555419552516,0.03161664259553986
06ac6393eee7a87a46f65b36cf9d1863821846f32cd08b7f9dd84710f2fa08a1,2,6,path_loss_exponent,3.5,middle,34,347.7720492607289,0.058823529411764705,36.91101586885716,0.03016869237805262
06ac6393eee7a87a46f65b36cf9d1863821846f32cd08b7f9dd84710f2fa08a1,2,6,path_loss_exponent,3.5,far,33,445.7774736726743,0.12121212121212122,44.172951616340974,0.03068522845454981
06ac6393eee7a87a46f65b36cf9d1863821846f32cd08b7f9dd84710f2fa08a1,2,6,path_loss_exponent,3.8,near,33,204.35365901466935,0.18181818181818182,41.671624849918835,0.031653251667025525
06ac6393eee7a87a46f65b36cf9d1863821846f32cd08b7f9dd84710f2fa08a1,2,6,path_loss_exponent,3.8,middle,34,347.7720492607289,0.058823529411764705,36.91547254094178,0.030166496962298582
06ac6393eee7a87a46f65b36cf9d1863821846f32cd08b7f9dd84710f2fa08a1,2,6,path_loss_exponent,3.8,far,33,445.7774736726743,0.09090909090909091,44.714860052451,0.030143983080411975
06ac6393eee7a87a46f65b36cf9d1863821846f32cd08b7f9dd84710f2fa08a1,2,7,bandwidth_mhz,10.0,near,34,211.87028068790727,0.11764705882352941,43.249076398326324,0.029833456144673566
06ac6393eee7a87a46f65b36cf9d1863821846f32cd08b7f9dd84710f2fa08a1,2,7,bandwidth_mhz,10.0,middle,32,367.48725528074885,0.09375,42.50523758450231,0.027375888289235095
06ac6393eee7a87a46f65b36cf9d1863821846f32cd08b7f9dd84710f2fa08a1,2,7,bandwidth_mhz,10.0,far,34,467.6507305952617,0.058823529411764705,37.700027103901824,0.03304257885358025
06ac6393eee7a87a46f65b36cf9d1863821846f32cd08b7f9dd84710f2fa08a1,2,7,bandwidth_mhz,20.0,near,34,211.87028068790727,0.17647058823529413,39.34901680137481,0.030133607500279196
06ac6393eee7a87a46f65b36cf9d1863821846f32cd08b7f9dd84710f2fa08a1,2,7,bandwidth_mhz,20.0,middle,32,367.48725528074885,0.09375,42.469815599389676,0.027382362521670332
06ac6393eee7a87a46f65b36cf9d1863821846f32cd08b7f9dd84710f2fa08a1,2,7,bandwidth_mhz,20.0,far,34,467.6507305952617,0.08823529411764706,37.00670563838667,0.03344203595310571
06ac6393eee7a87a46f65b36cf9d1863821846f32cd08b7f9dd84710f2fa08a1,2,7,bandwidth_mhz,40.0,near,34,211.87028068790727,0.2647058823529412,37.87813997050838,0.03179904953252023
06ac6393eee7a87a46f65b36cf9d1863821846f32cd08b7f9dd84710f2fa08a1,2,7,bandwidth_mhz,40.0,middle,32,367.48725528074885,0.125,41.91817049656785,0.02794407459088155
06ac6393eee7a87a46f65b36cf9d1863821846f32cd08b7f9dd84710f2fa08a1,2,7,bandwidth_mhz,40.0,far,34,467.6507305952617,0.11764705882352941,36.505153632755786,0.03396397928976076
06ac6393eee7a87a46f65b36cf9d1863821846f32cd08b7f9dd84710f2fa08a1,2,7,image_payload_mb,0.1,near,34,211.87028068790727,0.23529411764705882,41.197022985162974,0.03238403016941747
06ac6393eee7a87a46f65b36cf9d1863821846f32cd08b7f9dd84710f2fa08a1,2,7,image_payload_mb,0.1,middle,32,367.48725528074885,0.25,40.283691855772624,0.03047832541776921
06ac6393eee7a87a46f65b36cf9d1863821846f32cd08b7f9dd84710f2fa08a1,2,7,image_payload_mb,0.1,far,34,467.6507305952617,0.11764705882352941,36.14475531334629,0.03391611660669405
06ac6393eee7a87a46f65b36cf9d1863821846f32cd08b7f9dd84710f2fa08a1,2,7,image_payload_mb,0.5,near,34,211.87028068790727,0.17647058823529413,39.34901680137481,0.030133607500279196
06ac6393eee7a87a46f65b36cf9d1863821846f32cd08b7f9dd84710f2fa08a1,2,7,image_payload_mb,0.5,middle,32,367.48725528074885,0.09375,42.469815599389676,0.027382362521670332
06ac6393eee7a87a46f65b36cf9d1863821846f32cd08b7f9dd84710f2fa08a1,2,7,image_payload_mb,0.5,far,34,467.6507305952617,0.08823529411764706,37.00670563838667,0.03344203595310571
06ac6393eee7a87a46f65b36cf9d1863821846f32cd08b7f9dd84710f2fa08a1,2,7,image_payload_mb,1.0,near,34,211.87028068790727,0.11764705882352941,43.24842827989718,0.029834586808313687
06ac6393eee7a87a46f65b36cf9d1863821846f32cd08b7f9dd84710f2fa08a1,2,7,image_payload_mb,1.0,middle,32,367.48725528074885,0.0625,43.7477869329844,0.027127407856971562
06ac6393eee7a87a46f65b36cf9d1863821846f32cd08b7f9dd84710f2fa08a1,2,7,image_payload_mb,1.0,far,34,467.6507305952617,0.058823529411764705,37.702924932198734,0.033040479932084116
06ac6393eee7a87a46f65b36cf9d1863821846f32cd08b7f9dd84710f2fa08a1,2,7,uplink_power_w,0.1,near,34,211.87028068790727,0.17647058823529413,39.34904534082701,0.03013358344730181
06ac6393eee7a87a46f65b36cf9d1863821846f32cd08b7f9dd84710f2fa08a1,2,7,uplink_power_w,0.1,middle,32,367.48725528074885,0.09375,42.47012406325834,0.02738226843937109
06ac6393eee7a87a46f65b36cf9d1863821846f32cd08b7f9dd84710f2fa08a1,2,7,uplink_power_w,0.1,far,34,467.6507305952617,0.08823529411764706,37.00676430371406,0.03344198562048916
06ac6393eee7a87a46f65b36cf9d1863821846f32cd08b7f9dd84710f2fa08a1,2,7,uplink_power_w,0.2,near,34,211.87028068790727,0.17647058823529413,39.34901680137481,0.030133607500279196
06ac6393eee7a87a46f65b36cf9d1863821846f32cd08b7f9dd84710f2fa08a1,2,7,uplink_power_w,0.2,middle,32,367.48725528074885,0.09375,42.469815599389676,0.027382362521670332
06ac6393eee7a87a46f65b36cf9d1863821846f32cd08b7f9dd84710f2fa08a1,2,7,uplink_power_w,0.2,far,34,467.6507305952617,0.08823529411764706,37.00670563838667,0.03344203595310571
06ac6393eee7a87a46f65b36cf9d1863821846f32cd08b7f9dd84710f2fa08a1,2,7,uplink_power_w,0.4,near,34,211.87028068790727,0.17647058823529413,39.34902906487629,0.030134161018528467
06ac6393eee7a87a46f65b36cf9d1863821846f32cd08b7f9dd84710f2fa08a1,2,7,uplink_power_w,0.4,middle,32,367.48725528074885,0.09375,42.46998901869271,0.027382330393377254
06ac6393eee7a87a46f65b36cf9d1863821846f32cd08b7f9dd84710f2fa08a1,2,7,uplink_power_w,0.4,far,34,467.6507305952617,0.08823529411764706,37.0069846087478,0.03344179839378757
06ac6393eee7a87a46f65b36cf9d1863821846f32cd08b7f9dd84710f2fa08a1,2,7,downlink_power_w,0.5,near,34,211.87028068790727,0.14705882352941177,39.86698135490104,0.029629814855418348
06ac6393eee7a87a46f65b36cf9d1863821846f32cd08b7f9dd84710f2fa08a1,2,7,downlink_power_w,0.5,middle,32,367.48725528074885,0.0625,43.7134520723625,0.027132203738367763
06ac6393eee7a87a46f65b36cf9d1863821846f32cd08b7f9dd84710f2fa08a1,2,7,downlink_power_w,0.5,far,34,467.6507305952617,0.08823529411764706,37.008314710351755,0.03344067396590278
06ac6393eee7a87a46f65b36cf9d1863821846f32cd08b7f9dd84710f2fa08a1,2,7,downlink_power_w,1.0,near,34,211.87028068790727,0.17647058823529413,39.34901680137481,0.030133607500279196
06ac6393eee7a87a46f65b36cf9d1863821846f32cd08b7f9dd84710f2fa08a1,2,7,downlink_power_w,1.0,middle,32,367.48725528074885,0.09375,42.469815599389676,0.027382362521670332
06ac6393eee7a87a46f65b36cf9d1863821846f32cd08b7f9dd84710f2fa08a1,2,7,downlink_power_w,1.0,far,34,467.6507305952617,0.08823529411764706,37.00670563838667,0.03344203595310571
06ac6393eee7a87a46f65b36cf9d1863821846f32cd08b7f9dd84710f2fa08a1,2,7,downlink_power_w,2.0,near,34,211.87028068790727,0.20588235294117646,38.818670758600085,0.030642193032062934
06ac6393eee7a87a46f65b36cf9d1863821846f32cd08b7f9dd84710f2fa08a1,2,7,downlink_power_w,2.0,middle,32,367.48725528074885,0.09375,42.44650490258022,0.027388082340923887
06ac6393eee7a87a46f65b36cf9d1863821846f32cd08b7f9dd84710f2fa08a1,2,7,downlink_power_w,2.0,far,34,467.6507305952617,0.08823529411764706,37.00376381780047,0.03344453863054064
06ac6393eee7a87a46f65b36cf9d1863821846f32cd08b7f9dd84710f2fa08a1,2,7,path_loss_exponent,3.0,near,34,211.87028068790727,0.20588235294117646,38.81693411067725,0.03064038681437482
06ac6393eee7a87a46f65b36cf9d1863821846f32cd08b7f9dd84710f2fa08a1,2,7,path_loss_exponent,3.0,middle,32,367.48725528074885,0.125,41.879049081370894,0.027955773293257664
06ac6393eee7a87a46f65b36cf9d1863821846f32cd08b7f9dd84710f2fa08a1,2,7,path_loss_exponent,3.0,far,34,467.6507305952617,0.14705882352941177,35.30791676649779,0.03420547509778296
06ac6393eee7a87a46f65b36cf9d1863821846f32cd08b7f9dd84710f2fa08a1,2,7,path_loss_exponent,3.5,near,34,211.87028068790727,0.17647058823529413,39.34901680137481,0.030133607500279196
06ac6393eee7a87a46f65b36cf9d1863821846f32cd08b7f9dd84710f2fa08a1,2,7,path_loss_exponent,3.5,middle,32,367.48725528074885,0.09375,42.469815599389676,0.027382362521670332
06ac6393eee7a87a46f65b36cf9d1863821846f32cd08b7f9dd84710f2fa08a1,2,7,path_loss_exponent,3.5,far,34,467.6507305952617,0.08823529411764706,37.00670563838667,0.03344203595310571
06ac6393eee7a87a46f65b36cf9d1863821846f32cd08b7f9dd84710f2fa08a1,2,7,path_loss_exponent,3.8,near,34,211.87028068790727,0.20588235294117646,38.827596835597596,0.03063937451549598
06ac6393eee7a87a46f65b36cf9d1863821846f32cd08b7f9dd84710f2fa08a1,2,7,path_loss_exponent,3.8,middle,32,367.48725528074885,0.0,47.41875,0.026776292049502236
06ac6393eee7a87a46f65b36cf9d1863821846f32cd08b7f9dd84710f2fa08a1,2,7,path_loss_exponent,3.8,far,34,467.6507305952617,0.058823529411764705,37.70526817301062,0.03303906057725127
06ac6393eee7a87a46f65b36cf9d1863821846f32cd08b7f9dd84710f2fa08a1,2,8,bandwidth_mhz,10.0,near,33,224.85896817191465,0.15151515151515152,39.18355963027042,0.030177394269860457
06ac6393eee7a87a46f65b36cf9d1863821846f32cd08b7f9dd84710f2fa08a1,2,8,bandwidth_mhz,10.0,middle,33,362.3758229036444,0.06060606060606061,45.28034335127559,0.027386526061095682
06ac6393eee7a87a46f65b36cf9d1863821846f32cd08b7f9dd84710f2fa08a1,2,8,bandwidth_mhz,10.0,far,34,452.07931927905526,0.058823529411764705,37.62894053091587,0.03228831556819517
06ac6393eee7a87a46f65b36cf9d1863821846f32cd08b7f9dd84710f2fa08a1,2,8,bandwidth_mhz,20.0,near,33,224.85896817191465,0.2727272727272727,37.0847689627955,0.032359183828016724
06ac6393eee7a87a46f65b36cf9d1863821846f32cd08b7f9dd84710f2fa08a1,2,8,bandwidth_mhz,20.0,middle,33,362.3758229036444,0.09090909090909091,44.7996232654834,0.02798507273022681
06ac6393eee7a87a46f65b36cf9d1863821846f32cd08b7f9dd84710f2fa08a1,2,8,bandwidth_mhz,20.0,far,34,452.07931927905526,0.058823529411764705,37.62510601107285,0.032290266903040904
06ac6393eee7a87a46f65b36cf9d1863821846f32cd08b7f9dd84710f2fa08a1,2,8,bandwidth_mhz,40.0,near,33,224.85896817191465,0.30303030303030304,36.28327537865971,0.0327646800000682
06ac6393eee7a87a46f65b36cf9d1863821846f32cd08b7f9dd84710f2fa08a1,2,8,bandwidth_mhz,40.0,middle,33,362.3758229036444,0.15151515151515152,41.92585058756176,0.02861443403381582
06ac6393eee7a87a46f65b36cf9d1863821846f32cd08b7f9dd84710f2fa08a1,2,8,bandwidth_mhz,40.0,far,34,452.07931927905526,0.058823529411764705,37.61858197116507,0.0322936028807709
06ac6393eee7a87a46f65b36cf9d1863821846f32cd08b7f9dd84710f2fa08a1,2,8,image_payload_mb,0.1,near,33,224.85896817191465,0.30303030303030304,39.43373276596394,0.03381406691665462
06ac6393eee7a87a46f65b36cf9d1863821846f32cd08b7f9dd84710f2fa08a1,2,8,image_payload_mb,0.1,middle,33,362.3758229036444,0.09090909090909091,46.28001855263771,0.028542093453663642
06ac6393eee7a87a46f65b36cf9d1863821846f32cd08b7f9dd84710f2fa08a1,2,8,image_payload_mb,0.1,far,34,452.07931927905526,0.20588235294117646,34.22723821243791,0.034829989311003805
06ac6393eee7a87a46f65b36cf9d1863821846f32cd08b7f9dd84710f2fa08a1,2,8,image_payload_mb,0.5,near,33,224.85896817191465,0.2727272727272727,37.0847689627955,0.032359183828016724
06ac6393eee7a87a46f65b36cf9d1863821846f32cd08b7f9dd84710f2fa08a1,2,8,image_payload_mb,0.5,middle,33,362.3758229036444,0.09090909090909091,44.7996232654834,0.02798507273022681
06ac6393eee7a87a46f65b36cf9d1863821846f32cd08b7f9dd84710f2fa08a1,2,8,image_payload_mb,0.5,far,34,452.07931927905526,0.058823529411764705,37.62510601107285,0.032290266903040904
06ac6393eee7a87a46f65b36cf9d1863821846f32cd08b7f9dd84710f2fa08a1,2,8,image_payload_mb,1.0,near,33,224.85896817191465,0.12121212121212122,42.246630645931134,0.030377424140647504
06ac6393eee7a87a46f65b36cf9d1863821846f32cd08b7f9dd84710f2fa08a1,2,8,image_payload_mb,1.0,middle,33,362.3758229036444,0.09090909090909091,44.828733907054925,0.027974194932564728
06ac6393eee7a87a46f65b36cf9d1863821846f32cd08b7f9dd84710f2fa08a1,2,8,image_payload_mb,1.0,far,34,452.07931927905526,0.058823529411764705,37.63721474876421,0.03228414824415177
06ac6393eee7a87a46f65b36cf9d1863821846f32cd08b7f9dd84710f2fa08a1,2,8,uplink_power_w,0.1,near,33,224.85896817191465,0.2727272727272727,37.08490448108402,0.03235909499527165
06ac6393eee7a87a46f65b36cf9d1863821846f32cd08b7f9dd84710f2fa08a1,2,8,uplink_power_w,0.1,middle,33,362.3758229036444,0.09090909090909091,44.79973582218484,0.027985034654116926
06ac6393eee7a87a46f65b36cf9d1863821846f32cd08b7f9dd84710f2fa08a1,2,8,uplink_power_w,0.1,far,34,452.07931927905526,0.058823529411764705,37.62515274258938,0.032290243212034296
06ac6393eee7a87a46f65b36cf9d1863821846f32cd08b7f9dd84710f2fa08a1,2,8,uplink_power_w,0.2,near,33,224.85896817191465,0.2727272727272727,37.0847689627955,0.032359183828016724
06ac6393eee7a87a46f65b36cf9d1863821846f32cd08b7f9dd84710f2fa08a1,2,8,uplink_power_w,0.2,middle,33,362.3758229036444,0.09090909090909091,44.7996232654834,0.02798507273022681
06ac6393eee7a87a46f65b36cf9d1863821846f32cd08b7f9dd84710f2fa08a1,2,8,uplink_power_w,0.2,far,34,452.07931927905526,0.058823529411764705,37.62510601107285,0.032290266903040904
06ac6393eee7a87a46f65b36cf9d1863821846f32cd08b7f9dd84710f2fa08a1,2,8,uplink_power_w,0.4,near,33,224.85896817191465,0.2727272727272727,36.83129414842535,0.03216804807043346
06ac6393eee7a87a46f65b36cf9d1863821846f32cd08b7f9dd84710f2fa08a1,2,8,uplink_power_w,0.4,middle,33,362.3758229036444,0.09090909090909091,44.79990457024096,0.02798477603244992
06ac6393eee7a87a46f65b36cf9d1863821846f32cd08b7f9dd84710f2fa08a1,2,8,uplink_power_w,0.4,far,34,452.07931927905526,0.058823529411764705,37.62530029254439,0.03229016702592558
06ac6393eee7a87a46f65b36cf9d1863821846f32cd08b7f9dd84710f2fa08a1,2,8,downlink_power_w,0.5,near,33,224.85896817191465,0.24242424242424243,37.64758485684186,0.03183274318262341
06ac6393eee7a87a46f65b36cf9d1863821846f32cd08b7f9dd84710f2fa08a1,2,8,downlink_power_w,0.5,middle,33,362.3758229036444,0.09090909090909091,44.81380143288925,0.027981047158932508
06ac6393eee7a87a46f65b36cf9d1863821846f32cd08b7f9dd84710f2fa08a1,2,8,downlink_power_w,0.5,far,34,452.07931927905526,0.058823529411764705,37.630298415384495,0.03228765309296361
06ac6393eee7a87a46f65b36cf9d1863821846f32cd08b7f9dd84710f2fa08a1,2,8,downlink_power_w,1.0,near,33,224.85896817191465,0.2727272727272727,37.0847689627955,0.032359183828016724
06ac6393eee7a87a46f65b36cf9d1863821846f32cd08b7f9dd84710f2fa08a1,2,8,downlink_power_w,1.0,middle,33,362.3758229036444,0.09090909090909091,44.7996232654834,0.02798507273022681
06ac6393eee7a87a46f65b36cf9d1863821846f32cd08b7f9dd84710f2fa08a1,2,8,downlink_power_w,1.0,far,34,452.07931927905526,0.058823529411764705,37.62510601107285,0.032290266903040904
06ac6393eee7a87a46f65b36cf9d1863821846f32cd08b7f9dd84710f2fa08a1,2,8,downlink_power_w,2.0,near,33,224.85896817191465,0.30303030303030304,36.32242795170134,0.03273984330358672
06ac6393eee7a87a46f65b36cf9d1863821846f32cd08b7f9dd84710f2fa08a1,2,8,downlink_power_w,2.0,middle,33,362.3758229036444,0.09090909090909091,44.791924434730014,0.027986628203509653
06ac6393eee7a87a46f65b36cf9d1863821846f32cd08b7f9dd84710f2fa08a1,2,8,downlink_power_w,2.0,far,34,452.07931927905526,0.058823529411764705,37.62235393647046,0.03229165333059785
06ac6393eee7a87a46f65b36cf9d1863821846f32cd08b7f9dd84710f2fa08a1,2,8,path_loss_exponent,3.0,near,33,224.85896817191465,0.2727272727272727,36.7772983723934,0.03219119504269228
06ac6393eee7a87a46f65b36cf9d1863821846f32cd08b7f9dd84710f2fa08a1,2,8,path_loss_exponent,3.0,middle,33,362.3758229036444,0.15151515151515152,41.73563688274567,0.028472543213122023
06ac6393eee7a87a46f65b36cf9d1863821846f32cd08b7f9dd84710f2fa08a1,2,8,path_loss_exponent,3.0,far,34,452.07931927905526,0.058823529411764705,37.61407585960726,0.0322958691566919
06ac6393eee7a87a46f65b36cf9d1863821846f32cd08b7f9dd84710f2fa08a1,2,8,path_loss_exponent,3.5,near,33,224.85896817191465,0.2727272727272727,37.0847689627955,0.032359183828016724
06ac6393eee7a87a46f65b36cf9d1863821846f32cd08b7f9dd84710f2fa08a1,2,8,path_loss_exponent,3.5,middle,33,362.3758229036444,0.09090909090909091,44.7996232654834,0.02798507273022681
06ac6393eee7a87a46f65b36cf9d1863821846f32cd08b7f9dd84710f2fa08a1,2,8,path_loss_exponent,3.5,far,34,452.07931927905526,0.058823529411764705,37.62510601107285,0.032290266903040904
06ac6393eee7a87a46f65b36cf9d1863821846f32cd08b7f9dd84710f2fa08a1,2,8,path_loss_exponent,3.8,near,33,224.85896817191465,0.2727272727272727,38.59681224457021,0.032569862731824946
06ac6393eee7a87a46f65b36cf9d1863821846f32cd08b7f9dd84710f2fa08a1,2,8,path_loss_exponent,3.8,middle,33,362.3758229036444,0.030303030303030304,47.41912848442048,0.027532811430932863
06ac6393eee7a87a46f65b36cf9d1863821846f32cd08b7f9dd84710f2fa08a1,2,8,path_loss_exponent,3.8,far,34,452.07931927905526,0.058823529411764705,37.64965205267067,0.03227806818591758
06ac6393eee7a87a46f65b36cf9d1863821846f32cd08b7f9dd84710f2fa08a1,2,9,bandwidth_mhz,10.0,near,34,170.95597912639988,0.20588235294117646,37.831405163966444,0.033775073883666594
06ac6393eee7a87a46f65b36cf9d1863821846f32cd08b7f9dd84710f2fa08a1,2,9,bandwidth_mhz,10.0,middle,32,367.50025827834344,0.0625,45.64009760381497,0.028617412552957446
06ac6393eee7a87a46f65b36cf9d1863821846f32cd08b7f9dd84710f2fa08a1,2,9,bandwidth_mhz,10.0,far,34,466.64200840900156,0.029411764705882353,38.26084026453118,0.027981345494054587
06ac6393eee7a87a46f65b36cf9d1863821846f32cd08b7f9dd84710f2fa08a1,2,9,bandwidth_mhz,20.0,near,34,170.95597912639988,0.2647058823529412,35.80432281530335,0.034541372915408076
06ac6393eee7a87a46f65b36cf9d1863821846f32cd08b7f9dd84710f2fa08a1,2,9,bandwidth_mhz,20.0,middle,32,367.50025827834344,0.0625,45.62759062220195,0.028621456677065466
06ac6393eee7a87a46f65b36cf9d1863821846f32cd08b7f9dd84710f2fa08a1,2,9,bandwidth_mhz,20.0,far,34,466.64200840900156,0.08823529411764706,37.044188321532964,0.02888135225284198
06ac6393eee7a87a46f65b36cf9d1863821846f32cd08b7f9dd84710f2fa08a1,2,9,bandwidth_mhz,40.0,near,34,170.95597912639988,0.29411764705882354,35.400984281670276,0.03525091052316841
06ac6393eee7a87a46f65b36cf9d1863821846f32cd08b7f9dd84710f2fa08a1,2,9,bandwidth_mhz,40.0,middle,32,367.50025827834344,0.15625,44.01484274376632,0.03030530990759485
06ac6393eee7a87a46f65b36cf9d1863821846f32cd08b7f9dd84710f2fa08a1,2,9,bandwidth_mhz,40.0,far,34,466.64200840900156,0.08823529411764706,37.03508780888148,0.028887469102000712
06ac6393eee7a87a46f65b36cf9d1863821846f32cd08b7f9dd84710f2fa08a1,2,9,image_payload_mb,0.1,near,34,170.95597912639988,0.29411764705882354,36.42538833197924,0.03590246059816898
06ac6393eee7a87a46f65b36cf9d1863821846f32cd08b7f9dd84710f2fa08a1,2,9,image_payload_mb,0.1,middle,32,367.50025827834344,0.1875,44.11795523812616,0.03113629727890707
06ac6393eee7a87a46f65b36cf9d1863821846f32cd08b7f9dd84710f2fa08a1,2,9,image_payload_mb,0.1,far,34,466.64200840900156,0.11764705882352941,37.591214366068236,0.029931504841493272
06ac6393eee7a87a46f65b36cf9d1863821846f32cd08b7f9dd84710f2fa08a1,2,9,image_payload_mb,0.5,near,34,170.95597912639988,0.2647058823529412,35.80432281530335,0.034541372915408076
06ac6393eee7a87a46f65b36cf9d1863821846f32cd08b7f9dd84710f2fa08a1,2,9,image_payload_mb,0.5,middle,32,367.50025827834344,0.0625,45.62759062220195,0.028621456677065466
06ac6393eee7a87a46f65b36cf9d1863821846f32cd08b7f9dd84710f2fa08a1,2,9,image_payload_mb,0.5,far,34,466.64200840900156,0.08823529411764706,37.044188321532964,0.02888135225284198
06ac6393eee7a87a46f65b36cf9d1863821846f32cd08b7f9dd84710f2fa08a1,2,9,image_payload_mb,1.0,near,34,170.95597912639988,0.20588235294117646,37.83276483754234,0.03377422814515746
06ac6393eee7a87a46f65b36cf9d1863821846f32cd08b7f9dd84710f2fa08a1,2,9,image_payload_mb,1.0,middle,32,367.50025827834344,0.0625,45.649190044484655,0.0286146050428744
06ac6393eee7a87a46f65b36cf9d1863821846f32cd08b7f9dd84710f2fa08a1,2,9,image_payload_mb,1.0,far,34,466.64200840900156,0.0,39.6,0.02777877614770465
06ac6393eee7a87a46f65b36cf9d1863821846f32cd08b7f9dd84710f2fa08a1,2,9,uplink_power_w,0.1,near,34,170.95597912639988,0.2647058823529412,35.80437380279835,0.03454133391419961
06ac6393eee7a87a46f65b36cf9d1863821846f32cd08b7f9dd84710f2fa08a1,2,9,uplink_power_w,0.1,middle,32,367.50025827834344,0.0625,45.627665099219826,0.02862143386693171
06ac6393eee7a87a46f65b36cf9d1863821846f32cd08b7f9dd84710f2fa08a1,2,9,uplink_power_w,0.1,far,34,466.64200840900156,0.08823529411764706,37.04437516873941,0.028881277510881355
06ac6393eee7a87a46f65b36cf9d1863821846f32cd08b7f9dd84710f2fa08a1,2,9,uplink_power_w,0.2,near,34,170.95597912639988,0.2647058823529412,35.80432281530335,0.034541372915408076
06ac6393eee7a87a46f65b36cf9d1863821846f32cd08b7f9dd84710f2fa08a1,2,9,uplink_power_w,0.2,middle,32,367.50025827834344,0.0625,45.62759062220195,0.028621456677065466
06ac6393eee7a87a46f65b36cf9d1863821846f32cd08b7f9dd84710f2fa08a1,2,9,uplink_power_w,0.2,far,34,466.64200840900156,0.08823529411764706,37.044188321532964,0.02888135225284198
06ac6393eee7a87a46f65b36cf9d1863821846f32cd08b7f9dd84710f2fa08a1,2,9,uplink_power_w,0.4,near,34,170.95597912639988,0.2647058823529412,35.804287969158025,0.03454139984755129
06ac6393eee7a87a46f65b36cf9d1863821846f32cd08b7f9dd84710f2fa08a1,2,9,uplink_power_w,0.4,middle,32,367.50025827834344,0.0625,45.627548192797484,0.02862146972474122
06ac6393eee7a87a46f65b36cf9d1863821846f32cd08b7f9dd84710f2fa08a1,2,9,uplink_power_w,0.4,far,34,466.64200840900156,0.08823529411764706,37.044088644645555,0.02888139503643004
06ac6393eee7a87a46f65b36cf9d1863821846f32cd08b7f9dd84710f2fa08a1,2,9,downlink_power_w,0.5,near,34,170.95597912639988,0.2647058823529412,35.80821867536944,0.03454026466532968
06ac6393eee7a87a46f65b36cf9d1863821846f32cd08b7f9dd84710f2fa08a1,2,9,downlink_power_w,0.5,middle,32,367.50025827834344,0.0625,45.63690742748254,0.028618552514403095
06ac6393eee7a87a46f65b36cf9d1863821846f32cd08b7f9dd84710f2fa08a1,2,9,downlink_power_w,0.5,far,34,466.64200840900156,0.058823529411764705,37.74457932337124,0.028484683671089944
06ac6393eee7a87a46f65b36cf9d1863821846f32cd08b7f9dd84710f2fa08a1,2,9,downlink_power_w,1.0,near,34,170.95597912639988,0.2647058823529412,35.80432281530335,0.034541372915408076
06ac6393eee7a87a46f65b36cf9d1863821846f32cd08b7f9dd84710f2fa08a1,2,9,downlink_power_w,1.0,middle,32,367.50025827834344,0.0625,45.62759062220195,0.028621456677065466
06ac6393eee7a87a46f65b36cf9d1863821846f32cd08b7f9dd84710f2fa08a1,2,9,downlink_power_w,1.0,far,34,466.64200840900156,0.08823529411764706,37.044188321532964,0.02888135225284198
06ac6393eee7a87a46f65b36cf9d1863821846f32cd08b7f9dd84710f2fa08a1,2,9,downlink_power_w,2.0,near,34,170.95597912639988,0.2647058823529412,35.802880936719156,0.034540904036291696
06ac6393eee7a87a46f65b36cf9d1863821846f32cd08b7f9dd84710f2fa08a1,2,9,downlink_power_w,2.0,middle,32,367.50025827834344,0.09375,45.06335973310254,0.029160451912806862
06ac6393eee7a87a46f65b36cf9d1863821846f32cd08b7f9dd84710f2fa08a1,2,9,downlink_power_w,2.0,far,34,466.64200840900156,0.08823529411764706,37.034349403433524,0.02888492515207043
06ac6393eee7a87a46f65b36cf9d1863821846f32cd08b7f9dd84710f2fa08a1,2,9,path_loss_exponent,3.0,near,34,170.95597912639988,0.23529411764705882,36.23094208348746,0.03397660046223289
06ac6393eee7a87a46f65b36cf9d1863821846f32cd08b7f9dd84710f2fa08a1,2,9,path_loss_exponent,3.0,middle,32,367.50025827834344,0.125,42.657244109363134,0.029299477852676815
06ac6393eee7a87a46f65b36cf9d1863821846f32cd08b7f9dd84710f2fa08a1,2,9,path_loss_exponent,3.0,far,34,466.64200840900156,0.08823529411764706,37.01242653274674,0.028897848590034785
06ac6393eee7a87a46f65b36cf9d1863821846f32cd08b7f9dd84710f2fa08a1,2,9,path_loss_exponent,3.5,near,34,170.95597912639988,0.2647058823529412,35.80432281530335,0.034541372915408076
06ac6393eee7a87a46f65b36cf9d1863821846f32cd08b7f9dd84710f2fa08a1,2,9,path_loss_exponent,3.5,middle,32,367.50025827834344,0.0625,45.62759062220195,0.028621456677065466
06ac6393eee7a87a46f65b36cf9d1863821846f32cd08b7f9dd84710f2fa08a1,2,9,path_loss_exponent,3.5,far,34,466.64200840900156,0.08823529411764706,37.044188321532964,0.02888135225284198
06ac6393eee7a87a46f65b36cf9d1863821846f32cd08b7f9dd84710f2fa08a1,2,9,path_loss_exponent,3.8,near,34,170.95597912639988,0.2647058823529412,35.80507288311859,0.03454162366270993
06ac6393eee7a87a46f65b36cf9d1863821846f32cd08b7f9dd84710f2fa08a1,2,9,path_loss_exponent,3.8,middle,32,367.50025827834344,0.03125,47.008072306434336,0.02838569832423026
06ac6393eee7a87a46f65b36cf9d1863821846f32cd08b7f9dd84710f2fa08a1,2,9,path_loss_exponent,3.8,far,34,466.64200840900156,0.029411764705882353,39.07478460445846,0.028283495163545794
06ac6393eee7a87a46f65b36cf9d1863821846f32cd08b7f9dd84710f2fa08a1,3,0,bandwidth_mhz,10.0,near,34,214.66428718894676,0.2647058823529412,43.34103106965066,0.027614201834880503
06ac6393eee7a87a46f65b36cf9d1863821846f32cd08b7f9dd84710f2fa08a1,3,0,bandwidth_mhz,10.0,middle,33,353.7946543140282,0.06060606060606061,48.724030278591286,0.028327262596090256
06ac6393eee7a87a46f65b36cf9d1863821846f32cd08b7f9dd84710f2fa08a1,3,0,bandwidth_mhz,10.0,far,33,451.141283395494,0.030303030303030304,36.474272154543655,0.030351573960008305
06ac6393eee7a87a46f65b36cf9d1863821846f32cd08b7f9dd84710f2fa08a1,3,0,bandwidth_mhz,20.0,near,34,214.66428718894676,0.29411764705882354,42.68601538222545,0.02808111683207287
06ac6393eee7a87a46f65b36cf9d1863821846f32cd08b7f9dd84710f2fa08a1,3,0,bandwidth_mhz,20.0,middle,33,353.7946543140282,0.09090909090909091,47.344969797926254,0.028557328497379884
06ac6393eee7a87a46f65b36cf9d1863821846f32cd08b7f9dd84710f2fa08a1,3,0,bandwidth_mhz,20.0,far,33,451.141283395494,0.06060606060606061,35.92862300665491,0.030874877106856304
06ac6393eee7a87a46f65b36cf9d1863821846f32cd08b7f9dd84710f2fa08a1,3,0,bandwidth_mhz,40.0,near,34,214.66428718894676,0.29411764705882354,42.66539531512186,0.02809886094653564
06ac6393eee7a87a46f65b36cf9d1863821846f32cd08b7f9dd84710f2fa08a1,3,0,bandwidth_mhz,40.0,middle,33,353.7946543140282,0.15151515151515152,45.59468008623327,0.029231019301265673
06ac6393eee7a87a46f65b36cf9d1863821846f32cd08b7f9dd84710f2fa08a1,3,0,bandwidth_mhz,40.0,far,33,451.141283395494,0.12121212121212122,34.869528443925226,0.03197167119537958
06ac6393eee7a87a46f65b36cf9d1863821846f32cd08b7f9dd84710f2fa08a1,3,0,image_payload_mb,0.1,near,34,214.66428718894676,0.3235294117647059,41.058399729113006,0.028354771074758995
06ac6393eee7a87a46f65b36cf9d1863821846f32cd08b7f9dd84710f2fa08a1,3,0,image_payload_mb,0.1,middle,33,353.7946543140282,0.12121212121212122,45.46810978320366,0.0288249408666168
06ac6393eee7a87a46f65b36cf9d1863821846f32cd08b7f9dd84710f2fa08a1,3,0,image_payload_mb,0.1,far,33,451.141283395494,0.18181818181818182,34.16619536171405,0.03342347644299628
06ac6393eee7a87a46f65b36cf9d1863821846f32cd08b7f9dd84710f2fa08a1,3,0,image_payload_mb,0.5,near,34,214.66428718894676,0.29411764705882354,42.68601538222545,0.02808111683207287
06ac6393eee7a87a46f65b36cf9d1863821846f32cd08b7f9dd84710f2fa08a1,3,0,image_payload_mb,0.5,middle,33,353.7946543140282,0.09090909090909091,47.344969797926254,0.028557328497379884
06ac6393eee7a87a46f65b36cf9d1863821846f32cd08b7f9dd84710f2fa08a1,3,0,image_payload_mb,0.5,far,33,451.141283395494,0.06060606060606061,35.92862300665491,0.030874877106856304
06ac6393eee7a87a46f65b36cf9d1863821846f32cd08b7f9dd84710f2fa08a1,3,0,image_payload_mb,1.0,near,34,214.66428718894676,0.2647058823529412,43.34317354007484,0.027613174067023377
06ac6393eee7a87a46f65b36cf9d1863821846f32cd08b7f9dd84710f2fa08a1,3,0,image_payload_mb,1.0,middle,33,353.7946543140282,0.06060606060606061,48.724913207924395,0.02832586074718259
06ac6393eee7a87a46f65b36cf9d1863821846f32cd08b7f9dd84710f2fa08a1,3,0,image_payload_mb,1.0,far,33,451.141283395494,0.0,37.199999999999996,0.029962638888366415
06ac6393eee7a87a46f65b36cf9d1863821846f32cd08b7f9dd84710f2fa08a1,3,0,uplink_power_w,0.1,near,34,214.66428718894676,0.29411764705882354,42.69568167916071,0.028072918478169562
06ac6393eee7a87a46f65b36cf9d1863821846f32cd08b7f9dd84710f2fa08a1,3,0,uplink_power_w,0.1,middle,33,353.7946543140282,0.09090909090909091,47.352743477774176,0.028552861952395966
06ac6393eee7a87a46f65b36cf9d1863821846f32cd08b7f9dd84710f2fa08a1,3,0,uplink_power_w,0.1,far,33,451.141283395494,0.09090909090909091,35.30356012781438,0.03130967209238647
06ac6393eee7a87a46f65b36cf9d1863821846f32cd08b7f9dd84710f2fa08a1,3,0,uplink_power_w,0.2,near,34,214.66428718894676,0.29411764705882354,42.68601538222545,0.02808111683207287
06ac6393eee7a87a46f65b36cf9d1863821846f32cd08b7f9dd84710f2fa08a1,3,0,uplink_power_w,0.2,middle,33,353.7946543140282,0.09090909090909091,47.344969797926254,0.028557328497379884
06ac6393eee7a87a46f65b36cf9d1863821846f32cd08b7f9dd84710f2fa08a1,3,0,uplink_power_w,0.2,far,33,451.141283395494,0.06060606060606061,35.92862300665491,0.030874877106856304
06ac6393eee7a87a46f65b36cf9d1863821846f32cd08b7f9dd84710f2fa08a1,3,0,uplink_power_w,0.4,near,34,214.66428718894676,0.29411764705882354,42.684901490575925,0.028081569966227193
06ac6393eee7a87a46f65b36cf9d1863821846f32cd08b7f9dd84710f2fa08a1,3,0,uplink_power_w,0.4,middle,33,353.7946543140282,0.12121212121212122,46.40933743208018,0.028860767263745018
06ac6393eee7a87a46f65b36cf9d1863821846f32cd08b7f9dd84710f2fa08a1,3,0,uplink_power_w,0.4,far,33,451.141283395494,0.030303030303030304,36.46847342563459,0.030356978681180005
06ac6393eee7a87a46f65b36cf9d1863821846f32cd08b7f9dd84710f2fa08a1,3,0,downlink_power_w,0.5,near,34,214.66428718894676,0.29411764705882354,42.69826104305555,0.02806958993474916
06ac6393eee7a87a46f65b36cf9d1863821846f32cd08b7f9dd84710f2fa08a1,3,0,downlink_power_w,0.5,middle,33,353.7946543140282,0.09090909090909091,47.34983846279461,0.028551978757469884
06ac6393eee7a87a46f65b36cf9d1863821846f32cd08b7f9dd84710f2fa08a1,3,0,downlink_power_w,0.5,far,33,451.141283395494,0.06060606060606061,35.933798438268845,0.030868490600635273
06ac6393eee7a87a46f65b36cf9d1863821846f32cd08b7f9dd84710f2fa08a1,3,0,downlink_power_w,1.0,near,34,214.66428718894676,0.29411764705882354,42.68601538222545,0.02808111683207287
06ac6393eee7a87a46f65b36cf9d1863821846f32cd08b7f9dd84710f2fa08a1,3,0,downlink_power_w,1.0,middle,33,353.7946543140282,0.09090909090909091,47.344969797926254,0.028557328497379884
06ac6393eee7a87a46f65b36cf9d1863821846f32cd08b7f9dd84710f2fa08a1,3,0,downlink_power_w,1.0,far,33,451.141283395494,0.06060606060606061,35.92862300665491,0.030874877106856304
06ac6393eee7a87a46f65b36cf9d1863821846f32cd08b7f9dd84710f2fa08a1,3,0,downlink_power_w,2.0,near,34,214.66428718894676,0.29411764705882354,42.684020303630795,0.028083155037095825
06ac6393eee7a87a46f65b36cf9d1863821846f32cd08b7f9dd84710f2fa08a1,3,0,downlink_power_w,2.0,middle,33,353.7946543140282,0.12121212121212122,46.408710231674625,0.02886281456140809
06ac6393eee7a87a46f65b36cf9d1863821846f32cd08b7f9dd84710f2fa08a1,3,0,downlink_power_w,2.0,far,33,451.141283395494,0.06060606060606061,35.83605421319415,0.03080043734039077
06ac6393eee7a87a46f65b36cf9d1863821846f32cd08b7f9dd84710f2fa08a1,3,0,path_loss_exponent,3.0,near,34,214.66428718894676,0.2647058823529412,43.30444017597696,0.027642798779923487
06ac6393eee7a87a46f65b36cf9d1863821846f32cd08b7f9dd84710f2fa08a1,3,0,path_loss_exponent,3.0,middle,33,353.7946543140282,0.15151515151515152,45.59844341237132,0.02922556103661684
06ac6393eee7a87a46f65b36cf9d1863821846f32cd08b7f9dd84710f2fa08a1,3,0,path_loss_exponent,3.0,far,33,451.141283395494,0.15151515151515152,34.21105273100514,0.03240198075373724
06ac6393eee7a87a46f65b36cf9d1863821846f32cd08b7f9dd84710f2fa08a1,3,0,path_loss_exponent,3.5,near,34,214.66428718894676,0.29411764705882354,42.68601538222545,0.02808111683207287
06ac6393eee7a87a46f65b36cf9d1863821846f32cd08b7f9dd84710f2fa08a1,3,0,path_loss_exponent,3.5,middle,33,353.7946543140282,0.09090909090909091,47.344969797926254,0.028557328497379884
06ac6393eee7a87a46f65b36cf9d1863821846f32cd08b7f9dd84710f2fa08a1,3,0,path_loss_exponent,3.5,far,33,451.141283395494,0.06060606060606061,35.92862300665491,0.030874877106856304
06ac6393eee7a87a46f65b36cf9d1863821846f32cd08b7f9dd84710f2fa08a1,3,0,path_loss_exponent,3.8,near,34,214.66428718894676,0.3235294117647059,42.34898373048775,0.028757725413109572
06ac6393eee7a87a46f65b36cf9d1863821846f32cd08b7f9dd84710f2fa08a1,3,0,path_loss_exponent,3.8,middle,33,353.7946543140282,0.06060606060606061,48.7227411004079,0.028329528331316845
06ac6393eee7a87a46f65b36cf9d1863821846f32cd08b7f9dd84710f2fa08a1,3,0,path_loss_exponent,3.8,far,33,451.141283395494,0.030303030303030304,36.478091098931685,0.03034804875999536
06ac6393eee7a87a46f65b36cf9d1863821846f32cd08b7f9dd84710f2fa08a1,3,1,bandwidth_mhz,10.0,near,33,175.37430640902193,0.15151515151515152,43.019453682064956,0.030947775859076182
06ac6393eee7a87a46f65b36cf9d1863821846f32cd08b7f9dd84710f2fa08a1,3,1,bandwidth_mhz,10.0,middle,34,347.44858875230176,0.14705882352941177,40.15393605401803,0.027783059646685464
06ac6393eee7a87a46f65b36cf9d1863821846f32cd08b7f9dd84710f2fa08a1,3,1,bandwidth_mhz,10.0,far,33,454.4752147342656,0.030303030303030304,45.72585755084536,0.026986541312496556
06ac6393eee7a87a46f65b36cf9d1863821846f32cd08b7f9dd84710f2fa08a1,3,1,bandwidth_mhz,20.0,near,33,175.37430640902193,0.21212121212121213,41.33730280075268,0.031753191109907965
06ac6393eee7a87a46f65b36cf9d1863821846f32cd08b7f9dd84710f2fa08a1,3,1,bandwidth_mhz,20.0,middle,34,347.44858875230176,0.17647058823529413,39.579931742089364,0.028282853098358773
06ac6393eee7a87a46f65b36cf9d1863821846f32cd08b7f9dd84710f2fa08a1,3,1,bandwidth_mhz,20.0,far,33,454.4752147342656,0.06060606060606061,44.995966211913895,0.027379059448094642
06ac6393eee7a87a46f65b36cf9d1863821846f32cd08b7f9dd84710f2fa08a1,3,1,bandwidth_mhz,40.0,near,33,175.37430640902193,0.24242424242424243,39.39650211806241,0.031919016157852656
06ac6393eee7a87a46f65b36cf9d1863821846f32cd08b7f9dd84710f2fa08a1,3,1,bandwidth_mhz,40.0,middle,34,347.44858875230176,0.20588235294117646,38.78334392694613,0.0286448463873541
06ac6393eee7a87a46f65b36cf9d1863821846f32cd08b7f9dd84710f2fa08a1,3,1,bandwidth_mhz,40.0,far,33,454.4752147342656,0.12121212121212122,43.84086378699763,0.028366620346935562
06ac6393eee7a87a46f65b36cf9d1863821846f32cd08b7f9dd84710f2fa08a1,3,1,image_payload_mb,0.1,near,33,175.37430640902193,0.24242424242424243,39.947048018101555,0.03242647845664476
06ac6393eee7a87a46f65b36cf9d1863821846f32cd08b7f9dd84710f2fa08a1,3,1,image_payload_mb,0.1,middle,34,347.44858875230176,0.14705882352941177,40.14887908921657,0.027876419662053425
06ac6393eee7a87a46f65b36cf9d1863821846f32cd08b7f9dd84710f2fa08a1,3,1,image_payload_mb,0.1,far,33,454.4752147342656,0.21212121212121213,40.86788955176523,0.02957271741899005
06ac6393eee7a87a46f65b36cf9d1863821846f32cd08b7f9dd84710f2fa08a1,3,1,image_payload_mb,0.5,near,33,175.37430640902193,0.21212121212121213,41.33730280075268,0.031753191109907965
06ac6393eee7a87a46f65b36cf9d1863821846f32cd08b7f9dd84710f2fa08a1,3,1,image_payload_mb,0.5,middle,34,347.44858875230176,0.17647058823529413,39.579931742089364,0.028282853098358773
06ac6393eee7a87a46f65b36cf9d1863821846f32cd08b7f9dd84710f2fa08a1,3,1,image_payload_mb,0.5,far,33,454.4752147342656,0.06060606060606061,44.995966211913895,0.027379059448094642
06ac6393eee7a87a46f65b36cf9d1863821846f32cd08b7f9dd84710f2fa08a1,3,1,image_payload_mb,1.0,near,33,175.37430640902193,0.15151515151515152,43.01744492382101,0.03095038641487913
06ac6393eee7a87a46f65b36cf9d1863821846f32cd08b7f9dd84710f2fa08a1,3,1,image_payload_mb,1.0,middle,34,347.44858875230176,0.11764705882352941,41.06172113003579,0.027487759761689576
06ac6393eee7a87a46f65b36cf9d1863821846f32cd08b7f9dd84710f2fa08a1,3,1,image_payload_mb,1.0,far,33,454.4752147342656,0.030303030303030304,45.729061803257395,0.02698377046678755
06ac6393eee7a87a46f65b36cf9d1863821846f32cd08b7f9dd84710f2fa08a1,3,1,uplink_power_w,0.1,near,33,175.37430640902193,0.21212121212121213,41.3399829336048,0.03175213541454045
06ac6393eee7a87a46f65b36cf9d1863821846f32cd08b7f9dd84710f2fa08a1,3,1,uplink_power_w,0.1,middle,34,347.44858875230176,0.17647058823529413,39.58197237465723,0.028282252132109626
06ac6393eee7a87a46f65b36cf9d1863821846f32cd08b7f9dd84710f2fa08a1,3,1,uplink_power_w,0.1,far,33,454.4752147342656,0.06060606060606061,44.996035496991894,0.027378996714430743
06ac6393eee7a87a46f65b36cf9d1863821846f32cd08b7f9dd84710f2fa08a1,3,1,uplink_power_w,0.2,near,33,175.37430640902193,0.21212121212121213,41.33730280075268,0.031753191109907965
06ac6393eee7a87a46f65b36cf9d1863821846f32cd08b7f9dd84710f2fa08a1,3,1,uplink_power_w,0.2,middle,34,347.44858875230176,0.17647058823529413,39.579931742089364,0.028282853098358773
06ac6393eee7a87a46f65b36cf9d1863821846f32cd08b7f9dd84710f2fa08a1,3,1,uplink_power_w,0.2,far,33,454.4752147342656,0.06060606060606061,44.995966211913895,0.027379059448094642
06ac6393eee7a87a46f65b36cf9d1863821846f32cd08b7f9dd84710f2fa08a1,3,1,uplink_power_w,0.4,near,33,175.37430640902193,0.21212121212121213,41.335316941863354,0.031753975644454396
06ac6393eee7a87a46f65b36cf9d1863821846f32cd08b7f9dd84710f2fa08a1,3,1,uplink_power_w,0.4,middle,34,347.44858875230176,0.17647058823529413,39.57837804994262,0.028283308458376615
06ac6393eee7a87a46f65b36cf9d1863821846f32cd08b7f9dd84710f2fa08a1,3,1,uplink_power_w,0.4,far,33,454.4752147342656,0.06060606060606061,44.995925932397164,0.027379095901243593
06ac6393eee7a87a46f65b36cf9d1863821846f32cd08b7f9dd84710f2fa08a1,3,1,downlink_power_w,0.5,near,33,175.37430640902193,0.21212121212121213,41.452297023338076,0.03190314037677893
06ac6393eee7a87a46f65b36cf9d1863821846f32cd08b7f9dd84710f2fa08a1,3,1,downlink_power_w,0.5,middle,34,347.44858875230176,0.17647058823529413,39.58741768863994,0.028276930061207076
06ac6393eee7a87a46f65b36cf9d1863821846f32cd08b7f9dd84710f2fa08a1,3,1,downlink_power_w,0.5,far,33,454.4752147342656,0.030303030303030304,45.72424096334086,0.026987945800896987
06ac6393eee7a87a46f65b36cf9d1863821846f32cd08b7f9dd84710f2fa08a1,3,1,downlink_power_w,1.0,near,33,175.37430640902193,0.21212121212121213,41.33730280075268,0.031753191109907965
06ac6393eee7a87a46f65b36cf9d1863821846f32cd08b7f9dd84710f2fa08a1,3,1,downlink_power_w,1.0,middle,34,347.44858875230176,0.17647058823529413,39.579931742089364,0.028282853098358773
06ac6393eee7a87a46f65b36cf9d1863821846f32cd08b7f9dd84710f2fa08a1,3,1,downlink_power_w,1.0,far,33,454.4752147342656,0.06060606060606061,44.995966211913895,0.027379059448094642
06ac6393eee7a87a46f65b36cf9d1863821846f32cd08b7f9dd84710f2fa08a1,3,1,downlink_power_w,2.0,near,33,175.37430640902193,0.21212121212121213,41.337392362952095,0.03175394401218804
06ac6393eee7a87a46f65b36cf9d1863821846f32cd08b7f9dd84710f2fa08a1,3,1,downlink_power_w,2.0,middle,34,347.44858875230176,0.17647058823529413,39.57515487609074,0.028286763321276137
06ac6393eee7a87a46f65b36cf9d1863821846f32cd08b7f9dd84710f2fa08a1,3,1,downlink_power_w,2.0,far,33,454.4752147342656,0.09090909090909091,44.35911736971156,0.027826657797304696
06ac6393eee7a87a46f65b36cf9d1863821846f32cd08b7f9dd84710f2fa08a1,3,1,path_loss_exponent,3.0,near,33,175.37430640902193,0.24242424242424243,39.4202393421213,0.03190413209869899
06ac6393eee7a87a46f65b36cf9d1863821846f32cd08b7f9dd84710f2fa08a1,3,1,path_loss_exponent,3.0,middle,34,347.44858875230176,0.20588235294117646,38.786821405060024,0.028642563059734415
06ac6393eee7a87a46f65b36cf9d1863821846f32cd08b7f9dd84710f2fa08a1,3,1,path_loss_exponent,3.0,far,33,454.4752147342656,0.09090909090909091,44.34560221252745,0.02784037607415901
06ac6393eee7a87a46f65b36cf9d1863821846f32cd08b7f9dd84710f2fa08a1,3,1,path_loss_exponent,3.5,near,33,175.37430640902193,0.21212121212121213,41.33730280075268,0.031753191109907965
06ac6393eee7a87a46f65b36cf9d1863821846f32cd08b7f9dd84710f2fa08a1,3,1,path_loss_exponent,3.5,middle,34,347.44858875230176,0.17647058823529413,39.579931742089364,0.028282853098358773
06ac6393eee7a87a46f65b36cf9d1863821846f32cd08b7f9dd84710f2fa08a1,3,1,path_loss_exponent,3.5,far,33,454.4752147342656,0.06060606060606061,44.995966211913895,0.027379059448094642
06ac6393eee7a87a46f65b36cf9d1863821846f32cd08b7f9dd84710f2fa08a1,3,1,path_loss_exponent,3.8,near,33,175.37430640902193,0.21212121212121213,42.234315667584504,0.032375307198069296
06ac6393eee7a87a46f65b36cf9d1863821846f32cd08b7f9dd84710f2fa08a1,3,1,path_loss_exponent,3.8,middle,34,347.44858875230176,0.17647058823529413,39.61863451505286,0.028255938767561408
06ac6393eee7a87a46f65b36cf9d1863821846f32cd08b7f9dd84710f2fa08a1,3,1,path_loss_exponent,3.8,far,33,454.4752147342656,0.0,46.47272727272727,0.026611166388540483
06ac6393eee7a87a46f65b36cf9d1863821846f32cd08b7f9dd84710f2fa08a1,3,2,bandwidth_mhz,10.0,near,34,179.07092998171353,0.17647058823529413,46.552090861632706,0.027133336277308795
06ac6393eee7a87a46f65b36cf9d1863821846f32cd08b7f9dd84710f2fa08a1,3,2,bandwidth_mhz,10.0,middle,33,345.12561446594816,0.15151515151515152,39.42212065916324,0.029609218114807788
06ac6393eee7a87a46f65b36cf9d1863821846f32cd08b7f9dd84710f2fa08a1,3,2,bandwidth_mhz,10.0,far,33,454.9149919502928,0.0,42.709090909090904,0.02894165779356304
06ac6393eee7a87a46f65b36cf9d1863821846f32cd08b7f9dd84710f2fa08a1,3,2,bandwidth_mhz,20.0,near,34,179.07092998171353,0.23529411764705882,45.69175162920654,0.028386497719081426
06ac6393eee7a87a46f65b36cf9d1863821846f32cd08b7f9dd84710f2fa08a1,3,2,bandwidth_mhz,20.0,middle,33,345.12561446594816,0.21212121212121213,37.93216203700167,0.0304439717615493
06ac6393eee7a87a46f65b36cf9d1863821846f32cd08b7f9dd84710f2fa08a1,3,2,bandwidth_mhz,20.0,far,33,454.9149919502928,0.030303030303030304,42.19229415317083,0.029482265221763233
06ac6393eee7a87a46f65b36cf9d1863821846f32cd08b7f9dd84710f2fa08a1,3,2,bandwidth_mhz,40.0,near,34,179.07092998171353,0.2647058823529412,45.0512399062555,0.028841797976534817
06ac6393eee7a87a46f65b36cf9d1863821846f32cd08b7f9dd84710f2fa08a1,3,2,bandwidth_mhz,40.0,middle,33,345.12561446594816,0.2727272727272727,36.896503892797874,0.0315778824160681
06ac6393eee7a87a46f65b36cf9d1863821846f32cd08b7f9dd84710f2fa08a1,3,2,bandwidth_mhz,40.0,far,33,454.9149919502928,0.030303030303030304,42.18973964638943,0.029486889471125335
06ac6393eee7a87a46f65b36cf9d1863821846f32cd08b7f9dd84710f2fa08a1,3,2,image_payload_mb,0.1,near,34,179.07092998171353,0.23529411764705882,46.591532309770166,0.028954651050216253
06ac6393eee7a87a46f65b36cf9d1863821846f32cd08b7f9dd84710f2fa08a1,3,2,image_payload_mb,0.1,middle,33,345.12561446594816,0.18181818181818182,38.42923776658142,0.030131010617452172
06ac6393eee7a87a46f65b36cf9d1863821846f32cd08b7f9dd84710f2fa08a1,3,2,image_payload_mb,0.1,far,33,454.9149919502928,0.21212121212121213,38.52011009705465,0.032625687678763386
06ac6393eee7a87a46f65b36cf9d1863821846f32cd08b7f9dd84710f2fa08a1,3,2,image_payload_mb,0.5,near,34,179.07092998171353,0.23529411764705882,45.69175162920654,0.028386497719081426
06ac6393eee7a87a46f65b36cf9d1863821846f32cd08b7f9dd84710f2fa08a1,3,2,image_payload_mb,0.5,middle,33,345.12561446594816,0.21212121212121213,37.93216203700167,0.0304439717615493
06ac6393eee7a87a46f65b36cf9d1863821846f32cd08b7f9dd84710f2fa08a1,3,2,image_payload_mb,0.5,far,33,454.9149919502928,0.030303030303030304,42.19229415317083,0.029482265221763233
06ac6393eee7a87a46f65b36cf9d1863821846f32cd08b7f9dd84710f2fa08a1,3,2,image_payload_mb,1.0,near,34,179.07092998171353,0.20588235294117646,46.17056352387309,0.02779917100965243
06ac6393eee7a87a46f65b36cf9d1863821846f32cd08b7f9dd84710f2fa08a1,3,2,image_payload_mb,1.0,middle,33,345.12561446594816,0.09090909090909091,40.5743213167943,0.02862389404281692
06ac6393eee7a87a46f65b36cf9d1863821846f32cd08b7f9dd84710f2fa08a1,3,2,image_payload_mb,1.0,far,33,454.9149919502928,0.0,42.709090909090904,0.02894165779356304
06ac6393eee7a87a46f65b36cf9d1863821846f32cd08b7f9dd84710f2fa08a1,3,2,uplink_power_w,0.1,near,34,179.07092998171353,0.23529411764705882,45.69475011755352,0.02838563189230342
06ac6393eee7a87a46f65b36cf9d1863821846f32cd08b7f9dd84710f2fa08a1,3,2,uplink_power_w,0.1,middle,33,345.12561446594816,0.21212121212121213,37.93224526953851,0.030443883696432538
06ac6393eee7a87a46f65b36cf9d1863821846f32cd08b7f9dd84710f2fa08a1,3,2,uplink_power_w,0.1,far,33,454.9149919502928,0.030303030303030304,42.19230070210898,0.029482253409219488
06ac6393eee7a87a46f65b36cf9d1863821846f32cd08b7f9dd84710f2fa08a1,3,2,uplink_power_w,0.2,near,34,179.07092998171353,0.23529411764705882,45.69175162920654,0.028386497719081426
06ac6393eee7a87a46f65b36cf9d1863821846f32cd08b7f9dd84710f2fa08a1,3,2,uplink_power_w,0.2,middle,33,345.12561446594816,0.21212121212121213,37.93216203700167,0.0304439717615493
06ac6393eee7a87a46f65b36cf9d1863821846f32cd08b7f9dd84710f2fa08a1,3,2,uplink_power_w,0.2,far,33,454.9149919502928,0.030303030303030304,42.19229415317083,0.029482265221763233
06ac6393eee7a87a46f65b36cf9d1863821846f32cd08b7f9dd84710f2fa08a1,3,2,uplink_power_w,0.4,near,34,179.07092998171353,0.23529411764705882,45.6810258563462,0.028396746344332858
06ac6393eee7a87a46f65b36cf9d1863821846f32cd08b7f9dd84710f2fa08a1,3,2,uplink_power_w,0.4,middle,33,345.12561446594816,0.18181818181818182,38.46294534677868,0.02993596207698976
06ac6393eee7a87a46f65b36cf9d1863821846f32cd08b7f9dd84710f2fa08a1,3,2,uplink_power_w,0.4,far,33,454.9149919502928,0.030303030303030304,42.191235582947336,0.029484177455631904
06ac6393eee7a87a46f65b36cf9d1863821846f32cd08b7f9dd84710f2fa08a1,3,2,downlink_power_w,0.5,near,34,179.07092998171353,0.23529411764705882,45.695468795330434,0.028384555971679243
06ac6393eee7a87a46f65b36cf9d1863821846f32cd08b7f9dd84710f2fa08a1,3,2,downlink_power_w,0.5,middle,33,345.12561446594816,0.18181818181818182,38.478039833193776,0.02992190426691456
06ac6393eee7a87a46f65b36cf9d1863821846f32cd08b7f9dd84710f2fa08a1,3,2,downlink_power_w,0.5,far,33,454.9149919502928,0.030303030303030304,42.19277837337379,0.029481392401542395
06ac6393eee7a87a46f65b36cf9d1863821846f32cd08b7f9dd84710f2fa08a1,3,2,downlink_power_w,1.0,near,34,179.07092998171353,0.23529411764705882,45.69175162920654,0.028386497719081426
06ac6393eee7a87a46f65b36cf9d1863821846f32cd08b7f9dd84710f2fa08a1,3,2,downlink_power_w,1.0,middle,33,345.12561446594816,0.21212121212121213,37.93216203700167,0.0304439717615493
06ac6393eee7a87a46f65b36cf9d1863821846f32cd08b7f9dd84710f2fa08a1,3,2,downlink_power_w,1.0,far,33,454.9149919502928,0.030303030303030304,42.19229415317083,0.029482265221763233
06ac6393eee7a87a46f65b36cf9d1863821846f32cd08b7f9dd84710f2fa08a1,3,2,downlink_power_w,2.0,near,34,179.07092998171353,0.23529411764705882,45.682027804976194,0.028395972209052423
06ac6393eee7a87a46f65b36cf9d1863821846f32cd08b7f9dd84710f2fa08a1,3,2,downlink_power_w,2.0,middle,33,345.12561446594816,0.21212121212121213,37.91844398840725,0.030458138818902598
06ac6393eee7a87a46f65b36cf9d1863821846f32cd08b7f9dd84710f2fa08a1,3,2,downlink_power_w,2.0,far,33,454.9149919502928,0.030303030303030304,42.19102641581472,0.0294845559741259
06ac6393eee7a87a46f65b36cf9d1863821846f32cd08b7f9dd84710f2fa08a1,3,2,path_loss_exponent,3.0,near,34,179.07092998171353,0.20588235294117646,46.06243918323269,0.02772802991536863
06ac6393eee7a87a46f65b36cf9d1863821846f32cd08b7f9dd84710f2fa08a1,3,2,path_loss_exponent,3.0,middle,33,345.12561446594816,0.24242424242424243,37.36370793299034,0.030991783405317698
06ac6393eee7a87a46f65b36cf9d1863821846f32cd08b7f9dd84710f2fa08a1,3,2,path_loss_exponent,3.0,far,33,454.9149919502928,0.09090909090909091,40.40228533163955,0.030187076589010372
06ac6393eee7a87a46f65b36cf9d1863821846f32cd08b7f9dd84710f2fa08a1,3,2,path_loss_exponent,3.5,near,34,179.07092998171353,0.23529411764705882,45.69175162920654,0.028386497719081426
06ac6393eee7a87a46f65b36cf9d1863821846f32cd08b7f9dd84710f2fa08a1,3,2,path_loss_exponent,3.5,middle,33,345.12561446594816,0.21212121212121213,37.93216203700167,0.0304439717615493
06ac6393eee7a87a46f65b36cf9d1863821846f32cd08b7f9dd84710f2fa08a1,3,2,path_loss_exponent,3.5,far,33,454.9149919502928,0.030303030303030304,42.19229415317083,0.029482265221763233
06ac6393eee7a87a46f65b36cf9d1863821846f32cd08b7f9dd84710f2fa08a1,3,2,path_loss_exponent,3.8,near,34,179.07092998171353,0.2647058823529412,45.21607356584397,0.02889713505148965
06ac6393eee7a87a46f65b36cf9d1863821846f32cd08b7f9dd84710f2fa08a1,3,2,path_loss_exponent,3.8,middle,33,345.12561446594816,0.15151515151515152,39.436874400478914,0.02959500458120795
06ac6393eee7a87a46f65b36cf9d1863821846f32cd08b7f9dd84710f2fa08a1,3,2,path_loss_exponent,3.8,far,33,454.9149919502928,0.0,42.709090909090904,0.02894165779356304
06ac6393eee7a87a46f65b36cf9d1863821846f32cd08b7f9dd84710f2fa08a1,3,3,bandwidth_mhz,10.0,near,34,209.96733803337844,0.20588235294117646,39.482053302701225,0.032095191702010084
06ac6393eee7a87a46f65b36cf9d1863821846f32cd08b7f9dd84710f2fa08a1,3,3,bandwidth_mhz,10.0,middle,32,359.30957702928566,0.09375,45.928122491971735,0.02700039286050719
06ac6393eee7a87a46f65b36cf9d1863821846f32cd08b7f9dd84710f2fa08a1,3,3,bandwidth_mhz,10.0,far,34,455.2136210589348,0.029411764705882353,43.953650618255296,0.02677292632935267
06ac6393eee7a87a46f65b36cf9d1863821846f32cd08b7f9dd84710f2fa08a1,3,3,bandwidth_mhz,20.0,near,34,209.96733803337844,0.2647058823529412,37.81822006123592,0.03292156640218429
06ac6393eee7a87a46f65b36cf9d1863821846f32cd08b7f9dd84710f2fa08a1,3,3,bandwidth_mhz,20.0,middle,32,359.30957702928566,0.09375,45.91878517054778,0.027012917949281033
06ac6393eee7a87a46f65b36cf9d1863821846f32cd08b7f9dd84710f2fa08a1,3,3,bandwidth_mhz,20.0,far,34,455.2136210589348,0.08823529411764706,42.47985382544843,0.027511153826399282
06ac6393eee7a87a46f65b36cf9d1863821846f32cd08b7f9dd84710f2fa08a1,3,3,bandwidth_mhz,40.0,near,34,209.96733803337844,0.29411764705882354,37.293634424816815,0.03345773865385233
06ac6393eee7a87a46f65b36cf9d1863821846f32cd08b7f9dd84710f2fa08a1,3,3,bandwidth_mhz,40.0,middle,32,359.30957702928566,0.125,45.38276431093225,0.027573568082370683
06ac6393eee7a87a46f65b36cf9d1863821846f32cd08b7f9dd84710f2fa08a1,3,3,bandwidth_mhz,40.0,far,34,455.2136210589348,0.17647058823529413,41.08100237952461,0.02922320651645514
06ac6393eee7a87a46f65b36cf9d1863821846f32cd08b7f9dd84710f2fa08a1,3,3,image_payload_mb,0.1,near,34,209.96733803337844,0.29411764705882354,37.52793412733385,0.03385114666592701
06ac6393eee7a87a46f65b36cf9d1863821846f32cd08b7f9dd84710f2fa08a1,3,3,image_payload_mb,0.1,middle,32,359.30957702928566,0.125,44.297261213543976,0.027131740167244792
06ac6393eee7a87a46f65b36cf9d1863821846f32cd08b7f9dd84710f2fa08a1,3,3,image_payload_mb,0.1,far,34,455.2136210589348,0.17647058823529413,41.82103069634351,0.029744752439679993
06ac6393eee7a87a46f65b36cf9d1863821846f32cd08b7f9dd84710f2fa08a1,3,3,image_payload_mb,0.5,near,34,209.96733803337844,0.2647058823529412,37.81822006123592,0.03292156640218429
06ac6393eee7a87a46f65b36cf9d1863821846f32cd08b7f9dd84710f2fa08a1,3,3,image_payload_mb,0.5,middle,32,359.30957702928566,0.09375,45.91878517054778,0.027012917949281033
06ac6393eee7a87a46f65b36cf9d1863821846f32cd08b7f9dd84710f2fa08a1,3,3,image_payload_mb,0.5,far,34,455.2136210589348,0.08823529411764706,42.47985382544843,0.027511153826399282
06ac6393eee7a87a46f65b36cf9d1863821846f32cd08b7f9dd84710f2fa08a1,3,3,image_payload_mb,1.0,near,34,209.96733803337844,0.20588235294117646,39.48534855450318,0.03209374280234955
06ac6393eee7a87a46f65b36cf9d1863821846f32cd08b7f9dd84710f2fa08a1,3,3,image_payload_mb,1.0,middle,32,359.30957702928566,0.0625,46.4381873601506,0.026417659033074387
06ac6393eee7a87a46f65b36cf9d1863821846f32cd08b7f9dd84710f2fa08a1,3,3,image_payload_mb,1.0,far,34,455.2136210589348,0.029411764705882353,43.95396591950437,0.026772677955024624
06ac6393eee7a87a46f65b36cf9d1863821846f32cd08b7f9dd84710f2fa08a1,3,3,uplink_power_w,0.1,near,34,209.96733803337844,0.23529411764705882,38.28046357019846,0.032343048150538393
06ac6393eee7a87a46f65b36cf9d1863821846f32cd08b7f9dd84710f2fa08a1,3,3,uplink_power_w,0.1,middle,32,359.30957702928566,0.09375,45.91914937506061,0.02701238496659257
06ac6393eee7a87a46f65b36cf9d1863821846f32cd08b7f9dd84710f2fa08a1,3,3,uplink_power_w,0.1,far,34,455.2136210589348,0.11764705882352941,42.359358318182615,0.028279151679967363
06ac6393eee7a87a46f65b36cf9d1863821846f32cd08b7f9dd84710f2fa08a1,3,3,uplink_power_w,0.2,near,34,209.96733803337844,0.2647058823529412,37.81822006123592,0.03292156640218429
06ac6393eee7a87a46f65b36cf9d1863821846f32cd08b7f9dd84710f2fa08a1,3,3,uplink_power_w,0.2,middle,32,359.30957702928566,0.09375,45.91878517054778,0.027012917949281033
06ac6393eee7a87a46f65b36cf9d1863821846f32cd08b7f9dd84710f2fa08a1,3,3,uplink_power_w,0.2,far,34,455.2136210589348,0.08823529411764706,42.47985382544843,0.027511153826399282
06ac6393eee7a87a46f65b36cf9d1863821846f32cd08b7f9dd84710f2fa08a1,3,3,uplink_power_w,0.4,near,34,209.96733803337844,0.2647058823529412,37.81520327772889,0.032922546070364545
06ac6393eee7a87a46f65b36cf9d1863821846f32cd08b7f9dd84710f2fa08a1,3,3,uplink_power_w,0.4,middle,32,359.30957702928566,0.09375,45.91876780984217,0.02701293842395664
06ac6393eee7a87a46f65b36cf9d1863821846f32cd08b7f9dd84710f2fa08a1,3,3,uplink_power_w,0.4,far,34,455.2136210589348,0.08823529411764706,42.479779118512795,0.0275112122671255
06ac6393eee7a87a46f65b36cf9d1863821846f32cd08b7f9dd84710f2fa08a1,3,3,downlink_power_w,0.5,near,34,209.96733803337844,0.23529411764705882,38.999939613176934,0.032689620543832204
06ac6393eee7a87a46f65b36cf9d1863821846f32cd08b7f9dd84710f2fa08a1,3,3,downlink_power_w,0.5,middle,32,359.30957702928566,0.09375,45.9213078200529,0.0270104356534147
06ac6393eee7a87a46f65b36cf9d1863821846f32cd08b7f9dd84710f2fa08a1,3,3,downlink_power_w,0.5,far,34,455.2136210589348,0.08823529411764706,42.97198908875946,0.027849373100719804
06ac6393eee7a87a46f65b36cf9d1863821846f32cd08b7f9dd84710f2fa08a1,3,3,downlink_power_w,1.0,near,34,209.96733803337844,0.2647058823529412,37.81822006123592,0.03292156640218429
06ac6393eee7a87a46f65b36cf9d1863821846f32cd08b7f9dd84710f2fa08a1,3,3,downlink_power_w,1.0,middle,32,359.30957702928566,0.09375,45.91878517054778,0.027012917949281033
06ac6393eee7a87a46f65b36cf9d1863821846f32cd08b7f9dd84710f2fa08a1,3,3,downlink_power_w,1.0,far,34,455.2136210589348,0.08823529411764706,42.47985382544843,0.027511153826399282
06ac6393eee7a87a46f65b36cf9d1863821846f32cd08b7f9dd84710f2fa08a1,3,3,downlink_power_w,2.0,near,34,209.96733803337844,0.29411764705882354,37.31671442488929,0.033443898483182126
06ac6393eee7a87a46f65b36cf9d1863821846f32cd08b7f9dd84710f2fa08a1,3,3,downlink_power_w,2.0,middle,32,359.30957702928566,0.09375,45.917133735106304,0.02701451188437972
06ac6393eee7a87a46f65b36cf9d1863821846f32cd08b7f9dd84710f2fa08a1,3,3,downlink_power_w,2.0,far,34,455.2136210589348,0.08823529411764706,42.47143837302217,0.02751785699850399
06ac6393eee7a87a46f65b36cf9d1863821846f32cd08b7f9dd84710f2fa08a1,3,3,path_loss_exponent,3.0,near,34,209.96733803337844,0.29411764705882354,36.77191556836149,0.03315565317314838
06ac6393eee7a87a46f65b36cf9d1863821846f32cd08b7f9dd84710f2fa08a1,3,3,path_loss_exponent,3.0,middle,32,359.30957702928566,0.09375,45.89154155215826,0.026989047513536705
06ac6393eee7a87a46f65b36cf9d1863821846f32cd08b7f9dd84710f2fa08a1,3,3,path_loss_exponent,3.0,far,34,455.2136210589348,0.14705882352941177,41.47296880596756,0.028612900261856904
06ac6393eee7a87a46f65b36cf9d1863821846f32cd08b7f9dd84710f2fa08a1,3,3,path_loss_exponent,3.5,near,34,209.96733803337844,0.2647058823529412,37.81822006123592,0.03292156640218429
06ac6393eee7a87a46f65b36cf9d1863821846f32cd08b7f9dd84710f2fa08a1,3,3,path_loss_exponent,3.5,middle,32,359.30957702928566,0.09375,45.91878517054778,0.027012917949281033
06ac6393eee7a87a46f65b36cf9d1863821846f32cd08b7f9dd84710f2fa08a1,3,3,path_loss_exponent,3.5,far,34,455.2136210589348,0.08823529411764706,42.47985382544843,0.027511153826399282
06ac6393eee7a87a46f65b36cf9d1863821846f32cd08b7f9dd84710f2fa08a1,3,3,path_loss_exponent,3.8,near,34,209.96733803337844,0.2647058823529412,38.60965402173548,0.03330611703596414
06ac6393eee7a87a46f65b36cf9d1863821846f32cd08b7f9dd84710f2fa08a1,3,3,path_loss_exponent,3.8,middle,32,359.30957702928566,0.09375,45.92941447887199,0.027002231984745016
06ac6393eee7a87a46f65b36cf9d1863821846f32cd08b7f9dd84710f2fa08a1,3,3,path_loss_exponent,3.8,far,34,455.2136210589348,0.029411764705882353,43.953716965197465,0.026772874053021912
06ac6393eee7a87a46f65b36cf9d1863821846f32cd08b7f9dd84710f2fa08a1,3,4,bandwidth_mhz,10.0,near,34,186.92138238848142,0.20588235294117646,42.67026704929741,0.030193037200685315
06ac6393eee7a87a46f65b36cf9d1863821846f32cd08b7f9dd84710f2fa08a1,3,4,bandwidth_mhz,10.0,middle,33,362.0589226256101,0.030303030303030304,38.721844786430296,0.030465254502579427
06ac6393eee7a87a46f65b36cf9d1863821846f32cd08b7f9dd84710f2fa08a1,3,4,bandwidth_mhz,10.0,far,33,463.8968150621049,0.030303030303030304,49.07115242857454,0.02416205518552809
06ac6393eee7a87a46f65b36cf9d1863821846f32cd08b7f9dd84710f2fa08a1,3,4,bandwidth_mhz,20.0,near,34,186.92138238848142,0.2647058823529412,40.260258418827604,0.03086086799386402
06ac6393eee7a87a46f65b36cf9d1863821846f32cd08b7f9dd84710f2fa08a1,3,4,bandwidth_mhz,20.0,middle,33,362.0589226256101,0.06060606060606061,38.203630112333336,0.031006719001343132
06ac6393eee7a87a46f65b36cf9d1863821846f32cd08b7f9dd84710f2fa08a1,3,4,bandwidth_mhz,20.0,far,33,463.8968150621049,0.06060606060606061,48.4378906681667,0.024607585183492812
06ac6393eee7a87a46f65b36cf9d1863821846f32cd08b7f9dd84710f2fa08a1,3,4,bandwidth_mhz,40.0,near,34,186.92138238848142,0.2647058823529412,40.230928223065604,0.0308740295865886
06ac6393eee7a87a46f65b36cf9d1863821846f32cd08b7f9dd84710f2fa08a1,3,4,bandwidth_mhz,40.0,middle,33,362.0589226256101,0.15151515151515152,35.899349733119294,0.0324083788427762
06ac6393eee7a87a46f65b36cf9d1863821846f32cd08b7f9dd84710f2fa08a1,3,4,bandwidth_mhz,40.0,far,33,463.8968150621049,0.12121212121212122,47.42353744418817,0.025723002925400144
06ac6393eee7a87a46f65b36cf9d1863821846f32cd08b7f9dd84710f2fa08a1,3,4,image_payload_mb,0.1,near,34,186.92138238848142,0.29411764705882354,41.31788898410422,0.03205938552881525
06ac6393eee7a87a46f65b36cf9d1863821846f32cd08b7f9dd84710f2fa08a1,3,4,image_payload_mb,0.1,middle,33,362.0589226256101,0.21212121212121213,34.99307800491441,0.033707102318867095
06ac6393eee7a87a46f65b36cf9d1863821846f32cd08b7f9dd84710f2fa08a1,3,4,image_payload_mb,0.1,far,33,463.8968150621049,0.12121212121212122,47.48792461034059,0.025799190101262078
06ac6393eee7a87a46f65b36cf9d1863821846f32cd08b7f9dd84710f2fa08a1,3,4,image_payload_mb,0.5,near,34,186.92138238848142,0.2647058823529412,40.260258418827604,0.03086086799386402
06ac6393eee7a87a46f65b36cf9d1863821846f32cd08b7f9dd84710f2fa08a1,3,4,image_payload_mb,0.5,middle,33,362.0589226256101,0.06060606060606061,38.203630112333336,0.031006719001343132
06ac6393eee7a87a46f65b36cf9d1863821846f32cd08b7f9dd84710f2fa08a1,3,4,image_payload_mb,0.5,far,33,463.8968150621049,0.06060606060606061,48.4378906681667,0.024607585183492812
06ac6393eee7a87a46f65b36cf9d1863821846f32cd08b7f9dd84710f2fa08a1,3,4,image_payload_mb,1.0,near,34,186.92138238848142,0.20588235294117646,43.439289759828064,0.030632617957213764
06ac6393eee7a87a46f65b36cf9d1863821846f32cd08b7f9dd84710f2fa08a1,3,4,image_payload_mb,1.0,middle,33,362.0589226256101,0.030303030303030304,38.72461555974229,0.03046210627150819
06ac6393eee7a87a46f65b36cf9d1863821846f32cd08b7f9dd84710f2fa08a1,3,4,image_payload_mb,1.0,far,33,463.8968150621049,0.030303030303030304,49.07321818570287,0.02415889867579637
06ac6393eee7a87a46f65b36cf9d1863821846f32cd08b7f9dd84710f2fa08a1,3,4,uplink_power_w,0.1,near,34,186.92138238848142,0.23529411764705882,40.78829637695705,0.03035493907316046
06ac6393eee7a87a46f65b36cf9d1863821846f32cd08b7f9dd84710f2fa08a1,3,4,uplink_power_w,0.1,middle,33,362.0589226256101,0.09090909090909091,36.85507652823032,0.03121700266704662
06ac6393eee7a87a46f65b36cf9d1863821846f32cd08b7f9dd84710f2fa08a1,3,4,uplink_power_w,0.1,far,33,463.8968150621049,0.06060606060606061,48.437755842287956,0.024607775811611686
06ac6393eee7a87a46f65b36cf9d1863821846f32cd08b7f9dd84710f2fa08a1,3,4,uplink_power_w,0.2,near,34,186.92138238848142,0.2647058823529412,40.260258418827604,0.03086086799386402
06ac6393eee7a87a46f65b36cf9d1863821846f32cd08b7f9dd84710f2fa08a1,3,4,uplink_power_w,0.2,middle,33,362.0589226256101,0.06060606060606061,38.203630112333336,0.031006719001343132
06ac6393eee7a87a46f65b36cf9d1863821846f32cd08b7f9dd84710f2fa08a1,3,4,uplink_power_w,0.2,far,33,463.8968150621049,0.06060606060606061,48.4378906681667,0.024607585183492812
06ac6393eee7a87a46f65b36cf9d1863821846f32cd08b7f9dd84710f2fa08a1,3,4,uplink_power_w,0.4,near,34,186.92138238848142,0.2647058823529412,41.020378154485,0.031317251419090884
06ac6393eee7a87a46f65b36cf9d1863821846f32cd08b7f9dd84710f2fa08a1,3,4,uplink_power_w,0.4,middle,33,362.0589226256101,0.06060606060606061,38.20379713707088,0.031006473812482827
06ac6393eee7a87a46f65b36cf9d1863821846f32cd08b7f9dd84710f2fa08a1,3,4,uplink_power_w,0.4,far,33,463.8968150621049,0.06060606060606061,48.438048335360925,0.024607365691564007
06ac6393eee7a87a46f65b36cf9d1863821846f32cd08b7f9dd84710f2fa08a1,3,4,downlink_power_w,0.5,near,34,186.92138238848142,0.2647058823529412,40.253478180542544,0.030864131370163174
06ac6393eee7a87a46f65b36cf9d1863821846f32cd08b7f9dd84710f2fa08a1,3,4,downlink_power_w,0.5,middle,33,362.0589226256101,0.030303030303030304,38.71934986447591,0.03046810597996099
06ac6393eee7a87a46f65b36cf9d1863821846f32cd08b7f9dd84710f2fa08a1,3,4,downlink_power_w,0.5,far,33,463.8968150621049,0.030303030303030304,49.06863996431588,0.024165917047660496
06ac6393eee7a87a46f65b36cf9d1863821846f32cd08b7f9dd84710f2fa08a1,3,4,downlink_power_w,1.0,near,34,186.92138238848142,0.2647058823529412,40.260258418827604,0.03086086799386402
06ac6393eee7a87a46f65b36cf9d1863821846f32cd08b7f9dd84710f2fa08a1,3,4,downlink_power_w,1.0,middle,33,362.0589226256101,0.06060606060606061,38.203630112333336,0.031006719001343132
06ac6393eee7a87a46f65b36cf9d1863821846f32cd08b7f9dd84710f2fa08a1,3,4,downlink_power_w,1.0,far,33,463.8968150621049,0.06060606060606061,48.4378906681667,0.024607585183492812
06ac6393eee7a87a46f65b36cf9d1863821846f32cd08b7f9dd84710f2fa08a1,3,4,downlink_power_w,2.0,near,34,186.92138238848142,0.2647058823529412,40.257042592797816,0.030863180466932306
06ac6393eee7a87a46f65b36cf9d1863821846f32cd08b7f9dd84710f2fa08a1,3,4,downlink_power_w,2.0,middle,33,362.0589226256101,0.06060606060606061,38.20207619076983,0.031009112839334083
06ac6393eee7a87a46f65b36cf9d1863821846f32cd08b7f9dd84710f2fa08a1,3,4,downlink_power_w,2.0,far,33,463.8968150621049,0.09090909090909091,47.89555597421301,0.025128467521970753
06ac6393eee7a87a46f65b36cf9d1863821846f32cd08b7f9dd84710f2fa08a1,3,4,path_loss_exponent,3.0,near,34,186.92138238848142,0.2647058823529412,40.2510580685824,0.030865728129337175
06ac6393eee7a87a46f65b36cf9d1863821846f32cd08b7f9dd84710f2fa08a1,3,4,path_loss_exponent,3.0,middle,33,362.0589226256101,0.12121212121212122,36.308053917199686,0.031770137061913
06ac6393eee7a87a46f65b36cf9d1863821846f32cd08b7f9dd84710f2fa08a1,3,4,path_loss_exponent,3.0,far,33,463.8968150621049,0.12121212121212122,46.755888713027794,0.02531010458485379
06ac6393eee7a87a46f65b36cf9d1863821846f32cd08b7f9dd84710f2fa08a1,3,4,path_loss_exponent,3.5,near,34,186.92138238848142,0.2647058823529412,40.260258418827604,0.03086086799386402
06ac6393eee7a87a46f65b36cf9d1863821846f32cd08b7f9dd84710f2fa08a1,3,4,path_loss_exponent,3.5,middle,33,362.0589226256101,0.06060606060606061,38.203630112333336,0.031006719001343132
06ac6393eee7a87a46f65b36cf9d1863821846f32cd08b7f9dd84710f2fa08a1,3,4,path_loss_exponent,3.5,far,33,463.8968150621049,0.06060606060606061,48.4378906681667,0.024607585183492812
06ac6393eee7a87a46f65b36cf9d1863821846f32cd08b7f9dd84710f2fa08a1,3,4,path_loss_exponent,3.8,near,34,186.92138238848142,0.23529411764705882,40.80045401971961,0.030346889872928957
06ac6393eee7a87a46f65b36cf9d1863821846f32cd08b7f9dd84710f2fa08a1,3,4,path_loss_exponent,3.8,middle,33,362.0589226256101,0.030303030303030304,38.72337874001405,0.0304635091835945
06ac6393eee7a87a46f65b36cf9d1863821846f32cd08b7f9dd84710f2fa08a1,3,4,path_loss_exponent,3.8,far,33,463.8968150621049,0.030303030303030304,49.07123795606219,0.02416192416392788
06ac6393eee7a87a46f65b36cf9d1863821846f32cd08b7f9dd84710f2fa08a1,3,5,bandwidth_mhz,10.0,near,33,188.62308225433395,0.24242424242424243,36.06379630089557,0.03328265187428591
06ac6393eee7a87a46f65b36cf9d1863821846f32cd08b7f9dd84710f2fa08a1,3,5,bandwidth_mhz,10.0,middle,34,375.71015222245256,0.08823529411764706,49.358490028384765,0.02470822591039273
06ac6393eee7a87a46f65b36cf9d1863821846f32cd08b7f9dd84710f2fa08a1,3,5,bandwidth_mhz,10.0,far,33,459.5128253579436,0.030303030303030304,43.88637477688319,0.02878728464866498
06ac6393eee7a87a46f65b36cf9d1863821846f32cd08b7f9dd84710f2fa08a1,3,5,bandwidth_mhz,20.0,near,33,188.62308225433395,0.2727272727272727,35.52922411374028,0.03384581531607468
06ac6393eee7a87a46f65b36cf9d1863821846f32cd08b7f9dd84710f2fa08a1,3,5,bandwidth_mhz,20.0,middle,34,375.71015222245256,0.17647058823529413,47.53041072733137,0.02613976117419953
06ac6393eee7a87a46f65b36cf9d1863821846f32cd08b7f9dd84710f2fa08a1,3,5,bandwidth_mhz,20.0,far,33,459.5128253579436,0.030303030303030304,43.87928427161148,0.028790765492141625
06ac6393eee7a87a46f65b36cf9d1863821846f32cd08b7f9dd84710f2fa08a1,3,5,bandwidth_mhz,40.0,near,33,188.62308225433395,0.3333333333333333,33.819010252324404,0.03470159350061419
06ac6393eee7a87a46f65b36cf9d1863821846f32cd08b7f9dd84710f2fa08a1,3,5,bandwidth_mhz,40.0,middle,34,375.71015222245256,0.17647058823529413,47.50537845408388,0.02616950377910065
06ac6393eee7a87a46f65b36cf9d1863821846f32cd08b7f9dd84710f2fa08a1,3,5,bandwidth_mhz,40.0,far,33,459.5128253579436,0.06060606060606061,43.12822168241652,0.02916758128831503
06ac6393eee7a87a46f65b36cf9d1863821846f32cd08b7f9dd84710f2fa08a1,3,5,image_payload_mb,0.1,near,33,188.62308225433395,0.2727272727272727,35.043344074114025,0.03393266785402275
06ac6393eee7a87a46f65b36cf9d1863821846f32cd08b7f9dd84710f2fa08a1,3,5,image_payload_mb,0.1,middle,34,375.71015222245256,0.23529411764705882,45.88649871703854,0.027154371359891145
06ac6393eee7a87a46f65b36cf9d1863821846f32cd08b7f9dd84710f2fa08a1,3,5,image_payload_mb,0.1,far,33,459.5128253579436,0.12121212121212122,42.18850204182235,0.030363582441749946
06ac6393eee7a87a46f65b36cf9d1863821846f32cd08b7f9dd84710f2fa08a1,3,5,image_payload_mb,0.5,near,33,188.62308225433395,0.2727272727272727,35.52922411374028,0.03384581531607468
06ac6393eee7a87a46f65b36cf9d1863821846f32cd08b7f9dd84710f2fa08a1,3,5,image_payload_mb,0.5,middle,34,375.71015222245256,0.17647058823529413,47.53041072733137,0.02613976117419953
06ac6393eee7a87a46f65b36cf9d1863821846f32cd08b7f9dd84710f2fa08a1,3,5,image_payload_mb,0.5,far,33,459.5128253579436,0.030303030303030304,43.87928427161148,0.028790765492141625
06ac6393eee7a87a46f65b36cf9d1863821846f32cd08b7f9dd84710f2fa08a1,3,5,image_payload_mb,1.0,near,33,188.62308225433395,0.24242424242424243,36.060980682749964,0.03328631510106567
06ac6393eee7a87a46f65b36cf9d1863821846f32cd08b7f9dd84710f2fa08a1,3,5,image_payload_mb,1.0,middle,34,375.71015222245256,0.08823529411764706,49.789761275658186,0.025009269391454654
06ac6393eee7a87a46f65b36cf9d1863821846f32cd08b7f9dd84710f2fa08a1,3,5,image_payload_mb,1.0,far,33,459.5128253579436,0.0,44.89090909090909,0.028504128105459707
06ac6393eee7a87a46f65b36cf9d1863821846f32cd08b7f9dd84710f2fa08a1,3,5,uplink_power_w,0.1,near,33,188.62308225433395,0.2727272727272727,35.529258654753846,0.03384576428673049
06ac6393eee7a87a46f65b36cf9d1863821846f32cd08b7f9dd84710f2fa08a1,3,5,uplink_power_w,0.1,middle,34,375.71015222245256,0.17647058823529413,47.53059074882139,0.026139606076998657
06ac6393eee7a87a46f65b36cf9d1863821846f32cd08b7f9dd84710f2fa08a1,3,5,uplink_power_w,0.1,far,33,459.5128253579436,0.030303030303030304,43.879345416933724,0.028790735320244593
06ac6393eee7a87a46f65b36cf9d1863821846f32cd08b7f9dd84710f2fa08a1,3,5,uplink_power_w,0.2,near,33,188.62308225433395,0.2727272727272727,35.52922411374028,0.03384581531607468
06ac6393eee7a87a46f65b36cf9d1863821846f32cd08b7f9dd84710f2fa08a1,3,5,uplink_power_w,0.2,middle,34,375.71015222245256,0.17647058823529413,47.53041072733137,0.02613976117419953
06ac6393eee7a87a46f65b36cf9d1863821846f32cd08b7f9dd84710f2fa08a1,3,5,uplink_power_w,0.2,far,33,459.5128253579436,0.030303030303030304,43.87928427161148,0.028790765492141625
06ac6393eee7a87a46f65b36cf9d1863821846f32cd08b7f9dd84710f2fa08a1,3,5,uplink_power_w,0.4,near,33,188.62308225433395,0.2727272727272727,35.529197737529884,0.033845853837753764
06ac6393eee7a87a46f65b36cf9d1863821846f32cd08b7f9dd84710f2fa08a1,3,5,uplink_power_w,0.4,middle,34,375.71015222245256,0.17647058823529413,47.5303068449246,0.026139855187881283
06ac6393eee7a87a46f65b36cf9d1863821846f32cd08b7f9dd84710f2fa08a1,3,5,uplink_power_w,0.4,far,33,459.5128253579436,0.030303030303030304,43.8792502115299,0.028790782300115825
06ac6393eee7a87a46f65b36cf9d1863821846f32cd08b7f9dd84710f2fa08a1,3,5,downlink_power_w,0.5,near,33,188.62308225433395,0.2727272727272727,35.5766489170882,0.03389450802892123
06ac6393eee7a87a46f65b36cf9d1863821846f32cd08b7f9dd84710f2fa08a1,3,5,downlink_power_w,0.5,middle,34,375.71015222245256,0.14705882352941177,48.40156699084868,0.025819444311673927
06ac6393eee7a87a46f65b36cf9d1863821846f32cd08b7f9dd84710f2fa08a1,3,5,downlink_power_w,0.5,far,33,459.5128253579436,0.030303030303030304,43.88572603661703,0.028787601628874858
06ac6393eee7a87a46f65b36cf9d1863821846f32cd08b7f9dd84710f2fa08a1,3,5,downlink_power_w,1.0,near,33,188.62308225433395,0.2727272727272727,35.52922411374028,0.03384581531607468
06ac6393eee7a87a46f65b36cf9d1863821846f32cd08b7f9dd84710f2fa08a1,3,5,downlink_power_w,1.0,middle,34,375.71015222245256,0.17647058823529413,47.53041072733137,0.02613976117419953
06ac6393eee7a87a46f65b36cf9d1863821846f32cd08b7f9dd84710f2fa08a1,3,5,downlink_power_w,1.0,far,33,459.5128253579436,0.030303030303030304,43.87928427161148,0.028790765492141625
06ac6393eee7a87a46f65b36cf9d1863821846f32cd08b7f9dd84710f2fa08a1,3,5,downlink_power_w,2.0,near,33,188.62308225433395,0.2727272727272727,35.52838227172754,0.03384737016727555
06ac6393eee7a87a46f65b36cf9d1863821846f32cd08b7f9dd84710f2fa08a1,3,5,downlink_power_w,2.0,middle,34,375.71015222245256,0.17647058823529413,47.518055987654016,0.02615070291983251
06ac6393eee7a87a46f65b36cf9d1863821846f32cd08b7f9dd84710f2fa08a1,3,5,downlink_power_w,2.0,far,33,459.5128253579436,0.06060606060606061,43.13088679332642,0.029165997993106343
06ac6393eee7a87a46f65b36cf9d1863821846f32cd08b7f9dd84710f2fa08a1,3,5,path_loss_exponent,3.0,near,33,188.62308225433395,0.30303030303030304,34.315053384820324,0.03408102560708238
06ac6393eee7a87a46f65b36cf9d1863821846f32cd08b7f9dd84710f2fa08a1,3,5,path_loss_exponent,3.0,middle,34,375.71015222245256,0.20588235294117646,46.169761541395786,0.026379204010379638
06ac6393eee7a87a46f65b36cf9d1863821846f32cd08b7f9dd84710f2fa08a1,3,5,path_loss_exponent,3.0,far,33,459.5128253579436,0.06060606060606061,43.11466489143696,0.029177680098967998
06ac6393eee7a87a46f65b36cf9d1863821846f32cd08b7f9dd84710f2fa08a1,3,5,path_loss_exponent,3.5,near,33,188.62308225433395,0.2727272727272727,35.52922411374028,0.03384581531607468
06ac6393eee7a87a46f65b36cf9d1863821846f32cd08b7f9dd84710f2fa08a1,3,5,path_loss_exponent,3.5,middle,34,375.71015222245256,0.17647058823529413,47.53041072733137,0.02613976117419953
06ac6393eee7a87a46f65b36cf9d1863821846f32cd08b7f9dd84710f2fa08a1,3,5,path_loss_exponent,3.5,far,33,459.5128253579436,0.030303030303030304,43.87928427161148,0.028790765492141625
06ac6393eee7a87a46f65b36cf9d1863821846f32cd08b7f9dd84710f2fa08a1,3,5,path_loss_exponent,3.8,near,33,188.62308225433395,0.3333333333333333,34.67335018603205,0.03509351260193814
06ac6393eee7a87a46f65b36cf9d1863821846f32cd08b7f9dd84710f2fa08a1,3,5,path_loss_exponent,3.8,middle,34,375.71015222245256,0.08823529411764706,49.78900561266696,0.02501263283434901
06ac6393eee7a87a46f65b36cf9d1863821846f32cd08b7f9dd84710f2fa08a1,3,5,path_loss_exponent,3.8,far,33,459.5128253579436,0.0,44.89090909090909,0.028504128105459707
06ac6393eee7a87a46f65b36cf9d1863821846f32cd08b7f9dd84710f2fa08a1,3,6,bandwidth_mhz,10.0,near,34,198.7331659129422,0.14705882352941177,39.968757902999904,0.03080452197351393
06ac6393eee7a87a46f65b36cf9d1863821846f32cd08b7f9dd84710f2fa08a1,3,6,bandwidth_mhz,10.0,middle,33,359.0280203602755,0.09090909090909091,47.93248208148317,0.026954189354825797
06ac6393eee7a87a46f65b36cf9d1863821846f32cd08b7f9dd84710f2fa08a1,3,6,bandwidth_mhz,10.0,far,33,454.7824680188275,0.09090909090909091,42.12397404221631,0.02837791890869867
06ac6393eee7a87a46f65b36cf9d1863821846f32cd08b7f9dd84710f2fa08a1,3,6,bandwidth_mhz,20.0,near,34,198.7331659129422,0.17647058823529413,39.436620821743006,0.03131911619854815
06ac6393eee7a87a46f65b36cf9d1863821846f32cd08b7f9dd84710f2fa08a1,3,6,bandwidth_mhz,20.0,middle,33,359.0280203602755,0.15151515151515152,45.62002844465805,0.027482432455871335
06ac6393eee7a87a46f65b36cf9d1863821846f32cd08b7f9dd84710f2fa08a1,3,6,bandwidth_mhz,20.0,far,33,454.7824680188275,0.15151515151515152,41.061087591069295,0.02943870859315157
06ac6393eee7a87a46f65b36cf9d1863821846f32cd08b7f9dd84710f2fa08a1,3,6,bandwidth_mhz,40.0,near,34,198.7331659129422,0.23529411764705882,38.46148761526969,0.03245247973552993
06ac6393eee7a87a46f65b36cf9d1863821846f32cd08b7f9dd84710f2fa08a1,3,6,bandwidth_mhz,40.0,middle,33,359.0280203602755,0.15151515151515152,45.591774154956596,0.027500587097455096
06ac6393eee7a87a46f65b36cf9d1863821846f32cd08b7f9dd84710f2fa08a1,3,6,bandwidth_mhz,40.0,far,33,454.7824680188275,0.18181818181818182,40.29911183688597,0.029831045248621645
06ac6393eee7a87a46f65b36cf9d1863821846f32cd08b7f9dd84710f2fa08a1,3,6,image_payload_mb,0.1,near,34,198.7331659129422,0.23529411764705882,38.79334640515966,0.032679273825487735
06ac6393eee7a87a46f65b36cf9d1863821846f32cd08b7f9dd84710f2fa08a1,3,6,image_payload_mb,0.1,middle,33,359.0280203602755,0.21212121212121213,43.05435532998754,0.028182552596127
06ac6393eee7a87a46f65b36cf9d1863821846f32cd08b7f9dd84710f2fa08a1,3,6,image_payload_mb,0.1,far,33,454.7824680188275,0.18181818181818182,39.91204999331125,0.029794043625011212
06ac6393eee7a87a46f65b36cf9d1863821846f32cd08b7f9dd84710f2fa08a1,3,6,image_payload_mb,0.5,near,34,198.7331659129422,0.17647058823529413,39.436620821743006,0.03131911619854815
06ac6393eee7a87a46f65b36cf9d1863821846f32cd08b7f9dd84710f2fa08a1,3,6,image_payload_mb,0.5,middle,33,359.0280203602755,0.15151515151515152,45.62002844465805,0.027482432455871335
06ac6393eee7a87a46f65b36cf9d1863821846f32cd08b7f9dd84710f2fa08a1,3,6,image_payload_mb,0.5,far,33,454.7824680188275,0.15151515151515152,41.061087591069295,0.02943870859315157
06ac6393eee7a87a46f65b36cf9d1863821846f32cd08b7f9dd84710f2fa08a1,3,6,image_payload_mb,1.0,near,34,198.7331659129422,0.11764705882352941,40.38054507085137,0.030171020141700228
06ac6393eee7a87a46f65b36cf9d1863821846f32cd08b7f9dd84710f2fa08a1,3,6,image_payload_mb,1.0,middle,33,359.0280203602755,0.09090909090909091,47.63719574215527,0.026810124820990884
06ac6393eee7a87a46f65b36cf9d1863821846f32cd08b7f9dd84710f2fa08a1,3,6,image_payload_mb,1.0,far,33,454.7824680188275,0.09090909090909091,42.12866116278038,0.028374977003818344
06ac6393eee7a87a46f65b36cf9d1863821846f32cd08b7f9dd84710f2fa08a1,3,6,uplink_power_w,0.1,near,34,198.7331659129422,0.17647058823529413,39.41504529597666,0.03128524975055105
06ac6393eee7a87a46f65b36cf9d1863821846f32cd08b7f9dd84710f2fa08a1,3,6,uplink_power_w,0.1,middle,33,359.0280203602755,0.15151515151515152,45.62477931963786,0.027481100599835037
06ac6393eee7a87a46f65b36cf9d1863821846f32cd08b7f9dd84710f2fa08a1,3,6,uplink_power_w,0.1,far,33,454.7824680188275,0.15151515151515152,41.06115445337183,0.02943864578336601
06ac6393eee7a87a46f65b36cf9d1863821846f32cd08b7f9dd84710f2fa08a1,3,6,uplink_power_w,0.2,near,34,198.7331659129422,0.17647058823529413,39.436620821743006,0.03131911619854815
06ac6393eee7a87a46f65b36cf9d1863821846f32cd08b7f9dd84710f2fa08a1,3,6,uplink_power_w,0.2,middle,33,359.0280203602755,0.15151515151515152,45.62002844465805,0.027482432455871335
06ac6393eee7a87a46f65b36cf9d1863821846f32cd08b7f9dd84710f2fa08a1,3,6,uplink_power_w,0.2,far,33,454.7824680188275,0.15151515151515152,41.061087591069295,0.02943870859315157
06ac6393eee7a87a46f65b36cf9d1863821846f32cd08b7f9dd84710f2fa08a1,3,6,uplink_power_w,0.4,near,34,198.7331659129422,0.14705882352941177,39.843063884124255,0.03069172410796332
06ac6393eee7a87a46f65b36cf9d1863821846f32cd08b7f9dd84710f2fa08a1,3,6,uplink_power_w,0.4,middle,33,359.0280203602755,0.15151515151515152,45.609406138178436,0.027488619190264855
06ac6393eee7a87a46f65b36cf9d1863821846f32cd08b7f9dd84710f2fa08a1,3,6,uplink_power_w,0.4,far,33,454.7824680188275,0.15151515151515152,41.0551522802821,0.029445300472682095
06ac6393eee7a87a46f65b36cf9d1863821846f32cd08b7f9dd84710f2fa08a1,3,6,downlink_power_w,0.5,near,34,198.7331659129422,0.17647058823529413,39.43907686778239,0.03131628817558721
06ac6393eee7a87a46f65b36cf9d1863821846f32cd08b7f9dd84710f2fa08a1,3,6,downlink_power_w,0.5,middle,33,359.0280203602755,0.15151515151515152,45.626856417679605,0.027477015970872733
06ac6393eee7a87a46f65b36cf9d1863821846f32cd08b7f9dd84710f2fa08a1,3,6,downlink_power_w,0.5,far,33,454.7824680188275,0.12121212121212122,41.581925763128176,0.028897050255449686
06ac6393eee7a87a46f65b36cf9d1863821846f32cd08b7f9dd84710f2fa08a1,3,6,downlink_power_w,1.0,near,34,198.7331659129422,0.17647058823529413,39.436620821743006,0.03131911619854815
06ac6393eee7a87a46f65b36cf9d1863821846f32cd08b7f9dd84710f2fa08a1,3,6,downlink_power_w,1.0,middle,33,359.0280203602755,0.15151515151515152,45.62002844465805,0.027482432455871335
06ac6393eee7a87a46f65b36cf9d1863821846f32cd08b7f9dd84710f2fa08a1,3,6,downlink_power_w,1.0,far,33,454.7824680188275,0.15151515151515152,41.061087591069295,0.02943870859315157
06ac6393eee7a87a46f65b36cf9d1863821846f32cd08b7f9dd84710f2fa08a1,3,6,downlink_power_w,2.0,near,34,198.7331659129422,0.17647058823529413,39.43070932723688,0.03132785024599817
06ac6393eee7a87a46f65b36cf9d1863821846f32cd08b7f9dd84710f2fa08a1,3,6,downlink_power_w,2.0,middle,33,359.0280203602755,0.15151515151515152,45.60968139750278,0.02749018588106888
06ac6393eee7a87a46f65b36cf9d1863821846f32cd08b7f9dd84710f2fa08a1,3,6,downlink_power_w,2.0,far,33,454.7824680188275,0.15151515151515152,41.05178891758757,0.029448259716570963
06ac6393eee7a87a46f65b36cf9d1863821846f32cd08b7f9dd84710f2fa08a1,3,6,path_loss_exponent,3.0,near,34,198.7331659129422,0.17647058823529413,39.31817362422413,0.031194499300332083
06ac6393eee7a87a46f65b36cf9d1863821846f32cd08b7f9dd84710f2fa08a1,3,6,path_loss_exponent,3.0,middle,33,359.0280203602755,0.15151515151515152,45.59478761968714,0.02749752076349532
06ac6393eee7a87a46f65b36cf9d1863821846f32cd08b7f9dd84710f2fa08a1,3,6,path_loss_exponent,3.0,far,33,454.7824680188275,0.24242424242424243,38.572903799255,0.030585855207583657
06ac6393eee7a87a46f65b36cf9d1863821846f32cd08b7f9dd84710f2fa08a1,3,6,path_loss_exponent,3.5,near,34,198.7331659129422,0.17647058823529413,39.436620821743006,0.03131911619854815
06ac6393eee7a87a46f65b36cf9d1863821846f32cd08b7f9dd84710f2fa08a1,3,6,path_loss_exponent,3.5,middle,33,359.0280203602755,0.15151515151515152,45.62002844465805,0.027482432455871335
06ac6393eee7a87a46f65b36cf9d1863821846f32cd08b7f9dd84710f2fa08a1,3,6,path_loss_exponent,3.5,far,33,454.7824680188275,0.15151515151515152,41.061087591069295,0.02943870859315157
06ac6393eee7a87a46f65b36cf9d1863821846f32cd08b7f9dd84710f2fa08a1,3,6,path_loss_exponent,3.8,near,34,198.7331659129422,0.20588235294117646,39.005646705898236,0.031920313448384564
06ac6393eee7a87a46f65b36cf9d1863821846f32cd08b7f9dd84710f2fa08a1,3,6,path_loss_exponent,3.8,middle,33,359.0280203602755,0.09090909090909091,47.93801639520395,0.02694966492361996
06ac6393eee7a87a46f65b36cf9d1863821846f32cd08b7f9dd84710f2fa08a1,3,6,path_loss_exponent,3.8,far,33,454.7824680188275,0.09090909090909091,42.13551323815932,0.028371436084812726
06ac6393eee7a87a46f65b36cf9d1863821846f32cd08b7f9dd84710f2fa08a1,3,7,bandwidth_mhz,10.0,near,33,211.99169767823696,0.2727272727272727,42.33238518899153,0.029702373743381714
06ac6393eee7a87a46f65b36cf9d1863821846f32cd08b7f9dd84710f2fa08a1,3,7,bandwidth_mhz,10.0,middle,33,364.15156669057137,0.030303030303030304,43.11450892087095,0.028827495970902846
06ac6393eee7a87a46f65b36cf9d1863821846f32cd08b7f9dd84710f2fa08a1,3,7,bandwidth_mhz,10.0,far,34,457.98413228237825,0.029411764705882353,44.42650505259766,0.02768942836492051
06ac6393eee7a87a46f65b36cf9d1863821846f32cd08b7f9dd84710f2fa08a1,3,7,bandwidth_mhz,20.0,near,33,211.99169767823696,0.36363636363636365,40.555218791131935,0.031166929241169608
06ac6393eee7a87a46f65b36cf9d1863821846f32cd08b7f9dd84710f2fa08a1,3,7,bandwidth_mhz,20.0,middle,33,364.15156669057137,0.030303030303030304,43.108654506110696,0.028832043009002
06ac6393eee7a87a46f65b36cf9d1863821846f32cd08b7f9dd84710f2fa08a1,3,7,bandwidth_mhz,20.0,far,34,457.98413228237825,0.058823529411764705,43.64920257062842,0.02803910412258933
06ac6393eee7a87a46f65b36cf9d1863821846f32cd08b7f9dd84710f2fa08a1,3,7,bandwidth_mhz,40.0,near,33,211.99169767823696,0.42424242424242425,38.678668324318586,0.03196931139729682
06ac6393eee7a87a46f65b36cf9d1863821846f32cd08b7f9dd84710f2fa08a1,3,7,bandwidth_mhz,40.0,middle,33,364.15156669057137,0.030303030303030304,43.10437433673388,0.028835398545219073
06ac6393eee7a87a46f65b36cf9d1863821846f32cd08b7f9dd84710f2fa08a1,3,7,bandwidth_mhz,40.0,far,34,457.98413228237825,0.11764705882352941,42.03061480549077,0.028715767505286944
06ac6393eee7a87a46f65b36cf9d1863821846f32cd08b7f9dd84710f2fa08a1,3,7,image_payload_mb,0.1,near,33,211.99169767823696,0.2727272727272727,42.81714935031599,0.03011438056930718
06ac6393eee7a87a46f65b36cf9d1863821846f32cd08b7f9dd84710f2fa08a1,3,7,image_payload_mb,0.1,middle,33,364.15156669057137,0.15151515151515152,40.27948011350596,0.030709438395688973
06ac6393eee7a87a46f65b36cf9d1863821846f32cd08b7f9dd84710f2fa08a1,3,7,image_payload_mb,0.1,far,34,457.98413228237825,0.20588235294117646,39.05714286431903,0.029995118034993308
06ac6393eee7a87a46f65b36cf9d1863821846f32cd08b7f9dd84710f2fa08a1,3,7,image_payload_mb,0.5,near,33,211.99169767823696,0.36363636363636365,40.555218791131935,0.031166929241169608
06ac6393eee7a87a46f65b36cf9d1863821846f32cd08b7f9dd84710f2fa08a1,3,7,image_payload_mb,0.5,middle,33,364.15156669057137,0.030303030303030304,43.108654506110696,0.028832043009002
06ac6393eee7a87a46f65b36cf9d1863821846f32cd08b7f9dd84710f2fa08a1,3,7,image_payload_mb,0.5,far,34,457.98413228237825,0.058823529411764705,43.64920257062842,0.02803910412258933
06ac6393eee7a87a46f65b36cf9d1863821846f32cd08b7f9dd84710f2fa08a1,3,7,image_payload_mb,1.0,near,33,211.99169767823696,0.2727272727272727,42.347082371920195,0.029687008009549713
06ac6393eee7a87a46f65b36cf9d1863821846f32cd08b7f9dd84710f2fa08a1,3,7,image_payload_mb,1.0,middle,33,364.15156669057137,0.030303030303030304,43.11726585186215,0.02882537157292966
06ac6393eee7a87a46f65b36cf9d1863821846f32cd08b7f9dd84710f2fa08a1,3,7,image_payload_mb,1.0,far,34,457.98413228237825,0.029411764705882353,44.4290710349395,0.0276871749516906
06ac6393eee7a87a46f65b36cf9d1863821846f32cd08b7f9dd84710f2fa08a1,3,7,uplink_power_w,0.1,near,33,211.99169767823696,0.36363636363636365,40.55532157591181,0.03116680879367083
06ac6393eee7a87a46f65b36cf9d1863821846f32cd08b7f9dd84710f2fa08a1,3,7,uplink_power_w,0.1,middle,33,364.15156669057137,0.030303030303030304,43.108658385458384,0.028832039979713918
06ac6393eee7a87a46f65b36cf9d1863821846f32cd08b7f9dd84710f2fa08a1,3,7,uplink_power_w,0.1,far,34,457.98413228237825,0.058823529411764705,43.649262878870054,0.02803905629959401
06ac6393eee7a87a46f65b36cf9d1863821846f32cd08b7f9dd84710f2fa08a1,3,7,uplink_power_w,0.2,near,33,211.99169767823696,0.36363636363636365,40.555218791131935,0.031166929241169608
06ac6393eee7a87a46f65b36cf9d1863821846f32cd08b7f9dd84710f2fa08a1,3,7,uplink_power_w,0.2,middle,33,364.15156669057137,0.030303030303030304,43.108654506110696,0.028832043009002
06ac6393eee7a87a46f65b36cf9d1863821846f32cd08b7f9dd84710f2fa08a1,3,7,uplink_power_w,0.2,far,34,457.98413228237825,0.058823529411764705,43.64920257062842,0.02803910412258933
06ac6393eee7a87a46f65b36cf9d1863821846f32cd08b7f9dd84710f2fa08a1,3,7,uplink_power_w,0.4,near,33,211.99169767823696,0.36363636363636365,40.55514954522352,0.03116701113448101
06ac6393eee7a87a46f65b36cf9d1863821846f32cd08b7f9dd84710f2fa08a1,3,7,uplink_power_w,0.4,middle,33,364.15156669057137,0.030303030303030304,43.10865150559376,0.028832045352047427
06ac6393eee7a87a46f65b36cf9d1863821846f32cd08b7f9dd84710f2fa08a1,3,7,uplink_power_w,0.4,far,34,457.98413228237825,0.058823529411764705,43.64916690131676,0.028039132503739614
06ac6393eee7a87a46f65b36cf9d1863821846f32cd08b7f9dd84710f2fa08a1,3,7,downlink_power_w,0.5,near,33,211.99169767823696,0.3939393939393939,40.19984217732875,0.031864778591946696
06ac6393eee7a87a46f65b36cf9d1863821846f32cd08b7f9dd84710f2fa08a1,3,7,downlink_power_w,0.5,middle,33,364.15156669057137,0.030303030303030304,43.110656492638924,0.028830482581692084
06ac6393eee7a87a46f65b36cf9d1863821846f32cd08b7f9dd84710f2fa08a1,3,7,downlink_power_w,0.5,far,34,457.98413228237825,0.029411764705882353,44.425316621064454,0.027690475988299653
06ac6393eee7a87a46f65b36cf9d1863821846f32cd08b7f9dd84710f2fa08a1,3,7,downlink_power_w,1.0,near,33,211.99169767823696,0.36363636363636365,40.555218791131935,0.031166929241169608
06ac6393eee7a87a46f65b36cf9d1863821846f32cd08b7f9dd84710f2fa08a1,3,7,downlink_power_w,1.0,middle,33,364.15156669057137,0.030303030303030304,43.108654506110696,0.028832043009002
06ac6393eee7a87a46f65b36cf9d1863821846f32cd08b7f9dd84710f2fa08a1,3,7,downlink_power_w,1.0,far,34,457.98413228237825,0.058823529411764705,43.64920257062842,0.02803910412258933
06ac6393eee7a87a46f65b36cf9d1863821846f32cd08b7f9dd84710f2fa08a1,3,7,downlink_power_w,2.0,near,33,211.99169767823696,0.36363636363636365,40.552134205553656,0.031169281241962023
06ac6393eee7a87a46f65b36cf9d1863821846f32cd08b7f9dd84710f2fa08a1,3,7,downlink_power_w,2.0,middle,33,364.15156669057137,0.030303030303030304,43.10840291115833,0.028832239519665247
06ac6393eee7a87a46f65b36cf9d1863821846f32cd08b7f9dd84710f2fa08a1,3,7,downlink_power_w,2.0,far,34,457.98413228237825,0.08823529411764706,42.73947274575769,0.028336026096043253
06ac6393eee7a87a46f65b36cf9d1863821846f32cd08b7f9dd84710f2fa08a1,3,7,path_loss_exponent,3.0,near,33,211.99169767823696,0.36363636363636365,39.78966453627266,0.030922593893662358
06ac6393eee7a87a46f65b36cf9d1863821846f32cd08b7f9dd84710f2fa08a1,3,7,path_loss_exponent,3.0,middle,33,364.15156669057137,0.06060606060606061,42.545579938658484,0.029328515074813676
06ac6393eee7a87a46f65b36cf9d1863821846f32cd08b7f9dd84710f2fa08a1,3,7,path_loss_exponent,3.0,far,34,457.98413228237825,0.14705882352941177,41.40591208609377,0.029155614928475602
06ac6393eee7a87a46f65b36cf9d1863821846f32cd08b7f9dd84710f2fa08a1,3,7,path_loss_exponent,3.5,near,33,211.99169767823696,0.36363636363636365,40.555218791131935,0.031166929241169608
06ac6393eee7a87a46f65b36cf9d1863821846f32cd08b7f9dd84710f2fa08a1,3,7,path_loss_exponent,3.5,middle,33,364.15156669057137,0.030303030303030304,43.108654506110696,0.028832043009002
06ac6393eee7a87a46f65b36cf9d1863821846f32cd08b7f9dd84710f2fa08a1,3,7,path_loss_exponent,3.5,far,34,457.98413228237825,0.058823529411764705,43.64920257062842,0.02803910412258933
06ac6393eee7a87a46f65b36cf9d1863821846f32cd08b7f9dd84710f2fa08a1,3,7,path_loss_exponent,3.8,near,33,211.99169767823696,0.3333333333333333,41.437339262865386,0.03097251276242458
06ac6393eee7a87a46f65b36cf9d1863821846f32cd08b7f9dd84710f2fa08a1,3,7,path_loss_exponent,3.8,middle,33,364.15156669057137,0.030303030303030304,43.11129506968047,0.028829986058586995
06ac6393eee7a87a46f65b36cf9d1863821846f32cd08b7f9dd84710f2fa08a1,3,7,path_loss_exponent,3.8,far,34,457.98413228237825,0.029411764705882353,44.427828972464646,0.027688264260297555
06ac6393eee7a87a46f65b36cf9d1863821846f32cd08b7f9dd84710f2fa08a1,3,8,bandwidth_mhz,10.0,near,34,216.00208724414796,0.17647058823529413,45.04599886014632,0.028653328618190314
06ac6393eee7a87a46f65b36cf9d1863821846f32cd08b7f9dd84710f2fa08a1,3,8,bandwidth_mhz,10.0,middle,33,381.64747750624934,0.12121212121212122,44.01763784996246,0.026707612493008386
06ac6393eee7a87a46f65b36cf9d1863821846f32cd08b7f9dd84710f2fa08a1,3,8,bandwidth_mhz,10.0,far,33,463.0689402656674,0.030303030303030304,40.8899217177208,0.03080497188016417
06ac6393eee7a87a46f65b36cf9d1863821846f32cd08b7f9dd84710f2fa08a1,3,8,bandwidth_mhz,20.0,near,34,216.00208724414796,0.20588235294117646,44.52781686389498,0.029200045714899953
06ac6393eee7a87a46f65b36cf9d1863821846f32cd08b7f9dd84710f2fa08a1,3,8,bandwidth_mhz,20.0,middle,33,381.64747750624934,0.18181818181818182,42.76213877169397,0.02762463856380618
06ac6393eee7a87a46f65b36cf9d1863821846f32cd08b7f9dd84710f2fa08a1,3,8,bandwidth_mhz,20.0,far,33,463.0689402656674,0.06060606060606061,40.34701593590956,0.03132523185101745
06ac6393eee7a87a46f65b36cf9d1863821846f32cd08b7f9dd84710f2fa08a1,3,8,bandwidth_mhz,40.0,near,34,216.00208724414796,0.20588235294117646,44.511169970285046,0.029223128890235595
06ac6393eee7a87a46f65b36cf9d1863821846f32cd08b7f9dd84710f2fa08a1,3,8,bandwidth_mhz,40.0,middle,33,381.64747750624934,0.21212121212121213,41.94322871569748,0.028004872055101264
06ac6393eee7a87a46f65b36cf9d1863821846f32cd08b7f9dd84710f2fa08a1,3,8,bandwidth_mhz,40.0,far,33,463.0689402656674,0.12121212121212122,39.307723283089764,0.03242036617346123
06ac6393eee7a87a46f65b36cf9d1863821846f32cd08b7f9dd84710f2fa08a1,3,8,image_payload_mb,0.1,near,34,216.00208724414796,0.23529411764705882,41.92597812119723,0.028843552452525633
06ac6393eee7a87a46f65b36cf9d1863821846f32cd08b7f9dd84710f2fa08a1,3,8,image_payload_mb,0.1,middle,33,381.64747750624934,0.15151515151515152,43.1005583908794,0.027218442351119827
06ac6393eee7a87a46f65b36cf9d1863821846f32cd08b7f9dd84710f2fa08a1,3,8,image_payload_mb,0.1,far,33,463.0689402656674,0.21212121212121213,37.046408120496935,0.03378176725689058
06ac6393eee7a87a46f65b36cf9d1863821846f32cd08b7f9dd84710f2fa08a1,3,8,image_payload_mb,0.5,near,34,216.00208724414796,0.20588235294117646,44.52781686389498,0.029200045714899953
06ac6393eee7a87a46f65b36cf9d1863821846f32cd08b7f9dd84710f2fa08a1,3,8,image_payload_mb,0.5,middle,33,381.64747750624934,0.18181818181818182,42.76213877169397,0.02762463856380618
06ac6393eee7a87a46f65b36cf9d1863821846f32cd08b7f9dd84710f2fa08a1,3,8,image_payload_mb,0.5,far,33,463.0689402656674,0.06060606060606061,40.34701593590956,0.03132523185101745
06ac6393eee7a87a46f65b36cf9d1863821846f32cd08b7f9dd84710f2fa08a1,3,8,image_payload_mb,1.0,near,34,216.00208724414796,0.17647058823529413,45.04997145022302,0.028649261674587125
06ac6393eee7a87a46f65b36cf9d1863821846f32cd08b7f9dd84710f2fa08a1,3,8,image_payload_mb,1.0,middle,33,381.64747750624934,0.09090909090909091,44.653369283129244,0.026261375244267724
06ac6393eee7a87a46f65b36cf9d1863821846f32cd08b7f9dd84710f2fa08a1,3,8,image_payload_mb,1.0,far,33,463.0689402656674,0.030303030303030304,40.89146603449322,0.030803535805380422
06ac6393eee7a87a46f65b36cf9d1863821846f32cd08b7f9dd84710f2fa08a1,3,8,uplink_power_w,0.1,near,34,216.00208724414796,0.20588235294117646,44.52787374574366,0.02919997244874001
06ac6393eee7a87a46f65b36cf9d1863821846f32cd08b7f9dd84710f2fa08a1,3,8,uplink_power_w,0.1,middle,33,381.64747750624934,0.18181818181818182,42.76223900056639,0.027624529119674075
06ac6393eee7a87a46f65b36cf9d1863821846f32cd08b7f9dd84710f2fa08a1,3,8,uplink_power_w,0.1,far,33,463.0689402656674,0.06060606060606061,40.34704106200009,0.03132520017972998
06ac6393eee7a87a46f65b36cf9d1863821846f32cd08b7f9dd84710f2fa08a1,3,8,uplink_power_w,0.2,near,34,216.00208724414796,0.20588235294117646,44.52781686389498,0.029200045714899953
06ac6393eee7a87a46f65b36cf9d1863821846f32cd08b7f9dd84710f2fa08a1,3,8,uplink_power_w,0.2,middle,33,381.64747750624934,0.18181818181818182,42.76213877169397,0.02762463856380618
06ac6393eee7a87a46f65b36cf9d1863821846f32cd08b7f9dd84710f2fa08a1,3,8,uplink_power_w,0.2,far,33,463.0689402656674,0.06060606060606061,40.34701593590956,0.03132523185101745
06ac6393eee7a87a46f65b36cf9d1863821846f32cd08b7f9dd84710f2fa08a1,3,8,uplink_power_w,0.4,near,34,216.00208724414796,0.20588235294117646,44.527777430421466,0.0292000972950576
06ac6393eee7a87a46f65b36cf9d1863821846f32cd08b7f9dd84710f2fa08a1,3,8,uplink_power_w,0.4,middle,33,381.64747750624934,0.18181818181818182,42.762074894945755,0.027624708177439367
06ac6393eee7a87a46f65b36cf9d1863821846f32cd08b7f9dd84710f2fa08a1,3,8,uplink_power_w,0.4,far,33,463.0689402656674,0.06060606060606061,40.346999219190096,0.031325253012285996
06ac6393eee7a87a46f65b36cf9d1863821846f32cd08b7f9dd84710f2fa08a1,3,8,downlink_power_w,0.5,near,34,216.00208724414796,0.20588235294117646,44.53186789472661,0.029195591012365935
06ac6393eee7a87a46f65b36cf9d1863821846f32cd08b7f9dd84710f2fa08a1,3,8,downlink_power_w,0.5,middle,33,381.64747750624934,0.15151515151515152,43.37583705670784,0.027160672023436028
06ac6393eee7a87a46f65b36cf9d1863821846f32cd08b7f9dd84710f2fa08a1,3,8,downlink_power_w,0.5,far,33,463.0689402656674,0.06060606060606061,40.328389831557686,0.03129855828916942
06ac6393eee7a87a46f65b36cf9d1863821846f32cd08b7f9dd84710f2fa08a1,3,8,downlink_power_w,1.0,near,34,216.00208724414796,0.20588235294117646,44.52781686389498,0.029200045714899953
06ac6393eee7a87a46f65b36cf9d1863821846f32cd08b7f9dd84710f2fa08a1,3,8,downlink_power_w,1.0,middle,33,381.64747750624934,0.18181818181818182,42.76213877169397,0.02762463856380618
06ac6393eee7a87a46f65b36cf9d1863821846f32cd08b7f9dd84710f2fa08a1,3,8,downlink_power_w,1.0,far,33,463.0689402656674,0.06060606060606061,40.34701593590956,0.03132523185101745
06ac6393eee7a87a46f65b36cf9d1863821846f32cd08b7f9dd84710f2fa08a1,3,8,downlink_power_w,2.0,near,34,216.00208724414796,0.20588235294117646,44.52503803361452,0.029203090139594514
06ac6393eee7a87a46f65b36cf9d1863821846f32cd08b7f9dd84710f2fa08a1,3,8,downlink_power_w,2.0,middle,33,381.64747750624934,0.21212121212121213,41.710628878473,0.027850931787502486
06ac6393eee7a87a46f65b36cf9d1863821846f32cd08b7f9dd84710f2fa08a1,3,8,downlink_power_w,2.0,far,33,463.0689402656674,0.06060606060606061,40.322864925363156,0.03130553322162623
06ac6393eee7a87a46f65b36cf9d1863821846f32cd08b7f9dd84710f2fa08a1,3,8,path_loss_exponent,3.0,near,34,216.00208724414796,0.14705882352941177,45.477735211574156,0.028101361679385442
06ac6393eee7a87a46f65b36cf9d1863821846f32cd08b7f9dd84710f2fa08a1,3,8,path_loss_exponent,3.0,middle,33,381.64747750624934,0.30303030303030304,39.180767376450795,0.029092438087828975
06ac6393eee7a87a46f65b36cf9d1863821846f32cd08b7f9dd84710f2fa08a1,3,8,path_loss_exponent,3.0,far,33,463.0689402656674,0.09090909090909091,39.16325551903553,0.03156612788443982
06ac6393eee7a87a46f65b36cf9d1863821846f32cd08b7f9dd84710f2fa08a1,3,8,path_loss_exponent,3.5,near,34,216.00208724414796,0.20588235294117646,44.52781686389498,0.029200045714899953
06ac6393eee7a87a46f65b36cf9d1863821846f32cd08b7f9dd84710f2fa08a1,3,8,path_loss_exponent,3.5,middle,33,381.64747750624934,0.18181818181818182,42.76213877169397,0.02762463856380618
06ac6393eee7a87a46f65b36cf9d1863821846f32cd08b7f9dd84710f2fa08a1,3,8,path_loss_exponent,3.5,far,33,463.0689402656674,0.06060606060606061,40.34701593590956,0.03132523185101745
06ac6393eee7a87a46f65b36cf9d1863821846f32cd08b7f9dd84710f2fa08a1,3,8,path_loss_exponent,3.8,near,34,216.00208724414796,0.23529411764705882,44.159818192116724,0.029840630749435083
06ac6393eee7a87a46f65b36cf9d1863821846f32cd08b7f9dd84710f2fa08a1,3,8,path_loss_exponent,3.8,middle,33,381.64747750624934,0.12121212121212122,44.028033718845265,0.026698445304070857
06ac6393eee7a87a46f65b36cf9d1863821846f32cd08b7f9dd84710f2fa08a1,3,8,path_loss_exponent,3.8,far,33,463.0689402656674,0.030303030303030304,40.893176293367624,0.030801950615206186
06ac6393eee7a87a46f65b36cf9d1863821846f32cd08b7f9dd84710f2fa08a1,3,9,bandwidth_mhz,10.0,near,34,184.33280768748844,0.14705882352941177,46.780568683752,0.02681494120607851
06ac6393eee7a87a46f65b36cf9d1863821846f32cd08b7f9dd84710f2fa08a1,3,9,bandwidth_mhz,10.0,middle,33,350.74490482493775,0.06060606060606061,47.3543377931091,0.02609951130299439
06ac6393eee7a87a46f65b36cf9d1863821846f32cd08b7f9dd84710f2fa08a1,3,9,bandwidth_mhz,10.0,far,33,457.50926790893567,0.09090909090909091,35.36338436411825,0.03245485476288001
06ac6393eee7a87a46f65b36cf9d1863821846f32cd08b7f9dd84710f2fa08a1,3,9,bandwidth_mhz,20.0,near,34,184.33280768748844,0.23529411764705882,45.04417795249586,0.028265473547527415
06ac6393eee7a87a46f65b36cf9d1863821846f32cd08b7f9dd84710f2fa08a1,3,9,bandwidth_mhz,20.0,middle,33,350.74490482493775,0.09090909090909091,46.858976842863754,0.02666648605957413
06ac6393eee7a87a46f65b36cf9d1863821846f32cd08b7f9dd84710f2fa08a1,3,9,bandwidth_mhz,20.0,far,33,457.50926790893567,0.12121212121212122,34.81741777251617,0.03297624579945612
06ac6393eee7a87a46f65b36cf9d1863821846f32cd08b7f9dd84710f2fa08a1,3,9,bandwidth_mhz,40.0,near,34,184.33280768748844,0.2647058823529412,44.24131952913141,0.028581206066165345
06ac6393eee7a87a46f65b36cf9d1863821846f32cd08b7f9dd84710f2fa08a1,3,9,bandwidth_mhz,40.0,middle,33,350.74490482493775,0.15151515151515152,45.70696367262565,0.027653083186731042
06ac6393eee7a87a46f65b36cf9d1863821846f32cd08b7f9dd84710f2fa08a1,3,9,bandwidth_mhz,40.0,far,33,457.50926790893567,0.15151515151515152,34.382447808088806,0.03363557576672675
06ac6393eee7a87a46f65b36cf9d1863821846f32cd08b7f9dd84710f2fa08a1,3,9,image_payload_mb,0.1,near,34,184.33280768748844,0.23529411764705882,45.41903801531356,0.028418533563022545
06ac6393eee7a87a46f65b36cf9d1863821846f32cd08b7f9dd84710f2fa08a1,3,9,image_payload_mb,0.1,middle,33,350.74490482493775,0.2727272727272727,40.18921918180259,0.028585511901432027
06ac6393eee7a87a46f65b36cf9d1863821846f32cd08b7f9dd84710f2fa08a1,3,9,image_payload_mb,0.1,far,33,457.50926790893567,0.09090909090909091,36.34457199757172,0.033098682804169326
06ac6393eee7a87a46f65b36cf9d1863821846f32cd08b7f9dd84710f2fa08a1,3,9,image_payload_mb,0.5,near,34,184.33280768748844,0.23529411764705882,45.04417795249586,0.028265473547527415
06ac6393eee7a87a46f65b36cf9d1863821846f32cd08b7f9dd84710f2fa08a1,3,9,image_payload_mb,0.5,middle,33,350.74490482493775,0.09090909090909091,46.858976842863754,0.02666648605957413
06ac6393eee7a87a46f65b36cf9d1863821846f32cd08b7f9dd84710f2fa08a1,3,9,image_payload_mb,0.5,far,33,457.50926790893567,0.12121212121212122,34.81741777251617,0.03297624579945612
06ac6393eee7a87a46f65b36cf9d1863821846f32cd08b7f9dd84710f2fa08a1,3,9,image_payload_mb,1.0,near,34,184.33280768748844,0.17647058823529413,46.40331911724583,0.02747401669152821
06ac6393eee7a87a46f65b36cf9d1863821846f32cd08b7f9dd84710f2fa08a1,3,9,image_payload_mb,1.0,middle,33,350.74490482493775,0.06060606060606061,47.35773728997206,0.026095974116995276
06ac6393eee7a87a46f65b36cf9d1863821846f32cd08b7f9dd84710f2fa08a1,3,9,image_payload_mb,1.0,far,33,457.50926790893567,0.06060606060606061,36.37646231615594,0.03216492360711628
06ac6393eee7a87a46f65b36cf9d1863821846f32cd08b7f9dd84710f2fa08a1,3,9,uplink_power_w,0.1,near,34,184.33280768748844,0.2647058823529412,44.385837717560975,0.028668771772534143
06ac6393eee7a87a46f65b36cf9d1863821846f32cd08b7f9dd84710f2fa08a1,3,9,uplink_power_w,0.1,middle,33,350.74490482493775,0.09090909090909091,46.883690792144385,0.026690055159065675
06ac6393eee7a87a46f65b36cf9d1863821846f32cd08b7f9dd84710f2fa08a1,3,9,uplink_power_w,0.1,far,33,457.50926790893567,0.09090909090909091,35.356551272985136,0.03245964551655119
06ac6393eee7a87a46f65b36cf9d1863821846f32cd08b7f9dd84710f2fa08a1,3,9,uplink_power_w,0.2,near,34,184.33280768748844,0.23529411764705882,45.04417795249586,0.028265473547527415
06ac6393eee7a87a46f65b36cf9d1863821846f32cd08b7f9dd84710f2fa08a1,3,9,uplink_power_w,0.2,middle,33,350.74490482493775,0.09090909090909091,46.858976842863754,0.02666648605957413
06ac6393eee7a87a46f65b36cf9d1863821846f32cd08b7f9dd84710f2fa08a1,3,9,uplink_power_w,0.2,far,33,457.50926790893567,0.12121212121212122,34.81741777251617,0.03297624579945612
06ac6393eee7a87a46f65b36cf9d1863821846f32cd08b7f9dd84710f2fa08a1,3,9,uplink_power_w,0.4,near,34,184.33280768748844,0.23529411764705882,45.061160900380486,0.028320235209950455
06ac6393eee7a87a46f65b36cf9d1863821846f32cd08b7f9dd84710f2fa08a1,3,9,uplink_power_w,0.4,middle,33,350.74490482493775,0.12121212121212122,46.39010388571474,0.027255137576308885
06ac6393eee7a87a46f65b36cf9d1863821846f32cd08b7f9dd84710f2fa08a1,3,9,uplink_power_w,0.4,far,33,457.50926790893567,0.09090909090909091,35.35639255791777,0.03245974184498852
06ac6393eee7a87a46f65b36cf9d1863821846f32cd08b7f9dd84710f2fa08a1,3,9,downlink_power_w,0.5,near,34,184.33280768748844,0.23529411764705882,45.175703339560556,0.02837825273401706
06ac6393eee7a87a46f65b36cf9d1863821846f32cd08b7f9dd84710f2fa08a1,3,9,downlink_power_w,0.5,middle,33,350.74490482493775,0.09090909090909091,46.85950368528548,0.026665635923042896
06ac6393eee7a87a46f65b36cf9d1863821846f32cd08b7f9dd84710f2fa08a1,3,9,downlink_power_w,0.5,far,33,457.50926790893567,0.09090909090909091,35.36616970760949,0.03245389287264266
06ac6393eee7a87a46f65b36cf9d1863821846f32cd08b7f9dd84710f2fa08a1,3,9,downlink_power_w,1.0,near,34,184.33280768748844,0.23529411764705882,45.04417795249586,0.028265473547527415
06ac6393eee7a87a46f65b36cf9d1863821846f32cd08b7f9dd84710f2fa08a1,3,9,downlink_power_w,1.0,middle,33,350.74490482493775,0.09090909090909091,46.858976842863754,0.02666648605957413
06ac6393eee7a87a46f65b36cf9d1863821846f32cd08b7f9dd84710f2fa08a1,3,9,downlink_power_w,1.0,far,33,457.50926790893567,0.12121212121212122,34.81741777251617,0.03297624579945612
06ac6393eee7a87a46f65b36cf9d1863821846f32cd08b7f9dd84710f2fa08a1,3,9,downlink_power_w,2.0,near,34,184.33280768748844,0.23529411764705882,44.92437256721997,0.028155220023657033
06ac6393eee7a87a46f65b36cf9d1863821846f32cd08b7f9dd84710f2fa08a1,3,9,downlink_power_w,2.0,middle,33,350.74490482493775,0.15151515151515152,45.7576227405872,0.02769955158310652
06ac6393eee7a87a46f65b36cf9d1863821846f32cd08b7f9dd84710f2fa08a1,3,9,downlink_power_w,2.0,far,33,457.50926790893567,0.09090909090909091,35.34983447083663,0.03246385746989451
06ac6393eee7a87a46f65b36cf9d1863821846f32cd08b7f9dd84710f2fa08a1,3,9,path_loss_exponent,3.0,near,34,184.33280768748844,0.23529411764705882,44.4556927385569,0.027888031870482447
06ac6393eee7a87a46f65b36cf9d1863821846f32cd08b7f9dd84710f2fa08a1,3,9,path_loss_exponent,3.0,middle,33,350.74490482493775,0.18181818181818182,45.13974984511366,0.02815683684227977
06ac6393eee7a87a46f65b36cf9d1863821846f32cd08b7f9dd84710f2fa08a1,3,9,path_loss_exponent,3.0,far,33,457.50926790893567,0.12121212121212122,34.1827314414348,0.03272558798311173
06ac6393eee7a87a46f65b36cf9d1863821846f32cd08b7f9dd84710f2fa08a1,3,9,path_loss_exponent,3.5,near,34,184.33280768748844,0.23529411764705882,45.04417795249586,0.028265473547527415
06ac6393eee7a87a46f65b36cf9d1863821846f32cd08b7f9dd84710f2fa08a1,3,9,path_loss_exponent,3.5,middle,33,350.74490482493775,0.09090909090909091,46.858976842863754,0.02666648605957413
06ac6393eee7a87a46f65b36cf9d1863821846f32cd08b7f9dd84710f2fa08a1,3,9,path_loss_exponent,3.5,far,33,457.50926790893567,0.12121212121212122,34.81741777251617,0.03297624579945612
06ac6393eee7a87a46f65b36cf9d1863821846f32cd08b7f9dd84710f2fa08a1,3,9,path_loss_exponent,3.8,near,34,184.33280768748844,0.2647058823529412,44.93881635937434,0.029187980274124854
06ac6393eee7a87a46f65b36cf9d1863821846f32cd08b7f9dd84710f2fa08a1,3,9,path_loss_exponent,3.8,middle,33,350.74490482493775,0.06060606060606061,47.35624110963384,0.026097145179270118
06ac6393eee7a87a46f65b36cf9d1863821846f32cd08b7f9dd84710f2fa08a1,3,9,path_loss_exponent,3.8,far,33,457.50926790893567,0.06060606060606061,36.38006500485743,0.032161691592945796
06ac6393eee7a87a46f65b36cf9d1863821846f32cd08b7f9dd84710f2fa08a1,4,0,bandwidth_mhz,10.0,near,34,194.47740270237827,0.11764705882352941,43.286738534394615,0.027155846010762753
06ac6393eee7a87a46f65b36cf9d1863821846f32cd08b7f9dd84710f2fa08a1,4,0,bandwidth_mhz,10.0,middle,32,349.56675191904276,0.0625,62.103236794574215,0.02418195723511475
06ac6393eee7a87a46f65b36cf9d1863821846f32cd08b7f9dd84710f2fa08a1,4,0,bandwidth_mhz,10.0,far,34,452.9140886672745,0.11764705882352941,63.996084791568094,0.023064130212308673
06ac6393eee7a87a46f65b36cf9d1863821846f32cd08b7f9dd84710f2fa08a1,4,0,bandwidth_mhz,20.0,near,34,194.47740270237827,0.14705882352941177,42.493503639818556,0.027524104401985872
06ac6393eee7a87a46f65b36cf9d1863821846f32cd08b7f9dd84710f2fa08a1,4,0,bandwidth_mhz,20.0,middle,32,349.56675191904276,0.125,58.46525852674506,0.02461556592389659
06ac6393eee7a87a46f65b36cf9d1863821846f32cd08b7f9dd84710f2fa08a1,4,0,bandwidth_mhz,20.0,far,34,452.9140886672745,0.11764705882352941,63.97672795672746,0.023069516466395375
06ac6393eee7a87a46f65b36cf9d1863821846f32cd08b7f9dd84710f2fa08a1,4,0,bandwidth_mhz,40.0,near,34,194.47740270237827,0.17647058823529413,41.70682444916481,0.027893602230271857
06ac6393eee7a87a46f65b36cf9d1863821846f32cd08b7f9dd84710f2fa08a1,4,0,bandwidth_mhz,40.0,middle,32,349.56675191904276,0.1875,54.53509330251562,0.02506434820955057
06ac6393eee7a87a46f65b36cf9d1863821846f32cd08b7f9dd84710f2fa08a1,4,0,bandwidth_mhz,40.0,far,34,452.9140886672745,0.11764705882352941,63.96383752744424,0.023073083291841354
06ac6393eee7a87a46f65b36cf9d1863821846f32cd08b7f9dd84710f2fa08a1,4,0,image_payload_mb,0.1,near,34,194.47740270237827,0.17647058823529413,42.52244142601757,0.028281843001218047
06ac6393eee7a87a46f65b36cf9d1863821846f32cd08b7f9dd84710f2fa08a1,4,0,image_payload_mb,0.1,middle,32,349.56675191904276,0.1875,57.170427869747044,0.025628113034997957
06ac6393eee7a87a46f65b36cf9d1863821846f32cd08b7f9dd84710f2fa08a1,4,0,image_payload_mb,0.1,far,34,452.9140886672745,0.20588235294117646,59.68599632849365,0.02416808240615393
06ac6393eee7a87a46f65b36cf9d1863821846f32cd08b7f9dd84710f2fa08a1,4,0,image_payload_mb,0.5,near,34,194.47740270237827,0.14705882352941177,42.493503639818556,0.027524104401985872
06ac6393eee7a87a46f65b36cf9d1863821846f32cd08b7f9dd84710f2fa08a1,4,0,image_payload_mb,0.5,middle,32,349.56675191904276,0.125,58.46525852674506,0.02461556592389659
06ac6393eee7a87a46f65b36cf9d1863821846f32cd08b7f9dd84710f2fa08a1,4,0,image_payload_mb,0.5,far,34,452.9140886672745,0.11764705882352941,63.97672795672746,0.023069516466395375
06ac6393eee7a87a46f65b36cf9d1863821846f32cd08b7f9dd84710f2fa08a1,4,0,image_payload_mb,1.0,near,34,194.47740270237827,0.11764705882352941,43.28765216509882,0.02715603592679807
06ac6393eee7a87a46f65b36cf9d1863821846f32cd08b7f9dd84710f2fa08a1,4,0,image_payload_mb,1.0,middle,32,349.56675191904276,0.03125,65.08285355801385,0.02407641634585493
06ac6393eee7a87a46f65b36cf9d1863821846f32cd08b7f9dd84710f2fa08a1,4,0,image_payload_mb,1.0,far,34,452.9140886672745,0.11764705882352941,64.00668877683381,0.02306145141440056
06ac6393eee7a87a46f65b36cf9d1863821846f32cd08b7f9dd84710f2fa08a1,4,0,uplink_power_w,0.1,near,34,194.47740270237827,0.14705882352941177,42.49355143941806,0.027524083272378687
06ac6393eee7a87a46f65b36cf9d1863821846f32cd08b7f9dd84710f2fa08a1,4,0,uplink_power_w,0.1,middle,32,349.56675191904276,0.125,58.465346698006826,0.024615549476079624
06ac6393eee7a87a46f65b36cf9d1863821846f32cd08b7f9dd84710f2fa08a1,4,0,uplink_power_w,0.1,far,34,452.9140886672745,0.11764705882352941,63.97684137970802,0.023069486686302754
06ac6393eee7a87a46f65b36cf9d1863821846f32cd08b7f9dd84710f2fa08a1,4,0,uplink_power_w,0.2,near,34,194.47740270237827,0.14705882352941177,42.493503639818556,0.027524104401985872
06ac6393eee7a87a46f65b36cf9d1863821846f32cd08b7f9dd84710f2fa08a1,4,0,uplink_power_w,0.2,middle,32,349.56675191904276,0.125,58.46525852674506,0.02461556592389659
06ac6393eee7a87a46f65b36cf9d1863821846f32cd08b7f9dd84710f2fa08a1,4,0,uplink_power_w,0.2,far,34,452.9140886672745,0.11764705882352941,63.97672795672746,0.023069516466395375
06ac6393eee7a87a46f65b36cf9d1863821846f32cd08b7f9dd84710f2fa08a1,4,0,uplink_power_w,0.4,near,34,194.47740270237827,0.14705882352941177,42.49347298354629,0.027524118158156866
06ac6393eee7a87a46f65b36cf9d1863821846f32cd08b7f9dd84710f2fa08a1,4,0,uplink_power_w,0.4,middle,32,349.56675191904276,0.125,58.465205371293976,0.02461557601666102
06ac6393eee7a87a46f65b36cf9d1863821846f32cd08b7f9dd84710f2fa08a1,4,0,uplink_power_w,0.4,far,34,452.9140886672745,0.11764705882352941,63.976662337405166,0.023069533834665788
06ac6393eee7a87a46f65b36cf9d1863821846f32cd08b7f9dd84710f2fa08a1,4,0,downlink_power_w,0.5,near,34,194.47740270237827,0.14705882352941177,42.497446488356786,0.02752302814676463
06ac6393eee7a87a46f65b36cf9d1863821846f32cd08b7f9dd84710f2fa08a1,4,0,downlink_power_w,0.5,middle,32,349.56675191904276,0.09375,61.04792453497653,0.024491549308240355
06ac6393eee7a87a46f65b36cf9d1863821846f32cd08b7f9dd84710f2fa08a1,4,0,downlink_power_w,0.5,far,34,452.9140886672745,0.11764705882352941,63.9872573497961,0.02306682426441556
06ac6393eee7a87a46f65b36cf9d1863821846f32cd08b7f9dd84710f2fa08a1,4,0,downlink_power_w,1.0,near,34,194.47740270237827,0.14705882352941177,42.493503639818556,0.027524104401985872
06ac6393eee7a87a46f65b36cf9d1863821846f32cd08b7f9dd84710f2fa08a1,4,0,downlink_power_w,1.0,middle,32,349.56675191904276,0.125,58.46525852674506,0.02461556592389659
06ac6393eee7a87a46f65b36cf9d1863821846f32cd08b7f9dd84710f2fa08a1,4,0,downlink_power_w,1.0,far,34,452.9140886672745,0.11764705882352941,63.97672795672746,0.023069516466395375
06ac6393eee7a87a46f65b36cf9d1863821846f32cd08b7f9dd84710f2fa08a1,4,0,downlink_power_w,2.0,near,34,194.47740270237827,0.14705882352941177,42.483016879126005,0.027527269030312815
06ac6393eee7a87a46f65b36cf9d1863821846f32cd08b7f9dd84710f2fa08a1,4,0,downlink_power_w,2.0,middle,32,349.56675191904276,0.125,58.433153826970454,0.02461924868482193
06ac6393eee7a87a46f65b36cf9d1863821846f32cd08b7f9dd84710f2fa08a1,4,0,downlink_power_w,2.0,far,34,452.9140886672745,0.11764705882352941,63.965559218901504,0.023072521417489198
06ac6393eee7a87a46f65b36cf9d1863821846f32cd08b7f9dd84710f2fa08a1,4,0,path_loss_exponent,3.0,near,34,194.47740270237827,0.11764705882352941,43.24096728602545,0.02716180187069758
06ac6393eee7a87a46f65b36cf9d1863821846f32cd08b7f9dd84710f2fa08a1,4,0,path_loss_exponent,3.0,middle,32,349.56675191904276,0.1875,52.102195325001006,0.02482337453646602
06ac6393eee7a87a46f65b36cf9d1863821846f32cd08b7f9dd84710f2fa08a1,4,0,path_loss_exponent,3.0,far,34,452.9140886672745,0.14705882352941177,61.845407753120874,0.023212814716928782
06ac6393eee7a87a46f65b36cf9d1863821846f32cd08b7f9dd84710f2fa08a1,4,0,path_loss_exponent,3.5,near,34,194.47740270237827,0.14705882352941177,42.493503639818556,0.027524104401985872
06ac6393eee7a87a46f65b36cf9d1863821846f32cd08b7f9dd84710f2fa08a1,4,0,path_loss_exponent,3.5,middle,32,349.56675191904276,0.125,58.46525852674506,0.02461556592389659
06ac6393eee7a87a46f65b36cf9d1863821846f32cd08b7f9dd84710f2fa08a1,4,0,path_loss_exponent,3.5,far,34,452.9140886672745,0.11764705882352941,63.97672795672746,0.023069516466395375
06ac6393eee7a87a46f65b36cf9d1863821846f32cd08b7f9dd84710f2fa08a1,4,0,path_loss_exponent,3.8,near,34,194.47740270237827,0.17647058823529413,41.89120659392686,0.027957412439255973
06ac6393eee7a87a46f65b36cf9d1863821846f32cd08b7f9dd84710f2fa08a1,4,0,path_loss_exponent,3.8,middle,32,349.56675191904276,0.0625,64.05400750128756,0.024380958390550322
06ac6393eee7a87a46f65b36cf9d1863821846f32cd08b7f9dd84710f2fa08a1,4,0,path_loss_exponent,3.8,far,34,452.9140886672745,0.08823529411764706,65.27480066815033,0.022840178500216152
06ac6393eee7a87a46f65b36cf9d1863821846f32cd08b7f9dd84710f2fa08a1,4,1,bandwidth_mhz,10.0,near,34,202.40403496859105,0.08823529411764706,53.72558690381201,0.026709251726280542
06ac6393eee7a87a46f65b36cf9d1863821846f32cd08b7f9dd84710f2fa08a1,4,1,bandwidth_mhz,10.0,middle,33,365.69896749161234,0.06060606060606061,47.50391204845548,0.026744699537265784
06ac6393eee7a87a46f65b36cf9d1863821846f32cd08b7f9dd84710f2fa08a1,4,1,bandwidth_mhz,10.0,far,33,465.4358613254274,0.09090909090909091,69.97452731251903,0.020308822452106908
06ac6393eee7a87a46f65b36cf9d1863821846f32cd08b7f9dd84710f2fa08a1,4,1,bandwidth_mhz,20.0,near,34,202.40403496859105,0.14705882352941177,48.45440524918455,0.026930295587633768
06ac6393eee7a87a46f65b36cf9d1863821846f32cd08b7f9dd84710f2fa08a1,4,1,bandwidth_mhz,20.0,middle,33,365.69896749161234,0.09090909090909091,44.23091194712295,0.02683946294342685
06ac6393eee7a87a46f65b36cf9d1863821846f32cd08b7f9dd84710f2fa08a1,4,1,bandwidth_mhz,20.0,far,33,465.4358613254274,0.06060606060606061,70.84947249178065,0.01998307479859664
06ac6393eee7a87a46f65b36cf9d1863821846f32cd08b7f9dd84710f2fa08a1,4,1,bandwidth_mhz,40.0,near,34,202.40403496859105,0.17647058823529413,47.30340226518118,0.027188549309521033
06ac6393eee7a87a46f65b36cf9d1863821846f32cd08b7f9dd84710f2fa08a1,4,1,bandwidth_mhz,40.0,middle,33,365.69896749161234,0.09090909090909091,44.2134349268979,0.026840591686154464
06ac6393eee7a87a46f65b36cf9d1863821846f32cd08b7f9dd84710f2fa08a1,4,1,bandwidth_mhz,40.0,far,33,465.4358613254274,0.15151515151515152,63.85792860441082,0.02051152207400968
06ac6393eee7a87a46f65b36cf9d1863821846f32cd08b7f9dd84710f2fa08a1,4,1,image_payload_mb,0.1,near,34,202.40403496859105,0.29411764705882354,45.262909758140545,0.029236387137083403
06ac6393eee7a87a46f65b36cf9d1863821846f32cd08b7f9dd84710f2fa08a1,4,1,image_payload_mb,0.1,middle,33,365.69896749161234,0.030303030303030304,49.03544209794526,0.02655256944846942
06ac6393eee7a87a46f65b36cf9d1863821846f32cd08b7f9dd84710f2fa08a1,4,1,image_payload_mb,0.1,far,33,465.4358613254274,0.21212121212121213,65.63495536972172,0.021585306613596433
06ac6393eee7a87a46f65b36cf9d1863821846f32cd08b7f9dd84710f2fa08a1,4,1,image_payload_mb,0.5,near,34,202.40403496859105,0.14705882352941177,48.45440524918455,0.026930295587633768
06ac6393eee7a87a46f65b36cf9d1863821846f32cd08b7f9dd84710f2fa08a1,4,1,image_payload_mb,0.5,middle,33,365.69896749161234,0.09090909090909091,44.23091194712295,0.02683946294342685
06ac6393eee7a87a46f65b36cf9d1863821846f32cd08b7f9dd84710f2fa08a1,4,1,image_payload_mb,0.5,far,33,465.4358613254274,0.06060606060606061,70.84947249178065,0.01998307479859664
06ac6393eee7a87a46f65b36cf9d1863821846f32cd08b7f9dd84710f2fa08a1,4,1,image_payload_mb,1.0,near,34,202.40403496859105,0.11764705882352941,51.31400584601116,0.026823578366640784
06ac6393eee7a87a46f65b36cf9d1863821846f32cd08b7f9dd84710f2fa08a1,4,1,image_payload_mb,1.0,middle,33,365.69896749161234,0.06060606060606061,47.50598617636149,0.026744082690879183
06ac6393eee7a87a46f65b36cf9d1863821846f32cd08b7f9dd84710f2fa08a1,4,1,image_payload_mb,1.0,far,33,465.4358613254274,0.030303030303030304,73.03785245322463,0.019840250466624836
06ac6393eee7a87a46f65b36cf9d1863821846f32cd08b7f9dd84710f2fa08a1,4,1,uplink_power_w,0.1,near,34,202.40403496859105,0.14705882352941177,48.454436087906025,0.0269302906196541
06ac6393eee7a87a46f65b36cf9d1863821846f32cd08b7f9dd84710f2fa08a1,4,1,uplink_power_w,0.1,middle,33,365.69896749161234,0.09090909090909091,44.23094739754433,0.02683945460702454
06ac6393eee7a87a46f65b36cf9d1863821846f32cd08b7f9dd84710f2fa08a1,4,1,uplink_power_w,0.1,far,33,465.4358613254274,0.06060606060606061,70.85758192992499,0.019982144526350047
06ac6393eee7a87a46f65b36cf9d1863821846f32cd08b7f9dd84710f2fa08a1,4,1,uplink_power_w,0.2,near,34,202.40403496859105,0.14705882352941177,48.45440524918455,0.026930295587633768
06ac6393eee7a87a46f65b36cf9d1863821846f32cd08b7f9dd84710f2fa08a1,4,1,uplink_power_w,0.2,middle,33,365.69896749161234,0.09090909090909091,44.23091194712295,0.02683946294342685
06ac6393eee7a87a46f65b36cf9d1863821846f32cd08b7f9dd84710f2fa08a1,4,1,uplink_power_w,0.2,far,33,465.4358613254274,0.06060606060606061,70.84947249178065,0.01998307479859664
06ac6393eee7a87a46f65b36cf9d1863821846f32cd08b7f9dd84710f2fa08a1,4,1,uplink_power_w,0.4,near,34,202.40403496859105,0.14705882352941177,48.45438451812616,0.02693029878871797
06ac6393eee7a87a46f65b36cf9d1863821846f32cd08b7f9dd84710f2fa08a1,4,1,uplink_power_w,0.4,middle,33,365.69896749161234,0.09090909090909091,44.23088940775974,0.02683946817694776
06ac6393eee7a87a46f65b36cf9d1863821846f32cd08b7f9dd84710f2fa08a1,4,1,uplink_power_w,0.4,far,33,465.4358613254274,0.06060606060606061,70.84454961502821,0.019983642115857514
06ac6393eee7a87a46f65b36cf9d1863821846f32cd08b7f9dd84710f2fa08a1,4,1,downlink_power_w,0.5,near,34,202.40403496859105,0.14705882352941177,48.482870918770935,0.02692783733972379
06ac6393eee7a87a46f65b36cf9d1863821846f32cd08b7f9dd84710f2fa08a1,4,1,downlink_power_w,0.5,middle,33,365.69896749161234,0.09090909090909091,44.2489984319496,0.02683738586337828
06ac6393eee7a87a46f65b36cf9d1863821846f32cd08b7f9dd84710f2fa08a1,4,1,downlink_power_w,0.5,far,33,465.4358613254274,0.06060606060606061,70.85932439139293,0.01998215420965632
06ac6393eee7a87a46f65b36cf9d1863821846f32cd08b7f9dd84710f2fa08a1,4,1,downlink_power_w,1.0,near,34,202.40403496859105,0.14705882352941177,48.45440524918455,0.026930295587633768
06ac6393eee7a87a46f65b36cf9d1863821846f32cd08b7f9dd84710f2fa08a1,4,1,downlink_power_w,1.0,middle,33,365.69896749161234,0.09090909090909091,44.23091194712295,0.02683946294342685
06ac6393eee7a87a46f65b36cf9d1863821846f32cd08b7f9dd84710f2fa08a1,4,1,downlink_power_w,1.0,far,33,465.4358613254274,0.06060606060606061,70.84947249178065,0.01998307479859664
06ac6393eee7a87a46f65b36cf9d1863821846f32cd08b7f9dd84710f2fa08a1,4,1,downlink_power_w,2.0,near,34,202.40403496859105,0.14705882352941177,48.45007481365275,0.026930655026445944
06ac6393eee7a87a46f65b36cf9d1863821846f32cd08b7f9dd84710f2fa08a1,4,1,downlink_power_w,2.0,middle,33,365.69896749161234,0.09090909090909091,44.225856875759,0.02683994246395694
06ac6393eee7a87a46f65b36cf9d1863821846f32cd08b7f9dd84710f2fa08a1,4,1,downlink_power_w,2.0,far,33,465.4358613254274,0.09090909090909091,67.95419622427143,0.020085716817664113
06ac6393eee7a87a46f65b36cf9d1863821846f32cd08b7f9dd84710f2fa08a1,4,1,path_loss_exponent,3.0,near,34,202.40403496859105,0.14705882352941177,48.44848465642025,0.026930682229604486
06ac6393eee7a87a46f65b36cf9d1863821846f32cd08b7f9dd84710f2fa08a1,4,1,path_loss_exponent,3.0,middle,33,365.69896749161234,0.09090909090909091,44.217314610098065,0.02684050384972369
06ac6393eee7a87a46f65b36cf9d1863821846f32cd08b7f9dd84710f2fa08a1,4,1,path_loss_exponent,3.0,far,33,465.4358613254274,0.18181818181818182,61.84708323934257,0.02067208959048842
06ac6393eee7a87a46f65b36cf9d1863821846f32cd08b7f9dd84710f2fa08a1,4,1,path_loss_exponent,3.5,near,34,202.40403496859105,0.14705882352941177,48.45440524918455,0.026930295587633768
06ac6393eee7a87a46f65b36cf9d1863821846f32cd08b7f9dd84710f2fa08a1,4,1,path_loss_exponent,3.5,middle,33,365.69896749161234,0.09090909090909091,44.23091194712295,0.02683946294342685
06ac6393eee7a87a46f65b36cf9d1863821846f32cd08b7f9dd84710f2fa08a1,4,1,path_loss_exponent,3.5,far,33,465.4358613254274,0.06060606060606061,70.84947249178065,0.01998307479859664
06ac6393eee7a87a46f65b36cf9d1863821846f32cd08b7f9dd84710f2fa08a1,4,1,path_loss_exponent,3.8,near,34,202.40403496859105,0.14705882352941177,50.655485885240786,0.027270717544833383
06ac6393eee7a87a46f65b36cf9d1863821846f32cd08b7f9dd84710f2fa08a1,4,1,path_loss_exponent,3.8,middle,33,365.69896749161234,0.06060606060606061,47.51003978843762,0.026742886399183954
06ac6393eee7a87a46f65b36cf9d1863821846f32cd08b7f9dd84710f2fa08a1,4,1,path_loss_exponent,3.8,far,33,465.4358613254274,0.06060606060606061,72.14063619166532,0.02016645536712095
06ac6393eee7a87a46f65b36cf9d1863821846f32cd08b7f9dd84710f2fa08a1,4,2,bandwidth_mhz,10.0,near,34,203.02537627334618,0.17647058823529413,48.75813741506587,0.0251771481406111
06ac6393eee7a87a46f65b36cf9d1863821846f32cd08b7f9dd84710f2fa08a1,4,2,bandwidth_mhz,10.0,middle,32,356.2960974477868,0.09375,61.51062508545438,0.023587873882614494
06ac6393eee7a87a46f65b36cf9d1863821846f32cd08b7f9dd84710f2fa08a1,4,2,bandwidth_mhz,10.0,far,34,453.60543840939107,0.029411764705882353,58.81654215882811,0.02555695211426723
06ac6393eee7a87a46f65b36cf9d1863821846f32cd08b7f9dd84710f2fa08a1,4,2,bandwidth_mhz,20.0,near,34,203.02537627334618,0.17647058823529413,48.70750799550323,0.02518330056840065
06ac6393eee7a87a46f65b36cf9d1863821846f32cd08b7f9dd84710f2fa08a1,4,2,bandwidth_mhz,20.0,middle,32,356.2960974477868,0.15625,55.97246618693032,0.023820267920010366
06ac6393eee7a87a46f65b36cf9d1863821846f32cd08b7f9dd84710f2fa08a1,4,2,bandwidth_mhz,20.0,far,34,453.60543840939107,0.058823529411764705,56.71898781974954,0.02569390999451568
06ac6393eee7a87a46f65b36cf9d1863821846f32cd08b7f9dd84710f2fa08a1,4,2,bandwidth_mhz,40.0,near,34,203.02537627334618,0.17647058823529413,48.67399305472158,0.025186771504540004
06ac6393eee7a87a46f65b36cf9d1863821846f32cd08b7f9dd84710f2fa08a1,4,2,bandwidth_mhz,40.0,middle,32,356.2960974477868,0.21875,51.773957137963485,0.02429093171328602
06ac6393eee7a87a46f65b36cf9d1863821846f32cd08b7f9dd84710f2fa08a1,4,2,bandwidth_mhz,40.0,far,34,453.60543840939107,0.08823529411764706,53.76001168761038,0.025790760464745422
06ac6393eee7a87a46f65b36cf9d1863821846f32cd08b7f9dd84710f2fa08a1,4,2,image_payload_mb,0.1,near,34,203.02537627334618,0.3235294117647059,49.37300307957225,0.02826015193824783
06ac6393eee7a87a46f65b36cf9d1863821846f32cd08b7f9dd84710f2fa08a1,4,2,image_payload_mb,0.1,middle,32,356.2960974477868,0.1875,60.25042220799144,0.025276184095288
06ac6393eee7a87a46f65b36cf9d1863821846f32cd08b7f9dd84710f2fa08a1,4,2,image_payload_mb,0.1,far,34,453.60543840939107,0.058823529411764705,59.10078577748575,0.026430460745899692
06ac6393eee7a87a46f65b36cf9d1863821846f32cd08b7f9dd84710f2fa08a1,4,2,image_payload_mb,0.5,near,34,203.02537627334618,0.17647058823529413,48.70750799550323,0.02518330056840065
06ac6393eee7a87a46f65b36cf9d1863821846f32cd08b7f9dd84710f2fa08a1,4,2,image_payload_mb,0.5,middle,32,356.2960974477868,0.15625,55.97246618693032,0.023820267920010366
06ac6393eee7a87a46f65b36cf9d1863821846f32cd08b7f9dd84710f2fa08a1,4,2,image_payload_mb,0.5,far,34,453.60543840939107,0.058823529411764705,56.71898781974954,0.02569390999451568
06ac6393eee7a87a46f65b36cf9d1863821846f32cd08b7f9dd84710f2fa08a1,4,2,image_payload_mb,1.0,near,34,203.02537627334618,0.17647058823529413,48.774981922503535,0.0251744834434907
06ac6393eee7a87a46f65b36cf9d1863821846f32cd08b7f9dd84710f2fa08a1,4,2,image_payload_mb,1.0,middle,32,356.2960974477868,0.09375,61.51996478322836,0.023585116979797035
06ac6393eee7a87a46f65b36cf9d1863821846f32cd08b7f9dd84710f2fa08a1,4,2,image_payload_mb,1.0,far,34,453.60543840939107,0.029411764705882353,58.8199906537198,0.025555884015484236
06ac6393eee7a87a46f65b36cf9d1863821846f32cd08b7f9dd84710f2fa08a1,4,2,uplink_power_w,0.1,near,34,203.02537627334618,0.17647058823529413,48.70752650635359,0.0251832943186496
06ac6393eee7a87a46f65b36cf9d1863821846f32cd08b7f9dd84710f2fa08a1,4,2,uplink_power_w,0.1,middle,32,356.2960974477868,0.15625,55.97254224950744,0.023820253170268153
06ac6393eee7a87a46f65b36cf9d1863821846f32cd08b7f9dd84710f2fa08a1,4,2,uplink_power_w,0.1,far,34,453.60543840939107,0.058823529411764705,56.72973388722147,0.02569268557944059
06ac6393eee7a87a46f65b36cf9d1863821846f32cd08b7f9dd84710f2fa08a1,4,2,uplink_power_w,0.2,near,34,203.02537627334618,0.17647058823529413,48.70750799550323,0.02518330056840065
06ac6393eee7a87a46f65b36cf9d1863821846f32cd08b7f9dd84710f2fa08a1,4,2,uplink_power_w,0.2,middle,32,356.2960974477868,0.15625,55.97246618693032,0.023820267920010366
06ac6393eee7a87a46f65b36cf9d1863821846f32cd08b7f9dd84710f2fa08a1,4,2,uplink_power_w,0.2,far,34,453.60543840939107,0.058823529411764705,56.71898781974954,0.02569390999451568
06ac6393eee7a87a46f65b36cf9d1863821846f32cd08b7f9dd84710f2fa08a1,4,2,uplink_power_w,0.4,near,34,203.02537627334618,0.17647058823529413,48.70749399545576,0.02518330517470332
06ac6393eee7a87a46f65b36cf9d1863821846f32cd08b7f9dd84710f2fa08a1,4,2,uplink_power_w,0.4,middle,32,356.2960974477868,0.1875,55.114544644954805,0.024187034683128168
06ac6393eee7a87a46f65b36cf9d1863821846f32cd08b7f9dd84710f2fa08a1,4,2,uplink_power_w,0.4,far,34,453.60543840939107,0.029411764705882353,58.81243646079852,0.025558229536154917
06ac6393eee7a87a46f65b36cf9d1863821846f32cd08b7f9dd84710f2fa08a1,4,2,downlink_power_w,0.5,near,34,203.02537627334618,0.17647058823529413,48.719227826926485,0.0251814659156331
06ac6393eee7a87a46f65b36cf9d1863821846f32cd08b7f9dd84710f2fa08a1,4,2,downlink_power_w,0.5,middle,32,356.2960974477868,0.15625,58.09065482856039,0.024076098266786215
06ac6393eee7a87a46f65b36cf9d1863821846f32cd08b7f9dd84710f2fa08a1,4,2,downlink_power_w,0.5,far,34,453.60543840939107,0.058823529411764705,56.72521482402014,0.025692672399859076
06ac6393eee7a87a46f65b36cf9d1863821846f32cd08b7f9dd84710f2fa08a1,4,2,downlink_power_w,1.0,near,34,203.02537627334618,0.17647058823529413,48.70750799550323,0.02518330056840065
06ac6393eee7a87a46f65b36cf9d1863821846f32cd08b7f9dd84710f2fa08a1,4,2,downlink_power_w,1.0,middle,32,356.2960974477868,0.15625,55.97246618693032,0.023820267920010366
06ac6393eee7a87a46f65b36cf9d1863821846f32cd08b7f9dd84710f2fa08a1,4,2,downlink_power_w,1.0,far,34,453.60543840939107,0.058823529411764705,56.71898781974954,0.02569390999451568
06ac6393eee7a87a46f65b36cf9d1863821846f32cd08b7f9dd84710f2fa08a1,4,2,downlink_power_w,2.0,near,34,203.02537627334618,0.17647058823529413,48.708566722430135,0.025182903772619974
06ac6393eee7a87a46f65b36cf9d1863821846f32cd08b7f9dd84710f2fa08a1,4,2,downlink_power_w,2.0,middle,32,356.2960974477868,0.1875,52.69588434136591,0.023917430662387384
06ac6393eee7a87a46f65b36cf9d1863821846f32cd08b7f9dd84710f2fa08a1,4,2,downlink_power_w,2.0,far,34,453.60543840939107,0.058823529411764705,56.71825591021682,0.025694137018326478
06ac6393eee7a87a46f65b36cf9d1863821846f32cd08b7f9dd84710f2fa08a1,4,2,path_loss_exponent,3.0,near,34,203.02537627334618,0.17647058823529413,48.69774535039083,0.025184416527567432
06ac6393eee7a87a46f65b36cf9d1863821846f32cd08b7f9dd84710f2fa08a1,4,2,path_loss_exponent,3.0,middle,32,356.2960974477868,0.1875,52.62030352906089,0.023924030494934353
06ac6393eee7a87a46f65b36cf9d1863821846f32cd08b7f9dd84710f2fa08a1,4,2,path_loss_exponent,3.0,far,34,453.60543840939107,0.08823529411764706,53.739148292411656,0.02579291424830752
06ac6393eee7a87a46f65b36cf9d1863821846f32cd08b7f9dd84710f2fa08a1,4,2,path_loss_exponent,3.5,near,34,203.02537627334618,0.17647058823529413,48.70750799550323,0.02518330056840065
06ac6393eee7a87a46f65b36cf9d1863821846f32cd08b7f9dd84710f2fa08a1,4,2,path_loss_exponent,3.5,middle,32,356.2960974477868,0.15625,55.97246618693032,0.023820267920010366
06ac6393eee7a87a46f65b36cf9d1863821846f32cd08b7f9dd84710f2fa08a1,4,2,path_loss_exponent,3.5,far,34,453.60543840939107,0.058823529411764705,56.71898781974954,0.02569390999451568
06ac6393eee7a87a46f65b36cf9d1863821846f32cd08b7f9dd84710f2fa08a1,4,2,path_loss_exponent,3.8,near,34,203.02537627334618,0.17647058823529413,48.71179980841744,0.02518241970101576
06ac6393eee7a87a46f65b36cf9d1863821846f32cd08b7f9dd84710f2fa08a1,4,2,path_loss_exponent,3.8,middle,32,356.2960974477868,0.125,60.660391447264324,0.023950878267159893
06ac6393eee7a87a46f65b36cf9d1863821846f32cd08b7f9dd84710f2fa08a1,4,2,path_loss_exponent,3.8,far,34,453.60543840939107,0.029411764705882353,58.819930895128095,0.025555902486957903
06ac6393eee7a87a46f65b36cf9d1863821846f32cd08b7f9dd84710f2fa08a1,4,3,bandwidth_mhz,10.0,near,33,189.37127754934278,0.12121212121212122,51.72032242191441,0.023863611792333973
06ac6393eee7a87a46f65b36cf9d1863821846f32cd08b7f9dd84710f2fa08a1,4,3,bandwidth_mhz,10.0,middle,33,344.1522836950559,0.09090909090909091,47.11891088130494,0.02454172586628103
06ac6393eee7a87a46f65b36cf9d1863821846f32cd08b7f9dd84710f2fa08a1,4,3,bandwidth_mhz,10.0,far,34,462.74527347913283,0.058823529411764705,67.25287353464088,0.025301422475349382
06ac6393eee7a87a46f65b36cf9d1863821846f32cd08b7f9dd84710f2fa08a1,4,3,bandwidth_mhz,20.0,near,33,189.37127754934278,0.18181818181818182,49.53445924510394,0.024428410717774615
06ac6393eee7a87a46f65b36cf9d1863821846f32cd08b7f9dd84710f2fa08a1,4,3,bandwidth_mhz,20.0,middle,33,344.1522836950559,0.12121212121212122,46.19405470663889,0.02487274975448285
06ac6393eee7a87a46f65b36cf9d1863821846f32cd08b7f9dd84710f2fa08a1,4,3,bandwidth_mhz,20.0,far,34,462.74527347913283,0.08823529411764706,66.43512611692901,0.025648008683427002
06ac6393eee7a87a46f65b36cf9d1863821846f32cd08b7f9dd84710f2fa08a1,4,3,bandwidth_mhz,40.0,near,33,189.37127754934278,0.2727272727272727,47.37335030067811,0.025698702399231492
06ac6393eee7a87a46f65b36cf9d1863821846f32cd08b7f9dd84710f2fa08a1,4,3,bandwidth_mhz,40.0,middle,33,344.1522836950559,0.12121212121212122,46.172690116344285,0.024876054542253567
06ac6393eee7a87a46f65b36cf9d1863821846f32cd08b7f9dd84710f2fa08a1,4,3,bandwidth_mhz,40.0,far,34,462.74527347913283,0.11764705882352941,64.01709537635016,0.025764780795476484
06ac6393eee7a87a46f65b36cf9d1863821846f32cd08b7f9dd84710f2fa08a1,4,3,image_payload_mb,0.1,near,33,189.37127754934278,0.30303030303030304,50.033649336293614,0.027013034996290607
06ac6393eee7a87a46f65b36cf9d1863821846f32cd08b7f9dd84710f2fa08a1,4,3,image_payload_mb,0.1,middle,33,344.1522836950559,0.09090909090909091,47.448110679423294,0.024649753568152848
06ac6393eee7a87a46f65b36cf9d1863821846f32cd08b7f9dd84710f2fa08a1,4,3,image_payload_mb,0.1,far,34,462.74527347913283,0.17647058823529413,60.9239725637968,0.026461799502270653
06ac6393eee7a87a46f65b36cf9d1863821846f32cd08b7f9dd84710f2fa08a1,4,3,image_payload_mb,0.5,near,33,189.37127754934278,0.18181818181818182,49.53445924510394,0.024428410717774615
06ac6393eee7a87a46f65b36cf9d1863821846f32cd08b7f9dd84710f2fa08a1,4,3,image_payload_mb,0.5,middle,33,344.1522836950559,0.12121212121212122,46.19405470663889,0.02487274975448285
06ac6393eee7a87a46f65b36cf9d1863821846f32cd08b7f9dd84710f2fa08a1,4,3,image_payload_mb,0.5,far,34,462.74527347913283,0.08823529411764706,66.43512611692901,0.025648008683427002
06ac6393eee7a87a46f65b36cf9d1863821846f32cd08b7f9dd84710f2fa08a1,4,3,image_payload_mb,1.0,near,33,189.37127754934278,0.12121212121212122,51.71671867497062,0.023863908707072525
06ac6393eee7a87a46f65b36cf9d1863821846f32cd08b7f9dd84710f2fa08a1,4,3,image_payload_mb,1.0,middle,33,344.1522836950559,0.09090909090909091,47.13224269851508,0.024540014205334852
06ac6393eee7a87a46f65b36cf9d1863821846f32cd08b7f9dd84710f2fa08a1,4,3,image_payload_mb,1.0,far,34,462.74527347913283,0.029411764705882353,69.35154216611039,0.02516477092830245
06ac6393eee7a87a46f65b36cf9d1863821846f32cd08b7f9dd84710f2fa08a1,4,3,uplink_power_w,0.1,near,33,189.37127754934278,0.18181818181818182,49.53579761818063,0.024427870479977295
06ac6393eee7a87a46f65b36cf9d1863821846f32cd08b7f9dd84710f2fa08a1,4,3,uplink_power_w,0.1,middle,33,344.1522836950559,0.12121212121212122,46.194159150285685,0.024872725173067843
06ac6393eee7a87a46f65b36cf9d1863821846f32cd08b7f9dd84710f2fa08a1,4,3,uplink_power_w,0.1,far,34,462.74527347913283,0.08823529411764706,66.4414297468845,0.025647274513404848
06ac6393eee7a87a46f65b36cf9d1863821846f32cd08b7f9dd84710f2fa08a1,4,3,uplink_power_w,0.2,near,33,189.37127754934278,0.18181818181818182,49.53445924510394,0.024428410717774615
06ac6393eee7a87a46f65b36cf9d1863821846f32cd08b7f9dd84710f2fa08a1,4,3,uplink_power_w,0.2,middle,33,344.1522836950559,0.12121212121212122,46.19405470663889,0.02487274975448285
06ac6393eee7a87a46f65b36cf9d1863821846f32cd08b7f9dd84710f2fa08a1,4,3,uplink_power_w,0.2,far,34,462.74527347913283,0.08823529411764706,66.43512611692901,0.025648008683427002
06ac6393eee7a87a46f65b36cf9d1863821846f32cd08b7f9dd84710f2fa08a1,4,3,uplink_power_w,0.4,near,33,189.37127754934278,0.18181818181818182,49.89247947798587,0.02454107503459609
06ac6393eee7a87a46f65b36cf9d1863821846f32cd08b7f9dd84710f2fa08a1,4,3,uplink_power_w,0.4,middle,33,344.1522836950559,0.12121212121212122,46.19357390846551,0.02487288558856608
06ac6393eee7a87a46f65b36cf9d1863821846f32cd08b7f9dd84710f2fa08a1,4,3,uplink_power_w,0.4,far,34,462.74527347913283,0.08823529411764706,66.43074408214662,0.02564859797639847
06ac6393eee7a87a46f65b36cf9d1863821846f32cd08b7f9dd84710f2fa08a1,4,3,downlink_power_w,0.5,near,33,189.37127754934278,0.18181818181818182,49.53786031245075,0.02442765087429721
06ac6393eee7a87a46f65b36cf9d1863821846f32cd08b7f9dd84710f2fa08a1,4,3,downlink_power_w,0.5,middle,33,344.1522836950559,0.12121212121212122,46.21044458250202,0.024869986922578833
06ac6393eee7a87a46f65b36cf9d1863821846f32cd08b7f9dd84710f2fa08a1,4,3,downlink_power_w,0.5,far,34,462.74527347913283,0.058823529411764705,67.24547101039303,0.02530228877318795
06ac6393eee7a87a46f65b36cf9d1863821846f32cd08b7f9dd84710f2fa08a1,4,3,downlink_power_w,1.0,near,33,189.37127754934278,0.18181818181818182,49.53445924510394,0.024428410717774615
06ac6393eee7a87a46f65b36cf9d1863821846f32cd08b7f9dd84710f2fa08a1,4,3,downlink_power_w,1.0,middle,33,344.1522836950559,0.12121212121212122,46.19405470663889,0.02487274975448285
06ac6393eee7a87a46f65b36cf9d1863821846f32cd08b7f9dd84710f2fa08a1,4,3,downlink_power_w,1.0,far,34,462.74527347913283,0.08823529411764706,66.43512611692901,0.025648008683427002
06ac6393eee7a87a46f65b36cf9d1863821846f32cd08b7f9dd84710f2fa08a1,4,3,downlink_power_w,2.0,near,33,189.37127754934278,0.21212121212121213,48.748419709307875,0.024804560302321962
06ac6393eee7a87a46f65b36cf9d1863821846f32cd08b7f9dd84710f2fa08a1,4,3,downlink_power_w,2.0,middle,33,344.1522836950559,0.12121212121212122,46.18336329563275,0.024874545060723393
06ac6393eee7a87a46f65b36cf9d1863821846f32cd08b7f9dd84710f2fa08a1,4,3,downlink_power_w,2.0,far,34,462.74527347913283,0.08823529411764706,66.43278051559814,0.025648926506915446
06ac6393eee7a87a46f65b36cf9d1863821846f32cd08b7f9dd84710f2fa08a1,4,3,path_loss_exponent,3.0,near,33,189.37127754934278,0.18181818181818182,49.51231395131429,0.02443228469076446
06ac6393eee7a87a46f65b36cf9d1863821846f32cd08b7f9dd84710f2fa08a1,4,3,path_loss_exponent,3.0,middle,33,344.1522836950559,0.12121212121212122,46.15783254128387,0.024878786800384696
06ac6393eee7a87a46f65b36cf9d1863821846f32cd08b7f9dd84710f2fa08a1,4,3,path_loss_exponent,3.0,far,34,462.74527347913283,0.14705882352941177,60.615827774801375,0.025773627882965902
06ac6393eee7a87a46f65b36cf9d1863821846f32cd08b7f9dd84710f2fa08a1,4,3,path_loss_exponent,3.5,near,33,189.37127754934278,0.18181818181818182,49.53445924510394,0.024428410717774615
06ac6393eee7a87a46f65b36cf9d1863821846f32cd08b7f9dd84710f2fa08a1,4,3,path_loss_exponent,3.5,middle,33,344.1522836950559,0.12121212121212122,46.19405470663889,0.02487274975448285
06ac6393eee7a87a46f65b36cf9d1863821846f32cd08b7f9dd84710f2fa08a1,4,3,path_loss_exponent,3.5,far,34,462.74527347913283,0.08823529411764706,66.43512611692901,0.025648008683427002
06ac6393eee7a87a46f65b36cf9d1863821846f32cd08b7f9dd84710f2fa08a1,4,3,path_loss_exponent,3.8,near,33,189.37127754934278,0.18181818181818182,49.53613622385451,0.024425725586847528
06ac6393eee7a87a46f65b36cf9d1863821846f32cd08b7f9dd84710f2fa08a1,4,3,path_loss_exponent,3.8,middle,33,344.1522836950559,0.09090909090909091,47.15722970367646,0.024536403661796602
06ac6393eee7a87a46f65b36cf9d1863821846f32cd08b7f9dd84710f2fa08a1,4,3,path_loss_exponent,3.8,far,34,462.74527347913283,0.029411764705882353,69.35904456387982,0.025162943850053562
06ac6393eee7a87a46f65b36cf9d1863821846f32cd08b7f9dd84710f2fa08a1,4,4,bandwidth_mhz,10.0,near,34,182.99167622453436,0.23529411764705882,50.22227305226106,0.023664244585866898
06ac6393eee7a87a46f65b36cf9d1863821846f32cd08b7f9dd84710f2fa08a1,4,4,bandwidth_mhz,10.0,middle,33,354.66626331193544,0.06060606060606061,43.02283143608987,0.027791114552139624
06ac6393eee7a87a46f65b36cf9d1863821846f32cd08b7f9dd84710f2fa08a1,4,4,bandwidth_mhz,10.0,far,33,451.2105113689256,0.0,74.89090909090909,0.02282392893259038
06ac6393eee7a87a46f65b36cf9d1863821846f32cd08b7f9dd84710f2fa08a1,4,4,bandwidth_mhz,20.0,near,34,182.99167622453436,0.23529411764705882,50.14642210141601,0.02367416105617352
06ac6393eee7a87a46f65b36cf9d1863821846f32cd08b7f9dd84710f2fa08a1,4,4,bandwidth_mhz,20.0,middle,33,354.66626331193544,0.09090909090909091,42.23042522487247,0.028168975161220466
06ac6393eee7a87a46f65b36cf9d1863821846f32cd08b7f9dd84710f2fa08a1,4,4,bandwidth_mhz,20.0,far,33,451.2105113689256,0.06060606060606061,70.95432799520073,0.023246798015882877
06ac6393eee7a87a46f65b36cf9d1863821846f32cd08b7f9dd84710f2fa08a1,4,4,bandwidth_mhz,40.0,near,34,182.99167622453436,0.2647058823529412,49.161193494298196,0.023973655306154827
06ac6393eee7a87a46f65b36cf9d1863821846f32cd08b7f9dd84710f2fa08a1,4,4,bandwidth_mhz,40.0,middle,33,354.66626331193544,0.15151515151515152,40.0948552394267,0.028727275213736105
06ac6393eee7a87a46f65b36cf9d1863821846f32cd08b7f9dd84710f2fa08a1,4,4,bandwidth_mhz,40.0,far,33,451.2105113689256,0.09090909090909091,70.33711272875308,0.023736123498319345
06ac6393eee7a87a46f65b36cf9d1863821846f32cd08b7f9dd84710f2fa08a1,4,4,image_payload_mb,0.1,near,34,182.99167622453436,0.2647058823529412,53.98051522262363,0.025272857978156843
06ac6393eee7a87a46f65b36cf9d1863821846f32cd08b7f9dd84710f2fa08a1,4,4,image_payload_mb,0.1,middle,33,354.66626331193544,0.15151515151515152,43.2321866125378,0.02974059075876495
06ac6393eee7a87a46f65b36cf9d1863821846f32cd08b7f9dd84710f2fa08a1,4,4,image_payload_mb,0.1,far,33,451.2105113689256,0.15151515151515152,69.83102642927022,0.024802381041200153
06ac6393eee7a87a46f65b36cf9d1863821846f32cd08b7f9dd84710f2fa08a1,4,4,image_payload_mb,0.5,near,34,182.99167622453436,0.23529411764705882,50.14642210141601,0.02367416105617352
06ac6393eee7a87a46f65b36cf9d1863821846f32cd08b7f9dd84710f2fa08a1,4,4,image_payload_mb,0.5,middle,33,354.66626331193544,0.09090909090909091,42.23042522487247,0.028168975161220466
06ac6393eee7a87a46f65b36cf9d1863821846f32cd08b7f9dd84710f2fa08a1,4,4,image_payload_mb,0.5,far,33,451.2105113689256,0.06060606060606061,70.95432799520073,0.023246798015882877
06ac6393eee7a87a46f65b36cf9d1863821846f32cd08b7f9dd84710f2fa08a1,4,4,image_payload_mb,1.0,near,34,182.99167622453436,0.20588235294117646,52.99081738957252,0.023565635623900502
06ac6393eee7a87a46f65b36cf9d1863821846f32cd08b7f9dd84710f2fa08a1,4,4,image_payload_mb,1.0,middle,33,354.66626331193544,0.06060606060606061,43.02420467023154,0.02779083446516825
06ac6393eee7a87a46f65b36cf9d1863821846f32cd08b7f9dd84710f2fa08a1,4,4,image_payload_mb,1.0,far,33,451.2105113689256,0.0,74.89090909090909,0.02282392893259038
06ac6393eee7a87a46f65b36cf9d1863821846f32cd08b7f9dd84710f2fa08a1,4,4,uplink_power_w,0.1,near,34,182.99167622453436,0.23529411764705882,50.149469210568505,0.02367357579754575
06ac6393eee7a87a46f65b36cf9d1863821846f32cd08b7f9dd84710f2fa08a1,4,4,uplink_power_w,0.1,middle,33,354.66626331193544,0.12121212121212122,41.095226711315505,0.02842906118644677
06ac6393eee7a87a46f65b36cf9d1863821846f32cd08b7f9dd84710f2fa08a1,4,4,uplink_power_w,0.1,far,33,451.2105113689256,0.030303030303030304,71.85159876942583,0.02292199358668681
06ac6393eee7a87a46f65b36cf9d1863821846f32cd08b7f9dd84710f2fa08a1,4,4,uplink_power_w,0.2,near,34,182.99167622453436,0.23529411764705882,50.14642210141601,0.02367416105617352
06ac6393eee7a87a46f65b36cf9d1863821846f32cd08b7f9dd84710f2fa08a1,4,4,uplink_power_w,0.2,middle,33,354.66626331193544,0.09090909090909091,42.23042522487247,0.028168975161220466
06ac6393eee7a87a46f65b36cf9d1863821846f32cd08b7f9dd84710f2fa08a1,4,4,uplink_power_w,0.2,far,33,451.2105113689256,0.06060606060606061,70.95432799520073,0.023246798015882877
06ac6393eee7a87a46f65b36cf9d1863821846f32cd08b7f9dd84710f2fa08a1,4,4,uplink_power_w,0.4,near,34,182.99167622453436,0.23529411764705882,50.14532262207264,0.023674290856040912
06ac6393eee7a87a46f65b36cf9d1863821846f32cd08b7f9dd84710f2fa08a1,4,4,uplink_power_w,0.4,middle,33,354.66626331193544,0.09090909090909091,42.23040516745222,0.028168982837405425
06ac6393eee7a87a46f65b36cf9d1863821846f32cd08b7f9dd84710f2fa08a1,4,4,uplink_power_w,0.4,far,33,451.2105113689256,0.06060606060606061,70.95430116431083,0.02324681236100765
06ac6393eee7a87a46f65b36cf9d1863821846f32cd08b7f9dd84710f2fa08a1,4,4,downlink_power_w,0.5,near,34,182.99167622453436,0.23529411764705882,50.153779119397946,0.02367347474569017
06ac6393eee7a87a46f65b36cf9d1863821846f32cd08b7f9dd84710f2fa08a1,4,4,downlink_power_w,0.5,middle,33,354.66626331193544,0.09090909090909091,41.87863696766045,0.02805364727514669
06ac6393eee7a87a46f65b36cf9d1863821846f32cd08b7f9dd84710f2fa08a1,4,4,downlink_power_w,0.5,far,33,451.2105113689256,0.030303030303030304,71.85739670434646,0.022921665808111717
06ac6393eee7a87a46f65b36cf9d1863821846f32cd08b7f9dd84710f2fa08a1,4,4,downlink_power_w,1.0,near,34,182.99167622453436,0.23529411764705882,50.14642210141601,0.02367416105617352
06ac6393eee7a87a46f65b36cf9d1863821846f32cd08b7f9dd84710f2fa08a1,4,4,downlink_power_w,1.0,middle,33,354.66626331193544,0.09090909090909091,42.23042522487247,0.028168975161220466
06ac6393eee7a87a46f65b36cf9d1863821846f32cd08b7f9dd84710f2fa08a1,4,4,downlink_power_w,1.0,far,33,451.2105113689256,0.06060606060606061,70.95432799520073,0.023246798015882877
06ac6393eee7a87a46f65b36cf9d1863821846f32cd08b7f9dd84710f2fa08a1,4,4,downlink_power_w,2.0,near,34,182.99167622453436,0.23529411764705882,50.12905999849477,0.023676431561239285
06ac6393eee7a87a46f65b36cf9d1863821846f32cd08b7f9dd84710f2fa08a1,4,4,downlink_power_w,2.0,middle,33,354.66626331193544,0.09090909090909091,42.22593843903532,0.028170732998734196
06ac6393eee7a87a46f65b36cf9d1863821846f32cd08b7f9dd84710f2fa08a1,4,4,downlink_power_w,2.0,far,33,451.2105113689256,0.06060606060606061,70.94128404325676,0.02324967776131829
06ac6393eee7a87a46f65b36cf9d1863821846f32cd08b7f9dd84710f2fa08a1,4,4,path_loss_exponent,3.0,near,34,182.99167622453436,0.23529411764705882,50.12095687583264,0.0236757675046201
06ac6393eee7a87a46f65b36cf9d1863821846f32cd08b7f9dd84710f2fa08a1,4,4,path_loss_exponent,3.0,middle,33,354.66626331193544,0.09090909090909091,42.01094661667616,0.02809255240119301
06ac6393eee7a87a46f65b36cf9d1863821846f32cd08b7f9dd84710f2fa08a1,4,4,path_loss_exponent,3.0,far,33,451.2105113689256,0.12121212121212122,64.50608961013009,0.02343777854803703
06ac6393eee7a87a46f65b36cf9d1863821846f32cd08b7f9dd84710f2fa08a1,4,4,path_loss_exponent,3.5,near,34,182.99167622453436,0.23529411764705882,50.14642210141601,0.02367416105617352
06ac6393eee7a87a46f65b36cf9d1863821846f32cd08b7f9dd84710f2fa08a1,4,4,path_loss_exponent,3.5,middle,33,354.66626331193544,0.09090909090909091,42.23042522487247,0.028168975161220466
06ac6393eee7a87a46f65b36cf9d1863821846f32cd08b7f9dd84710f2fa08a1,4,4,path_loss_exponent,3.5,far,33,451.2105113689256,0.06060606060606061,70.95432799520073,0.023246798015882877
06ac6393eee7a87a46f65b36cf9d1863821846f32cd08b7f9dd84710f2fa08a1,4,4,path_loss_exponent,3.8,near,34,182.99167622453436,0.23529411764705882,50.17210963997954,0.023671959747161728
06ac6393eee7a87a46f65b36cf9d1863821846f32cd08b7f9dd84710f2fa08a1,4,4,path_loss_exponent,3.8,middle,33,354.66626331193544,0.06060606060606061,43.02391117828701,0.02779087760007364
06ac6393eee7a87a46f65b36cf9d1863821846f32cd08b7f9dd84710f2fa08a1,4,4,path_loss_exponent,3.8,far,33,451.2105113689256,0.030303030303030304,71.87698943893895,0.022920565098279725
06ac6393eee7a87a46f65b36cf9d1863821846f32cd08b7f9dd84710f2fa08a1,4,5,bandwidth_mhz,10.0,near,33,184.36781091955808,0.12121212121212122,51.872382079414145,0.024761439336748355
06ac6393eee7a87a46f65b36cf9d1863821846f32cd08b7f9dd84710f2fa08a1,4,5,bandwidth_mhz,10.0,middle,34,340.83686826192104,0.058823529411764705,58.88057679044072,0.023825299374511208
06ac6393eee7a87a46f65b36cf9d1863821846f32cd08b7f9dd84710f2fa08a1,4,5,bandwidth_mhz,10.0,far,33,453.27947960009885,0.06060606060606061,57.90803456720741,0.02502980333524568
06ac6393eee7a87a46f65b36cf9d1863821846f32cd08b7f9dd84710f2fa08a1,4,5,bandwidth_mhz,20.0,near,33,184.36781091955808,0.18181818181818182,50.25515767940681,0.02552485379181306
06ac6393eee7a87a46f65b36cf9d1863821846f32cd08b7f9dd84710f2fa08a1,4,5,bandwidth_mhz,20.0,middle,34,340.83686826192104,0.11764705882352941,57.01778711884044,0.024452071519444105
06ac6393eee7a87a46f65b36cf9d1863821846f32cd08b7f9dd84710f2fa08a1,4,5,bandwidth_mhz,20.0,far,33,453.27947960009885,0.09090909090909091,55.39619781498528,0.025150095488826494
06ac6393eee7a87a46f65b36cf9d1863821846f32cd08b7f9dd84710f2fa08a1,4,5,bandwidth_mhz,40.0,near,33,184.36781091955808,0.21212121212121213,47.724735256359125,0.025647239704773575
06ac6393eee7a87a46f65b36cf9d1863821846f32cd08b7f9dd84710f2fa08a1,4,5,bandwidth_mhz,40.0,middle,34,340.83686826192104,0.17647058823529413,52.90722543038144,0.0248393593243471
06ac6393eee7a87a46f65b36cf9d1863821846f32cd08b7f9dd84710f2fa08a1,4,5,bandwidth_mhz,40.0,far,33,453.27947960009885,0.09090909090909091,55.36182206950336,0.025153284583254297
06ac6393eee7a87a46f65b36cf9d1863821846f32cd08b7f9dd84710f2fa08a1,4,5,image_payload_mb,0.1,near,33,184.36781091955808,0.30303030303030304,50.364655640133904,0.02870953093840052
06ac6393eee7a87a46f65b36cf9d1863821846f32cd08b7f9dd84710f2fa08a1,4,5,image_payload_mb,0.1,middle,34,340.83686826192104,0.20588235294117646,55.340001549071054,0.02592761583467072
06ac6393eee7a87a46f65b36cf9d1863821846f32cd08b7f9dd84710f2fa08a1,4,5,image_payload_mb,0.1,far,33,453.27947960009885,0.06060606060606061,59.04257024700517,0.025314644032593415
06ac6393eee7a87a46f65b36cf9d1863821846f32cd08b7f9dd84710f2fa08a1,4,5,image_payload_mb,0.5,near,33,184.36781091955808,0.18181818181818182,50.25515767940681,0.02552485379181306
06ac6393eee7a87a46f65b36cf9d1863821846f32cd08b7f9dd84710f2fa08a1,4,5,image_payload_mb,0.5,middle,34,340.83686826192104,0.11764705882352941,57.01778711884044,0.024452071519444105
06ac6393eee7a87a46f65b36cf9d1863821846f32cd08b7f9dd84710f2fa08a1,4,5,image_payload_mb,0.5,far,33,453.27947960009885,0.09090909090909091,55.39619781498528,0.025150095488826494
06ac6393eee7a87a46f65b36cf9d1863821846f32cd08b7f9dd84710f2fa08a1,4,5,image_payload_mb,1.0,near,33,184.36781091955808,0.15151515151515152,50.98654199070221,0.02509173068256744
06ac6393eee7a87a46f65b36cf9d1863821846f32cd08b7f9dd84710f2fa08a1,4,5,image_payload_mb,1.0,middle,34,340.83686826192104,0.029411764705882353,61.82734754868047,0.02372996281354007
06ac6393eee7a87a46f65b36cf9d1863821846f32cd08b7f9dd84710f2fa08a1,4,5,image_payload_mb,1.0,far,33,453.27947960009885,0.06060606060606061,57.924170982455536,0.0250278303956338
06ac6393eee7a87a46f65b36cf9d1863821846f32cd08b7f9dd84710f2fa08a1,4,5,uplink_power_w,0.1,near,33,184.36781091955808,0.18181818181818182,50.255285930939294,0.025524831762532896
06ac6393eee7a87a46f65b36cf9d1863821846f32cd08b7f9dd84710f2fa08a1,4,5,uplink_power_w,0.1,middle,34,340.83686826192104,0.11764705882352941,57.017845692120716,0.02445204815033732
06ac6393eee7a87a46f65b36cf9d1863821846f32cd08b7f9dd84710f2fa08a1,4,5,uplink_power_w,0.1,far,33,453.27947960009885,0.09090909090909091,55.39625643732094,0.025150085954437285
06ac6393eee7a87a46f65b36cf9d1863821846f32cd08b7f9dd84710f2fa08a1,4,5,uplink_power_w,0.2,near,33,184.36781091955808,0.18181818181818182,50.25515767940681,0.02552485379181306
06ac6393eee7a87a46f65b36cf9d1863821846f32cd08b7f9dd84710f2fa08a1,4,5,uplink_power_w,0.2,middle,34,340.83686826192104,0.11764705882352941,57.01778711884044,0.024452071519444105
06ac6393eee7a87a46f65b36cf9d1863821846f32cd08b7f9dd84710f2fa08a1,4,5,uplink_power_w,0.2,far,33,453.27947960009885,0.09090909090909091,55.39619781498528,0.025150095488826494
06ac6393eee7a87a46f65b36cf9d1863821846f32cd08b7f9dd84710f2fa08a1,4,5,uplink_power_w,0.4,near,33,184.36781091955808,0.18181818181818182,50.25508580518441,0.02552486699768977
06ac6393eee7a87a46f65b36cf9d1863821846f32cd08b7f9dd84710f2fa08a1,4,5,uplink_power_w,0.4,middle,34,340.83686826192104,0.11764705882352941,57.01775151445719,0.02445208557208191
06ac6393eee7a87a46f65b36cf9d1863821846f32cd08b7f9dd84710f2fa08a1,4,5,uplink_power_w,0.4,far,33,453.27947960009885,0.09090909090909091,55.39616189805091,0.025150101241748168
06ac6393eee7a87a46f65b36cf9d1863821846f32cd08b7f9dd84710f2fa08a1,4,5,downlink_power_w,0.5,near,33,184.36781091955808,0.15151515151515152,50.950629087499856,0.02509600355393611
06ac6393eee7a87a46f65b36cf9d1863821846f32cd08b7f9dd84710f2fa08a1,4,5,downlink_power_w,0.5,middle,34,340.83686826192104,0.08823529411764706,58.09608950496304,0.024194147462683443
06ac6393eee7a87a46f65b36cf9d1863821846f32cd08b7f9dd84710f2fa08a1,4,5,downlink_power_w,0.5,far,33,453.27947960009885,0.09090909090909091,55.40480897720727,0.02514920169691344
06ac6393eee7a87a46f65b36cf9d1863821846f32cd08b7f9dd84710f2fa08a1,4,5,downlink_power_w,1.0,near,33,184.36781091955808,0.18181818181818182,50.25515767940681,0.02552485379181306
06ac6393eee7a87a46f65b36cf9d1863821846f32cd08b7f9dd84710f2fa08a1,4,5,downlink_power_w,1.0,middle,34,340.83686826192104,0.11764705882352941,57.01778711884044,0.024452071519444105
06ac6393eee7a87a46f65b36cf9d1863821846f32cd08b7f9dd84710f2fa08a1,4,5,downlink_power_w,1.0,far,33,453.27947960009885,0.09090909090909091,55.39619781498528,0.025150095488826494
06ac6393eee7a87a46f65b36cf9d1863821846f32cd08b7f9dd84710f2fa08a1,4,5,downlink_power_w,2.0,near,33,184.36781091955808,0.15151515151515152,50.933081668445425,0.025097633619216894
06ac6393eee7a87a46f65b36cf9d1863821846f32cd08b7f9dd84710f2fa08a1,4,5,downlink_power_w,2.0,middle,34,340.83686826192104,0.14705882352941177,53.7105130871331,0.024468951344295907
06ac6393eee7a87a46f65b36cf9d1863821846f32cd08b7f9dd84710f2fa08a1,4,5,downlink_power_w,2.0,far,33,453.27947960009885,0.09090909090909091,55.37692934822848,0.02515205688410831
06ac6393eee7a87a46f65b36cf9d1863821846f32cd08b7f9dd84710f2fa08a1,4,5,path_loss_exponent,3.0,near,33,184.36781091955808,0.18181818181818182,48.42744967796291,0.025217308838302477
06ac6393eee7a87a46f65b36cf9d1863821846f32cd08b7f9dd84710f2fa08a1,4,5,path_loss_exponent,3.0,middle,34,340.83686826192104,0.17647058823529413,51.565424075994244,0.024611369342184723
06ac6393eee7a87a46f65b36cf9d1863821846f32cd08b7f9dd84710f2fa08a1,4,5,path_loss_exponent,3.0,far,33,453.27947960009885,0.09090909090909091,55.35053520257125,0.025154668785943305
06ac6393eee7a87a46f65b36cf9d1863821846f32cd08b7f9dd84710f2fa08a1,4,5,path_loss_exponent,3.5,near,33,184.36781091955808,0.18181818181818182,50.25515767940681,0.02552485379181306
06ac6393eee7a87a46f65b36cf9d1863821846f32cd08b7f9dd84710f2fa08a1,4,5,path_loss_exponent,3.5,middle,34,340.83686826192104,0.11764705882352941,57.01778711884044,0.024452071519444105
06ac6393eee7a87a46f65b36cf9d1863821846f32cd08b7f9dd84710f2fa08a1,4,5,path_loss_exponent,3.5,far,33,453.27947960009885,0.09090909090909091,55.39619781498528,0.025150095488826494
06ac6393eee7a87a46f65b36cf9d1863821846f32cd08b7f9dd84710f2fa08a1,4,5,path_loss_exponent,3.8,near,33,184.36781091955808,0.15151515151515152,52.20679262475994,0.025371044134416487
06ac6393eee7a87a46f65b36cf9d1863821846f32cd08b7f9dd84710f2fa08a1,4,5,path_loss_exponent,3.8,middle,34,340.83686826192104,0.08823529411764706,58.11399789563243,0.02419193446232729
06ac6393eee7a87a46f65b36cf9d1863821846f32cd08b7f9dd84710f2fa08a1,4,5,path_loss_exponent,3.8,far,33,453.27947960009885,0.06060606060606061,57.935620963022,0.025025842052229224
06ac6393eee7a87a46f65b36cf9d1863821846f32cd08b7f9dd84710f2fa08a1,4,6,bandwidth_mhz,10.0,near,34,220.2777795671184,0.20588235294117646,48.42279153730128,0.025762536787649087
06ac6393eee7a87a46f65b36cf9d1863821846f32cd08b7f9dd84710f2fa08a1,4,6,bandwidth_mhz,10.0,middle,33,355.81177712804623,0.030303030303030304,53.79150577461599,0.02228946195280984
06ac6393eee7a87a46f65b36cf9d1863821846f32cd08b7f9dd84710f2fa08a1,4,6,bandwidth_mhz,10.0,far,33,457.67071150065925,0.030303030303030304,66.09402273107798,0.025730925573883977
06ac6393eee7a87a46f65b36cf9d1863821846f32cd08b7f9dd84710f2fa08a1,4,6,bandwidth_mhz,20.0,near,34,220.2777795671184,0.20588235294117646,48.369713406712464,0.025770092728671038
06ac6393eee7a87a46f65b36cf9d1863821846f32cd08b7f9dd84710f2fa08a1,4,6,bandwidth_mhz,20.0,middle,33,355.81177712804623,0.030303030303030304,53.774629059699045,0.022290881367530147
06ac6393eee7a87a46f65b36cf9d1863821846f32cd08b7f9dd84710f2fa08a1,4,6,bandwidth_mhz,20.0,far,33,457.67071150065925,0.12121212121212122,56.92223172217361,0.026024919658622758
06ac6393eee7a87a46f65b36cf9d1863821846f32cd08b7f9dd84710f2fa08a1,4,6,bandwidth_mhz,40.0,near,34,220.2777795671184,0.20588235294117646,48.33092429656293,0.025775475960994956
06ac6393eee7a87a46f65b36cf9d1863821846f32cd08b7f9dd84710f2fa08a1,4,6,bandwidth_mhz,40.0,middle,33,355.81177712804623,0.09090909090909091,49.667003840961875,0.02271638321949499
06ac6393eee7a87a46f65b36cf9d1863821846f32cd08b7f9dd84710f2fa08a1,4,6,bandwidth_mhz,40.0,far,33,457.67071150065925,0.15151515151515152,55.52612753084501,0.026259582728005066
06ac6393eee7a87a46f65b36cf9d1863821846f32cd08b7f9dd84710f2fa08a1,4,6,image_payload_mb,0.1,near,34,220.2777795671184,0.17647058823529413,52.66661823980521,0.026118388883315816
06ac6393eee7a87a46f65b36cf9d1863821846f32cd08b7f9dd84710f2fa08a1,4,6,image_payload_mb,0.1,middle,33,355.81177712804623,0.24242424242424243,45.61698847284468,0.02470689900860065
06ac6393eee7a87a46f65b36cf9d1863821846f32cd08b7f9dd84710f2fa08a1,4,6,image_payload_mb,0.1,far,33,457.67071150065925,0.12121212121212122,61.276925961204775,0.0267931187756146
06ac6393eee7a87a46f65b36cf9d1863821846f32cd08b7f9dd84710f2fa08a1,4,6,image_payload_mb,0.5,near,34,220.2777795671184,0.20588235294117646,48.369713406712464,0.025770092728671038
06ac6393eee7a87a46f65b36cf9d1863821846f32cd08b7f9dd84710f2fa08a1,4,6,image_payload_mb,0.5,middle,33,355.81177712804623,0.030303030303030304,53.774629059699045,0.022290881367530147
06ac6393eee7a87a46f65b36cf9d1863821846f32cd08b7f9dd84710f2fa08a1,4,6,image_payload_mb,0.5,far,33,457.67071150065925,0.12121212121212122,56.92223172217361,0.026024919658622758
06ac6393eee7a87a46f65b36cf9d1863821846f32cd08b7f9dd84710f2fa08a1,4,6,image_payload_mb,1.0,near,34,220.2777795671184,0.17647058823529413,50.43135510383115,0.025623587833863506
06ac6393eee7a87a46f65b36cf9d1863821846f32cd08b7f9dd84710f2fa08a1,4,6,image_payload_mb,1.0,middle,33,355.81177712804623,0.030303030303030304,53.79583648110822,0.022289100047810533
06ac6393eee7a87a46f65b36cf9d1863821846f32cd08b7f9dd84710f2fa08a1,4,6,image_payload_mb,1.0,far,33,457.67071150065925,0.030303030303030304,66.09997044924278,0.025730554485686414
06ac6393eee7a87a46f65b36cf9d1863821846f32cd08b7f9dd84710f2fa08a1,4,6,uplink_power_w,0.1,near,34,220.2777795671184,0.20588235294117646,48.37140682988448,0.025769887320590917
06ac6393eee7a87a46f65b36cf9d1863821846f32cd08b7f9dd84710f2fa08a1,4,6,uplink_power_w,0.1,middle,33,355.81177712804623,0.030303030303030304,53.7746408919929,0.022290880367283838
06ac6393eee7a87a46f65b36cf9d1863821846f32cd08b7f9dd84710f2fa08a1,4,6,uplink_power_w,0.1,far,33,457.67071150065925,0.12121212121212122,56.92227543823007,0.0260249171406514
06ac6393eee7a87a46f65b36cf9d1863821846f32cd08b7f9dd84710f2fa08a1,4,6,uplink_power_w,0.2,near,34,220.2777795671184,0.20588235294117646,48.369713406712464,0.025770092728671038
06ac6393eee7a87a46f65b36cf9d1863821846f32cd08b7f9dd84710f2fa08a1,4,6,uplink_power_w,0.2,middle,33,355.81177712804623,0.030303030303030304,53.774629059699045,0.022290881367530147
06ac6393eee7a87a46f65b36cf9d1863821846f32cd08b7f9dd84710f2fa08a1,4,6,uplink_power_w,0.2,far,33,457.67071150065925,0.12121212121212122,56.92223172217361,0.026024919658622758
06ac6393eee7a87a46f65b36cf9d1863821846f32cd08b7f9dd84710f2fa08a1,4,6,uplink_power_w,0.4,near,34,220.2777795671184,0.20588235294117646,48.36842967164745,0.025770247464211502
06ac6393eee7a87a46f65b36cf9d1863821846f32cd08b7f9dd84710f2fa08a1,4,6,uplink_power_w,0.4,middle,33,355.81177712804623,0.030303030303030304,53.77462136135962,0.022290882018315302
06ac6393eee7a87a46f65b36cf9d1863821846f32cd08b7f9dd84710f2fa08a1,4,6,uplink_power_w,0.4,far,33,457.67071150065925,0.12121212121212122,56.92220295748123,0.026024921315652778
06ac6393eee7a87a46f65b36cf9d1863821846f32cd08b7f9dd84710f2fa08a1,4,6,downlink_power_w,0.5,near,34,220.2777795671184,0.20588235294117646,48.37527982789162,0.02576882002947806
06ac6393eee7a87a46f65b36cf9d1863821846f32cd08b7f9dd84710f2fa08a1,4,6,downlink_power_w,0.5,middle,33,355.81177712804623,0.06060606060606061,52.945963057312646,0.022647438659881825
06ac6393eee7a87a46f65b36cf9d1863821846f32cd08b7f9dd84710f2fa08a1,4,6,downlink_power_w,0.5,far,33,457.67071150065925,0.06060606060606061,63.20934037862247,0.025835191313301826
06ac6393eee7a87a46f65b36cf9d1863821846f32cd08b7f9dd84710f2fa08a1,4,6,downlink_power_w,1.0,near,34,220.2777795671184,0.20588235294117646,48.369713406712464,0.025770092728671038
06ac6393eee7a87a46f65b36cf9d1863821846f32cd08b7f9dd84710f2fa08a1,4,6,downlink_power_w,1.0,middle,33,355.81177712804623,0.030303030303030304,53.774629059699045,0.022290881367530147
06ac6393eee7a87a46f65b36cf9d1863821846f32cd08b7f9dd84710f2fa08a1,4,6,downlink_power_w,1.0,far,33,457.67071150065925,0.12121212121212122,56.92223172217361,0.026024919658622758
06ac6393eee7a87a46f65b36cf9d1863821846f32cd08b7f9dd84710f2fa08a1,4,6,downlink_power_w,2.0,near,34,220.2777795671184,0.20588235294117646,48.36606777802867,0.025770924957630677
06ac6393eee7a87a46f65b36cf9d1863821846f32cd08b7f9dd84710f2fa08a1,4,6,downlink_power_w,2.0,middle,33,355.81177712804623,0.030303030303030304,53.77114731409928,0.0222911760101976
06ac6393eee7a87a46f65b36cf9d1863821846f32cd08b7f9dd84710f2fa08a1,4,6,downlink_power_w,2.0,far,33,457.67071150065925,0.15151515151515152,55.59488828918699,0.026255797301957855
06ac6393eee7a87a46f65b36cf9d1863821846f32cd08b7f9dd84710f2fa08a1,4,6,path_loss_exponent,3.0,near,34,220.2777795671184,0.20588235294117646,48.35398750957286,0.025772751395561296
06ac6393eee7a87a46f65b36cf9d1863821846f32cd08b7f9dd84710f2fa08a1,4,6,path_loss_exponent,3.0,middle,33,355.81177712804623,0.06060606060606061,50.57130208883049,0.022386199209562207
06ac6393eee7a87a46f65b36cf9d1863821846f32cd08b7f9dd84710f2fa08a1,4,6,path_loss_exponent,3.0,far,33,457.67071150065925,0.18181818181818182,52.34985767571586,0.02635512668336006
06ac6393eee7a87a46f65b36cf9d1863821846f32cd08b7f9dd84710f2fa08a1,4,6,path_loss_exponent,3.5,near,34,220.2777795671184,0.20588235294117646,48.369713406712464,0.025770092728671038
06ac6393eee7a87a46f65b36cf9d1863821846f32cd08b7f9dd84710f2fa08a1,4,6,path_loss_exponent,3.5,middle,33,355.81177712804623,0.030303030303030304,53.774629059699045,0.022290881367530147
06ac6393eee7a87a46f65b36cf9d1863821846f32cd08b7f9dd84710f2fa08a1,4,6,path_loss_exponent,3.5,far,33,457.67071150065925,0.12121212121212122,56.92223172217361,0.026024919658622758
06ac6393eee7a87a46f65b36cf9d1863821846f32cd08b7f9dd84710f2fa08a1,4,6,path_loss_exponent,3.8,near,34,220.2777795671184,0.23529411764705882,47.77776230815061,0.026209480033986814
06ac6393eee7a87a46f65b36cf9d1863821846f32cd08b7f9dd84710f2fa08a1,4,6,path_loss_exponent,3.8,middle,33,355.81177712804623,0.030303030303030304,53.796871208903546,0.022289013718333098
06ac6393eee7a87a46f65b36cf9d1863821846f32cd08b7f9dd84710f2fa08a1,4,6,path_loss_exponent,3.8,far,33,457.67071150065925,0.030303030303030304,66.1073656954865,0.025730094684193332
06ac6393eee7a87a46f65b36cf9d1863821846f32cd08b7f9dd84710f2fa08a1,4,7,bandwidth_mhz,10.0,near,34,172.4604505553749,0.23529411764705882,59.98119923342839,0.02511958545116316
06ac6393eee7a87a46f65b36cf9d1863821846f32cd08b7f9dd84710f2fa08a1,4,7,bandwidth_mhz,10.0,middle,33,358.3282618057871,0.0,56.345454545454544,0.025339177450765554
06ac6393eee7a87a46f65b36cf9d1863821846f32cd08b7f9dd84710f2fa08a1,4,7,bandwidth_mhz,10.0,far,33,459.1586598032282,0.06060606060606061,51.248565041872205,0.023792558375310045
06ac6393eee7a87a46f65b36cf9d1863821846f32cd08b7f9dd84710f2fa08a1,4,7,bandwidth_mhz,20.0,near,34,172.4604505553749,0.29411764705882354,53.662781440519815,0.02530879509491354
06ac6393eee7a87a46f65b36cf9d1863821846f32cd08b7f9dd84710f2fa08a1,4,7,bandwidth_mhz,20.0,middle,33,358.3282618057871,0.0,56.345454545454544,0.025339177450765554
06ac6393eee7a87a46f65b36cf9d1863821846f32cd08b7f9dd84710f2fa08a1,4,7,bandwidth_mhz,20.0,far,33,459.1586598032282,0.06060606060606061,51.240248430327526,0.02379673185038567
06ac6393eee7a87a46f65b36cf9d1863821846f32cd08b7f9dd84710f2fa08a1,4,7,bandwidth_mhz,40.0,near,34,172.4604505553749,0.29411764705882354,53.58776979886947,0.025313709518640832
06ac6393eee7a87a46f65b36cf9d1863821846f32cd08b7f9dd84710f2fa08a1,4,7,bandwidth_mhz,40.0,middle,33,358.3282618057871,0.06060606060606061,52.703443541129346,0.02572055726204331
06ac6393eee7a87a46f65b36cf9d1863821846f32cd08b7f9dd84710f2fa08a1,4,7,bandwidth_mhz,40.0,far,33,459.1586598032282,0.12121212121212122,49.45989801101872,0.02446982390895462
06ac6393eee7a87a46f65b36cf9d1863821846f32cd08b7f9dd84710f2fa08a1,4,7,image_payload_mb,0.1,near,34,172.4604505553749,0.17647058823529413,64.0352359996702,0.025042267544485543
06ac6393eee7a87a46f65b36cf9d1863821846f32cd08b7f9dd84710f2fa08a1,4,7,image_payload_mb,0.1,middle,33,358.3282618057871,0.15151515151515152,46.46084948435508,0.0263271706437864
06ac6393eee7a87a46f65b36cf9d1863821846f32cd08b7f9dd84710f2fa08a1,4,7,image_payload_mb,0.1,far,33,459.1586598032282,0.24242424242424243,46.28896489825781,0.026005202885301313
06ac6393eee7a87a46f65b36cf9d1863821846f32cd08b7f9dd84710f2fa08a1,4,7,image_payload_mb,0.5,near,34,172.4604505553749,0.29411764705882354,53.662781440519815,0.02530879509491354
06ac6393eee7a87a46f65b36cf9d1863821846f32cd08b7f9dd84710f2fa08a1,4,7,image_payload_mb,0.5,middle,33,358.3282618057871,0.0,56.345454545454544,0.025339177450765554
06ac6393eee7a87a46f65b36cf9d1863821846f32cd08b7f9dd84710f2fa08a1,4,7,image_payload_mb,0.5,far,33,459.1586598032282,0.06060606060606061,51.240248430327526,0.02379673185038567
06ac6393eee7a87a46f65b36cf9d1863821846f32cd08b7f9dd84710f2fa08a1,4,7,image_payload_mb,1.0,near,34,172.4604505553749,0.20588235294117646,63.05112952599147,0.025029315563057854
06ac6393eee7a87a46f65b36cf9d1863821846f32cd08b7f9dd84710f2fa08a1,4,7,image_payload_mb,1.0,middle,33,358.3282618057871,0.0,56.345454545454544,0.025339177450765554
06ac6393eee7a87a46f65b36cf9d1863821846f32cd08b7f9dd84710f2fa08a1,4,7,image_payload_mb,1.0,far,33,459.1586598032282,0.06060606060606061,51.24862567968133,0.02379250877495343
06ac6393eee7a87a46f65b36cf9d1863821846f32cd08b7f9dd84710f2fa08a1,4,7,uplink_power_w,0.1,near,34,172.4604505553749,0.29411764705882354,53.66375895874491,0.02530867758545671
06ac6393eee7a87a46f65b36cf9d1863821846f32cd08b7f9dd84710f2fa08a1,4,7,uplink_power_w,0.1,middle,33,358.3282618057871,0.0,56.345454545454544,0.025339177450765554
06ac6393eee7a87a46f65b36cf9d1863821846f32cd08b7f9dd84710f2fa08a1,4,7,uplink_power_w,0.1,far,33,459.1586598032282,0.06060606060606061,51.24026158496482,0.023796725165810797
06ac6393eee7a87a46f65b36cf9d1863821846f32cd08b7f9dd84710f2fa08a1,4,7,uplink_power_w,0.2,near,34,172.4604505553749,0.29411764705882354,53.662781440519815,0.02530879509491354
06ac6393eee7a87a46f65b36cf9d1863821846f32cd08b7f9dd84710f2fa08a1,4,7,uplink_power_w,0.2,middle,33,358.3282618057871,0.0,56.345454545454544,0.025339177450765554
06ac6393eee7a87a46f65b36cf9d1863821846f32cd08b7f9dd84710f2fa08a1,4,7,uplink_power_w,0.2,far,33,459.1586598032282,0.06060606060606061,51.240248430327526,0.02379673185038567
06ac6393eee7a87a46f65b36cf9d1863821846f32cd08b7f9dd84710f2fa08a1,4,7,uplink_power_w,0.4,near,34,172.4604505553749,0.29411764705882354,53.66200005878653,0.025308888575221504
06ac6393eee7a87a46f65b36cf9d1863821846f32cd08b7f9dd84710f2fa08a1,4,7,uplink_power_w,0.4,middle,33,358.3282618057871,0.0,56.345454545454544,0.025339177450765554
06ac6393eee7a87a46f65b36cf9d1863821846f32cd08b7f9dd84710f2fa08a1,4,7,uplink_power_w,0.4,far,33,459.1586598032282,0.06060606060606061,51.240239075816795,0.023796736591029405
06ac6393eee7a87a46f65b36cf9d1863821846f32cd08b7f9dd84710f2fa08a1,4,7,downlink_power_w,0.5,near,34,172.4604505553749,0.2647058823529412,56.81959928434992,0.02521936973051206
06ac6393eee7a87a46f65b36cf9d1863821846f32cd08b7f9dd84710f2fa08a1,4,7,downlink_power_w,0.5,middle,33,358.3282618057871,0.0,56.345454545454544,0.025339177450765554
06ac6393eee7a87a46f65b36cf9d1863821846f32cd08b7f9dd84710f2fa08a1,4,7,downlink_power_w,0.5,far,33,459.1586598032282,0.06060606060606061,51.240596835413506,0.02379654029462512
06ac6393eee7a87a46f65b36cf9d1863821846f32cd08b7f9dd84710f2fa08a1,4,7,downlink_power_w,1.0,near,34,172.4604505553749,0.29411764705882354,53.662781440519815,0.02530879509491354
06ac6393eee7a87a46f65b36cf9d1863821846f32cd08b7f9dd84710f2fa08a1,4,7,downlink_power_w,1.0,middle,33,358.3282618057871,0.0,56.345454545454544,0.025339177450765554
06ac6393eee7a87a46f65b36cf9d1863821846f32cd08b7f9dd84710f2fa08a1,4,7,downlink_power_w,1.0,far,33,459.1586598032282,0.06060606060606061,51.240248430327526,0.02379673185038567
06ac6393eee7a87a46f65b36cf9d1863821846f32cd08b7f9dd84710f2fa08a1,4,7,downlink_power_w,2.0,near,34,172.4604505553749,0.29411764705882354,53.6497941931272,0.02530942919526548
06ac6393eee7a87a46f65b36cf9d1863821846f32cd08b7f9dd84710f2fa08a1,4,7,downlink_power_w,2.0,middle,33,358.3282618057871,0.030303030303030304,53.84770124810629,0.025458243044561995
06ac6393eee7a87a46f65b36cf9d1863821846f32cd08b7f9dd84710f2fa08a1,4,7,downlink_power_w,2.0,far,33,459.1586598032282,0.06060606060606061,51.24034773847066,0.023796694233159065
06ac6393eee7a87a46f65b36cf9d1863821846f32cd08b7f9dd84710f2fa08a1,4,7,path_loss_exponent,3.0,near,34,172.4604505553749,0.29411764705882354,53.61357640002551,0.025311667169511342
06ac6393eee7a87a46f65b36cf9d1863821846f32cd08b7f9dd84710f2fa08a1,4,7,path_loss_exponent,3.0,middle,33,358.3282618057871,0.030303030303030304,53.82692993337506,0.02545999033453556
06ac6393eee7a87a46f65b36cf9d1863821846f32cd08b7f9dd84710f2fa08a1,4,7,path_loss_exponent,3.0,far,33,459.1586598032282,0.12121212121212122,49.334173279058454,0.02442636833527022
06ac6393eee7a87a46f65b36cf9d1863821846f32cd08b7f9dd84710f2fa08a1,4,7,path_loss_exponent,3.5,near,34,172.4604505553749,0.29411764705882354,53.662781440519815,0.02530879509491354
06ac6393eee7a87a46f65b36cf9d1863821846f32cd08b7f9dd84710f2fa08a1,4,7,path_loss_exponent,3.5,middle,33,358.3282618057871,0.0,56.345454545454544,0.025339177450765554
06ac6393eee7a87a46f65b36cf9d1863821846f32cd08b7f9dd84710f2fa08a1,4,7,path_loss_exponent,3.5,far,33,459.1586598032282,0.06060606060606061,51.240248430327526,0.02379673185038567
06ac6393eee7a87a46f65b36cf9d1863821846f32cd08b7f9dd84710f2fa08a1,4,7,path_loss_exponent,3.8,near,34,172.4604505553749,0.2647058823529412,59.36254540963748,0.02559412746028491
06ac6393eee7a87a46f65b36cf9d1863821846f32cd08b7f9dd84710f2fa08a1,4,7,path_loss_exponent,3.8,middle,33,358.3282618057871,0.0,56.345454545454544,0.025339177450765554
06ac6393eee7a87a46f65b36cf9d1863821846f32cd08b7f9dd84710f2fa08a1,4,7,path_loss_exponent,3.8,far,33,459.1586598032282,0.06060606060606061,51.247091585892704,0.02379327151575947
06ac6393eee7a87a46f65b36cf9d1863821846f32cd08b7f9dd84710f2fa08a1,4,8,bandwidth_mhz,10.0,near,34,196.01157374609838,0.17647058823529413,60.00460730865183,0.023948780124304393
06ac6393eee7a87a46f65b36cf9d1863821846f32cd08b7f9dd84710f2fa08a1,4,8,bandwidth_mhz,10.0,middle,33,370.19042886110054,0.030303030303030304,49.97187444314759,0.025659969625204528
06ac6393eee7a87a46f65b36cf9d1863821846f32cd08b7f9dd84710f2fa08a1,4,8,bandwidth_mhz,10.0,far,33,450.42641944063996,0.030303030303030304,59.89586046892763,0.024138255332275874
06ac6393eee7a87a46f65b36cf9d1863821846f32cd08b7f9dd84710f2fa08a1,4,8,bandwidth_mhz,20.0,near,34,196.01157374609838,0.23529411764705882,54.55416392250328,0.02416549150720478
06ac6393eee7a87a46f65b36cf9d1863821846f32cd08b7f9dd84710f2fa08a1,4,8,bandwidth_mhz,20.0,middle,33,370.19042886110054,0.06060606060606061,47.06632469328276,0.025764121633556132
06ac6393eee7a87a46f65b36cf9d1863821846f32cd08b7f9dd84710f2fa08a1,4,8,bandwidth_mhz,20.0,far,33,450.42641944063996,0.030303030303030304,59.891583897986074,0.024139576570844708
06ac6393eee7a87a46f65b36cf9d1863821846f32cd08b7f9dd84710f2fa08a1,4,8,bandwidth_mhz,40.0,near,34,196.01157374609838,0.29411764705882354,53.00153960778653,0.024930204724031516
06ac6393eee7a87a46f65b36cf9d1863821846f32cd08b7f9dd84710f2fa08a1,4,8,bandwidth_mhz,40.0,middle,33,370.19042886110054,0.06060606060606061,47.05004152926081,0.02576561728838556
06ac6393eee7a87a46f65b36cf9d1863821846f32cd08b7f9dd84710f2fa08a1,4,8,bandwidth_mhz,40.0,far,33,450.42641944063996,0.09090909090909091,55.62592980161572,0.0245327206991816
06ac6393eee7a87a46f65b36cf9d1863821846f32cd08b7f9dd84710f2fa08a1,4,8,image_payload_mb,0.1,near,34,196.01157374609838,0.29411764705882354,61.24284486386185,0.026845049658060983
06ac6393eee7a87a46f65b36cf9d1863821846f32cd08b7f9dd84710f2fa08a1,4,8,image_payload_mb,0.1,middle,33,370.19042886110054,0.12121212121212122,46.99085573684849,0.026764714952123403
06ac6393eee7a87a46f65b36cf9d1863821846f32cd08b7f9dd84710f2fa08a1,4,8,image_payload_mb,0.1,far,33,450.42641944063996,0.15151515151515152,54.36222248122356,0.025563136626795838
06ac6393eee7a87a46f65b36cf9d1863821846f32cd08b7f9dd84710f2fa08a1,4,8,image_payload_mb,0.5,near,34,196.01157374609838,0.23529411764705882,54.55416392250328,0.02416549150720478
06ac6393eee7a87a46f65b36cf9d1863821846f32cd08b7f9dd84710f2fa08a1,4,8,image_payload_mb,0.5,middle,33,370.19042886110054,0.06060606060606061,47.06632469328276,0.025764121633556132
06ac6393eee7a87a46f65b36cf9d1863821846f32cd08b7f9dd84710f2fa08a1,4,8,image_payload_mb,0.5,far,33,450.42641944063996,0.030303030303030304,59.891583897986074,0.024139576570844708
06ac6393eee7a87a46f65b36cf9d1863821846f32cd08b7f9dd84710f2fa08a1,4,8,image_payload_mb,1.0,near,34,196.01157374609838,0.17647058823529413,62.344158800888124,0.024224227156699845
06ac6393eee7a87a46f65b36cf9d1863821846f32cd08b7f9dd84710f2fa08a1,4,8,image_payload_mb,1.0,middle,33,370.19042886110054,0.030303030303030304,49.978112102435986,0.025658176170790102
06ac6393eee7a87a46f65b36cf9d1863821846f32cd08b7f9dd84710f2fa08a1,4,8,image_payload_mb,1.0,far,33,450.42641944063996,0.030303030303030304,59.903665492598876,0.024135860786154224
06ac6393eee7a87a46f65b36cf9d1863821846f32cd08b7f9dd84710f2fa08a1,4,8,uplink_power_w,0.1,near,34,196.01157374609838,0.23529411764705882,54.554651914017676,0.024165303190477286
06ac6393eee7a87a46f65b36cf9d1863821846f32cd08b7f9dd84710f2fa08a1,4,8,uplink_power_w,0.1,middle,33,370.19042886110054,0.06060606060606061,47.0664112056843,0.02576410705157118
06ac6393eee7a87a46f65b36cf9d1863821846f32cd08b7f9dd84710f2fa08a1,4,8,uplink_power_w,0.1,far,33,450.42641944063996,0.030303030303030304,59.89164464810813,0.024139557756257486
06ac6393eee7a87a46f65b36cf9d1863821846f32cd08b7f9dd84710f2fa08a1,4,8,uplink_power_w,0.2,near,34,196.01157374609838,0.23529411764705882,54.55416392250328,0.02416549150720478
06ac6393eee7a87a46f65b36cf9d1863821846f32cd08b7f9dd84710f2fa08a1,4,8,uplink_power_w,0.2,middle,33,370.19042886110054,0.06060606060606061,47.06632469328276,0.025764121633556132
06ac6393eee7a87a46f65b36cf9d1863821846f32cd08b7f9dd84710f2fa08a1,4,8,uplink_power_w,0.2,far,33,450.42641944063996,0.030303030303030304,59.891583897986074,0.024139576570844708
06ac6393eee7a87a46f65b36cf9d1863821846f32cd08b7f9dd84710f2fa08a1,4,8,uplink_power_w,0.4,near,34,196.01157374609838,0.23529411764705882,54.553752400673964,0.0241656521095548
06ac6393eee7a87a46f65b36cf9d1863821846f32cd08b7f9dd84710f2fa08a1,4,8,uplink_power_w,0.4,middle,33,370.19042886110054,0.06060606060606061,47.06627700313129,0.02576412969153767
06ac6393eee7a87a46f65b36cf9d1863821846f32cd08b7f9dd84710f2fa08a1,4,8,uplink_power_w,0.4,far,33,450.42641944063996,0.030303030303030304,59.891551124613464,0.024139586721457565
06ac6393eee7a87a46f65b36cf9d1863821846f32cd08b7f9dd84710f2fa08a1,4,8,downlink_power_w,0.5,near,34,196.01157374609838,0.2647058823529412,53.82818180353095,0.02453185469556954
06ac6393eee7a87a46f65b36cf9d1863821846f32cd08b7f9dd84710f2fa08a1,4,8,downlink_power_w,0.5,middle,33,370.19042886110054,0.030303030303030304,49.973493322745924,0.025659502960273806
06ac6393eee7a87a46f65b36cf9d1863821846f32cd08b7f9dd84710f2fa08a1,4,8,downlink_power_w,0.5,far,33,450.42641944063996,0.030303030303030304,59.898627734677845,0.024137403873831544
06ac6393eee7a87a46f65b36cf9d1863821846f32cd08b7f9dd84710f2fa08a1,4,8,downlink_power_w,1.0,near,34,196.01157374609838,0.23529411764705882,54.55416392250328,0.02416549150720478
06ac6393eee7a87a46f65b36cf9d1863821846f32cd08b7f9dd84710f2fa08a1,4,8,downlink_power_w,1.0,middle,33,370.19042886110054,0.06060606060606061,47.06632469328276,0.025764121633556132
06ac6393eee7a87a46f65b36cf9d1863821846f32cd08b7f9dd84710f2fa08a1,4,8,downlink_power_w,1.0,far,33,450.42641944063996,0.030303030303030304,59.891583897986074,0.024139576570844708
06ac6393eee7a87a46f65b36cf9d1863821846f32cd08b7f9dd84710f2fa08a1,4,8,downlink_power_w,2.0,near,34,196.01157374609838,0.2647058823529412,53.8039970367472,0.02453214799362135
06ac6393eee7a87a46f65b36cf9d1863821846f32cd08b7f9dd84710f2fa08a1,4,8,downlink_power_w,2.0,middle,33,370.19042886110054,0.06060606060606061,47.058047847341584,0.025764882648198373
06ac6393eee7a87a46f65b36cf9d1863821846f32cd08b7f9dd84710f2fa08a1,4,8,downlink_power_w,2.0,far,33,450.42641944063996,0.06060606060606061,58.889944675117455,0.024439477551697956
06ac6393eee7a87a46f65b36cf9d1863821846f32cd08b7f9dd84710f2fa08a1,4,8,path_loss_exponent,3.0,near,34,196.01157374609838,0.23529411764705882,54.51864986986523,0.02416708344911072
06ac6393eee7a87a46f65b36cf9d1863821846f32cd08b7f9dd84710f2fa08a1,4,8,path_loss_exponent,3.0,middle,33,370.19042886110054,0.06060606060606061,47.02876996772996,0.02576793186803844
06ac6393eee7a87a46f65b36cf9d1863821846f32cd08b7f9dd84710f2fa08a1,4,8,path_loss_exponent,3.0,far,33,450.42641944063996,0.12121212121212122,54.49102771846946,0.02480447311344408
06ac6393eee7a87a46f65b36cf9d1863821846f32cd08b7f9dd84710f2fa08a1,4,8,path_loss_exponent,3.5,near,34,196.01157374609838,0.23529411764705882,54.55416392250328,0.02416549150720478
06ac6393eee7a87a46f65b36cf9d1863821846f32cd08b7f9dd84710f2fa08a1,4,8,path_loss_exponent,3.5,middle,33,370.19042886110054,0.06060606060606061,47.06632469328276,0.025764121633556132
06ac6393eee7a87a46f65b36cf9d1863821846f32cd08b7f9dd84710f2fa08a1,4,8,path_loss_exponent,3.5,far,33,450.42641944063996,0.030303030303030304,59.891583897986074,0.024139576570844708
06ac6393eee7a87a46f65b36cf9d1863821846f32cd08b7f9dd84710f2fa08a1,4,8,path_loss_exponent,3.8,near,34,196.01157374609838,0.2647058823529412,53.847304311160485,0.024531681774302032
06ac6393eee7a87a46f65b36cf9d1863821846f32cd08b7f9dd84710f2fa08a1,4,8,path_loss_exponent,3.8,middle,33,370.19042886110054,0.0,51.32727272727273,0.025437741284350602
06ac6393eee7a87a46f65b36cf9d1863821846f32cd08b7f9dd84710f2fa08a1,4,8,path_loss_exponent,3.8,far,33,450.42641944063996,0.0,61.2,0.023909311899356113
06ac6393eee7a87a46f65b36cf9d1863821846f32cd08b7f9dd84710f2fa08a1,4,9,bandwidth_mhz,10.0,near,34,230.07030515633636,0.08823529411764706,53.3710211138488,0.02518963871225795
06ac6393eee7a87a46f65b36cf9d1863821846f32cd08b7f9dd84710f2fa08a1,4,9,bandwidth_mhz,10.0,middle,33,362.0501292776313,0.15151515151515152,69.74603131925589,0.023141485267121745
06ac6393eee7a87a46f65b36cf9d1863821846f32cd08b7f9dd84710f2fa08a1,4,9,bandwidth_mhz,10.0,far,33,457.2524566707489,0.030303030303030304,48.86949182844374,0.026003328183284158
06ac6393eee7a87a46f65b36cf9d1863821846f32cd08b7f9dd84710f2fa08a1,4,9,bandwidth_mhz,20.0,near,34,230.07030515633636,0.14705882352941177,50.59132005520762,0.025696522219845225
06ac6393eee7a87a46f65b36cf9d1863821846f32cd08b7f9dd84710f2fa08a1,4,9,bandwidth_mhz,20.0,middle,33,362.0501292776313,0.18181818181818182,67.21580139147052,0.023263891241950486
06ac6393eee7a87a46f65b36cf9d1863821846f32cd08b7f9dd84710f2fa08a1,4,9,bandwidth_mhz,20.0,far,33,457.2524566707489,0.06060606060606061,47.75592201031497,0.026269036621862422
06ac6393eee7a87a46f65b36cf9d1863821846f32cd08b7f9dd84710f2fa08a1,4,9,bandwidth_mhz,40.0,near,34,230.07030515633636,0.17647058823529413,47.47228052666412,0.025799667299003102
06ac6393eee7a87a46f65b36cf9d1863821846f32cd08b7f9dd84710f2fa08a1,4,9,bandwidth_mhz,40.0,middle,33,362.0501292776313,0.18181818181818182,67.147840119199,0.02327065238921605
06ac6393eee7a87a46f65b36cf9d1863821846f32cd08b7f9dd84710f2fa08a1,4,9,bandwidth_mhz,40.0,far,33,457.2524566707489,0.09090909090909091,44.48212550552139,0.026364894193463623
06ac6393eee7a87a46f65b36cf9d1863821846f32cd08b7f9dd84710f2fa08a1,4,9,image_payload_mb,0.1,near,34,230.07030515633636,0.11764705882352941,51.517012847901114,0.02544822720352727
06ac6393eee7a87a46f65b36cf9d1863821846f32cd08b7f9dd84710f2fa08a1,4,9,image_payload_mb,0.1,middle,33,362.0501292776313,0.2727272727272727,61.037510847170346,0.024105440075624776
06ac6393eee7a87a46f65b36cf9d1863821846f32cd08b7f9dd84710f2fa08a1,4,9,image_payload_mb,0.1,far,33,457.2524566707489,0.15151515151515152,45.39346672327763,0.027535958898174943
06ac6393eee7a87a46f65b36cf9d1863821846f32cd08b7f9dd84710f2fa08a1,4,9,image_payload_mb,0.5,near,34,230.07030515633636,0.14705882352941177,50.59132005520762,0.025696522219845225
06ac6393eee7a87a46f65b36cf9d1863821846f32cd08b7f9dd84710f2fa08a1,4,9,image_payload_mb,0.5,middle,33,362.0501292776313,0.18181818181818182,67.21580139147052,0.023263891241950486
06ac6393eee7a87a46f65b36cf9d1863821846f32cd08b7f9dd84710f2fa08a1,4,9,image_payload_mb,0.5,far,33,457.2524566707489,0.06060606060606061,47.75592201031497,0.026269036621862422
06ac6393eee7a87a46f65b36cf9d1863821846f32cd08b7f9dd84710f2fa08a1,4,9,image_payload_mb,1.0,near,34,230.07030515633636,0.11764705882352941,52.62859226990505,0.025541356415083274
06ac6393eee7a87a46f65b36cf9d1863821846f32cd08b7f9dd84710f2fa08a1,4,9,image_payload_mb,1.0,middle,33,362.0501292776313,0.12121212121212122,72.24464077646279,0.023021634110175267
06ac6393eee7a87a46f65b36cf9d1863821846f32cd08b7f9dd84710f2fa08a1,4,9,image_payload_mb,1.0,far,33,457.2524566707489,0.030303030303030304,48.875390982781965,0.026001887532051383
06ac6393eee7a87a46f65b36cf9d1863821846f32cd08b7f9dd84710f2fa08a1,4,9,uplink_power_w,0.1,near,34,230.07030515633636,0.14705882352941177,50.59140980123657,0.025696470230429657
06ac6393eee7a87a46f65b36cf9d1863821846f32cd08b7f9dd84710f2fa08a1,4,9,uplink_power_w,0.1,middle,33,362.0501292776313,0.18181818181818182,67.21585911546708,0.023263883041817677
06ac6393eee7a87a46f65b36cf9d1863821846f32cd08b7f9dd84710f2fa08a1,4,9,uplink_power_w,0.1,far,33,457.2524566707489,0.06060606060606061,47.756036602961295,0.026268995763175824
06ac6393eee7a87a46f65b36cf9d1863821846f32cd08b7f9dd84710f2fa08a1,4,9,uplink_power_w,0.2,near,34,230.07030515633636,0.14705882352941177,50.59132005520762,0.025696522219845225
06ac6393eee7a87a46f65b36cf9d1863821846f32cd08b7f9dd84710f2fa08a1,4,9,uplink_power_w,0.2,middle,33,362.0501292776313,0.18181818181818182,67.21580139147052,0.023263891241950486
06ac6393eee7a87a46f65b36cf9d1863821846f32cd08b7f9dd84710f2fa08a1,4,9,uplink_power_w,0.2,far,33,457.2524566707489,0.06060606060606061,47.75592201031497,0.026269036621862422
06ac6393eee7a87a46f65b36cf9d1863821846f32cd08b7f9dd84710f2fa08a1,4,9,uplink_power_w,0.4,near,34,230.07030515633636,0.14705882352941177,50.59126417881358,0.025696554513057773
06ac6393eee7a87a46f65b36cf9d1863821846f32cd08b7f9dd84710f2fa08a1,4,9,uplink_power_w,0.4,middle,33,362.0501292776313,0.18181818181818182,67.21576312229804,0.023263896818849078
06ac6393eee7a87a46f65b36cf9d1863821846f32cd08b7f9dd84710f2fa08a1,4,9,uplink_power_w,0.4,far,33,457.2524566707489,0.06060606060606061,47.75585899249988,0.026269058948995647
06ac6393eee7a87a46f65b36cf9d1863821846f32cd08b7f9dd84710f2fa08a1,4,9,downlink_power_w,0.5,near,34,230.07030515633636,0.11764705882352941,51.35457176938436,0.02533194435350467
06ac6393eee7a87a46f65b36cf9d1863821846f32cd08b7f9dd84710f2fa08a1,4,9,downlink_power_w,0.5,middle,33,362.0501292776313,0.18181818181818182,67.2181188328742,0.02326399899765599
06ac6393eee7a87a46f65b36cf9d1863821846f32cd08b7f9dd84710f2fa08a1,4,9,downlink_power_w,0.5,far,33,457.2524566707489,0.030303030303030304,48.868421374022006,0.026003590543914556
06ac6393eee7a87a46f65b36cf9d1863821846f32cd08b7f9dd84710f2fa08a1,4,9,downlink_power_w,1.0,near,34,230.07030515633636,0.14705882352941177,50.59132005520762,0.025696522219845225
06ac6393eee7a87a46f65b36cf9d1863821846f32cd08b7f9dd84710f2fa08a1,4,9,downlink_power_w,1.0,middle,33,362.0501292776313,0.18181818181818182,67.21580139147052,0.023263891241950486
06ac6393eee7a87a46f65b36cf9d1863821846f32cd08b7f9dd84710f2fa08a1,4,9,downlink_power_w,1.0,far,33,457.2524566707489,0.06060606060606061,47.75592201031497,0.026269036621862422
06ac6393eee7a87a46f65b36cf9d1863821846f32cd08b7f9dd84710f2fa08a1,4,9,downlink_power_w,2.0,near,34,230.07030515633636,0.08823529411764706,49.94152875155532,0.02476575214170263
06ac6393eee7a87a46f65b36cf9d1863821846f32cd08b7f9dd84710f2fa08a1,4,9,downlink_power_w,2.0,middle,33,362.0501292776313,0.18181818181818182,67.17710450871047,0.02326789845398114
06ac6393eee7a87a46f65b36cf9d1863821846f32cd08b7f9dd84710f2fa08a1,4,9,downlink_power_w,2.0,far,33,457.2524566707489,0.09090909090909091,44.49594954257702,0.026364457208221632
06ac6393eee7a87a46f65b36cf9d1863821846f32cd08b7f9dd84710f2fa08a1,4,9,path_loss_exponent,3.0,near,34,230.07030515633636,0.08823529411764706,48.78351377655929,0.02461278831809584
06ac6393eee7a87a46f65b36cf9d1863821846f32cd08b7f9dd84710f2fa08a1,4,9,path_loss_exponent,3.0,middle,33,362.0501292776313,0.24242424242424243,61.100128630575654,0.023467051603629503
06ac6393eee7a87a46f65b36cf9d1863821846f32cd08b7f9dd84710f2fa08a1,4,9,path_loss_exponent,3.0,far,33,457.2524566707489,0.09090909090909091,44.46547667005532,0.02636872080637839
06ac6393eee7a87a46f65b36cf9d1863821846f32cd08b7f9dd84710f2fa08a1,4,9,path_loss_exponent,3.5,near,34,230.07030515633636,0.14705882352941177,50.59132005520762,0.025696522219845225
06ac6393eee7a87a46f65b36cf9d1863821846f32cd08b7f9dd84710f2fa08a1,4,9,path_loss_exponent,3.5,middle,33,362.0501292776313,0.18181818181818182,67.21580139147052,0.023263891241950486
06ac6393eee7a87a46f65b36cf9d1863821846f32cd08b7f9dd84710f2fa08a1,4,9,path_loss_exponent,3.5,far,33,457.2524566707489,0.06060606060606061,47.75592201031497,0.026269036621862422
06ac6393eee7a87a46f65b36cf9d1863821846f32cd08b7f9dd84710f2fa08a1,4,9,path_loss_exponent,3.8,near,34,230.07030515633636,0.11764705882352941,52.78163087061103,0.02561409022586718
06ac6393eee7a87a46f65b36cf9d1863821846f32cd08b7f9dd84710f2fa08a1,4,9,path_loss_exponent,3.8,middle,33,362.0501292776313,0.15151515151515152,69.73886496765589,0.023142398755323437
06ac6393eee7a87a46f65b36cf9d1863821846f32cd08b7f9dd84710f2fa08a1,4,9,path_loss_exponent,3.8,far,33,457.2524566707489,0.030303030303030304,48.882776614487625,0.026000096154837254
06ac6393eee7a87a46f65b36cf9d1863821846f32cd08b7f9dd84710f2fa08a1,5,0,bandwidth_mhz,10.0,near,33,210.9678620926814,0.2727272727272727,48.16937214112079,0.02579144173243408
06ac6393eee7a87a46f65b36cf9d1863821846f32cd08b7f9dd84710f2fa08a1,5,0,bandwidth_mhz,10.0,middle,33,376.9011495485497,0.09090909090909091,37.95582955392035,0.032839152809735046
06ac6393eee7a87a46f65b36cf9d1863821846f32cd08b7f9dd84710f2fa08a1,5,0,bandwidth_mhz,10.0,far,34,458.90410038422317,0.08823529411764706,34.31349913527232,0.03356070031597307
06ac6393eee7a87a46f65b36cf9d1863821846f32cd08b7f9dd84710f2fa08a1,5,0,bandwidth_mhz,20.0,near,33,210.9678620926814,0.30303030303030304,46.94176629010388,0.026057197229298255
06ac6393eee7a87a46f65b36cf9d1863821846f32cd08b7f9dd84710f2fa08a1,5,0,bandwidth_mhz,20.0,middle,33,376.9011495485497,0.15151515151515152,36.59552487867697,0.03369240697606206
06ac6393eee7a87a46f65b36cf9d1863821846f32cd08b7f9dd84710f2fa08a1,5,0,bandwidth_mhz,20.0,far,34,458.90410038422317,0.08823529411764706,34.269323144851086,0.03357066037793494
06ac6393eee7a87a46f65b36cf9d1863821846f32cd08b7f9dd84710f2fa08a1,5,0,bandwidth_mhz,40.0,near,33,210.9678620926814,0.30303030303030304,46.89767428437288,0.02607278630079769
06ac6393eee7a87a46f65b36cf9d1863821846f32cd08b7f9dd84710f2fa08a1,5,0,bandwidth_mhz,40.0,middle,33,376.9011495485497,0.21212121212121213,35.02671902876369,0.034524095945190666
06ac6393eee7a87a46f65b36cf9d1863821846f32cd08b7f9dd84710f2fa08a1,5,0,bandwidth_mhz,40.0,far,34,458.90410038422317,0.08823529411764706,34.23698580915969,0.03357812232729131
06ac6393eee7a87a46f65b36cf9d1863821846f32cd08b7f9dd84710f2fa08a1,5,0,image_payload_mb,0.1,near,33,210.9678620926814,0.2727272727272727,52.612548101338746,0.02715771422800472
06ac6393eee7a87a46f65b36cf9d1863821846f32cd08b7f9dd84710f2fa08a1,5,0,image_payload_mb,0.1,middle,33,376.9011495485497,0.21212121212121213,34.698360028947754,0.03451616538606954
06ac6393eee7a87a46f65b36cf9d1863821846f32cd08b7f9dd84710f2fa08a1,5,0,image_payload_mb,0.1,far,34,458.90410038422317,0.11764705882352941,34.60133902817925,0.03445772779697695
06ac6393eee7a87a46f65b36cf9d1863821846f32cd08b7f9dd84710f2fa08a1,5,0,image_payload_mb,0.5,near,33,210.9678620926814,0.30303030303030304,46.94176629010388,0.026057197229298255
06ac6393eee7a87a46f65b36cf9d1863821846f32cd08b7f9dd84710f2fa08a1,5,0,image_payload_mb,0.5,middle,33,376.9011495485497,0.15151515151515152,36.59552487867697,0.03369240697606206
06ac6393eee7a87a46f65b36cf9d1863821846f32cd08b7f9dd84710f2fa08a1,5,0,image_payload_mb,0.5,far,34,458.90410038422317,0.08823529411764706,34.269323144851086,0.03357066037793494
06ac6393eee7a87a46f65b36cf9d1863821846f32cd08b7f9dd84710f2fa08a1,5,0,image_payload_mb,1.0,near,33,210.9678620926814,0.2727272727272727,48.18017563626409,0.025789817360773327
06ac6393eee7a87a46f65b36cf9d1863821846f32cd08b7f9dd84710f2fa08a1,5,0,image_payload_mb,1.0,middle,33,376.9011495485497,0.09090909090909091,37.963416906988314,0.032836825067942874
06ac6393eee7a87a46f65b36cf9d1863821846f32cd08b7f9dd84710f2fa08a1,5,0,image_payload_mb,1.0,far,34,458.90410038422317,0.058823529411764705,35.43238627099007,0.03331670667353631
06ac6393eee7a87a46f65b36cf9d1863821846f32cd08b7f9dd84710f2fa08a1,5,0,uplink_power_w,0.1,near,33,210.9678620926814,0.30303030303030304,46.9418670818389,0.026057173004285682
06ac6393eee7a87a46f65b36cf9d1863821846f32cd08b7f9dd84710f2fa08a1,5,0,uplink_power_w,0.1,middle,33,376.9011495485497,0.15151515151515152,36.59560132448404,0.03369236445592115
06ac6393eee7a87a46f65b36cf9d1863821846f32cd08b7f9dd84710f2fa08a1,5,0,uplink_power_w,0.1,far,34,458.90410038422317,0.08823529411764706,34.269390572051144,0.03357063462008959
06ac6393eee7a87a46f65b36cf9d1863821846f32cd08b7f9dd84710f2fa08a1,5,0,uplink_power_w,0.2,near,33,210.9678620926814,0.30303030303030304,46.94176629010388,0.026057197229298255
06ac6393eee7a87a46f65b36cf9d1863821846f32cd08b7f9dd84710f2fa08a1,5,0,uplink_power_w,0.2,middle,33,376.9011495485497,0.15151515151515152,36.59552487867697,0.03369240697606206
06ac6393eee7a87a46f65b36cf9d1863821846f32cd08b7f9dd84710f2fa08a1,5,0,uplink_power_w,0.2,far,34,458.90410038422317,0.08823529411764706,34.269323144851086,0.03357066037793494
06ac6393eee7a87a46f65b36cf9d1863821846f32cd08b7f9dd84710f2fa08a1,5,0,uplink_power_w,0.4,near,33,210.9678620926814,0.30303030303030304,46.941699216440966,0.02605721472658191
06ac6393eee7a87a46f65b36cf9d1863821846f32cd08b7f9dd84710f2fa08a1,5,0,uplink_power_w,0.4,middle,33,376.9011495485497,0.15151515151515152,36.59547478769684,0.033692435019493566
06ac6393eee7a87a46f65b36cf9d1863821846f32cd08b7f9dd84710f2fa08a1,5,0,uplink_power_w,0.4,far,34,458.90410038422317,0.08823529411764706,34.26928190609089,0.03357067600217432
06ac6393eee7a87a46f65b36cf9d1863821846f32cd08b7f9dd84710f2fa08a1,5,0,downlink_power_w,0.5,near,33,210.9678620926814,0.30303030303030304,46.95129114014268,0.02605580407427201
06ac6393eee7a87a46f65b36cf9d1863821846f32cd08b7f9dd84710f2fa08a1,5,0,downlink_power_w,0.5,middle,33,376.9011495485497,0.12121212121212122,37.255475580461095,0.03326392113169817
06ac6393eee7a87a46f65b36cf9d1863821846f32cd08b7f9dd84710f2fa08a1,5,0,downlink_power_w,0.5,far,34,458.90410038422317,0.08823529411764706,34.28089386629861,0.03356728129008724
06ac6393eee7a87a46f65b36cf9d1863821846f32cd08b7f9dd84710f2fa08a1,5,0,downlink_power_w,1.0,near,33,210.9678620926814,0.30303030303030304,46.94176629010388,0.026057197229298255
06ac6393eee7a87a46f65b36cf9d1863821846f32cd08b7f9dd84710f2fa08a1,5,0,downlink_power_w,1.0,middle,33,376.9011495485497,0.15151515151515152,36.59552487867697,0.03369240697606206
06ac6393eee7a87a46f65b36cf9d1863821846f32cd08b7f9dd84710f2fa08a1,5,0,downlink_power_w,1.0,far,34,458.90410038422317,0.08823529411764706,34.269323144851086,0.03357066037793494
06ac6393eee7a87a46f65b36cf9d1863821846f32cd08b7f9dd84710f2fa08a1,5,0,downlink_power_w,2.0,near,33,210.9678620926814,0.30303030303030304,46.93479453415708,0.026058354129894448
06ac6393eee7a87a46f65b36cf9d1863821846f32cd08b7f9dd84710f2fa08a1,5,0,downlink_power_w,2.0,middle,33,376.9011495485497,0.18181818181818182,35.563428574801556,0.03397183146465286
06ac6393eee7a87a46f65b36cf9d1863821846f32cd08b7f9dd84710f2fa08a1,5,0,downlink_power_w,2.0,far,34,458.90410038422317,0.08823529411764706,34.26116341952678,0.03357297810234098
06ac6393eee7a87a46f65b36cf9d1863821846f32cd08b7f9dd84710f2fa08a1,5,0,path_loss_exponent,3.0,near,33,210.9678620926814,0.30303030303030304,46.903465345219104,0.026067920833652777
06ac6393eee7a87a46f65b36cf9d1863821846f32cd08b7f9dd84710f2fa08a1,5,0,path_loss_exponent,3.0,middle,33,376.9011495485497,0.18181818181818182,35.524947407523875,0.033992505131999876
06ac6393eee7a87a46f65b36cf9d1863821846f32cd08b7f9dd84710f2fa08a1,5,0,path_loss_exponent,3.0,far,34,458.90410038422317,0.08823529411764706,34.23414104260548,0.03358011014783444
06ac6393eee7a87a46f65b36cf9d1863821846f32cd08b7f9dd84710f2fa08a1,5,0,path_loss_exponent,3.5,near,33,210.9678620926814,0.30303030303030304,46.94176629010388,0.026057197229298255
06ac6393eee7a87a46f65b36cf9d1863821846f32cd08b7f9dd84710f2fa08a1,5,0,path_loss_exponent,3.5,middle,33,376.9011495485497,0.15151515151515152,36.59552487867697,0.03369240697606206
06ac6393eee7a87a46f65b36cf9d1863821846f32cd08b7f9dd84710f2fa08a1,5,0,path_loss_exponent,3.5,far,34,458.90410038422317,0.08823529411764706,34.269323144851086,0.03357066037793494
06ac6393eee7a87a46f65b36cf9d1863821846f32cd08b7f9dd84710f2fa08a1,5,0,path_loss_exponent,3.8,near,33,210.9678620926814,0.30303030303030304,46.98171816706673,0.026049734521028156
06ac6393eee7a87a46f65b36cf9d1863821846f32cd08b7f9dd84710f2fa08a1,5,0,path_loss_exponent,3.8,middle,33,376.9011495485497,0.12121212121212122,37.27785224265386,0.0332557564608816
06ac6393eee7a87a46f65b36cf9d1863821846f32cd08b7f9dd84710f2fa08a1,5,0,path_loss_exponent,3.8,far,34,458.90410038422317,0.058823529411764705,35.416921180377294,0.03331871287118454
06ac6393eee7a87a46f65b36cf9d1863821846f32cd08b7f9dd84710f2fa08a1,5,1,bandwidth_mhz,10.0,near,33,207.48914743839205,0.21212121212121213,36.834093915558775,0.03084896149350594
06ac6393eee7a87a46f65b36cf9d1863821846f32cd08b7f9dd84710f2fa08a1,5,1,bandwidth_mhz,10.0,middle,33,378.15387451337534,0.09090909090909091,38.499491055455685,0.03081572191913691
06ac6393eee7a87a46f65b36cf9d1863821846f32cd08b7f9dd84710f2fa08a1,5,1,bandwidth_mhz,10.0,far,34,460.72268325390985,0.11764705882352941,46.67372879264275,0.030337900979869346
06ac6393eee7a87a46f65b36cf9d1863821846f32cd08b7f9dd84710f2fa08a1,5,1,bandwidth_mhz,20.0,near,33,207.48914743839205,0.24242424242424243,36.146717184075136,0.03129227373662016
06ac6393eee7a87a46f65b36cf9d1863821846f32cd08b7f9dd84710f2fa08a1,5,1,bandwidth_mhz,20.0,middle,33,378.15387451337534,0.09090909090909091,38.482062688125794,0.03082117526994768
06ac6393eee7a87a46f65b36cf9d1863821846f32cd08b7f9dd84710f2fa08a1,5,1,bandwidth_mhz,20.0,far,34,460.72268325390985,0.20588235294117646,42.67748727358553,0.03111929850849265
06ac6393eee7a87a46f65b36cf9d1863821846f32cd08b7f9dd84710f2fa08a1,5,1,bandwidth_mhz,40.0,near,33,207.48914743839205,0.2727272727272727,34.8476487964262,0.031539394425818615
06ac6393eee7a87a46f65b36cf9d1863821846f32cd08b7f9dd84710f2fa08a1,5,1,bandwidth_mhz,40.0,middle,33,378.15387451337534,0.12121212121212122,37.83194637882613,0.03127187002438869
06ac6393eee7a87a46f65b36cf9d1863821846f32cd08b7f9dd84710f2fa08a1,5,1,bandwidth_mhz,40.0,far,34,460.72268325390985,0.20588235294117646,42.60466200271064,0.03113616924978573
06ac6393eee7a87a46f65b36cf9d1863821846f32cd08b7f9dd84710f2fa08a1,5,1,image_payload_mb,0.1,near,33,207.48914743839205,0.24242424242424243,38.404199465999525,0.03254191649587527
06ac6393eee7a87a46f65b36cf9d1863821846f32cd08b7f9dd84710f2fa08a1,5,1,image_payload_mb,0.1,middle,33,378.15387451337534,0.09090909090909091,41.51660685662828,0.03191143970491649
06ac6393eee7a87a46f65b36cf9d1863821846f32cd08b7f9dd84710f2fa08a1,5,1,image_payload_mb,0.1,far,34,460.72268325390985,0.2647058823529412,40.45875221511684,0.03176556483296364
06ac6393eee7a87a46f65b36cf9d1863821846f32cd08b7f9dd84710f2fa08a1,5,1,image_payload_mb,0.5,near,33,207.48914743839205,0.24242424242424243,36.146717184075136,0.03129227373662016
06ac6393eee7a87a46f65b36cf9d1863821846f32cd08b7f9dd84710f2fa08a1,5,1,image_payload_mb,0.5,middle,33,378.15387451337534,0.09090909090909091,38.482062688125794,0.03082117526994768
06ac6393eee7a87a46f65b36cf9d1863821846f32cd08b7f9dd84710f2fa08a1,5,1,image_payload_mb,0.5,far,34,460.72268325390985,0.20588235294117646,42.67748727358553,0.03111929850849265
06ac6393eee7a87a46f65b36cf9d1863821846f32cd08b7f9dd84710f2fa08a1,5,1,image_payload_mb,1.0,near,33,207.48914743839205,0.21212121212121213,36.838224912016074,0.03084718277563771
06ac6393eee7a87a46f65b36cf9d1863821846f32cd08b7f9dd84710f2fa08a1,5,1,image_payload_mb,1.0,middle,33,378.15387451337534,0.06060606060606061,39.827662716807026,0.030601076781359943
06ac6393eee7a87a46f65b36cf9d1863821846f32cd08b7f9dd84710f2fa08a1,5,1,image_payload_mb,1.0,far,34,460.72268325390985,0.11764705882352941,46.703418627010315,0.03033373593725496
06ac6393eee7a87a46f65b36cf9d1863821846f32cd08b7f9dd84710f2fa08a1,5,1,uplink_power_w,0.1,near,33,207.48914743839205,0.24242424242424243,36.146783849650426,0.03129223392631033
06ac6393eee7a87a46f65b36cf9d1863821846f32cd08b7f9dd84710f2fa08a1,5,1,uplink_power_w,0.1,middle,33,378.15387451337534,0.09090909090909091,38.482203937230274,0.030821134165241213
06ac6393eee7a87a46f65b36cf9d1863821846f32cd08b7f9dd84710f2fa08a1,5,1,uplink_power_w,0.1,far,34,460.72268325390985,0.20588235294117646,42.677947555896125,0.031119191140744306
06ac6393eee7a87a46f65b36cf9d1863821846f32cd08b7f9dd84710f2fa08a1,5,1,uplink_power_w,0.2,near,33,207.48914743839205,0.24242424242424243,36.146717184075136,0.03129227373662016
06ac6393eee7a87a46f65b36cf9d1863821846f32cd08b7f9dd84710f2fa08a1,5,1,uplink_power_w,0.2,middle,33,378.15387451337534,0.09090909090909091,38.482062688125794,0.03082117526994768
06ac6393eee7a87a46f65b36cf9d1863821846f32cd08b7f9dd84710f2fa08a1,5,1,uplink_power_w,0.2,far,34,460.72268325390985,0.20588235294117646,42.67748727358553,0.03111929850849265
06ac6393eee7a87a46f65b36cf9d1863821846f32cd08b7f9dd84710f2fa08a1,5,1,uplink_power_w,0.4,near,33,207.48914743839205,0.24242424242424243,36.14666977605781,0.03129230192609366
06ac6393eee7a87a46f65b36cf9d1863821846f32cd08b7f9dd84710f2fa08a1,5,1,uplink_power_w,0.4,middle,33,378.15387451337534,0.09090909090909091,38.4819852345677,0.030821197991171122
06ac6393eee7a87a46f65b36cf9d1863821846f32cd08b7f9dd84710f2fa08a1,5,1,uplink_power_w,0.4,far,34,460.72268325390985,0.20588235294117646,42.677234898880876,0.031119359063820018
06ac6393eee7a87a46f65b36cf9d1863821846f32cd08b7f9dd84710f2fa08a1,5,1,downlink_power_w,0.5,near,33,207.48914743839205,0.24242424242424243,36.14051076037572,0.031295408583902125
06ac6393eee7a87a46f65b36cf9d1863821846f32cd08b7f9dd84710f2fa08a1,5,1,downlink_power_w,0.5,middle,33,378.15387451337534,0.09090909090909091,38.49074888998502,0.030818758454267025
06ac6393eee7a87a46f65b36cf9d1863821846f32cd08b7f9dd84710f2fa08a1,5,1,downlink_power_w,0.5,far,34,460.72268325390985,0.14705882352941177,46.00627201446025,0.030742688102627674
06ac6393eee7a87a46f65b36cf9d1863821846f32cd08b7f9dd84710f2fa08a1,5,1,downlink_power_w,1.0,near,33,207.48914743839205,0.24242424242424243,36.146717184075136,0.03129227373662016
06ac6393eee7a87a46f65b36cf9d1863821846f32cd08b7f9dd84710f2fa08a1,5,1,downlink_power_w,1.0,middle,33,378.15387451337534,0.09090909090909091,38.482062688125794,0.03082117526994768
06ac6393eee7a87a46f65b36cf9d1863821846f32cd08b7f9dd84710f2fa08a1,5,1,downlink_power_w,1.0,far,34,460.72268325390985,0.20588235294117646,42.67748727358553,0.03111929850849265
06ac6393eee7a87a46f65b36cf9d1863821846f32cd08b7f9dd84710f2fa08a1,5,1,downlink_power_w,2.0,near,33,207.48914743839205,0.24242424242424243,36.13468989132113,0.03129921557577305
06ac6393eee7a87a46f65b36cf9d1863821846f32cd08b7f9dd84710f2fa08a1,5,1,downlink_power_w,2.0,middle,33,378.15387451337534,0.09090909090909091,38.470675448508125,0.03082461901766065
06ac6393eee7a87a46f65b36cf9d1863821846f32cd08b7f9dd84710f2fa08a1,5,1,downlink_power_w,2.0,far,34,460.72268325390985,0.20588235294117646,42.626499914114376,0.031130286311769357
06ac6393eee7a87a46f65b36cf9d1863821846f32cd08b7f9dd84710f2fa08a1,5,1,path_loss_exponent,3.0,near,33,207.48914743839205,0.24242424242424243,36.118418985962975,0.03130870364495634
06ac6393eee7a87a46f65b36cf9d1863821846f32cd08b7f9dd84710f2fa08a1,5,1,path_loss_exponent,3.0,middle,33,378.15387451337534,0.12121212121212122,37.81878157326839,0.03127747716528067
06ac6393eee7a87a46f65b36cf9d1863821846f32cd08b7f9dd84710f2fa08a1,5,1,path_loss_exponent,3.0,far,34,460.72268325390985,0.20588235294117646,42.54929904701638,0.031147163506168248
06ac6393eee7a87a46f65b36cf9d1863821846f32cd08b7f9dd84710f2fa08a1,5,1,path_loss_exponent,3.5,near,33,207.48914743839205,0.24242424242424243,36.146717184075136,0.03129227373662016
06ac6393eee7a87a46f65b36cf9d1863821846f32cd08b7f9dd84710f2fa08a1,5,1,path_loss_exponent,3.5,middle,33,378.15387451337534,0.09090909090909091,38.482062688125794,0.03082117526994768
06ac6393eee7a87a46f65b36cf9d1863821846f32cd08b7f9dd84710f2fa08a1,5,1,path_loss_exponent,3.5,far,34,460.72268325390985,0.20588235294117646,42.67748727358553,0.03111929850849265
06ac6393eee7a87a46f65b36cf9d1863821846f32cd08b7f9dd84710f2fa08a1,5,1,path_loss_exponent,3.8,near,33,207.48914743839205,0.2727272727272727,34.89947088681499,0.03151346857068938
06ac6393eee7a87a46f65b36cf9d1863821846f32cd08b7f9dd84710f2fa08a1,5,1,path_loss_exponent,3.8,middle,33,378.15387451337534,0.06060606060606061,39.81899784085572,0.0306039049819694
06ac6393eee7a87a46f65b36cf9d1863821846f32cd08b7f9dd84710f2fa08a1,5,1,path_loss_exponent,3.8,far,34,460.72268325390985,0.08823529411764706,48.69928970113203,0.03019767519599822
06ac6393eee7a87a46f65b36cf9d1863821846f32cd08b7f9dd84710f2fa08a1,5,2,bandwidth_mhz,10.0,near,33,173.58533770079774,0.12121212121212122,34.11251912436098,0.0327197614186619
06ac6393eee7a87a46f65b36cf9d1863821846f32cd08b7f9dd84710f2fa08a1,5,2,bandwidth_mhz,10.0,middle,33,355.13805818476106,0.18181818181818182,43.177853896856746,0.03147350551182309
06ac6393eee7a87a46f65b36cf9d1863821846f32cd08b7f9dd84710f2fa08a1,5,2,bandwidth_mhz,10.0,far,34,461.8609428433751,0.11764705882352941,46.694372140758595,0.028359962938226922
06ac6393eee7a87a46f65b36cf9d1863821846f32cd08b7f9dd84710f2fa08a1,5,2,bandwidth_mhz,20.0,near,33,173.58533770079774,0.18181818181818182,32.9425505829938,0.03371545905891335
06ac6393eee7a87a46f65b36cf9d1863821846f32cd08b7f9dd84710f2fa08a1,5,2,bandwidth_mhz,20.0,middle,33,355.13805818476106,0.21212121212121213,41.971046893146585,0.031732221599755465
06ac6393eee7a87a46f65b36cf9d1863821846f32cd08b7f9dd84710f2fa08a1,5,2,bandwidth_mhz,20.0,far,34,461.8609428433751,0.14705882352941177,45.80387759009226,0.028680168310943666
06ac6393eee7a87a46f65b36cf9d1863821846f32cd08b7f9dd84710f2fa08a1,5,2,bandwidth_mhz,40.0,near,33,173.58533770079774,0.21212121212121213,32.35086259057882,0.034242071435969516
06ac6393eee7a87a46f65b36cf9d1863821846f32cd08b7f9dd84710f2fa08a1,5,2,bandwidth_mhz,40.0,middle,33,355.13805818476106,0.24242424242424243,41.25068140574758,0.03215987037035037
06ac6393eee7a87a46f65b36cf9d1863821846f32cd08b7f9dd84710f2fa08a1,5,2,bandwidth_mhz,40.0,far,34,461.8609428433751,0.14705882352941177,45.77275374730068,0.028692298232173428
06ac6393eee7a87a46f65b36cf9d1863821846f32cd08b7f9dd84710f2fa08a1,5,2,image_payload_mb,0.1,near,33,173.58533770079774,0.24242424242424243,32.491396840375955,0.035114105069136314
06ac6393eee7a87a46f65b36cf9d1863821846f32cd08b7f9dd84710f2fa08a1,5,2,image_payload_mb,0.1,middle,33,355.13805818476106,0.18181818181818182,45.905700694180915,0.03245280024312346
06ac6393eee7a87a46f65b36cf9d1863821846f32cd08b7f9dd84710f2fa08a1,5,2,image_payload_mb,0.1,far,34,461.8609428433751,0.17647058823529413,45.19241719624989,0.029398980505201715
06ac6393eee7a87a46f65b36cf9d1863821846f32cd08b7f9dd84710f2fa08a1,5,2,image_payload_mb,0.5,near,33,173.58533770079774,0.18181818181818182,32.9425505829938,0.03371545905891335
06ac6393eee7a87a46f65b36cf9d1863821846f32cd08b7f9dd84710f2fa08a1,5,2,image_payload_mb,0.5,middle,33,355.13805818476106,0.21212121212121213,41.971046893146585,0.031732221599755465
06ac6393eee7a87a46f65b36cf9d1863821846f32cd08b7f9dd84710f2fa08a1,5,2,image_payload_mb,0.5,far,34,461.8609428433751,0.14705882352941177,45.80387759009226,0.028680168310943666
06ac6393eee7a87a46f65b36cf9d1863821846f32cd08b7f9dd84710f2fa08a1,5,2,image_payload_mb,1.0,near,33,173.58533770079774,0.12121212121212122,34.11767239020199,0.03271736028959241
06ac6393eee7a87a46f65b36cf9d1863821846f32cd08b7f9dd84710f2fa08a1,5,2,image_payload_mb,1.0,middle,33,355.13805818476106,0.18181818181818182,43.19919181908732,0.03146810947866267
06ac6393eee7a87a46f65b36cf9d1863821846f32cd08b7f9dd84710f2fa08a1,5,2,image_payload_mb,1.0,far,34,461.8609428433751,0.08823529411764706,47.74795518293852,0.028099934922705325
06ac6393eee7a87a46f65b36cf9d1863821846f32cd08b7f9dd84710f2fa08a1,5,2,uplink_power_w,0.1,near,33,173.58533770079774,0.18181818181818182,32.942616264297776,0.033715404798466346
06ac6393eee7a87a46f65b36cf9d1863821846f32cd08b7f9dd84710f2fa08a1,5,2,uplink_power_w,0.1,middle,33,355.13805818476106,0.21212121212121213,41.97124981019378,0.03173216788359029
06ac6393eee7a87a46f65b36cf9d1863821846f32cd08b7f9dd84710f2fa08a1,5,2,uplink_power_w,0.1,far,34,461.8609428433751,0.14705882352941177,45.80406012501796,0.028680096742468398
06ac6393eee7a87a46f65b36cf9d1863821846f32cd08b7f9dd84710f2fa08a1,5,2,uplink_power_w,0.2,near,33,173.58533770079774,0.18181818181818182,32.9425505829938,0.03371545905891335
06ac6393eee7a87a46f65b36cf9d1863821846f32cd08b7f9dd84710f2fa08a1,5,2,uplink_power_w,0.2,middle,33,355.13805818476106,0.21212121212121213,41.971046893146585,0.031732221599755465
06ac6393eee7a87a46f65b36cf9d1863821846f32cd08b7f9dd84710f2fa08a1,5,2,uplink_power_w,0.2,far,34,461.8609428433751,0.14705882352941177,45.80387759009226,0.028680168310943666
06ac6393eee7a87a46f65b36cf9d1863821846f32cd08b7f9dd84710f2fa08a1,5,2,uplink_power_w,0.4,near,33,173.58533770079774,0.18181818181818182,32.94250466947654,0.03371549886390843
06ac6393eee7a87a46f65b36cf9d1863821846f32cd08b7f9dd84710f2fa08a1,5,2,uplink_power_w,0.4,middle,33,355.13805818476106,0.21212121212121213,41.97092771859036,0.03173225511655243
06ac6393eee7a87a46f65b36cf9d1863821846f32cd08b7f9dd84710f2fa08a1,5,2,uplink_power_w,0.4,far,34,461.8609428433751,0.14705882352941177,45.80376946179294,0.0286802109406449
06ac6393eee7a87a46f65b36cf9d1863821846f32cd08b7f9dd84710f2fa08a1,5,2,downlink_power_w,0.5,near,33,173.58533770079774,0.15151515151515152,33.488069478004114,0.033193473833328366
06ac6393eee7a87a46f65b36cf9d1863821846f32cd08b7f9dd84710f2fa08a1,5,2,downlink_power_w,0.5,middle,33,355.13805818476106,0.21212121212121213,41.993438836440426,0.03172631149806908
06ac6393eee7a87a46f65b36cf9d1863821846f32cd08b7f9dd84710f2fa08a1,5,2,downlink_power_w,0.5,far,34,461.8609428433751,0.14705882352941177,45.822235993413265,0.02867335911499242
06ac6393eee7a87a46f65b36cf9d1863821846f32cd08b7f9dd84710f2fa08a1,5,2,downlink_power_w,1.0,near,33,173.58533770079774,0.18181818181818182,32.9425505829938,0.03371545905891335
06ac6393eee7a87a46f65b36cf9d1863821846f32cd08b7f9dd84710f2fa08a1,5,2,downlink_power_w,1.0,middle,33,355.13805818476106,0.21212121212121213,41.971046893146585,0.031732221599755465
06ac6393eee7a87a46f65b36cf9d1863821846f32cd08b7f9dd84710f2fa08a1,5,2,downlink_power_w,1.0,far,34,461.8609428433751,0.14705882352941177,45.80387759009226,0.028680168310943666
06ac6393eee7a87a46f65b36cf9d1863821846f32cd08b7f9dd84710f2fa08a1,5,2,downlink_power_w,2.0,near,33,173.58533770079774,0.21212121212121213,32.376120551564206,0.03421509566851816
06ac6393eee7a87a46f65b36cf9d1863821846f32cd08b7f9dd84710f2fa08a1,5,2,downlink_power_w,2.0,middle,33,355.13805818476106,0.21212121212121213,41.95790881095739,0.031735700745783385
06ac6393eee7a87a46f65b36cf9d1863821846f32cd08b7f9dd84710f2fa08a1,5,2,downlink_power_w,2.0,far,34,461.8609428433751,0.14705882352941177,45.79282772495604,0.028684280610030286
06ac6393eee7a87a46f65b36cf9d1863821846f32cd08b7f9dd84710f2fa08a1,5,2,path_loss_exponent,3.0,near,33,173.58533770079774,0.15151515151515152,33.518532623730266,0.0332388385950506
06ac6393eee7a87a46f65b36cf9d1863821846f32cd08b7f9dd84710f2fa08a1,5,2,path_loss_exponent,3.0,middle,33,355.13805818476106,0.24242424242424243,41.24175917045954,0.03216335653578097
06ac6393eee7a87a46f65b36cf9d1863821846f32cd08b7f9dd84710f2fa08a1,5,2,path_loss_exponent,3.0,far,34,461.8609428433751,0.20588235294117646,42.64476348867542,0.02914475710427582
06ac6393eee7a87a46f65b36cf9d1863821846f32cd08b7f9dd84710f2fa08a1,5,2,path_loss_exponent,3.5,near,33,173.58533770079774,0.18181818181818182,32.9425505829938,0.03371545905891335
06ac6393eee7a87a46f65b36cf9d1863821846f32cd08b7f9dd84710f2fa08a1,5,2,path_loss_exponent,3.5,middle,33,355.13805818476106,0.21212121212121213,41.971046893146585,0.031732221599755465
06ac6393eee7a87a46f65b36cf9d1863821846f32cd08b7f9dd84710f2fa08a1,5,2,path_loss_exponent,3.5,far,34,461.8609428433751,0.14705882352941177,45.80387759009226,0.028680168310943666
06ac6393eee7a87a46f65b36cf9d1863821846f32cd08b7f9dd84710f2fa08a1,5,2,path_loss_exponent,3.8,near,33,173.58533770079774,0.21212121212121213,32.396526594806524,0.03420435919498615
06ac6393eee7a87a46f65b36cf9d1863821846f32cd08b7f9dd84710f2fa08a1,5,2,path_loss_exponent,3.8,middle,33,355.13805818476106,0.18181818181818182,43.13337727574823,0.03144678013682777
06ac6393eee7a87a46f65b36cf9d1863821846f32cd08b7f9dd84710f2fa08a1,5,2,path_loss_exponent,3.8,far,34,461.8609428433751,0.08823529411764706,47.76428111937875,0.028096768783418043
06ac6393eee7a87a46f65b36cf9d1863821846f32cd08b7f9dd84710f2fa08a1,5,3,bandwidth_mhz,10.0,near,34,185.0869147081796,0.3235294117647059,38.44570480186494,0.031547393206396414
06ac6393eee7a87a46f65b36cf9d1863821846f32cd08b7f9dd84710f2fa08a1,5,3,bandwidth_mhz,10.0,middle,32,326.405199186897,0.0625,40.63638648316528,0.029956198228390612
06ac6393eee7a87a46f65b36cf9d1863821846f32cd08b7f9dd84710f2fa08a1,5,3,bandwidth_mhz,10.0,far,34,455.0813122392894,0.058823529411764705,42.63509239330909,0.03097358650357287
06ac6393eee7a87a46f65b36cf9d1863821846f32cd08b7f9dd84710f2fa08a1,5,3,bandwidth_mhz,20.0,near,34,185.0869147081796,0.3235294117647059,38.374966951523874,0.03158295037986814
06ac6393eee7a87a46f65b36cf9d1863821846f32cd08b7f9dd84710f2fa08a1,5,3,bandwidth_mhz,20.0,middle,32,326.405199186897,0.09375,39.933422535131825,0.030408299894113068
06ac6393eee7a87a46f65b36cf9d1863821846f32cd08b7f9dd84710f2fa08a1,5,3,bandwidth_mhz,20.0,far,34,455.0813122392894,0.08823529411764706,42.000014072497095,0.031410149259863775
06ac6393eee7a87a46f65b36cf9d1863821846f32cd08b7f9dd84710f2fa08a1,5,3,bandwidth_mhz,40.0,near,34,185.0869147081796,0.3235294117647059,38.351379100365264,0.03159439616068843
06ac6393eee7a87a46f65b36cf9d1863821846f32cd08b7f9dd84710f2fa08a1,5,3,bandwidth_mhz,40.0,middle,32,326.405199186897,0.125,39.41074439536322,0.03099721297763098
06ac6393eee7a87a46f65b36cf9d1863821846f32cd08b7f9dd84710f2fa08a1,5,3,bandwidth_mhz,40.0,far,34,455.0813122392894,0.14705882352941177,38.66539268508937,0.03178988141437143
06ac6393eee7a87a46f65b36cf9d1863821846f32cd08b7f9dd84710f2fa08a1,5,3,image_payload_mb,0.1,near,34,185.0869147081796,0.2647058823529412,41.22596472726711,0.031826202631198355
06ac6393eee7a87a46f65b36cf9d1863821846f32cd08b7f9dd84710f2fa08a1,5,3,image_payload_mb,0.1,middle,32,326.405199186897,0.25,38.092564608649,0.03372211434677885
06ac6393eee7a87a46f65b36cf9d1863821846f32cd08b7f9dd84710f2fa08a1,5,3,image_payload_mb,0.1,far,34,455.0813122392894,0.08823529411764706,43.49518588078036,0.03167963318790088
06ac6393eee7a87a46f65b36cf9d1863821846f32cd08b7f9dd84710f2fa08a1,5,3,image_payload_mb,0.5,near,34,185.0869147081796,0.3235294117647059,38.374966951523874,0.03158295037986814
06ac6393eee7a87a46f65b36cf9d1863821846f32cd08b7f9dd84710f2fa08a1,5,3,image_payload_mb,0.5,middle,32,326.405199186897,0.09375,39.933422535131825,0.030408299894113068
06ac6393eee7a87a46f65b36cf9d1863821846f32cd08b7f9dd84710f2fa08a1,5,3,image_payload_mb,0.5,far,34,455.0813122392894,0.08823529411764706,42.000014072497095,0.031410149259863775
06ac6393eee7a87a46f65b36cf9d1863821846f32cd08b7f9dd84710f2fa08a1,5,3,image_payload_mb,1.0,near,34,185.0869147081796,0.29411764705882354,39.045259993498114,0.031093345603979007
06ac6393eee7a87a46f65b36cf9d1863821846f32cd08b7f9dd84710f2fa08a1,5,3,image_payload_mb,1.0,middle,32,326.405199186897,0.0625,40.648945990564464,0.029953421739943056
06ac6393eee7a87a46f65b36cf9d1863821846f32cd08b7f9dd84710f2fa08a1,5,3,image_payload_mb,1.0,far,34,455.0813122392894,0.058823529411764705,42.6431921918641,0.03097259062959979
06ac6393eee7a87a46f65b36cf9d1863821846f32cd08b7f9dd84710f2fa08a1,5,3,uplink_power_w,0.1,near,34,185.0869147081796,0.3235294117647059,38.375035520245724,0.03158291453769992
06ac6393eee7a87a46f65b36cf9d1863821846f32cd08b7f9dd84710f2fa08a1,5,3,uplink_power_w,0.1,middle,32,326.405199186897,0.09375,39.93353566842387,0.030408266596972038
06ac6393eee7a87a46f65b36cf9d1863821846f32cd08b7f9dd84710f2fa08a1,5,3,uplink_power_w,0.1,far,34,455.0813122392894,0.08823529411764706,42.00009162214005,0.031410128973212194
06ac6393eee7a87a46f65b36cf9d1863821846f32cd08b7f9dd84710f2fa08a1,5,3,uplink_power_w,0.2,near,34,185.0869147081796,0.3235294117647059,38.374966951523874,0.03158295037986814
06ac6393eee7a87a46f65b36cf9d1863821846f32cd08b7f9dd84710f2fa08a1,5,3,uplink_power_w,0.2,middle,32,326.405199186897,0.09375,39.933422535131825,0.030408299894113068
06ac6393eee7a87a46f65b36cf9d1863821846f32cd08b7f9dd84710f2fa08a1,5,3,uplink_power_w,0.2,far,34,455.0813122392894,0.08823529411764706,42.000014072497095,0.031410149259863775
06ac6393eee7a87a46f65b36cf9d1863821846f32cd08b7f9dd84710f2fa08a1,5,3,uplink_power_w,0.4,near,34,185.0869147081796,0.3235294117647059,38.37491708786337,0.03158297719286317
06ac6393eee7a87a46f65b36cf9d1863821846f32cd08b7f9dd84710f2fa08a1,5,3,uplink_power_w,0.4,middle,32,326.405199186897,0.09375,39.93335751667658,0.0304083205401524
06ac6393eee7a87a46f65b36cf9d1863821846f32cd08b7f9dd84710f2fa08a1,5,3,uplink_power_w,0.4,far,34,455.0813122392894,0.08823529411764706,41.99996813538051,0.03141016261307364
06ac6393eee7a87a46f65b36cf9d1863821846f32cd08b7f9dd84710f2fa08a1,5,3,downlink_power_w,0.5,near,34,185.0869147081796,0.3235294117647059,38.39046574927192,0.031575481511591764
06ac6393eee7a87a46f65b36cf9d1863821846f32cd08b7f9dd84710f2fa08a1,5,3,downlink_power_w,0.5,middle,32,326.405199186897,0.09375,39.95011936640677,0.030402416074744754
06ac6393eee7a87a46f65b36cf9d1863821846f32cd08b7f9dd84710f2fa08a1,5,3,downlink_power_w,0.5,far,34,455.0813122392894,0.08823529411764706,42.01216098756412,0.03140616734309925
06ac6393eee7a87a46f65b36cf9d1863821846f32cd08b7f9dd84710f2fa08a1,5,3,downlink_power_w,1.0,near,34,185.0869147081796,0.3235294117647059,38.374966951523874,0.03158295037986814
06ac6393eee7a87a46f65b36cf9d1863821846f32cd08b7f9dd84710f2fa08a1,5,3,downlink_power_w,1.0,middle,32,326.405199186897,0.09375,39.933422535131825,0.030408299894113068
06ac6393eee7a87a46f65b36cf9d1863821846f32cd08b7f9dd84710f2fa08a1,5,3,downlink_power_w,1.0,far,34,455.0813122392894,0.08823529411764706,42.000014072497095,0.031410149259863775
06ac6393eee7a87a46f65b36cf9d1863821846f32cd08b7f9dd84710f2fa08a1,5,3,downlink_power_w,2.0,near,34,185.0869147081796,0.3235294117647059,38.38862141682479,0.03157540509713082
06ac6393eee7a87a46f65b36cf9d1863821846f32cd08b7f9dd84710f2fa08a1,5,3,downlink_power_w,2.0,middle,32,326.405199186897,0.09375,39.93122322546124,0.03040772349453278
06ac6393eee7a87a46f65b36cf9d1863821846f32cd08b7f9dd84710f2fa08a1,5,3,downlink_power_w,2.0,far,34,455.0813122392894,0.14705882352941177,38.690266511077006,0.03178281986832183
06ac6393eee7a87a46f65b36cf9d1863821846f32cd08b7f9dd84710f2fa08a1,5,3,path_loss_exponent,3.0,near,34,185.0869147081796,0.3235294117647059,38.37458978790752,0.03158203161312403
06ac6393eee7a87a46f65b36cf9d1863821846f32cd08b7f9dd84710f2fa08a1,5,3,path_loss_exponent,3.0,middle,32,326.405199186897,0.125,39.041212111180585,0.030764867241626234
06ac6393eee7a87a46f65b36cf9d1863821846f32cd08b7f9dd84710f2fa08a1,5,3,path_loss_exponent,3.0,far,34,455.0813122392894,0.14705882352941177,38.622313992982455,0.03179805976721003
06ac6393eee7a87a46f65b36cf9d1863821846f32cd08b7f9dd84710f2fa08a1,5,3,path_loss_exponent,3.5,near,34,185.0869147081796,0.3235294117647059,38.374966951523874,0.03158295037986814
06ac6393eee7a87a46f65b36cf9d1863821846f32cd08b7f9dd84710f2fa08a1,5,3,path_loss_exponent,3.5,middle,32,326.405199186897,0.09375,39.933422535131825,0.030408299894113068
06ac6393eee7a87a46f65b36cf9d1863821846f32cd08b7f9dd84710f2fa08a1,5,3,path_loss_exponent,3.5,far,34,455.0813122392894,0.08823529411764706,42.000014072497095,0.031410149259863775
06ac6393eee7a87a46f65b36cf9d1863821846f32cd08b7f9dd84710f2fa08a1,5,3,path_loss_exponent,3.8,near,34,185.0869147081796,0.3235294117647059,38.40614539045356,0.031568476744917494
06ac6393eee7a87a46f65b36cf9d1863821846f32cd08b7f9dd84710f2fa08a1,5,3,path_loss_exponent,3.8,middle,32,326.405199186897,0.09375,39.99148988456359,0.03039004306668037
06ac6393eee7a87a46f65b36cf9d1863821846f32cd08b7f9dd84710f2fa08a1,5,3,path_loss_exponent,3.8,far,34,455.0813122392894,0.058823529411764705,42.65583434201638,0.030971783628948056
06ac6393eee7a87a46f65b36cf9d1863821846f32cd08b7f9dd84710f2fa08a1,5,4,bandwidth_mhz,10.0,near,33,168.9668935049389,0.18181818181818182,36.329249433013075,0.03146183802466687
06ac6393eee7a87a46f65b36cf9d1863821846f32cd08b7f9dd84710f2fa08a1,5,4,bandwidth_mhz,10.0,middle,34,342.40778612566055,0.08823529411764706,39.46054907938225,0.030970325609762827
06ac6393eee7a87a46f65b36cf9d1863821846f32cd08b7f9dd84710f2fa08a1,5,4,bandwidth_mhz,10.0,far,33,453.0849050078616,0.18181818181818182,45.75606225963467,0.029962952126798927
06ac6393eee7a87a46f65b36cf9d1863821846f32cd08b7f9dd84710f2fa08a1,5,4,bandwidth_mhz,20.0,near,33,168.9668935049389,0.21212121212121213,35.61748483424184,0.03189261224524008
06ac6393eee7a87a46f65b36cf9d1863821846f32cd08b7f9dd84710f2fa08a1,5,4,bandwidth_mhz,20.0,middle,34,342.40778612566055,0.08823529411764706,39.44028374656791,0.030978645986063702
06ac6393eee7a87a46f65b36cf9d1863821846f32cd08b7f9dd84710f2fa08a1,5,4,bandwidth_mhz,20.0,far,33,453.0849050078616,0.24242424242424243,42.29501635380483,0.030363637404433992
06ac6393eee7a87a46f65b36cf9d1863821846f32cd08b7f9dd84710f2fa08a1,5,4,bandwidth_mhz,40.0,near,33,168.9668935049389,0.2727272727272727,33.70318192414777,0.032619929980399164
06ac6393eee7a87a46f65b36cf9d1863821846f32cd08b7f9dd84710f2fa08a1,5,4,bandwidth_mhz,40.0,middle,34,342.40778612566055,0.08823529411764706,39.42924641758029,0.030982920332340676
06ac6393eee7a87a46f65b36cf9d1863821846f32cd08b7f9dd84710f2fa08a1,5,4,bandwidth_mhz,40.0,far,33,453.0849050078616,0.2727272727272727,41.571574878698364,0.03080790121197754
06ac6393eee7a87a46f65b36cf9d1863821846f32cd08b7f9dd84710f2fa08a1,5,4,image_payload_mb,0.1,near,33,168.9668935049389,0.21212121212121213,36.1455622108431,0.03222991458702273
06ac6393eee7a87a46f65b36cf9d1863821846f32cd08b7f9dd84710f2fa08a1,5,4,image_payload_mb,0.1,middle,34,342.40778612566055,0.08823529411764706,40.221935662417195,0.03108087486989324
06ac6393eee7a87a46f65b36cf9d1863821846f32cd08b7f9dd84710f2fa08a1,5,4,image_payload_mb,0.1,far,33,453.0849050078616,0.30303030303030304,42.17112158545307,0.03168212658540292
06ac6393eee7a87a46f65b36cf9d1863821846f32cd08b7f9dd84710f2fa08a1,5,4,image_payload_mb,0.5,near,33,168.9668935049389,0.21212121212121213,35.61748483424184,0.03189261224524008
06ac6393eee7a87a46f65b36cf9d1863821846f32cd08b7f9dd84710f2fa08a1,5,4,image_payload_mb,0.5,middle,34,342.40778612566055,0.08823529411764706,39.44028374656791,0.030978645986063702
06ac6393eee7a87a46f65b36cf9d1863821846f32cd08b7f9dd84710f2fa08a1,5,4,image_payload_mb,0.5,far,33,453.0849050078616,0.24242424242424243,42.29501635380483,0.030363637404433992
06ac6393eee7a87a46f65b36cf9d1863821846f32cd08b7f9dd84710f2fa08a1,5,4,image_payload_mb,1.0,near,33,168.9668935049389,0.18181818181818182,36.331050077191456,0.03146103608074339
06ac6393eee7a87a46f65b36cf9d1863821846f32cd08b7f9dd84710f2fa08a1,5,4,image_payload_mb,1.0,middle,34,342.40778612566055,0.058823529411764705,40.12581711465135,0.030567026738701746
06ac6393eee7a87a46f65b36cf9d1863821846f32cd08b7f9dd84710f2fa08a1,5,4,image_payload_mb,1.0,far,33,453.0849050078616,0.18181818181818182,45.78723902940445,0.029955718390212115
06ac6393eee7a87a46f65b36cf9d1863821846f32cd08b7f9dd84710f2fa08a1,5,4,uplink_power_w,0.1,near,33,168.9668935049389,0.21212121212121213,35.6175266474028,0.03189258498113559
06ac6393eee7a87a46f65b36cf9d1863821846f32cd08b7f9dd84710f2fa08a1,5,4,uplink_power_w,0.1,middle,34,342.40778612566055,0.08823529411764706,39.44033874226744,0.030978630864341494
06ac6393eee7a87a46f65b36cf9d1863821846f32cd08b7f9dd84710f2fa08a1,5,4,uplink_power_w,0.1,far,33,453.0849050078616,0.24242424242424243,42.29542594622172,0.030363533958554716
06ac6393eee7a87a46f65b36cf9d1863821846f32cd08b7f9dd84710f2fa08a1,5,4,uplink_power_w,0.2,near,33,168.9668935049389,0.21212121212121213,35.61748483424184,0.03189261224524008
06ac6393eee7a87a46f65b36cf9d1863821846f32cd08b7f9dd84710f2fa08a1,5,4,uplink_power_w,0.2,middle,34,342.40778612566055,0.08823529411764706,39.44028374656791,0.030978645986063702
06ac6393eee7a87a46f65b36cf9d1863821846f32cd08b7f9dd84710f2fa08a1,5,4,uplink_power_w,0.2,far,33,453.0849050078616,0.24242424242424243,42.29501635380483,0.030363637404433992
06ac6393eee7a87a46f65b36cf9d1863821846f32cd08b7f9dd84710f2fa08a1,5,4,uplink_power_w,0.4,near,33,168.9668935049389,0.21212121212121213,35.617453723728914,0.03189263219553681
06ac6393eee7a87a46f65b36cf9d1863821846f32cd08b7f9dd84710f2fa08a1,5,4,uplink_power_w,0.4,middle,34,342.40778612566055,0.08823529411764706,39.44024872955912,0.030978656311982548
06ac6393eee7a87a46f65b36cf9d1863821846f32cd08b7f9dd84710f2fa08a1,5,4,uplink_power_w,0.4,far,33,453.0849050078616,0.24242424242424243,42.294786100194834,0.03036369636737266
06ac6393eee7a87a46f65b36cf9d1863821846f32cd08b7f9dd84710f2fa08a1,5,4,downlink_power_w,0.5,near,33,168.9668935049389,0.24242424242424243,35.05347826729746,0.032391348092591844
06ac6393eee7a87a46f65b36cf9d1863821846f32cd08b7f9dd84710f2fa08a1,5,4,downlink_power_w,0.5,middle,34,342.40778612566055,0.08823529411764706,39.445318690026646,0.030977586808443293
06ac6393eee7a87a46f65b36cf9d1863821846f32cd08b7f9dd84710f2fa08a1,5,4,downlink_power_w,0.5,far,33,453.0849050078616,0.18181818181818182,45.73061596544307,0.029971930741851213
06ac6393eee7a87a46f65b36cf9d1863821846f32cd08b7f9dd84710f2fa08a1,5,4,downlink_power_w,1.0,near,33,168.9668935049389,0.21212121212121213,35.61748483424184,0.03189261224524008
06ac6393eee7a87a46f65b36cf9d1863821846f32cd08b7f9dd84710f2fa08a1,5,4,downlink_power_w,1.0,middle,34,342.40778612566055,0.08823529411764706,39.44028374656791,0.030978645986063702
06ac6393eee7a87a46f65b36cf9d1863821846f32cd08b7f9dd84710f2fa08a1,5,4,downlink_power_w,1.0,far,33,453.0849050078616,0.24242424242424243,42.29501635380483,0.030363637404433992
06ac6393eee7a87a46f65b36cf9d1863821846f32cd08b7f9dd84710f2fa08a1,5,4,downlink_power_w,2.0,near,33,168.9668935049389,0.21212121212121213,35.60934466241256,0.03189745850553164
06ac6393eee7a87a46f65b36cf9d1863821846f32cd08b7f9dd84710f2fa08a1,5,4,downlink_power_w,2.0,middle,34,342.40778612566055,0.08823529411764706,39.433296613630134,0.03098104290693616
06ac6393eee7a87a46f65b36cf9d1863821846f32cd08b7f9dd84710f2fa08a1,5,4,downlink_power_w,2.0,far,33,453.0849050078616,0.24242424242424243,42.24376841997911,0.03037483692914691
06ac6393eee7a87a46f65b36cf9d1863821846f32cd08b7f9dd84710f2fa08a1,5,4,path_loss_exponent,3.0,near,33,168.9668935049389,0.21212121212121213,35.60709024148412,0.03189935648190853
06ac6393eee7a87a46f65b36cf9d1863821846f32cd08b7f9dd84710f2fa08a1,5,4,path_loss_exponent,3.0,middle,34,342.40778612566055,0.11764705882352941,38.81363420109079,0.03141170993010386
06ac6393eee7a87a46f65b36cf9d1863821846f32cd08b7f9dd84710f2fa08a1,5,4,path_loss_exponent,3.0,far,33,453.0849050078616,0.2727272727272727,41.51656269545729,0.03082191233437981
06ac6393eee7a87a46f65b36cf9d1863821846f32cd08b7f9dd84710f2fa08a1,5,4,path_loss_exponent,3.5,near,33,168.9668935049389,0.21212121212121213,35.61748483424184,0.03189261224524008
06ac6393eee7a87a46f65b36cf9d1863821846f32cd08b7f9dd84710f2fa08a1,5,4,path_loss_exponent,3.5,middle,34,342.40778612566055,0.08823529411764706,39.44028374656791,0.030978645986063702
06ac6393eee7a87a46f65b36cf9d1863821846f32cd08b7f9dd84710f2fa08a1,5,4,path_loss_exponent,3.5,far,33,453.0849050078616,0.24242424242424243,42.29501635380483,0.030363637404433992
06ac6393eee7a87a46f65b36cf9d1863821846f32cd08b7f9dd84710f2fa08a1,5,4,path_loss_exponent,3.8,near,33,168.9668935049389,0.24242424242424243,35.243361147734845,0.032540081282299384
06ac6393eee7a87a46f65b36cf9d1863821846f32cd08b7f9dd84710f2fa08a1,5,4,path_loss_exponent,3.8,middle,34,342.40778612566055,0.08823529411764706,39.46464978097977,0.03097232987091773
06ac6393eee7a87a46f65b36cf9d1863821846f32cd08b7f9dd84710f2fa08a1,5,4,path_loss_exponent,3.8,far,33,453.0849050078616,0.15151515151515152,47.92761775651998,0.029815873799067208
06ac6393eee7a87a46f65b36cf9d1863821846f32cd08b7f9dd84710f2fa08a1,5,5,bandwidth_mhz,10.0,near,34,194.20034711672088,0.23529411764705882,37.14951023452674,0.032058006374159086
06ac6393eee7a87a46f65b36cf9d1863821846f32cd08b7f9dd84710f2fa08a1,5,5,bandwidth_mhz,10.0,middle,32,357.5536249904444,0.09375,41.68339823964854,0.030681614808964836
06ac6393eee7a87a46f65b36cf9d1863821846f32cd08b7f9dd84710f2fa08a1,5,5,bandwidth_mhz,10.0,far,34,455.9664864247939,0.14705882352941177,40.561278389652024,0.02979808694284778
06ac6393eee7a87a46f65b36cf9d1863821846f32cd08b7f9dd84710f2fa08a1,5,5,bandwidth_mhz,20.0,near,34,194.20034711672088,0.2647058823529412,36.494336263541136,0.032507057704954156
06ac6393eee7a87a46f65b36cf9d1863821846f32cd08b7f9dd84710f2fa08a1,5,5,bandwidth_mhz,20.0,middle,32,357.5536249904444,0.125,40.418011605183324,0.03094629125798868
06ac6393eee7a87a46f65b36cf9d1863821846f32cd08b7f9dd84710f2fa08a1,5,5,bandwidth_mhz,20.0,far,34,455.9664864247939,0.14705882352941177,40.50952034647366,0.02981073001990735
06ac6393eee7a87a46f65b36cf9d1863821846f32cd08b7f9dd84710f2fa08a1,5,5,bandwidth_mhz,40.0,near,34,194.20034711672088,0.3235294117647059,35.34312813526573,0.03343290507340834
06ac6393eee7a87a46f65b36cf9d1863821846f32cd08b7f9dd84710f2fa08a1,5,5,bandwidth_mhz,40.0,middle,32,357.5536249904444,0.15625,39.680075483837214,0.031380133382263045
06ac6393eee7a87a46f65b36cf9d1863821846f32cd08b7f9dd84710f2fa08a1,5,5,bandwidth_mhz,40.0,far,34,455.9664864247939,0.14705882352941177,40.48496557982742,0.02981671369395981
06ac6393eee7a87a46f65b36cf9d1863821846f32cd08b7f9dd84710f2fa08a1,5,5,image_payload_mb,0.1,near,34,194.20034711672088,0.2647058823529412,37.16403072305524,0.03299493008245961
06ac6393eee7a87a46f65b36cf9d1863821846f32cd08b7f9dd84710f2fa08a1,5,5,image_payload_mb,0.1,middle,32,357.5536249904444,0.15625,43.028536958322356,0.03259115545013985
06ac6393eee7a87a46f65b36cf9d1863821846f32cd08b7f9dd84710f2fa08a1,5,5,image_payload_mb,0.1,far,34,455.9664864247939,0.20588235294117646,41.30558618470322,0.03166381397515917
06ac6393eee7a87a46f65b36cf9d1863821846f32cd08b7f9dd84710f2fa08a1,5,5,image_payload_mb,0.5,near,34,194.20034711672088,0.2647058823529412,36.494336263541136,0.032507057704954156
06ac6393eee7a87a46f65b36cf9d1863821846f32cd08b7f9dd84710f2fa08a1,5,5,image_payload_mb,0.5,middle,32,357.5536249904444,0.125,40.418011605183324,0.03094629125798868
06ac6393eee7a87a46f65b36cf9d1863821846f32cd08b7f9dd84710f2fa08a1,5,5,image_payload_mb,0.5,far,34,455.9664864247939,0.14705882352941177,40.50952034647366,0.02981073001990735
06ac6393eee7a87a46f65b36cf9d1863821846f32cd08b7f9dd84710f2fa08a1,5,5,image_payload_mb,1.0,near,34,194.20034711672088,0.23529411764705882,37.13784896946762,0.0320642585694666
06ac6393eee7a87a46f65b36cf9d1863821846f32cd08b7f9dd84710f2fa08a1,5,5,image_payload_mb,1.0,middle,32,357.5536249904444,0.0625,44.09135954408307,0.03055705732632879
06ac6393eee7a87a46f65b36cf9d1863821846f32cd08b7f9dd84710f2fa08a1,5,5,image_payload_mb,1.0,far,34,455.9664864247939,0.11764705882352941,41.77121849187286,0.02957331443181123
06ac6393eee7a87a46f65b36cf9d1863821846f32cd08b7f9dd84710f2fa08a1,5,5,uplink_power_w,0.1,near,34,194.20034711672088,0.2647058823529412,36.49438276628583,0.032507023882044996
06ac6393eee7a87a46f65b36cf9d1863821846f32cd08b7f9dd84710f2fa08a1,5,5,uplink_power_w,0.1,middle,32,357.5536249904444,0.125,40.41807394661095,0.030946270855114942
06ac6393eee7a87a46f65b36cf9d1863821846f32cd08b7f9dd84710f2fa08a1,5,5,uplink_power_w,0.1,far,34,455.9664864247939,0.14705882352941177,40.509773879412094,0.029810678750171272
06ac6393eee7a87a46f65b36cf9d1863821846f32cd08b7f9dd84710f2fa08a1,5,5,uplink_power_w,0.2,near,34,194.20034711672088,0.2647058823529412,36.494336263541136,0.032507057704954156
06ac6393eee7a87a46f65b36cf9d1863821846f32cd08b7f9dd84710f2fa08a1,5,5,uplink_power_w,0.2,middle,32,357.5536249904444,0.125,40.418011605183324,0.03094629125798868
06ac6393eee7a87a46f65b36cf9d1863821846f32cd08b7f9dd84710f2fa08a1,5,5,uplink_power_w,0.2,far,34,455.9664864247939,0.14705882352941177,40.50952034647366,0.02981073001990735
06ac6393eee7a87a46f65b36cf9d1863821846f32cd08b7f9dd84710f2fa08a1,5,5,uplink_power_w,0.4,near,34,194.20034711672088,0.23529411764705882,37.098502889763935,0.03208281491316395
06ac6393eee7a87a46f65b36cf9d1863821846f32cd08b7f9dd84710f2fa08a1,5,5,uplink_power_w,0.4,middle,32,357.5536249904444,0.125,40.40994334607362,0.03094842116968588
06ac6393eee7a87a46f65b36cf9d1863821846f32cd08b7f9dd84710f2fa08a1,5,5,uplink_power_w,0.4,far,34,455.9664864247939,0.14705882352941177,40.50291395967227,0.029812372016274083
06ac6393eee7a87a46f65b36cf9d1863821846f32cd08b7f9dd84710f2fa08a1,5,5,downlink_power_w,0.5,near,34,194.20034711672088,0.23529411764705882,37.10636944414599,0.03207921882070299
06ac6393eee7a87a46f65b36cf9d1863821846f32cd08b7f9dd84710f2fa08a1,5,5,downlink_power_w,0.5,middle,32,357.5536249904444,0.125,40.4340026167194,0.030942510425256694
06ac6393eee7a87a46f65b36cf9d1863821846f32cd08b7f9dd84710f2fa08a1,5,5,downlink_power_w,0.5,far,34,455.9664864247939,0.14705882352941177,40.53433082152458,0.029805613687234223
06ac6393eee7a87a46f65b36cf9d1863821846f32cd08b7f9dd84710f2fa08a1,5,5,downlink_power_w,1.0,near,34,194.20034711672088,0.2647058823529412,36.494336263541136,0.032507057704954156
06ac6393eee7a87a46f65b36cf9d1863821846f32cd08b7f9dd84710f2fa08a1,5,5,downlink_power_w,1.0,middle,32,357.5536249904444,0.125,40.418011605183324,0.03094629125798868
06ac6393eee7a87a46f65b36cf9d1863821846f32cd08b7f9dd84710f2fa08a1,5,5,downlink_power_w,1.0,far,34,455.9664864247939,0.14705882352941177,40.50952034647366,0.02981073001990735
06ac6393eee7a87a46f65b36cf9d1863821846f32cd08b7f9dd84710f2fa08a1,5,5,downlink_power_w,2.0,near,34,194.20034711672088,0.2647058823529412,36.485175624404526,0.03251307468535919
06ac6393eee7a87a46f65b36cf9d1863821846f32cd08b7f9dd84710f2fa08a1,5,5,downlink_power_w,2.0,middle,32,357.5536249904444,0.125,40.39955162065065,0.03095082977546393
06ac6393eee7a87a46f65b36cf9d1863821846f32cd08b7f9dd84710f2fa08a1,5,5,downlink_power_w,2.0,far,34,455.9664864247939,0.14705882352941177,40.488871395531014,0.029815331560737818
06ac6393eee7a87a46f65b36cf9d1863821846f32cd08b7f9dd84710f2fa08a1,5,5,path_loss_exponent,3.0,near,34,194.20034711672088,0.29411764705882354,35.844658596376796,0.03293352515736961
06ac6393eee7a87a46f65b36cf9d1863821846f32cd08b7f9dd84710f2fa08a1,5,5,path_loss_exponent,3.0,middle,32,357.5536249904444,0.15625,39.6729934117162,0.03138628050681462
06ac6393eee7a87a46f65b36cf9d1863821846f32cd08b7f9dd84710f2fa08a1,5,5,path_loss_exponent,3.0,far,34,455.9664864247939,0.14705882352941177,40.46330967603998,0.029821067830905337
06ac6393eee7a87a46f65b36cf9d1863821846f32cd08b7f9dd84710f2fa08a1,5,5,path_loss_exponent,3.5,near,34,194.20034711672088,0.2647058823529412,36.494336263541136,0.032507057704954156
06ac6393eee7a87a46f65b36cf9d1863821846f32cd08b7f9dd84710f2fa08a1,5,5,path_loss_exponent,3.5,middle,32,357.5536249904444,0.125,40.418011605183324,0.03094629125798868
06ac6393eee7a87a46f65b36cf9d1863821846f32cd08b7f9dd84710f2fa08a1,5,5,path_loss_exponent,3.5,far,34,455.9664864247939,0.14705882352941177,40.50952034647366,0.02981073001990735
06ac6393eee7a87a46f65b36cf9d1863821846f32cd08b7f9dd84710f2fa08a1,5,5,path_loss_exponent,3.8,near,34,194.20034711672088,0.2647058823529412,36.57436737975261,0.032588120458419
06ac6393eee7a87a46f65b36cf9d1863821846f32cd08b7f9dd84710f2fa08a1,5,5,path_loss_exponent,3.8,middle,32,357.5536249904444,0.09375,41.662665357354555,0.030685639572882284
06ac6393eee7a87a46f65b36cf9d1863821846f32cd08b7f9dd84710f2fa08a1,5,5,path_loss_exponent,3.8,far,34,455.9664864247939,0.08823529411764706,43.75796474496259,0.029439174781187443
06ac6393eee7a87a46f65b36cf9d1863821846f32cd08b7f9dd84710f2fa08a1,5,6,bandwidth_mhz,10.0,near,34,188.4915849131699,0.2647058823529412,36.41874495284132,0.030214717042126207
06ac6393eee7a87a46f65b36cf9d1863821846f32cd08b7f9dd84710f2fa08a1,5,6,bandwidth_mhz,10.0,middle,32,343.9844194075979,0.09375,43.5983587544237,0.03056753303124787
06ac6393eee7a87a46f65b36cf9d1863821846f32cd08b7f9dd84710f2fa08a1,5,6,bandwidth_mhz,10.0,far,34,450.62093972976805,0.029411764705882353,44.89187642851801,0.031240396622028866
06ac6393eee7a87a46f65b36cf9d1863821846f32cd08b7f9dd84710f2fa08a1,5,6,bandwidth_mhz,20.0,near,34,188.4915849131699,0.2647058823529412,36.376701226081025,0.030234902298495157
06ac6393eee7a87a46f65b36cf9d1863821846f32cd08b7f9dd84710f2fa08a1,5,6,bandwidth_mhz,20.0,middle,32,343.9844194075979,0.15625,41.772101619215796,0.03127424772216784
06ac6393eee7a87a46f65b36cf9d1863821846f32cd08b7f9dd84710f2fa08a1,5,6,bandwidth_mhz,20.0,far,34,450.62093972976805,0.08823529411764706,41.983834421517756,0.03178876803569741
06ac6393eee7a87a46f65b36cf9d1863821846f32cd08b7f9dd84710f2fa08a1,5,6,bandwidth_mhz,40.0,near,34,188.4915849131699,0.3235294117647059,35.32782693841523,0.03134581625017944
06ac6393eee7a87a46f65b36cf9d1863821846f32cd08b7f9dd84710f2fa08a1,5,6,bandwidth_mhz,40.0,middle,32,343.9844194075979,0.15625,41.7438654838049,0.03128846241258548
06ac6393eee7a87a46f65b36cf9d1863821846f32cd08b7f9dd84710f2fa08a1,5,6,bandwidth_mhz,40.0,far,34,450.62093972976805,0.08823529411764706,41.94698831460272,0.031797814539066674
06ac6393eee7a87a46f65b36cf9d1863821846f32cd08b7f9dd84710f2fa08a1,5,6,image_payload_mb,0.1,near,34,188.4915849131699,0.23529411764705882,39.92959242718147,0.03097216346783641
06ac6393eee7a87a46f65b36cf9d1863821846f32cd08b7f9dd84710f2fa08a1,5,6,image_payload_mb,0.1,middle,32,343.9844194075979,0.15625,42.54849966420023,0.03180740439613065
06ac6393eee7a87a46f65b36cf9d1863821846f32cd08b7f9dd84710f2fa08a1,5,6,image_payload_mb,0.1,far,34,450.62093972976805,0.17647058823529413,41.67278754236372,0.03368634440774173
06ac6393eee7a87a46f65b36cf9d1863821846f32cd08b7f9dd84710f2fa08a1,5,6,image_payload_mb,0.5,near,34,188.4915849131699,0.2647058823529412,36.376701226081025,0.030234902298495157
06ac6393eee7a87a46f65b36cf9d1863821846f32cd08b7f9dd84710f2fa08a1,5,6,image_payload_mb,0.5,middle,32,343.9844194075979,0.15625,41.772101619215796,0.03127424772216784
06ac6393eee7a87a46f65b36cf9d1863821846f32cd08b7f9dd84710f2fa08a1,5,6,image_payload_mb,0.5,far,34,450.62093972976805,0.08823529411764706,41.983834421517756,0.03178876803569741
06ac6393eee7a87a46f65b36cf9d1863821846f32cd08b7f9dd84710f2fa08a1,5,6,image_payload_mb,1.0,near,34,188.4915849131699,0.23529411764705882,37.29019771106969,0.029900759702319514
06ac6393eee7a87a46f65b36cf9d1863821846f32cd08b7f9dd84710f2fa08a1,5,6,image_payload_mb,1.0,middle,32,343.9844194075979,0.09375,43.60430159384306,0.03056569081576137
06ac6393eee7a87a46f65b36cf9d1863821846f32cd08b7f9dd84710f2fa08a1,5,6,image_payload_mb,1.0,far,34,450.62093972976805,0.029411764705882353,44.89581327687241,0.0312399882951635
06ac6393eee7a87a46f65b36cf9d1863821846f32cd08b7f9dd84710f2fa08a1,5,6,uplink_power_w,0.1,near,34,188.4915849131699,0.2647058823529412,36.376812727337494,0.030234845373738668
06ac6393eee7a87a46f65b36cf9d1863821846f32cd08b7f9dd84710f2fa08a1,5,6,uplink_power_w,0.1,middle,32,343.9844194075979,0.15625,41.772265109483996,0.03127416903866932
06ac6393eee7a87a46f65b36cf9d1863821846f32cd08b7f9dd84710f2fa08a1,5,6,uplink_power_w,0.1,far,34,450.62093972976805,0.08823529411764706,41.983914973875656,0.03178873819406366
06ac6393eee7a87a46f65b36cf9d1863821846f32cd08b7f9dd84710f2fa08a1,5,6,uplink_power_w,0.2,near,34,188.4915849131699,0.2647058823529412,36.376701226081025,0.030234902298495157
06ac6393eee7a87a46f65b36cf9d1863821846f32cd08b7f9dd84710f2fa08a1,5,6,uplink_power_w,0.2,middle,32,343.9844194075979,0.15625,41.772101619215796,0.03127424772216784
06ac6393eee7a87a46f65b36cf9d1863821846f32cd08b7f9dd84710f2fa08a1,5,6,uplink_power_w,0.2,far,34,450.62093972976805,0.08823529411764706,41.983834421517756,0.03178876803569741
06ac6393eee7a87a46f65b36cf9d1863821846f32cd08b7f9dd84710f2fa08a1,5,6,uplink_power_w,0.4,near,34,188.4915849131699,0.2647058823529412,36.37662690697843,0.030234940204360912
06ac6393eee7a87a46f65b36cf9d1863821846f32cd08b7f9dd84710f2fa08a1,5,6,uplink_power_w,0.4,middle,32,343.9844194075979,0.15625,41.772005570944565,0.03127429425993101
06ac6393eee7a87a46f65b36cf9d1863821846f32cd08b7f9dd84710f2fa08a1,5,6,uplink_power_w,0.4,far,34,450.62093972976805,0.08823529411764706,41.98378534427308,0.031788786773289085
06ac6393eee7a87a46f65b36cf9d1863821846f32cd08b7f9dd84710f2fa08a1,5,6,downlink_power_w,0.5,near,34,188.4915849131699,0.29411764705882354,35.78567814867016,0.03068284076295471
06ac6393eee7a87a46f65b36cf9d1863821846f32cd08b7f9dd84710f2fa08a1,5,6,downlink_power_w,0.5,middle,32,343.9844194075979,0.09375,43.585105991753764,0.030572098758945836
06ac6393eee7a87a46f65b36cf9d1863821846f32cd08b7f9dd84710f2fa08a1,5,6,downlink_power_w,0.5,far,34,450.62093972976805,0.058823529411764705,42.60789954122415,0.03135927680175653
06ac6393eee7a87a46f65b36cf9d1863821846f32cd08b7f9dd84710f2fa08a1,5,6,downlink_power_w,1.0,near,34,188.4915849131699,0.2647058823529412,36.376701226081025,0.030234902298495157
06ac6393eee7a87a46f65b36cf9d1863821846f32cd08b7f9dd84710f2fa08a1,5,6,downlink_power_w,1.0,middle,32,343.9844194075979,0.15625,41.772101619215796,0.03127424772216784
06ac6393eee7a87a46f65b36cf9d1863821846f32cd08b7f9dd84710f2fa08a1,5,6,downlink_power_w,1.0,far,34,450.62093972976805,0.08823529411764706,41.983834421517756,0.03178876803569741
06ac6393eee7a87a46f65b36cf9d1863821846f32cd08b7f9dd84710f2fa08a1,5,6,downlink_power_w,2.0,near,34,188.4915849131699,0.2647058823529412,36.37085037316453,0.030237580597803917
06ac6393eee7a87a46f65b36cf9d1863821846f32cd08b7f9dd84710f2fa08a1,5,6,downlink_power_w,2.0,middle,32,343.9844194075979,0.15625,41.761838031802796,0.0312792576387088
06ac6393eee7a87a46f65b36cf9d1863821846f32cd08b7f9dd84710f2fa08a1,5,6,downlink_power_w,2.0,far,34,450.62093972976805,0.11764705882352941,39.979524011941706,0.031927717984040524
06ac6393eee7a87a46f65b36cf9d1863821846f32cd08b7f9dd84710f2fa08a1,5,6,path_loss_exponent,3.0,near,34,188.4915849131699,0.2647058823529412,36.356905888940766,0.03024409440832844
06ac6393eee7a87a46f65b36cf9d1863821846f32cd08b7f9dd84710f2fa08a1,5,6,path_loss_exponent,3.0,middle,32,343.9844194075979,0.1875,41.066207051786506,0.03173039091093088
06ac6393eee7a87a46f65b36cf9d1863821846f32cd08b7f9dd84710f2fa08a1,5,6,path_loss_exponent,3.0,far,34,450.62093972976805,0.14705882352941177,38.70130972872354,0.03216517349733631
06ac6393eee7a87a46f65b36cf9d1863821846f32cd08b7f9dd84710f2fa08a1,5,6,path_loss_exponent,3.5,near,34,188.4915849131699,0.2647058823529412,36.376701226081025,0.030234902298495157
06ac6393eee7a87a46f65b36cf9d1863821846f32cd08b7f9dd84710f2fa08a1,5,6,path_loss_exponent,3.5,middle,32,343.9844194075979,0.15625,41.772101619215796,0.03127424772216784
06ac6393eee7a87a46f65b36cf9d1863821846f32cd08b7f9dd84710f2fa08a1,5,6,path_loss_exponent,3.5,far,34,450.62093972976805,0.08823529411764706,41.983834421517756,0.03178876803569741
06ac6393eee7a87a46f65b36cf9d1863821846f32cd08b7f9dd84710f2fa08a1,5,6,path_loss_exponent,3.8,near,34,188.4915849131699,0.3235294117647059,35.418162412639155,0.03129499706547716
06ac6393eee7a87a46f65b36cf9d1863821846f32cd08b7f9dd84710f2fa08a1,5,6,path_loss_exponent,3.8,middle,32,343.9844194075979,0.09375,43.60829942153505,0.03056480179036436
06ac6393eee7a87a46f65b36cf9d1863821846f32cd08b7f9dd84710f2fa08a1,5,6,path_loss_exponent,3.8,far,34,450.62093972976805,0.029411764705882353,44.903472098331015,0.03123919710705156
06ac6393eee7a87a46f65b36cf9d1863821846f32cd08b7f9dd84710f2fa08a1,5,7,bandwidth_mhz,10.0,near,34,197.1786917144822,0.08823529411764706,38.56427607198446,0.030666332705989743
06ac6393eee7a87a46f65b36cf9d1863821846f32cd08b7f9dd84710f2fa08a1,5,7,bandwidth_mhz,10.0,middle,32,329.660275939336,0.15625,42.16513078017651,0.03127088476525473
06ac6393eee7a87a46f65b36cf9d1863821846f32cd08b7f9dd84710f2fa08a1,5,7,bandwidth_mhz,10.0,far,34,453.6404723775283,0.14705882352941177,41.285842748087646,0.02964894981269278
06ac6393eee7a87a46f65b36cf9d1863821846f32cd08b7f9dd84710f2fa08a1,5,7,bandwidth_mhz,20.0,near,34,197.1786917144822,0.11764705882352941,38.02198476619267,0.031178469157636016
06ac6393eee7a87a46f65b36cf9d1863821846f32cd08b7f9dd84710f2fa08a1,5,7,bandwidth_mhz,20.0,middle,32,329.660275939336,0.21875,40.39886327399918,0.03203049662554955
06ac6393eee7a87a46f65b36cf9d1863821846f32cd08b7f9dd84710f2fa08a1,5,7,bandwidth_mhz,20.0,far,34,453.6404723775283,0.14705882352941177,41.242828085900285,0.029659816340859353
06ac6393eee7a87a46f65b36cf9d1863821846f32cd08b7f9dd84710f2fa08a1,5,7,bandwidth_mhz,40.0,near,34,197.1786917144822,0.20588235294117646,35.653161344492204,0.03235779396387399
06ac6393eee7a87a46f65b36cf9d1863821846f32cd08b7f9dd84710f2fa08a1,5,7,bandwidth_mhz,40.0,middle,32,329.660275939336,0.21875,40.36095482376614,0.03204261284098556
06ac6393eee7a87a46f65b36cf9d1863821846f32cd08b7f9dd84710f2fa08a1,5,7,bandwidth_mhz,40.0,far,34,453.6404723775283,0.17647058823529413,40.1193398019457,0.02990412449749465
06ac6393eee7a87a46f65b36cf9d1863821846f32cd08b7f9dd84710f2fa08a1,5,7,image_payload_mb,0.1,near,34,197.1786917144822,0.23529411764705882,38.410413934994445,0.033905588988155363
06ac6393eee7a87a46f65b36cf9d1863821846f32cd08b7f9dd84710f2fa08a1,5,7,image_payload_mb,0.1,middle,32,329.660275939336,0.15625,44.05076520856751,0.03168221326018207
06ac6393eee7a87a46f65b36cf9d1863821846f32cd08b7f9dd84710f2fa08a1,5,7,image_payload_mb,0.1,far,34,453.6404723775283,0.20588235294117646,43.96007628670966,0.03193898493763787
06ac6393eee7a87a46f65b36cf9d1863821846f32cd08b7f9dd84710f2fa08a1,5,7,image_payload_mb,0.5,near,34,197.1786917144822,0.11764705882352941,38.02198476619267,0.031178469157636016
06ac6393eee7a87a46f65b36cf9d1863821846f32cd08b7f9dd84710f2fa08a1,5,7,image_payload_mb,0.5,middle,32,329.660275939336,0.21875,40.39886327399918,0.03203049662554955
06ac6393eee7a87a46f65b36cf9d1863821846f32cd08b7f9dd84710f2fa08a1,5,7,image_payload_mb,0.5,far,34,453.6404723775283,0.14705882352941177,41.242828085900285,0.029659816340859353
06ac6393eee7a87a46f65b36cf9d1863821846f32cd08b7f9dd84710f2fa08a1,5,7,image_payload_mb,1.0,near,34,197.1786917144822,0.08823529411764706,38.56714948050559,0.03066589593553676
06ac6393eee7a87a46f65b36cf9d1863821846f32cd08b7f9dd84710f2fa08a1,5,7,image_payload_mb,1.0,middle,32,329.660275939336,0.15625,42.17905141268667,0.03126794692831103
06ac6393eee7a87a46f65b36cf9d1863821846f32cd08b7f9dd84710f2fa08a1,5,7,image_payload_mb,1.0,far,34,453.6404723775283,0.11764705882352941,42.36105653146936,0.029384677970456026
06ac6393eee7a87a46f65b36cf9d1863821846f32cd08b7f9dd84710f2fa08a1,5,7,uplink_power_w,0.1,near,34,197.1786917144822,0.11764705882352941,38.02201906274089,0.03117845718731751
06ac6393eee7a87a46f65b36cf9d1863821846f32cd08b7f9dd84710f2fa08a1,5,7,uplink_power_w,0.1,middle,32,329.660275939336,0.21875,40.39909076599909,0.03203039005225757
06ac6393eee7a87a46f65b36cf9d1863821846f32cd08b7f9dd84710f2fa08a1,5,7,uplink_power_w,0.1,far,34,453.6404723775283,0.14705882352941177,41.24316061358743,0.02965974314298611
06ac6393eee7a87a46f65b36cf9d1863821846f32cd08b7f9dd84710f2fa08a1,5,7,uplink_power_w,0.2,near,34,197.1786917144822,0.11764705882352941,38.02198476619267,0.031178469157636016
06ac6393eee7a87a46f65b36cf9d1863821846f32cd08b7f9dd84710f2fa08a1,5,7,uplink_power_w,0.2,middle,32,329.660275939336,0.21875,40.39886327399918,0.03203049662554955
06ac6393eee7a87a46f65b36cf9d1863821846f32cd08b7f9dd84710f2fa08a1,5,7,uplink_power_w,0.2,far,34,453.6404723775283,0.14705882352941177,41.242828085900285,0.029659816340859353
06ac6393eee7a87a46f65b36cf9d1863821846f32cd08b7f9dd84710f2fa08a1,5,7,uplink_power_w,0.4,near,34,197.1786917144822,0.11764705882352941,38.021961592690516,0.03117847812113817
06ac6393eee7a87a46f65b36cf9d1863821846f32cd08b7f9dd84710f2fa08a1,5,7,uplink_power_w,0.4,middle,32,329.660275939336,0.21875,40.3987338697616,0.032030557826073634
06ac6393eee7a87a46f65b36cf9d1863821846f32cd08b7f9dd84710f2fa08a1,5,7,uplink_power_w,0.4,far,34,453.6404723775283,0.14705882352941177,41.24264615165945,0.02965985706123381
06ac6393eee7a87a46f65b36cf9d1863821846f32cd08b7f9dd84710f2fa08a1,5,7,downlink_power_w,0.5,near,34,197.1786917144822,0.11764705882352941,38.02533378587018,0.031177720628298017
06ac6393eee7a87a46f65b36cf9d1863821846f32cd08b7f9dd84710f2fa08a1,5,7,downlink_power_w,0.5,middle,32,329.660275939336,0.1875,41.46585003483334,0.03174432008181707
06ac6393eee7a87a46f65b36cf9d1863821846f32cd08b7f9dd84710f2fa08a1,5,7,downlink_power_w,0.5,far,34,453.6404723775283,0.14705882352941177,41.27624621625478,0.029652238121997295
06ac6393eee7a87a46f65b36cf9d1863821846f32cd08b7f9dd84710f2fa08a1,5,7,downlink_power_w,1.0,near,34,197.1786917144822,0.11764705882352941,38.02198476619267,0.031178469157636016
06ac6393eee7a87a46f65b36cf9d1863821846f32cd08b7f9dd84710f2fa08a1,5,7,downlink_power_w,1.0,middle,32,329.660275939336,0.21875,40.39886327399918,0.03203049662554955
06ac6393eee7a87a46f65b36cf9d1863821846f32cd08b7f9dd84710f2fa08a1,5,7,downlink_power_w,1.0,far,34,453.6404723775283,0.14705882352941177,41.242828085900285,0.029659816340859353
06ac6393eee7a87a46f65b36cf9d1863821846f32cd08b7f9dd84710f2fa08a1,5,7,downlink_power_w,2.0,near,34,197.1786917144822,0.14705882352941177,37.36510098493468,0.03157838626802176
06ac6393eee7a87a46f65b36cf9d1863821846f32cd08b7f9dd84710f2fa08a1,5,7,downlink_power_w,2.0,middle,32,329.660275939336,0.21875,40.39025095661697,0.032033084299878944
06ac6393eee7a87a46f65b36cf9d1863821846f32cd08b7f9dd84710f2fa08a1,5,7,downlink_power_w,2.0,far,34,453.6404723775283,0.17647058823529413,40.12186808719117,0.029903675156652723
06ac6393eee7a87a46f65b36cf9d1863821846f32cd08b7f9dd84710f2fa08a1,5,7,path_loss_exponent,3.0,near,34,197.1786917144822,0.11764705882352941,37.879714724914116,0.031078847153900222
06ac6393eee7a87a46f65b36cf9d1863821846f32cd08b7f9dd84710f2fa08a1,5,7,path_loss_exponent,3.0,middle,32,329.660275939336,0.21875,40.344078036348016,0.03205039687605192
06ac6393eee7a87a46f65b36cf9d1863821846f32cd08b7f9dd84710f2fa08a1,5,7,path_loss_exponent,3.0,far,34,453.6404723775283,0.23529411764705882,38.76391471524027,0.030742498091218415
06ac6393eee7a87a46f65b36cf9d1863821846f32cd08b7f9dd84710f2fa08a1,5,7,path_loss_exponent,3.5,near,34,197.1786917144822,0.11764705882352941,38.02198476619267,0.031178469157636016
06ac6393eee7a87a46f65b36cf9d1863821846f32cd08b7f9dd84710f2fa08a1,5,7,path_loss_exponent,3.5,middle,32,329.660275939336,0.21875,40.39886327399918,0.03203049662554955
06ac6393eee7a87a46f65b36cf9d1863821846f32cd08b7f9dd84710f2fa08a1,5,7,path_loss_exponent,3.5,far,34,453.6404723775283,0.14705882352941177,41.242828085900285,0.029659816340859353
06ac6393eee7a87a46f65b36cf9d1863821846f32cd08b7f9dd84710f2fa08a1,5,7,path_loss_exponent,3.8,near,34,197.1786917144822,0.14705882352941177,37.54682220855796,0.03173315633798324
06ac6393eee7a87a46f65b36cf9d1863821846f32cd08b7f9dd84710f2fa08a1,5,7,path_loss_exponent,3.8,middle,32,329.660275939336,0.1875,41.493821766143824,0.0317371354057113
06ac6393eee7a87a46f65b36cf9d1863821846f32cd08b7f9dd84710f2fa08a1,5,7,path_loss_exponent,3.8,far,34,453.6404723775283,0.058823529411764705,45.65771814788681,0.029036794128341484
06ac6393eee7a87a46f65b36cf9d1863821846f32cd08b7f9dd84710f2fa08a1,5,8,bandwidth_mhz,10.0,near,34,170.14232127137865,0.08823529411764706,34.836625732110534,0.035131802614798396
06ac6393eee7a87a46f65b36cf9d1863821846f32cd08b7f9dd84710f2fa08a1,5,8,bandwidth_mhz,10.0,middle,32,325.2698233938803,0.25,44.574647545539776,0.027780654911111646
06ac6393eee7a87a46f65b36cf9d1863821846f32cd08b7f9dd84710f2fa08a1,5,8,bandwidth_mhz,10.0,far,34,441.594139765138,0.11764705882352941,42.47598349125808,0.029343490601232633
06ac6393eee7a87a46f65b36cf9d1863821846f32cd08b7f9dd84710f2fa08a1,5,8,bandwidth_mhz,20.0,near,34,170.14232127137865,0.11764705882352941,34.3189362927791,0.035668613187545585
06ac6393eee7a87a46f65b36cf9d1863821846f32cd08b7f9dd84710f2fa08a1,5,8,bandwidth_mhz,20.0,middle,32,325.2698233938803,0.28125,43.81382925316004,0.02822541636169764
06ac6393eee7a87a46f65b36cf9d1863821846f32cd08b7f9dd84710f2fa08a1,5,8,bandwidth_mhz,20.0,far,34,441.594139765138,0.14705882352941177,41.80343161551699,0.029780844176049478
06ac6393eee7a87a46f65b36cf9d1863821846f32cd08b7f9dd84710f2fa08a1,5,8,bandwidth_mhz,40.0,near,34,170.14232127137865,0.11764705882352941,34.312958635244655,0.035672649110477905
06ac6393eee7a87a46f65b36cf9d1863821846f32cd08b7f9dd84710f2fa08a1,5,8,bandwidth_mhz,40.0,middle,32,325.2698233938803,0.3125,43.195214106638076,0.028754752595208776
06ac6393eee7a87a46f65b36cf9d1863821846f32cd08b7f9dd84710f2fa08a1,5,8,bandwidth_mhz,40.0,far,34,441.594139765138,0.20588235294117646,38.83269331557297,0.030316626131311024
06ac6393eee7a87a46f65b36cf9d1863821846f32cd08b7f9dd84710f2fa08a1,5,8,image_payload_mb,0.1,near,34,170.14232127137865,0.17647058823529413,33.05550124065401,0.036755989579208136
06ac6393eee7a87a46f65b36cf9d1863821846f32cd08b7f9dd84710f2fa08a1,5,8,image_payload_mb,0.1,middle,32,325.2698233938803,0.21875,48.92361708191688,0.028535326381849555
06ac6393eee7a87a46f65b36cf9d1863821846f32cd08b7f9dd84710f2fa08a1,5,8,image_payload_mb,0.1,far,34,441.594139765138,0.20588235294117646,40.37056278455391,0.030767303244459133
06ac6393eee7a87a46f65b36cf9d1863821846f32cd08b7f9dd84710f2fa08a1,5,8,image_payload_mb,0.5,near,34,170.14232127137865,0.11764705882352941,34.3189362927791,0.035668613187545585
06ac6393eee7a87a46f65b36cf9d1863821846f32cd08b7f9dd84710f2fa08a1,5,8,image_payload_mb,0.5,middle,32,325.2698233938803,0.28125,43.81382925316004,0.02822541636169764
06ac6393eee7a87a46f65b36cf9d1863821846f32cd08b7f9dd84710f2fa08a1,5,8,image_payload_mb,0.5,far,34,441.594139765138,0.14705882352941177,41.80343161551699,0.029780844176049478
06ac6393eee7a87a46f65b36cf9d1863821846f32cd08b7f9dd84710f2fa08a1,5,8,image_payload_mb,1.0,near,34,170.14232127137865,0.08823529411764706,34.83268321488542,0.03513428537168378
06ac6393eee7a87a46f65b36cf9d1863821846f32cd08b7f9dd84710f2fa08a1,5,8,image_payload_mb,1.0,middle,32,325.2698233938803,0.25,44.58075605466604,0.02777822976119001
06ac6393eee7a87a46f65b36cf9d1863821846f32cd08b7f9dd84710f2fa08a1,5,8,image_payload_mb,1.0,far,34,441.594139765138,0.058823529411764705,44.37938207705872,0.028777155322320072
06ac6393eee7a87a46f65b36cf9d1863821846f32cd08b7f9dd84710f2fa08a1,5,8,uplink_power_w,0.1,near,34,170.14232127137865,0.11764705882352941,34.318949358172986,0.035668604672385015
06ac6393eee7a87a46f65b36cf9d1863821846f32cd08b7f9dd84710f2fa08a1,5,8,uplink_power_w,0.1,middle,32,325.2698233938803,0.28125,43.814041460829344,0.028225328298271454
06ac6393eee7a87a46f65b36cf9d1863821846f32cd08b7f9dd84710f2fa08a1,5,8,uplink_power_w,0.1,far,34,441.594139765138,0.14705882352941177,41.80354961692662,0.02978077684298694
06ac6393eee7a87a46f65b36cf9d1863821846f32cd08b7f9dd84710f2fa08a1,5,8,uplink_power_w,0.2,near,34,170.14232127137865,0.11764705882352941,34.3189362927791,0.035668613187545585
06ac6393eee7a87a46f65b36cf9d1863821846f32cd08b7f9dd84710f2fa08a1,5,8,uplink_power_w,0.2,middle,32,325.2698233938803,0.28125,43.81382925316004,0.02822541636169764
06ac6393eee7a87a46f65b36cf9d1863821846f32cd08b7f9dd84710f2fa08a1,5,8,uplink_power_w,0.2,far,34,441.594139765138,0.14705882352941177,41.80343161551699,0.029780844176049478
06ac6393eee7a87a46f65b36cf9d1863821846f32cd08b7f9dd84710f2fa08a1,5,8,uplink_power_w,0.4,near,34,170.14232127137865,0.11764705882352941,34.318926016782285,0.03566862011268982
06ac6393eee7a87a46f65b36cf9d1863821846f32cd08b7f9dd84710f2fa08a1,5,8,uplink_power_w,0.4,middle,32,325.2698233938803,0.28125,43.813699306864535,0.02822547027846314
06ac6393eee7a87a46f65b36cf9d1863821846f32cd08b7f9dd84710f2fa08a1,5,8,uplink_power_w,0.4,far,34,441.594139765138,0.14705882352941177,41.80335804029175,0.029780886886784916
06ac6393eee7a87a46f65b36cf9d1863821846f32cd08b7f9dd84710f2fa08a1,5,8,downlink_power_w,0.5,near,34,170.14232127137865,0.11764705882352941,34.319075982112565,0.03566908446138654
06ac6393eee7a87a46f65b36cf9d1863821846f32cd08b7f9dd84710f2fa08a1,5,8,downlink_power_w,0.5,middle,32,325.2698233938803,0.25,44.53224008743578,0.0277935084388801
06ac6393eee7a87a46f65b36cf9d1863821846f32cd08b7f9dd84710f2fa08a1,5,8,downlink_power_w,0.5,far,34,441.594139765138,0.14705882352941177,41.815930060555495,0.029773897533527077
06ac6393eee7a87a46f65b36cf9d1863821846f32cd08b7f9dd84710f2fa08a1,5,8,downlink_power_w,1.0,near,34,170.14232127137865,0.11764705882352941,34.3189362927791,0.035668613187545585
06ac6393eee7a87a46f65b36cf9d1863821846f32cd08b7f9dd84710f2fa08a1,5,8,downlink_power_w,1.0,middle,32,325.2698233938803,0.28125,43.81382925316004,0.02822541636169764
06ac6393eee7a87a46f65b36cf9d1863821846f32cd08b7f9dd84710f2fa08a1,5,8,downlink_power_w,1.0,far,34,441.594139765138,0.14705882352941177,41.80343161551699,0.029780844176049478
06ac6393eee7a87a46f65b36cf9d1863821846f32cd08b7f9dd84710f2fa08a1,5,8,downlink_power_w,2.0,near,34,170.14232127137865,0.11764705882352941,34.320417125856956,0.03566681643939513
06ac6393eee7a87a46f65b36cf9d1863821846f32cd08b7f9dd84710f2fa08a1,5,8,downlink_power_w,2.0,middle,32,325.2698233938803,0.28125,43.802039420840515,0.028230639142135496
06ac6393eee7a87a46f65b36cf9d1863821846f32cd08b7f9dd84710f2fa08a1,5,8,downlink_power_w,2.0,far,34,441.594139765138,0.17647058823529413,39.52010106259955,0.02990247881234155
06ac6393eee7a87a46f65b36cf9d1863821846f32cd08b7f9dd84710f2fa08a1,5,8,path_loss_exponent,3.0,near,34,170.14232127137865,0.08823529411764706,34.82247537502498,0.0351385032237361
06ac6393eee7a87a46f65b36cf9d1863821846f32cd08b7f9dd84710f2fa08a1,5,8,path_loss_exponent,3.0,middle,32,325.2698233938803,0.28125,43.766626104268965,0.028245672812521348
06ac6393eee7a87a46f65b36cf9d1863821846f32cd08b7f9dd84710f2fa08a1,5,8,path_loss_exponent,3.0,far,34,441.594139765138,0.23529411764705882,37.66205085784358,0.030564011981429322
06ac6393eee7a87a46f65b36cf9d1863821846f32cd08b7f9dd84710f2fa08a1,5,8,path_loss_exponent,3.5,near,34,170.14232127137865,0.11764705882352941,34.3189362927791,0.035668613187545585
06ac6393eee7a87a46f65b36cf9d1863821846f32cd08b7f9dd84710f2fa08a1,5,8,path_loss_exponent,3.5,middle,32,325.2698233938803,0.28125,43.81382925316004,0.02822541636169764
06ac6393eee7a87a46f65b36cf9d1863821846f32cd08b7f9dd84710f2fa08a1,5,8,path_loss_exponent,3.5,far,34,441.594139765138,0.14705882352941177,41.80343161551699,0.029780844176049478
06ac6393eee7a87a46f65b36cf9d1863821846f32cd08b7f9dd84710f2fa08a1,5,8,path_loss_exponent,3.8,near,34,170.14232127137865,0.17647058823529413,33.499873342219836,0.0369457378293228
06ac6393eee7a87a46f65b36cf9d1863821846f32cd08b7f9dd84710f2fa08a1,5,8,path_loss_exponent,3.8,middle,32,325.2698233938803,0.21875,45.94785627206298,0.027556205335658536
06ac6393eee7a87a46f65b36cf9d1863821846f32cd08b7f9dd84710f2fa08a1,5,8,path_loss_exponent,3.8,far,34,441.594139765138,0.08823529411764706,43.74629035257239,0.02919111830762656
06ac6393eee7a87a46f65b36cf9d1863821846f32cd08b7f9dd84710f2fa08a1,5,9,bandwidth_mhz,10.0,near,34,180.32888518927922,0.20588235294117646,40.759271917014836,0.03130070132295365
06ac6393eee7a87a46f65b36cf9d1863821846f32cd08b7f9dd84710f2fa08a1,5,9,bandwidth_mhz,10.0,middle,32,351.32849979347594,0.09375,38.67303843011982,0.03420554057548231
06ac6393eee7a87a46f65b36cf9d1863821846f32cd08b7f9dd84710f2fa08a1,5,9,bandwidth_mhz,10.0,far,34,450.39429302437156,0.11764705882352941,41.85733367169482,0.026723350419338515
06ac6393eee7a87a46f65b36cf9d1863821846f32cd08b7f9dd84710f2fa08a1,5,9,bandwidth_mhz,20.0,near,34,180.32888518927922,0.23529411764705882,40.09462942176508,0.03175420969955278
06ac6393eee7a87a46f65b36cf9d1863821846f32cd08b7f9dd84710f2fa08a1,5,9,bandwidth_mhz,20.0,middle,32,351.32849979347594,0.125,37.535174506051916,0.03448727218842009
06ac6393eee7a87a46f65b36cf9d1863821846f32cd08b7f9dd84710f2fa08a1,5,9,bandwidth_mhz,20.0,far,34,450.39429302437156,0.14705882352941177,40.6916657984321,0.026971209347190578
06ac6393eee7a87a46f65b36cf9d1863821846f32cd08b7f9dd84710f2fa08a1,5,9,bandwidth_mhz,40.0,near,34,180.32888518927922,0.29411764705882354,39.08597872829324,0.03285066189268056
06ac6393eee7a87a46f65b36cf9d1863821846f32cd08b7f9dd84710f2fa08a1,5,9,bandwidth_mhz,40.0,middle,32,351.32849979347594,0.125,37.515855623010914,0.03449269602421674
06ac6393eee7a87a46f65b36cf9d1863821846f32cd08b7f9dd84710f2fa08a1,5,9,bandwidth_mhz,40.0,far,34,450.39429302437156,0.17647058823529413,40.023830765014836,0.027397877781868616
06ac6393eee7a87a46f65b36cf9d1863821846f32cd08b7f9dd84710f2fa08a1,5,9,image_payload_mb,0.1,near,34,180.32888518927922,0.2647058823529412,39.44191357209116,0.03243764504742037
06ac6393eee7a87a46f65b36cf9d1863821846f32cd08b7f9dd84710f2fa08a1,5,9,image_payload_mb,0.1,middle,32,351.32849979347594,0.21875,37.40507070845548,0.03637200837331234
06ac6393eee7a87a46f65b36cf9d1863821846f32cd08b7f9dd84710f2fa08a1,5,9,image_payload_mb,0.1,far,34,450.39429302437156,0.14705882352941177,41.103412117696,0.02717085476372365
06ac6393eee7a87a46f65b36cf9d1863821846f32cd08b7f9dd84710f2fa08a1,5,9,image_payload_mb,0.5,near,34,180.32888518927922,0.23529411764705882,40.09462942176508,0.03175420969955278
06ac6393eee7a87a46f65b36cf9d1863821846f32cd08b7f9dd84710f2fa08a1,5,9,image_payload_mb,0.5,middle,32,351.32849979347594,0.125,37.535174506051916,0.03448727218842009
06ac6393eee7a87a46f65b36cf9d1863821846f32cd08b7f9dd84710f2fa08a1,5,9,image_payload_mb,0.5,far,34,450.39429302437156,0.14705882352941177,40.6916657984321,0.026971209347190578
06ac6393eee7a87a46f65b36cf9d1863821846f32cd08b7f9dd84710f2fa08a1,5,9,image_payload_mb,1.0,near,34,180.32888518927922,0.17647058823529413,41.42329125054081,0.030895432233175885
06ac6393eee7a87a46f65b36cf9d1863821846f32cd08b7f9dd84710f2fa08a1,5,9,image_payload_mb,1.0,middle,32,351.32849979347594,0.09375,38.68429411936092,0.034203993264520366
06ac6393eee7a87a46f65b36cf9d1863821846f32cd08b7f9dd84710f2fa08a1,5,9,image_payload_mb,1.0,far,34,450.39429302437156,0.11764705882352941,41.8770928614821,0.026717894744498382
06ac6393eee7a87a46f65b36cf9d1863821846f32cd08b7f9dd84710f2fa08a1,5,9,uplink_power_w,0.1,near,34,180.32888518927922,0.23529411764705882,40.094670419035225,0.03175418590722824
06ac6393eee7a87a46f65b36cf9d1863821846f32cd08b7f9dd84710f2fa08a1,5,9,uplink_power_w,0.1,middle,32,351.32849979347594,0.125,37.53533378000561,0.034487233340378703
06ac6393eee7a87a46f65b36cf9d1863821846f32cd08b7f9dd84710f2fa08a1,5,9,uplink_power_w,0.1,far,34,450.39429302437156,0.14705882352941177,40.69185730964122,0.026971155539463023
06ac6393eee7a87a46f65b36cf9d1863821846f32cd08b7f9dd84710f2fa08a1,5,9,uplink_power_w,0.2,near,34,180.32888518927922,0.23529411764705882,40.09462942176508,0.03175420969955278
06ac6393eee7a87a46f65b36cf9d1863821846f32cd08b7f9dd84710f2fa08a1,5,9,uplink_power_w,0.2,middle,32,351.32849979347594,0.125,37.535174506051916,0.03448727218842009
06ac6393eee7a87a46f65b36cf9d1863821846f32cd08b7f9dd84710f2fa08a1,5,9,uplink_power_w,0.2,far,34,450.39429302437156,0.14705882352941177,40.6916657984321,0.026971209347190578
06ac6393eee7a87a46f65b36cf9d1863821846f32cd08b7f9dd84710f2fa08a1,5,9,uplink_power_w,0.4,near,34,180.32888518927922,0.23529411764705882,40.09459861408008,0.03175422767680039
06ac6393eee7a87a46f65b36cf9d1863821846f32cd08b7f9dd84710f2fa08a1,5,9,uplink_power_w,0.4,middle,32,351.32849979347594,0.125,37.53508413699466,0.034487294610366745
06ac6393eee7a87a46f65b36cf9d1863821846f32cd08b7f9dd84710f2fa08a1,5,9,uplink_power_w,0.4,far,34,450.39429302437156,0.14705882352941177,40.69155445742171,0.02697124142466016
06ac6393eee7a87a46f65b36cf9d1863821846f32cd08b7f9dd84710f2fa08a1,5,9,downlink_power_w,0.5,near,34,180.32888518927922,0.23529411764705882,40.09587697012529,0.03175407660527637
06ac6393eee7a87a46f65b36cf9d1863821846f32cd08b7f9dd84710f2fa08a1,5,9,downlink_power_w,0.5,middle,32,351.32849979347594,0.125,37.550522223563135,0.03448351754242405
06ac6393eee7a87a46f65b36cf9d1863821846f32cd08b7f9dd84710f2fa08a1,5,9,downlink_power_w,0.5,far,34,450.39429302437156,0.11764705882352941,41.84127513164389,0.026729447869901245
06ac6393eee7a87a46f65b36cf9d1863821846f32cd08b7f9dd84710f2fa08a1,5,9,downlink_power_w,1.0,near,34,180.32888518927922,0.23529411764705882,40.09462942176508,0.03175420969955278
06ac6393eee7a87a46f65b36cf9d1863821846f32cd08b7f9dd84710f2fa08a1,5,9,downlink_power_w,1.0,middle,32,351.32849979347594,0.125,37.535174506051916,0.03448727218842009
06ac6393eee7a87a46f65b36cf9d1863821846f32cd08b7f9dd84710f2fa08a1,5,9,downlink_power_w,1.0,far,34,450.39429302437156,0.14705882352941177,40.6916657984321,0.026971209347190578
06ac6393eee7a87a46f65b36cf9d1863821846f32cd08b7f9dd84710f2fa08a1,5,9,downlink_power_w,2.0,near,34,180.32888518927922,0.23529411764705882,40.09179231029867,0.031755371543649207
06ac6393eee7a87a46f65b36cf9d1863821846f32cd08b7f9dd84710f2fa08a1,5,9,downlink_power_w,2.0,middle,32,351.32849979347594,0.125,37.52478776957316,0.03448990560201658
06ac6393eee7a87a46f65b36cf9d1863821846f32cd08b7f9dd84710f2fa08a1,5,9,downlink_power_w,2.0,far,34,450.39429302437156,0.17647058823529413,39.6183538660394,0.02722492096451955
06ac6393eee7a87a46f65b36cf9d1863821846f32cd08b7f9dd84710f2fa08a1,5,9,path_loss_exponent,3.0,near,34,180.32888518927922,0.2647058823529412,39.42817887788579,0.03215940857746664
06ac6393eee7a87a46f65b36cf9d1863821846f32cd08b7f9dd84710f2fa08a1,5,9,path_loss_exponent,3.0,middle,32,351.32849979347594,0.125,37.50758672240744,0.034494411490556515
06ac6393eee7a87a46f65b36cf9d1863821846f32cd08b7f9dd84710f2fa08a1,5,9,path_loss_exponent,3.0,far,34,450.39429302437156,0.20588235294117646,38.93103909252586,0.0276607102132886
06ac6393eee7a87a46f65b36cf9d1863821846f32cd08b7f9dd84710f2fa08a1,5,9,path_loss_exponent,3.5,near,34,180.32888518927922,0.23529411764705882,40.09462942176508,0.03175420969955278
06ac6393eee7a87a46f65b36cf9d1863821846f32cd08b7f9dd84710f2fa08a1,5,9,path_loss_exponent,3.5,middle,32,351.32849979347594,0.125,37.535174506051916,0.03448727218842009
06ac6393eee7a87a46f65b36cf9d1863821846f32cd08b7f9dd84710f2fa08a1,5,9,path_loss_exponent,3.5,far,34,450.39429302437156,0.14705882352941177,40.6916657984321,0.026971209347190578
06ac6393eee7a87a46f65b36cf9d1863821846f32cd08b7f9dd84710f2fa08a1,5,9,path_loss_exponent,3.8,near,34,180.32888518927922,0.2647058823529412,39.67208419795867,0.032350134069603985
06ac6393eee7a87a46f65b36cf9d1863821846f32cd08b7f9dd84710f2fa08a1,5,9,path_loss_exponent,3.8,middle,32,351.32849979347594,0.09375,38.69794426336482,0.034203860172867175
06ac6393eee7a87a46f65b36cf9d1863821846f32cd08b7f9dd84710f2fa08a1,5,9,path_loss_exponent,3.8,far,34,450.39429302437156,0.08823529411764706,43.18546276877494,0.02650667176403691
