config_hash,task_pool_id,wireless_index,wireless_seed,factor,value,jain_service_quality,updates,runtime_seconds,n_nodes,k_offload,offload_rate,decision_objective,public_objective_J,barrier_penalty,estimated_workload,true_workload,workload_capacity,workload_limit,workload_utilization,estimated_memory_gb,true_memory_gb,memory_available_gb,memory_utilization,estimated_workload_violation,estimated_memory_violation,true_workload_violation,true_memory_violation,total_end_to_end_delay_seconds,mean_end_to_end_delay_seconds,total_device_energy_j,mean_tx_time_ms_offloaded,mean_tx_energy_mj_offloaded,queue_delay_ms_per_offloaded_task
06ac6393eee7a87a46f65b36cf9d1863821846f32cd08b7f9dd84710f2fa08a1,1,0,20270729,bandwidth_mhz,10.0,0.8698452110262691,896,0.05846933403518051,100,11,0.11,233.8846430436685,233.8846430436685,0.0,10.194174757281552,10.194174757281552,37.89473684210527,36.0,0.26901294498381867,2.74625,2.74625,5.0,0.54925,0,0,0,0,4281.429300846084,42.81429300846084,7783.963239316107,599.751301950656,69.38539237337501,112.00332042058658
06ac6393eee7a87a46f65b36cf9d1863821846f32cd08b7f9dd84710f2fa08a1,1,0,20270729,bandwidth_mhz,20.0,0.8639630015684948,462,0.028140375041402876,100,15,0.15,230.05564188002108,230.05564188002108,0.0,14.077669902912621,14.077669902912621,37.89473684210527,36.0,0.3714940668824164,3.7212499999999995,3.7212499999999995,5.0,0.7442499999999999,0,0,0,0,4212.070536867023,42.12070536867023,7467.110643832785,423.60040530923806,47.37625551904277,167.76871915897874
06ac6393eee7a87a46f65b36cf9d1863821846f32cd08b7f9dd84710f2fa08a1,1,0,20270729,bandwidth_mhz,40.0,0.8810129092580886,628,0.06224254204425961,100,17,0.17,225.7612048048344,225.7612048048344,0.0,16.019417475728154,16.019417475728154,37.89473684210527,36.0,0.4227346278317151,4.20875,4.20875,5.0,0.84175,0,0,0,0,4082.5829042212554,40.825829042212554,6873.240276241559,466.50621722790123,49.42801420933852,203.07638402242458
06ac6393eee7a87a46f65b36cf9d1863821846f32cd08b7f9dd84710f2fa08a1,1,0,20270729,image_payload_mb,0.1,0.8897954477471287,595,0.0370219589676708,100,20,0.2,220.5666364810719,220.5666364810719,0.0,18.446601941747574,18.446601941747574,37.89473684210527,36.0,0.4867853290183387,4.940000000000001,4.940000000000001,5.0,0.9880000000000002,0,0,0,0,3958.510755206863,39.58510755206863,6311.708889482074,348.41216917130083,45.44447410366637,257.12559117183395
06ac6393eee7a87a46f65b36cf9d1863821846f32cd08b7f9dd84710f2fa08a1,1,0,20270729,image_payload_mb,0.5,0.8639630015684948,462,0.02574558393098414,100,15,0.15,230.05564188002108,230.05564188002108,0.0,14.077669902912621,14.077669902912621,37.89473684210527,36.0,0.3714940668824164,3.7212499999999995,3.7212499999999995,5.0,0.7442499999999999,0,0,0,0,4212.070536867023,42.12070536867023,7467.110643832785,423.60040530923806,47.37625551904277,167.76871915897874
06ac6393eee7a87a46f65b36cf9d1863821846f32cd08b7f9dd84710f2fa08a1,1,0,20270729,image_payload_mb,1.0,0.863364752074283,942,0.0510030830046162,100,10,0.1,234.4148578084496,234.4148578084496,0.0,9.466019417475726,9.466019417475726,37.89473684210527,36.0,0.24979773462783164,2.55125,2.55125,5.0,0.51025,0,0,0,0,4318.277873175188,43.18277873175188,7956.6230518934335,524.5438556691718,62.305189343275266,103.2434618495551
06ac6393eee7a87a46f65b36cf9d1863821846f32cd08b7f9dd84710f2fa08a1,1,0,20270729,uplink_power_w,0.1,0.8639417931128146,499,0.026455124956555665,100,15,0.15,229.75634665808738,229.75634665808738,0.0,14.077669902912621,14.077669902912621,37.89473684210527,36.0,0.3714940668824164,3.7212499999999995,3.7212499999999995,5.0,0.7442499999999999,0,0,0,0,4212.147457769198,42.12147457769198,7467.043092698181,428.7284654542511,42.872846545425105,167.76871915897874
06ac6393eee7a87a46f65b36cf9d1863821846f32cd08b7f9dd84710f2fa08a1,1,0,20270729,uplink_power_w,0.2,0.8639630015684948,462,0.026778041035868227,100,15,0.15,230.05564188002108,230.05564188002108,0.0,14.077669902912621,14.077669902912621,37.89473684210527,36.0,0.3714940668824164,3.7212499999999995,3.7212499999999995,5.0,0.7442499999999999,0,0,0,0,4212.070536867023,42.12070536867023,7467.110643832785,423.60040530923806,47.37625551904277,167.76871915897874
06ac6393eee7a87a46f65b36cf9d1863821846f32cd08b7f9dd84710f2fa08a1,1,0,20270729,uplink_power_w,0.4,0.8639688979833413,462,0.02479170903097838,100,15,0.15,230.62628205574183,230.62628205574183,0.0,14.077669902912621,14.077669902912621,37.89473684210527,36.0,0.3714940668824164,3.7212499999999995,3.7212499999999995,5.0,0.7442499999999999,0,0,0,0,4211.997820038024,42.11997820038024,7467.232043550829,418.75261670931513,55.46957005531155,167.76871915897874
06ac6393eee7a87a46f65b36cf9d1863821846f32cd08b7f9dd84710f2fa08a1,1,0,20270729,downlink_power_w,0.5,0.8569787149061124,790,0.04919116699602455,100,14,0.14,230.806702108951,230.806702108951,0.0,13.349514563106794,13.349514563106794,37.89473684210527,36.0,0.35227885652642926,3.5262499999999997,3.5262499999999997,5.0,0.7052499999999999,0,0,0,0,4250.667994897879,42.50667994897879,7646.998851608245,377.4596424030748,42.77511487466109,155.96856458832096
06ac6393eee7a87a46f65b36cf9d1863821846f32cd08b7f9dd84710f2fa08a1,1,0,20270729,downlink_power_w,1.0,0.8639630015684948,462,0.024750209064222872,100,15,0.15,230.05564188002108,230.05564188002108,0.0,14.077669902912621,14.077669902912621,37.89473684210527,36.0,0.3714940668824164,3.7212499999999995,3.7212499999999995,5.0,0.7442499999999999,0,0,0,0,4212.070536867023,42.12070536867023,7467.110643832785,423.60040530923806,47.37625551904277,167.76871915897874
06ac6393eee7a87a46f65b36cf9d1863821846f32cd08b7f9dd84710f2fa08a1,1,0,20270729,downlink_power_w,2.0,0.8712280600699398,942,0.04947112500667572,100,15,0.15,229.25261139363658,229.25261139363658,0.0,14.07766990291262,14.07766990291262,37.89473684210527,36.0,0.3714940668824163,3.7212499999999995,3.7212499999999995,5.0,0.7442499999999999,0,0,0,0,4170.750892868361,41.70750892868361,7276.418891024264,495.6241387317624,54.592734950922825,167.76871915897868
06ac6393eee7a87a46f65b36cf9d1863821846f32cd08b7f9dd84710f2fa08a1,1,0,20270729,path_loss_exponent,3.0,0.8833963049022524,622,0.033382457913830876,100,16,0.16,226.3930820307457,226.3930820307457,0.0,15.04854368932039,15.04854368932039,37.89473684210527,36.0,0.3971143473570658,3.965,3.965,5.0,0.7929999999999999,0,0,0,0,4070.1758725900845,40.701758725900845,6815.810886747976,551.3197040688192,63.18042174848131,184.67233281145153
06ac6393eee7a87a46f65b36cf9d1863821846f32cd08b7f9dd84710f2fa08a1,1,0,20270729,path_loss_exponent,3.5,0.8639630015684948,462,0.024698749999515712,100,15,0.15,230.05564188002108,230.05564188002108,0.0,14.077669902912621,14.077669902912621,37.89473684210527,36.0,0.3714940668824164,3.7212499999999995,3.7212499999999995,5.0,0.7442499999999999,0,0,0,0,4212.070536867023,42.12070536867023,7467.110643832785,423.60040530923806,47.37625551904277,167.76871915897874
06ac6393eee7a87a46f65b36cf9d1863821846f32cd08b7f9dd84710f2fa08a1,1,0,20270729,path_loss_exponent,3.8,0.8555790776384128,766,0.04104216699488461,100,13,0.13,231.8420621769488,231.8420621769488,0.0,12.37864077669903,12.37864077669903,37.89473684210527,36.0,0.3266585760517799,3.2824999999999998,3.2824999999999998,5.0,0.6565,0,0,0,0,4271.867065243745,42.71867065243745,7744.208705109974,402.3377358972896,46.823469997992106,141.28266746770802
06ac6393eee7a87a46f65b36cf9d1863821846f32cd08b7f9dd84710f2fa08a1,1,1,20270826,bandwidth_mhz,10.0,0.8608865053685836,874,0.04619499994441867,100,11,0.11,234.9947187765745,234.9947187765745,0.0,10.194174757281553,10.194174757281553,37.89473684210527,36.0,0.2690129449838187,2.665,2.665,5.0,0.533,0,0,0,0,4340.381544535252,43.40381544535252,8053.756696760439,504.5007282386469,50.608796403473,112.00332042058659
06ac6393eee7a87a46f65b36cf9d1863821846f32cd08b7f9dd84710f2fa08a1,1,1,20270826,bandwidth_mhz,20.0,0.8683765265241407,716,0.041746333008632064,100,15,0.15,230.90864468499575,230.90864468499575,0.0,13.592233009708737,13.592233009708737,37.89473684210527,36.0,0.35868392664509163,3.5912499999999996,3.5912499999999996,5.0,0.7182499999999999,0,0,0,0,4229.118986470328,42.291189864703284,7542.718984107368,448.10905036274966,47.93227382444109,159.82338099243057
06ac6393eee7a87a46f65b36cf9d1863821846f32cd08b7f9dd84710f2fa08a1,1,1,20270826,bandwidth_mhz,40.0,0.8700032422884297,442,0.027483916957862675,100,18,0.18,227.37232760198987,227.37232760198987,0.0,16.262135922330096,16.262135922330096,37.89473684210527,36.0,0.4291396979503775,4.322500000000001,4.322500000000001,5.0,0.8645000000000002,0,0,0,0,4161.020670538552,41.610206705385515,7233.058558985158,337.6572933474692,36.58661028653249,207.93551434982865
06ac6393eee7a87a46f65b36cf9d1863821846f32cd08b7f9dd84710f2fa08a1,1,1,20270826,image_payload_mb,0.1,0.8597296651407996,100,0.006584375048987567,100,20,0.2,224.24506119894735,224.24506119894735,0.0,18.20388349514563,18.20388349514563,37.89473684210527,36.0,0.4803802588996763,4.988750000000001,4.988750000000001,5.0,0.9977500000000002,0,0,0,0,4076.626789540979,40.76626789540979,6847.9054245014695,300.21841827123194,35.27122507347021,251.12105877773445
06ac6393eee7a87a46f65b36cf9d1863821846f32cd08b7f9dd84710f2fa08a1,1,1,20270826,image_payload_mb,0.5,0.8683765265241407,716,0.042120625032112,100,15,0.15,230.90864468499575,230.90864468499575,0.0,13.592233009708737,13.592233009708737,37.89473684210527,36.0,0.35868392664509163,3.5912499999999996,3.5912499999999996,5.0,0.7182499999999999,0,0,0,0,4229.118986470328,42.291189864703284,7542.718984107368,448.10905036274966,47.93227382444109,159.82338099243057
06ac6393eee7a87a46f65b36cf9d1863821846f32cd08b7f9dd84710f2fa08a1,1,1,20270826,image_payload_mb,1.0,0.8615200467043764,716,0.03890145802870393,100,10,0.1,235.69441191675662,235.69441191675662,0.0,9.223300970873785,9.223300970873785,37.89473684210527,36.0,0.2433926645091693,2.42125,2.42125,5.0,0.48425,0,0,0,0,4357.503265616926,43.57503265616926,8132.930800103723,529.9041770909552,53.08001037236869,100.42238460167526
06ac6393eee7a87a46f65b36cf9d1863821846f32cd08b7f9dd84710f2fa08a1,1,1,20270826,uplink_power_w,0.1,0.8683695112578855,716,0.03616708400659263,100,15,0.15,230.75408759172672,230.75408759172672,0.0,13.592233009708737,13.592233009708737,37.89473684210527,36.0,0.35868392664509163,3.5912499999999996,3.5912499999999996,5.0,0.7182499999999999,0,0,0,0,4229.198532036172,42.29198532036172,7542.68011813213,453.4120880856448,45.341208808564495,159.82338099243057
06ac6393eee7a87a46f65b36cf9d1863821846f32cd08b7f9dd84710f2fa08a1,1,1,20270826,uplink_power_w,0.2,0.8683765265241407,716,0.03663475008215755,100,15,0.15,230.90864468499575,230.90864468499575,0.0,13.592233009708737,13.592233009708737,37.89473684210527,36.0,0.35868392664509163,3.5912499999999996,3.5912499999999996,5.0,0.7182499999999999,0,0,0,0,4229.118986470328,42.291189864703284,7542.718984107368,448.10905036274966,47.93227382444109,159.82338099243057
06ac6393eee7a87a46f65b36cf9d1863821846f32cd08b7f9dd84710f2fa08a1,1,1,20270826,uplink_power_w,0.4,0.8683817773134167,797,0.04226812510751188,100,15,0.15,231.22839417141068,231.22839417141068,0.0,13.592233009708737,13.592233009708737,37.89473684210527,36.0,0.35868392664509163,3.5912499999999996,3.5912499999999996,5.0,0.7182499999999999,0,0,0,0,4229.059604137604,42.29059604137604,7542.788872237923,444.1502281811501,52.5914825281335,159.82338099243057
06ac6393eee7a87a46f65b36cf9d1863821846f32cd08b7f9dd84710f2fa08a1,1,1,20270826,downlink_power_w,0.5,0.8647212706155322,904,0.04864641698077321,100,15,0.15,231.96324294427274,231.96324294427274,0.0,13.834951456310678,13.834951456310678,37.89473684210527,36.0,0.36508899676375395,3.6399999999999997,3.6399999999999997,5.0,0.728,0,0,0,0,4246.993103844998,42.46993103844998,7621.94014868894,462.45094975993504,49.343245929295584,163.75597323988524
06ac6393eee7a87a46f65b36cf9d1863821846f32cd08b7f9dd84710f2fa08a1,1,1,20270826,downlink_power_w,1.0,0.8683765265241407,716,0.04152729199267924,100,15,0.15,230.90864468499575,230.90864468499575,0.0,13.592233009708737,13.592233009708737,37.89473684210527,36.0,0.35868392664509163,3.5912499999999996,3.5912499999999996,5.0,0.7182499999999999,0,0,0,0,4229.118986470328,42.291189864703284,7542.718984107368,448.10905036274966,47.93227382444109,159.82338099243057
06ac6393eee7a87a46f65b36cf9d1863821846f32cd08b7f9dd84710f2fa08a1,1,1,20270826,downlink_power_w,2.0,0.86735716422201,894,0.05072137503884733,100,16,0.16,230.04775786567356,230.04775786567356,0.0,14.563106796116505,14.563106796116505,37.89473684210527,36.0,0.38430420711974106,3.835,3.835,5.0,0.767,0,0,0,0,4212.591916525185,42.12591916525185,7467.106910657951,410.9501047688741,44.1819161218826,176.04467805519053
06ac6393eee7a87a46f65b36cf9d1863821846f32cd08b7f9dd84710f2fa08a1,1,1,20270826,path_loss_exponent,3.0,0.8700059113886319,842,0.04624291695654392,100,17,0.17,228.11600941468248,228.11600941468248,0.0,15.533980582524272,15.533980582524272,37.89473684210527,36.0,0.4099244875943905,4.07875,4.07875,5.0,0.8157500000000001,0,0,0,0,4179.023669524271,41.79023669524271,7315.848477018668,360.65891276225676,38.14570698041328,193.67458866544789
06ac6393eee7a87a46f65b36cf9d1863821846f32cd08b7f9dd84710f2fa08a1,1,1,20270826,path_loss_exponent,3.5,0.8683765265241407,716,0.03651400003582239,100,15,0.15,230.90864468499575,230.90864468499575,0.0,13.592233009708737,13.592233009708737,37.89473684210527,36.0,0.35868392664509163,3.5912499999999996,3.5912499999999996,5.0,0.7182499999999999,0,0,0,0,4229.118986470328,42.291189864703284,7542.718984107368,448.10905036274966,47.93227382444109,159.82338099243057
06ac6393eee7a87a46f65b36cf9d1863821846f32cd08b7f9dd84710f2fa08a1,1,1,20270826,path_loss_exponent,3.8,0.8641782625338518,734,0.0371215830091387,100,13,0.13,233.75840074840377,233.75840074840377,0.0,11.893203883495143,11.893203883495143,37.89473684210527,36.0,0.31384843581445515,3.1525,3.1525,5.0,0.6305,0,0,0,0,4285.3880379965585,42.85388037996559,7798.342220066249,526.2673199066609,57.093851249830365,134.35098752088038
06ac6393eee7a87a46f65b36cf9d1863821846f32cd08b7f9dd84710f2fa08a1,1,2,20270923,bandwidth_mhz,10.0,0.8662436052879791,433,0.022700374945998192,100,10,0.1,235.08368986665658,235.08368986665658,0.0,9.223300970873787,9.223300970873787,37.89473684210527,36.0,0.24339266450916935,2.4212499999999997,2.4212499999999997,5.0,0.48424999999999996,0,0,0,0,4307.769728408726,43.077697284087265,7902.7171205256345,676.5504562709709,71.71205256347774,100.42238460167526
06ac6393eee7a87a46f65b36cf9d1863821846f32cd08b7f9dd84710f2fa08a1,1,2,20270923,bandwidth_mhz,20.0,0.8716871646142466,686,0.038171084015630186,100,14,0.14,231.0384901017613,231.0384901017613,0.0,12.864077669902912,12.864077669902912,37.89473684210527,36.0,0.3394687162891046,3.3474999999999997,3.3474999999999997,5.0,0.6695,0,0,0,0,4218.226679804101,42.18226679804101,7492.365597991583,524.8510625758169,54.68557082733732,148.4832091456568
06ac6393eee7a87a46f65b36cf9d1863821846f32cd08b7f9dd84710f2fa08a1,1,2,20270923,bandwidth_mhz,40.0,0.8768161348945986,537,0.03892095806077123,100,18,0.18,226.417592618745,226.417592618745,0.0,16.50485436893204,16.50485436893204,37.89473684210527,36.0,0.4355447680690399,4.322500000000001,4.322500000000001,5.0,0.8645000000000002,0,0,0,0,4100.583956124729,41.00583956124729,6952.41700516429,441.75930798582056,45.38917579382173,212.9049211657907
06ac6393eee7a87a46f65b36cf9d1863821846f32cd08b7f9dd84710f2fa08a1,1,2,20270923,image_payload_mb,0.1,0.8438688362690691,100,0.008267999975942075,100,20,0.2,224.13397427473765,224.13397427473765,0.0,17.96116504854369,17.96116504854369,37.89473684210527,36.0,0.473975188781014,4.826250000000002,4.826250000000002,5.0,0.9652500000000004,0,0,0,0,4135.739540923512,41.357395409235124,7124.796093034094,181.71429303539418,19.804651704682033,245.2627531402204
06ac6393eee7a87a46f65b36cf9d1863821846f32cd08b7f9dd84710f2fa08a1,1,2,20270923,image_payload_mb,0.5,0.8716871646142466,686,0.07727712497580796,100,14,0.14,231.0384901017613,231.0384901017613,0.0,12.864077669902912,12.864077669902912,37.89473684210527,36.0,0.3394687162891046,3.3474999999999997,3.3474999999999997,5.0,0.6695,0,0,0,0,4218.226679804101,42.18226679804101,7492.365597991583,524.8510625758169,54.68557082733732,148.4832091456568
06ac6393eee7a87a46f65b36cf9d1863821846f32cd08b7f9dd84710f2fa08a1,1,2,20270923,image_payload_mb,1.0,0.8657531701979637,850,0.058025082922540605,100,9,0.09,235.9586508480235,235.9586508480235,0.0,8.252427184466018,8.252427184466018,37.89473684210527,36.0,0.2177723840345199,2.1774999999999998,2.1774999999999998,5.0,0.43549999999999994,0,0,0,0,4327.358723480964,43.27358723480964,7992.69521775945,728.0358733756681,77.24641771667416,89.60006895362866
06ac6393eee7a87a46f65b36cf9d1863821846f32cd08b7f9dd84710f2fa08a1,1,2,20270923,uplink_power_w,0.1,0.8716843284412616,686,0.045424708048813045,100,14,0.14,230.92301271853248,230.92301271853248,0.0,12.864077669902912,12.864077669902912,37.89473684210527,36.0,0.3394687162891046,3.3474999999999997,3.3474999999999997,5.0,0.6695,0,0,0,0,4218.265234940754,42.18265234940755,7492.338647001272,527.6050009082492,52.76050009082491,148.4832091456568
06ac6393eee7a87a46f65b36cf9d1863821846f32cd08b7f9dd84710f2fa08a1,1,2,20270923,uplink_power_w,0.2,0.8716871646142466,686,0.06503958301618695,100,14,0.14,231.0384901017613,231.0384901017613,0.0,12.864077669902912,12.864077669902912,37.89473684210527,36.0,0.3394687162891046,3.3474999999999997,3.3474999999999997,5.0,0.6695,0,0,0,0,4218.226679804101,42.18226679804101,7492.365597991583,524.8510625758169,54.68557082733732,148.4832091456568
06ac6393eee7a87a46f65b36cf9d1863821846f32cd08b7f9dd84710f2fa08a1,1,2,20270923,uplink_power_w,0.4,0.871689473250465,846,0.057786290999501944,100,14,0.14,231.2713323009413,231.2713323009413,0.0,12.864077669902912,12.864077669902912,37.89473684210527,36.0,0.3394687162891046,3.3474999999999997,3.3474999999999997,5.0,0.6695,0,0,0,0,4218.196590667867,42.18196590667867,7492.415175345042,522.7018385590794,58.2268103601536,148.4832091456568
06ac6393eee7a87a46f65b36cf9d1863821846f32cd08b7f9dd84710f2fa08a1,1,2,20270923,downlink_power_w,0.5,0.8703827456125874,486,0.03625600005034357,100,13,0.13,232.18456793629832,232.18456793629832,0.0,12.135922330097086,12.135922330097086,37.89473684210527,36.0,0.3202535059331175,3.1525,3.1525,5.0,0.6305,0,0,0,0,4238.859961110831,42.38859961110831,7585.975353610982,574.5205310255654,59.64258546017527,137.78416980757783
06ac6393eee7a87a46f65b36cf9d1863821846f32cd08b7f9dd84710f2fa08a1,1,2,20270923,downlink_power_w,1.0,0.8716871646142466,686,0.044168292079120874,100,14,0.14,231.0384901017613,231.0384901017613,0.0,12.864077669902912,12.864077669902912,37.89473684210527,36.0,0.3394687162891046,3.3474999999999997,3.3474999999999997,5.0,0.6695,0,0,0,0,4218.226679804101,42.18226679804101,7492.365597991583,524.8510625758169,54.68557082733732,148.4832091456568
06ac6393eee7a87a46f65b36cf9d1863821846f32cd08b7f9dd84710f2fa08a1,1,2,20270923,downlink_power_w,2.0,0.8770293655567867,452,0.028957457980141044,100,15,0.15,229.85514423374636,229.85514423374636,0.0,13.592233009708737,13.592233009708737,37.89473684210527,36.0,0.35868392664509163,3.5912499999999996,3.5912499999999996,5.0,0.7182499999999999,0,0,0,0,4160.0982129359545,41.600982129359544,7222.523250259444,593.3908147378787,61.55001729619558,159.82338099243057
06ac6393eee7a87a46f65b36cf9d1863821846f32cd08b7f9dd84710f2fa08a1,1,2,20270923,path_loss_exponent,3.0,0.8812259543801325,825,0.0724040410714224,100,17,0.17,226.82610307464347,226.82610307464347,0.0,15.776699029126213,15.776699029126213,37.89473684210527,36.0,0.4163295577130528,4.16,4.16,5.0,0.8320000000000001,0,0,0,0,4091.0306228556233,40.91030622855623,6909.345452144262,497.5950917729321,55.614832015439355,198.32389973431899
06ac6393eee7a87a46f65b36cf9d1863821846f32cd08b7f9dd84710f2fa08a1,1,2,20270923,path_loss_exponent,3.5,0.8716871646142466,686,0.05736108298879117,100,14,0.14,231.0384901017613,231.0384901017613,0.0,12.864077669902912,12.864077669902912,37.89473684210527,36.0,0.3394687162891046,3.3474999999999997,3.3474999999999997,5.0,0.6695,0,0,0,0,4218.226679804101,42.18226679804101,7492.365597991583,524.8510625758169,54.68557082733732,148.4832091456568
06ac6393eee7a87a46f65b36cf9d1863821846f32cd08b7f9dd84710f2fa08a1,1,2,20270923,path_loss_exponent,3.8,0.8585319872587003,394,0.021327833994291723,100,12,0.12,233.9283500131349,233.9283500131349,0.0,11.407766990291261,11.407766990291261,37.89473684210527,36.0,0.30103829557713047,2.9575,2.9575,5.0,0.5915,0,0,0,0,4289.108309661973,42.89108309661973,7816.310075416825,564.6857517898859,59.172951402065124,127.67338670782286
06ac6393eee7a87a46f65b36cf9d1863821846f32cd08b7f9dd84710f2fa08a1,1,3,20271020,bandwidth_mhz,10.0,0.8685540147176867,473,0.024678374989889562,100,10,0.1,234.45207013278895,234.45207013278895,0.0,9.466019417475728,9.466019417475728,37.89473684210527,36.0,0.24979773462783167,2.4699999999999998,2.4699999999999998,5.0,0.49399999999999994,0,0,0,0,4313.448241727148,43.134482417271485,7931.403235280883,601.5807108652577,60.32352808823086,103.24346184955513
06ac6393eee7a87a46f65b36cf9d1863821846f32cd08b7f9dd84710f2fa08a1,1,3,20271020,bandwidth_mhz,20.0,0.8742615579320488,461,0.025124958949163556,100,14,0.14,230.74712990882878,230.74712990882878,0.0,12.864077669902914,12.864077669902914,37.89473684210527,36.0,0.33946871628910463,3.3962499999999998,3.3962499999999998,5.0,0.6792499999999999,0,0,0,0,4210.323840303384,42.103238403033835,7456.36872101418,531.7910982388988,54.908643869929,148.4832091456568
06ac6393eee7a87a46f65b36cf9d1863821846f32cd08b7f9dd84710f2fa08a1,1,3,20271020,bandwidth_mhz,40.0,0.8794139179905363,523,0.028557333978824317,100,17,0.17,226.61919619178659,226.61919619178659,0.0,16.019417475728154,16.019417475728154,37.89473684210527,36.0,0.4227346278317151,4.20875,4.20875,5.0,0.84175,0,0,0,0,4121.819401853415,41.21819401853415,7053.1326692001785,421.5943132372798,43.09818824574713,203.07638402242458
06ac6393eee7a87a46f65b36cf9d1863821846f32cd08b7f9dd84710f2fa08a1,1,3,20271020,image_payload_mb,0.1,0.8616326222289112,100,0.005702374968677759,100,20,0.2,224.47730953260788,224.47730953260788,0.0,17.96116504854369,17.96116504854369,37.89473684210527,36.0,0.473975188781014,4.810000000000001,4.810000000000001,5.0,0.9620000000000003,0,0,0,0,4098.93758214956,40.9893758214956,6952.246289296397,261.61635433773824,32.31446481981622,245.2627531402204
06ac6393eee7a87a46f65b36cf9d1863821846f32cd08b7f9dd84710f2fa08a1,1,3,20271020,image_payload_mb,0.5,0.8742615579320488,461,0.025470542022958398,100,14,0.14,230.74712990882878,230.74712990882878,0.0,12.864077669902914,12.864077669902914,37.89473684210527,36.0,0.33946871628910463,3.3962499999999998,3.3962499999999998,5.0,0.6792499999999999,0,0,0,0,4210.323840303384,42.103238403033835,7456.36872101418,531.7910982388988,54.908643869929,148.4832091456568
06ac6393eee7a87a46f65b36cf9d1863821846f32cd08b7f9dd84710f2fa08a1,1,3,20271020,image_payload_mb,1.0,0.8670172721511329,614,0.03847508295439184,100,9,0.09,235.24518555077947,235.24518555077947,0.0,8.495145631067961,8.495145631067961,37.89473684210527,36.0,0.2241774541531823,2.22625,2.22625,5.0,0.44525,0,0,0,0,4336.014505874902,43.36014505874902,8035.759238415717,620.4842376379074,62.137601746258234,92.23863735117754
06ac6393eee7a87a46f65b36cf9d1863821846f32cd08b7f9dd84710f2fa08a1,1,3,20271020,uplink_power_w,0.1,0.8742671969804516,461,0.02933683292940259,100,14,0.14,230.65008495583018,230.65008495583018,0.0,12.864077669902914,12.864077669902914,37.89473684210527,36.0,0.33946871628910463,3.3962499999999998,3.3962499999999998,5.0,0.6792499999999999,0,0,0,0,4210.347862733608,42.10347862733608,7456.346909780557,533.5069861120528,53.350698611205274,148.4832091456568
06ac6393eee7a87a46f65b36cf9d1863821846f32cd08b7f9dd84710f2fa08a1,1,3,20271020,uplink_power_w,0.2,0.8742615579320488,461,0.03384100005496293,100,14,0.14,230.74712990882878,230.74712990882878,0.0,12.864077669902914,12.864077669902914,37.89473684210527,36.0,0.33946871628910463,3.3962499999999998,3.3962499999999998,5.0,0.6792499999999999,0,0,0,0,4210.323840303384,42.103238403033835,7456.36872101418,531.7910982388988,54.908643869929,148.4832091456568
06ac6393eee7a87a46f65b36cf9d1863821846f32cd08b7f9dd84710f2fa08a1,1,3,20271020,uplink_power_w,0.4,0.8715453642602182,487,0.03664183302316815,100,14,0.14,230.72960478985135,230.72960478985135,0.0,13.106796116504853,13.106796116504853,37.89473684210527,36.0,0.3458737864077669,3.3962499999999998,3.3962499999999998,5.0,0.6792499999999999,0,0,0,0,4213.461238969536,42.134612389695356,7470.737843237062,523.6135442061769,52.70308836163266,152.1892393320964
06ac6393eee7a87a46f65b36cf9d1863821846f32cd08b7f9dd84710f2fa08a1,1,3,20271020,downlink_power_w,0.5,0.8724649712525794,461,0.03605762496590614,100,13,0.13,231.68883327925852,231.68883327925852,0.0,11.893203883495145,11.893203883495145,37.89473684210527,36.0,0.3138484358144552,3.1525,3.1525,5.0,0.6305,0,0,0,0,4233.807972567062,42.338079725670624,7564.348535337591,558.5699791761898,57.579641353121495,134.3509875208804
06ac6393eee7a87a46f65b36cf9d1863821846f32cd08b7f9dd84710f2fa08a1,1,3,20271020,downlink_power_w,1.0,0.8742615579320488,461,0.0312832499621436,100,14,0.14,230.74712990882878,230.74712990882878,0.0,12.864077669902914,12.864077669902914,37.89473684210527,36.0,0.33946871628910463,3.3962499999999998,3.3962499999999998,5.0,0.6792499999999999,0,0,0,0,4210.323840303384,42.103238403033835,7456.36872101418,531.7910982388988,54.908643869929,148.4832091456568
06ac6393eee7a87a46f65b36cf9d1863821846f32cd08b7f9dd84710f2fa08a1,1,3,20271020,downlink_power_w,2.0,0.8714109456251738,615,0.03893883293494582,100,15,0.15,229.78706896803493,229.78706896803493,0.0,14.077669902912621,14.077669902912621,37.89473684210527,36.0,0.3714940668824164,3.6399999999999997,3.6399999999999997,5.0,0.728,0,0,0,0,4195.349302576555,41.953493025765546,7387.925497123881,482.18478594464443,48.36647492531665,167.76871915897874
06ac6393eee7a87a46f65b36cf9d1863821846f32cd08b7f9dd84710f2fa08a1,1,3,20271020,path_loss_exponent,3.0,0.8846860586284153,839,0.05415508302394301,100,16,0.16,226.92985169544943,226.92985169544943,0.0,14.805825242718448,14.805825242718448,37.89473684210527,36.0,0.3907092772384035,3.91625,3.91625,5.0,0.78325,0,0,0,0,4086.8290311796454,40.86829031179646,6891.390566169892,546.5012917067062,61.91038561821977,180.31315702113537
06ac6393eee7a87a46f65b36cf9d1863821846f32cd08b7f9dd84710f2fa08a1,1,3,20271020,path_loss_exponent,3.5,0.8742615579320488,461,0.026591792004182935,100,14,0.14,230.74712990882878,230.74712990882878,0.0,12.864077669902914,12.864077669902914,37.89473684210527,36.0,0.33946871628910463,3.3962499999999998,3.3962499999999998,5.0,0.6792499999999999,0,0,0,0,4210.323840303384,42.103238403033835,7456.36872101418,531.7910982388988,54.908643869929,148.4832091456568
06ac6393eee7a87a46f65b36cf9d1863821846f32cd08b7f9dd84710f2fa08a1,1,3,20271020,path_loss_exponent,3.8,0.8652167760183072,487,0.03084408398717642,100,12,0.12,233.44253162728856,233.44253162728856,0.0,11.165048543689322,11.165048543689322,37.89473684210527,36.0,0.29463322545846815,2.9574999999999996,2.9574999999999996,5.0,0.5914999999999999,0,0,0,0,4281.01427579642,42.8101427579642,7780.297323653312,560.0974429853472,58.11030444262998,124.42554004970368
06ac6393eee7a87a46f65b36cf9d1863821846f32cd08b7f9dd84710f2fa08a1,1,4,20271117,bandwidth_mhz,10.0,0.8682399049358579,402,0.027758790994994342,100,10,0.1,235.23686152974517,235.23686152974517,0.0,8.737864077669903,8.737864077669903,37.89473684210527,36.0,0.2305825242718446,2.29125,2.29125,5.0,0.45824999999999994,0,0,0,0,4339.460111008204,43.39460111008204,8050.172662291704,571.0899651737215,57.266229170415336,94.92113564668769
06ac6393eee7a87a46f65b36cf9d1863821846f32cd08b7f9dd84710f2fa08a1,1,4,20271117,bandwidth_mhz,20.0,0.8710822359406648,601,0.042107583954930305,100,14,0.14,231.62861598806515,231.62861598806515,0.0,12.621359223300969,12.621359223300969,37.89473684210527,36.0,0.3330636461704422,3.2662499999999994,3.2662499999999994,5.0,0.6532499999999999,0,0,0,0,4229.66340825997,42.2966340825997,7542.765483553267,545.3950848277674,54.677396661906855,144.84836231298013
06ac6393eee7a87a46f65b36cf9d1863821846f32cd08b7f9dd84710f2fa08a1,1,4,20271117,bandwidth_mhz,40.0,0.871574325152331,476,0.03556362492963672,100,17,0.17,227.79319556009943,227.79319556009943,0.0,15.776699029126215,15.776699029126215,37.89473684210527,36.0,0.41632955771305286,4.07875,4.07875,5.0,0.8157500000000001,0,0,0,0,4155.935136261514,41.559351362615146,7207.898197078542,409.6252921194927,41.07041638484047,198.323899734319
06ac6393eee7a87a46f65b36cf9d1863821846f32cd08b7f9dd84710f2fa08a1,1,4,20271117,image_payload_mb,0.1,0.8742538787738703,277,0.022865666076540947,100,20,0.2,222.57065560943454,222.57065560943454,0.0,18.446601941747574,18.446601941747574,37.89473684210527,36.0,0.4867853290183387,4.940000000000001,4.940000000000001,5.0,0.9880000000000002,0,0,0,0,3989.4040458060936,39.894040458060935,6448.590142025601,373.07669913282274,49.50710128003004,257.12559117183395
06ac6393eee7a87a46f65b36cf9d1863821846f32cd08b7f9dd84710f2fa08a1,1,4,20271117,image_payload_mb,0.5,0.8710822359406648,601,0.03882450005039573,100,14,0.14,231.62861598806515,231.62861598806515,0.0,12.621359223300969,12.621359223300969,37.89473684210527,36.0,0.3330636461704422,3.2662499999999994,3.2662499999999994,5.0,0.6532499999999999,0,0,0,0,4229.66340825997,42.2966340825997,7542.765483553267,545.3950848277674,54.677396661906855,144.84836231298013
06ac6393eee7a87a46f65b36cf9d1863821846f32cd08b7f9dd84710f2fa08a1,1,4,20271117,image_payload_mb,1.0,0.8665262119576232,395,0.030533417011611164,100,9,0.09,235.88009227446685,235.88009227446685,0.0,7.766990291262136,7.766990291262136,37.89473684210527,36.0,0.20496224379719524,2.0475,2.0475,5.0,0.4095,0,0,0,0,4362.640985673807,43.62640985673807,8158.108803348993,564.5479333025596,56.533705443680006,84.4504748982361
06ac6393eee7a87a46f65b36cf9d1863821846f32cd08b7f9dd84710f2fa08a1,1,4,20271117,uplink_power_w,0.1,0.8710824830305666,601,0.04173125000670552,100,14,0.14,231.62468045122714,231.62468045122714,0.0,12.621359223300969,12.621359223300969,37.89473684210527,36.0,0.3330636461704422,3.2662499999999994,3.2662499999999994,5.0,0.6532499999999999,0,0,0,0,4229.669124895671,42.29669124895671,7542.764124782329,545.8034159492722,54.58034159492722,144.84836231298013
06ac6393eee7a87a46f65b36cf9d1863821846f32cd08b7f9dd84710f2fa08a1,1,4,20271117,uplink_power_w,0.2,0.8710822359406648,601,0.057789540966041386,100,14,0.14,231.62861598806515,231.62861598806515,0.0,12.621359223300969,12.621359223300969,37.89473684210527,36.0,0.3330636461704422,3.2662499999999994,3.2662499999999994,5.0,0.6532499999999999,0,0,0,0,4229.66340825997,42.2966340825997,7542.765483553267,545.3950848277674,54.677396661906855,144.84836231298013
06ac6393eee7a87a46f65b36cf9d1863821846f32cd08b7f9dd84710f2fa08a1,1,4,20271117,uplink_power_w,0.4,0.8710820592763023,601,0.04683908401057124,100,14,0.14,231.63878578464397,231.63878578464397,0.0,12.621359223300969,12.621359223300969,37.89473684210527,36.0,0.3330636461704422,3.2662499999999994,3.2662499999999994,5.0,0.6532499999999999,0,0,0,0,4229.65975444057,42.29659754440571,7542.767882894523,545.134097727784,54.84877818017377,144.84836231298013
06ac6393eee7a87a46f65b36cf9d1863821846f32cd08b7f9dd84710f2fa08a1,1,4,20271117,downlink_power_w,0.5,0.8629823607462783,476,0.09679995803162456,100,13,0.13,232.71262570943506,232.71262570943506,0.0,11.650485436893202,11.650485436893202,37.89473684210527,36.0,0.3074433656957928,3.0224999999999995,3.0224999999999995,5.0,0.6044999999999999,0,0,0,0,4290.740695120241,42.90740695120241,7826.9852910400405,449.0721623765203,45.0223876953448,130.98130841121488
06ac6393eee7a87a46f65b36cf9d1863821846f32cd08b7f9dd84710f2fa08a1,1,4,20271117,downlink_power_w,1.0,0.8710822359406648,601,0.06783270800951868,100,14,0.14,231.62861598806515,231.62861598806515,0.0,12.621359223300969,12.621359223300969,37.89473684210527,36.0,0.3330636461704422,3.2662499999999994,3.2662499999999994,5.0,0.6532499999999999,0,0,0,0,4229.66340825997,42.2966340825997,7542.765483553267,545.3950848277674,54.677396661906855,144.84836231298013
06ac6393eee7a87a46f65b36cf9d1863821846f32cd08b7f9dd84710f2fa08a1,1,4,20271117,downlink_power_w,2.0,0.872547577882814,425,0.03206283296458423,100,15,0.15,230.66856840716324,230.66856840716324,0.0,13.592233009708735,13.592233009708735,37.89473684210527,36.0,0.3586839266450916,3.5099999999999993,3.5099999999999993,5.0,0.7019999999999998,0,0,0,0,4207.69669502025,42.076966950202504,7441.9723091079195,513.2896203575466,51.48727386126882,159.82338099243054
06ac6393eee7a87a46f65b36cf9d1863821846f32cd08b7f9dd84710f2fa08a1,1,4,20271117,path_loss_exponent,3.0,0.8789577444331209,288,0.03046545898541808,100,16,0.16,228.02477856971163,228.02477856971163,0.0,14.805825242718447,14.805825242718447,37.89473684210527,36.0,0.39070927723840343,3.91625,3.91625,5.0,0.78325,0,0,0,0,4130.733405375042,41.30733405375042,7092.900891902983,490.524678918924,56.30574393638682,180.3131570211353
06ac6393eee7a87a46f65b36cf9d1863821846f32cd08b7f9dd84710f2fa08a1,1,4,20271117,path_loss_exponent,3.5,0.8710822359406648,601,0.03896983398590237,100,14,0.14,231.62861598806515,231.62861598806515,0.0,12.621359223300969,12.621359223300969,37.89473684210527,36.0,0.3330636461704422,3.2662499999999994,3.2662499999999994,5.0,0.6532499999999999,0,0,0,0,4229.66340825997,42.2966340825997,7542.765483553267,545.3950848277674,54.677396661906855,144.84836231298013
06ac6393eee7a87a46f65b36cf9d1863821846f32cd08b7f9dd84710f2fa08a1,1,4,20271117,path_loss_exponent,3.8,0.853841370321601,517,0.029342541936784983,100,12,0.12,234.08934272387697,234.08934272387697,0.0,10.436893203883495,10.436893203883495,37.89473684210527,36.0,0.2754180151024811,2.7787499999999996,2.7787499999999996,5.0,0.55575,0,0,0,0,4323.057585647227,43.23057585647227,7974.569633712774,473.1056182403623,47.46947606449647,115.0265190285661
06ac6393eee7a87a46f65b36cf9d1863821846f32cd08b7f9dd84710f2fa08a1,1,5,20271214,bandwidth_mhz,10.0,0.8616453147884433,614,0.032247917028144,100,10,0.1,234.8955174312385,234.8955174312385,0.0,8.980582524271846,8.980582524271846,37.89473684210527,36.0,0.236987594390507,2.34,2.34,5.0,0.46799999999999997,0,0,0,0,4326.886775777286,43.26886775777286,7992.5927772383775,591.0289075862478,59.277723837692626,97.64867014226385
06ac6393eee7a87a46f65b36cf9d1863821846f32cd08b7f9dd84710f2fa08a1,1,5,20271214,bandwidth_mhz,20.0,0.8667516006503687,571,0.029633666039444506,100,14,0.14,230.69311757816476,230.69311757816476,0.0,12.621359223300969,12.621359223300969,37.89473684210527,36.0,0.3330636461704422,3.3149999999999995,3.3149999999999995,5.0,0.6629999999999999,0,0,0,0,4199.463645501341,41.994636455013406,7406.028582369371,559.6977449256387,59.184454955129546,144.84836231298013
06ac6393eee7a87a46f65b36cf9d1863821846f32cd08b7f9dd84710f2fa08a1,1,5,20271214,bandwidth_mhz,40.0,0.8724068144598965,712,0.037549042026512325,100,18,0.18,226.501789116016,226.501789116016,0.0,16.990291262135923,16.990291262135923,37.89473684210527,36.0,0.4483549083063646,4.452500000000001,4.452500000000001,5.0,0.8905000000000001,0,0,0,0,4099.086863352767,40.99086863352767,6945.219262948856,437.1913682632815,45.514608269830816,223.18992911268637
06ac6393eee7a87a46f65b36cf9d1863821846f32cd08b7f9dd84710f2fa08a1,1,5,20271214,image_payload_mb,0.1,0.8749764096010371,510,0.026018792064860463,100,20,0.2,222.5991098279289,222.5991098279289,0.0,18.446601941747574,18.446601941747574,37.89473684210527,36.0,0.4867853290183387,4.8587500000000015,4.8587500000000015,5.0,0.9717500000000003,0,0,0,0,4020.999570109347,40.20999570109347,6596.0247248834185,312.8529142955245,41.236244170925396,257.12559117183395
06ac6393eee7a87a46f65b36cf9d1863821846f32cd08b7f9dd84710f2fa08a1,1,5,20271214,image_payload_mb,0.5,0.8667516006503687,571,0.02946150000207126,100,14,0.14,230.69311757816476,230.69311757816476,0.0,12.621359223300969,12.621359223300969,37.89473684210527,36.0,0.3330636461704422,3.3149999999999995,3.3149999999999995,5.0,0.6629999999999999,0,0,0,0,4199.463645501341,41.994636455013406,7406.028582369371,559.6977449256387,59.184454955129546,144.84836231298013
06ac6393eee7a87a46f65b36cf9d1863821846f32cd08b7f9dd84710f2fa08a1,1,5,20271214,image_payload_mb,1.0,0.8513435743347643,511,0.02642166696023196,100,10,0.1,235.86954575587723,235.86954575587723,0.0,9.466019417475728,9.466019417475728,37.89473684210527,36.0,0.24979773462783167,2.4375,2.4375,5.0,0.4875,0,0,0,0,4355.385595407101,43.55385595407101,8122.156106148615,555.3160788606425,55.61061486156869,103.24346184955513
06ac6393eee7a87a46f65b36cf9d1863821846f32cd08b7f9dd84710f2fa08a1,1,5,20271214,uplink_power_w,0.1,0.8693796730580567,614,0.03540587506722659,100,14,0.14,230.52263192298986,230.52263192298986,0.0,12.621359223300969,12.621359223300969,37.89473684210527,36.0,0.3330636461704422,3.3149999999999995,3.3149999999999995,5.0,0.6629999999999999,0,0,0,0,4195.695965256323,41.95695965256323,7388.006808818394,576.2920131386717,57.629201313867156,144.84836231298013
06ac6393eee7a87a46f65b36cf9d1863821846f32cd08b7f9dd84710f2fa08a1,1,5,20271214,uplink_power_w,0.2,0.8667516006503687,571,0.030697165988385677,100,14,0.14,230.69311757816476,230.69311757816476,0.0,12.621359223300969,12.621359223300969,37.89473684210527,36.0,0.3330636461704422,3.3149999999999995,3.3149999999999995,5.0,0.6629999999999999,0,0,0,0,4199.463645501341,41.994636455013406,7406.028582369371,559.6977449256387,59.184454955129546,144.84836231298013
06ac6393eee7a87a46f65b36cf9d1863821846f32cd08b7f9dd84710f2fa08a1,1,5,20271214,uplink_power_w,0.4,0.8647268141473488,480,0.03232600004412234,100,14,0.14,230.97998664368052,230.97998664368052,0.0,12.864077669902912,12.864077669902912,37.89473684210527,36.0,0.3394687162891046,3.3149999999999995,3.3149999999999995,5.0,0.6629999999999999,0,0,0,0,4216.004954525562,42.160049545255625,7481.557403161154,537.5849712516406,54.1002257966958,148.4832091456568
06ac6393eee7a87a46f65b36cf9d1863821846f32cd08b7f9dd84710f2fa08a1,1,5,20271214,downlink_power_w,0.5,0.8647299815992784,511,0.036206292104907334,100,13,0.13,231.96155230035257,231.96155230035257,0.0,11.650485436893202,11.650485436893202,37.89473684210527,36.0,0.3074433656957928,3.0712499999999996,3.0712499999999996,5.0,0.61425,0,0,0,0,4224.0436742048405,42.2404367420484,7517.636334005319,610.8397842687882,64.33338502450692,130.98130841121488
06ac6393eee7a87a46f65b36cf9d1863821846f32cd08b7f9dd84710f2fa08a1,1,5,20271214,downlink_power_w,1.0,0.8667516006503687,571,0.03175162500701845,100,14,0.14,230.69311757816476,230.69311757816476,0.0,12.621359223300969,12.621359223300969,37.89473684210527,36.0,0.3330636461704422,3.3149999999999995,3.3149999999999995,5.0,0.6629999999999999,0,0,0,0,4199.463645501341,41.994636455013406,7406.028582369371,559.6977449256387,59.184454955129546,144.84836231298013
06ac6393eee7a87a46f65b36cf9d1863821846f32cd08b7f9dd84710f2fa08a1,1,5,20271214,downlink_power_w,2.0,0.8674823100544056,480,0.03402174997609109,100,15,0.15,229.6580034845388,229.6580034845388,0.0,13.592233009708735,13.592233009708735,37.89473684210527,36.0,0.3586839266450916,3.5587499999999994,3.5587499999999994,5.0,0.7117499999999999,0,0,0,0,4179.704080141008,41.79704080141008,7316.018346500207,513.781961741431,54.55643334714691,159.82338099243054
06ac6393eee7a87a46f65b36cf9d1863821846f32cd08b7f9dd84710f2fa08a1,1,5,20271214,path_loss_exponent,3.0,0.8761133550965636,567,0.03980662499088794,100,17,0.17,226.8607408317638,226.8607408317638,0.0,15.533980582524274,15.533980582524274,37.89473684210527,36.0,0.40992448759439054,4.07875,4.07875,5.0,0.8157500000000001,0,0,0,0,4122.736172225876,41.227361722258756,7056.778173031923,437.86495403310244,45.774884230755646,193.6745886654479
06ac6393eee7a87a46f65b36cf9d1863821846f32cd08b7f9dd84710f2fa08a1,1,5,20271214,path_loss_exponent,3.5,0.8667516006503687,571,0.03424645902123302,100,14,0.14,230.69311757816476,230.69311757816476,0.0,12.621359223300969,12.621359223300969,37.89473684210527,36.0,0.3330636461704422,3.3149999999999995,3.3149999999999995,5.0,0.6629999999999999,0,0,0,0,4199.463645501341,41.994636455013406,7406.028582369371,559.6977449256387,59.184454955129546,144.84836231298013
06ac6393eee7a87a46f65b36cf9d1863821846f32cd08b7f9dd84710f2fa08a1,1,5,20271214,path_loss_exponent,3.8,0.8513152309003669,490,0.044288416975177824,100,12,0.12,233.8203385954014,233.8203385954014,0.0,11.16504854368932,11.16504854368932,37.89473684210527,36.0,0.29463322545846815,2.925,2.925,5.0,0.585,0,0,0,0,4304.146244169815,43.04146244169815,7888.246354876262,487.7614741015391,53.86290635511351,124.42554004970368
06ac6393eee7a87a46f65b36cf9d1863821846f32cd08b7f9dd84710f2fa08a1,1,6,20271311,bandwidth_mhz,10.0,0.858671109438199,552,0.03988470905460417,100,11,0.11,235.07612537066026,235.07612537066026,0.0,10.194174757281553,10.194174757281553,37.89473684210527,36.0,0.2690129449838187,2.6649999999999996,2.6649999999999996,5.0,0.5329999999999999,0,0,0,0,4335.875580340086,43.35875580340086,8032.18624116544,531.2312559508821,53.29465140350589,112.00332042058659
06ac6393eee7a87a46f65b36cf9d1863821846f32cd08b7f9dd84710f2fa08a1,1,6,20271311,bandwidth_mhz,20.0,0.8624110313573234,460,0.032193041988648474,100,14,0.14,231.70858767642514,231.70858767642514,0.0,12.864077669902912,12.864077669902912,37.89473684210527,36.0,0.3394687162891046,3.3962499999999998,3.3962499999999998,5.0,0.6792499999999999,0,0,0,0,4259.286501922917,42.592865019229166,7683.056746405745,429.12407106267943,46.91045755321311,148.4832091456568
06ac6393eee7a87a46f65b36cf9d1863821846f32cd08b7f9dd84710f2fa08a1,1,6,20271311,bandwidth_mhz,40.0,0.8721464214472442,600,0.046247584046795964,100,18,0.18,227.57489852399257,227.57489852399257,0.0,16.747572815533978,16.747572815533978,37.89473684210527,36.0,0.44194983818770217,4.452500000000001,4.452500000000001,5.0,0.8905000000000001,0,0,0,0,4121.79245633526,41.2179245633526,7049.686466059513,414.9258392530058,49.24811441738916,217.98840159478064
06ac6393eee7a87a46f65b36cf9d1863821846f32cd08b7f9dd84710f2fa08a1,1,6,20271311,image_payload_mb,0.1,0.8750467078629719,100,0.007301000063307583,100,20,0.2,222.93256965666558,222.93256965666558,0.0,18.446601941747574,18.446601941747574,37.89473684210527,36.0,0.4867853290183387,4.8587500000000015,4.8587500000000015,5.0,0.9717500000000003,0,0,0,0,4057.648109880633,40.57648109880633,6765.052340649815,265.2799028598202,32.61703249075153,257.12559117183395
06ac6393eee7a87a46f65b36cf9d1863821846f32cd08b7f9dd84710f2fa08a1,1,6,20271311,image_payload_mb,0.5,0.8624110313573234,460,0.024425667012110353,100,14,0.14,231.70858767642514,231.70858767642514,0.0,12.864077669902912,12.864077669902912,37.89473684210527,36.0,0.3394687162891046,3.3962499999999998,3.3962499999999998,5.0,0.6792499999999999,0,0,0,0,4259.286501922917,42.592865019229166,7683.056746405745,429.12407106267943,46.91045755321311,148.4832091456568
06ac6393eee7a87a46f65b36cf9d1863821846f32cd08b7f9dd84710f2fa08a1,1,6,20271311,image_payload_mb,1.0,0.856674794724784,469,0.025323042063973844,100,10,0.1,235.84704222986926,235.84704222986926,0.0,9.466019417475728,9.466019417475728,37.89473684210527,36.0,0.24979773462783167,2.4699999999999998,2.4699999999999998,5.0,0.49399999999999994,0,0,0,0,4359.949121741202,43.59949121741202,8143.732586143337,531.6687122706771,53.258614333739665,103.24346184955513
06ac6393eee7a87a46f65b36cf9d1863821846f32cd08b7f9dd84710f2fa08a1,1,6,20271311,uplink_power_w,0.1,0.8648440212097835,446,0.025510666077025235,100,15,0.15,231.4582270125138,231.4582270125138,0.0,13.592233009708735,13.592233009708735,37.89473684210527,36.0,0.3586839266450916,3.6399999999999997,3.6399999999999997,5.0,0.728,0,0,0,0,4232.960449234735,42.32960449234735,7557.136309851984,490.8732346566326,49.08732346566326,159.82338099243054
06ac6393eee7a87a46f65b36cf9d1863821846f32cd08b7f9dd84710f2fa08a1,1,6,20271311,uplink_power_w,0.2,0.8624110313573234,460,0.02448649995494634,100,14,0.14,231.70858767642514,231.70858767642514,0.0,12.864077669902912,12.864077669902912,37.89473684210527,36.0,0.3394687162891046,3.3962499999999998,3.3962499999999998,5.0,0.6792499999999999,0,0,0,0,4259.286501922917,42.592865019229166,7683.056746405745,429.12407106267943,46.91045755321311,148.4832091456568
06ac6393eee7a87a46f65b36cf9d1863821846f32cd08b7f9dd84710f2fa08a1,1,6,20271311,uplink_power_w,0.4,0.8538539454061878,481,0.033136499929241836,100,15,0.15,231.85894469210152,231.85894469210152,0.0,14.07766990291262,14.07766990291262,37.89473684210527,36.0,0.3714940668824163,3.6399999999999997,3.6399999999999997,5.0,0.728,0,0,0,0,4266.97111334547,42.669711133454705,7715.410580080689,403.6388372057577,40.705338712685126,167.76871915897868
06ac6393eee7a87a46f65b36cf9d1863821846f32cd08b7f9dd84710f2fa08a1,1,6,20271311,downlink_power_w,0.5,0.8561693461602076,559,0.043501832988113165,100,14,0.14,232.60172616818946,232.60172616818946,0.0,12.864077669902912,12.864077669902912,37.89473684210527,36.0,0.3394687162891046,3.3962499999999998,3.3962499999999998,5.0,0.6792499999999999,0,0,0,0,4269.353924963139,42.69353924963139,7726.3032984667425,462.51143107860645,50.23560476730145,148.4832091456568
06ac6393eee7a87a46f65b36cf9d1863821846f32cd08b7f9dd84710f2fa08a1,1,6,20271311,downlink_power_w,1.0,0.8624110313573234,460,0.036677040974609554,100,14,0.14,231.70858767642514,231.70858767642514,0.0,12.864077669902912,12.864077669902912,37.89473684210527,36.0,0.3394687162891046,3.3962499999999998,3.3962499999999998,5.0,0.6792499999999999,0,0,0,0,4259.286501922917,42.592865019229166,7683.056746405745,429.12407106267943,46.91045755321311,148.4832091456568
06ac6393eee7a87a46f65b36cf9d1863821846f32cd08b7f9dd84710f2fa08a1,1,6,20271311,downlink_power_w,2.0,0.8639153684497621,481,0.03288516600150615,100,15,0.15,230.94873051201353,230.94873051201353,0.0,13.834951456310678,13.834951456310678,37.89473684210527,36.0,0.36508899676375395,3.6399999999999997,3.6399999999999997,5.0,0.728,0,0,0,0,4235.976610392014,42.35976610392014,7575.09133999223,421.3513862277235,46.08933281535655,163.75597323988524
06ac6393eee7a87a46f65b36cf9d1863821846f32cd08b7f9dd84710f2fa08a1,1,6,20271311,path_loss_exponent,3.0,0.877839498138817,631,0.04588383296504617,100,16,0.16,227.659904440268,227.659904440268,0.0,14.805825242718448,14.805825242718448,37.89473684210527,36.0,0.3907092772384035,3.965,3.965,5.0,0.7929999999999999,0,0,0,0,4121.950711398571,41.21950711398571,7053.304408696963,491.6063053895593,56.525543560166746,180.31315702113537
06ac6393eee7a87a46f65b36cf9d1863821846f32cd08b7f9dd84710f2fa08a1,1,6,20271311,path_loss_exponent,3.5,0.8624110313573234,460,0.03652062499895692,100,14,0.14,231.70858767642514,231.70858767642514,0.0,12.864077669902912,12.864077669902912,37.89473684210527,36.0,0.3394687162891046,3.3962499999999998,3.3962499999999998,5.0,0.6792499999999999,0,0,0,0,4259.286501922917,42.592865019229166,7683.056746405745,429.12407106267943,46.91045755321311,148.4832091456568
06ac6393eee7a87a46f65b36cf9d1863821846f32cd08b7f9dd84710f2fa08a1,1,6,20271311,path_loss_exponent,3.8,0.8501040390152531,488,0.05636500008404255,100,12,0.12,234.2872008036098,234.2872008036098,0.0,11.407766990291261,11.407766990291261,37.89473684210527,36.0,0.30103829557713047,2.9574999999999996,2.9574999999999996,5.0,0.5914999999999999,0,0,0,0,4330.898113078404,43.30898113078404,8010.538865233277,447.1693698258364,44.90543610638536,127.67338670782286
06ac6393eee7a87a46f65b36cf9d1863821846f32cd08b7f9dd84710f2fa08a1,1,7,20271408,bandwidth_mhz,10.0,0.8729390018413573,517,0.05881683307234198,100,10,0.1,234.63518402389627,234.63518402389627,0.0,8.980582524271844,8.980582524271844,37.89473684210527,36.0,0.23698759439050696,2.42125,2.42125,5.0,0.48425,0,0,0,0,4279.838745794159,42.79838745794159,7773.199291333,766.2259092736418,79.92913329988622,97.64867014226384
06ac6393eee7a87a46f65b36cf9d1863821846f32cd08b7f9dd84710f2fa08a1,1,7,20271408,bandwidth_mhz,20.0,0.8738704188216826,585,0.03874925000127405,100,14,0.14,230.25420841111293,230.25420841111293,0.0,12.86407766990291,12.86407766990291,37.89473684210527,36.0,0.3394687162891045,3.3962499999999998,3.3962499999999998,5.0,0.6792499999999999,0,0,0,0,4190.717907831591,41.90717907831591,7366.408507739593,559.9387788251333,57.75055282806359,148.48320914565676
06ac6393eee7a87a46f65b36cf9d1863821846f32cd08b7f9dd84710f2fa08a1,1,7,20271408,bandwidth_mhz,40.0,0.8739139639482466,585,0.034466124954633415,100,18,0.18,225.59846446993416,225.59846446993416,0.0,16.74757281553398,16.74757281553398,37.89473684210527,36.0,0.4419498381877022,4.371250000000001,4.371250000000001,5.0,0.8742500000000002,0,0,0,0,4088.012220794687,40.88012220794687,6898.407869469425,404.9127536656114,44.88163719029423,217.9884015947807
06ac6393eee7a87a46f65b36cf9d1863821846f32cd08b7f9dd84710f2fa08a1,1,7,20271408,image_payload_mb,0.1,0.8349453487829858,100,0.006434249924495816,100,20,0.2,224.68617927794352,224.68617927794352,0.0,18.446601941747574,18.446601941747574,37.89473684210527,36.0,0.4867853290183387,4.8587500000000015,4.8587500000000015,5.0,0.9717500000000003,0,0,0,0,4143.930325066194,41.43930325066194,7160.792618833292,179.39066213787018,19.63094166461475,257.12559117183395
06ac6393eee7a87a46f65b36cf9d1863821846f32cd08b7f9dd84710f2fa08a1,1,7,20271408,image_payload_mb,0.5,0.8738704188216826,585,0.04487120802514255,100,14,0.14,230.25420841111293,230.25420841111293,0.0,12.86407766990291,12.86407766990291,37.89473684210527,36.0,0.3394687162891045,3.3962499999999998,3.3962499999999998,5.0,0.6792499999999999,0,0,0,0,4190.717907831591,41.90717907831591,7366.408507739593,559.9387788251333,57.75055282806359,148.48320914565676
06ac6393eee7a87a46f65b36cf9d1863821846f32cd08b7f9dd84710f2fa08a1,1,7,20271408,image_payload_mb,1.0,0.8674296434050501,458,0.024201584048569202,100,9,0.09,235.5436646322135,235.5436646322135,0.0,8.009708737864077,8.009708737864077,37.89473684210527,36.0,0.21136731391585756,2.09625,2.09625,5.0,0.41925,0,0,0,0,4316.283704859273,43.16283704859273,7942.301614071988,744.5184020490577,77.95711910976728,87.00436009233135
06ac6393eee7a87a46f65b36cf9d1863821846f32cd08b7f9dd84710f2fa08a1,1,7,20271408,uplink_power_w,0.1,0.8734400370952,369,0.0202254579635337,100,14,0.14,230.11488394385609,230.11488394385609,0.0,12.86407766990291,12.86407766990291,37.89473684210527,36.0,0.3394687162891045,3.3962499999999998,3.3962499999999998,5.0,0.6792499999999999,0,0,0,0,4165.474883943856,41.65474883943856,7247.699611901582,642.5799297012053,64.25799297012054,148.48320914565676
06ac6393eee7a87a46f65b36cf9d1863821846f32cd08b7f9dd84710f2fa08a1,1,7,20271408,uplink_power_w,0.2,0.8738704188216826,585,0.03173087490722537,100,14,0.14,230.25420841111293,230.25420841111293,0.0,12.86407766990291,12.86407766990291,37.89473684210527,36.0,0.3394687162891045,3.3962499999999998,3.3962499999999998,5.0,0.6792499999999999,0,0,0,0,4190.717907831591,41.90717907831591,7366.408507739593,559.9387788251333,57.75055282806359,148.48320914565676
06ac6393eee7a87a46f65b36cf9d1863821846f32cd08b7f9dd84710f2fa08a1,1,7,20271408,uplink_power_w,0.4,0.8698475796279705,368,0.045384999946691096,100,15,0.15,230.41952574731104,230.41952574731104,0.0,13.834951456310678,13.834951456310678,37.89473684210527,36.0,0.36508899676375395,3.6399999999999997,3.6399999999999997,5.0,0.728,0,0,0,0,4188.7498496049175,41.887498496049176,7355.661952895778,526.2340004212523,57.46352638515587,163.75597323988524
06ac6393eee7a87a46f65b36cf9d1863821846f32cd08b7f9dd84710f2fa08a1,1,7,20271408,downlink_power_w,0.5,0.8723985312713979,371,0.02203204098623246,100,13,0.13,231.50067300613406,231.50067300613406,0.0,11.650485436893202,11.650485436893202,37.89473684210527,36.0,0.3074433656957928,3.0712499999999996,3.0712499999999996,5.0,0.61425,0,0,0,0,4191.926528503411,41.91926528503411,7370.167428272174,663.3670380049746,74.41755939795407,130.98130841121488
06ac6393eee7a87a46f65b36cf9d1863821846f32cd08b7f9dd84710f2fa08a1,1,7,20271408,downlink_power_w,1.0,0.8738704188216826,585,0.03570270806085318,100,14,0.14,230.25420841111293,230.25420841111293,0.0,12.86407766990291,12.86407766990291,37.89473684210527,36.0,0.3394687162891045,3.3962499999999998,3.3962499999999998,5.0,0.6792499999999999,0,0,0,0,4190.717907831591,41.90717907831591,7366.408507739593,559.9387788251333,57.75055282806359,148.48320914565676
06ac6393eee7a87a46f65b36cf9d1863821846f32cd08b7f9dd84710f2fa08a1,1,7,20271408,downlink_power_w,2.0,0.8698277918269942,440,0.037704166024923325,100,15,0.15,229.3509785559891,229.3509785559891,0.0,13.834951456310678,13.834951456310678,37.89473684210527,36.0,0.36508899676375395,3.6399999999999997,3.6399999999999997,5.0,0.728,0,0,0,0,4187.912868259987,41.87912868259987,7355.531941592008,470.43524409253126,48.79610613373512,163.75597323988524
06ac6393eee7a87a46f65b36cf9d1863821846f32cd08b7f9dd84710f2fa08a1,1,7,20271408,path_loss_exponent,3.0,0.8854336201853756,440,0.027207499952055514,100,16,0.16,226.45567055909345,226.45567055909345,0.0,15.04854368932039,15.04854368932039,37.89473684210527,36.0,0.3971143473570658,3.965,3.965,5.0,0.7929999999999999,0,0,0,0,4060.9786939969345,40.60978693996935,6772.668455646294,576.4960419969456,66.77847789334974,184.67233281145153
06ac6393eee7a87a46f65b36cf9d1863821846f32cd08b7f9dd84710f2fa08a1,1,7,20271408,path_loss_exponent,3.5,0.8738704188216826,585,0.033172084018588066,100,14,0.14,230.25420841111293,230.25420841111293,0.0,12.86407766990291,12.86407766990291,37.89473684210527,36.0,0.3394687162891045,3.3962499999999998,3.3962499999999998,5.0,0.6792499999999999,0,0,0,0,4190.717907831591,41.90717907831591,7366.408507739593,559.9387788251333,57.75055282806359,148.48320914565676
06ac6393eee7a87a46f65b36cf9d1863821846f32cd08b7f9dd84710f2fa08a1,1,7,20271408,path_loss_exponent,3.8,0.8654834628082234,368,0.024200459010899067,100,12,0.12,233.01398205690631,233.01398205690631,0.0,10.922330097087379,10.922330097087379,37.89473684210527,36.0,0.2882281553398058,2.8274999999999997,2.8274999999999997,5.0,0.5654999999999999,0,0,0,0,4252.3012305400825,42.523012305400826,7647.189856648081,637.1997317075949,65.82138734005464,121.23614663256606
06ac6393eee7a87a46f65b36cf9d1863821846f32cd08b7f9dd84710f2fa08a1,1,8,20271505,bandwidth_mhz,10.0,0.8578029290276585,531,0.02789987495634705,100,11,0.11,235.54547943111945,235.54547943111945,0.0,10.194174757281553,10.194174757281553,37.89473684210527,36.0,0.2690129449838187,2.6162499999999995,2.6162499999999995,5.0,0.5232499999999999,0,0,0,0,4340.930967180759,43.409309671807584,8053.811906626797,554.4482414665243,55.62787516332035,112.00332042058659
06ac6393eee7a87a46f65b36cf9d1863821846f32cd08b7f9dd84710f2fa08a1,1,8,20271505,bandwidth_mhz,20.0,0.8589119788555012,549,0.030633583082817495,100,14,0.14,232.0058089059686,232.0058089059686,0.0,12.864077669902912,12.864077669902912,37.89473684210527,36.0,0.3394687162891046,3.3474999999999997,3.3474999999999997,5.0,0.6695,0,0,0,0,4250.499744626173,42.50499744626173,7639.920199714662,487.2128355810036,51.442836761525726,148.4832091456568
06ac6393eee7a87a46f65b36cf9d1863821846f32cd08b7f9dd84710f2fa08a1,1,8,20271505,bandwidth_mhz,40.0,0.8715416740188767,522,0.03908804198727012,100,17,0.17,228.00445936304075,228.00445936304075,0.0,15.29126213592233,15.29126213592233,37.89473684210527,36.0,0.4035194174757281,4.07875,4.07875,5.0,0.8157500000000001,0,0,0,0,4136.358908626796,41.36358908626796,7118.091488293754,443.751850885051,52.44048786785956,189.12512716174973
06ac6393eee7a87a46f65b36cf9d1863821846f32cd08b7f9dd84710f2fa08a1,1,8,20271505,image_payload_mb,0.1,0.8801278836975932,172,0.014870417071506381,100,20,0.2,220.84025169012713,220.84025169012713,0.0,18.44660194174757,18.44660194174757,37.89473684210527,36.0,0.4867853290183386,4.972500000000001,4.972500000000001,5.0,0.9945000000000002,0,0,0,0,4006.7833218611445,40.06783321861145,6534.655466969567,282.04050188538395,32.77334847836626,257.12559117183383
06ac6393eee7a87a46f65b36cf9d1863821846f32cd08b7f9dd84710f2fa08a1,1,8,20271505,image_payload_mb,0.5,0.8589119788555012,549,0.042960959021002054,100,14,0.14,232.0058089059686,232.0058089059686,0.0,12.864077669902912,12.864077669902912,37.89473684210527,36.0,0.3394687162891046,3.3474999999999997,3.3474999999999997,5.0,0.6695,0,0,0,0,4250.499744626173,42.50499744626173,7639.920199714662,487.2128355810036,51.442836761525726,148.4832091456568
06ac6393eee7a87a46f65b36cf9d1863821846f32cd08b7f9dd84710f2fa08a1,1,8,20271505,image_payload_mb,1.0,0.8514081737927643,751,0.042394291958771646,100,10,0.1,236.24103206492507,236.24103206492507,0.0,9.223300970873787,9.223300970873787,37.89473684210527,36.0,0.24339266450916935,2.3724999999999996,2.3724999999999996,5.0,0.4744999999999999,0,0,0,0,4369.516519654091,43.69516519654091,8186.932132062973,531.2295808074643,53.21320629741957,100.42238460167526
06ac6393eee7a87a46f65b36cf9d1863821846f32cd08b7f9dd84710f2fa08a1,1,8,20271505,uplink_power_w,0.1,0.8644380743668083,531,0.03232837491668761,100,14,0.14,231.85006251292984,231.85006251292984,0.0,12.864077669902912,12.864077669902912,37.89473684210527,36.0,0.3394687162891046,3.3474999999999997,3.3474999999999997,5.0,0.6695,0,0,0,0,4240.596729179597,42.40596729179597,7593.131796425157,522.711732254091,52.2711732254091,148.4832091456568
06ac6393eee7a87a46f65b36cf9d1863821846f32cd08b7f9dd84710f2fa08a1,1,8,20271505,uplink_power_w,0.2,0.8589119788555012,549,0.03368100000079721,100,14,0.14,232.0058089059686,232.0058089059686,0.0,12.864077669902912,12.864077669902912,37.89473684210527,36.0,0.3394687162891046,3.3474999999999997,3.3474999999999997,5.0,0.6695,0,0,0,0,4250.499744626173,42.50499744626173,7639.920199714662,487.2128355810036,51.442836761525726,148.4832091456568
06ac6393eee7a87a46f65b36cf9d1863821846f32cd08b7f9dd84710f2fa08a1,1,8,20271505,uplink_power_w,0.4,0.8585989402625426,531,0.03381762490607798,100,14,0.14,232.07858952784224,232.07858952784224,0.0,13.106796116504855,13.106796116504855,37.89473684210527,36.0,0.34587378640776695,3.3474999999999997,3.3474999999999997,5.0,0.6695,0,0,0,0,4253.031983622537,42.530319836225374,7650.695010163805,492.95244799201527,49.643583128950944,152.18923933209643
06ac6393eee7a87a46f65b36cf9d1863821846f32cd08b7f9dd84710f2fa08a1,1,8,20271505,downlink_power_w,0.5,0.8624253428616048,531,0.034558083047159016,100,13,0.13,232.95320919546216,232.95320919546216,0.0,11.893203883495145,11.893203883495145,37.89473684210527,36.0,0.3138484358144552,3.10375,3.10375,5.0,0.6207499999999999,0,0,0,0,4264.8187587742495,42.6481875877425,7704.74299856678,544.0150720367197,57.15373590609874,134.3509875208804
06ac6393eee7a87a46f65b36cf9d1863821846f32cd08b7f9dd84710f2fa08a1,1,8,20271505,downlink_power_w,1.0,0.8589119788555012,549,0.0342959170229733,100,14,0.14,232.0058089059686,232.0058089059686,0.0,12.864077669902912,12.864077669902912,37.89473684210527,36.0,0.3394687162891046,3.3474999999999997,3.3474999999999997,5.0,0.6695,0,0,0,0,4250.499744626173,42.50499744626173,7639.920199714662,487.2128355810036,51.442836761525726,148.4832091456568
06ac6393eee7a87a46f65b36cf9d1863821846f32cd08b7f9dd84710f2fa08a1,1,8,20271505,downlink_power_w,2.0,0.866681508565054,545,0.028853625059127808,100,15,0.15,231.01936906101102,231.01936906101102,0.0,13.592233009708735,13.592233009708735,37.89473684210527,36.0,0.3586839266450916,3.5912499999999996,3.5912499999999996,5.0,0.7182499999999999,0,0,0,0,4214.734099526406,42.14734099526406,7474.394728788074,502.44992076794813,52.98191920486521,159.82338099243054
06ac6393eee7a87a46f65b36cf9d1863821846f32cd08b7f9dd84710f2fa08a1,1,8,20271505,path_loss_exponent,3.0,0.8803259471729679,709,0.03699133300688118,100,16,0.16,228.0466771814866,228.0466771814866,0.0,14.320388349514563,14.320388349514563,37.89473684210527,36.0,0.3778991370010787,3.835,3.835,5.0,0.767,0,0,0,0,4106.15166298125,41.0615166298125,6977.844519920298,562.6148418228835,65.28249501857603,171.86409450525628
06ac6393eee7a87a46f65b36cf9d1863821846f32cd08b7f9dd84710f2fa08a1,1,8,20271505,path_loss_exponent,3.5,0.8589119788555012,549,0.0288335420191288,100,14,0.14,232.0058089059686,232.0058089059686,0.0,12.864077669902912,12.864077669902912,37.89473684210527,36.0,0.3394687162891046,3.3474999999999997,3.3474999999999997,5.0,0.6695,0,0,0,0,4250.499744626173,42.50499744626173,7639.920199714662,487.2128355810036,51.442836761525726,148.4832091456568
06ac6393eee7a87a46f65b36cf9d1863821846f32cd08b7f9dd84710f2fa08a1,1,8,20271505,path_loss_exponent,3.8,0.8496448371917263,545,0.02838370797690004,100,12,0.12,234.64034339807398,234.64034339807398,0.0,11.16504854368932,11.16504854368932,37.89473684210527,36.0,0.29463322545846815,2.9087499999999995,2.9087499999999995,5.0,0.5817499999999999,0,0,0,0,4331.030001665853,43.31030001665853,8010.600202309414,461.40793210474084,50.016859117855326,124.42554004970368
06ac6393eee7a87a46f65b36cf9d1863821846f32cd08b7f9dd84710f2fa08a1,1,9,20271602,bandwidth_mhz,10.0,0.8626614942146424,352,0.01918154105078429,100,11,0.11,235.03553629590314,235.03553629590314,0.0,10.194174757281553,10.194174757281553,37.89473684210527,36.0,0.2690129449838187,2.6649999999999996,2.6649999999999996,5.0,0.5329999999999999,0,0,0,0,4326.474665188467,43.26474665188467,7989.0435481989825,549.3298785309645,58.504381725671,112.00332042058659
06ac6393eee7a87a46f65b36cf9d1863821846f32cd08b7f9dd84710f2fa08a1,1,9,20271602,bandwidth_mhz,20.0,0.858509619302367,414,0.02467008400708437,100,15,0.15,231.61009998759985,231.61009998759985,0.0,14.077669902912621,14.077669902912621,37.89473684210527,36.0,0.3714940668824164,3.6399999999999997,3.6399999999999997,5.0,0.728,0,0,0,0,4258.195633429535,42.58195633429535,7675.836581353606,405.2735094766719,42.43875690705326,167.76871915897874
06ac6393eee7a87a46f65b36cf9d1863821846f32cd08b7f9dd84710f2fa08a1,1,9,20271602,bandwidth_mhz,40.0,0.8723825221684004,653,0.03716904099564999,100,18,0.18,227.9670588483625,227.9670588483625,0.0,16.74757281553398,16.74757281553398,37.89473684210527,36.0,0.4419498381877022,4.452500000000001,4.452500000000001,5.0,0.8905000000000001,0,0,0,0,4156.266162714168,41.56266162714168,7207.9246385976085,374.5761936367309,40.257699867077406,217.9884015947807
06ac6393eee7a87a46f65b36cf9d1863821846f32cd08b7f9dd84710f2fa08a1,1,9,20271602,image_payload_mb,0.1,0.8602142828300093,233,0.012378792045637965,100,20,0.2,224.646963726099,224.646963726099,0.0,18.932038834951463,18.932038834951463,37.89473684210527,36.0,0.49959546925566356,4.9075000000000015,4.9075000000000015,5.0,0.9815000000000003,0,0,0,0,4090.190707342628,40.90190707342628,6909.031574862839,279.93957085005997,31.578743141941036,269.59579628132593
06ac6393eee7a87a46f65b36cf9d1863821846f32cd08b7f9dd84710f2fa08a1,1,9,20271602,image_payload_mb,0.5,0.858509619302367,414,0.024692166014574468,100,15,0.15,231.61009998759985,231.61009998759985,0.0,14.077669902912621,14.077669902912621,37.89473684210527,36.0,0.3714940668824164,3.6399999999999997,3.6399999999999997,5.0,0.728,0,0,0,0,4258.195633429535,42.58195633429535,7675.836581353606,405.2735094766719,42.43875690705326,167.76871915897874
06ac6393eee7a87a46f65b36cf9d1863821846f32cd08b7f9dd84710f2fa08a1,1,9,20271602,image_payload_mb,1.0,0.85557852979154,478,0.027238500071689487,100,10,0.1,235.60980645564527,235.60980645564527,0.0,9.223300970873787,9.223300970873787,37.89473684210527,36.0,0.24339266450916935,2.4212499999999997,2.4212499999999997,5.0,0.48424999999999996,0,0,0,0,4357.231881936876,43.57231881936875,8132.941017379508,502.76580908583156,54.10173795065367,100.42238460167526
06ac6393eee7a87a46f65b36cf9d1863821846f32cd08b7f9dd84710f2fa08a1,1,9,20271602,uplink_power_w,0.1,0.8654815547019429,873,0.046388834016397595,100,15,0.15,231.40577404910925,231.40577404910925,0.0,13.834951456310678,13.834951456310678,37.89473684210527,36.0,0.36508899676375395,3.6399999999999997,3.6399999999999997,5.0,0.728,0,0,0,0,4243.6102184935535,42.436102184935535,7607.475387889495,450.25859299702586,45.02585929970258,163.75597323988524
06ac6393eee7a87a46f65b36cf9d1863821846f32cd08b7f9dd84710f2fa08a1,1,9,20271602,uplink_power_w,0.2,0.858509619302367,414,0.024263540981337428,100,15,0.15,231.61009998759985,231.61009998759985,0.0,14.077669902912621,14.077669902912621,37.89473684210527,36.0,0.3714940668824164,3.6399999999999997,3.6399999999999997,5.0,0.728,0,0,0,0,4258.195633429535,42.58195633429535,7675.836581353606,405.2735094766719,42.43875690705326,167.76871915897874
06ac6393eee7a87a46f65b36cf9d1863821846f32cd08b7f9dd84710f2fa08a1,1,9,20271602,uplink_power_w,0.4,0.8597028238140735,501,0.026648791041225195,100,15,0.15,231.80333319843385,231.80333319843385,0.0,14.077669902912621,14.077669902912621,37.89473684210527,36.0,0.3714940668824164,3.6399999999999997,3.6399999999999997,5.0,0.728,0,0,0,0,4256.60937593584,42.5660937593584,7668.688075967364,406.1896765636683,45.87173115762157,167.76871915897874
06ac6393eee7a87a46f65b36cf9d1863821846f32cd08b7f9dd84710f2fa08a1,1,9,20271602,downlink_power_w,0.5,0.8576259626307997,414,0.02314645901788026,100,14,0.14,232.41972841224845,232.41972841224845,0.0,13.106796116504855,13.106796116504855,37.89473684210527,36.0,0.34587378640776695,3.3962499999999998,3.3962499999999998,5.0,0.6792499999999999,0,0,0,0,4277.725638013849,42.77725638013849,7765.826316946,428.2134759428425,44.73692471427403,152.18923933209643
06ac6393eee7a87a46f65b36cf9d1863821846f32cd08b7f9dd84710f2fa08a1,1,9,20271602,downlink_power_w,1.0,0.858509619302367,414,0.028274707961827517,100,15,0.15,231.61009998759985,231.61009998759985,0.0,14.077669902912621,14.077669902912621,37.89473684210527,36.0,0.3714940668824164,3.6399999999999997,3.6399999999999997,5.0,0.728,0,0,0,0,4258.195633429535,42.58195633429535,7675.836581353606,405.2735094766719,42.43875690705326,167.76871915897874
06ac6393eee7a87a46f65b36cf9d1863821846f32cd08b7f9dd84710f2fa08a1,1,9,20271602,downlink_power_w,2.0,0.8619723695032655,501,0.04169454099610448,100,16,0.16,230.77161075686126,230.77161075686126,0.0,14.805825242718447,14.805825242718447,37.89473684210527,36.0,0.39070927723840343,3.88375,3.88375,5.0,0.77675,0,0,0,0,4230.991076654255,42.30991076654255,7549.88138010138,406.6291338697867,42.58625633622664,180.3131570211353
06ac6393eee7a87a46f65b36cf9d1863821846f32cd08b7f9dd84710f2fa08a1,1,9,20271602,path_loss_exponent,3.0,0.8825874259584003,520,0.049601958016864955,100,17,0.17,228.14775825045353,228.14775825045353,0.0,15.29126213592233,15.29126213592233,37.89473684210527,36.0,0.4035194174757281,4.16,4.16,5.0,0.8320000000000001,0,0,0,0,4118.303220519403,41.18303220519403,7031.776383548643,511.06431515605254,57.43432639071368,189.12512716174973
06ac6393eee7a87a46f65b36cf9d1863821846f32cd08b7f9dd84710f2fa08a1,1,9,20271602,path_loss_exponent,3.5,0.858509619302367,414,0.0331292919581756,100,15,0.15,231.61009998759985,231.61009998759985,0.0,14.077669902912621,14.077669902912621,37.89473684210527,36.0,0.3714940668824164,3.6399999999999997,3.6399999999999997,5.0,0.728,0,0,0,0,4258.195633429535,42.58195633429535,7675.836581353606,405.2735094766719,42.43875690705326,167.76871915897874
06ac6393eee7a87a46f65b36cf9d1863821846f32cd08b7f9dd84710f2fa08a1,1,9,20271602,path_loss_exponent,3.8,0.8540718989398853,465,0.03097000007983297,100,12,0.12,233.73772897089776,233.73772897089776,0.0,11.16504854368932,11.16504854368932,37.89473684210527,36.0,0.29463322545846815,2.9087499999999995,2.9087499999999995,5.0,0.5817499999999999,0,0,0,0,4322.576412910445,43.22576412910445,7974.536149410631,423.60886915404313,44.67911755258052,124.42554004970368
06ac6393eee7a87a46f65b36cf9d1863821846f32cd08b7f9dd84710f2fa08a1,2,0,20280729,bandwidth_mhz,10.0,0.8054785487275876,645,0.0478650419972837,100,12,0.12,249.650159603802,249.650159603802,0.0,10.148514851485146,10.148514851485146,37.89473684210527,36.0,0.2678080308030802,2.5999999999999996,2.5999999999999996,5.0,0.5199999999999999,0,0,0,0,4127.299304825312,41.27299304825312,7456.318372825214,596.8348912632044,59.864402101161204,111.44051084608877
06ac6393eee7a87a46f65b36cf9d1863821846f32cd08b7f9dd84710f2fa08a1,2,0,20280729,bandwidth_mhz,20.0,0.8118937042422975,409,0.023486291989684105,100,13,0.13,245.38140012773428,245.38140012773428,0.0,12.871287128712867,12.871287128712867,37.89473684210527,36.0,0.3396589658965895,3.2662499999999994,3.2662499999999994,5.0,0.6532499999999999,0,0,0,0,3961.5516448361636,39.61551644836164,6689.923945612733,863.0727341694118,86.45735482571307,148.59225322782163
06ac6393eee7a87a46f65b36cf9d1863821846f32cd08b7f9dd84710f2fa08a1,2,0,20280729,bandwidth_mhz,40.0,0.816439064679565,715,0.05203099991194904,100,19,0.19,239.57839249250895,239.57839249250895,0.0,17.326732673267326,17.326732673267326,37.89473684210527,36.0,0.4572332233223322,4.468750000000001,4.468750000000001,5.0,0.8937500000000002,0,0,0,0,3859.3475430282488,38.59347543028249,6221.858778515413,556.1098013480962,55.72518502175922,230.60298961236379
06ac6393eee7a87a46f65b36cf9d1863821846f32cd08b7f9dd84710f2fa08a1,2,0,20280729,image_payload_mb,0.1,0.8108805491528661,431,0.026602374971844256,100,21,0.21,235.04934197443464,235.04934197443464,0.0,19.306930693069308,19.306930693069308,37.89473684210527,36.0,0.5094884488448844,4.956250000000002,4.956250000000002,5.0,0.9912500000000003,0,0,0,0,3867.7031184662305,38.677031184662304,6278.880245362393,220.47650512027295,22.868826780637654,279.6719932716568
06ac6393eee7a87a46f65b36cf9d1863821846f32cd08b7f9dd84710f2fa08a1,2,0,20280729,image_payload_mb,0.5,0.8118937042422975,409,0.030463374918326735,100,13,0.13,245.38140012773428,245.38140012773428,0.0,12.871287128712867,12.871287128712867,37.89473684210527,36.0,0.3396589658965895,3.2662499999999994,3.2662499999999994,5.0,0.6532499999999999,0,0,0,0,3961.5516448361636,39.61551644836164,6689.923945612733,863.0727341694118,86.45735482571307,148.59225322782163
06ac6393eee7a87a46f65b36cf9d1863821846f32cd08b7f9dd84710f2fa08a1,2,0,20280729,image_payload_mb,1.0,0.8042821009704363,715,0.04212674999143928,100,11,0.11,250.54041385609133,250.54041385609133,0.0,9.653465346534652,9.653465346534652,37.89473684210527,36.0,0.2547442244224422,2.4375,2.4375,5.0,0.4875,0,0,0,0,4144.514694948614,41.445146949486144,7535.4966124460225,632.2442404786215,63.328404183815465,105.45530030445613
06ac6393eee7a87a46f65b36cf9d1863821846f32cd08b7f9dd84710f2fa08a1,2,0,20280729,uplink_power_w,0.1,0.8118931974618957,409,0.029867833014577627,100,13,0.13,245.37884103119202,245.37884103119202,0.0,12.871287128712867,12.871287128712867,37.89473684210527,36.0,0.3396589658965895,3.2662499999999994,3.2662499999999994,5.0,0.6532499999999999,0,0,0,0,3961.5588410311916,39.615588410311915,6689.922714173922,863.6262876330973,86.36262876330974,148.59225322782163
06ac6393eee7a87a46f65b36cf9d1863821846f32cd08b7f9dd84710f2fa08a1,2,0,20280729,uplink_power_w,0.2,0.8118937042422975,409,0.03605283296201378,100,13,0.13,245.38140012773428,245.38140012773428,0.0,12.871287128712867,12.871287128712867,37.89473684210527,36.0,0.3396589658965895,3.2662499999999994,3.2662499999999994,5.0,0.6532499999999999,0,0,0,0,3961.5516448361636,39.61551644836164,6689.923945612733,863.0727341694118,86.45735482571307,148.59225322782163
06ac6393eee7a87a46f65b36cf9d1863821846f32cd08b7f9dd84710f2fa08a1,2,0,20280729,uplink_power_w,0.4,0.8118813004733572,515,0.04042333399411291,100,14,0.14,245.50562772282382,245.50562772282382,0.0,13.118811881188115,13.118811881188115,37.89473684210527,36.0,0.34619086908690855,3.3312499999999994,3.3312499999999994,5.0,0.6662499999999999,0,0,0,0,3972.7003548578805,39.72700354857881,6740.301765629289,783.3650402144431,78.6975449492027,152.37459249132394
06ac6393eee7a87a46f65b36cf9d1863821846f32cd08b7f9dd84710f2fa08a1,2,0,20280729,downlink_power_w,0.5,0.806553986561443,661,0.035859666066244245,100,15,0.15,246.77574423563735,246.77574423563735,0.0,12.871287128712867,12.871287128712867,37.89473684210527,36.0,0.3396589658965895,3.331249999999999,3.331249999999999,5.0,0.6662499999999998,0,0,0,0,4052.6663585969477,40.52666358596948,7110.845624607591,562.498319902023,56.37497383939792,148.59225322782163
06ac6393eee7a87a46f65b36cf9d1863821846f32cd08b7f9dd84710f2fa08a1,2,0,20280729,downlink_power_w,1.0,0.8118937042422975,409,0.023790125036612153,100,13,0.13,245.38140012773428,245.38140012773428,0.0,12.871287128712867,12.871287128712867,37.89473684210527,36.0,0.3396589658965895,3.2662499999999994,3.2662499999999994,5.0,0.6532499999999999,0,0,0,0,3961.5516448361636,39.61551644836164,6689.923945612733,863.0727341694118,86.45735482571307,148.59225322782163
06ac6393eee7a87a46f65b36cf9d1863821846f32cd08b7f9dd84710f2fa08a1,2,0,20280729,downlink_power_w,2.0,0.8156719015929309,416,0.02645458304323256,100,15,0.15,243.5986845152305,243.5986845152305,0.0,13.861386138613858,13.861386138613858,37.89473684210527,36.0,0.3657865786578656,3.5749999999999997,3.5749999999999997,5.0,0.715,0,0,0,0,3924.086445607912,39.24086445607912,6517.1648087342755,774.9073018746793,77.65391561838005,164.18907198612303
06ac6393eee7a87a46f65b36cf9d1863821846f32cd08b7f9dd84710f2fa08a1,2,0,20280729,path_loss_exponent,3.0,0.8186234044052533,392,0.023892332916148007,100,16,0.16,239.73008193461735,239.73008193461735,0.0,15.346534653465344,15.346534653465344,37.89473684210527,36.0,0.4049779977997799,3.94875,3.94875,5.0,0.78975,0,0,0,0,3841.5831595295067,38.41583159529507,6142.7754563849785,733.7949399724748,73.4660240611336,190.15253062167776
06ac6393eee7a87a46f65b36cf9d1863821846f32cd08b7f9dd84710f2fa08a1,2,0,20280729,path_loss_exponent,3.5,0.8118937042422975,409,0.02983429201412946,100,13,0.13,245.38140012773428,245.38140012773428,0.0,12.871287128712867,12.871287128712867,37.89473684210527,36.0,0.3396589658965895,3.2662499999999994,3.2662499999999994,5.0,0.6532499999999999,0,0,0,0,3961.5516448361636,39.61551644836164,6689.923945612733,863.0727341694118,86.45735482571307,148.59225322782163
06ac6393eee7a87a46f65b36cf9d1863821846f32cd08b7f9dd84710f2fa08a1,2,0,20280729,path_loss_exponent,3.8,0.8041423235993229,639,0.044487625011242926,100,14,0.14,248.67494798931264,248.67494798931264,0.0,11.633663366336629,11.633663366336629,37.89473684210527,36.0,0.30699944994499434,3.0062499999999996,3.0062499999999996,5.0,0.60125,0,0,0,0,4098.998767815663,40.98998767815663,7323.20006271212,569.1619124209191,57.147336579945396,130.750074412144
06ac6393eee7a87a46f65b36cf9d1863821846f32cd08b7f9dd84710f2fa08a1,2,1,20280826,bandwidth_mhz,10.0,0.8082862354542836,649,0.04036266589537263,100,10,0.1,247.87860596701356,247.87860596701356,0.0,9.405940594059404,9.405940594059404,37.89473684210527,36.0,0.2482123212321231,2.3724999999999996,2.3724999999999996,5.0,0.4744999999999999,0,0,0,0,4071.5303855146185,40.71530385514618,7204.372141943203,770.4978527239501,77.21419432029913,102.5406987378818
06ac6393eee7a87a46f65b36cf9d1863821846f32cd08b7f9dd84710f2fa08a1,2,1,20280826,bandwidth_mhz,20.0,0.8139393442786221,470,0.031241083052009344,100,15,0.15,243.4398544618705,243.4398544618705,0.0,13.861386138613856,13.861386138613856,37.89473684210527,36.0,0.3657865786578656,3.5099999999999993,3.5099999999999993,5.0,0.7019999999999998,0,0,0,0,3983.9696074216904,39.8396960742169,6801.232726542226,553.7847561265412,55.51510281506112,164.18907198612303
06ac6393eee7a87a46f65b36cf9d1863821846f32cd08b7f9dd84710f2fa08a1,2,1,20280826,bandwidth_mhz,40.0,0.8171862144724478,845,0.055118042044341564,100,19,0.19,239.2957456370975,239.2957456370975,0.0,17.326732673267326,17.326732673267326,37.89473684210527,36.0,0.4572332233223322,4.468750000000001,4.468750000000001,5.0,0.8937500000000002,0,0,0,0,3917.494847263178,39.17494847263178,6498.731518720839,374.38897160751435,38.500985307275975,230.60298961236379
06ac6393eee7a87a46f65b36cf9d1863821846f32cd08b7f9dd84710f2fa08a1,2,1,20280826,image_payload_mb,0.1,0.8081901472260535,100,0.0058757500955834985,100,19,0.19,240.41506537904652,240.41506537904652,0.0,18.811881188118814,18.811881188118814,37.89473684210527,36.0,0.49642464246424645,4.972500000000001,4.972500000000001,5.0,0.9945000000000002,0,0,0,0,3939.088475043089,39.39088475043089,6595.871910519616,338.2065539077513,35.3637115587442,266.4500273074823
06ac6393eee7a87a46f65b36cf9d1863821846f32cd08b7f9dd84710f2fa08a1,2,1,20280826,image_payload_mb,0.5,0.8139393442786221,470,0.03112099994905293,100,15,0.15,243.4398544618705,243.4398544618705,0.0,13.861386138613856,13.861386138613856,37.89473684210527,36.0,0.3657865786578656,3.5099999999999993,3.5099999999999993,5.0,0.7019999999999998,0,0,0,0,3983.9696074216904,39.8396960742169,6801.232726542226,553.7847561265412,55.51510281506112,164.18907198612303
06ac6393eee7a87a46f65b36cf9d1863821846f32cd08b7f9dd84710f2fa08a1,2,1,20280826,image_payload_mb,1.0,0.8069807671525445,574,0.03321891697123647,100,9,0.09,248.99292134831168,248.99292134831168,0.0,8.663366336633661,8.663366336633661,37.89473684210527,36.0,0.22861661166116604,2.1774999999999998,2.1774999999999998,5.0,0.43549999999999994,0,0,0,0,4089.7285945546537,40.897285945546535,7287.169041063417,853.5285607615454,85.44900704634301,94.09305642214099
06ac6393eee7a87a46f65b36cf9d1863821846f32cd08b7f9dd84710f2fa08a1,2,1,20280826,uplink_power_w,0.1,0.8139392133654518,470,0.02556112501770258,100,15,0.15,243.43488878156742,243.43488878156742,0.0,13.861386138613856,13.861386138613856,37.89473684210527,36.0,0.3657865786578656,3.5099999999999993,3.5099999999999993,5.0,0.7019999999999998,0,0,0,0,3983.9748887815676,39.839748887815674,6801.231205270178,554.136846785037,55.4136846785037,164.18907198612303
06ac6393eee7a87a46f65b36cf9d1863821846f32cd08b7f9dd84710f2fa08a1,2,1,20280826,uplink_power_w,0.2,0.8139393442786221,470,0.035498833982273936,100,15,0.15,243.4398544618705,243.4398544618705,0.0,13.861386138613856,13.861386138613856,37.89473684210527,36.0,0.3657865786578656,3.5099999999999993,3.5099999999999993,5.0,0.7019999999999998,0,0,0,0,3983.9696074216904,39.8396960742169,6801.232726542226,553.7847561265412,55.51510281506112,164.18907198612303
06ac6393eee7a87a46f65b36cf9d1863821846f32cd08b7f9dd84710f2fa08a1,2,1,20280826,uplink_power_w,0.4,0.813939424703749,470,0.03202079201582819,100,15,0.15,243.4515097507693,243.4515097507693,0.0,13.861386138613856,13.861386138613856,37.89473684210527,36.0,0.3657865786578656,3.5099999999999993,3.5099999999999993,5.0,0.7019999999999998,0,0,0,0,3983.9660719051053,39.839660719051054,6801.235411151664,553.5490550208805,55.69407677761081,164.18907198612303
06ac6393eee7a87a46f65b36cf9d1863821846f32cd08b7f9dd84710f2fa08a1,2,1,20280826,downlink_power_w,0.5,0.812779512828875,470,0.02949900005478412,100,14,0.14,244.7399737999209,244.7399737999209,0.0,12.871287128712867,12.871287128712867,37.89473684210527,36.0,0.3396589658965895,3.2662499999999994,3.2662499999999994,5.0,0.6532499999999999,0,0,0,0,4001.5908985375904,40.0159089853759,6880.472875751706,622.1862137429539,62.3482679790101,148.59225322782163
06ac6393eee7a87a46f65b36cf9d1863821846f32cd08b7f9dd84710f2fa08a1,2,1,20280826,downlink_power_w,1.0,0.8139393442786221,470,0.041504416964016855,100,15,0.15,243.4398544618705,243.4398544618705,0.0,13.861386138613856,13.861386138613856,37.89473684210527,36.0,0.3657865786578656,3.5099999999999993,3.5099999999999993,5.0,0.7019999999999998,0,0,0,0,3983.9696074216904,39.8396960742169,6801.232726542226,553.7847561265412,55.51510281506112,164.18907198612303
06ac6393eee7a87a46f65b36cf9d1863821846f32cd08b7f9dd84710f2fa08a1,2,1,20280826,downlink_power_w,2.0,0.8151268593177708,432,0.03441216691862792,100,16,0.16,242.39616506809236,242.39616506809236,0.0,14.603960396039602,14.603960396039602,37.89473684210527,36.0,0.3853822882288228,3.705,3.705,5.0,0.741,0,0,0,0,3966.604343995238,39.66604343995238,6722.019987561405,511.0145917708466,51.24922258776224,176.75690793153592
06ac6393eee7a87a46f65b36cf9d1863821846f32cd08b7f9dd84710f2fa08a1,2,1,20280826,path_loss_exponent,3.0,0.818812321112395,444,0.030463750008493662,100,17,0.17,239.8710433186499,239.8710433186499,0.0,15.84158415841584,15.84158415841584,37.89473684210527,36.0,0.4180418041804179,4.03,4.03,5.0,0.806,0,0,0,0,3916.6034719642876,39.16603471964287,6495.20256846163,471.2083475045325,47.20990950765377,199.58412098298666
06ac6393eee7a87a46f65b36cf9d1863821846f32cd08b7f9dd84710f2fa08a1,2,1,20280826,path_loss_exponent,3.5,0.8139393442786221,470,0.030431916937232018,100,15,0.15,243.4398544618705,243.4398544618705,0.0,13.861386138613856,13.861386138613856,37.89473684210527,36.0,0.3657865786578656,3.5099999999999993,3.5099999999999993,5.0,0.7019999999999998,0,0,0,0,3983.9696074216904,39.8396960742169,6801.232726542226,553.7847561265412,55.51510281506112,164.18907198612303
06ac6393eee7a87a46f65b36cf9d1863821846f32cd08b7f9dd84710f2fa08a1,2,1,20280826,path_loss_exponent,3.8,0.8097805147427674,1007,0.06706208304967731,100,12,0.12,247.11522692794676,247.11522692794676,0.0,11.386138613861384,11.386138613861384,37.89473684210527,36.0,0.30046754675467535,2.8599999999999994,2.8599999999999994,5.0,0.5719999999999998,0,0,0,0,4038.881952079028,40.38881952079028,7049.697992304678,746.1144457442695,74.83269205641379,127.38156084136027
06ac6393eee7a87a46f65b36cf9d1863821846f32cd08b7f9dd84710f2fa08a1,2,2,20280923,bandwidth_mhz,10.0,0.8006455412038564,813,0.04203345801215619,100,10,0.1,248.3328583317337,248.3328583317337,0.0,9.158415841584157,9.158415841584157,37.89473684210527,36.0,0.24168041804180412,2.34,2.34,5.0,0.46799999999999997,0,0,0,0,4097.064937699239,40.970649376992384,7323.088401588508,686.8174620083918,68.840158850735,99.67630791549549
06ac6393eee7a87a46f65b36cf9d1863821846f32cd08b7f9dd84710f2fa08a1,2,2,20280923,bandwidth_mhz,20.0,0.8086769274438976,732,0.04283658298663795,100,14,0.14,244.01301968738684,244.01301968738684,0.0,13.118811881188115,13.118811881188115,37.89473684210527,36.0,0.34619086908690855,3.3474999999999993,3.3474999999999993,5.0,0.6694999999999999,0,0,0,0,3989.464262485371,39.89464262485371,6826.454853259451,609.3584421780758,61.06094710373946,152.37459249132394
06ac6393eee7a87a46f65b36cf9d1863821846f32cd08b7f9dd84710f2fa08a1,2,2,20280923,bandwidth_mhz,40.0,0.8135192288755866,921,0.07754362502600998,100,17,0.17,239.48597973484763,239.48597973484763,0.0,16.336633663366335,16.336633663366335,37.89473684210527,36.0,0.431105610561056,4.16,4.16,5.0,0.8320000000000001,0,0,0,0,3897.218320219697,38.97218320219697,6405.247300835806,497.5111369262298,49.84122563557586,209.44887599709926
06ac6393eee7a87a46f65b36cf9d1863821846f32cd08b7f9dd84710f2fa08a1,2,2,20280923,image_payload_mb,0.1,0.8147054117003432,143,0.0078307919902727,100,20,0.2,236.92655172677357,236.92655172677357,0.0,19.05940594059406,19.05940594059406,37.89473684210527,36.0,0.5029565456545655,4.972500000000001,4.972500000000001,5.0,0.9945000000000002,0,0,0,0,3893.5114864831276,38.93511486483128,6394.140213433106,262.6001921879178,27.010671655251738,272.9741319684604
06ac6393eee7a87a46f65b36cf9d1863821846f32cd08b7f9dd84710f2fa08a1,2,2,20280923,image_payload_mb,0.5,0.8086769274438976,732,0.04739920794963837,100,14,0.14,244.01301968738684,244.01301968738684,0.0,13.118811881188115,13.118811881188115,37.89473684210527,36.0,0.34619086908690855,3.3474999999999993,3.3474999999999993,5.0,0.6694999999999999,0,0,0,0,3989.464262485371,39.89464262485371,6826.454853259451,609.3584421780758,61.06094710373946,152.37459249132394
06ac6393eee7a87a46f65b36cf9d1863821846f32cd08b7f9dd84710f2fa08a1,2,2,20280923,image_payload_mb,1.0,0.8035966598942856,678,0.037787958048284054,100,9,0.09,249.21615296624134,249.21615296624134,0.0,8.663366336633661,8.663366336633661,37.89473684210527,36.0,0.22861661166116604,2.1774999999999998,2.1774999999999998,5.0,0.43549999999999994,0,0,0,0,4105.912375413227,41.05912375413227,7362.707309301147,785.0597672697335,78.58992234951651,94.09305642214099
06ac6393eee7a87a46f65b36cf9d1863821846f32cd08b7f9dd84710f2fa08a1,2,2,20280923,uplink_power_w,0.1,0.808676761516732,732,0.050702250096946955,100,14,0.14,244.00905745591692,244.00905745591692,0.0,13.118811881188115,13.118811881188115,37.89473684210527,36.0,0.34619086908690855,3.3474999999999993,3.3474999999999993,5.0,0.6694999999999999,0,0,0,0,3989.4690574559163,39.894690574559164,6826.453581316103,609.7009400741696,60.97009400741697,152.37459249132394
06ac6393eee7a87a46f65b36cf9d1863821846f32cd08b7f9dd84710f2fa08a1,2,2,20280923,uplink_power_w,0.2,0.8086769274438976,732,0.04626125004142523,100,14,0.14,244.01301968738684,244.01301968738684,0.0,13.118811881188115,13.118811881188115,37.89473684210527,36.0,0.34619086908690855,3.3474999999999993,3.3474999999999993,5.0,0.6694999999999999,0,0,0,0,3989.464262485371,39.89464262485371,6826.454853259451,609.3584421780758,61.06094710373946,152.37459249132394
06ac6393eee7a87a46f65b36cf9d1863821846f32cd08b7f9dd84710f2fa08a1,2,2,20280923,uplink_power_w,0.4,0.8083932009636019,696,0.03661083395127207,100,14,0.14,244.00859293729403,244.00859293729403,0.0,13.366336633663362,13.366336633663362,37.89473684210527,36.0,0.3527227722772276,3.3962499999999993,3.3962499999999993,5.0,0.6792499999999999,0,0,0,0,3990.2074930129374,39.90207493012937,6830.046242708726,601.4448027542467,60.445907766224344,156.2332695984703
06ac6393eee7a87a46f65b36cf9d1863821846f32cd08b7f9dd84710f2fa08a1,2,2,20280923,downlink_power_w,0.5,0.8076303064054786,732,0.03954716701991856,100,14,0.14,245.1568681775956,245.1568681775956,0.0,13.366336633663362,13.366336633663362,37.89473684210527,36.0,0.3527227722772276,3.3962499999999998,3.3962499999999998,5.0,0.6792499999999999,0,0,0,0,4017.9687878863747,40.179687878863746,6956.019768269443,584.3944365711629,58.55487638884115,156.2332695984703
06ac6393eee7a87a46f65b36cf9d1863821846f32cd08b7f9dd84710f2fa08a1,2,2,20280923,downlink_power_w,1.0,0.8086769274438976,732,0.038050665985792875,100,14,0.14,244.01301968738684,244.01301968738684,0.0,13.118811881188115,13.118811881188115,37.89473684210527,36.0,0.34619086908690855,3.3474999999999993,3.3474999999999993,5.0,0.6694999999999999,0,0,0,0,3989.464262485371,39.89464262485371,6826.454853259451,609.3584421780758,61.06094710373946,152.37459249132394
06ac6393eee7a87a46f65b36cf9d1863821846f32cd08b7f9dd84710f2fa08a1,2,2,20280923,downlink_power_w,2.0,0.8096478514532908,769,0.04198641702532768,100,15,0.15,242.93822082869502,242.93822082869502,0.0,14.108910891089105,14.108910891089105,37.89473684210527,36.0,0.37231848184818467,3.591249999999999,3.591249999999999,5.0,0.7182499999999998,0,0,0,0,3972.8285013329087,39.728285013329085,6750.832357292389,553.6089288211465,55.49048615926498,168.29116003943466
06ac6393eee7a87a46f65b36cf9d1863821846f32cd08b7f9dd84710f2fa08a1,2,2,20280923,path_loss_exponent,3.0,0.8175746168014437,678,0.03619554091710597,100,16,0.16,239.63678615938403,239.63678615938403,0.0,15.346534653465344,15.346534653465344,37.89473684210527,36.0,0.4049779977997799,3.91625,3.91625,5.0,0.78325,0,0,0,0,3876.449266899248,38.76449266899248,6308.182186492956,612.9266505813542,61.38665580982915,190.15253062167776
06ac6393eee7a87a46f65b36cf9d1863821846f32cd08b7f9dd84710f2fa08a1,2,2,20280923,path_loss_exponent,3.5,0.8086769274438976,732,0.038003207999281585,100,14,0.14,244.01301968738684,244.01301968738684,0.0,13.118811881188115,13.118811881188115,37.89473684210527,36.0,0.34619086908690855,3.3474999999999993,3.3474999999999993,5.0,0.6694999999999999,0,0,0,0,3989.464262485371,39.89464262485371,6826.454853259451,609.3584421780758,61.06094710373946,152.37459249132394
06ac6393eee7a87a46f65b36cf9d1863821846f32cd08b7f9dd84710f2fa08a1,2,2,20280923,path_loss_exponent,3.8,0.8029536003892623,921,0.04810941603500396,100,12,0.12,246.95407624781973,246.95407624781973,0.0,11.386138613861384,11.386138613861384,37.89473684210527,36.0,0.30046754675467535,2.90875,2.90875,5.0,0.58175,0,0,0,0,4062.2840214528305,40.6228402145283,7161.1575552312715,629.6202268944978,63.12960260594038,127.38156084136027
06ac6393eee7a87a46f65b36cf9d1863821846f32cd08b7f9dd84710f2fa08a1,2,3,20281020,bandwidth_mhz,10.0,0.8068833951305611,710,0.03766612499020994,100,10,0.1,249.39045306573095,249.39045306573095,0.0,9.158415841584157,9.158415841584157,37.89473684210527,36.0,0.24168041804180412,2.32375,2.32375,5.0,0.46475,0,0,0,0,4101.161870262847,41.01161870262847,7337.5782272789465,776.5107183691453,77.82272789460502,99.67630791549549
06ac6393eee7a87a46f65b36cf9d1863821846f32cd08b7f9dd84710f2fa08a1,2,3,20281020,bandwidth_mhz,20.0,0.812809487387465,784,0.04139620903879404,100,15,0.15,244.78276695220654,244.78276695220654,0.0,14.108910891089105,14.108910891089105,37.89473684210527,36.0,0.37231848184818467,3.5749999999999993,3.5749999999999993,5.0,0.7149999999999999,0,0,0,0,4008.1126623757364,40.08112662375736,6909.240850412809,559.2196650096374,56.05669418723579,168.29116003943466
06ac6393eee7a87a46f65b36cf9d1863821846f32cd08b7f9dd84710f2fa08a1,2,3,20281020,bandwidth_mhz,40.0,0.8195741963186369,823,0.04387608403339982,100,18,0.18,239.83619676833732,239.83619676833732,0.0,16.83168316831683,16.83168316831683,37.89473684210527,36.0,0.44416941694169404,4.30625,4.30625,5.0,0.8612500000000001,0,0,0,0,3885.8042213429358,38.85804221342936,6347.747218011062,524.9016255449246,52.623222836731074,219.77733795150905
06ac6393eee7a87a46f65b36cf9d1863821846f32cd08b7f9dd84710f2fa08a1,2,3,20281020,image_payload_mb,0.1,0.8105438410310638,100,0.0059458749601617455,100,20,0.2,238.49039375195773,238.49039375195773,0.0,18.811881188118814,18.811881188118814,37.89473684210527,36.0,0.49642464246424645,4.8100000000000005,4.8100000000000005,5.0,0.9620000000000001,0,0,0,0,3916.4040988895645,39.16404098889564,6494.99276880682,293.75491717074885,29.638440341005868,266.4500273074823
06ac6393eee7a87a46f65b36cf9d1863821846f32cd08b7f9dd84710f2fa08a1,2,3,20281020,image_payload_mb,0.5,0.812809487387465,784,0.04056287498679012,100,15,0.15,244.78276695220654,244.78276695220654,0.0,14.108910891089105,14.108910891089105,37.89473684210527,36.0,0.37231848184818467,3.5749999999999993,3.5749999999999993,5.0,0.7149999999999999,0,0,0,0,4008.1126623757364,40.08112662375736,6909.240850412809,559.2196650096374,56.05669418723579,168.29116003943466
06ac6393eee7a87a46f65b36cf9d1863821846f32cd08b7f9dd84710f2fa08a1,2,3,20281020,image_payload_mb,1.0,0.8031387082432216,879,0.044704708037897944,100,9,0.09,250.3273318872876,250.3273318872876,0.0,8.168316831683168,8.168316831683168,37.89473684210527,36.0,0.215552805280528,2.08,2.08,5.0,0.41600000000000004,0,0,0,0,4125.263065989608,41.25263065989608,7449.127333588647,807.2004545673335,80.81484318296494,88.69576650013146
06ac6393eee7a87a46f65b36cf9d1863821846f32cd08b7f9dd84710f2fa08a1,2,3,20281020,uplink_power_w,0.1,0.8128092631937577,784,0.03991475002840161,100,15,0.15,244.77831345743363,244.77831345743363,0.0,14.108910891089105,14.108910891089105,37.89473684210527,36.0,0.37231848184818467,3.5749999999999993,3.5749999999999993,5.0,0.7149999999999999,0,0,0,0,4008.118313457434,40.08118313457434,6909.2393946056845,559.5964037894695,55.959640378946965,168.29116003943466
06ac6393eee7a87a46f65b36cf9d1863821846f32cd08b7f9dd84710f2fa08a1,2,3,20281020,uplink_power_w,0.2,0.812809487387465,784,0.04001787502784282,100,15,0.15,244.78276695220654,244.78276695220654,0.0,14.108910891089105,14.108910891089105,37.89473684210527,36.0,0.37231848184818467,3.5749999999999993,3.5749999999999993,5.0,0.7149999999999999,0,0,0,0,4008.1126623757364,40.08112662375736,6909.240850412809,559.2196650096374,56.05669418723579,168.29116003943466
06ac6393eee7a87a46f65b36cf9d1863821846f32cd08b7f9dd84710f2fa08a1,2,3,20281020,uplink_power_w,0.4,0.8128096134840322,784,0.07550350006204098,100,15,0.15,244.79385629491642,244.79385629491642,0.0,14.108910891089105,14.108910891089105,37.89473684210527,36.0,0.37231848184818467,3.5749999999999993,3.5749999999999993,5.0,0.7149999999999999,0,0,0,0,4008.109014451644,40.08109014451644,6909.243433073761,558.9764700701462,56.22887158398348,168.29116003943466
06ac6393eee7a87a46f65b36cf9d1863821846f32cd08b7f9dd84710f2fa08a1,2,3,20281020,downlink_power_w,0.5,0.8109111192628758,784,0.04984762496314943,100,14,0.14,246.00369030819292,246.00369030819292,0.0,13.118811881188115,13.118811881188115,37.89473684210527,36.0,0.34619086908690855,3.3312499999999994,3.3312499999999994,5.0,0.6662499999999999,0,0,0,0,4027.9348407145476,40.27934840714548,6999.261929560696,614.3997442620501,61.56639719257167,152.37459249132394
06ac6393eee7a87a46f65b36cf9d1863821846f32cd08b7f9dd84710f2fa08a1,2,3,20281020,downlink_power_w,1.0,0.812809487387465,784,0.10504100006073713,100,15,0.15,244.78276695220654,244.78276695220654,0.0,14.108910891089105,14.108910891089105,37.89473684210527,36.0,0.37231848184818467,3.5749999999999993,3.5749999999999993,5.0,0.7149999999999999,0,0,0,0,4008.1126623757364,40.08112662375736,6909.240850412809,559.2196650096374,56.05669418723579,168.29116003943466
06ac6393eee7a87a46f65b36cf9d1863821846f32cd08b7f9dd84710f2fa08a1,2,3,20281020,downlink_power_w,2.0,0.8150954587814505,698,0.035000208066776395,100,15,0.15,243.29908149119336,243.29908149119336,0.0,14.356435643564351,14.356435643564351,37.89473684210527,36.0,0.37885038503850366,3.656249999999999,3.656249999999999,5.0,0.7312499999999998,0,0,0,0,3941.265980740114,39.41265980740114,6599.830498941516,685.2525275344423,68.69992943449857,172.47952180650861
06ac6393eee7a87a46f65b36cf9d1863821846f32cd08b7f9dd84710f2fa08a1,2,3,20281020,path_loss_exponent,3.0,0.8182664896428641,698,0.03556195902638137,100,16,0.16,239.5683298518775,239.5683298518775,0.0,15.346534653465344,15.346534653465344,37.89473684210527,36.0,0.4049779977997799,3.94875,3.94875,5.0,0.78975,0,0,0,0,3860.4214408240205,38.6042144082402,6232.6592778389795,661.1875208795916,66.20486493617362,190.15253062167776
06ac6393eee7a87a46f65b36cf9d1863821846f32cd08b7f9dd84710f2fa08a1,2,3,20281020,path_loss_exponent,3.5,0.812809487387465,784,0.053302459069527686,100,15,0.15,244.78276695220654,244.78276695220654,0.0,14.108910891089105,14.108910891089105,37.89473684210527,36.0,0.37231848184818467,3.5749999999999993,3.5749999999999993,5.0,0.7149999999999999,0,0,0,0,4008.1126623757364,40.08112662375736,6909.240850412809,559.2196650096374,56.05669418723579,168.29116003943466
06ac6393eee7a87a46f65b36cf9d1863821846f32cd08b7f9dd84710f2fa08a1,2,3,20281020,path_loss_exponent,3.8,0.8072634680783798,725,0.0407979580340907,100,12,0.12,248.29935167017194,248.29935167017194,0.0,11.138613861386137,11.138613861386137,37.89473684210527,36.0,0.29393564356435636,2.8437499999999996,2.8437499999999996,5.0,0.5687499999999999,0,0,0,0,4067.4248842233665,40.674248842233666,7179.276491464722,727.9983128002546,73.04095539345086,124.07537248028042
06ac6393eee7a87a46f65b36cf9d1863821846f32cd08b7f9dd84710f2fa08a1,2,4,20281117,bandwidth_mhz,10.0,0.807530372258285,541,0.02926512504927814,100,10,0.1,249.48018839297313,249.48018839297313,0.0,9.405940594059404,9.405940594059404,37.89473684210527,36.0,0.2482123212321231,2.3724999999999996,2.3724999999999996,5.0,0.4744999999999999,0,0,0,0,4075.4100303796627,40.754100303796626,7215.320493941891,918.4623392283642,92.04939418904955,102.5406987378818
06ac6393eee7a87a46f65b36cf9d1863821846f32cd08b7f9dd84710f2fa08a1,2,4,20281117,bandwidth_mhz,20.0,0.8121791131638714,451,0.024185749934986234,100,14,0.14,244.47721218135388,244.47721218135388,0.0,13.118811881188115,13.118811881188115,37.89473684210527,36.0,0.34619086908690855,3.331249999999999,3.331249999999999,5.0,0.6662499999999998,0,0,0,0,3978.526790922372,39.78526790922372,6772.561438914545,685.2533305353019,68.67420818183137,152.37459249132394
06ac6393eee7a87a46f65b36cf9d1863821846f32cd08b7f9dd84710f2fa08a1,2,4,20281117,bandwidth_mhz,40.0,0.814649836811352,370,0.022339042043313384,100,17,0.17,239.0493810651507,239.0493810651507,0.0,16.336633663366335,16.336633663366335,37.89473684210527,36.0,0.431105610561056,4.14375,4.14375,5.0,0.82875,0,0,0,0,3865.6200488509166,38.656200488509164,6257.767808238744,568.2010564097574,56.92989639667077,209.44887599709926
06ac6393eee7a87a46f65b36cf9d1863821846f32cd08b7f9dd84710f2fa08a1,2,4,20281117,image_payload_mb,0.1,0.813873489780302,222,0.012327417032793164,100,20,0.2,239.50148584905767,239.50148584905767,0.0,19.05940594059406,19.05940594059406,37.89473684210527,36.0,0.5029565456545655,4.923750000000001,4.923750000000001,5.0,0.9847500000000002,0,0,0,0,3955.2990732742933,39.552990732742934,6674.892441578446,231.97953174618368,24.622078922265917,272.9741319684604
06ac6393eee7a87a46f65b36cf9d1863821846f32cd08b7f9dd84710f2fa08a1,2,4,20281117,image_payload_mb,0.5,0.8121791131638714,451,0.02442104194778949,100,14,0.14,244.47721218135388,244.47721218135388,0.0,13.118811881188115,13.118811881188115,37.89473684210527,36.0,0.34619086908690855,3.331249999999999,3.331249999999999,5.0,0.6662499999999998,0,0,0,0,3978.526790922372,39.78526790922372,6772.561438914545,685.2533305353019,68.67420818183137,152.37459249132394
06ac6393eee7a87a46f65b36cf9d1863821846f32cd08b7f9dd84710f2fa08a1,2,4,20281117,image_payload_mb,1.0,0.801332611947888,552,0.02916775003541261,100,10,0.1,250.7228393902181,250.7228393902181,0.0,8.91089108910891,8.91089108910891,37.89473684210527,36.0,0.2351485148514851,2.2424999999999997,2.2424999999999997,5.0,0.44849999999999995,0,0,0,0,4143.5374562260995,41.435374562260996,7531.89796141401,696.8847811859752,69.79614140097495,96.86084142394822
06ac6393eee7a87a46f65b36cf9d1863821846f32cd08b7f9dd84710f2fa08a1,2,4,20281117,uplink_power_w,0.1,0.8121787315410535,451,0.023906582966446877,100,14,0.14,244.47372730318233,244.47372730318233,0.0,13.118811881188115,13.118811881188115,37.89473684210527,36.0,0.34619086908690855,3.331249999999999,3.331249999999999,5.0,0.6662499999999998,0,0,0,0,3978.533727303182,39.78533727303182,6772.56004830083,685.7487863074124,68.57487863074125,152.37459249132394
06ac6393eee7a87a46f65b36cf9d1863821846f32cd08b7f9dd84710f2fa08a1,2,4,20281117,uplink_power_w,0.2,0.8121791131638714,451,0.023996374919079244,100,14,0.14,244.47721218135388,244.47721218135388,0.0,13.118811881188115,13.118811881188115,37.89473684210527,36.0,0.34619086908690855,3.331249999999999,3.331249999999999,5.0,0.6662499999999998,0,0,0,0,3978.526790922372,39.78526790922372,6772.561438914545,685.2533305353019,68.67420818183137,152.37459249132394
06ac6393eee7a87a46f65b36cf9d1863821846f32cd08b7f9dd84710f2fa08a1,2,4,20281117,uplink_power_w,0.4,0.8121793303625852,451,0.02407245896756649,100,14,0.14,244.48731097973058,244.48731097973058,0.0,13.118811881188115,13.118811881188115,37.89473684210527,36.0,0.34619086908690855,3.331249999999999,3.331249999999999,5.0,0.6662499999999998,0,0,0,0,3978.5224934345383,39.785224934345386,6772.563888423004,684.9463671185748,68.84917307174291,152.37459249132394
06ac6393eee7a87a46f65b36cf9d1863821846f32cd08b7f9dd84710f2fa08a1,2,4,20281117,downlink_power_w,0.5,0.809575352084852,444,0.023744167061522603,100,13,0.13,246.33352744635573,246.33352744635573,0.0,12.376237623762373,12.376237623762373,37.89473684210527,36.0,0.32659515951595147,3.136249999999999,3.136249999999999,5.0,0.6272499999999999,0,0,0,0,3998.224326552438,39.98224326552438,6859.040650820549,799.0851090509339,80.05006311920363,141.24770267510715
06ac6393eee7a87a46f65b36cf9d1863821846f32cd08b7f9dd84710f2fa08a1,2,4,20281117,downlink_power_w,1.0,0.8121791131638714,451,0.02492154110223055,100,14,0.14,244.47721218135388,244.47721218135388,0.0,13.118811881188115,13.118811881188115,37.89473684210527,36.0,0.34619086908690855,3.331249999999999,3.331249999999999,5.0,0.6662499999999998,0,0,0,0,3978.526790922372,39.78526790922372,6772.561438914545,685.2533305353019,68.67420818183137,152.37459249132394
06ac6393eee7a87a46f65b36cf9d1863821846f32cd08b7f9dd84710f2fa08a1,2,4,20281117,downlink_power_w,2.0,0.8143666257620683,375,0.022095207939855754,100,15,0.15,243.0104930484091,243.0104930484091,0.0,14.108910891089105,14.108910891089105,37.89473684210527,36.0,0.37231848184818467,3.574999999999999,3.574999999999999,5.0,0.7149999999999997,0,0,0,0,3956.9383595808713,39.569383595808716,6675.323825911536,614.2661453519527,61.588394102372185,168.29116003943466
06ac6393eee7a87a46f65b36cf9d1863821846f32cd08b7f9dd84710f2fa08a1,2,4,20281117,path_loss_exponent,3.0,0.817519542067345,317,0.01871762506198138,100,16,0.16,239.22625952247637,239.22625952247637,0.0,15.099009900990097,15.099009900990097,37.89473684210527,36.0,0.39844609460946084,3.8674999999999997,3.8674999999999997,5.0,0.7735,0,0,0,0,3876.0394226901176,38.76039422690118,6308.14836507039,591.873564949137,59.27281689939641,185.59035318322083
06ac6393eee7a87a46f65b36cf9d1863821846f32cd08b7f9dd84710f2fa08a1,2,4,20281117,path_loss_exponent,3.5,0.8121791131638714,451,0.029928332893177867,100,14,0.14,244.47721218135388,244.47721218135388,0.0,13.118811881188115,13.118811881188115,37.89473684210527,36.0,0.34619086908690855,3.331249999999999,3.331249999999999,5.0,0.6662499999999998,0,0,0,0,3978.526790922372,39.78526790922372,6772.561438914545,685.2533305353019,68.67420818183137,152.37459249132394
06ac6393eee7a87a46f65b36cf9d1863821846f32cd08b7f9dd84710f2fa08a1,2,4,20281117,path_loss_exponent,3.8,0.802188097450158,533,0.031065499992109835,100,12,0.12,249.4500504863658,249.4500504863658,0.0,11.138613861386137,11.138613861386137,37.89473684210527,36.0,0.29393564356435636,2.81125,2.81125,5.0,0.5622499999999999,0,0,0,0,4106.575130896457,41.06575130896457,7359.191606560651,657.1855355578698,65.96721338758684,124.07537248028042
06ac6393eee7a87a46f65b36cf9d1863821846f32cd08b7f9dd84710f2fa08a1,2,5,20281214,bandwidth_mhz,10.0,0.8095654752884971,416,0.022051583044230938,100,11,0.11,248.95624686469088,248.95624686469088,0.0,10.396039603960393,10.396039603960393,37.89473684210527,36.0,0.27433993399339923,2.6162499999999995,2.6162499999999995,5.0,0.5232499999999999,0,0,0,0,4106.447036208685,41.06447036208685,7362.720580430865,653.3984542392749,65.50731189677344,114.51392836839108
06ac6393eee7a87a46f65b36cf9d1863821846f32cd08b7f9dd84710f2fa08a1,2,5,20281214,bandwidth_mhz,20.0,0.8141264721371432,691,0.03597479092422873,100,14,0.14,244.1648472326397,244.1648472326397,0.0,13.613861386138609,13.613861386138609,37.89473684210527,36.0,0.3592546754675466,3.428749999999999,3.428749999999999,5.0,0.6857499999999999,0,0,0,0,3989.6158517191516,39.896158517191516,6826.459145407781,612.3902179171453,61.36752912725087,160.17061916514635
06ac6393eee7a87a46f65b36cf9d1863821846f32cd08b7f9dd84710f2fa08a1,2,5,20281214,bandwidth_mhz,40.0,0.8163858584663075,718,0.03744720795657486,100,17,0.17,239.7261171658351,239.7261171658351,0.0,16.83168316831683,16.83168316831683,37.89473684210527,36.0,0.44416941694169404,4.24125,4.24125,5.0,0.84825,0,0,0,0,3901.2585405118625,39.01258540511863,6423.233747907464,489.54857451097797,49.04399455665966,219.77733795150905
06ac6393eee7a87a46f65b36cf9d1863821846f32cd08b7f9dd84710f2fa08a1,2,5,20281214,image_payload_mb,0.1,0.8121038906028172,430,0.020089166006073356,100,20,0.2,238.55509692319714,238.55509692319714,0.0,19.306930693069308,19.306930693069308,37.89473684210527,36.0,0.5094884488448844,4.923750000000001,4.923750000000001,5.0,0.9847500000000002,0,0,0,0,3892.9048335377843,38.92904833537784,6383.497192044318,345.5696836175605,34.85960221588381,279.6719932716568
06ac6393eee7a87a46f65b36cf9d1863821846f32cd08b7f9dd84710f2fa08a1,2,5,20281214,image_payload_mb,0.5,0.8141264721371432,691,0.03548162500374019,100,14,0.14,244.1648472326397,244.1648472326397,0.0,13.613861386138609,13.613861386138609,37.89473684210527,36.0,0.3592546754675466,3.428749999999999,3.428749999999999,5.0,0.6857499999999999,0,0,0,0,3989.6158517191516,39.896158517191516,6826.459145407781,612.3902179171453,61.36752912725087,160.17061916514635
06ac6393eee7a87a46f65b36cf9d1863821846f32cd08b7f9dd84710f2fa08a1,2,5,20281214,image_payload_mb,1.0,0.8070319936125738,469,0.02425799996126443,100,10,0.1,249.82876870011683,249.82876870011683,0.0,9.405940594059404,9.405940594059404,37.89473684210527,36.0,0.2482123212321231,2.3724999999999996,2.3724999999999996,5.0,0.4744999999999999,0,0,0,0,4146.444401121222,41.464444011212215,7549.782772929164,581.8994133843057,58.27729291632873,102.5406987378818
06ac6393eee7a87a46f65b36cf9d1863821846f32cd08b7f9dd84710f2fa08a1,2,5,20281214,uplink_power_w,0.1,0.8141261777688406,691,0.035724124987609684,100,14,0.14,244.1608272077557,244.1608272077557,0.0,13.613861386138609,13.613861386138609,37.89473684210527,36.0,0.3592546754675466,3.428749999999999,3.428749999999999,5.0,0.6857499999999999,0,0,0,0,3989.6208272077556,39.89620827207756,6826.457843853944,612.7456099602551,61.274560996025535,160.17061916514635
06ac6393eee7a87a46f65b36cf9d1863821846f32cd08b7f9dd84710f2fa08a1,2,5,20281214,uplink_power_w,0.2,0.8141264721371432,691,0.0354416249319911,100,14,0.14,244.1648472326397,244.1648472326397,0.0,13.613861386138609,13.613861386138609,37.89473684210527,36.0,0.3592546754675466,3.428749999999999,3.428749999999999,5.0,0.6857499999999999,0,0,0,0,3989.6158517191516,39.896158517191516,6826.459145407781,612.3902179171453,61.36752912725087,160.17061916514635
06ac6393eee7a87a46f65b36cf9d1863821846f32cd08b7f9dd84710f2fa08a1,2,5,20281214,uplink_power_w,0.4,0.8141266512382278,691,0.04062670795246959,100,14,0.14,244.17474951303444,244.17474951303444,0.0,13.613861386138609,13.613861386138609,37.89473684210527,36.0,0.3592546754675466,3.428749999999999,3.428749999999999,5.0,0.6857499999999999,0,0,0,0,3989.6126162205196,39.8961261622052,6826.461449413723,612.1591108719928,61.532100980262555,160.17061916514635
06ac6393eee7a87a46f65b36cf9d1863821846f32cd08b7f9dd84710f2fa08a1,2,5,20281214,downlink_power_w,0.5,0.8124466674161248,598,0.038868083036504686,100,13,0.13,245.40412012727992,245.40412012727992,0.0,12.62376237623762,12.62376237623762,37.89473684210527,36.0,0.3331270627062705,3.184999999999999,3.184999999999999,5.0,0.6369999999999998,0,0,0,0,4011.7368489634473,40.11736848963447,6927.266789917851,665.6428346814777,66.67614752709744,144.88400866068662
06ac6393eee7a87a46f65b36cf9d1863821846f32cd08b7f9dd84710f2fa08a1,2,5,20281214,downlink_power_w,1.0,0.8141264721371432,691,0.05343541700858623,100,14,0.14,244.1648472326397,244.1648472326397,0.0,13.613861386138609,13.613861386138609,37.89473684210527,36.0,0.3592546754675466,3.428749999999999,3.428749999999999,5.0,0.6857499999999999,0,0,0,0,3989.6158517191516,39.896158517191516,6826.459145407781,612.3902179171453,61.36752912725087,160.17061916514635
06ac6393eee7a87a46f65b36cf9d1863821846f32cd08b7f9dd84710f2fa08a1,2,5,20281214,downlink_power_w,2.0,0.8149188975987717,691,0.037626625038683414,100,15,0.15,243.14015899961402,243.14015899961402,0.0,14.603960396039598,14.603960396039598,37.89473684210527,36.0,0.3853822882288227,3.6724999999999994,3.6724999999999994,5.0,0.7344999999999999,0,0,0,0,3973.0299964208166,39.730299964208164,6750.839896795944,558.5761867895787,55.99311972958761,176.75690793153584
06ac6393eee7a87a46f65b36cf9d1863821846f32cd08b7f9dd84710f2fa08a1,2,5,20281214,path_loss_exponent,3.0,0.8179207844517803,544,0.028643874917179346,100,16,0.16,240.2988356651248,240.2988356651248,0.0,15.346534653465344,15.346534653465344,37.89473684210527,36.0,0.4049779977997799,3.9000000000000004,3.9000000000000004,5.0,0.78,0,0,0,0,3896.8715335450997,38.968715335450995,6401.744369729519,589.3183159470592,59.023108095018046,190.15253062167776
06ac6393eee7a87a46f65b36cf9d1863821846f32cd08b7f9dd84710f2fa08a1,2,5,20281214,path_loss_exponent,3.5,0.8141264721371432,691,0.035783750005066395,100,14,0.14,244.1648472326397,244.1648472326397,0.0,13.613861386138609,13.613861386138609,37.89473684210527,36.0,0.3592546754675466,3.428749999999999,3.428749999999999,5.0,0.6857499999999999,0,0,0,0,3989.6158517191516,39.896158517191516,6826.459145407781,612.3902179171453,61.36752912725087,160.17061916514635
06ac6393eee7a87a46f65b36cf9d1863821846f32cd08b7f9dd84710f2fa08a1,2,5,20281214,path_loss_exponent,3.8,0.8071550568040889,559,0.028563624946400523,100,12,0.12,247.4983296787986,247.4983296787986,0.0,11.63366336633663,11.63366336633663,37.89473684210527,36.0,0.3069994499449944,2.9412499999999993,2.9412499999999993,5.0,0.5882499999999998,0,0,0,0,4056.7479460900126,40.567479460900124,7132.439971237464,698.2454330889109,69.99760312198991,130.75007441214402
06ac6393eee7a87a46f65b36cf9d1863821846f32cd08b7f9dd84710f2fa08a1,2,6,20281311,bandwidth_mhz,10.0,0.8055470236505048,451,0.023709916975349188,100,10,0.1,249.42273131569524,249.42273131569524,0.0,9.9009900990099,9.9009900990099,37.89473684210527,36.0,0.2612761276127612,2.5025,2.5025,5.0,0.5005,0,0,0,0,4118.675640340758,41.18675640340758,7420.280560784537,679.1425895485683,68.05607845361153,108.42144452717793
06ac6393eee7a87a46f65b36cf9d1863821846f32cd08b7f9dd84710f2fa08a1,2,6,20281311,bandwidth_mhz,20.0,0.8100517391048201,815,0.041714749997481704,100,13,0.13,244.92546032847147,244.92546032847147,0.0,12.62376237623762,12.62376237623762,37.89473684210527,36.0,0.3331270627062705,3.2337499999999997,3.2337499999999997,5.0,0.6467499999999999,0,0,0,0,4005.178271725628,40.05178271725628,6898.450915681871,653.4445856184352,65.45505245173347,144.88400866068662
06ac6393eee7a87a46f65b36cf9d1863821846f32cd08b7f9dd84710f2fa08a1,2,6,20281311,bandwidth_mhz,40.0,0.818560770839106,972,0.050731000024825335,100,17,0.17,240.0688311533121,240.0688311533121,0.0,16.584158415841582,16.584158415841582,37.89473684210527,36.0,0.43763751375137505,4.24125,4.24125,5.0,0.84825,0,0,0,0,3878.0386461968137,38.780386461968135,6311.80116130043,587.7201818411295,58.89184120174476,214.55312385377178
06ac6393eee7a87a46f65b36cf9d1863821846f32cd08b7f9dd84710f2fa08a1,2,6,20281311,image_payload_mb,0.1,0.8175691923648751,349,0.01650858297944069,100,20,0.2,238.02505510437743,238.02505510437743,0.0,18.81188118811881,18.81188118811881,37.89473684210527,36.0,0.49642464246424634,4.842500000000001,4.842500000000001,5.0,0.9685000000000002,0,0,0,0,3906.0652354569356,39.060652354569356,6448.197587420567,296.81174553928196,29.879371028349226,266.4500273074822
06ac6393eee7a87a46f65b36cf9d1863821846f32cd08b7f9dd84710f2fa08a1,2,6,20281311,image_payload_mb,0.5,0.8100517391048201,815,0.04175229207612574,100,13,0.13,244.92546032847147,244.92546032847147,0.0,12.62376237623762,12.62376237623762,37.89473684210527,36.0,0.3331270627062705,3.2337499999999997,3.2337499999999997,5.0,0.6467499999999999,0,0,0,0,4005.178271725628,40.05178271725628,6898.450915681871,653.4445856184352,65.45505245173347,144.88400866068662
06ac6393eee7a87a46f65b36cf9d1863821846f32cd08b7f9dd84710f2fa08a1,2,6,20281311,image_payload_mb,1.0,0.8034390888224651,451,0.02384195802733302,100,9,0.09,250.1837040517395,250.1837040517395,0.0,8.91089108910891,8.91089108910891,37.89473684210527,36.0,0.2351485148514851,2.25875,2.25875,5.0,0.45175,0,0,0,0,4139.56060208005,41.3956060208005,7517.429505845061,698.76161191497,69.94509389570183,96.86084142394822
06ac6393eee7a87a46f65b36cf9d1863821846f32cd08b7f9dd84710f2fa08a1,2,6,20281311,uplink_power_w,0.1,0.8100516923508901,1072,0.05371708294842392,100,13,0.13,244.92187105539531,244.92187105539531,0.0,12.62376237623762,12.62376237623762,37.89473684210527,36.0,0.3331270627062705,3.2337499999999997,3.2337499999999997,5.0,0.6467499999999999,0,0,0,0,4005.1818710553944,40.051818710553945,6898.449837894279,653.7214571389493,65.37214571389491,144.88400866068662
06ac6393eee7a87a46f65b36cf9d1863821846f32cd08b7f9dd84710f2fa08a1,2,6,20281311,uplink_power_w,0.2,0.8100517391048201,815,0.042088374961167574,100,13,0.13,244.92546032847147,244.92546032847147,0.0,12.62376237623762,12.62376237623762,37.89473684210527,36.0,0.3331270627062705,3.2337499999999997,3.2337499999999997,5.0,0.6467499999999999,0,0,0,0,4005.178271725628,40.05178271725628,6898.450915681871,653.4445856184352,65.45505245173347,144.88400866068662
06ac6393eee7a87a46f65b36cf9d1863821846f32cd08b7f9dd84710f2fa08a1,2,6,20281311,uplink_power_w,0.4,0.8100517724131263,815,0.041627250029705465,100,13,0.13,244.93380501111628,244.93380501111628,0.0,12.62376237623762,12.62376237623762,37.89473684210527,36.0,0.3331270627062705,3.2337499999999997,3.2337499999999997,5.0,0.6467499999999999,0,0,0,0,4005.1758587164113,40.051758587164116,6898.452825919322,653.25896952487,65.60199379408718,144.88400866068662
06ac6393eee7a87a46f65b36cf9d1863821846f32cd08b7f9dd84710f2fa08a1,2,6,20281311,downlink_power_w,0.5,0.8071134828386595,509,0.026497457991354167,100,12,0.12,246.2336547434041,246.2336547434041,0.0,12.128712871287126,12.128712871287126,37.89473684210527,36.0,0.3200632563256325,3.0712499999999996,3.0712499999999996,5.0,0.61425,0,0,0,0,4026.607871910218,40.26607871910218,6995.656726243249,712.9747305098774,71.39385360408852,137.681262008292
06ac6393eee7a87a46f65b36cf9d1863821846f32cd08b7f9dd84710f2fa08a1,2,6,20281311,downlink_power_w,1.0,0.8100517391048201,815,0.04275220807176083,100,13,0.13,244.92546032847147,244.92546032847147,0.0,12.62376237623762,12.62376237623762,37.89473684210527,36.0,0.3331270627062705,3.2337499999999997,3.2337499999999997,5.0,0.6467499999999999,0,0,0,0,4005.178271725628,40.05178271725628,6898.450915681871,653.4445856184352,65.45505245173347,144.88400866068662
06ac6393eee7a87a46f65b36cf9d1863821846f32cd08b7f9dd84710f2fa08a1,2,6,20281311,downlink_power_w,2.0,0.8141134983120337,540,0.02803591708652675,100,14,0.14,243.63192342755693,243.63192342755693,0.0,13.366336633663362,13.366336633663362,37.89473684210527,36.0,0.3527227722772276,3.3799999999999994,3.3799999999999994,5.0,0.6759999999999999,0,0,0,0,3940.4341298370296,39.4043412983703,6596.26824512437,760.4902901893672,76.30322316932543,156.2332695984703
06ac6393eee7a87a46f65b36cf9d1863821846f32cd08b7f9dd84710f2fa08a1,2,6,20281311,path_loss_exponent,3.0,0.8193673311417319,903,0.04572204197756946,100,17,0.17,239.29272798969131,239.29272798969131,0.0,16.08910891089109,16.08910891089109,37.89473684210527,36.0,0.424573707370737,4.11125,4.11125,5.0,0.82225,0,0,0,0,3857.5045095335827,38.575045095335824,6218.244511779243,613.4518164834856,61.44186936727118,204.4605090213884
06ac6393eee7a87a46f65b36cf9d1863821846f32cd08b7f9dd84710f2fa08a1,2,6,20281311,path_loss_exponent,3.5,0.8100517391048201,815,0.042587083065882325,100,13,0.13,244.92546032847147,244.92546032847147,0.0,12.62376237623762,12.62376237623762,37.89473684210527,36.0,0.3331270627062705,3.2337499999999997,3.2337499999999997,5.0,0.6467499999999999,0,0,0,0,4005.178271725628,40.05178271725628,6898.450915681871,653.4445856184352,65.45505245173347,144.88400866068662
06ac6393eee7a87a46f65b36cf9d1863821846f32cd08b7f9dd84710f2fa08a1,2,6,20281311,path_loss_exponent,3.8,0.8048585004253,796,0.04116912488825619,100,11,0.11,248.38838661049422,248.38838661049422,0.0,10.89108910891089,10.89108910891089,37.89473684210527,36.0,0.2874037403740373,2.74625,2.74625,5.0,0.54925,0,0,0,0,4105.880068170225,41.05880068170225,7362.656757730087,595.5400382110334,59.70524818963707,120.82979544577378
06ac6393eee7a87a46f65b36cf9d1863821846f32cd08b7f9dd84710f2fa08a1,2,7,20281408,bandwidth_mhz,10.0,0.8056778327963485,664,0.03453137504402548,100,9,0.09,251.18957777674504,251.18957777674504,0.0,8.663366336633661,8.663366336633661,37.89473684210527,36.0,0.22861661166116604,2.21,2.21,5.0,0.442,0,0,0,0,4112.437121779831,41.124371217798306,7384.481519626585,976.6982524479292,97.94662517622362,94.09305642214099
06ac6393eee7a87a46f65b36cf9d1863821846f32cd08b7f9dd84710f2fa08a1,2,7,20281408,bandwidth_mhz,20.0,0.8121328742578545,544,0.028972874977625906,100,12,0.12,245.44082903711754,245.44082903711754,0.0,12.128712871287126,12.128712871287126,37.89473684210527,36.0,0.3200632563256325,3.1037499999999993,3.1037499999999993,5.0,0.6207499999999999,0,0,0,0,3955.1286621323598,39.5512866213236,6661.150082079778,956.373915688332,95.84017331480099,137.681262008292
06ac6393eee7a87a46f65b36cf9d1863821846f32cd08b7f9dd84710f2fa08a1,2,7,20281408,bandwidth_mhz,40.0,0.8163212359564553,555,0.029342708992771804,100,17,0.17,240.04666664593668,240.04666664593668,0.0,16.336633663366335,16.336633663366335,37.89473684210527,36.0,0.431105610561056,4.1925,4.1925,5.0,0.8385,0,0,0,0,3870.4134384011527,38.704134384011525,6275.847926399877,614.871029953065,61.642729404528396,209.44887599709926
06ac6393eee7a87a46f65b36cf9d1863821846f32cd08b7f9dd84710f2fa08a1,2,7,20281408,image_payload_mb,0.1,0.8014017568348579,103,0.005997458007186651,100,20,0.2,237.79967852472862,237.79967852472862,0.0,18.811881188118814,18.811881188118814,37.89473684210527,36.0,0.49642464246424645,4.858750000000001,4.858750000000001,5.0,0.9717500000000001,0,0,0,0,3918.698601534039,39.18698601534039,6509.313175496927,248.48004939444687,25.658774846344627,266.4500273074823
06ac6393eee7a87a46f65b36cf9d1863821846f32cd08b7f9dd84710f2fa08a1,2,7,20281408,image_payload_mb,0.5,0.8121328742578545,544,0.028433915926143527,100,12,0.12,245.44082903711754,245.44082903711754,0.0,12.128712871287126,12.128712871287126,37.89473684210527,36.0,0.3200632563256325,3.1037499999999993,3.1037499999999993,5.0,0.6207499999999999,0,0,0,0,3955.1286621323598,39.5512866213236,6661.150082079778,956.373915688332,95.84017331480099,137.681262008292
06ac6393eee7a87a46f65b36cf9d1863821846f32cd08b7f9dd84710f2fa08a1,2,7,20281408,image_payload_mb,1.0,0.8030850996840044,552,0.02845179196447134,100,8,0.08,252.6603224051912,252.6603224051912,0.0,8.168316831683168,8.168316831683168,37.89473684210527,36.0,0.215552805280528,2.0637499999999998,2.0637499999999998,5.0,0.41274999999999995,0,0,0,0,4152.275191066761,41.52275191066761,7567.997588761161,995.7031168450603,99.69859514524804,88.69576650013146
06ac6393eee7a87a46f65b36cf9d1863821846f32cd08b7f9dd84710f2fa08a1,2,7,20281408,uplink_power_w,0.1,0.8121318242062168,544,0.028131917002610862,100,12,0.12,245.44149793866302,245.44149793866302,0.0,12.128712871287126,12.128712871287126,37.89473684210527,36.0,0.3200632563256325,3.1037499999999993,3.1037499999999993,5.0,0.6207499999999999,0,0,0,0,3955.1414979386636,39.551414979386635,6661.148932279457,957.4435662136264,95.74435662136264,137.681262008292
06ac6393eee7a87a46f65b36cf9d1863821846f32cd08b7f9dd84710f2fa08a1,2,7,20281408,uplink_power_w,0.2,0.8121328742578545,544,0.029189332970418036,100,12,0.12,245.44082903711754,245.44082903711754,0.0,12.128712871287126,12.128712871287126,37.89473684210527,36.0,0.3200632563256325,3.1037499999999993,3.1037499999999993,5.0,0.6207499999999999,0,0,0,0,3955.1286621323598,39.5512866213236,6661.150082079778,956.373915688332,95.84017331480099,137.681262008292
06ac6393eee7a87a46f65b36cf9d1863821846f32cd08b7f9dd84710f2fa08a1,2,7,20281408,uplink_power_w,0.4,0.8121291268632991,552,0.028397667105309665,100,12,0.12,245.46999781166,245.46999781166,0.0,12.376237623762373,12.376237623762373,37.89473684210527,36.0,0.32659515951595147,3.1524999999999994,3.1524999999999994,5.0,0.6304999999999998,0,0,0,0,3955.1441135013856,39.55144113501385,6661.150090968983,954.0950891070164,95.84091408194315,141.24770267510715
06ac6393eee7a87a46f65b36cf9d1863821846f32cd08b7f9dd84710f2fa08a1,2,7,20281408,downlink_power_w,0.5,0.808279551297133,544,0.02801758295390755,100,10,0.1,247.45739257249784,247.45739257249784,0.0,10.64356435643564,10.64356435643564,37.89473684210527,36.0,0.2808718371837182,2.71375,2.71375,5.0,0.5427500000000001,0,0,0,0,4012.5905325341955,40.125905325341954,6927.4227820829565,1021.4100752954045,102.2782082955959,117.64317812410357
06ac6393eee7a87a46f65b36cf9d1863821846f32cd08b7f9dd84710f2fa08a1,2,7,20281408,downlink_power_w,1.0,0.8121328742578545,544,0.027914457954466343,100,12,0.12,245.44082903711754,245.44082903711754,0.0,12.128712871287126,12.128712871287126,37.89473684210527,36.0,0.3200632563256325,3.1037499999999993,3.1037499999999993,5.0,0.6207499999999999,0,0,0,0,3955.1286621323598,39.5512866213236,6661.150082079778,956.373915688332,95.84017331480099,137.681262008292
06ac6393eee7a87a46f65b36cf9d1863821846f32cd08b7f9dd84710f2fa08a1,2,7,20281408,downlink_power_w,2.0,0.8134923545400674,544,0.028077750001102686,100,13,0.13,243.64413230788546,243.64413230788546,0.0,13.118811881188115,13.118811881188115,37.89473684210527,36.0,0.34619086908690855,3.3474999999999997,3.3474999999999997,5.0,0.6695,0,0,0,0,3936.250932480186,39.362509324801856,6578.26964624332,820.7740598306527,82.28048025536842,152.37459249132394
06ac6393eee7a87a46f65b36cf9d1863821846f32cd08b7f9dd84710f2fa08a1,2,7,20281408,path_loss_exponent,3.0,0.8182395012552832,871,0.04583212500438094,100,16,0.16,239.52196695244652,239.52196695244652,0.0,15.346534653465344,15.346534653465344,37.89473684210527,36.0,0.4049779977997799,3.94875,3.94875,5.0,0.78975,0,0,0,0,3860.37450042782,38.603745004278196,6232.654699298713,658.2537461170544,65.91870616953987,190.15253062167776
06ac6393eee7a87a46f65b36cf9d1863821846f32cd08b7f9dd84710f2fa08a1,2,7,20281408,path_loss_exponent,3.5,0.8121328742578545,544,0.028190250042825937,100,12,0.12,245.44082903711754,245.44082903711754,0.0,12.128712871287126,12.128712871287126,37.89473684210527,36.0,0.3200632563256325,3.1037499999999993,3.1037499999999993,5.0,0.6207499999999999,0,0,0,0,3955.1286621323598,39.5512866213236,6661.150082079778,956.373915688332,95.84017331480099,137.681262008292
06ac6393eee7a87a46f65b36cf9d1863821846f32cd08b7f9dd84710f2fa08a1,2,7,20281408,path_loss_exponent,3.8,0.8041001228474578,544,0.02883641596417874,100,9,0.09,250.66532059356896,250.66532059356896,0.0,9.405940594059404,9.405940594059404,37.89473684210527,36.0,0.2482123212321231,2.3887499999999995,2.3887499999999995,5.0,0.4777499999999999,0,0,0,0,4119.517410292679,41.19517410292679,7420.381036460582,866.0604448931093,86.78182895353395,102.5406987378818
06ac6393eee7a87a46f65b36cf9d1863821846f32cd08b7f9dd84710f2fa08a1,2,8,20281505,bandwidth_mhz,10.0,0.8072317989356228,552,0.02894733310677111,100,9,0.09,250.28419714862852,250.28419714862852,0.0,8.91089108910891,8.91089108910891,37.89473684210527,36.0,0.2351485148514851,2.2587499999999996,2.2587499999999996,5.0,0.45174999999999993,0,0,0,0,4066.6927764421584,40.66692776442159,7172.224387028229,1135.6698743713828,113.82078091426047,96.86084142394822
06ac6393eee7a87a46f65b36cf9d1863821846f32cd08b7f9dd84710f2fa08a1,2,8,20281505,bandwidth_mhz,20.0,0.8115297149278283,467,0.027396374964155257,100,14,0.14,245.11102667013841,245.11102667013841,0.0,12.871287128712867,12.871287128712867,37.89473684210527,36.0,0.3396589658965895,3.2987499999999996,3.2987499999999996,5.0,0.65975,0,0,0,0,3981.4385479096804,39.814385479096806,6783.418321388542,725.5897403207655,72.73724203862164,148.59225322782163
06ac6393eee7a87a46f65b36cf9d1863821846f32cd08b7f9dd84710f2fa08a1,2,8,20281505,bandwidth_mhz,40.0,0.8175667668776325,463,0.03236750001087785,100,17,0.17,240.20442054693606,240.20442054693606,0.0,16.336633663366335,16.336633663366335,37.89473684210527,36.0,0.431105610561056,4.1925,4.1925,5.0,0.8385,0,0,0,0,3859.932943904921,38.599329439049214,6225.5195266297005,657.194883115899,65.85450762941427,209.44887599709926
06ac6393eee7a87a46f65b36cf9d1863821846f32cd08b7f9dd84710f2fa08a1,2,8,20281505,image_payload_mb,0.1,0.8116490403247083,271,0.013365250080823898,100,20,0.2,241.50944106921722,241.50944106921722,0.0,18.316831683168317,18.316831683168317,37.89473684210527,36.0,0.4833608360836083,4.810000000000001,4.810000000000001,5.0,0.9620000000000003,0,0,0,0,3992.2798927367435,39.92279892736744,6840.546105487947,260.0979107259087,27.305274397329484,253.89672611125897
06ac6393eee7a87a46f65b36cf9d1863821846f32cd08b7f9dd84710f2fa08a1,2,8,20281505,image_payload_mb,0.5,0.8115297149278283,467,0.024836290976963937,100,14,0.14,245.11102667013841,245.11102667013841,0.0,12.871287128712867,12.871287128712867,37.89473684210527,36.0,0.3396589658965895,3.2987499999999996,3.2987499999999996,5.0,0.65975,0,0,0,0,3981.4385479096804,39.814385479096806,6783.418321388542,725.5897403207655,72.73724203862164,148.59225322782163
06ac6393eee7a87a46f65b36cf9d1863821846f32cd08b7f9dd84710f2fa08a1,2,8,20281505,image_payload_mb,1.0,0.8039875417365875,448,0.025915250065736473,100,9,0.09,252.37976666677386,252.37976666677386,0.0,8.168316831683168,8.168316831683168,37.89473684210527,36.0,0.215552805280528,2.0475,2.0475,5.0,0.4095,0,0,0,0,4153.152331706523,41.53152331706523,7571.596893972853,883.7855342246228,88.54377476137388,88.69576650013146
06ac6393eee7a87a46f65b36cf9d1863821846f32cd08b7f9dd84710f2fa08a1,2,8,20281505,uplink_power_w,0.1,0.8115290878120534,467,0.025988125009462237,100,14,0.14,245.10832325591102,245.10832325591102,0.0,12.871287128712867,12.871287128712867,37.89473684210527,36.0,0.3396589658965895,3.2987499999999996,3.2987499999999996,5.0,0.65975,0,0,0,0,3981.4483232559114,39.81448323255911,6783.416803171072,726.2879793372482,72.6287979337248,148.59225322782163
06ac6393eee7a87a46f65b36cf9d1863821846f32cd08b7f9dd84710f2fa08a1,2,8,20281505,uplink_power_w,0.2,0.8115297149278283,467,0.024517458979971707,100,14,0.14,245.11102667013841,245.11102667013841,0.0,12.871287128712867,12.871287128712867,37.89473684210527,36.0,0.3396589658965895,3.2987499999999996,3.2987499999999996,5.0,0.65975,0,0,0,0,3981.4385479096804,39.814385479096806,6783.418321388542,725.5897403207655,72.73724203862164,148.59225322782163
06ac6393eee7a87a46f65b36cf9d1863821846f32cd08b7f9dd84710f2fa08a1,2,8,20281505,uplink_power_w,0.4,0.8133269494717552,488,0.02607091690879315,100,14,0.14,245.13874952105581,245.13874952105581,0.0,13.118811881188114,13.118811881188114,37.89473684210527,36.0,0.3461908690869085,3.3799999999999994,3.3799999999999994,5.0,0.6759999999999999,0,0,0,0,3973.089767662497,39.73089767662497,6743.861448708474,754.0373834012888,75.81776489097554,152.37459249132388
06ac6393eee7a87a46f65b36cf9d1863821846f32cd08b7f9dd84710f2fa08a1,2,8,20281505,downlink_power_w,0.5,0.8100440128136805,338,0.018656917032785714,100,13,0.13,247.2472477747415,247.2472477747415,0.0,12.128712871287124,12.128712871287124,37.89473684210527,36.0,0.32006325632563243,3.1037499999999993,3.1037499999999993,5.0,0.6207499999999999,0,0,0,0,4000.655893684199,40.00655893684199,6866.328874545918,866.6182521608572,86.83650353212471,137.68126200829198
06ac6393eee7a87a46f65b36cf9d1863821846f32cd08b7f9dd84710f2fa08a1,2,8,20281505,downlink_power_w,1.0,0.8115297149278283,467,0.02433358400594443,100,14,0.14,245.11102667013841,245.11102667013841,0.0,12.871287128712867,12.871287128712867,37.89473684210527,36.0,0.3396589658965895,3.2987499999999996,3.2987499999999996,5.0,0.65975,0,0,0,0,3981.4385479096804,39.814385479096806,6783.418321388542,725.5897403207655,72.73724203862164,148.59225322782163
06ac6393eee7a87a46f65b36cf9d1863821846f32cd08b7f9dd84710f2fa08a1,2,8,20281505,downlink_power_w,2.0,0.8141345880742299,467,0.02442558400798589,100,15,0.15,243.5272813205271,243.5272813205271,0.0,14.108910891089103,14.108910891089103,37.89473684210527,36.0,0.3723184818481846,3.6237499999999994,3.6237499999999994,5.0,0.7247499999999999,0,0,0,0,3955.9336625922297,39.5593366259223,6668.183653264823,653.9530127758816,65.57688432155223,168.29116003943463
06ac6393eee7a87a46f65b36cf9d1863821846f32cd08b7f9dd84710f2fa08a1,2,8,20281505,path_loss_exponent,3.0,0.8187300528526789,463,0.024377500056289136,100,16,0.16,239.8329539111531,239.8329539111531,0.0,15.346534653465344,15.346534653465344,37.89473684210527,36.0,0.4049779977997799,3.94875,3.94875,5.0,0.78975,0,0,0,0,3869.8054426462363,38.69805442646236,6275.837802468613,647.6876347680874,64.86265428826934,190.15253062167776
06ac6393eee7a87a46f65b36cf9d1863821846f32cd08b7f9dd84710f2fa08a1,2,8,20281505,path_loss_exponent,3.5,0.8115297149278283,467,0.024358000024221838,100,14,0.14,245.11102667013841,245.11102667013841,0.0,12.871287128712867,12.871287128712867,37.89473684210527,36.0,0.3396589658965895,3.2987499999999996,3.2987499999999996,5.0,0.65975,0,0,0,0,3981.4385479096804,39.814385479096806,6783.418321388542,725.5897403207655,72.73724203862164,148.59225322782163
06ac6393eee7a87a46f65b36cf9d1863821846f32cd08b7f9dd84710f2fa08a1,2,8,20281505,path_loss_exponent,3.8,0.8070643483243355,463,0.024274625000543892,100,12,0.12,251.6132459074841,251.6132459074841,0.0,11.138613861386135,11.138613861386135,37.89473684210527,36.0,0.2939356435643563,2.86,2.86,5.0,0.572,0,0,0,0,4118.614213847495,41.18614213847495,7406.156337349772,793.775781477647,79.6947791475802,124.07537248028041
06ac6393eee7a87a46f65b36cf9d1863821846f32cd08b7f9dd84710f2fa08a1,2,9,20281602,bandwidth_mhz,10.0,0.8079481856832904,482,0.024870416964404285,100,10,0.1,248.29086738773273,248.29086738773273,0.0,10.148514851485146,10.148514851485146,37.89473684210527,36.0,0.2678080308030802,2.5837499999999998,2.5837499999999998,5.0,0.5167499999999999,0,0,0,0,4047.6194678909987,40.47619467890999,7089.3327861776015,930.5062782537486,93.27861776006218,111.44051084608877
06ac6393eee7a87a46f65b36cf9d1863821846f32cd08b7f9dd84710f2fa08a1,2,9,20281602,bandwidth_mhz,20.0,0.8142075694129294,438,0.02398741606157273,100,14,0.14,243.16402328933802,243.16402328933802,0.0,14.108910891089105,14.108910891089105,37.89473684210527,36.0,0.37231848184818467,3.5912499999999996,3.5912499999999996,5.0,0.7182499999999999,0,0,0,0,3936.932278562897,39.36932278562897,6581.819969177523,726.8715944531906,72.85494125162226,168.29116003943466
06ac6393eee7a87a46f65b36cf9d1863821846f32cd08b7f9dd84710f2fa08a1,2,9,20281602,bandwidth_mhz,40.0,0.8153524855441828,456,0.025149833061732352,100,18,0.18,238.25266941503972,238.25266941503972,0.0,17.326732673267326,17.326732673267326,37.89473684210527,36.0,0.4572332233223322,4.43625,4.43625,5.0,0.8872500000000001,0,0,0,0,3871.3014188792818,38.71301418879282,6286.437306613778,463.92028145884433,46.517034098750685,230.60298961236379
06ac6393eee7a87a46f65b36cf9d1863821846f32cd08b7f9dd84710f2fa08a1,2,9,20281602,image_payload_mb,0.1,0.8079174859609921,261,0.014015916967764497,100,20,0.2,237.50700815163754,237.50700815163754,0.0,19.306930693069308,19.306930693069308,37.89473684210527,36.0,0.5094884488448844,4.891250000000001,4.891250000000001,5.0,0.9782500000000003,0,0,0,0,3928.3390593536515,39.28339059353652,6556.000151708419,197.28097441089852,20.007585420953554,279.6719932716568
06ac6393eee7a87a46f65b36cf9d1863821846f32cd08b7f9dd84710f2fa08a1,2,9,20281602,image_payload_mb,0.5,0.8142075694129294,438,0.024378750007599592,100,14,0.14,243.16402328933802,243.16402328933802,0.0,14.108910891089105,14.108910891089105,37.89473684210527,36.0,0.37231848184818467,3.5912499999999996,3.5912499999999996,5.0,0.7182499999999999,0,0,0,0,3936.932278562897,39.36932278562897,6581.819969177523,726.8715944531906,72.85494125162226,168.29116003943466
06ac6393eee7a87a46f65b36cf9d1863821846f32cd08b7f9dd84710f2fa08a1,2,9,20281602,image_payload_mb,1.0,0.8054835683979148,482,0.027520500007085502,100,9,0.09,249.71263333589337,249.71263333589337,0.0,9.405940594059404,9.405940594059404,37.89473684210527,36.0,0.2482123212321231,2.38875,2.38875,5.0,0.47775,0,0,0,0,4093.4880858999486,40.934880858999485,7301.61743144832,907.246623478601,90.8257164799719,102.5406987378818
06ac6393eee7a87a46f65b36cf9d1863821846f32cd08b7f9dd84710f2fa08a1,2,9,20281602,uplink_power_w,0.1,0.8142067495458937,438,0.024243041989393532,100,14,0.14,243.16274820731778,243.16274820731778,0.0,14.108910891089105,14.108910891089105,37.89473684210527,36.0,0.37231848184818467,3.5912499999999996,3.5912499999999996,5.0,0.7182499999999999,0,0,0,0,3936.942748207318,39.36942748207318,6581.818667196677,727.6194261975478,72.76194261975478,168.29116003943466
06ac6393eee7a87a46f65b36cf9d1863821846f32cd08b7f9dd84710f2fa08a1,2,9,20281602,uplink_power_w,0.2,0.8142075694129294,438,0.02544866595417261,100,14,0.14,243.16402328933802,243.16402328933802,0.0,14.108910891089105,14.108910891089105,37.89473684210527,36.0,0.37231848184818467,3.5912499999999996,3.5912499999999996,5.0,0.7182499999999999,0,0,0,0,3936.932278562897,39.36932278562897,6581.819969177523,726.8715944531906,72.85494125162226,168.29116003943466
06ac6393eee7a87a46f65b36cf9d1863821846f32cd08b7f9dd84710f2fa08a1,2,9,20281602,uplink_power_w,0.4,0.8142080206387595,438,0.026023708982393146,100,14,0.14,243.1726839320813,243.1726839320813,0.0,14.108910891089105,14.108910891089105,37.89473684210527,36.0,0.37231848184818467,3.5912499999999996,3.5912499999999996,5.0,0.7182499999999999,0,0,0,0,3936.9263470388414,39.36926347038841,6581.822294458477,726.4479141635005,73.02103274835268,168.29116003943466
06ac6393eee7a87a46f65b36cf9d1863821846f32cd08b7f9dd84710f2fa08a1,2,9,20281602,downlink_power_w,0.5,0.8117069945675189,438,0.02392200008034706,100,13,0.13,245.0064239823257,245.0064239823257,0.0,13.118811881188115,13.118811881188115,37.89473684210527,36.0,0.34619086908690855,3.3474999999999993,3.3474999999999993,5.0,0.6694999999999999,0,0,0,0,3961.176169636624,39.61176169636624,6689.881580862563,830.4076872489995,83.19852788953791,152.37459249132394
06ac6393eee7a87a46f65b36cf9d1863821846f32cd08b7f9dd84710f2fa08a1,2,9,20281602,downlink_power_w,1.0,0.8142075694129294,438,0.023990915971808136,100,14,0.14,243.16402328933802,243.16402328933802,0.0,14.108910891089105,14.108910891089105,37.89473684210527,36.0,0.37231848184818467,3.5912499999999996,3.5912499999999996,5.0,0.7182499999999999,0,0,0,0,3936.932278562897,39.36932278562897,6581.819969177523,726.8715944531906,72.85494125162226,168.29116003943466
06ac6393eee7a87a46f65b36cf9d1863821846f32cd08b7f9dd84710f2fa08a1,2,9,20281602,downlink_power_w,2.0,0.8156178923930176,416,0.02287491608876735,100,15,0.15,241.80612072538335,241.80612072538335,0.0,15.099009900990094,15.099009900990094,37.89473684210527,36.0,0.3984460946094608,3.8349999999999995,3.8349999999999995,5.0,0.7669999999999999,0,0,0,0,3918.4933430244723,39.184933430244726,6498.973504312855,647.2991817816013,64.90028752363985,185.59035318322083
06ac6393eee7a87a46f65b36cf9d1863821846f32cd08b7f9dd84710f2fa08a1,2,9,20281602,path_loss_exponent,3.0,0.8172836573810747,1044,0.05421866592951119,100,15,0.15,238.65208202779576,238.65208202779576,0.0,15.346534653465342,15.346534653465342,37.89473684210527,36.0,0.40497799779977983,3.91625,3.91625,5.0,0.78325,0,0,0,0,3855.306344451583,38.55306344451583,6214.566553164468,643.6037661504996,64.43687763122405,190.15253062167773
06ac6393eee7a87a46f65b36cf9d1863821846f32cd08b7f9dd84710f2fa08a1,2,9,20281602,path_loss_exponent,3.5,0.8142075694129294,438,0.024156083003617823,100,14,0.14,243.16402328933802,243.16402328933802,0.0,14.108910891089105,14.108910891089105,37.89473684210527,36.0,0.37231848184818467,3.5912499999999996,3.5912499999999996,5.0,0.7182499999999999,0,0,0,0,3936.932278562897,39.36932278562897,6581.819969177523,726.8715944531906,72.85494125162226,168.29116003943466
06ac6393eee7a87a46f65b36cf9d1863821846f32cd08b7f9dd84710f2fa08a1,2,9,20281602,path_loss_exponent,3.8,0.8067642101278637,438,0.023937582969665527,100,11,0.11,247.4018518425608,247.4018518425608,0.0,11.386138613861384,11.386138613861384,37.89473684210527,36.0,0.30046754675467535,2.9087499999999995,2.9087499999999995,5.0,0.5817499999999999,0,0,0,0,4050.1734683835184,40.50173468383518,7103.638903813235,761.1155649330254,76.26398302134923,127.38156084136027
06ac6393eee7a87a46f65b36cf9d1863821846f32cd08b7f9dd84710f2fa08a1,3,0,20290729,bandwidth_mhz,10.0,0.8349825735666484,442,0.02374774997588247,100,12,0.12,237.83219284408898,237.83219284408898,0.0,9.443099273607748,9.443099273607748,37.89473684210527,36.0,0.2491928974979822,2.5999999999999996,2.5999999999999996,5.0,0.5199999999999999,0,0,0,0,4285.139036661575,42.85139036661575,7791.125328530961,558.611381745967,60.444044246797226,102.97500671862402
06ac6393eee7a87a46f65b36cf9d1863821846f32cd08b7f9dd84710f2fa08a1,3,0,20290729,bandwidth_mhz,20.0,0.8399957551558291,444,0.02389175002463162,100,15,0.15,233.53456418734638,233.53456418734638,0.0,12.348668280871669,12.348668280871669,37.89473684210527,36.0,0.325867635189669,3.4124999999999996,3.4124999999999996,5.0,0.6824999999999999,0,0,0,0,4199.353085546843,41.993530855468435,7402.342151886931,429.358651341997,49.476792462117075,140.84705178090388
06ac6393eee7a87a46f65b36cf9d1863821846f32cd08b7f9dd84710f2fa08a1,3,0,20290729,bandwidth_mhz,40.0,0.8450386457285408,429,0.023086917004548013,100,19,0.19,229.25627648069744,229.25627648069744,0.0,15.254237288135593,15.254237288135593,37.89473684210527,36.0,0.4025423728813559,4.225,4.225,5.0,0.845,0,0,0,0,4105.942322209374,41.059423222093734,6973.946260341483,355.89303154968775,39.27686007799961,188.43971631205673
06ac6393eee7a87a46f65b36cf9d1863821846f32cd08b7f9dd84710f2fa08a1,3,0,20290729,image_payload_mb,0.1,0.8347857052538791,108,0.006190375075675547,100,21,0.21,224.11618322312444,224.11618322312444,0.0,17.91767554479419,17.91767554479419,37.89473684210527,36.0,0.4728275490987355,4.92375,4.92375,5.0,0.98475,0,0,0,0,4023.917660572127,40.23917660572127,6606.507682445725,228.04143163543415,24.175354558327097,244.22811941821888
06ac6393eee7a87a46f65b36cf9d1863821846f32cd08b7f9dd84710f2fa08a1,3,0,20290729,image_payload_mb,0.5,0.8399957551558291,444,0.0238207500660792,100,15,0.15,233.53456418734638,233.53456418734638,0.0,12.348668280871669,12.348668280871669,37.89473684210527,36.0,0.325867635189669,3.4124999999999996,3.4124999999999996,5.0,0.6824999999999999,0,0,0,0,4199.353085546843,41.993530855468435,7402.342151886931,429.358651341997,49.476792462117075,140.84705178090388
06ac6393eee7a87a46f65b36cf9d1863821846f32cd08b7f9dd84710f2fa08a1,3,0,20290729,image_payload_mb,1.0,0.8327268918119484,407,0.02176408306695521,100,11,0.11,238.61643970777982,238.61643970777982,0.0,8.716707021791768,8.716707021791768,37.89473684210527,36.0,0.23002421307506052,2.405,2.405,5.0,0.481,0,0,0,0,4309.190036224049,43.091900362240494,7902.67103932201,558.9541221405668,61.00357472816402,94.68553459119497
06ac6393eee7a87a46f65b36cf9d1863821846f32cd08b7f9dd84710f2fa08a1,3,0,20290729,uplink_power_w,0.1,0.8417432240064374,388,0.02123016701079905,100,16,0.16,233.220286984977,233.220286984977,0.0,12.832929782082324,12.832929782082324,37.89473684210527,36.0,0.33864675813828354,3.575,3.575,5.0,0.7150000000000001,0,0,0,0,4179.311196075886,41.793111960758864,7305.174299105199,483.9369407491878,48.393694074918784,148.01281399369466
06ac6393eee7a87a46f65b36cf9d1863821846f32cd08b7f9dd84710f2fa08a1,3,0,20290729,uplink_power_w,0.2,0.8399957551558291,444,0.024837042088620365,100,15,0.15,233.53456418734638,233.53456418734638,0.0,12.348668280871669,12.348668280871669,37.89473684210527,36.0,0.325867635189669,3.4124999999999996,3.4124999999999996,5.0,0.6824999999999999,0,0,0,0,4199.353085546843,41.993530855468435,7402.342151886931,429.358651341997,49.476792462117075,140.84705178090388
06ac6393eee7a87a46f65b36cf9d1863821846f32cd08b7f9dd84710f2fa08a1,3,0,20290729,uplink_power_w,0.4,0.8419486979307694,470,0.02556649991311133,100,15,0.15,234.19627573171334,234.19627573171334,0.0,12.348668280871669,12.348668280871669,37.89473684210527,36.0,0.325867635189669,3.4124999999999996,3.4124999999999996,5.0,0.6824999999999999,0,0,0,0,4186.254408984169,41.862544089841684,7341.34799821571,462.7802138303239,63.19988104726833,140.84705178090388
06ac6393eee7a87a46f65b36cf9d1863821846f32cd08b7f9dd84710f2fa08a1,3,0,20290729,downlink_power_w,0.5,0.8399992266656112,444,0.023748415987938643,100,15,0.15,234.28237183948556,234.28237183948556,0.0,12.348668280871669,12.348668280871669,37.89473684210527,36.0,0.325867635189669,3.4124999999999996,3.4124999999999996,5.0,0.6824999999999999,0,0,0,0,4200.100893198983,42.00100893198983,7402.416932652145,479.21249481794223,54.4621768097116,140.84705178090388
06ac6393eee7a87a46f65b36cf9d1863821846f32cd08b7f9dd84710f2fa08a1,3,0,20290729,downlink_power_w,1.0,0.8399957551558291,444,0.024048915947787464,100,15,0.15,233.53456418734638,233.53456418734638,0.0,12.348668280871669,12.348668280871669,37.89473684210527,36.0,0.325867635189669,3.4124999999999996,3.4124999999999996,5.0,0.6824999999999999,0,0,0,0,4199.353085546843,41.993530855468435,7402.342151886931,429.358651341997,49.476792462117075,140.84705178090388
06ac6393eee7a87a46f65b36cf9d1863821846f32cd08b7f9dd84710f2fa08a1,3,0,20290729,downlink_power_w,2.0,0.8436894882720495,444,0.024661249946802855,100,16,0.16,232.74207666667408,232.74207666667408,0.0,12.832929782082324,12.832929782082324,37.89473684210527,36.0,0.33864675813828354,3.575,3.575,5.0,0.7150000000000001,0,0,0,0,4165.333917004116,41.653339170041164,7244.040021312351,460.3569987635818,52.50133202196523,148.01281399369466
06ac6393eee7a87a46f65b36cf9d1863821846f32cd08b7f9dd84710f2fa08a1,3,0,20290729,path_loss_exponent,3.0,0.8452135214627507,466,0.024822667008265853,100,19,0.19,230.16257704143067,230.16257704143067,0.0,15.012106537530265,15.012106537530265,37.89473684210527,36.0,0.3961528114070486,4.14375,4.14375,5.0,0.82875,0,0,0,0,4106.064338714639,41.06064338714639,6970.451004135498,408.84790294421896,44.78969134198751,184.01202940521267
06ac6393eee7a87a46f65b36cf9d1863821846f32cd08b7f9dd84710f2fa08a1,3,0,20290729,path_loss_exponent,3.5,0.8399957551558291,444,0.02376570797059685,100,15,0.15,233.53456418734638,233.53456418734638,0.0,12.348668280871669,12.348668280871669,37.89473684210527,36.0,0.325867635189669,3.4124999999999996,3.4124999999999996,5.0,0.6824999999999999,0,0,0,0,4199.353085546843,41.993530855468435,7402.342151886931,429.358651341997,49.476792462117075,140.84705178090388
06ac6393eee7a87a46f65b36cf9d1863821846f32cd08b7f9dd84710f2fa08a1,3,0,20290729,path_loss_exponent,3.8,0.8324978506681932,477,0.03974695794750005,100,14,0.14,236.1827127629419,236.1827127629419,0.0,11.622276029055689,11.622276029055689,37.89473684210527,36.0,0.3066989507667473,3.1687499999999997,3.1687499999999997,5.0,0.6337499999999999,0,0,0,0,4251.49290941479,42.5149290941479,7636.3335113211315,490.3283874359316,52.393665795115176,130.59371362048887
06ac6393eee7a87a46f65b36cf9d1863821846f32cd08b7f9dd84710f2fa08a1,3,1,20290826,bandwidth_mhz,10.0,0.8341989365090191,417,0.026996208005584776,100,11,0.11,238.5484294606957,238.5484294606957,0.0,9.443099273607748,9.443099273607748,37.89473684210527,36.0,0.2491928974979822,2.5349999999999997,2.5349999999999997,5.0,0.5069999999999999,0,0,0,0,4293.829096522654,42.93829096522654,7830.729867368847,608.7610407953294,66.35157898608585,102.97500671862402
06ac6393eee7a87a46f65b36cf9d1863821846f32cd08b7f9dd84710f2fa08a1,3,1,20290826,bandwidth_mhz,20.0,0.8404792088952593,478,0.037542040925472975,100,15,0.15,234.21980626821622,234.21980626821622,0.0,12.590799031476996,12.590799031476996,37.89473684210527,36.0,0.33225719666397624,3.412499999999999,3.412499999999999,5.0,0.6824999999999999,0,0,0,0,4194.7155566490355,41.94715556649035,7377.228539388461,489.97479459859255,55.235959230757175,144.39564867042702
06ac6393eee7a87a46f65b36cf9d1863821846f32cd08b7f9dd84710f2fa08a1,3,1,20290826,bandwidth_mhz,40.0,0.8473228442363857,417,0.022637041052803397,100,19,0.19,229.23379912313482,229.23379912313482,0.0,15.738498789346247,15.738498789346247,37.89473684210527,36.0,0.41532149582997036,4.3062499999999995,4.3062499999999995,5.0,0.8612499999999998,0,0,0,0,4065.4667683831503,40.654667683831505,6783.317397973293,448.0339750357014,48.28410385747919,197.58541355113303
06ac6393eee7a87a46f65b36cf9d1863821846f32cd08b7f9dd84710f2fa08a1,3,1,20290826,image_payload_mb,0.1,0.8375487852041293,296,0.015114499954506755,100,20,0.2,225.61518061052735,225.61518061052735,0.0,18.401937046004843,18.401937046004843,37.89473684210527,36.0,0.48560667204735,4.89125,4.89125,5.0,0.9782500000000001,0,0,0,0,4031.9548288389674,40.319548288389676,6638.979170773393,281.7320277224415,28.958538669659287,256.0094142259414
06ac6393eee7a87a46f65b36cf9d1863821846f32cd08b7f9dd84710f2fa08a1,3,1,20290826,image_payload_mb,0.5,0.8404792088952593,478,0.02535512507893145,100,15,0.15,234.21980626821622,234.21980626821622,0.0,12.590799031476996,12.590799031476996,37.89473684210527,36.0,0.33225719666397624,3.412499999999999,3.412499999999999,5.0,0.6824999999999999,0,0,0,0,4194.7155566490355,41.94715556649035,7377.228539388461,489.97479459859255,55.235959230757175,144.39564867042702
06ac6393eee7a87a46f65b36cf9d1863821846f32cd08b7f9dd84710f2fa08a1,3,1,20290826,image_payload_mb,1.0,0.8315314242165649,417,0.022387624951079488,100,10,0.1,239.32108202809584,239.32108202809584,0.0,8.47457627118644,8.47457627118644,37.89473684210527,36.0,0.22363465160075324,2.29125,2.29125,5.0,0.45824999999999994,0,0,0,0,4324.733240414805,43.24733240414805,7974.644333568175,581.3107000613614,64.43335681742721,92.01334141904182
06ac6393eee7a87a46f65b36cf9d1863821846f32cd08b7f9dd84710f2fa08a1,3,1,20290826,uplink_power_w,0.1,0.8404649981563237,478,0.02558004204183817,100,15,0.15,233.91203258440035,233.91203258440035,0.0,12.590799031476996,12.590799031476996,37.89473684210527,36.0,0.33225719666397624,3.412499999999999,3.412499999999999,5.0,0.6824999999999999,0,0,0,0,4194.875668948037,41.94875668948037,7377.150973421798,500.6489478653572,50.06489478653573,144.39564867042702
06ac6393eee7a87a46f65b36cf9d1863821846f32cd08b7f9dd84710f2fa08a1,3,1,20290826,uplink_power_w,0.2,0.8404792088952593,478,0.02558845898602158,100,15,0.15,234.21980626821622,234.21980626821622,0.0,12.590799031476996,12.590799031476996,37.89473684210527,36.0,0.33225719666397624,3.412499999999999,3.412499999999999,5.0,0.6824999999999999,0,0,0,0,4194.7155566490355,41.94715556649035,7377.228539388461,489.97479459859255,55.235959230757175,144.39564867042702
06ac6393eee7a87a46f65b36cf9d1863821846f32cd08b7f9dd84710f2fa08a1,3,1,20290826,uplink_power_w,0.4,0.840489843824807,467,0.02557979105040431,100,15,0.15,234.85635798287842,234.85635798287842,0.0,12.590799031476996,12.590799031476996,37.89473684210527,36.0,0.33225719666397624,3.412499999999999,3.412499999999999,5.0,0.6824999999999999,0,0,0,0,4194.595868548646,41.94595868548646,7377.367818541432,481.9955879059935,64.52123609551334,144.39564867042702
06ac6393eee7a87a46f65b36cf9d1863821846f32cd08b7f9dd84710f2fa08a1,3,1,20290826,downlink_power_w,0.5,0.8347081338330146,296,0.01689904206432402,100,14,0.14,235.1848154298782,235.1848154298782,0.0,12.106537530266342,12.106537530266342,37.89473684210527,36.0,0.3194780737153618,3.2662499999999994,3.2662499999999994,5.0,0.6532499999999999,0,0,0,0,4222.797954974163,42.22797954974163,7506.775765550787,491.0602633819467,55.4118250562073,137.36509191539824
06ac6393eee7a87a46f65b36cf9d1863821846f32cd08b7f9dd84710f2fa08a1,3,1,20290826,downlink_power_w,1.0,0.8404792088952593,478,0.025427249958738685,100,15,0.15,234.21980626821622,234.21980626821622,0.0,12.590799031476996,12.590799031476996,37.89473684210527,36.0,0.33225719666397624,3.412499999999999,3.412499999999999,5.0,0.6824999999999999,0,0,0,0,4194.7155566490355,41.94715556649035,7377.228539388461,489.97479459859255,55.235959230757175,144.39564867042702
06ac6393eee7a87a46f65b36cf9d1863821846f32cd08b7f9dd84710f2fa08a1,3,1,20290826,downlink_power_w,2.0,0.842251193308538,400,0.021596250007860363,100,16,0.16,233.28836895785156,233.28836895785156,0.0,13.075060532687651,13.075060532687651,37.89473684210527,36.0,0.34503631961259074,3.575,3.575,5.0,0.7150000000000001,0,0,0,0,4173.540086964986,41.73540086964986,7280.050035116917,469.5548807829776,53.12719480729863,151.7005545286506
06ac6393eee7a87a46f65b36cf9d1863821846f32cd08b7f9dd84710f2fa08a1,3,1,20290826,path_loss_exponent,3.0,0.8469204804560458,680,0.036328583024442196,100,18,0.18,230.4086690299779,230.4086690299779,0.0,15.254237288135593,15.254237288135593,37.89473684210527,36.0,0.4025423728813559,4.14375,4.14375,5.0,0.82875,0,0,0,0,4083.0246990754495,40.830246990754496,6862.552799681816,490.7102323240158,52.93331565645643,188.43971631205673
06ac6393eee7a87a46f65b36cf9d1863821846f32cd08b7f9dd84710f2fa08a1,3,1,20290826,path_loss_exponent,3.5,0.8404792088952593,478,0.02546554198488593,100,15,0.15,234.21980626821622,234.21980626821622,0.0,12.590799031476996,12.590799031476996,37.89473684210527,36.0,0.33225719666397624,3.412499999999999,3.412499999999999,5.0,0.6824999999999999,0,0,0,0,4194.7155566490355,41.94715556649035,7377.228539388461,489.97479459859255,55.235959230757175,144.39564867042702
06ac6393eee7a87a46f65b36cf9d1863821846f32cd08b7f9dd84710f2fa08a1,3,1,20290826,path_loss_exponent,3.8,0.8254279297324227,560,0.029793416964821517,100,13,0.13,237.37534532138454,237.37534532138454,0.0,11.864406779661016,11.864406779661016,37.89473684210527,36.0,0.31308851224105455,3.10375,3.10375,5.0,0.6207499999999999,0,0,0,0,4274.365990542086,42.74365990542086,7740.722519545865,509.5898244795477,55.57842660499434,133.9479095270733
06ac6393eee7a87a46f65b36cf9d1863821846f32cd08b7f9dd84710f2fa08a1,3,2,20290923,bandwidth_mhz,10.0,0.834972256876418,805,0.049961082986555994,100,11,0.11,238.63652593902134,238.63652593902134,0.0,8.232445520581113,8.232445520581113,37.89473684210527,36.0,0.217245090126446,2.32375,2.32375,5.0,0.46475,0,0,0,0,4293.1010710478995,42.93101071047899,7827.1625111952335,628.8944121564774,69.31919956663332,89.38477401615395
06ac6393eee7a87a46f65b36cf9d1863821846f32cd08b7f9dd84710f2fa08a1,3,2,20290923,bandwidth_mhz,20.0,0.8349564071100105,852,0.04497083299793303,100,16,0.16,234.25091249417773,234.25091249417773,0.0,12.832929782082324,12.832929782082324,37.89473684210527,36.0,0.33864675813828354,3.4937500000000004,3.4937500000000004,5.0,0.6987500000000001,0,0,0,0,4197.626609668715,41.97626609668715,7388.021610120483,478.6502903009796,51.350632530203114,148.01281399369466
06ac6393eee7a87a46f65b36cf9d1863821846f32cd08b7f9dd84710f2fa08a1,3,2,20290923,bandwidth_mhz,40.0,0.8373536406171119,876,0.045754041988402605,100,19,0.19,230.37774233657464,230.37774233657464,0.0,15.980629539951572,15.980629539951572,37.89473684210527,36.0,0.42171105730427755,4.30625,4.30625,5.0,0.8612500000000001,0,0,0,0,4141.588193605869,41.41588193605869,7135.852340411682,323.3845608112936,34.33370587803972,202.30983949755748
06ac6393eee7a87a46f65b36cf9d1863821846f32cd08b7f9dd84710f2fa08a1,3,2,20290923,image_payload_mb,0.1,0.8272095571793899,100,0.0058988339733332396,100,21,0.21,228.3919209616287,228.3919209616287,0.0,18.64406779661017,18.64406779661017,37.89473684210527,36.0,0.4919962335216572,4.972500000000001,4.972500000000001,5.0,0.9945000000000002,0,0,0,0,4123.440578032176,41.23440578032176,7056.463869484567,187.42899936968362,22.08902307461554,262.1223354958295
06ac6393eee7a87a46f65b36cf9d1863821846f32cd08b7f9dd84710f2fa08a1,3,2,20290923,image_payload_mb,0.5,0.8349564071100105,852,0.04490908293519169,100,16,0.16,234.25091249417773,234.25091249417773,0.0,12.832929782082324,12.832929782082324,37.89473684210527,36.0,0.33864675813828354,3.4937500000000004,3.4937500000000004,5.0,0.6987500000000001,0,0,0,0,4197.626609668715,41.97626609668715,7388.021610120483,478.6502903009796,51.350632530203114,148.01281399369466
06ac6393eee7a87a46f65b36cf9d1863821846f32cd08b7f9dd84710f2fa08a1,3,2,20290923,image_payload_mb,1.0,0.8296131704317528,926,0.04699800000526011,100,10,0.1,239.677437529344,239.677437529344,0.0,8.232445520581114,8.232445520581114,37.89473684210527,36.0,0.21724509012644605,2.2424999999999997,2.2424999999999997,5.0,0.44849999999999995,0,0,0,0,4318.151763265898,43.18151763265898,7942.321835496174,645.7915525735426,72.1835496172039,89.38477401615397
06ac6393eee7a87a46f65b36cf9d1863821846f32cd08b7f9dd84710f2fa08a1,3,2,20290923,uplink_power_w,0.1,0.8349481061207497,819,0.04273337498307228,100,16,0.16,234.0769756066412,234.0769756066412,0.0,12.832929782082324,12.832929782082324,37.89473684210527,36.0,0.33864675813828354,3.4937500000000004,3.4937500000000004,5.0,0.6987500000000001,0,0,0,0,4197.731521061187,41.97731521061187,7387.976331603729,485.2072523304721,48.520725233047216,148.01281399369466
06ac6393eee7a87a46f65b36cf9d1863821846f32cd08b7f9dd84710f2fa08a1,3,2,20290923,uplink_power_w,0.2,0.8349564071100105,852,0.044581333990208805,100,16,0.16,234.25091249417773,234.25091249417773,0.0,12.832929782082324,12.832929782082324,37.89473684210527,36.0,0.33864675813828354,3.4937500000000004,3.4937500000000004,5.0,0.6987500000000001,0,0,0,0,4197.626609668715,41.97626609668715,7388.021610120483,478.6502903009796,51.350632530203114,148.01281399369466
06ac6393eee7a87a46f65b36cf9d1863821846f32cd08b7f9dd84710f2fa08a1,3,2,20290923,uplink_power_w,0.4,0.8340891030412413,799,0.042590374941937625,100,15,0.15,234.607850381553,234.607850381553,0.0,11.864406779661016,11.864406779661016,37.89473684210527,36.0,0.31308851224105455,3.2499999999999996,3.2499999999999996,5.0,0.6499999999999999,0,0,0,0,4214.742849796729,42.1474284979673,7470.809999595984,448.9087435882243,53.99997306556032,133.9479095270733
06ac6393eee7a87a46f65b36cf9d1863821846f32cd08b7f9dd84710f2fa08a1,3,2,20290923,downlink_power_w,0.5,0.8340798078850085,819,0.04254445806145668,100,15,0.15,235.22934763304187,235.22934763304187,0.0,11.864406779661016,11.864406779661016,37.89473684210527,36.0,0.31308851224105455,3.2499999999999996,3.2499999999999996,5.0,0.6499999999999999,0,0,0,0,4215.782939857964,42.15782939857964,7470.830290040158,518.2480810039045,55.35266934384419,133.9479095270733
06ac6393eee7a87a46f65b36cf9d1863821846f32cd08b7f9dd84710f2fa08a1,3,2,20290923,downlink_power_w,1.0,0.8349564071100105,852,0.0446486659348011,100,16,0.16,234.25091249417773,234.25091249417773,0.0,12.832929782082324,12.832929782082324,37.89473684210527,36.0,0.33864675813828354,3.4937500000000004,3.4937500000000004,5.0,0.6987500000000001,0,0,0,0,4197.626609668715,41.97626609668715,7388.021610120483,478.6502903009796,51.350632530203114,148.01281399369466
06ac6393eee7a87a46f65b36cf9d1863821846f32cd08b7f9dd84710f2fa08a1,3,2,20290923,downlink_power_w,2.0,0.8349473529350362,799,0.04732383298687637,100,16,0.16,233.42577153397838,233.42577153397838,0.0,12.832929782082324,12.832929782082324,37.89473684210527,36.0,0.33864675813828354,3.4937500000000004,3.4937500000000004,5.0,0.6987500000000001,0,0,0,0,4196.801468708515,41.96801468708515,7387.939096024463,427.07898028851974,46.193501528957135,148.01281399369466
06ac6393eee7a87a46f65b36cf9d1863821846f32cd08b7f9dd84710f2fa08a1,3,2,20290923,path_loss_exponent,3.0,0.843208299164445,819,0.0504820829955861,100,18,0.18,231.05201544680295,231.05201544680295,0.0,14.76997578692494,14.76997578692494,37.89473684210527,36.0,0.3897632499327414,4.0625,4.0625,5.0,0.8125,0,0,0,0,4132.400709962698,41.32400709962698,7092.8141861054955,398.14015633414476,45.23256141640423,179.67706381571693
06ac6393eee7a87a46f65b36cf9d1863821846f32cd08b7f9dd84710f2fa08a1,3,2,20290923,path_loss_exponent,3.5,0.8349564071100105,852,0.044246124918572605,100,16,0.16,234.25091249417773,234.25091249417773,0.0,12.832929782082324,12.832929782082324,37.89473684210527,36.0,0.33864675813828354,3.4937500000000004,3.4937500000000004,5.0,0.6987500000000001,0,0,0,0,4197.626609668715,41.97626609668715,7388.021610120483,478.6502903009796,51.350632530203114,148.01281399369466
06ac6393eee7a87a46f65b36cf9d1863821846f32cd08b7f9dd84710f2fa08a1,3,2,20290923,path_loss_exponent,3.8,0.831319257845812,822,0.04240929102525115,100,14,0.14,237.5954700347256,237.5954700347256,0.0,11.380145278450362,11.380145278450362,37.89473684210527,36.0,0.30030938929244005,3.13625,3.13625,5.0,0.62725,0,0,0,0,4248.163356454499,42.48163356454499,7614.917264544152,598.6532538426641,65.51889601087998,127.30077862155143
06ac6393eee7a87a46f65b36cf9d1863821846f32cd08b7f9dd84710f2fa08a1,3,3,20291020,bandwidth_mhz,10.0,0.8299293995744315,709,0.0369100000243634,100,11,0.11,239.29719718743794,239.29719718743794,0.0,9.200968523002421,9.200968523002421,37.89473684210527,36.0,0.242803336023675,2.5349999999999997,2.5349999999999997,5.0,0.5069999999999999,0,0,0,0,4306.513853055617,43.06513853055617,7888.377872394494,601.0941528459393,70.71567222679359,100.16521584650914
06ac6393eee7a87a46f65b36cf9d1863821846f32cd08b7f9dd84710f2fa08a1,3,3,20291020,bandwidth_mhz,20.0,0.8362335664934305,700,0.03605899994727224,100,15,0.15,235.18636002759507,235.18636002759507,0.0,12.590799031476996,12.590799031476996,37.89473684210527,36.0,0.33225719666397624,3.4612499999999997,3.4612499999999997,5.0,0.6922499999999999,0,0,0,0,4199.535637604797,41.995356376047965,7395.3034784083975,544.6468583160005,60.23189389315848,144.39564867042702
06ac6393eee7a87a46f65b36cf9d1863821846f32cd08b7f9dd84710f2fa08a1,3,3,20291020,bandwidth_mhz,40.0,0.8361830333955501,720,0.03968808404169977,100,20,0.2,230.70298100338866,230.70298100338866,0.0,16.2227602905569,16.2227602905569,37.89473684210527,36.0,0.4281006187785848,4.468750000000001,4.468750000000001,5.0,0.8937500000000002,0,0,0,0,4116.98610929744,41.1698610929744,7017.227705604933,382.1656318718824,41.38528024667486,207.1398330001175
06ac6393eee7a87a46f65b36cf9d1863821846f32cd08b7f9dd84710f2fa08a1,3,3,20291020,image_payload_mb,0.1,0.8267933890957251,155,0.0082653749268502,100,20,0.2,229.11156090690594,229.11156090690594,0.0,18.886198547215496,18.886198547215496,37.89473684210527,36.0,0.4983857949959644,4.940000000000001,4.940000000000001,5.0,0.9880000000000002,0,0,0,0,4115.377162838437,41.15377162838436,7016.947813918454,240.46715238043515,27.39069592272933,268.39098954143196
06ac6393eee7a87a46f65b36cf9d1863821846f32cd08b7f9dd84710f2fa08a1,3,3,20291020,image_payload_mb,0.5,0.8362335664934305,700,0.0367123750038445,100,15,0.15,235.18636002759507,235.18636002759507,0.0,12.590799031476996,12.590799031476996,37.89473684210527,36.0,0.33225719666397624,3.4612499999999997,3.4612499999999997,5.0,0.6922499999999999,0,0,0,0,4199.535637604797,41.995356376047965,7395.3034784083975,544.6468583160005,60.23189389315848,144.39564867042702
06ac6393eee7a87a46f65b36cf9d1863821846f32cd08b7f9dd84710f2fa08a1,3,3,20291020,image_payload_mb,1.0,0.8301200012006527,692,0.037489166017621756,100,10,0.1,240.13768307338418,240.13768307338418,0.0,8.232445520581113,8.232445520581113,37.89473684210527,36.0,0.217245090126446,2.29125,2.29125,5.0,0.45824999999999994,0,0,0,0,4322.958687641076,43.22958687641076,7963.969555803826,646.4839900914321,76.95558038258292,89.38477401615395
06ac6393eee7a87a46f65b36cf9d1863821846f32cd08b7f9dd84710f2fa08a1,3,3,20291020,uplink_power_w,0.1,0.8344138339633916,700,0.03795370797161013,100,15,0.15,234.93036057053212,234.93036057053212,0.0,12.832929782082322,12.832929782082322,37.89473684210527,36.0,0.3386467581382835,3.5099999999999993,3.5099999999999993,5.0,0.7019999999999998,0,0,0,0,4211.166724206896,42.11166724206896,7449.1746531997,516.4354664660233,51.64354664660233,148.01281399369464
06ac6393eee7a87a46f65b36cf9d1863821846f32cd08b7f9dd84710f2fa08a1,3,3,20291020,uplink_power_w,0.2,0.8362335664934305,700,0.03624099993612617,100,15,0.15,235.18636002759507,235.18636002759507,0.0,12.590799031476996,12.590799031476996,37.89473684210527,36.0,0.33225719666397624,3.4612499999999997,3.4612499999999997,5.0,0.6922499999999999,0,0,0,0,4199.535637604797,41.995356376047965,7395.3034784083975,544.6468583160005,60.23189389315848,144.39564867042702
06ac6393eee7a87a46f65b36cf9d1863821846f32cd08b7f9dd84710f2fa08a1,3,3,20291020,uplink_power_w,0.4,0.8362426153810588,700,0.03790629201103002,100,15,0.15,235.7872756927549,235.7872756927549,0.0,12.590799031476996,12.590799031476996,37.89473684210527,36.0,0.33225719666397624,3.4612499999999997,3.4612499999999997,5.0,0.6922499999999999,0,0,0,0,4199.429971387167,41.99429971387167,7395.4342281631925,537.6024438073617,68.94854421281977,144.39564867042702
06ac6393eee7a87a46f65b36cf9d1863821846f32cd08b7f9dd84710f2fa08a1,3,3,20291020,downlink_power_w,0.5,0.8294774764448518,691,0.03528179205022752,100,14,0.14,236.04291505083089,236.04291505083089,0.0,12.106537530266342,12.106537530266342,37.89473684210527,36.0,0.3194780737153618,3.2662499999999994,3.2662499999999994,5.0,0.6532499999999999,0,0,0,0,4256.52742610753,42.5652742610753,7661.501711088915,443.16534433673775,50.122220636674776,137.36509191539824
06ac6393eee7a87a46f65b36cf9d1863821846f32cd08b7f9dd84710f2fa08a1,3,3,20291020,downlink_power_w,1.0,0.8362335664934305,700,0.036377583048306406,100,15,0.15,235.18636002759507,235.18636002759507,0.0,12.590799031476996,12.590799031476996,37.89473684210527,36.0,0.33225719666397624,3.4612499999999997,3.4612499999999997,5.0,0.6922499999999999,0,0,0,0,4199.535637604797,41.995356376047965,7395.3034784083975,544.6468583160005,60.23189389315848,144.39564867042702
06ac6393eee7a87a46f65b36cf9d1863821846f32cd08b7f9dd84710f2fa08a1,3,3,20291020,downlink_power_w,2.0,0.8367018401344677,721,0.03867608297150582,100,16,0.16,234.22004997426907,234.22004997426907,0.0,13.075060532687651,13.075060532687651,37.89473684210527,36.0,0.34503631961259074,3.6237500000000002,3.6237500000000002,5.0,0.72475,0,0,0,0,4182.145474652391,41.82145474652391,7316.103105278733,507.39161124578237,56.44407992078269,151.7005545286506
06ac6393eee7a87a46f65b36cf9d1863821846f32cd08b7f9dd84710f2fa08a1,3,3,20291020,path_loss_exponent,3.0,0.8408039208267378,685,0.03835533303208649,100,18,0.18,231.16785835145868,231.16785835145868,0.0,14.76997578692494,14.76997578692494,37.89473684210527,36.0,0.3897632499327414,4.0625,4.0625,5.0,0.8125,0,0,0,0,4128.855398396252,41.28855398396252,7074.828249479435,423.40062486494134,46.01385996859021,179.67706381571693
06ac6393eee7a87a46f65b36cf9d1863821846f32cd08b7f9dd84710f2fa08a1,3,3,20291020,path_loss_exponent,3.5,0.8362335664934305,700,0.03747654194012284,100,15,0.15,235.18636002759507,235.18636002759507,0.0,12.590799031476996,12.590799031476996,37.89473684210527,36.0,0.33225719666397624,3.4612499999999997,3.4612499999999997,5.0,0.6922499999999999,0,0,0,0,4199.535637604797,41.995356376047965,7395.3034784083975,544.6468583160005,60.23189389315848,144.39564867042702
06ac6393eee7a87a46f65b36cf9d1863821846f32cd08b7f9dd84710f2fa08a1,3,3,20291020,path_loss_exponent,3.8,0.8272025186516097,731,0.03891000000294298,100,13,0.13,237.88739510494642,237.88739510494642,0.0,11.138014527845035,11.138014527845035,37.89473684210527,36.0,0.29391982781813286,3.0224999999999995,3.0224999999999995,5.0,0.6044999999999999,0,0,0,0,4276.895876879624,42.76895876879624,7751.602967295548,529.461549322895,61.76671504214536,124.06744141741282
06ac6393eee7a87a46f65b36cf9d1863821846f32cd08b7f9dd84710f2fa08a1,3,4,20291117,bandwidth_mhz,10.0,0.8315524620868865,644,0.034611167036928236,100,9,0.09,240.047719761152,240.047719761152,0.0,7.02179176755448,7.02179176755448,37.89473684210527,36.0,0.18529728275490986,1.93375,1.93375,5.0,0.38675000000000004,0,0,0,0,4347.957987771271,43.479579877712716,8082.591843544248,585.1382433328049,65.76039380537063,76.86039791959053
06ac6393eee7a87a46f65b36cf9d1863821846f32cd08b7f9dd84710f2fa08a1,3,4,20291117,bandwidth_mhz,20.0,0.8362446890178133,500,0.026460207998752594,100,13,0.13,236.04124781253552,236.04124781253552,0.0,10.411622276029055,10.411622276029055,37.89473684210527,36.0,0.2747511433952112,2.86,2.86,5.0,0.572,0,0,0,0,4228.018971996639,42.280189719966394,7528.424503046157,594.4424274660515,63.42331124290822,114.70926458314013
06ac6393eee7a87a46f65b36cf9d1863821846f32cd08b7f9dd84710f2fa08a1,3,4,20291117,bandwidth_mhz,40.0,0.837495352184419,690,0.03614216600544751,100,18,0.18,231.51636355243403,231.51636355243403,0.0,14.285714285714285,14.285714285714285,37.89473684210527,36.0,0.3769841269841269,3.94875,3.94875,5.0,0.78975,0,0,0,0,4117.506836435377,41.17506836435378,7020.957023346045,467.9948055039563,53.16796366921172,171.27388535031844
06ac6393eee7a87a46f65b36cf9d1863821846f32cd08b7f9dd84710f2fa08a1,3,4,20291117,image_payload_mb,0.1,0.8281004004508666,210,0.01053779199719429,100,21,0.21,228.6046757491147,228.6046757491147,0.0,18.64406779661017,18.64406779661017,37.89473684210527,36.0,0.4919962335216572,4.9725,4.9725,5.0,0.9945,0,0,0,0,4126.681311762959,41.26681311762959,7070.873256159895,189.36870083553018,22.536007614044788,262.1223354958295
06ac6393eee7a87a46f65b36cf9d1863821846f32cd08b7f9dd84710f2fa08a1,3,4,20291117,image_payload_mb,0.5,0.8362446890178133,500,0.026276833028532565,100,13,0.13,236.04124781253552,236.04124781253552,0.0,10.411622276029055,10.411622276029055,37.89473684210527,36.0,0.2747511433952112,2.86,2.86,5.0,0.572,0,0,0,0,4228.018971996639,42.280189719966394,7528.424503046157,594.4424274660515,63.42331124290822,114.70926458314013
06ac6393eee7a87a46f65b36cf9d1863821846f32cd08b7f9dd84710f2fa08a1,3,4,20291117,image_payload_mb,1.0,0.824374931751972,726,0.037885500001721084,100,9,0.09,240.83173055335718,240.83173055335718,0.0,7.263922518159807,7.263922518159807,37.89473684210527,36.0,0.19168684422921708,1.93375,1.93375,5.0,0.38675000000000004,0,0,0,0,4374.2643654338435,43.74264365433844,8201.315824830755,572.3100884223746,57.31387008393784,79.28607089365951
06ac6393eee7a87a46f65b36cf9d1863821846f32cd08b7f9dd84710f2fa08a1,3,4,20291117,uplink_power_w,0.1,0.8381019157520924,401,0.02154562494251877,100,13,0.13,235.95645413455173,235.95645413455173,0.0,10.169491525423728,10.169491525423728,37.89473684210527,36.0,0.2683615819209039,2.86,2.86,5.0,0.572,0,0,0,0,4201.465545043643,42.01465545043643,7402.521346010156,708.7277001198248,70.87277001198247,111.6988416988417
06ac6393eee7a87a46f65b36cf9d1863821846f32cd08b7f9dd84710f2fa08a1,3,4,20291117,uplink_power_w,0.2,0.8362446890178133,500,0.02789145801216364,100,13,0.13,236.04124781253552,236.04124781253552,0.0,10.411622276029055,10.411622276029055,37.89473684210527,36.0,0.2747511433952112,2.86,2.86,5.0,0.572,0,0,0,0,4228.018971996639,42.280189719966394,7528.424503046157,594.4424274660515,63.42331124290822,114.70926458314013
06ac6393eee7a87a46f65b36cf9d1863821846f32cd08b7f9dd84710f2fa08a1,3,4,20291117,uplink_power_w,0.4,0.8292649285434441,576,0.029889959027059376,100,13,0.13,236.45706239190193,236.45706239190193,0.0,10.653753026634382,10.653753026634382,37.89473684210527,36.0,0.28114070486951837,2.86,2.86,5.0,0.572,0,0,0,0,4253.873757842739,42.53873757842739,7647.118204256708,549.4389381563848,55.24648128526999,117.77320359281434
06ac6393eee7a87a46f65b36cf9d1863821846f32cd08b7f9dd84710f2fa08a1,3,4,20291117,downlink_power_w,0.5,0.8343025327974929,576,0.0309978750301525,100,11,0.11,236.9942119870484,236.9942119870484,0.0,9.200968523002421,9.200968523002421,37.89473684210527,36.0,0.242803336023675,2.5025,2.5025,5.0,0.5005,0,0,0,0,4265.621922488575,42.65621922488575,7704.69737750203,592.7368285694188,63.397954730007726,100.16521584650914
06ac6393eee7a87a46f65b36cf9d1863821846f32cd08b7f9dd84710f2fa08a1,3,4,20291117,downlink_power_w,1.0,0.8362446890178133,500,0.02719275001436472,100,13,0.13,236.04124781253552,236.04124781253552,0.0,10.411622276029055,10.411622276029055,37.89473684210527,36.0,0.2747511433952112,2.86,2.86,5.0,0.572,0,0,0,0,4228.018971996639,42.280189719966394,7528.424503046157,594.4424274660515,63.42331124290822,114.70926458314013
06ac6393eee7a87a46f65b36cf9d1863821846f32cd08b7f9dd84710f2fa08a1,3,4,20291117,downlink_power_w,2.0,0.8369404634772034,500,0.02658824995160103,100,14,0.14,235.16291195942776,235.16291195942776,0.0,11.380145278450362,11.380145278450362,37.89473684210527,36.0,0.30030938929244005,3.10375,3.10375,5.0,0.6207499999999999,0,0,0,0,4209.961309599559,42.09961309599559,7445.632775796405,555.6499070612495,59.48398545749435,127.30077862155143
06ac6393eee7a87a46f65b36cf9d1863821846f32cd08b7f9dd84710f2fa08a1,3,4,20291117,path_loss_exponent,3.0,0.8442686670622354,500,0.02630987495649606,100,17,0.17,231.56451908382144,231.56451908382144,0.0,13.801452784503631,13.801452784503631,37.89473684210527,36.0,0.3642050040355124,3.81875,3.81875,5.0,0.76375,0,0,0,0,4109.646081129309,41.09646081129309,6984.976295790386,521.8550906052586,57.42916414035393,163.2085052364328
06ac6393eee7a87a46f65b36cf9d1863821846f32cd08b7f9dd84710f2fa08a1,3,4,20291117,path_loss_exponent,3.5,0.8362446890178133,500,0.026218042010441422,100,13,0.13,236.04124781253552,236.04124781253552,0.0,10.411622276029055,10.411622276029055,37.89473684210527,36.0,0.2747511433952112,2.86,2.86,5.0,0.572,0,0,0,0,4228.018971996639,42.280189719966394,7528.424503046157,594.4424274660515,63.42331124290822,114.70926458314013
06ac6393eee7a87a46f65b36cf9d1863821846f32cd08b7f9dd84710f2fa08a1,3,4,20291117,path_loss_exponent,3.8,0.8336988614853436,644,0.0337357500102371,100,10,0.1,238.75838263717972,238.75838263717972,0.0,8.232445520581114,8.232445520581114,37.89473684210527,36.0,0.21724509012644605,2.25875,2.25875,5.0,0.45175,0,0,0,0,4284.437787640983,42.84437787640982,7787.582149352958,714.3939900821165,78.2149352957882,89.38477401615397
06ac6393eee7a87a46f65b36cf9d1863821846f32cd08b7f9dd84710f2fa08a1,3,5,20291214,bandwidth_mhz,10.0,0.8318849307906199,566,0.029590209014713764,100,12,0.12,239.19163046455097,239.19163046455097,0.0,10.411622276029055,10.411622276029055,37.89473684210527,36.0,0.2747511433952112,2.7787499999999996,2.7787499999999996,5.0,0.55575,0,0,0,0,4316.544306531781,43.16544306531782,7931.478971594961,563.9829463985942,56.58096624663491,114.70926458314013
06ac6393eee7a87a46f65b36cf9d1863821846f32cd08b7f9dd84710f2fa08a1,3,5,20291214,bandwidth_mhz,20.0,0.8341895004766381,782,0.042250582948327065,100,16,0.16,235.45484917971964,235.45484917971964,0.0,13.075060532687651,13.075060532687651,37.89473684210527,36.0,0.34503631961259074,3.52625,3.52625,5.0,0.70525,0,0,0,0,4236.514741445874,42.36514741445874,7564.331320258657,455.4707858384951,45.70751616600724,151.7005545286506
06ac6393eee7a87a46f65b36cf9d1863821846f32cd08b7f9dd84710f2fa08a1,3,5,20291214,bandwidth_mhz,40.0,0.838772107383764,567,0.030529625015333295,100,19,0.19,231.59944467670127,231.59944467670127,0.0,15.738498789346247,15.738498789346247,37.89473684210527,36.0,0.41532149582997036,4.2575,4.2575,5.0,0.8515,0,0,0,0,4154.441521285302,41.54441521285302,7189.9112336119715,373.02096988583565,37.433347998523985,197.58541355113303
06ac6393eee7a87a46f65b36cf9d1863821846f32cd08b7f9dd84710f2fa08a1,3,5,20291214,image_payload_mb,0.1,0.8311807776559932,557,0.02635591698344797,100,21,0.21,228.10327502553525,228.10327502553525,0.0,18.401937046004843,18.401937046004843,37.89473684210527,36.0,0.48560667204735,4.891250000000001,4.891250000000001,5.0,0.9782500000000003,0,0,0,0,4108.79187820521,41.0879187820521,6988.102029232893,219.79430983171855,23.906153947300847,256.0094142259414
06ac6393eee7a87a46f65b36cf9d1863821846f32cd08b7f9dd84710f2fa08a1,3,5,20291214,image_payload_mb,0.5,0.8341895004766381,782,0.05181233398616314,100,16,0.16,235.45484917971964,235.45484917971964,0.0,13.075060532687651,13.075060532687651,37.89473684210527,36.0,0.34503631961259074,3.52625,3.52625,5.0,0.70525,0,0,0,0,4236.514741445874,42.36514741445874,7564.331320258657,455.4707858384951,45.70751616600724,151.7005545286506
06ac6393eee7a87a46f65b36cf9d1863821846f32cd08b7f9dd84710f2fa08a1,3,5,20291214,image_payload_mb,1.0,0.8246829600481218,557,0.034133207984268665,100,11,0.11,239.95901514703334,239.95901514703334,0.0,9.200968523002421,9.200968523002421,37.89473684210527,36.0,0.242803336023675,2.5025,2.5025,5.0,0.5005,0,0,0,0,4364.264245903127,43.642642459031265,8154.517014883481,469.3116844377681,47.00135304372594,100.16521584650914
06ac6393eee7a87a46f65b36cf9d1863821846f32cd08b7f9dd84710f2fa08a1,3,5,20291214,uplink_power_w,0.1,0.8341891092078263,782,0.049748499994166195,100,16,0.16,235.45129255288964,235.45129255288964,0.0,13.075060532687651,13.075060532687651,37.89473684210527,36.0,0.34503631961259074,3.52625,3.52625,5.0,0.70525,0,0,0,0,4236.524019825617,42.36524019825617,7564.329681095316,456.05068457240895,45.6050684572409,151.7005545286506
06ac6393eee7a87a46f65b36cf9d1863821846f32cd08b7f9dd84710f2fa08a1,3,5,20291214,uplink_power_w,0.2,0.8341895004766381,782,0.041827292065136135,100,16,0.16,235.45484917971964,235.45484917971964,0.0,13.075060532687651,13.075060532687651,37.89473684210527,36.0,0.34503631961259074,3.52625,3.52625,5.0,0.70525,0,0,0,0,4236.514741445874,42.36514741445874,7564.331320258657,455.4707858384951,45.70751616600724,151.7005545286506
06ac6393eee7a87a46f65b36cf9d1863821846f32cd08b7f9dd84710f2fa08a1,3,5,20291214,uplink_power_w,0.4,0.8341896638566425,782,0.04348870797548443,100,16,0.16,235.46670319420062,235.46670319420062,0.0,13.075060532687651,13.075060532687651,37.89473684210527,36.0,0.34503631961259074,3.52625,3.52625,5.0,0.70525,0,0,0,0,4236.509215046409,42.365092150464086,7564.334243701499,455.1253858718882,45.89023134367998,151.7005545286506
06ac6393eee7a87a46f65b36cf9d1863821846f32cd08b7f9dd84710f2fa08a1,3,5,20291214,downlink_power_w,0.5,0.830592110152563,567,0.033186707994900644,100,15,0.15,236.70339927073022,236.70339927073022,0.0,12.590799031476996,12.590799031476996,37.89473684210527,36.0,0.33225719666397624,3.3799999999999994,3.3799999999999994,5.0,0.6759999999999999,0,0,0,0,4267.911651161128,42.679116511611284,7708.296557628665,463.04776207141475,46.43717524426743,144.39564867042702
06ac6393eee7a87a46f65b36cf9d1863821846f32cd08b7f9dd84710f2fa08a1,3,5,20291214,downlink_power_w,1.0,0.8341895004766381,782,0.04659149993676692,100,16,0.16,235.45484917971964,235.45484917971964,0.0,13.075060532687651,13.075060532687651,37.89473684210527,36.0,0.34503631961259074,3.52625,3.52625,5.0,0.70525,0,0,0,0,4236.514741445874,42.36514741445874,7564.331320258657,455.4707858384951,45.70751616600724,151.7005545286506
06ac6393eee7a87a46f65b36cf9d1863821846f32cd08b7f9dd84710f2fa08a1,3,5,20291214,downlink_power_w,2.0,0.8366128635285096,543,0.030596625059843063,100,17,0.17,234.34925560329336,234.34925560329336,0.0,13.559322033898304,13.559322033898304,37.89473684210527,36.0,0.35781544256120523,3.6887499999999998,3.6887499999999998,5.0,0.7377499999999999,0,0,0,0,4211.369782727017,42.11369782727017,7449.149342056167,438.92632567065556,44.07894448047763,159.29618768328444
06ac6393eee7a87a46f65b36cf9d1863821846f32cd08b7f9dd84710f2fa08a1,3,5,20291214,path_loss_exponent,3.0,0.8418092740878657,557,0.03181820793543011,100,19,0.19,231.43346218215652,231.43346218215652,0.0,15.49636803874092,15.49636803874092,37.89473684210527,36.0,0.4089319343556631,4.2575,4.2575,5.0,0.8515,0,0,0,0,4124.952595523946,41.24952595523946,7053.272075661377,425.5945276120705,45.89871901987611,192.96313154301313
06ac6393eee7a87a46f65b36cf9d1863821846f32cd08b7f9dd84710f2fa08a1,3,5,20291214,path_loss_exponent,3.5,0.8341895004766381,782,0.04207904206123203,100,16,0.16,235.45484917971964,235.45484917971964,0.0,13.075060532687651,13.075060532687651,37.89473684210527,36.0,0.34503631961259074,3.52625,3.52625,5.0,0.70525,0,0,0,0,4236.514741445874,42.36514741445874,7564.331320258657,455.4707858384951,45.70751616600724,151.7005545286506
06ac6393eee7a87a46f65b36cf9d1863821846f32cd08b7f9dd84710f2fa08a1,3,5,20291214,path_loss_exponent,3.8,0.8222439255098837,819,0.043661416973918676,100,14,0.14,238.00225094992288,238.00225094992288,0.0,11.864406779661016,11.864406779661016,37.89473684210527,36.0,0.31308851224105455,3.1849999999999996,3.1849999999999996,5.0,0.6369999999999999,0,0,0,0,4318.446746969735,43.184467469697346,7942.179157510583,412.24830259682665,41.3683936130222,133.9479095270733
06ac6393eee7a87a46f65b36cf9d1863821846f32cd08b7f9dd84710f2fa08a1,3,6,20291311,bandwidth_mhz,10.0,0.8282225636952841,668,0.03759458300191909,100,11,0.11,239.33758388107216,239.33758388107216,0.0,9.443099273607748,9.443099273607748,37.89473684210527,36.0,0.2491928974979822,2.48625,2.48625,5.0,0.49725,0,0,0,0,4330.80082078408,43.3080082078408,7999.808707644962,551.6450645613529,55.33705863285694,102.97500671862402
06ac6393eee7a87a46f65b36cf9d1863821846f32cd08b7f9dd84710f2fa08a1,3,6,20291311,bandwidth_mhz,20.0,0.8354475001082919,792,0.0461779999313876,100,16,0.16,234.95544988372723,234.95544988372723,0.0,13.559322033898306,13.559322033898306,37.89473684210527,36.0,0.3578154425612053,3.6237500000000002,3.6237500000000002,5.0,0.72475,0,0,0,0,4201.321937118264,42.01321937118264,7402.465840546443,498.3248822082439,54.11503415274551,159.29618768328444
06ac6393eee7a87a46f65b36cf9d1863821846f32cd08b7f9dd84710f2fa08a1,3,6,20291311,bandwidth_mhz,40.0,0.8376912133729023,443,0.02459987497422844,100,19,0.19,230.93033341424626,230.93033341424626,0.0,15.980629539951575,15.980629539951575,37.89473684210527,36.0,0.42171105730427766,4.273750000000001,4.273750000000001,5.0,0.8547500000000001,0,0,0,0,4142.089816649974,41.42089816649974,7135.912696322806,349.78577365897814,37.510332779288255,202.3098394975576
06ac6393eee7a87a46f65b36cf9d1863821846f32cd08b7f9dd84710f2fa08a1,3,6,20291311,image_payload_mb,0.1,0.8378994004762036,100,0.005826500011608005,100,21,0.21,225.82694968309767,225.82694968309767,0.0,18.159806295399516,18.159806295399516,37.89473684210527,36.0,0.4792171105730427,4.891250000000001,4.891250000000001,5.0,0.9782500000000003,0,0,0,0,4056.865153444289,40.568651534442886,6754.124686046525,229.24652754946356,24.985049834515067,250.046493607129
06ac6393eee7a87a46f65b36cf9d1863821846f32cd08b7f9dd84710f2fa08a1,3,6,20291311,image_payload_mb,0.5,0.8354475001082919,792,0.04295929102227092,100,16,0.16,234.95544988372723,234.95544988372723,0.0,13.559322033898306,13.559322033898306,37.89473684210527,36.0,0.3578154425612053,3.6237500000000002,3.6237500000000002,5.0,0.72475,0,0,0,0,4201.321937118264,42.01321937118264,7402.465840546443,498.3248822082439,54.11503415274551,159.29618768328444
06ac6393eee7a87a46f65b36cf9d1863821846f32cd08b7f9dd84710f2fa08a1,3,6,20291311,image_payload_mb,1.0,0.8313734497911613,502,0.026191832963377237,100,10,0.1,240.32599874534193,240.32599874534193,0.0,8.958837772397095,8.958837772397095,37.89473684210527,36.0,0.23641377454936774,2.3237499999999995,2.3237499999999995,5.0,0.4647499999999999,0,0,0,0,4335.211810271823,43.35211810271823,8017.8647980913765,663.7785784903307,66.47980913759235,97.40244869197568
06ac6393eee7a87a46f65b36cf9d1863821846f32cd08b7f9dd84710f2fa08a1,3,6,20291311,uplink_power_w,0.1,0.8362315564094107,383,0.020997832994908094,100,16,0.16,234.8019000270715,234.8019000270715,0.0,13.559322033898304,13.559322033898304,37.89473684210527,36.0,0.35781544256120523,3.62375,3.62375,5.0,0.72475,0,0,0,0,4200.747354572525,42.007473545725254,7398.819861556958,512.4134730995926,51.24134730995926,159.29618768328444
06ac6393eee7a87a46f65b36cf9d1863821846f32cd08b7f9dd84710f2fa08a1,3,6,20291311,uplink_power_w,0.2,0.8354475001082919,792,0.04266916704364121,100,16,0.16,234.95544988372723,234.95544988372723,0.0,13.559322033898306,13.559322033898306,37.89473684210527,36.0,0.3578154425612053,3.6237500000000002,3.6237500000000002,5.0,0.72475,0,0,0,0,4201.321937118264,42.01321937118264,7402.465840546443,498.3248822082439,54.11503415274551,159.29618768328444
06ac6393eee7a87a46f65b36cf9d1863821846f32cd08b7f9dd84710f2fa08a1,3,6,20291311,uplink_power_w,0.4,0.8374379061519205,398,0.021420124918222427,100,15,0.15,235.35905184504958,235.35905184504958,0.0,12.590799031476996,12.590799031476996,37.89473684210527,36.0,0.33225719666397624,3.3799999999999994,3.3799999999999994,5.0,0.6759999999999999,0,0,0,0,4214.594599869422,42.14594599869422,7467.286665999972,481.91100929104516,59.11106666474397,144.39564867042702
06ac6393eee7a87a46f65b36cf9d1863821846f32cd08b7f9dd84710f2fa08a1,3,6,20291311,downlink_power_w,0.5,0.8349484839359368,383,0.02086945902556181,100,15,0.15,236.03570482820308,236.03570482820308,0.0,13.07506053268765,13.07506053268765,37.89473684210527,36.0,0.3450363196125907,3.4612499999999997,3.4612499999999997,5.0,0.6922499999999999,0,0,0,0,4218.818425471258,42.18818425471258,7481.679565768539,542.8611435552318,58.63771790266684,151.70055452865057
06ac6393eee7a87a46f65b36cf9d1863821846f32cd08b7f9dd84710f2fa08a1,3,6,20291311,downlink_power_w,1.0,0.8354475001082919,792,0.04332966706715524,100,16,0.16,234.95544988372723,234.95544988372723,0.0,13.559322033898306,13.559322033898306,37.89473684210527,36.0,0.3578154425612053,3.6237500000000002,3.6237500000000002,5.0,0.72475,0,0,0,0,4201.321937118264,42.01321937118264,7402.465840546443,498.3248822082439,54.11503415274551,159.29618768328444
06ac6393eee7a87a46f65b36cf9d1863821846f32cd08b7f9dd84710f2fa08a1,3,6,20291311,downlink_power_w,2.0,0.8354441817714822,396,0.021924625034444034,100,16,0.16,234.106150289498,234.106150289498,0.0,13.559322033898306,13.559322033898306,37.89473684210527,36.0,0.3578154425612053,3.6237500000000002,3.6237500000000002,5.0,0.72475,0,0,0,0,4200.472637524035,42.00472637524035,7402.3809105870205,445.24365756891694,48.80691168881281,159.29618768328444
06ac6393eee7a87a46f65b36cf9d1863821846f32cd08b7f9dd84710f2fa08a1,3,6,20291311,path_loss_exponent,3.0,0.8445270783899183,538,0.02896549995057285,100,19,0.19,230.9016177387989,230.9016177387989,0.0,15.496368038740918,15.496368038740918,37.89473684210527,36.0,0.4089319343556631,4.225,4.225,5.0,0.845,0,0,0,0,4114.351720048711,41.14351720048711,7006.480339774775,415.0221341786304,46.33367235658523,192.96313154301313
06ac6393eee7a87a46f65b36cf9d1863821846f32cd08b7f9dd84710f2fa08a1,3,6,20291311,path_loss_exponent,3.5,0.8354475001082919,792,0.042849333956837654,100,16,0.16,234.95544988372723,234.95544988372723,0.0,13.559322033898306,13.559322033898306,37.89473684210527,36.0,0.3578154425612053,3.6237500000000002,3.6237500000000002,5.0,0.72475,0,0,0,0,4201.321937118264,42.01321937118264,7402.465840546443,498.3248822082439,54.11503415274551,159.29618768328444
06ac6393eee7a87a46f65b36cf9d1863821846f32cd08b7f9dd84710f2fa08a1,3,6,20291311,path_loss_exponent,3.8,0.8276402269152996,434,0.023262750008143485,100,13,0.13,238.43309446159475,238.43309446159475,0.0,11.380145278450362,11.380145278450362,37.89473684210527,36.0,0.30030938929244005,2.97375,2.97375,5.0,0.59475,0,0,0,0,4298.618465901528,42.98618465901528,7848.699281289958,535.6581368805888,53.79086845831967,127.30077862155143
06ac6393eee7a87a46f65b36cf9d1863821846f32cd08b7f9dd84710f2fa08a1,3,7,20291408,bandwidth_mhz,10.0,0.8295498312145343,486,0.025790249928832054,100,11,0.11,238.78328431270052,238.78328431270052,0.0,9.443099273607748,9.443099273607748,37.89473684210527,36.0,0.2491928974979822,2.45375,2.45375,5.0,0.49074999999999996,0,0,0,0,4330.248677413783,43.30248677413783,7999.753062068317,501.4502127161559,50.278369846983125,102.97500671862402
06ac6393eee7a87a46f65b36cf9d1863821846f32cd08b7f9dd84710f2fa08a1,3,7,20291408,bandwidth_mhz,20.0,0.8358237864109688,810,0.041389415971934795,100,15,0.15,235.1543235297915,235.1543235297915,0.0,13.317191283292976,13.317191283292976,37.89473684210527,36.0,0.35142588108689793,3.5099999999999993,3.5099999999999993,5.0,0.7019999999999998,0,0,0,0,4244.980706210373,42.44980706210373,7607.426875377993,416.5861245575273,41.79169186618595,155.46095613398313
06ac6393eee7a87a46f65b36cf9d1863821846f32cd08b7f9dd84710f2fa08a1,3,7,20291408,bandwidth_mhz,40.0,0.8434032417811302,501,0.026286124950274825,100,19,0.19,231.381729820842,231.381729820842,0.0,16.707021791767556,16.707021791767556,37.89473684210527,36.0,0.44087974172719935,4.43625,4.43625,5.0,0.8872500000000001,0,0,0,0,4127.881311201418,41.27881311201418,7067.613847762895,387.14853727760516,42.834092783900516,217.13099963911944
06ac6393eee7a87a46f65b36cf9d1863821846f32cd08b7f9dd84710f2fa08a1,3,7,20291408,image_payload_mb,0.1,0.8379393782669503,107,0.006271834019571543,100,21,0.21,227.73167828147413,227.73167828147413,0.0,18.64406779661017,18.64406779661017,37.89473684210527,36.0,0.4919962335216572,4.972500000000001,4.972500000000001,5.0,0.9945000000000002,0,0,0,0,4070.1316296929717,40.70131629692972,6808.244533964275,277.47907845518296,30.692093536887885,262.1223354958295
06ac6393eee7a87a46f65b36cf9d1863821846f32cd08b7f9dd84710f2fa08a1,3,7,20291408,image_payload_mb,0.5,0.8358237864109688,810,0.0416947080520913,100,15,0.15,235.1543235297915,235.1543235297915,0.0,13.317191283292976,13.317191283292976,37.89473684210527,36.0,0.35142588108689793,3.5099999999999993,3.5099999999999993,5.0,0.7019999999999998,0,0,0,0,4244.980706210373,42.44980706210373,7607.426875377993,416.5861245575273,41.79169186618595,155.46095613398313
06ac6393eee7a87a46f65b36cf9d1863821846f32cd08b7f9dd84710f2fa08a1,3,7,20291408,image_payload_mb,1.0,0.8295376382251914,472,0.025135166011750698,100,11,0.11,239.44350629888385,239.44350629888385,0.0,9.443099273607748,9.443099273607748,37.89473684210527,36.0,0.2491928974979822,2.45375,2.45375,5.0,0.49074999999999996,0,0,0,0,4330.91190657276,43.3091190657276,7999.8187835496565,561.7437726231818,56.253049968704545,102.97500671862402
06ac6393eee7a87a46f65b36cf9d1863821846f32cd08b7f9dd84710f2fa08a1,3,7,20291408,uplink_power_w,0.1,0.8358236331176574,810,0.04145433404482901,100,15,0.15,235.14991297043446,235.14991297043446,0.0,13.317191283292976,13.317191283292976,37.89473684210527,36.0,0.35142588108689793,3.5099999999999993,3.5099999999999993,5.0,0.7019999999999998,0,0,0,0,4244.986276606798,42.44986276606798,7607.425436226479,416.95748431922345,41.69574843192235,155.46095613398313
06ac6393eee7a87a46f65b36cf9d1863821846f32cd08b7f9dd84710f2fa08a1,3,7,20291408,uplink_power_w,0.2,0.8358237864109688,810,0.04144895798526704,100,15,0.15,235.1543235297915,235.1543235297915,0.0,13.317191283292976,13.317191283292976,37.89473684210527,36.0,0.35142588108689793,3.5099999999999993,3.5099999999999993,5.0,0.7019999999999998,0,0,0,0,4244.980706210373,42.44980706210373,7607.426875377993,416.5861245575273,41.79169186618595,155.46095613398313
06ac6393eee7a87a46f65b36cf9d1863821846f32cd08b7f9dd84710f2fa08a1,3,7,20291408,uplink_power_w,0.4,0.8358238647149241,810,0.041712666978128254,100,15,0.15,235.16529321977524,235.16529321977524,0.0,13.317191283292976,13.317191283292976,37.89473684210527,36.0,0.35142588108689793,3.5099999999999993,3.5099999999999993,5.0,0.7019999999999998,0,0,0,0,4244.9771093217405,42.44977109321741,7607.429429004853,416.34633198202687,41.96193365685224,155.46095613398313
06ac6393eee7a87a46f65b36cf9d1863821846f32cd08b7f9dd84710f2fa08a1,3,7,20291408,downlink_power_w,0.5,0.8294272685242444,498,0.02637479198165238,100,15,0.15,236.1339044878052,236.1339044878052,0.0,13.07506053268765,13.07506053268765,37.89473684210527,36.0,0.3450363196125907,3.4287499999999995,3.4287499999999995,5.0,0.6857499999999999,0,0,0,0,4259.707221225124,42.59707221225124,7672.264871579619,442.1141938129799,44.32477197461715,151.70055452865057
06ac6393eee7a87a46f65b36cf9d1863821846f32cd08b7f9dd84710f2fa08a1,3,7,20291408,downlink_power_w,1.0,0.8358237864109688,810,0.041626624995842576,100,15,0.15,235.1543235297915,235.1543235297915,0.0,13.317191283292976,13.317191283292976,37.89473684210527,36.0,0.35142588108689793,3.5099999999999993,3.5099999999999993,5.0,0.7019999999999998,0,0,0,0,4244.980706210373,42.44980706210373,7607.426875377993,416.5861245575273,41.79169186618595,155.46095613398313
06ac6393eee7a87a46f65b36cf9d1863821846f32cd08b7f9dd84710f2fa08a1,3,7,20291408,downlink_power_w,2.0,0.8385127830754989,456,0.02417895896360278,100,16,0.16,234.2603153888402,234.2603153888402,0.0,14.285714285714286,14.285714285714286,37.89473684210527,36.0,0.376984126984127,3.75375,3.75375,5.0,0.75075,0,0,0,0,4213.939798207257,42.139397982072566,7463.482226858665,424.9635026032014,42.639178666482366,171.27388535031847
06ac6393eee7a87a46f65b36cf9d1863821846f32cd08b7f9dd84710f2fa08a1,3,7,20291408,path_loss_exponent,3.0,0.8448083106020471,488,0.025792291038669646,100,19,0.19,231.30340149470348,231.30340149470348,0.0,15.980629539951574,15.980629539951574,37.89473684210527,36.0,0.4217110573042776,4.30625,4.30625,5.0,0.8612500000000001,0,0,0,0,4124.864078599916,41.24864078599916,7053.237156471177,411.5890341822159,44.06086690402578,202.30983949755753
06ac6393eee7a87a46f65b36cf9d1863821846f32cd08b7f9dd84710f2fa08a1,3,7,20291408,path_loss_exponent,3.5,0.8358237864109688,810,0.041323750047013164,100,15,0.15,235.1543235297915,235.1543235297915,0.0,13.317191283292976,13.317191283292976,37.89473684210527,36.0,0.35142588108689793,3.5099999999999993,3.5099999999999993,5.0,0.7019999999999998,0,0,0,0,4244.980706210373,42.44980706210373,7607.426875377993,416.5861245575273,41.79169186618595,155.46095613398313
06ac6393eee7a87a46f65b36cf9d1863821846f32cd08b7f9dd84710f2fa08a1,3,7,20291408,path_loss_exponent,3.8,0.8258192114646328,456,0.024190832977183163,100,13,0.13,237.40654425432973,237.40654425432973,0.0,10.895883777239709,10.895883777239709,37.89473684210527,36.0,0.2875302663438256,2.86,2.86,5.0,0.572,0,0,0,0,4300.651118037811,43.00651118037811,7862.989946409872,452.270827429803,45.38049306704636,120.89209855564994
06ac6393eee7a87a46f65b36cf9d1863821846f32cd08b7f9dd84710f2fa08a1,3,8,20291505,bandwidth_mhz,10.0,0.8296951217033884,465,0.02450220799073577,100,11,0.11,239.75985717250845,239.75985717250845,0.0,8.958837772397093,8.958837772397093,37.89473684210527,36.0,0.2364137745493677,2.4050000000000002,2.4050000000000002,5.0,0.48100000000000004,0,0,0,0,4333.513426978523,43.33513426978523,8010.646213315816,585.63636753738,58.74666507413601,97.40244869197568
06ac6393eee7a87a46f65b36cf9d1863821846f32cd08b7f9dd84710f2fa08a1,3,8,20291505,bandwidth_mhz,20.0,0.8342440055996354,556,0.03009300003759563,100,15,0.15,236.03170620573172,236.03170620573172,0.0,12.832929782082322,12.832929782082322,37.89473684210527,36.0,0.3386467581382835,3.412499999999999,3.412499999999999,5.0,0.6824999999999999,0,0,0,0,4256.547878723347,42.56547878723347,7657.8749886932765,448.512434229385,44.999246218382225,148.01281399369464
06ac6393eee7a87a46f65b36cf9d1863821846f32cd08b7f9dd84710f2fa08a1,3,8,20291505,bandwidth_mhz,40.0,0.8375487459229431,535,0.029080874985083938,100,18,0.18,232.50740954295918,232.50740954295918,0.0,15.738498789346247,15.738498789346247,37.89473684210527,36.0,0.41532149582997036,4.14375,4.14375,5.0,0.82875,0,0,0,0,4194.66119494967,41.9466119494967,7376.992435941959,328.03652809723303,32.9131078866672,197.58541355113303
06ac6393eee7a87a46f65b36cf9d1863821846f32cd08b7f9dd84710f2fa08a1,3,8,20291505,image_payload_mb,0.1,0.8428868837475835,100,0.0058926669880747795,100,20,0.2,227.69401290625558,227.69401290625558,0.0,18.159806295399516,18.159806295399516,37.89473684210527,36.0,0.4792171105730427,4.89125,4.89125,5.0,0.9782500000000001,0,0,0,0,4070.3331509961245,40.703331509961245,6811.859939948969,286.6110561990963,32.99699744849269,250.046493607129
06ac6393eee7a87a46f65b36cf9d1863821846f32cd08b7f9dd84710f2fa08a1,3,8,20291505,image_payload_mb,0.5,0.8342440055996354,556,0.030003041960299015,100,15,0.15,236.03170620573172,236.03170620573172,0.0,12.832929782082322,12.832929782082322,37.89473684210527,36.0,0.3386467581382835,3.412499999999999,3.412499999999999,5.0,0.6824999999999999,0,0,0,0,4256.547878723347,42.56547878723347,7657.8749886932765,448.512434229385,44.999246218382225,148.01281399369464
06ac6393eee7a87a46f65b36cf9d1863821846f32cd08b7f9dd84710f2fa08a1,3,8,20291505,image_payload_mb,1.0,0.8279434535150453,436,0.02286816597916186,100,10,0.1,240.70197573286399,240.70197573286399,0.0,8.474576271186441,8.474576271186441,37.89473684210527,36.0,0.2236346516007533,2.2425,2.2425,5.0,0.4485,0,0,0,0,4354.678594789124,43.54678594789124,8107.816885962605,615.8461374933581,61.68859626049925,92.01334141904184
06ac6393eee7a87a46f65b36cf9d1863821846f32cd08b7f9dd84710f2fa08a1,3,8,20291505,uplink_power_w,0.1,0.8342440590196101,556,0.030238832929171622,100,15,0.15,236.02667669270556,236.02667669270556,0.0,12.832929782082322,12.832929782082322,37.89473684210527,36.0,0.3386467581382835,3.412499999999999,3.412499999999999,5.0,0.6824999999999999,0,0,0,0,4256.553949419978,42.56553949419978,7657.873375721008,448.9171473381921,44.891714733819214,148.01281399369464
06ac6393eee7a87a46f65b36cf9d1863821846f32cd08b7f9dd84710f2fa08a1,3,8,20291505,uplink_power_w,0.2,0.8342440055996354,556,0.030221999972127378,100,15,0.15,236.03170620573172,236.03170620573172,0.0,12.832929782082322,12.832929782082322,37.89473684210527,36.0,0.3386467581382835,3.412499999999999,3.412499999999999,5.0,0.6824999999999999,0,0,0,0,4256.547878723347,42.56547878723347,7657.8749886932765,448.512434229385,44.999246218382225,148.01281399369464
06ac6393eee7a87a46f65b36cf9d1863821846f32cd08b7f9dd84710f2fa08a1,3,8,20291505,uplink_power_w,0.4,0.8342439546888921,556,0.030200500041246414,100,15,0.15,236.04390581871525,236.04390581871525,0.0,12.832929782082322,12.832929782082322,37.89473684210527,36.0,0.3386467581382835,3.412499999999999,3.412499999999999,5.0,0.6824999999999999,0,0,0,0,4256.543878400813,42.56543878400813,7657.8778286481265,448.2457460605038,45.18857654171717,148.01281399369464
06ac6393eee7a87a46f65b36cf9d1863821846f32cd08b7f9dd84710f2fa08a1,3,8,20291505,downlink_power_w,0.5,0.8329173808470134,550,0.02875891700387001,100,14,0.14,237.1144273159037,237.1144273159037,0.0,11.864406779661016,11.864406779661016,37.89473684210527,36.0,0.31308851224105455,3.1687499999999993,3.1687499999999993,5.0,0.6337499999999998,0,0,0,0,4276.322995733467,42.76322995733467,7747.886695180132,489.12321429201916,49.04965572374814,133.9479095270733
06ac6393eee7a87a46f65b36cf9d1863821846f32cd08b7f9dd84710f2fa08a1,3,8,20291505,downlink_power_w,1.0,0.8342440055996354,556,0.03083125001285225,100,15,0.15,236.03170620573172,236.03170620573172,0.0,12.832929782082322,12.832929782082322,37.89473684210527,36.0,0.3386467581382835,3.412499999999999,3.412499999999999,5.0,0.6824999999999999,0,0,0,0,4256.547878723347,42.56547878723347,7657.8749886932765,448.512434229385,44.999246218382225,148.01281399369464
06ac6393eee7a87a46f65b36cf9d1863821846f32cd08b7f9dd84710f2fa08a1,3,8,20291505,downlink_power_w,2.0,0.8380326730789547,367,0.020346375065855682,100,16,0.16,235.17176618604026,235.17176618604026,0.0,13.559322033898306,13.559322033898306,37.89473684210527,36.0,0.3578154425612053,3.6075,3.6075,5.0,0.7215,0,0,0,0,4220.956588669487,42.209565886694875,7492.3638204699655,475.49060415966164,47.73877937288024,159.29618768328444
06ac6393eee7a87a46f65b36cf9d1863821846f32cd08b7f9dd84710f2fa08a1,3,8,20291505,path_loss_exponent,3.0,0.8458266062414558,507,0.026995666092261672,100,18,0.18,231.8377814574234,231.8377814574234,0.0,14.527845036319613,14.527845036319613,37.89473684210527,36.0,0.38337368845843417,4.01375,4.01375,5.0,0.80275,0,0,0,0,4131.59575274457,41.3159575274457,7085.714021711935,446.55432641444304,50.77898399638196,175.43193717277484
06ac6393eee7a87a46f65b36cf9d1863821846f32cd08b7f9dd84710f2fa08a1,3,8,20291505,path_loss_exponent,3.5,0.8342440055996354,556,0.03093825001269579,100,15,0.15,236.03170620573172,236.03170620573172,0.0,12.832929782082322,12.832929782082322,37.89473684210527,36.0,0.3386467581382835,3.412499999999999,3.412499999999999,5.0,0.6824999999999999,0,0,0,0,4256.547878723347,42.56547878723347,7657.8749886932765,448.512434229385,44.999246218382225,148.01281399369464
06ac6393eee7a87a46f65b36cf9d1863821846f32cd08b7f9dd84710f2fa08a1,3,8,20291505,path_loss_exponent,3.8,0.8270813484983385,472,0.025022750021889806,100,13,0.13,239.0674278916412,239.0674278916412,0.0,10.653753026634382,10.653753026634382,37.89473684210527,36.0,0.28114070486951837,2.8437499999999996,2.8437499999999996,5.0,0.5687499999999999,0,0,0,0,4303.833748934994,43.03833748934994,7870.353369156523,577.130560637481,57.951473578603675,117.77320359281434
06ac6393eee7a87a46f65b36cf9d1863821846f32cd08b7f9dd84710f2fa08a1,3,9,20291602,bandwidth_mhz,10.0,0.8317764057840876,683,0.03536062501370907,100,10,0.1,239.37379215536404,239.37379215536404,0.0,8.474576271186441,8.474576271186441,37.89473684210527,36.0,0.2236346516007533,2.29125,2.29125,5.0,0.45824999999999994,0,0,0,0,4320.224166436071,43.202241664360706,7953.069419355138,610.4033021880242,66.9419355137609,92.01334141904184
06ac6393eee7a87a46f65b36cf9d1863821846f32cd08b7f9dd84710f2fa08a1,3,9,20291602,bandwidth_mhz,20.0,0.8342747366275213,686,0.039823457947932184,100,15,0.15,235.5532692253041,235.5532692253041,0.0,13.559322033898303,13.559322033898303,37.89473684210527,36.0,0.3578154425612052,3.5912499999999996,3.5912499999999996,5.0,0.7182499999999999,0,0,0,0,4226.823072692396,42.26823072692396,7521.171220476113,482.2419918098189,51.4146984076288,159.29618768328442
06ac6393eee7a87a46f65b36cf9d1863821846f32cd08b7f9dd84710f2fa08a1,3,9,20291602,bandwidth_mhz,40.0,0.8392750913912159,686,0.03610879194457084,100,19,0.19,231.44586687510787,231.44586687510787,0.0,16.222760290556902,16.222760290556902,37.89473684210527,36.0,0.42810061877858485,4.355,4.355,5.0,0.8710000000000001,0,0,0,0,4147.155442854044,41.471554428540436,7157.53642704328,358.9361066864406,38.759318067396464,207.13983300011756
06ac6393eee7a87a46f65b36cf9d1863821846f32cd08b7f9dd84710f2fa08a1,3,9,20291602,image_payload_mb,0.1,0.8390626681108162,100,0.006000957917422056,100,20,0.2,227.70828023968366,227.70828023968366,0.0,18.401937046004843,18.401937046004843,37.89473684210527,36.0,0.48560667204735,4.891249999999999,4.891249999999999,5.0,0.9782499999999998,0,0,0,0,4069.8624014400134,40.69862401440013,6808.225215257302,297.11065777472237,31.260762865084903,256.0094142259414
06ac6393eee7a87a46f65b36cf9d1863821846f32cd08b7f9dd84710f2fa08a1,3,9,20291602,image_payload_mb,0.5,0.8342747366275213,686,0.03700012504123151,100,15,0.15,235.5532692253041,235.5532692253041,0.0,13.559322033898303,13.559322033898303,37.89473684210527,36.0,0.3578154425612052,3.5912499999999996,3.5912499999999996,5.0,0.7182499999999999,0,0,0,0,4226.823072692396,42.26823072692396,7521.171220476113,482.2419918098189,51.4146984076288,159.29618768328442
06ac6393eee7a87a46f65b36cf9d1863821846f32cd08b7f9dd84710f2fa08a1,3,9,20291602,image_payload_mb,1.0,0.8257570930444001,702,0.0455346250673756,100,10,0.1,240.27637904006556,240.27637904006556,0.0,8.474576271186441,8.474576271186441,37.89473684210527,36.0,0.2236346516007533,2.29125,2.29125,5.0,0.45824999999999994,0,0,0,0,4340.941436988583,43.40941436988582,8046.669118767737,602.1303574391745,66.91187677358542,92.01334141904184
06ac6393eee7a87a46f65b36cf9d1863821846f32cd08b7f9dd84710f2fa08a1,3,9,20291602,uplink_power_w,0.1,0.835027710318753,686,0.04192620899993926,100,15,0.15,235.3555614554382,235.3555614554382,0.0,13.559322033898303,13.559322033898303,37.89473684210527,36.0,0.3578154425612052,3.5912499999999996,3.5912499999999996,5.0,0.7182499999999999,0,0,0,0,4223.046470546347,42.230464705463476,7503.145702773109,497.13518207320254,49.71351820732025,159.29618768328442
06ac6393eee7a87a46f65b36cf9d1863821846f32cd08b7f9dd84710f2fa08a1,3,9,20291602,uplink_power_w,0.2,0.8342747366275213,686,0.03661958302836865,100,15,0.15,235.5532692253041,235.5532692253041,0.0,13.559322033898303,13.559322033898303,37.89473684210527,36.0,0.3578154425612052,3.5912499999999996,3.5912499999999996,5.0,0.7182499999999999,0,0,0,0,4226.823072692396,42.26823072692396,7521.171220476113,482.2419918098189,51.4146984076288,159.29618768328442
06ac6393eee7a87a46f65b36cf9d1863821846f32cd08b7f9dd84710f2fa08a1,3,9,20291602,uplink_power_w,0.4,0.8314812983121487,698,0.03832354198675603,100,15,0.15,235.77417849473395,235.77417849473395,0.0,13.559322033898303,13.559322033898303,37.89473684210527,36.0,0.3578154425612052,3.5912499999999996,3.5912499999999996,5.0,0.7182499999999999,0,0,0,0,4229.71385325281,42.297138532528095,7535.617233364868,461.62736250402855,54.48222432454512,159.29618768328442
06ac6393eee7a87a46f65b36cf9d1863821846f32cd08b7f9dd84710f2fa08a1,3,9,20291602,downlink_power_w,0.5,0.8315170879418446,707,0.03650475002359599,100,14,0.14,236.53218278942396,236.53218278942396,0.0,12.348668280871669,12.348668280871669,37.89473684210527,36.0,0.325867635189669,3.2662499999999994,3.2662499999999994,5.0,0.6532499999999999,0,0,0,0,4249.421135510593,42.494211355105925,7625.5780462252405,503.5197704043012,55.574730374381325,140.84705178090388
06ac6393eee7a87a46f65b36cf9d1863821846f32cd08b7f9dd84710f2fa08a1,3,9,20291602,downlink_power_w,1.0,0.8342747366275213,686,0.03766441601328552,100,15,0.15,235.5532692253041,235.5532692253041,0.0,13.559322033898303,13.559322033898303,37.89473684210527,36.0,0.3578154425612052,3.5912499999999996,3.5912499999999996,5.0,0.7182499999999999,0,0,0,0,4226.823072692396,42.26823072692396,7521.171220476113,482.2419918098189,51.4146984076288,159.29618768328442
06ac6393eee7a87a46f65b36cf9d1863821846f32cd08b7f9dd84710f2fa08a1,3,9,20291602,downlink_power_w,2.0,0.8370526498812487,686,0.03668979206122458,100,16,0.16,234.46436772503142,234.46436772503142,0.0,14.043583535108962,14.043583535108962,37.89473684210527,36.0,0.3705945655098198,3.7537499999999997,3.7537499999999997,5.0,0.7507499999999999,0,0,0,0,4203.974755262466,42.03974755262466,7416.780604881143,456.2219474390333,48.78780507143311,167.2002564650566
06ac6393eee7a87a46f65b36cf9d1863821846f32cd08b7f9dd84710f2fa08a1,3,9,20291602,path_loss_exponent,3.0,0.845133133522179,687,0.036164249991998076,100,18,0.18,231.56057041347705,231.56057041347705,0.0,15.254237288135593,15.254237288135593,37.89473684210527,36.0,0.4025423728813559,4.14375,4.14375,5.0,0.82875,0,0,0,0,4129.135435567034,41.291354355670336,7074.863015400268,430.19559296759974,47.94530001481604,188.43971631205673
06ac6393eee7a87a46f65b36cf9d1863821846f32cd08b7f9dd84710f2fa08a1,3,9,20291602,path_loss_exponent,3.5,0.8342747366275213,686,0.03684804099611938,100,15,0.15,235.5532692253041,235.5532692253041,0.0,13.559322033898303,13.559322033898303,37.89473684210527,36.0,0.3578154425612052,3.5912499999999996,3.5912499999999996,5.0,0.7182499999999999,0,0,0,0,4226.823072692396,42.26823072692396,7521.171220476113,482.2419918098189,51.4146984076288,159.29618768328442
06ac6393eee7a87a46f65b36cf9d1863821846f32cd08b7f9dd84710f2fa08a1,3,9,20291602,path_loss_exponent,3.8,0.8225414857835048,792,0.041672084014862776,100,13,0.13,238.37096636147996,238.37096636147996,0.0,11.380145278450362,11.380145278450362,37.89473684210527,36.0,0.30030938929244005,3.0225,3.0225,5.0,0.6045,0,0,0,0,4291.2178579969395,42.91217857996939,7816.372371005849,520.2267596045585,59.41315429604502,127.30077862155143
06ac6393eee7a87a46f65b36cf9d1863821846f32cd08b7f9dd84710f2fa08a1,4,0,20300729,bandwidth_mhz,10.0,0.799569923389547,551,0.030135749955661595,100,10,0.1,274.19394205285056,274.19394205285056,0.0,9.801136363636362,9.801136363636362,37.89473684210527,36.0,0.2586410984848484,2.6325000000000003,2.6325000000000003,5.0,0.5265000000000001,0,0,0,0,5634.919570509108,56.34919570509108,9800.426812774318,1224.7384655682552,122.68127743168866,107.21858534248759
06ac6393eee7a87a46f65b36cf9d1863821846f32cd08b7f9dd84710f2fa08a1,4,0,20300729,bandwidth_mhz,20.0,0.8064555700004835,357,0.01945408305618912,100,13,0.13,267.95905095645315,267.95905095645315,0.0,12.642045454545453,12.642045454545453,37.89473684210527,36.0,0.33360953282828276,3.39625,3.39625,5.0,0.67925,0,0,0,0,5490.876147138406,54.90876147138406,9148.82109342286,937.6251224991047,93.93026329679316,145.1554266090354
06ac6393eee7a87a46f65b36cf9d1863821846f32cd08b7f9dd84710f2fa08a1,4,0,20300729,bandwidth_mhz,40.0,0.8129988422658576,423,0.022589083993807435,100,16,0.16,262.1320344453816,262.1320344453816,0.0,15.482954545454543,15.482954545454543,37.89473684210527,36.0,0.40857796717171707,4.20875,4.20875,5.0,0.84175,0,0,0,0,5337.925492885207,53.37925492885207,8454.066321620836,777.633318001429,79.14510130231962,192.70998732403757
06ac6393eee7a87a46f65b36cf9d1863821846f32cd08b7f9dd84710f2fa08a1,4,0,20300729,image_payload_mb,0.1,0.8064641423286112,131,0.007154374965466559,100,19,0.19,256.2063673612217,256.2063673612217,0.0,18.087121212121207,18.087121212121207,37.89473684210527,36.0,0.4772990319865318,4.94,4.94,5.0,0.9880000000000001,0,0,0,0,5304.540575485287,53.04540575485287,8320.373074541803,369.64008769229156,40.68813377906793,248.28493784912666
06ac6393eee7a87a46f65b36cf9d1863821846f32cd08b7f9dd84710f2fa08a1,4,0,20300729,image_payload_mb,0.5,0.8064555700004835,357,0.019308292074128985,100,13,0.13,267.95905095645315,267.95905095645315,0.0,12.642045454545453,12.642045454545453,37.89473684210527,36.0,0.33360953282828276,3.39625,3.39625,5.0,0.67925,0,0,0,0,5490.876147138406,54.90876147138406,9148.82109342286,937.6251224991047,93.93026329679316,145.1554266090354
06ac6393eee7a87a46f65b36cf9d1863821846f32cd08b7f9dd84710f2fa08a1,4,0,20300729,image_payload_mb,1.0,0.7977970675243544,551,0.028916417038999498,100,9,0.09,275.8645582897356,275.8645582897356,0.0,8.61742424242424,8.61742424242424,37.89473684210527,36.0,0.22740425084175075,2.3075,2.3075,5.0,0.4615,0,0,0,0,5730.658905882153,57.30658905882153,10242.98279503044,1090.7383876942345,109.19944782682077,93.58448810050727
06ac6393eee7a87a46f65b36cf9d1863821846f32cd08b7f9dd84710f2fa08a1,4,0,20300729,uplink_power_w,0.1,0.8064550345578256,334,0.01825674995779991,100,13,0.13,267.956450186505,267.956450186505,0.0,12.642045454545453,12.642045454545453,37.89473684210527,36.0,0.33360953282828276,3.39625,3.39625,5.0,0.67925,0,0,0,0,5490.884450186505,54.90884450186505,9148.819742964059,938.2638185067361,93.82638185067363,145.1554266090354
06ac6393eee7a87a46f65b36cf9d1863821846f32cd08b7f9dd84710f2fa08a1,4,0,20300729,uplink_power_w,0.2,0.8064555700004835,357,0.019371708040125668,100,13,0.13,267.95905095645315,267.95905095645315,0.0,12.642045454545453,12.642045454545453,37.89473684210527,36.0,0.33360953282828276,3.39625,3.39625,5.0,0.67925,0,0,0,0,5490.876147138406,54.90876147138406,9148.82109342286,937.6251224991047,93.93026329679316,145.1554266090354
06ac6393eee7a87a46f65b36cf9d1863821846f32cd08b7f9dd84710f2fa08a1,4,0,20300729,uplink_power_w,0.4,0.8064558894881181,357,0.01919870905112475,100,13,0.13,267.9684227309249,267.9684227309249,0.0,12.642045454545453,12.642045454545453,37.89473684210527,36.0,0.33360953282828276,3.39625,3.39625,5.0,0.67925,0,0,0,0,5490.871172793757,54.90871172793757,9148.823465212217,937.2424806030117,94.1127086321214,145.1554266090354
06ac6393eee7a87a46f65b36cf9d1863821846f32cd08b7f9dd84710f2fa08a1,4,0,20300729,downlink_power_w,0.5,0.8044686578608923,357,0.01977049990091473,100,12,0.12,270.0867446391682,270.0867446391682,0.0,11.458333333333332,11.458333333333332,37.89473684210527,36.0,0.3023726851851851,3.07125,3.07125,5.0,0.61425,0,0,0,0,5574.013515616447,55.74013515616447,9530.289168332594,906.1021067072397,90.76402771607549,128.35752799668185
06ac6393eee7a87a46f65b36cf9d1863821846f32cd08b7f9dd84710f2fa08a1,4,0,20300729,downlink_power_w,1.0,0.8064555700004835,357,0.02009341598022729,100,13,0.13,267.95905095645315,267.95905095645315,0.0,12.642045454545453,12.642045454545453,37.89473684210527,36.0,0.33360953282828276,3.39625,3.39625,5.0,0.67925,0,0,0,0,5490.876147138406,54.90876147138406,9148.82109342286,937.6251224991047,93.93026329679316,145.1554266090354
06ac6393eee7a87a46f65b36cf9d1863821846f32cd08b7f9dd84710f2fa08a1,4,0,20300729,downlink_power_w,2.0,0.8065430401725503,363,0.01976704108528793,100,13,0.13,266.1954136140369,266.1954136140369,0.0,12.642045454545453,12.642045454545453,37.89473684210527,36.0,0.33360953282828276,3.39625,3.39625,5.0,0.67925,0,0,0,0,5489.112509795989,54.89112509795989,9148.644729688616,801.9607115440093,80.36382220128361,145.1554266090354
06ac6393eee7a87a46f65b36cf9d1863821846f32cd08b7f9dd84710f2fa08a1,4,0,20300729,path_loss_exponent,3.0,0.8100348799012791,551,0.028778207954019308,100,15,0.15,260.9680025132564,260.9680025132564,0.0,15.24621212121212,15.24621212121212,37.89473684210527,36.0,0.40233059764309753,4.095,4.095,5.0,0.819,0,0,0,0,5240.207001731008,52.40207001731008,8004.351263156893,998.8420002940469,103.41754379272687,188.29144843976928
06ac6393eee7a87a46f65b36cf9d1863821846f32cd08b7f9dd84710f2fa08a1,4,0,20300729,path_loss_exponent,3.5,0.8064555700004835,357,0.0203099159989506,100,13,0.13,267.95905095645315,267.95905095645315,0.0,12.642045454545453,12.642045454545453,37.89473684210527,36.0,0.33360953282828276,3.39625,3.39625,5.0,0.67925,0,0,0,0,5490.876147138406,54.90876147138406,9148.82109342286,937.6251224991047,93.93026329679316,145.1554266090354
06ac6393eee7a87a46f65b36cf9d1863821846f32cd08b7f9dd84710f2fa08a1,4,0,20300729,path_loss_exponent,3.8,0.801007891830737,357,0.01955604099202901,100,11,0.11,273.88489996385175,273.88489996385175,0.0,10.511363636363635,10.511363636363635,37.89473684210527,36.0,0.277383207070707,2.8275,2.8275,5.0,0.5655,0,0,0,0,5693.372486951826,56.933724869518265,10073.772969978378,881.5339781575698,88.45181621621116,115.96483564486182
06ac6393eee7a87a46f65b36cf9d1863821846f32cd08b7f9dd84710f2fa08a1,4,1,20300826,bandwidth_mhz,10.0,0.7946610905260916,824,0.044701459002681077,100,8,0.08,274.8728695897974,274.8728695897974,0.0,7.575757575757574,7.575757575757574,37.89473684210527,36.0,0.19991582491582485,2.0637499999999998,2.0637499999999998,5.0,0.41274999999999995,0,0,0,0,5703.458453641768,57.034584536417675,10124.21395485573,1149.8395826538524,126.7443569661362,82.46712256706994
06ac6393eee7a87a46f65b36cf9d1863821846f32cd08b7f9dd84710f2fa08a1,4,1,20300826,bandwidth_mhz,20.0,0.7976175108805165,721,0.03759524994529784,100,10,0.1,267.5047411585525,267.5047411585525,0.0,10.416666666666664,10.416666666666664,37.89473684210527,36.0,0.2748842592592592,2.8437500000000004,2.8437500000000004,5.0,0.5687500000000001,0,0,0,0,5445.102464956093,54.451024649560935,8943.746329190211,1275.4739497194412,134.63291902113244,114.77254588986429
06ac6393eee7a87a46f65b36cf9d1863821846f32cd08b7f9dd84710f2fa08a1,4,1,20300826,bandwidth_mhz,40.0,0.8063574690416204,657,0.03481304203160107,100,14,0.14,259.76422248669155,259.76422248669155,0.0,15.009469696969695,15.009469696969695,37.89473684210527,36.0,0.39608322811447805,4.095000000000001,4.095000000000001,5.0,0.8190000000000002,0,0,0,0,5174.670673549348,51.74670673549348,7705.7002270846915,1149.6552123013635,121.4447917636246,183.96432693773542
06ac6393eee7a87a46f65b36cf9d1863821846f32cd08b7f9dd84710f2fa08a1,4,1,20300826,image_payload_mb,0.1,0.8089790409421269,182,0.00913179200142622,100,18,0.18,256.553139159119,256.553139159119,0.0,18.08712121212121,18.08712121212121,37.89473684210527,36.0,0.4772990319865319,4.89125,4.89125,5.0,0.9782500000000001,0,0,0,0,5323.062048209788,53.23062048209788,8406.701510122717,366.27329602801035,38.97278459536233,248.28493784912678
06ac6393eee7a87a46f65b36cf9d1863821846f32cd08b7f9dd84710f2fa08a1,4,1,20300826,image_payload_mb,0.5,0.7976175108805165,721,0.0371802500449121,100,10,0.1,267.5047411585525,267.5047411585525,0.0,10.416666666666664,10.416666666666664,37.89473684210527,36.0,0.2748842592592592,2.8437500000000004,2.8437500000000004,5.0,0.5687500000000001,0,0,0,0,5445.102464956093,54.451024649560935,8943.746329190211,1275.4739497194412,134.63291902113244,114.77254588986429
06ac6393eee7a87a46f65b36cf9d1863821846f32cd08b7f9dd84710f2fa08a1,4,1,20300826,image_payload_mb,1.0,0.791891415955898,246,0.01413370796944946,100,7,0.07,276.30557002259843,276.30557002259843,0.0,7.102272727272727,7.102272727272727,37.89473684210527,36.0,0.18742108585858583,1.95,1.95,5.0,0.39,0,0,0,0,5722.622873540721,57.22622873540721,10207.008462952283,1439.8909370108893,144.06613604043568,77.66242594930561
06ac6393eee7a87a46f65b36cf9d1863821846f32cd08b7f9dd84710f2fa08a1,4,1,20300826,uplink_power_w,0.1,0.7976043783977925,721,0.040572249912656844,100,10,0.1,267.4202947952922,267.4202947952922,0.0,10.416666666666664,10.416666666666664,37.89473684210527,36.0,0.2748842592592592,2.8437500000000004,2.8437500000000004,5.0,0.5687500000000001,0,0,0,0,5445.372294795292,54.45372294795292,8943.702456933639,1302.456933639355,130.24569336393552,114.77254588986429
06ac6393eee7a87a46f65b36cf9d1863821846f32cd08b7f9dd84710f2fa08a1,4,1,20300826,uplink_power_w,0.2,0.7976175108805165,721,0.03826687496621162,100,10,0.1,267.5047411585525,267.5047411585525,0.0,10.416666666666664,10.416666666666664,37.89473684210527,36.0,0.2748842592592592,2.8437500000000004,2.8437500000000004,5.0,0.5687500000000001,0,0,0,0,5445.102464956093,54.451024649560935,8943.746329190211,1275.4739497194412,134.63291902113244,114.77254588986429
06ac6393eee7a87a46f65b36cf9d1863821846f32cd08b7f9dd84710f2fa08a1,4,1,20300826,uplink_power_w,0.4,0.7976255140052021,721,0.037738290964625776,100,10,0.1,267.80353459396906,267.80353459396906,0.0,10.416666666666664,10.416666666666664,37.89473684210527,36.0,0.2748842592592592,2.8437500000000004,2.8437500000000004,5.0,0.5687500000000001,0,0,0,0,5444.938561368292,54.449385613682914,8943.822478236074,1259.083590939349,142.24782360747207,114.77254588986429
06ac6393eee7a87a46f65b36cf9d1863821846f32cd08b7f9dd84710f2fa08a1,4,1,20300826,downlink_power_w,0.5,0.7975439222529143,721,0.036865207948721945,100,10,0.1,269.394540610974,269.394540610974,0.0,10.416666666666664,10.416666666666664,37.89473684210527,36.0,0.2748842592592592,2.8437500000000004,2.8437500000000004,5.0,0.5687500000000001,0,0,0,0,5446.9922644085145,54.469922644085145,8943.935309135453,1464.4538949615892,153.53091354534723,114.77254588986429
06ac6393eee7a87a46f65b36cf9d1863821846f32cd08b7f9dd84710f2fa08a1,4,1,20300826,downlink_power_w,1.0,0.7976175108805165,721,0.03733441699296236,100,10,0.1,267.5047411585525,267.5047411585525,0.0,10.416666666666664,10.416666666666664,37.89473684210527,36.0,0.2748842592592592,2.8437500000000004,2.8437500000000004,5.0,0.5687500000000001,0,0,0,0,5445.102464956093,54.451024649560935,8943.746329190211,1275.4739497194412,134.63291902113244,114.77254588986429
06ac6393eee7a87a46f65b36cf9d1863821846f32cd08b7f9dd84710f2fa08a1,4,1,20300826,downlink_power_w,2.0,0.7993844430841159,587,0.031202665995806456,100,11,0.11,265.73351432855833,265.73351432855833,0.0,11.600378787878785,11.600378787878785,37.89473684210527,36.0,0.3061211069023568,3.1687500000000006,3.1687500000000006,5.0,0.6337500000000001,0,0,0,0,5349.244295965198,53.49244295965198,8501.176550506336,1364.642576057828,143.32277330325695,130.29342077828528
06ac6393eee7a87a46f65b36cf9d1863821846f32cd08b7f9dd84710f2fa08a1,4,1,20300826,path_loss_exponent,3.0,0.8059637219950685,587,0.03148704196792096,100,14,0.14,258.32113284368785,258.32113284368785,0.0,14.772727272727272,14.772727272727272,37.89473684210527,36.0,0.3898358585858585,4.013750000000001,4.013750000000001,5.0,0.8027500000000002,0,0,0,0,5147.373607349829,51.473736073498294,7583.244849693042,1146.960424477839,117.48926378862586,179.7258147956544
06ac6393eee7a87a46f65b36cf9d1863821846f32cd08b7f9dd84710f2fa08a1,4,1,20300826,path_loss_exponent,3.5,0.7976175108805165,721,0.037426707916893065,100,10,0.1,267.5047411585525,267.5047411585525,0.0,10.416666666666664,10.416666666666664,37.89473684210527,36.0,0.2748842592592592,2.8437500000000004,2.8437500000000004,5.0,0.5687500000000001,0,0,0,0,5445.102464956093,54.451024649560935,8943.746329190211,1275.4739497194412,134.63291902113244,114.77254588986429
06ac6393eee7a87a46f65b36cf9d1863821846f32cd08b7f9dd84710f2fa08a1,4,1,20300826,path_loss_exponent,3.8,0.7954653035473023,336,0.018448333023115993,100,9,0.09,273.56777221669734,273.56777221669734,0.0,8.996212121212121,8.996212121212121,37.89473684210527,36.0,0.23740004208754206,2.4700000000000006,2.4700000000000006,5.0,0.4940000000000001,0,0,0,0,5670.758827441584,56.70758827441584,9972.989628409885,1097.5993942907492,109.95871220938122,97.82587699630919
06ac6393eee7a87a46f65b36cf9d1863821846f32cd08b7f9dd84710f2fa08a1,4,2,20300923,bandwidth_mhz,10.0,0.8000888247506472,616,0.03374508291017264,100,10,0.1,270.52617678844615,270.52617678844615,0.0,9.801136363636362,9.801136363636362,37.89473684210527,36.0,0.2586410984848484,2.6325000000000003,2.6325000000000003,5.0,0.5265000000000001,0,0,0,0,5625.879108246936,56.25879108246936,9774.882105947654,880.6922393510957,88.21059476531526,107.21858534248759
06ac6393eee7a87a46f65b36cf9d1863821846f32cd08b7f9dd84710f2fa08a1,4,2,20300923,bandwidth_mhz,20.0,0.8060699773716749,616,0.0332620000699535,100,13,0.13,264.5256224048796,264.5256224048796,0.0,13.115530303030301,13.115530303030301,37.89473684210527,36.0,0.3461042718855218,3.52625,3.52625,5.0,0.70525,0,0,0,0,5375.619775700365,53.75619775700365,8626.978725771289,987.6587926046543,106.05582856069464,152.32395357724715
06ac6393eee7a87a46f65b36cf9d1863821846f32cd08b7f9dd84710f2fa08a1,4,2,20300923,bandwidth_mhz,40.0,0.8118484273305048,735,0.037702833069488406,100,16,0.16,256.7529143300975,256.7529143300975,0.0,16.429924242424242,16.429924242424242,37.89473684210527,36.0,0.43356744528619523,4.42,4.42,5.0,0.884,0,0,0,0,5139.522789654118,51.39522789654118,7550.727329799789,908.8155403700908,95.45811248675285,211.35881301228315
06ac6393eee7a87a46f65b36cf9d1863821846f32cd08b7f9dd84710f2fa08a1,4,2,20300923,image_payload_mb,0.1,0.7921509195667845,100,0.0058514580596238375,100,19,0.19,265.21120594978925,265.21120594978925,0.0,17.992424242424235,17.992424242424235,37.89473684210527,36.0,0.4748000841750839,4.9887500000000005,4.9887500000000005,5.0,0.9977500000000001,0,0,0,0,5616.122331795697,56.161223317956974,9738.418590500622,181.48193147536543,22.03107898007591,246.00921566663303
06ac6393eee7a87a46f65b36cf9d1863821846f32cd08b7f9dd84710f2fa08a1,4,2,20300923,image_payload_mb,0.5,0.8060699773716749,616,0.033281250041909516,100,13,0.13,264.5256224048796,264.5256224048796,0.0,13.115530303030301,13.115530303030301,37.89473684210527,36.0,0.3461042718855218,3.52625,3.52625,5.0,0.70525,0,0,0,0,5375.619775700365,53.75619775700365,8626.978725771289,987.6587926046543,106.05582856069464,152.32395357724715
06ac6393eee7a87a46f65b36cf9d1863821846f32cd08b7f9dd84710f2fa08a1,4,2,20300923,image_payload_mb,1.0,0.8000321714424378,803,0.04293633403722197,100,10,0.1,271.51221231271376,271.51221231271376,0.0,9.801136363636362,9.801136363636362,37.89473684210527,36.0,0.2586410984848484,2.6325000000000003,2.6325000000000003,5.0,0.5265000000000001,0,0,0,0,5626.867940654901,56.26867940654901,9774.98042981171,979.5754801476,98.04298117101717,107.21858534248759
06ac6393eee7a87a46f65b36cf9d1863821846f32cd08b7f9dd84710f2fa08a1,4,2,20300923,uplink_power_w,0.1,0.8060521787929005,616,0.0336243340279907,100,13,0.13,264.4202053657901,264.4202053657901,0.0,13.115530303030301,13.115530303030301,37.89473684210527,36.0,0.3461042718855218,3.52625,3.52625,5.0,0.70525,0,0,0,0,5375.98820536579,53.759882053657904,8626.920799396928,1015.9995360989138,101.59995360989136,152.32395357724715
06ac6393eee7a87a46f65b36cf9d1863821846f32cd08b7f9dd84710f2fa08a1,4,2,20300923,uplink_power_w,0.2,0.8060699773716749,616,0.03496737498790026,100,13,0.13,264.5256224048796,264.5256224048796,0.0,13.115530303030301,13.115530303030301,37.89473684210527,36.0,0.3461042718855218,3.52625,3.52625,5.0,0.70525,0,0,0,0,5375.619775700365,53.75619775700365,8626.978725771289,987.6587926046543,106.05582856069464,152.32395357724715
06ac6393eee7a87a46f65b36cf9d1863821846f32cd08b7f9dd84710f2fa08a1,4,2,20300923,uplink_power_w,0.4,0.8062140686634657,616,0.03503566700965166,100,13,0.13,264.7855531179683,264.7855531179683,0.0,13.115530303030301,13.115530303030301,37.89473684210527,36.0,0.3461042718855218,3.52625,3.52625,5.0,0.70525,0,0,0,0,5419.3430641511995,54.193430641511995,8828.379983068824,904.8348272842053,90.76792837102667,152.32395357724715
06ac6393eee7a87a46f65b36cf9d1863821846f32cd08b7f9dd84710f2fa08a1,4,2,20300923,downlink_power_w,0.5,0.8065666733256638,735,0.039519041078165174,100,13,0.13,266.1018654523596,266.1018654523596,0.0,12.878787878787877,12.878787878787877,37.89473684210527,36.0,0.3398569023569023,3.4450000000000003,3.4450000000000003,5.0,0.6890000000000001,0,0,0,0,5444.012004646118,54.44012004646118,8940.062655125063,898.3715106268011,97.12731731255423,148.70576984379977
06ac6393eee7a87a46f65b36cf9d1863821846f32cd08b7f9dd84710f2fa08a1,4,2,20300923,downlink_power_w,1.0,0.8060699773716749,616,0.03420720901340246,100,13,0.13,264.5256224048796,264.5256224048796,0.0,13.115530303030301,13.115530303030301,37.89473684210527,36.0,0.3461042718855218,3.52625,3.52625,5.0,0.70525,0,0,0,0,5375.619775700365,53.75619775700365,8626.978725771289,987.6587926046543,106.05582856069464,152.32395357724715
06ac6393eee7a87a46f65b36cf9d1863821846f32cd08b7f9dd84710f2fa08a1,4,2,20300923,downlink_power_w,2.0,0.8077088270988785,664,0.040251667029224336,100,14,0.14,262.9877464739734,262.9877464739734,0.0,14.299242424242422,14.299242424242422,37.89473684210527,36.0,0.37734111952861943,3.8512500000000003,3.8512500000000003,5.0,0.7702500000000001,0,0,0,0,5270.780268433707,52.70780268433707,8141.257016921452,1112.8009381408522,118.35835153219394,171.50394998098932
06ac6393eee7a87a46f65b36cf9d1863821846f32cd08b7f9dd84710f2fa08a1,4,2,20300923,path_loss_exponent,3.0,0.8095499256757684,616,0.034048084053210914,100,15,0.15,257.30680986789633,257.30680986789633,0.0,15.482954545454543,15.482954545454543,37.89473684210527,36.0,0.40857796717171707,4.17625,4.17625,5.0,0.8352499999999999,0,0,0,0,5166.704096785234,51.66704096785234,7676.665087314072,947.5631316915094,97.67248760465907,192.70998732403757
06ac6393eee7a87a46f65b36cf9d1863821846f32cd08b7f9dd84710f2fa08a1,4,2,20300923,path_loss_exponent,3.5,0.8060699773716749,616,0.0339247080264613,100,13,0.13,264.5256224048796,264.5256224048796,0.0,13.115530303030301,13.115530303030301,37.89473684210527,36.0,0.3461042718855218,3.52625,3.52625,5.0,0.70525,0,0,0,0,5375.619775700365,53.75619775700365,8626.978725771289,987.6587926046543,106.05582856069464,152.32395357724715
06ac6393eee7a87a46f65b36cf9d1863821846f32cd08b7f9dd84710f2fa08a1,4,2,20300923,path_loss_exponent,3.8,0.8024476206332574,616,0.03451124997809529,100,11,0.11,268.3416089294032,268.3416089294032,0.0,10.748106060606059,10.748106060606059,37.89473684210527,36.0,0.2836305765993265,2.87625,2.87625,5.0,0.57525,0,0,0,0,5597.211370233006,55.97211370233006,9648.792304614968,718.4153415348425,72.02769226978911,118.98195237483243
06ac6393eee7a87a46f65b36cf9d1863821846f32cd08b7f9dd84710f2fa08a1,4,3,20301020,bandwidth_mhz,10.0,0.7958684555658256,633,0.034459833055734634,100,9,0.09,272.1119599414652,272.1119599414652,0.0,8.99621212121212,8.99621212121212,37.89473684210527,36.0,0.237400042087542,2.4375,2.4375,5.0,0.4875,0,0,0,0,5548.292399184029,55.48292399184029,9408.189908780594,1445.774032340182,154.43430895483624,97.82587699630916
06ac6393eee7a87a46f65b36cf9d1863821846f32cd08b7f9dd84710f2fa08a1,4,3,20301020,bandwidth_mhz,20.0,0.8062158280653361,555,0.031160666956566274,100,13,0.13,265.3160576277266,265.3160576277266,0.0,12.547348484848483,12.547348484848483,37.89473684210527,36.0,0.33111058501683494,3.36375,3.36375,5.0,0.67275,0,0,0,0,5417.8352483830995,54.17835248383099,8821.300806670719,920.4960167638828,100.06205159372867,143.75385885915406
06ac6393eee7a87a46f65b36cf9d1863821846f32cd08b7f9dd84710f2fa08a1,4,3,20301020,bandwidth_mhz,40.0,0.8127281088575811,434,0.024221958010457456,100,17,0.17,259.1122654964996,259.1122654964996,0.0,16.098484848484844,16.098484848484844,37.89473684210527,36.0,0.4248211279461278,4.3225,4.3225,5.0,0.8644999999999999,0,0,0,0,5263.600576557645,52.63600576557645,8119.2904948672995,713.0335761925824,75.91146278225702,204.6473977865178
06ac6393eee7a87a46f65b36cf9d1863821846f32cd08b7f9dd84710f2fa08a1,4,3,20301020,image_payload_mb,0.1,0.8048197623390038,132,0.007117582950741053,100,19,0.19,255.25958897118232,255.25958897118232,0.0,18.323863636363633,18.323863636363633,37.89473684210527,36.0,0.4835464015151514,4.972499999999999,4.972499999999999,5.0,0.9944999999999998,0,0,0,0,5288.31314768775,52.883131476877494,8248.323468897568,351.88454783225967,38.07731039830916,254.0705936282373
06ac6393eee7a87a46f65b36cf9d1863821846f32cd08b7f9dd84710f2fa08a1,4,3,20301020,image_payload_mb,0.5,0.8062158280653361,555,0.0313058749306947,100,13,0.13,265.3160576277266,265.3160576277266,0.0,12.547348484848483,12.547348484848483,37.89473684210527,36.0,0.33111058501683494,3.36375,3.36375,5.0,0.67275,0,0,0,0,5417.8352483830995,54.17835248383099,8821.300806670719,920.4960167638828,100.06205159372867,143.75385885915406
06ac6393eee7a87a46f65b36cf9d1863821846f32cd08b7f9dd84710f2fa08a1,4,3,20301020,image_payload_mb,1.0,0.7936628131386869,510,0.03591216600034386,100,8,0.08,273.86072611439744,273.86072611439744,0.0,8.049242424242422,8.049242424242422,37.89473684210527,36.0,0.2124105639730639,2.1937499999999996,2.1937499999999996,5.0,0.4387499999999999,0,0,0,0,5619.9681589727825,56.199681589727824,9735.60778991142,1508.5956038711502,150.97373892751554,87.42426772652881
06ac6393eee7a87a46f65b36cf9d1863821846f32cd08b7f9dd84710f2fa08a1,4,3,20301020,uplink_power_w,0.1,0.8062011716759713,555,0.02996245794929564,100,13,0.13,265.05718475346015,265.05718475346015,0.0,12.547348484848483,12.547348484848483,37.89473684210527,36.0,0.33111058501683494,3.36375,3.36375,5.0,0.67275,0,0,0,0,5418.09718475346,54.1809718475346,8821.222838458829,940.6449683300899,94.064496833009,143.75385885915406
06ac6393eee7a87a46f65b36cf9d1863821846f32cd08b7f9dd84710f2fa08a1,4,3,20301020,uplink_power_w,0.2,0.8062158280653361,555,0.02896925003733486,100,13,0.13,265.3160576277266,265.3160576277266,0.0,12.547348484848483,12.547348484848483,37.89473684210527,36.0,0.33111058501683494,3.36375,3.36375,5.0,0.67275,0,0,0,0,5417.8352483830995,54.17835248383099,8821.300806670719,920.4960167638828,100.06205159372867,143.75385885915406
06ac6393eee7a87a46f65b36cf9d1863821846f32cd08b7f9dd84710f2fa08a1,4,3,20301020,uplink_power_w,0.4,0.805608547893362,449,0.023644917062483728,100,13,0.13,265.7923595651406,265.7923595651406,0.0,12.310606060606059,12.310606060606059,37.89473684210527,36.0,0.3248632154882154,3.315,3.315,5.0,0.663,0,0,0,0,5429.48506054588,54.2948506054588,8875.33958192639,897.0170173367974,103.04476356845551,140.29533234629466
06ac6393eee7a87a46f65b36cf9d1863821846f32cd08b7f9dd84710f2fa08a1,4,3,20301020,downlink_power_w,0.5,0.80385664238659,555,0.028967624995857477,100,12,0.12,267.01165590214674,267.01165590214674,0.0,11.600378787878785,11.600378787878785,37.89473684210527,36.0,0.3061211069023568,3.12,3.12,5.0,0.624,0,0,0,0,5446.040075886804,54.46040075886803,8947.345971486815,1039.712903122007,112.16429056792121,130.29342077828528
06ac6393eee7a87a46f65b36cf9d1863821846f32cd08b7f9dd84710f2fa08a1,4,3,20301020,downlink_power_w,1.0,0.8062158280653361,555,0.02862483391072601,100,13,0.13,265.3160576277266,265.3160576277266,0.0,12.547348484848483,12.547348484848483,37.89473684210527,36.0,0.33111058501683494,3.36375,3.36375,5.0,0.67275,0,0,0,0,5417.8352483830995,54.17835248383099,8821.300806670719,920.4960167638828,100.06205159372867,143.75385885915406
06ac6393eee7a87a46f65b36cf9d1863821846f32cd08b7f9dd84710f2fa08a1,4,3,20301020,downlink_power_w,2.0,0.8083735758467505,618,0.032256208010949194,100,14,0.14,263.9170694449408,263.9170694449408,0.0,13.257575757575756,13.257575757575756,37.89473684210527,36.0,0.3498526936026935,3.55875,3.55875,5.0,0.71175,0,0,0,0,5391.4633766933775,53.914633766933775,8702.47993668251,835.7129515683998,91.42404875061038,154.5282408156659
06ac6393eee7a87a46f65b36cf9d1863821846f32cd08b7f9dd84710f2fa08a1,4,3,20301020,path_loss_exponent,3.0,0.8103706879028044,559,0.030766375013627112,100,15,0.15,258.8369707064391,258.8369707064391,0.0,15.24621212121212,15.24621212121212,37.89473684210527,36.0,0.40233059764309753,4.095,4.095,5.0,0.819,0,0,0,0,5218.052978598986,52.180529785989854,7910.626859108731,908.5737914925712,95.12394058197727,188.29144843976928
06ac6393eee7a87a46f65b36cf9d1863821846f32cd08b7f9dd84710f2fa08a1,4,3,20301020,path_loss_exponent,3.5,0.8062158280653361,555,0.029706916073337197,100,13,0.13,265.3160576277266,265.3160576277266,0.0,12.547348484848483,12.547348484848483,37.89473684210527,36.0,0.33111058501683494,3.36375,3.36375,5.0,0.67275,0,0,0,0,5417.8352483830995,54.17835248383099,8821.300806670719,920.4960167638828,100.06205159372867,143.75385885915406
06ac6393eee7a87a46f65b36cf9d1863821846f32cd08b7f9dd84710f2fa08a1,4,3,20301020,path_loss_exponent,3.8,0.7990458054215281,1044,0.06163708295207471,100,10,0.1,271.4916354384314,271.4916354384314,0.0,9.943181818181817,9.943181818181817,37.89473684210527,36.0,0.2623895202020201,2.68125,2.68125,5.0,0.53625,0,0,0,0,5549.088590780436,55.49088590780436,9411.718935731908,1279.9268003073282,131.8935731906606,108.932277736172
06ac6393eee7a87a46f65b36cf9d1863821846f32cd08b7f9dd84710f2fa08a1,4,4,20301117,bandwidth_mhz,10.0,0.799705262487637,848,0.042739750002510846,100,10,0.1,271.2444712571556,271.2444712571556,0.0,9.706439393939391,9.706439393939391,37.89473684210527,36.0,0.25614215067340057,2.6,2.6,5.0,0.52,0,0,0,0,5598.710721167842,55.98710721167842,9645.494136415817,1044.986397951836,109.41364158146352,106.0857188323284
06ac6393eee7a87a46f65b36cf9d1863821846f32cd08b7f9dd84710f2fa08a1,4,4,20301117,bandwidth_mhz,20.0,0.8061584657013429,848,0.04350254195742309,100,13,0.13,264.93761617707713,264.93761617707713,0.0,12.310606060606059,12.310606060606059,37.89473684210527,36.0,0.3248632154882154,3.3150000000000004,3.3150000000000004,5.0,0.663,0,0,0,0,5440.075207710559,54.40075207710559,8925.540018532309,850.1052607736696,87.69373325456138,140.29533234629466
06ac6393eee7a87a46f65b36cf9d1863821846f32cd08b7f9dd84710f2fa08a1,4,4,20301117,bandwidth_mhz,40.0,0.8147435954395287,1144,0.05752783303614706,100,17,0.17,259.06412316237953,259.06412316237953,0.0,16.098484848484844,16.098484848484844,37.89473684210527,36.0,0.4248211279461278,4.484999999999999,4.484999999999999,5.0,0.8969999999999999,0,0,0,0,5315.735521756072,53.15735521756071,8363.87217188063,579.795058452989,63.0689341548038,204.6473977865178
06ac6393eee7a87a46f65b36cf9d1863821846f32cd08b7f9dd84710f2fa08a1,4,4,20301117,image_payload_mb,0.1,0.7963792291914645,149,0.007944166078232229,100,19,0.19,264.5555427554781,264.5555427554781,0.0,17.518939393939387,17.518939393939387,37.89473684210527,36.0,0.4623053451178449,4.9725,4.9725,5.0,0.9945,0,0,0,0,5566.423547948868,55.66423547948868,9508.16795274843,271.5546247938516,29.892249917386046,234.94789883078107
06ac6393eee7a87a46f65b36cf9d1863821846f32cd08b7f9dd84710f2fa08a1,4,4,20301117,image_payload_mb,0.5,0.8061584657013429,848,0.04476879199501127,100,13,0.13,264.93761617707713,264.93761617707713,0.0,12.310606060606059,12.310606060606059,37.89473684210527,36.0,0.3248632154882154,3.3150000000000004,3.3150000000000004,5.0,0.663,0,0,0,0,5440.075207710559,54.40075207710559,8925.540018532309,850.1052607736696,87.69373325456138,140.29533234629466
06ac6393eee7a87a46f65b36cf9d1863821846f32cd08b7f9dd84710f2fa08a1,4,4,20301117,image_payload_mb,1.0,0.7979616992062444,852,0.04396862501744181,100,9,0.09,272.12979606155494,272.12979606155494,0.0,8.52272727272727,8.52272727272727,37.89473684210527,36.0,0.22490530303030293,2.275,2.275,5.0,0.45499999999999996,0,0,0,0,5692.886545363106,56.92886545363106,10084.375617565433,805.9638063805605,86.17972949247222,92.5412339645693
06ac6393eee7a87a46f65b36cf9d1863821846f32cd08b7f9dd84710f2fa08a1,4,4,20301117,uplink_power_w,0.1,0.8063740560815532,848,0.04790633299853653,100,13,0.13,264.6951940237933,264.6951940237933,0.0,12.784090909090908,12.784090909090908,37.89473684210527,36.0,0.3373579545454545,3.4450000000000003,3.4450000000000003,5.0,0.6890000000000001,0,0,0,0,5432.327194023793,54.32327194023793,8889.521258523493,862.506556533857,86.25065565338568,147.27759914255086
06ac6393eee7a87a46f65b36cf9d1863821846f32cd08b7f9dd84710f2fa08a1,4,4,20301117,uplink_power_w,0.2,0.8061584657013429,848,0.04396575002465397,100,13,0.13,264.93761617707713,264.93761617707713,0.0,12.310606060606059,12.310606060606059,37.89473684210527,36.0,0.3248632154882154,3.3150000000000004,3.3150000000000004,5.0,0.663,0,0,0,0,5440.075207710559,54.40075207710559,8925.540018532309,850.1052607736696,87.69373325456138,140.29533234629466
06ac6393eee7a87a46f65b36cf9d1863821846f32cd08b7f9dd84710f2fa08a1,4,4,20301117,uplink_power_w,0.4,0.8061604029783701,848,0.0469027089420706,100,13,0.13,265.1891090803401,265.1891090803401,0.0,12.310606060606059,12.310606060606059,37.89473684210527,36.0,0.3248632154882154,3.3150000000000004,3.3150000000000004,5.0,0.663,0,0,0,0,5440.036278098651,54.400362780986505,8925.594210074152,847.1106752422131,91.86231339636757,140.29533234629466
06ac6393eee7a87a46f65b36cf9d1863821846f32cd08b7f9dd84710f2fa08a1,4,4,20301117,downlink_power_w,0.5,0.8042446273527641,852,0.04426899994723499,100,12,0.12,266.29192140728514,266.29192140728514,0.0,12.073863636363635,12.073863636363635,37.89473684210527,36.0,0.3186158459595959,3.25,3.25,5.0,0.65,0,0,0,0,5458.517601235758,54.58517601235758,9008.397543886877,939.5665438082617,99.79532390628441,136.90022583820715
06ac6393eee7a87a46f65b36cf9d1863821846f32cd08b7f9dd84710f2fa08a1,4,4,20301117,downlink_power_w,1.0,0.8061584657013429,848,0.051854167017154396,100,13,0.13,264.93761617707713,264.93761617707713,0.0,12.310606060606059,12.310606060606059,37.89473684210527,36.0,0.3248632154882154,3.3150000000000004,3.3150000000000004,5.0,0.663,0,0,0,0,5440.075207710559,54.40075207710559,8925.540018532309,850.1052607736696,87.69373325456138,140.29533234629466
06ac6393eee7a87a46f65b36cf9d1863821846f32cd08b7f9dd84710f2fa08a1,4,4,20301117,downlink_power_w,2.0,0.806211795135698,916,0.05380104202777147,100,13,0.13,263.76879033097816,263.76879033097816,0.0,12.310606060606059,12.310606060606059,37.89473684210527,36.0,0.3248632154882154,3.3150000000000004,3.3150000000000004,5.0,0.663,0,0,0,0,5438.906381864461,54.38906381864461,8925.4231359477,760.1955803045176,78.70276520764617,140.29533234629466
06ac6393eee7a87a46f65b36cf9d1863821846f32cd08b7f9dd84710f2fa08a1,4,4,20301117,path_loss_exponent,3.0,0.8100150809901608,848,0.04876745806541294,100,15,0.15,259.7767971864391,259.7767971864391,0.0,14.914772727272727,14.914772727272727,37.89473684210527,36.0,0.3935842803030302,4.01375,4.01375,5.0,0.80275,0,0,0,0,5219.174729262916,52.19174729262916,7910.711698847519,989.390175208734,100.77992316785796,182.25844231895368
06ac6393eee7a87a46f65b36cf9d1863821846f32cd08b7f9dd84710f2fa08a1,4,4,20301117,path_loss_exponent,3.5,0.8061584657013429,848,0.04719549999572337,100,13,0.13,264.93761617707713,264.93761617707713,0.0,12.310606060606059,12.310606060606059,37.89473684210527,36.0,0.3248632154882154,3.3150000000000004,3.3150000000000004,5.0,0.663,0,0,0,0,5440.075207710559,54.40075207710559,8925.540018532309,850.1052607736696,87.69373325456138,140.29533234629466
06ac6393eee7a87a46f65b36cf9d1863821846f32cd08b7f9dd84710f2fa08a1,4,4,20301117,path_loss_exponent,3.8,0.8014483605007914,848,0.044723917031660676,100,11,0.11,268.7485026048492,268.7485026048492,0.0,10.890151515151512,10.890151515151512,37.89473684210527,36.0,0.2873789983164982,2.9250000000000003,2.9250000000000003,5.0,0.5850000000000001,0,0,0,0,5497.58144812776,54.9758144812776,9181.266656332018,1113.859487817678,115.15057563792853,120.81761470599088
06ac6393eee7a87a46f65b36cf9d1863821846f32cd08b7f9dd84710f2fa08a1,4,5,20301214,bandwidth_mhz,10.0,0.7937456214959948,784,0.03973624994978309,100,8,0.08,273.9809614300457,273.9809614300457,0.0,8.049242424242422,8.049242424242422,37.89473684210527,36.0,0.2124105639730639,2.1937499999999996,2.1937499999999996,5.0,0.4387499999999999,0,0,0,0,5624.693360213496,56.24693360213496,9757.20091685048,1499.2457589603896,150.1146063097967,87.42426772652881
06ac6393eee7a87a46f65b36cf9d1863821846f32cd08b7f9dd84710f2fa08a1,4,5,20301214,bandwidth_mhz,20.0,0.8046619288633355,335,0.018321749987080693,100,13,0.13,266.69362863401454,266.69362863401454,0.0,12.547348484848483,12.547348484848483,37.89473684210527,36.0,0.33111058501683494,3.39625,3.39625,5.0,0.67925,0,0,0,0,5425.099493355514,54.25099493355514,8846.565096374736,1048.514860795753,105.00741344112595,143.75385885915406
06ac6393eee7a87a46f65b36cf9d1863821846f32cd08b7f9dd84710f2fa08a1,4,5,20301214,bandwidth_mhz,40.0,0.8110585467410872,335,0.018310541985556483,100,16,0.16,258.4398600752701,258.4398600752701,0.0,16.193181818181817,16.193181818181817,37.89473684210527,36.0,0.4273200757575757,4.37125,4.37125,5.0,0.87425,0,0,0,0,5200.702056386432,52.007020563864316,7827.821695934081,887.3344976947333,88.85599587996052,206.54402645721368
06ac6393eee7a87a46f65b36cf9d1863821846f32cd08b7f9dd84710f2fa08a1,4,5,20301214,image_payload_mb,0.1,0.7854145216531773,274,0.013189290999434888,100,19,0.19,261.50199829674335,261.50199829674335,0.0,18.323863636363633,18.323863636363633,37.89473684210527,36.0,0.4835464015151514,4.972500000000001,4.972500000000001,5.0,0.9945000000000002,0,0,0,0,5491.998506944005,54.91998506944005,9173.318614837053,251.1139823720483,27.2955177397089,254.0705936282373
06ac6393eee7a87a46f65b36cf9d1863821846f32cd08b7f9dd84710f2fa08a1,4,5,20301214,image_payload_mb,0.5,0.8046619288633355,335,0.018196625052951276,100,13,0.13,266.69362863401454,266.69362863401454,0.0,12.547348484848483,12.547348484848483,37.89473684210527,36.0,0.33111058501683494,3.39625,3.39625,5.0,0.67925,0,0,0,0,5425.099493355514,54.25099493355514,8846.565096374736,1048.514860795753,105.00741344112595,143.75385885915406
06ac6393eee7a87a46f65b36cf9d1863821846f32cd08b7f9dd84710f2fa08a1,4,5,20301214,image_payload_mb,1.0,0.7945243934941446,416,0.0217969169607386,100,8,0.08,275.58048290316947,275.58048290316947,0.0,7.575757575757574,7.575757575757574,37.89473684210527,36.0,0.19991582491582485,2.0637499999999998,2.0637499999999998,5.0,0.41274999999999995,0,0,0,0,5696.183344769341,56.96183344769341,10084.673388405647,1340.4509736005582,134.1735507057666,82.46712256706994
06ac6393eee7a87a46f65b36cf9d1863821846f32cd08b7f9dd84710f2fa08a1,4,5,20301214,uplink_power_w,0.1,0.8046614253773068,335,0.01827695791143924,100,13,0.13,266.6916516846918,266.6916516846918,0.0,12.547348484848483,12.547348484848483,37.89473684210527,36.0,0.33111058501683494,3.39625,3.39625,5.0,0.67925,0,0,0,0,5425.107651684692,54.25107651684692,8846.563885151952,1049.1424245786764,104.91424245786767,143.75385885915406
06ac6393eee7a87a46f65b36cf9d1863821846f32cd08b7f9dd84710f2fa08a1,4,5,20301214,uplink_power_w,0.2,0.8046619288633355,335,0.018296791007742286,100,13,0.13,266.69362863401454,266.69362863401454,0.0,12.547348484848483,12.547348484848483,37.89473684210527,36.0,0.33111058501683494,3.39625,3.39625,5.0,0.67925,0,0,0,0,5425.099493355514,54.25099493355514,8846.565096374736,1048.514860795753,105.00741344112595,143.75385885915406
06ac6393eee7a87a46f65b36cf9d1863821846f32cd08b7f9dd84710f2fa08a1,4,5,20301214,uplink_power_w,0.4,0.8046622195822398,335,0.018294084002263844,100,13,0.13,266.7019800480061,266.7019800480061,0.0,12.547348484848483,12.547348484848483,37.89473684210527,36.0,0.33111058501683494,3.39625,3.39625,5.0,0.67925,0,0,0,0,5425.09472569831,54.250947256983096,8846.567243423255,1048.1481179339044,105.17257101948765,143.75385885915406
06ac6393eee7a87a46f65b36cf9d1863821846f32cd08b7f9dd84710f2fa08a1,4,5,20301214,downlink_power_w,0.5,0.8003951643880549,335,0.018484791973605752,100,11,0.11,269.0201447154962,269.0201447154962,0.0,10.65340909090909,10.65340909090909,37.89473684210527,36.0,0.28113162878787873,2.9087500000000004,2.9087500000000004,5.0,0.5817500000000001,0,0,0,0,5484.9964993040785,54.849964993040786,9120.131633318635,1209.1856694110913,121.05757442142959,117.76881277786923
06ac6393eee7a87a46f65b36cf9d1863821846f32cd08b7f9dd84710f2fa08a1,4,5,20301214,downlink_power_w,1.0,0.8046619288633355,335,0.018692957935854793,100,13,0.13,266.69362863401454,266.69362863401454,0.0,12.547348484848483,12.547348484848483,37.89473684210527,36.0,0.33111058501683494,3.39625,3.39625,5.0,0.67925,0,0,0,0,5425.099493355514,54.25099493355514,8846.565096374736,1048.514860795753,105.00741344112595,143.75385885915406
06ac6393eee7a87a46f65b36cf9d1863821846f32cd08b7f9dd84710f2fa08a1,4,5,20301214,downlink_power_w,2.0,0.8053920912818631,421,0.022437583073042333,100,13,0.13,264.30324653167276,264.30324653167276,0.0,13.352272727272725,13.352272727272725,37.89473684210527,36.0,0.3523516414141413,3.607500000000001,3.607500000000001,5.0,0.7215000000000001,0,0,0,0,5334.387808512765,53.343878085127656,8432.678252931724,1135.3579445713224,113.71176397879654,156.0119410259534
06ac6393eee7a87a46f65b36cf9d1863821846f32cd08b7f9dd84710f2fa08a1,4,5,20301214,path_loss_exponent,3.0,0.8096453147412566,543,0.028721582959406078,100,15,0.15,258.56415128565817,258.56415128565817,0.0,15.482954545454543,15.482954545454543,37.89473684210527,36.0,0.40857796717171707,4.1762500000000005,4.1762500000000005,5.0,0.83525,0,0,0,0,5177.897919641432,51.77897919641432,7723.553973312003,1000.4846554380766,103.59822080016095,192.70998732403757
06ac6393eee7a87a46f65b36cf9d1863821846f32cd08b7f9dd84710f2fa08a1,4,5,20301214,path_loss_exponent,3.5,0.8046619288633355,335,0.018598624970763922,100,13,0.13,266.69362863401454,266.69362863401454,0.0,12.547348484848483,12.547348484848483,37.89473684210527,36.0,0.33111058501683494,3.39625,3.39625,5.0,0.67925,0,0,0,0,5425.099493355514,54.25099493355514,8846.565096374736,1048.514860795753,105.00741344112595,143.75385885915406
06ac6393eee7a87a46f65b36cf9d1863821846f32cd08b7f9dd84710f2fa08a1,4,5,20301214,path_loss_exponent,3.8,0.7975847062878453,360,0.019589458941482008,100,10,0.1,272.8883341807183,272.8883341807183,0.0,9.469696969696969,9.469696969696969,37.89473684210527,36.0,0.2498947811447811,2.58375,2.58375,5.0,0.51675,0,0,0,0,5610.575576848307,56.10575576848307,9692.396022575356,1194.2711088732883,119.60225753556605,103.28657595735726
06ac6393eee7a87a46f65b36cf9d1863821846f32cd08b7f9dd84710f2fa08a1,4,6,20301311,bandwidth_mhz,10.0,0.7965411202266311,534,0.02734091691672802,100,9,0.09,273.2304102708449,273.2304102708449,0.0,8.996212121212121,8.996212121212121,37.89473684210527,36.0,0.23740004208754206,2.4375000000000004,2.4375000000000004,5.0,0.4875000000000001,0,0,0,0,5602.597352956145,56.025973529561455,9656.461503469258,1346.324451464198,140.16705213976056,97.82587699630919
06ac6393eee7a87a46f65b36cf9d1863821846f32cd08b7f9dd84710f2fa08a1,4,6,20301311,bandwidth_mhz,20.0,0.8017401041846766,332,0.018260792014189065,100,12,0.12,265.6841401931702,265.6841401931702,0.0,12.547348484848483,12.547348484848483,37.89473684210527,36.0,0.33111058501683494,3.4125000000000005,3.4125000000000005,5.0,0.6825000000000001,0,0,0,0,5297.566661630021,52.97566661630022,8256.580457245,1453.46794364265,148.3714370834076,143.75385885915406
06ac6393eee7a87a46f65b36cf9d1863821846f32cd08b7f9dd84710f2fa08a1,4,6,20301311,bandwidth_mhz,40.0,0.8087860409294335,644,0.0337430409854278,100,15,0.15,256.5936678548691,256.5936678548691,0.0,15.719696969696967,15.719696969696967,37.89473684210527,36.0,0.4148253367003366,4.2575,4.2575,5.0,0.8515,0,0,0,0,5114.624761352767,51.14624761352766,7435.592423128407,1044.427885323642,106.16154189373098,197.22287152746554
06ac6393eee7a87a46f65b36cf9d1863821846f32cd08b7f9dd84710f2fa08a1,4,6,20301311,image_payload_mb,0.1,0.8075378526713184,264,0.013137541944161057,100,18,0.18,256.4309398420641,256.4309398420641,0.0,18.323863636363633,18.323863636363633,37.89473684210527,36.0,0.4835464015151514,4.9887500000000005,4.9887500000000005,5.0,0.9977500000000001,0,0,0,0,5318.164196477009,53.18164196477009,8385.114841252182,355.05143287227975,39.71340289894796,254.0705936282373
06ac6393eee7a87a46f65b36cf9d1863821846f32cd08b7f9dd84710f2fa08a1,4,6,20301311,image_payload_mb,0.5,0.8017401041846766,332,0.01833241689018905,100,12,0.12,265.6841401931702,265.6841401931702,0.0,12.547348484848483,12.547348484848483,37.89473684210527,36.0,0.33111058501683494,3.4125000000000005,3.4125000000000005,5.0,0.6825000000000001,0,0,0,0,5297.566661630021,52.97566661630022,8256.580457245,1453.46794364265,148.3714370834076,143.75385885915406
06ac6393eee7a87a46f65b36cf9d1863821846f32cd08b7f9dd84710f2fa08a1,4,6,20301311,image_payload_mb,1.0,0.7943318502022542,885,0.04600929107982665,100,8,0.08,274.6841829705822,274.6841829705822,0.0,7.812499999999999,7.812499999999999,37.89473684210527,36.0,0.2061631944444444,2.1125000000000003,2.1125000000000003,5.0,0.42250000000000004,0,0,0,0,5671.227702231841,56.71227702231841,9973.10612541959,1318.5365898058867,138.2656774490842,84.92618917441223
06ac6393eee7a87a46f65b36cf9d1863821846f32cd08b7f9dd84710f2fa08a1,4,6,20301311,uplink_power_w,0.1,0.8017371747690306,332,0.018394500017166138,100,12,0.12,265.5620711134309,265.5620711134309,0.0,12.547348484848483,12.547348484848483,37.89473684210527,36.0,0.33111058501683494,3.4125000000000005,3.4125000000000005,5.0,0.6825000000000001,0,0,0,0,5297.626071113431,52.97626071113431,8256.55010248071,1458.4187339267537,145.84187339267538,143.75385885915406
06ac6393eee7a87a46f65b36cf9d1863821846f32cd08b7f9dd84710f2fa08a1,4,6,20301311,uplink_power_w,0.2,0.8017401041846766,332,0.018367124954238534,100,12,0.12,265.6841401931702,265.6841401931702,0.0,12.547348484848483,12.547348484848483,37.89473684210527,36.0,0.33111058501683494,3.4125000000000005,3.4125000000000005,5.0,0.6825000000000001,0,0,0,0,5297.566661630021,52.97566661630022,8256.580457245,1453.46794364265,148.3714370834076,143.75385885915406
06ac6393eee7a87a46f65b36cf9d1863821846f32cd08b7f9dd84710f2fa08a1,4,6,20301311,uplink_power_w,0.4,0.8017423140790828,332,0.019214874948374927,100,12,0.12,265.93497163881665,265.93497163881665,0.0,12.547348484848483,12.547348484848483,37.89473684210527,36.0,0.33111058501683494,3.4125000000000005,3.4125000000000005,5.0,0.6825000000000001,0,0,0,0,5297.521811357761,52.97521811357761,8256.635108561355,1449.7304209542942,152.92571344635053,143.75385885915406
06ac6393eee7a87a46f65b36cf9d1863821846f32cd08b7f9dd84710f2fa08a1,4,6,20301311,downlink_power_w,0.5,0.8007291212189719,479,0.02906299999449402,100,11,0.11,268.2131492208348,268.2131492208348,0.0,11.126893939393938,11.126893939393938,37.89473684210527,36.0,0.29362636784511775,3.00625,3.00625,5.0,0.6012500000000001,0,0,0,0,5477.884527534174,54.77884527534174,9091.285864710613,1138.3094302552124,116.89679187389953,123.92034557878857
06ac6393eee7a87a46f65b36cf9d1863821846f32cd08b7f9dd84710f2fa08a1,4,6,20301311,downlink_power_w,1.0,0.8017401041846766,332,0.019165707984939218,100,12,0.12,265.6841401931702,265.6841401931702,0.0,12.547348484848483,12.547348484848483,37.89473684210527,36.0,0.33111058501683494,3.4125000000000005,3.4125000000000005,5.0,0.6825000000000001,0,0,0,0,5297.566661630021,52.97566661630022,8256.580457245,1453.46794364265,148.3714370834076,143.75385885915406
06ac6393eee7a87a46f65b36cf9d1863821846f32cd08b7f9dd84710f2fa08a1,4,6,20301311,downlink_power_w,2.0,0.8044901882771641,620,0.033574042026884854,100,13,0.13,263.497434580385,263.497434580385,0.0,13.49431818181818,13.49431818181818,37.89473684210527,36.0,0.35610006313131304,3.6562500000000004,3.6562500000000004,5.0,0.7312500000000001,0,0,0,0,5253.525479361421,52.535254793614214,8058.546002170082,1312.9316356066088,134.30785923702484,158.25908450272684
06ac6393eee7a87a46f65b36cf9d1863821846f32cd08b7f9dd84710f2fa08a1,4,6,20301311,path_loss_exponent,3.0,0.807889276734808,332,0.018099583103321493,100,15,0.15,256.91384431724913,256.91384431724913,0.0,16.193181818181813,16.193181818181813,37.89473684210527,36.0,0.4273200757575756,4.387500000000001,4.387500000000001,5.0,0.8775000000000002,0,0,0,0,5040.433847555507,50.40433847555507,7086.722368068214,1262.3791439099386,128.15787121421812,206.5440264572136
06ac6393eee7a87a46f65b36cf9d1863821846f32cd08b7f9dd84710f2fa08a1,4,6,20301311,path_loss_exponent,3.5,0.8017401041846766,332,0.018570041982457042,100,12,0.12,265.6841401931702,265.6841401931702,0.0,12.547348484848483,12.547348484848483,37.89473684210527,36.0,0.33111058501683494,3.4125000000000005,3.4125000000000005,5.0,0.6825000000000001,0,0,0,0,5297.566661630021,52.97566661630022,8256.580457245,1453.46794364265,148.3714370834076,143.75385885915406
06ac6393eee7a87a46f65b36cf9d1863821846f32cd08b7f9dd84710f2fa08a1,4,6,20301311,path_loss_exponent,3.8,0.7975590158250705,542,0.03122508293017745,100,10,0.1,272.23866101633206,272.23866101633206,0.0,10.17992424242424,10.17992424242424,37.89473684210527,36.0,0.26863688973063965,2.7625,2.7625,5.0,0.5525,0,0,0,0,5581.2837363219915,55.81283736321991,9559.263531103303,1216.5461644343277,126.3531103302382,111.82746776484973
06ac6393eee7a87a46f65b36cf9d1863821846f32cd08b7f9dd84710f2fa08a1,4,7,20301408,bandwidth_mhz,10.0,0.7994096389858806,854,0.04447100008837879,100,10,0.1,270.14168404517125,270.14168404517125,0.0,10.037878787878785,10.037878787878785,37.89473684210527,36.0,0.26488846801346794,2.68125,2.68125,5.0,0.53625,0,0,0,0,5589.963420318348,55.899634203183474,9609.40831032862,966.2575832553604,100.83103286200834,110.08444857940312
06ac6393eee7a87a46f65b36cf9d1863821846f32cd08b7f9dd84710f2fa08a1,4,7,20301408,bandwidth_mhz,20.0,0.802783616954163,443,0.02346104197204113,100,12,0.12,263.8322256651002,263.8322256651002,0.0,12.40530303030303,12.40530303030303,37.89473684210527,36.0,0.3273621632996632,3.3312500000000003,3.3312500000000003,5.0,0.66625,0,0,0,0,5374.862767178482,53.74862767178482,8626.86376317486,1030.2262312807381,105.3135979050474,141.67103359274174
06ac6393eee7a87a46f65b36cf9d1863821846f32cd08b7f9dd84710f2fa08a1,4,7,20301408,bandwidth_mhz,40.0,0.812340411818784,715,0.03625733300577849,100,16,0.16,256.75067983894627,256.75067983894627,0.0,16.429924242424242,16.429924242424242,37.89473684210527,36.0,0.43356744528619523,4.42,4.42,5.0,0.884,0,0,0,0,5193.374444382449,51.93374444382449,7802.493717428726,774.5439608907517,80.85733929529663,211.35881301228315
06ac6393eee7a87a46f65b36cf9d1863821846f32cd08b7f9dd84710f2fa08a1,4,7,20301408,image_payload_mb,0.1,0.8157690321152558,185,0.009518624981865287,100,19,0.19,254.88965152766653,254.88965152766653,0.0,18.087121212121207,18.087121212121207,37.89473684210527,36.0,0.4772990319865318,4.9725,4.9725,5.0,0.9945,0,0,0,0,5237.941898615012,52.37941898615012,8014.513599062119,443.39393662520416,48.08416116414376,248.28493784912666
06ac6393eee7a87a46f65b36cf9d1863821846f32cd08b7f9dd84710f2fa08a1,4,7,20301408,image_payload_mb,0.5,0.802783616954163,443,0.023279415909200907,100,12,0.12,263.8322256651002,263.8322256651002,0.0,12.40530303030303,12.40530303030303,37.89473684210527,36.0,0.3273621632996632,3.3312500000000003,3.3312500000000003,5.0,0.66625,0,0,0,0,5374.862767178482,53.74862767178482,8626.86376317486,1030.2262312807381,105.3135979050474,141.67103359274174
06ac6393eee7a87a46f65b36cf9d1863821846f32cd08b7f9dd84710f2fa08a1,4,7,20301408,image_payload_mb,1.0,0.79778951353844,329,0.018086374970152974,100,9,0.09,271.2404752962404,271.2404752962404,0.0,8.52272727272727,8.52272727272727,37.89473684210527,36.0,0.22490530303030293,2.275,2.275,5.0,0.45499999999999996,0,0,0,0,5694.343051313193,56.943430513131936,10095.072902817361,701.1311341680266,74.76697970673591,92.5412339645693
06ac6393eee7a87a46f65b36cf9d1863821846f32cd08b7f9dd84710f2fa08a1,4,7,20301408,uplink_power_w,0.1,0.8027819452516043,560,0.029109666938893497,100,12,0.12,263.72843690116565,263.72843690116565,0.0,12.40530303030303,12.40530303030303,37.89473684210527,36.0,0.3273621632996632,3.3312500000000003,3.3312500000000003,5.0,0.66625,0,0,0,0,5374.896436901166,53.74896436901167,8626.839638449806,1033.0320415043907,103.30320415043907,141.67103359274174
06ac6393eee7a87a46f65b36cf9d1863821846f32cd08b7f9dd84710f2fa08a1,4,7,20301408,uplink_power_w,0.2,0.802783616954163,443,0.02345274994149804,100,12,0.12,263.8322256651002,263.8322256651002,0.0,12.40530303030303,12.40530303030303,37.89473684210527,36.0,0.3273621632996632,3.3312500000000003,3.3312500000000003,5.0,0.66625,0,0,0,0,5374.862767178482,53.74862767178482,8626.86376317486,1030.2262312807381,105.3135979050474,141.67103359274174
06ac6393eee7a87a46f65b36cf9d1863821846f32cd08b7f9dd84710f2fa08a1,4,7,20301408,uplink_power_w,0.4,0.8027849489255099,501,0.02622999995946884,100,12,0.12,264.03995344387323,264.03995344387323,0.0,12.40530303030303,12.40530303030303,37.89473684210527,36.0,0.3273621632996632,3.3312500000000003,3.3312500000000003,5.0,0.66625,0,0,0,0,5374.835891500697,53.74835891500697,8626.907996298394,1027.986591465276,108.9996915328097,141.67103359274174
06ac6393eee7a87a46f65b36cf9d1863821846f32cd08b7f9dd84710f2fa08a1,4,7,20301408,downlink_power_w,0.5,0.8011709115270318,318,0.017823125002905726,100,11,0.11,265.5811024023073,265.5811024023073,0.0,11.221590909090907,11.221590909090907,37.89473684210527,36.0,0.2961253156565656,3.00625,3.00625,5.0,0.6012500000000001,0,0,0,0,5482.206071236544,54.822060712365435,9123.38831881115,875.3750709053445,89.84716464989113,125.17685968944441
06ac6393eee7a87a46f65b36cf9d1863821846f32cd08b7f9dd84710f2fa08a1,4,7,20301408,downlink_power_w,1.0,0.802783616954163,443,0.02354150009341538,100,12,0.12,263.8322256651002,263.8322256651002,0.0,12.40530303030303,12.40530303030303,37.89473684210527,36.0,0.3273621632996632,3.3312500000000003,3.3312500000000003,5.0,0.66625,0,0,0,0,5374.862767178482,53.74862767178482,8626.86376317486,1030.2262312807381,105.3135979050474,141.67103359274174
06ac6393eee7a87a46f65b36cf9d1863821846f32cd08b7f9dd84710f2fa08a1,4,7,20301408,downlink_power_w,2.0,0.8047464545085229,560,0.030697583104483783,100,13,0.13,261.98711456483306,261.98711456483306,0.0,13.58901515151515,13.58901515151515,37.89473684210527,36.0,0.35859901094276087,3.6562500000000004,3.6562500000000004,5.0,0.7312500000000001,0,0,0,0,5291.998619123364,52.91998619123364,8245.421857697167,1070.8912375945838,109.37366901283401,159.7717718949289
06ac6393eee7a87a46f65b36cf9d1863821846f32cd08b7f9dd84710f2fa08a1,4,7,20301408,path_loss_exponent,3.0,0.8100024384736407,438,0.02369804191403091,100,15,0.15,257.7802260255168,257.7802260255168,0.0,15.24621212121212,15.24621212121212,37.89473684210527,36.0,0.40233059764309753,4.095,4.095,5.0,0.819,0,0,0,0,5227.178003611174,52.27178003611174,7957.259807671328,823.5754589717836,83.98717808842538,188.29144843976928
06ac6393eee7a87a46f65b36cf9d1863821846f32cd08b7f9dd84710f2fa08a1,4,7,20301408,path_loss_exponent,3.5,0.802783616954163,443,0.023841792019084096,100,12,0.12,263.8322256651002,263.8322256651002,0.0,12.40530303030303,12.40530303030303,37.89473684210527,36.0,0.3273621632996632,3.3312500000000003,3.3312500000000003,5.0,0.66625,0,0,0,0,5374.862767178482,53.74862767178482,8626.86376317486,1030.2262312807381,105.3135979050474,141.67103359274174
06ac6393eee7a87a46f65b36cf9d1863821846f32cd08b7f9dd84710f2fa08a1,4,7,20301408,path_loss_exponent,3.8,0.7999083271669627,335,0.018363291979767382,100,11,0.11,267.81590537203095,267.81590537203095,0.0,10.984848484848483,10.984848484848483,37.89473684210527,36.0,0.28987794612794604,2.925,2.925,5.0,0.585,0,0,0,0,5568.880566262133,55.68880566262133,9519.26726707673,757.9993225008103,78.84246152094674,122.05215587494439
06ac6393eee7a87a46f65b36cf9d1863821846f32cd08b7f9dd84710f2fa08a1,4,8,20301505,bandwidth_mhz,10.0,0.7944727987998355,553,0.028451208025217056,100,8,0.08,273.7324116146372,273.7324116146372,0.0,8.143939393939393,8.143939393939393,37.89473684210527,36.0,0.21490951178451173,2.19375,2.19375,5.0,0.43875000000000003,0,0,0,0,5665.791900592644,56.657919005926445,9951.414944558777,1235.5529429742078,126.86806984724058,88.43463110634589
06ac6393eee7a87a46f65b36cf9d1863821846f32cd08b7f9dd84710f2fa08a1,4,8,20301505,bandwidth_mhz,20.0,0.7999882851783428,327,0.017851500073447824,100,11,0.11,266.10222808528937,266.10222808528937,0.0,11.695075757575754,11.695075757575754,37.89473684210527,36.0,0.3086200547138046,3.1687500000000006,3.1687500000000006,5.0,0.6337500000000001,0,0,0,0,5384.452556876982,53.844525568769825,8663.040034683674,1291.3640381925427,130.91224397028668,131.59567789677928
06ac6393eee7a87a46f65b36cf9d1863821846f32cd08b7f9dd84710f2fa08a1,4,8,20301505,bandwidth_mhz,40.0,0.8083634249500752,519,0.02773333399090916,100,15,0.15,257.7757084300783,257.7757084300783,0.0,15.482954545454545,15.482954545454545,37.89473684210527,36.0,0.4085779671717171,4.1762500000000005,4.1762500000000005,5.0,0.83525,0,0,0,0,5190.359400583668,51.90359400583667,7784.601336646663,924.5833849204364,93.42244311085958,192.70998732403757
06ac6393eee7a87a46f65b36cf9d1863821846f32cd08b7f9dd84710f2fa08a1,4,8,20301505,image_payload_mb,0.1,0.794204895430272,103,0.005973457940854132,100,19,0.19,260.14500815960986,260.14500815960986,0.0,18.22916666666666,18.22916666666666,37.89473684210527,36.0,0.4810474537037035,4.94,4.94,5.0,0.9880000000000001,0,0,0,0,5426.9083065676805,54.2690830656768,8874.651865706126,322.3817830215948,34.30872137509717,251.7396152773904
06ac6393eee7a87a46f65b36cf9d1863821846f32cd08b7f9dd84710f2fa08a1,4,8,20301505,image_payload_mb,0.5,0.7999882851783428,327,0.018885665922425687,100,11,0.11,266.10222808528937,266.10222808528937,0.0,11.695075757575754,11.695075757575754,37.89473684210527,36.0,0.3086200547138046,3.1687500000000006,3.1687500000000006,5.0,0.6337500000000001,0,0,0,0,5384.452556876982,53.844525568769825,8663.040034683674,1291.3640381925427,130.91224397028668,131.59567789677928
06ac6393eee7a87a46f65b36cf9d1863821846f32cd08b7f9dd84710f2fa08a1,4,8,20301505,image_payload_mb,1.0,0.7949074201902082,392,0.020643290947191417,100,8,0.08,275.41266635719427,275.41266635719427,0.0,7.3390151515151505,7.3390151515151505,37.89473684210527,36.0,0.19366845538720534,1.9825,1.9825,5.0,0.39649999999999996,0,0,0,0,5745.800059866347,57.45800059866347,10318.464090355907,1044.9613221697916,108.0112944881714,80.04616112352585
06ac6393eee7a87a46f65b36cf9d1863821846f32cd08b7f9dd84710f2fa08a1,4,8,20301505,uplink_power_w,0.1,0.7999865021290554,327,0.017811291036196053,100,11,0.11,266.02600825175017,266.02600825175017,0.0,11.695075757575754,11.695075757575754,37.89473684210527,36.0,0.3086200547138046,3.1687500000000006,3.1687500000000006,5.0,0.6337500000000001,0,0,0,0,5384.474008251751,53.84474008251751,8663.02264557949,1293.3141631714168,129.3314163171417,131.59567789677928
06ac6393eee7a87a46f65b36cf9d1863821846f32cd08b7f9dd84710f2fa08a1,4,8,20301505,uplink_power_w,0.2,0.7999882851783428,327,0.018031708081252873,100,11,0.11,266.10222808528937,266.10222808528937,0.0,11.695075757575754,11.695075757575754,37.89473684210527,36.0,0.3086200547138046,3.1687500000000006,3.1687500000000006,5.0,0.6337500000000001,0,0,0,0,5384.452556876982,53.844525568769825,8663.040034683674,1291.3640381925427,130.91224397028668,131.59567789677928
06ac6393eee7a87a46f65b36cf9d1863821846f32cd08b7f9dd84710f2fa08a1,4,8,20301505,uplink_power_w,0.4,0.7999897001163033,444,0.02360049996059388,100,11,0.11,266.2559529056752,266.2559529056752,0.0,11.695075757575754,11.695075757575754,37.89473684210527,36.0,0.3086200547138046,3.1687500000000006,3.1687500000000006,5.0,0.6337500000000001,0,0,0,0,5384.435909838492,53.84435909838492,8663.0724443516,1289.8506710569904,133.8585774181304,131.59567789677928
06ac6393eee7a87a46f65b36cf9d1863821846f32cd08b7f9dd84710f2fa08a1,4,8,20301505,downlink_power_w,0.5,0.800272116965864,458,0.024242666084319353,100,11,0.11,268.466761209818,268.466761209818,0.0,11.221590909090907,11.221590909090907,37.89473684210527,36.0,0.2961253156565656,3.0387500000000003,3.0387500000000003,5.0,0.60775,0,0,0,0,5455.938176215037,54.559381762150366,8986.995440074801,1251.0209780411383,126.85818861832438,125.17685968944441
06ac6393eee7a87a46f65b36cf9d1863821846f32cd08b7f9dd84710f2fa08a1,4,8,20301505,downlink_power_w,1.0,0.7999882851783428,327,0.018083541886880994,100,11,0.11,266.10222808528937,266.10222808528937,0.0,11.695075757575754,11.695075757575754,37.89473684210527,36.0,0.3086200547138046,3.1687500000000006,3.1687500000000006,5.0,0.6337500000000001,0,0,0,0,5384.452556876982,53.844525568769825,8663.040034683674,1291.3640381925427,130.91224397028668,131.59567789677928
06ac6393eee7a87a46f65b36cf9d1863821846f32cd08b7f9dd84710f2fa08a1,4,8,20301505,downlink_power_w,2.0,0.804772771267916,458,0.024294417002238333,100,13,0.13,264.0858679402714,264.0858679402714,0.0,13.352272727272725,13.352272727272725,37.89473684210527,36.0,0.3523516414141413,3.6075000000000004,3.6075000000000004,5.0,0.7215,0,0,0,0,5325.619652490553,53.256196524905526,8393.101992815666,1137.807481324261,115.537908897328,156.0119410259534
06ac6393eee7a87a46f65b36cf9d1863821846f32cd08b7f9dd84710f2fa08a1,4,8,20301505,path_loss_exponent,3.0,0.8071427547795064,553,0.029706666013225913,100,14,0.14,258.57082569729874,258.57082569729874,0.0,14.77272727272727,14.77272727272727,37.89473684210527,36.0,0.38983585858585845,3.9812500000000006,3.9812500000000006,5.0,0.7962500000000001,0,0,0,0,5203.787419219999,52.037874192199986,7845.826207076747,1005.0898437756628,101.87193405328495,179.72581479565434
06ac6393eee7a87a46f65b36cf9d1863821846f32cd08b7f9dd84710f2fa08a1,4,8,20301505,path_loss_exponent,3.5,0.7999882851783428,327,0.020318125025369227,100,11,0.11,266.10222808528937,266.10222808528937,0.0,11.695075757575754,11.695075757575754,37.89473684210527,36.0,0.3086200547138046,3.1687500000000006,3.1687500000000006,5.0,0.6337500000000001,0,0,0,0,5384.452556876982,53.844525568769825,8663.040034683674,1291.3640381925427,130.91224397028668,131.59567789677928
06ac6393eee7a87a46f65b36cf9d1863821846f32cd08b7f9dd84710f2fa08a1,4,8,20301505,path_loss_exponent,3.8,0.7948586485933166,882,0.04589062510058284,100,9,0.09,271.5188248866047,271.5188248866047,0.0,9.801136363636363,9.801136363636363,37.89473684210527,36.0,0.25864109848484845,2.6325000000000003,2.6325000000000003,5.0,0.5265000000000001,0,0,0,0,5544.208346579457,55.44208346579457,9390.103233592568,1427.0421457082111,144.80373250745325,107.21858534248761
06ac6393eee7a87a46f65b36cf9d1863821846f32cd08b7f9dd84710f2fa08a1,4,9,20301602,bandwidth_mhz,10.0,0.797661259546558,338,0.019362624967470765,100,9,0.09,274.90402565513637,274.90402565513637,0.0,8.285984848484848,8.285984848484848,37.89473684210527,36.0,0.21865793350168347,2.22625,2.22625,5.0,0.44525,0,0,0,0,5728.926981744947,57.289269817449465,10239.293540891927,990.8134554327562,99.28232132526902,89.96229400575689
06ac6393eee7a87a46f65b36cf9d1863821846f32cd08b7f9dd84710f2fa08a1,4,9,20301602,bandwidth_mhz,20.0,0.806726897686592,513,0.029026375035755336,100,13,0.13,268.9831433512989,268.9831433512989,0.0,12.310606060606059,12.310606060606059,37.89473684210527,36.0,0.3248632154882154,3.3150000000000004,3.3150000000000004,5.0,0.663,0,0,0,0,5514.171754135979,55.141717541359796,9253.237069324612,949.8396011905853,95.1591788162818,140.29533234629466
06ac6393eee7a87a46f65b36cf9d1863821846f32cd08b7f9dd84710f2fa08a1,4,9,20301602,bandwidth_mhz,40.0,0.810152472240865,338,0.018372333026491106,100,15,0.15,261.5202391917494,261.5202391917494,0.0,14.678030303030301,14.678030303030301,37.89473684210527,36.0,0.3873369107744107,3.9650000000000003,3.9650000000000003,5.0,0.793,0,0,0,0,5297.846403522353,52.97846403522353,8270.559525566061,905.0389547869114,90.6350377373066,178.05461336997118
06ac6393eee7a87a46f65b36cf9d1863821846f32cd08b7f9dd84710f2fa08a1,4,9,20301602,image_payload_mb,0.1,0.8117571374199655,277,0.01342137495521456,100,18,0.18,256.9339186112655,256.9339186112655,0.0,17.613636363636363,17.613636363636363,37.89473684210527,36.0,0.4648042929292929,4.85875,4.85875,5.0,0.9717499999999999,0,0,0,0,5263.800696653421,52.63800696653421,8129.856700137713,507.36430341345493,58.70556320628443,237.11884399882032
06ac6393eee7a87a46f65b36cf9d1863821846f32cd08b7f9dd84710f2fa08a1,4,9,20301602,image_payload_mb,0.5,0.806726897686592,513,0.02770808304194361,100,13,0.13,268.9831433512989,268.9831433512989,0.0,12.310606060606059,12.310606060606059,37.89473684210527,36.0,0.3248632154882154,3.3150000000000004,3.3150000000000004,5.0,0.663,0,0,0,0,5514.171754135979,55.141717541359796,9253.237069324612,949.8396011905853,95.1591788162818,140.29533234629466
06ac6393eee7a87a46f65b36cf9d1863821846f32cd08b7f9dd84710f2fa08a1,4,9,20301602,image_payload_mb,1.0,0.7978005971748015,405,0.02154241595417261,100,9,0.09,276.24294816453187,276.24294816453187,0.0,7.812499999999999,7.812499999999999,37.89473684210527,36.0,0.2061631944444444,2.09625,2.09625,5.0,0.41925,0,0,0,0,5786.333185231849,57.86333185231849,10501.998037539466,885.4277254753983,88.67083771828469,84.92618917441223
06ac6393eee7a87a46f65b36cf9d1863821846f32cd08b7f9dd84710f2fa08a1,4,9,20301602,uplink_power_w,0.1,0.8067262710785919,426,0.02271737507544458,100,13,0.13,268.9804919501793,268.9804919501793,0.0,12.310606060606059,12.310606060606059,37.89473684210527,36.0,0.3248632154882154,3.3150000000000004,3.3150000000000004,5.0,0.663,0,0,0,0,5514.180491950179,55.141804919501794,9253.235665262968,950.5117407444282,95.05117407444283,140.29533234629466
06ac6393eee7a87a46f65b36cf9d1863821846f32cd08b7f9dd84710f2fa08a1,4,9,20301602,uplink_power_w,0.2,0.806726897686592,513,0.0277104580309242,100,13,0.13,268.9831433512989,268.9831433512989,0.0,12.310606060606059,12.310606060606059,37.89473684210527,36.0,0.3248632154882154,3.3150000000000004,3.3150000000000004,5.0,0.663,0,0,0,0,5514.171754135979,55.141717541359796,9253.237069324612,949.8396011905853,95.1591788162818,140.29533234629466
06ac6393eee7a87a46f65b36cf9d1863821846f32cd08b7f9dd84710f2fa08a1,4,9,20301602,uplink_power_w,0.4,0.8067272677096197,513,0.02779633307363838,100,13,0.13,268.9928161119729,268.9928161119729,0.0,12.310606060606059,12.310606060606059,37.89473684210527,36.0,0.3248632154882154,3.3150000000000004,3.3150000000000004,5.0,0.663,0,0,0,0,5514.166511867994,55.14166511867994,9253.239528103544,949.4363498070459,95.34831565731248,140.29533234629466
06ac6393eee7a87a46f65b36cf9d1863821846f32cd08b7f9dd84710f2fa08a1,4,9,20301602,downlink_power_w,0.5,0.801859886487666,405,0.021556915948167443,100,11,0.11,271.0790064227545,271.0790064227545,0.0,10.65340909090909,10.65340909090909,37.89473684210527,36.0,0.28113162878787873,2.87625,2.87625,5.0,0.57525,0,0,0,0,5576.911266986643,55.76911266986642,9541.16312889183,1055.9827314623815,105.73899016645188,117.76881277786923
06ac6393eee7a87a46f65b36cf9d1863821846f32cd08b7f9dd84710f2fa08a1,4,9,20301602,downlink_power_w,1.0,0.806726897686592,513,0.02781108405906707,100,13,0.13,268.9831433512989,268.9831433512989,0.0,12.310606060606059,12.310606060606059,37.89473684210527,36.0,0.3248632154882154,3.3150000000000004,3.3150000000000004,5.0,0.663,0,0,0,0,5514.171754135979,55.141717541359796,9253.237069324612,949.8396011905853,95.1591788162818,140.29533234629466
06ac6393eee7a87a46f65b36cf9d1863821846f32cd08b7f9dd84710f2fa08a1,4,9,20301602,downlink_power_w,2.0,0.8031118199009732,990,0.0512099580373615,100,12,0.12,266.68890922893735,266.68890922893735,0.0,12.310606060606059,12.310606060606059,37.89473684210527,36.0,0.3248632154882154,3.3312500000000003,3.3312500000000003,5.0,0.66625,0,0,0,0,5383.222761245368,53.83222761245368,8652.315951322435,1261.6014381010361,126.32927686959376,140.29533234629466
06ac6393eee7a87a46f65b36cf9d1863821846f32cd08b7f9dd84710f2fa08a1,4,9,20301602,path_loss_exponent,3.0,0.8061410703478401,422,0.02229095809161663,100,14,0.14,260.32359987167763,260.32359987167763,0.0,15.009469696969694,15.009469696969694,37.89473684210527,36.0,0.396083228114478,4.062500000000001,4.062500000000001,5.0,0.8125000000000002,0,0,0,0,5142.304443323837,51.423044433238374,7551.083925584238,1294.924481907804,134.56611315992387,183.96432693773536
06ac6393eee7a87a46f65b36cf9d1863821846f32cd08b7f9dd84710f2fa08a1,4,9,20301602,path_loss_exponent,3.5,0.806726897686592,513,0.02764495904557407,100,13,0.13,268.9831433512989,268.9831433512989,0.0,12.310606060606059,12.310606060606059,37.89473684210527,36.0,0.3248632154882154,3.3150000000000004,3.3150000000000004,5.0,0.663,0,0,0,0,5514.171754135979,55.141717541359796,9253.237069324612,949.8396011905853,95.1591788162818,140.29533234629466
06ac6393eee7a87a46f65b36cf9d1863821846f32cd08b7f9dd84710f2fa08a1,4,9,20301602,path_loss_exponent,3.8,0.7991320042038872,445,0.02438912494108081,100,10,0.1,274.6404266518373,274.6404266518373,0.0,9.232954545454543,9.232954545454543,37.89473684210527,36.0,0.24364741161616152,2.47,2.47,5.0,0.49400000000000005,0,0,0,0,5709.08962181151,57.090896218115105,10145.771389475054,968.4285069896965,97.13894750549419,100.53367416140641
06ac6393eee7a87a46f65b36cf9d1863821846f32cd08b7f9dd84710f2fa08a1,5,0,20310729,bandwidth_mhz,10.0,0.8325581282528491,381,0.020860082935541868,100,15,0.15,260.1557240218864,260.1557240218864,0.0,13.813517513566849,13.813517513566849,37.89473684210527,36.0,0.3645233788302362,3.52625,3.52625,5.0,0.70525,0,0,0,0,4008.7906265356164,40.08790626535617,6196.9575002116235,902.63626572014,90.50001410824188,163.4055033209695
06ac6393eee7a87a46f65b36cf9d1863821846f32cd08b7f9dd84710f2fa08a1,5,0,20310729,bandwidth_mhz,20.0,0.8398975914145258,381,0.020736334030516446,100,18,0.18,253.14431597108083,253.14431597108083,0.0,16.526887025160338,16.526887025160338,37.89473684210527,36.0,0.43612618538617554,4.24125,4.24125,5.0,0.84825,0,0,0,0,3921.887595494705,39.218875954947045,5811.487631701405,602.61592153422,60.42398341139691,213.36160594940094
06ac6393eee7a87a46f65b36cf9d1863821846f32cd08b7f9dd84710f2fa08a1,5,0,20310729,bandwidth_mhz,40.0,0.8437318787468454,433,0.022902874974533916,100,20,0.2,248.03928194470188,248.03928194470188,0.0,18.006906758756788,18.006906758756788,37.89473684210527,36.0,0.4751822616894152,4.6475,4.6475,5.0,0.9295,0,0,0,0,3867.562496844936,38.67562496844936,5573.626263424843,411.7689919191089,41.31317124219933,246.355850327702
06ac6393eee7a87a46f65b36cf9d1863821846f32cd08b7f9dd84710f2fa08a1,5,0,20310729,image_payload_mb,0.1,0.8326826735705359,289,0.01504999992903322,100,20,0.2,255.68266726813877,255.68266726813877,0.0,18.99358658115442,18.99358658115442,37.89473684210527,36.0,0.501219645891575,4.92375,4.92375,5.0,0.98475,0,0,0,0,4057.7054952575486,40.57705495257549,6440.941433408238,254.05213463884462,27.071670411890125,271.2226282385912
06ac6393eee7a87a46f65b36cf9d1863821846f32cd08b7f9dd84710f2fa08a1,5,0,20310729,image_payload_mb,0.5,0.8398975914145258,381,0.020840542041696608,100,18,0.18,253.14431597108083,253.14431597108083,0.0,16.526887025160338,16.526887025160338,37.89473684210527,36.0,0.43612618538617554,4.24125,4.24125,5.0,0.84825,0,0,0,0,3921.887595494705,39.218875954947045,5811.487631701405,602.61592153422,60.42398341139691,213.36160594940094
06ac6393eee7a87a46f65b36cf9d1863821846f32cd08b7f9dd84710f2fa08a1,5,0,20310729,image_payload_mb,1.0,0.8298941889902699,489,0.026612957939505577,100,14,0.14,262.05928720928284,262.05928720928284,0.0,13.320177602368032,13.320177602368032,37.89473684210527,36.0,0.35150468672915636,3.36375,3.36375,5.0,0.67275,0,0,0,0,4047.4396871409913,40.474396871409915,6373.3280725479,947.326998143426,94.86232485008216,155.50779764168882
06ac6393eee7a87a46f65b36cf9d1863821846f32cd08b7f9dd84710f2fa08a1,5,0,20310729,uplink_power_w,0.1,0.8398969815158082,381,0.02069499995559454,100,18,0.18,253.13784212155392,253.13784212155392,0.0,16.526887025160338,16.526887025160338,37.89473684210527,36.0,0.43612618538617554,4.24125,4.24125,5.0,0.84825,0,0,0,0,3921.895736858396,39.21895736858396,5811.48552279513,603.0682195170446,60.30682195170448,213.36160594940094
06ac6393eee7a87a46f65b36cf9d1863821846f32cd08b7f9dd84710f2fa08a1,5,0,20310729,uplink_power_w,0.2,0.8398975914145258,381,0.020809708978049457,100,18,0.18,253.14431597108083,253.14431597108083,0.0,16.526887025160338,16.526887025160338,37.89473684210527,36.0,0.43612618538617554,4.24125,4.24125,5.0,0.84825,0,0,0,0,3921.887595494705,39.218875954947045,5811.487631701405,602.61592153422,60.42398341139691,213.36160594940094
06ac6393eee7a87a46f65b36cf9d1863821846f32cd08b7f9dd84710f2fa08a1,5,0,20310729,uplink_power_w,0.4,0.8398979875415361,381,0.02106337493751198,100,18,0.18,253.16037501984667,253.16037501984667,0.0,16.526887025160338,16.526887025160338,37.89473684210527,36.0,0.43612618538617554,4.24125,4.24125,5.0,0.84825,0,0,0,0,3921.882326943637,39.21882326943637,5811.491370366265,602.3232242526724,60.63168701472769,213.36160594940094
06ac6393eee7a87a46f65b36cf9d1863821846f32cd08b7f9dd84710f2fa08a1,5,0,20310729,downlink_power_w,0.5,0.8376699689053367,381,0.02107183402404189,100,17,0.17,254.80783091570927,254.80783091570927,0.0,15.786877158362111,15.786877158362111,37.89473684210527,36.0,0.4165981472345557,4.04625,4.04625,5.0,0.8092499999999999,0,0,0,0,3944.373693234077,39.44373693234077,5912.342500474167,670.5196847985474,67.20591024518323,198.5210936765949
06ac6393eee7a87a46f65b36cf9d1863821846f32cd08b7f9dd84710f2fa08a1,5,0,20310729,downlink_power_w,1.0,0.8398975914145258,381,0.021139209042303264,100,18,0.18,253.14431597108083,253.14431597108083,0.0,16.526887025160338,16.526887025160338,37.89473684210527,36.0,0.43612618538617554,4.24125,4.24125,5.0,0.84825,0,0,0,0,3921.887595494705,39.218875954947045,5811.487631701405,602.61592153422,60.42398341139691,213.36160594940094
06ac6393eee7a87a46f65b36cf9d1863821846f32cd08b7f9dd84710f2fa08a1,5,0,20310729,downlink_power_w,2.0,0.8426048977183151,381,0.022158875013701618,100,19,0.19,251.52924071417524,251.52924071417524,0.0,17.020226936359155,17.020226936359155,37.89473684210527,36.0,0.4491448774872554,4.40375,4.40375,5.0,0.8807499999999999,0,0,0,0,3887.3209188595456,38.87320918859545,5653.11056582633,582.524311708451,58.450832964732484,223.83983879393983
06ac6393eee7a87a46f65b36cf9d1863821846f32cd08b7f9dd84710f2fa08a1,5,0,20310729,path_loss_exponent,3.0,0.842853632606649,381,0.020560291945002973,100,19,0.19,248.29689793342337,248.29689793342337,0.0,17.020226936359155,17.020226936359155,37.89473684210527,36.0,0.4491448774872554,4.40375,4.40375,5.0,0.8807499999999999,0,0,0,0,3884.0984162891045,38.84098416289105,5652.786347527223,412.9189132641987,41.38671195913793,223.83983879393983
06ac6393eee7a87a46f65b36cf9d1863821846f32cd08b7f9dd84710f2fa08a1,5,0,20310729,path_loss_exponent,3.5,0.8398975914145258,381,0.02061329106800258,100,18,0.18,253.14431597108083,253.14431597108083,0.0,16.526887025160338,16.526887025160338,37.89473684210527,36.0,0.43612618538617554,4.24125,4.24125,5.0,0.84825,0,0,0,0,3921.887595494705,39.218875954947045,5811.487631701405,602.61592153422,60.42398341139691,213.36160594940094
06ac6393eee7a87a46f65b36cf9d1863821846f32cd08b7f9dd84710f2fa08a1,5,0,20310729,path_loss_exponent,3.8,0.8348856862862746,381,0.02056208299472928,100,16,0.16,258.447122760746,258.447122760746,0.0,15.293537247163297,15.293537247163297,37.89473684210527,36.0,0.4035794551334758,3.88375,3.88375,5.0,0.77675,0,0,0,0,3984.7411436536067,39.84741143653607,6088.895800373239,807.1541606720386,80.98752332749129,189.1673176784155
06ac6393eee7a87a46f65b36cf9d1863821846f32cd08b7f9dd84710f2fa08a1,5,1,20310826,bandwidth_mhz,10.0,0.8311353100180272,390,0.0209922909270972,100,14,0.14,262.53735579156586,262.53735579156586,0.0,12.3334977799704,12.3334977799704,37.89473684210527,36.0,0.3254673025269966,3.20125,3.20125,5.0,0.64025,0,0,0,0,4072.9150829933305,40.7291508299333,6492.059085121384,896.1646869543072,89.9346515273661,140.6269554264353
06ac6393eee7a87a46f65b36cf9d1863821846f32cd08b7f9dd84710f2fa08a1,5,1,20310826,bandwidth_mhz,20.0,0.8401311620544968,475,0.025020125089213252,100,18,0.18,256.41884728213057,256.41884728213057,0.0,16.03354711396152,16.03354711396152,37.89473684210527,36.0,0.42310749328509567,4.16,4.16,5.0,0.8320000000000001,0,0,0,0,3913.784303084538,39.13784303084538,5757.897192551703,829.104986301219,83.17736398348791,203.35629617312398
06ac6393eee7a87a46f65b36cf9d1863821846f32cd08b7f9dd84710f2fa08a1,5,1,20310826,bandwidth_mhz,40.0,0.8449909037085016,489,0.024618332972750068,100,20,0.2,250.20453790109684,250.20453790109684,0.0,18.006906758756784,18.006906758756784,37.89473684210527,36.0,0.4751822616894151,4.679999999999999,4.679999999999999,5.0,0.9359999999999997,0,0,0,0,3846.9851488754884,38.469851488754884,5465.969680992015,582.9015934467305,58.48404960075515,246.35585032770183
06ac6393eee7a87a46f65b36cf9d1863821846f32cd08b7f9dd84710f2fa08a1,5,1,20310826,image_payload_mb,0.1,0.829337105649989,287,0.014672582969069481,100,20,0.2,253.4749307038064,253.4749307038064,0.0,18.99358658115442,18.99358658115442,37.89473684210527,36.0,0.501219645891575,4.858750000000001,4.858750000000001,5.0,0.9717500000000001,0,0,0,0,4012.98418396069,40.129841839606904,6239.363596172426,257.98656979591703,28.179808621280202,271.2226282385912
06ac6393eee7a87a46f65b36cf9d1863821846f32cd08b7f9dd84710f2fa08a1,5,1,20310826,image_payload_mb,0.5,0.8401311620544968,475,0.024932041997089982,100,18,0.18,256.41884728213057,256.41884728213057,0.0,16.03354711396152,16.03354711396152,37.89473684210527,36.0,0.42310749328509567,4.16,4.16,5.0,0.8320000000000001,0,0,0,0,3913.784303084538,39.13784303084538,5757.897192551703,829.104986301219,83.17736398348791,203.35629617312398
06ac6393eee7a87a46f65b36cf9d1863821846f32cd08b7f9dd84710f2fa08a1,5,1,20310826,image_payload_mb,1.0,0.8286068095565626,390,0.020939750014804304,100,13,0.13,264.7025091808803,264.7025091808803,0.0,11.34681795757277,11.34681795757277,37.89473684210527,36.0,0.29942991832483695,2.9575,2.9575,5.0,0.5915,0,0,0,0,4117.890525069513,41.17890525069513,6697.2265414226495,941.6496925960527,94.3493402037199,126.85223582801927
06ac6393eee7a87a46f65b36cf9d1863821846f32cd08b7f9dd84710f2fa08a1,5,1,20310826,uplink_power_w,0.1,0.8401296176890897,475,0.025200875010341406,100,18,0.18,256.4173401833207,256.4173401833207,0.0,16.03354711396152,16.03354711396152,37.89473684210527,36.0,0.42310749328509567,4.16,4.16,5.0,0.8320000000000001,0,0,0,0,3913.8068138675308,39.13806813867531,5757.8946400536415,830.3555853563869,83.0355585356387,203.35629617312398
06ac6393eee7a87a46f65b36cf9d1863821846f32cd08b7f9dd84710f2fa08a1,5,1,20310826,uplink_power_w,0.2,0.8401311620544968,475,0.025091332965530455,100,18,0.18,256.41884728213057,256.41884728213057,0.0,16.03354711396152,16.03354711396152,37.89473684210527,36.0,0.42310749328509567,4.16,4.16,5.0,0.8320000000000001,0,0,0,0,3913.784303084538,39.13784303084538,5757.897192551703,829.104986301219,83.17736398348791,203.35629617312398
06ac6393eee7a87a46f65b36cf9d1863821846f32cd08b7f9dd84710f2fa08a1,5,1,20310826,uplink_power_w,0.4,0.8401320439174254,475,0.026639083051122725,100,18,0.18,256.4351301158701,256.4351301158701,0.0,16.03354711396152,16.03354711396152,37.89473684210527,36.0,0.42310749328509567,4.16,4.16,5.0,0.8320000000000001,0,0,0,0,3913.7716019125914,39.13771601912592,5757.901719235645,828.3993656375235,83.42884642474158,203.35629617312398
06ac6393eee7a87a46f65b36cf9d1863821846f32cd08b7f9dd84710f2fa08a1,5,1,20310826,downlink_power_w,0.5,0.8357357486118598,390,0.02308208297472447,100,16,0.16,259.06297695576546,259.06297695576546,0.0,13.813517513566849,13.813517513566849,37.89473684210527,36.0,0.3645233788302362,3.59125,3.59125,5.0,0.71825,0,0,0,0,4027.0448169535525,40.27044816953553,6286.766664890483,726.8955562760772,72.91655565526642,163.4055033209695
06ac6393eee7a87a46f65b36cf9d1863821846f32cd08b7f9dd84710f2fa08a1,5,1,20310826,downlink_power_w,1.0,0.8401311620544968,475,0.02584187500178814,100,18,0.18,256.41884728213057,256.41884728213057,0.0,16.03354711396152,16.03354711396152,37.89473684210527,36.0,0.42310749328509567,4.16,4.16,5.0,0.8320000000000001,0,0,0,0,3913.784303084538,39.13784303084538,5757.897192551703,829.104986301219,83.17736398348791,203.35629617312398
06ac6393eee7a87a46f65b36cf9d1863821846f32cd08b7f9dd84710f2fa08a1,5,1,20310826,downlink_power_w,2.0,0.8402946173926389,534,0.027633249992504716,100,18,0.18,253.9125974918465,253.9125974918465,0.0,16.03354711396152,16.03354711396152,37.89473684210527,36.0,0.42310749328509567,4.16,4.16,5.0,0.8320000000000001,0,0,0,0,3911.2780532942543,39.112780532942544,5757.646567572674,689.868886840991,69.2537540374651,203.35629617312398
06ac6393eee7a87a46f65b36cf9d1863821846f32cd08b7f9dd84710f2fa08a1,5,1,20310826,path_loss_exponent,3.0,0.84257681865652,553,0.028497457969933748,100,19,0.19,249.2877327113614,249.2877327113614,0.0,16.773556980759746,16.773556980759746,37.89473684210527,36.0,0.44263553143671547,4.3549999999999995,4.3549999999999995,5.0,0.8709999999999999,0,0,0,0,3886.6037860531915,38.86603786053192,5660.087205976831,465.8702564746468,46.695051412135044,218.53953579858376
06ac6393eee7a87a46f65b36cf9d1863821846f32cd08b7f9dd84710f2fa08a1,5,1,20310826,path_loss_exponent,3.5,0.8401311620544968,475,0.025090582901611924,100,18,0.18,256.41884728213057,256.41884728213057,0.0,16.03354711396152,16.03354711396152,37.89473684210527,36.0,0.42310749328509567,4.16,4.16,5.0,0.8320000000000001,0,0,0,0,3913.784303084538,39.13784303084538,5757.897192551703,829.104986301219,83.17736398348791,203.35629617312398
06ac6393eee7a87a46f65b36cf9d1863821846f32cd08b7f9dd84710f2fa08a1,5,1,20310826,path_loss_exponent,3.8,0.8314699787004565,425,0.022817083983682096,100,14,0.14,263.35756636041435,263.35756636041435,0.0,12.333497779970402,12.333497779970402,37.89473684210527,36.0,0.3254673025269967,3.23375,3.23375,5.0,0.64675,0,0,0,0,4121.485317851621,41.214853178516215,6718.675577433533,765.4671768322887,76.82695953815546,140.62695542643536
06ac6393eee7a87a46f65b36cf9d1863821846f32cd08b7f9dd84710f2fa08a1,5,2,20310923,bandwidth_mhz,10.0,0.830242931587896,372,0.02124133298639208,100,14,0.14,265.6643530306114,265.6643530306114,0.0,11.593487913172178,11.593487913172178,37.89473684210527,36.0,0.3059392643753769,3.0225,3.0225,5.0,0.6045,0,0,0,0,4138.190962485976,41.381909624859766,6787.240969407264,883.441152948376,88.64067194751142,130.1990246213991
06ac6393eee7a87a46f65b36cf9d1863821846f32cd08b7f9dd84710f2fa08a1,5,2,20310923,bandwidth_mhz,20.0,0.8389007796462808,372,0.020336791989393532,100,18,0.18,259.18578796205344,259.18578796205344,0.0,16.03354711396152,16.03354711396152,37.89473684210527,36.0,0.42310749328509567,4.16,4.16,5.0,0.8320000000000001,0,0,0,0,4029.48055477577,40.294805547757704,6293.9462186764595,634.4523024807573,63.67881535882874,203.35629617312398
06ac6393eee7a87a46f65b36cf9d1863821846f32cd08b7f9dd84710f2fa08a1,5,2,20310923,bandwidth_mhz,40.0,0.8430008416162951,758,0.03765958291478455,100,20,0.2,254.19418281442543,254.19418281442543,0.0,17.76023680315738,17.76023680315738,37.89473684210527,36.0,0.46867291563887525,4.598749999999999,4.598749999999999,5.0,0.9197499999999998,0,0,0,0,3985.124579286994,39.85124579286994,6102.834812392676,415.70900148991365,41.74061963383009,240.51996285979575
06ac6393eee7a87a46f65b36cf9d1863821846f32cd08b7f9dd84710f2fa08a1,5,2,20310923,image_payload_mb,0.1,0.8317252850030646,335,0.016082167043350637,100,20,0.2,259.6916930470545,259.6916930470545,0.0,18.500246669955605,18.500246669955605,37.89473684210527,36.0,0.48820095379049505,4.8425,4.8425,5.0,0.9685,0,0,0,0,4123.646403312873,41.23646403312873,6736.244120759744,283.8471959272083,32.20603798716727,258.4729697164431
06ac6393eee7a87a46f65b36cf9d1863821846f32cd08b7f9dd84710f2fa08a1,5,2,20310923,image_payload_mb,0.5,0.8389007796462808,372,0.020410791039466858,100,18,0.18,259.18578796205344,259.18578796205344,0.0,16.03354711396152,16.03354711396152,37.89473684210527,36.0,0.42310749328509567,4.16,4.16,5.0,0.8320000000000001,0,0,0,0,4029.48055477577,40.294805547757704,6293.9462186764595,634.4523024807573,63.67881535882874,203.35629617312398
06ac6393eee7a87a46f65b36cf9d1863821846f32cd08b7f9dd84710f2fa08a1,5,2,20310923,image_payload_mb,1.0,0.8275098811004596,372,0.020409457967616618,100,13,0.13,267.88822937284175,267.88822937284175,0.0,10.606808090774546,10.606808090774546,37.89473684210527,36.0,0.27990188017321715,2.77875,2.77875,5.0,0.55575,0,0,0,0,4174.886995126457,41.74886995126457,6952.858724241976,966.4400996469576,96.82494169045411,117.17491008049937
06ac6393eee7a87a46f65b36cf9d1863821846f32cd08b7f9dd84710f2fa08a1,5,2,20310923,uplink_power_w,0.1,0.8388996342085375,514,0.0316830420633778,100,18,0.18,259.179835235148,259.179835235148,0.0,16.03354711396152,16.03354711396152,37.89473684210527,36.0,0.42310749328509567,4.16,4.16,5.0,0.8320000000000001,0,0,0,0,4029.495624708832,40.29495624708832,6293.943521137772,635.2895209842205,63.528952098422074,203.35629617312398
06ac6393eee7a87a46f65b36cf9d1863821846f32cd08b7f9dd84710f2fa08a1,5,2,20310923,uplink_power_w,0.2,0.8389007796462808,372,0.023236916051246226,100,18,0.18,259.18578796205344,259.18578796205344,0.0,16.03354711396152,16.03354711396152,37.89473684210527,36.0,0.42310749328509567,4.16,4.16,5.0,0.8320000000000001,0,0,0,0,4029.48055477577,40.294805547757704,6293.9462186764595,634.4523024807573,63.67881535882874,203.35629617312398
06ac6393eee7a87a46f65b36cf9d1863821846f32cd08b7f9dd84710f2fa08a1,5,2,20310923,uplink_power_w,0.4,0.838901472941243,372,0.021390457986854017,100,18,0.18,259.20502261048296,259.20502261048296,0.0,16.03354711396152,16.03354711396152,37.89473684210527,36.0,0.42310749328509567,4.16,4.16,5.0,0.8320000000000001,0,0,0,0,4029.4714305071675,40.29471430507167,6293.950978033005,633.9453986695122,63.94322405583677,203.35629617312398
06ac6393eee7a87a46f65b36cf9d1863821846f32cd08b7f9dd84710f2fa08a1,5,2,20310923,downlink_power_w,0.5,0.8375138919166121,514,0.03088795894291252,100,17,0.17,261.5182806429569,261.5182806429569,0.0,15.046867291563888,15.046867291563888,37.89473684210527,36.0,0.3970701090829359,3.9162500000000002,3.9162500000000002,5.0,0.78325,0,0,0,0,4048.845798152721,40.488457981527205,6376.894658754944,759.2285721690309,76.15639734971245,184.6419074027774
06ac6393eee7a87a46f65b36cf9d1863821846f32cd08b7f9dd84710f2fa08a1,5,2,20310923,downlink_power_w,1.0,0.8389007796462808,372,0.022783084074035287,100,18,0.18,259.18578796205344,259.18578796205344,0.0,16.03354711396152,16.03354711396152,37.89473684210527,36.0,0.42310749328509567,4.16,4.16,5.0,0.8320000000000001,0,0,0,0,4029.48055477577,40.294805547757704,6293.9462186764595,634.4523024807573,63.67881535882874,203.35629617312398
06ac6393eee7a87a46f65b36cf9d1863821846f32cd08b7f9dd84710f2fa08a1,5,2,20310923,downlink_power_w,2.0,0.8405184951219462,514,0.03017074998933822,100,19,0.19,257.4750825073008,257.4750825073008,0.0,17.02022693635915,17.02022693635915,37.89473684210527,36.0,0.44914487748725535,4.403749999999999,4.403749999999999,5.0,0.8807499999999997,0,0,0,0,4009.9791116117176,40.099791116117174,6207.457072804475,554.0081407701563,55.63541076182254,223.83983879393978
06ac6393eee7a87a46f65b36cf9d1863821846f32cd08b7f9dd84710f2fa08a1,5,2,20310923,path_loss_exponent,3.0,0.8442142457219398,584,0.03162450005766004,100,20,0.2,252.7711360021878,252.7711360021878,0.0,17.76023680315738,17.76023680315738,37.89473684210527,36.0,0.46867291563887525,4.59875,4.59875,5.0,0.91975,0,0,0,0,3917.0115878232273,39.170115878232274,5786.262554808184,530.0594283015838,53.127740409234114,240.51996285979575
06ac6393eee7a87a46f65b36cf9d1863821846f32cd08b7f9dd84710f2fa08a1,5,2,20310923,path_loss_exponent,3.5,0.8389007796462808,372,0.020111000048927963,100,18,0.18,259.18578796205344,259.18578796205344,0.0,16.03354711396152,16.03354711396152,37.89473684210527,36.0,0.42310749328509567,4.16,4.16,5.0,0.8320000000000001,0,0,0,0,4029.48055477577,40.294805547757704,6293.9462186764595,634.4523024807573,63.67881535882874,203.35629617312398
06ac6393eee7a87a46f65b36cf9d1863821846f32cd08b7f9dd84710f2fa08a1,5,2,20310923,path_loss_exponent,3.8,0.8321173627972175,372,0.02032358292490244,100,16,0.16,266.6560176568491,266.6560176568491,0.0,14.060187469166255,14.060187469166255,37.89473684210527,36.0,0.37103272488077615,3.6724999999999994,3.6724999999999994,5.0,0.7344999999999999,0,0,0,0,4116.472385787184,41.16472385787184,6675.866528133595,912.0471524206382,91.65800834971455,167.47695927838416
06ac6393eee7a87a46f65b36cf9d1863821846f32cd08b7f9dd84710f2fa08a1,5,3,20311020,bandwidth_mhz,10.0,0.8326646659892125,555,0.03021600004285574,100,15,0.15,260.7300789768806,260.7300789768806,0.0,13.56684755796744,13.56684755796744,37.89473684210527,36.0,0.3580140327796963,3.5262499999999997,3.5262499999999997,5.0,0.7052499999999999,0,0,0,0,4057.1114720972055,40.571114720972055,6423.55574366837,768.0148616244478,77.04957789144,159.41661152261617
06ac6393eee7a87a46f65b36cf9d1863821846f32cd08b7f9dd84710f2fa08a1,5,3,20311020,bandwidth_mhz,20.0,0.8372017353355055,562,0.030471417005173862,100,17,0.17,255.11712746774924,255.11712746774924,0.0,15.046867291563888,15.046867291563888,37.89473684210527,36.0,0.3970701090829359,3.9162500000000002,3.9162500000000002,5.0,0.78325,0,0,0,0,4010.618875940931,40.106188759409314,6225.230804551608,487.0566773578824,48.87085597699081,184.6419074027774
06ac6393eee7a87a46f65b36cf9d1863821846f32cd08b7f9dd84710f2fa08a1,5,3,20311020,bandwidth_mhz,40.0,0.8422759966883638,855,0.04076162492856383,100,20,0.2,250.34081204474924,250.34081204474924,0.0,18.253576714356196,18.253576714356196,37.89473684210527,36.0,0.4816916077399551,4.728749999999999,4.728749999999999,5.0,0.9457499999999998,0,0,0,0,3879.7140613570805,38.797140613570804,5620.589974366861,493.3647462422644,49.49871834301902,252.3383216117604
06ac6393eee7a87a46f65b36cf9d1863821846f32cd08b7f9dd84710f2fa08a1,5,3,20311020,image_payload_mb,0.1,0.818528078416057,204,0.01016270904801786,100,20,0.2,256.4474183426267,256.4474183426267,0.0,18.746916625555013,18.746916625555013,37.89473684210527,36.0,0.494710299841035,4.85875,4.85875,5.0,0.9717499999999999,0,0,0,0,4099.481188150382,40.99481188150382,6635.194991396522,189.29373166749258,19.749569826040737,264.7656758515948
06ac6393eee7a87a46f65b36cf9d1863821846f32cd08b7f9dd84710f2fa08a1,5,3,20311020,image_payload_mb,0.5,0.8372017353355055,562,0.029220082913525403,100,17,0.17,255.11712746774924,255.11712746774924,0.0,15.046867291563888,15.046867291563888,37.89473684210527,36.0,0.3970701090829359,3.9162500000000002,3.9162500000000002,5.0,0.78325,0,0,0,0,4010.618875940931,40.106188759409314,6225.230804551608,487.0566773578824,48.87085597699081,184.6419074027774
06ac6393eee7a87a46f65b36cf9d1863821846f32cd08b7f9dd84710f2fa08a1,5,3,20311020,image_payload_mb,1.0,0.8307262789520006,737,0.038120459066703916,100,14,0.14,262.47873261197685,262.47873261197685,0.0,12.3334977799704,12.3334977799704,37.89473684210527,36.0,0.3254673025269966,3.20125,3.20125,5.0,0.64025,0,0,0,0,4078.1736460003785,40.781736460003785,6517.222556816339,871.7763303148782,87.32548688139109,140.6269554264353
06ac6393eee7a87a46f65b36cf9d1863821846f32cd08b7f9dd84710f2fa08a1,5,3,20311020,uplink_power_w,0.1,0.8372011690261107,562,0.028951333952136338,100,17,0.17,255.11167475699588,255.11167475699588,0.0,15.046867291563888,15.046867291563888,37.89473684210527,36.0,0.3970701090829359,3.9162500000000002,3.9162500000000002,5.0,0.78325,0,0,0,0,4010.62746423068,40.1062746423068,6225.228855180483,487.5618708725226,48.756187087252265,184.6419074027774
06ac6393eee7a87a46f65b36cf9d1863821846f32cd08b7f9dd84710f2fa08a1,5,3,20311020,uplink_power_w,0.2,0.8372017353355055,562,0.029085707967169583,100,17,0.17,255.11712746774924,255.11712746774924,0.0,15.046867291563888,15.046867291563888,37.89473684210527,36.0,0.3970701090829359,3.9162500000000002,3.9162500000000002,5.0,0.78325,0,0,0,0,4010.618875940931,40.106188759409314,6225.230804551608,487.0566773578824,48.87085597699081,184.6419074027774
06ac6393eee7a87a46f65b36cf9d1863821846f32cd08b7f9dd84710f2fa08a1,5,3,20311020,uplink_power_w,0.4,0.8372020958750334,562,0.034616291988641024,100,17,0.17,255.1318649262827,255.1318649262827,0.0,15.046867291563888,15.046867291563888,37.89473684210527,36.0,0.3970701090829359,3.9162500000000002,3.9162500000000002,5.0,0.78325,0,0,0,0,4010.613538123943,40.106135381239426,6225.234285825014,486.7426881232717,49.075636765551614,184.6419074027774
06ac6393eee7a87a46f65b36cf9d1863821846f32cd08b7f9dd84710f2fa08a1,5,3,20311020,downlink_power_w,0.5,0.8370973791755885,555,0.029812249937094748,100,17,0.17,256.5913803042597,256.5913803042597,0.0,15.046867291563888,15.046867291563888,37.89473684210527,36.0,0.3970701090829359,3.9162500000000002,3.9162500000000002,5.0,0.78325,0,0,0,0,4012.0931287774415,40.12093128777442,6225.37822983526,573.7774324467359,57.54293148587617,184.6419074027774
06ac6393eee7a87a46f65b36cf9d1863821846f32cd08b7f9dd84710f2fa08a1,5,3,20311020,downlink_power_w,1.0,0.8372017353355055,562,0.029195374925620854,100,17,0.17,255.11712746774924,255.11712746774924,0.0,15.046867291563888,15.046867291563888,37.89473684210527,36.0,0.3970701090829359,3.9162500000000002,3.9162500000000002,5.0,0.78325,0,0,0,0,4010.618875940931,40.106188759409314,6225.230804551608,487.0566773578824,48.87085597699081,184.6419074027774
06ac6393eee7a87a46f65b36cf9d1863821846f32cd08b7f9dd84710f2fa08a1,5,3,20311020,downlink_power_w,2.0,0.8415201692870854,555,0.029440582962706685,100,19,0.19,253.5980157865075,253.5980157865075,0.0,17.266896891958563,17.266896891958563,37.89473684210527,36.0,0.4556542235377954,4.484999999999999,4.484999999999999,5.0,0.8969999999999999,0,0,0,0,3898.4813327634206,38.98481332763421,5696.456915393058,659.2242930850903,66.15344173989465,229.2669049896783
06ac6393eee7a87a46f65b36cf9d1863821846f32cd08b7f9dd84710f2fa08a1,5,3,20311020,path_loss_exponent,3.0,0.8443881233118006,555,0.02810462494380772,100,20,0.2,249.20365637007853,249.20365637007853,0.0,18.253576714356196,18.253576714356196,37.89473684210527,36.0,0.4816916077399551,4.728749999999999,4.728749999999999,5.0,0.9457499999999998,0,0,0,0,3867.213516108037,38.67213516108037,5566.538913546304,468.3374837901117,46.94567731521158,252.3383216117604
06ac6393eee7a87a46f65b36cf9d1863821846f32cd08b7f9dd84710f2fa08a1,5,3,20311020,path_loss_exponent,3.5,0.8372017353355055,562,0.0295838339952752,100,17,0.17,255.11712746774924,255.11712746774924,0.0,15.046867291563888,15.046867291563888,37.89473684210527,36.0,0.3970701090829359,3.9162500000000002,3.9162500000000002,5.0,0.78325,0,0,0,0,4010.618875940931,40.106188759409314,6225.230804551608,487.0566773578824,48.87085597699081,184.6419074027774
06ac6393eee7a87a46f65b36cf9d1863821846f32cd08b7f9dd84710f2fa08a1,5,3,20311020,path_loss_exponent,3.8,0.8348586432018815,673,0.03650625003501773,100,16,0.16,260.2858305248774,260.2858305248774,0.0,14.306857424765663,14.306857424765663,37.89473684210527,36.0,0.3775420709313161,3.72125,3.72125,5.0,0.74425,0,0,0,0,4035.834987210013,40.35834987210013,6322.834843146242,768.0531309899447,77.17769664006418,171.63356963585923
06ac6393eee7a87a46f65b36cf9d1863821846f32cd08b7f9dd84710f2fa08a1,5,4,20311117,bandwidth_mhz,10.0,0.8333837786624523,531,0.02919404103886336,100,15,0.15,261.6740620204028,261.6740620204028,0.0,13.073507646768626,13.073507646768626,37.89473684210527,36.0,0.3449953406786165,3.3962499999999998,3.3962499999999998,5.0,0.6792499999999999,0,0,0,0,4050.4739545563716,40.504739545563716,6387.704112463356,866.5869628231821,86.9408308904533,151.67667426825952
06ac6393eee7a87a46f65b36cf9d1863821846f32cd08b7f9dd84710f2fa08a1,5,4,20311117,bandwidth_mhz,20.0,0.8402965562812337,429,0.023388583911582828,100,18,0.18,255.47129284781744,255.47129284781744,0.0,16.280217069560926,16.280217069560926,37.89473684210527,36.0,0.4296168393356355,4.208749999999999,4.208749999999999,5.0,0.8417499999999999,0,0,0,0,3912.0821865888493,39.120821865888495,5754.1974123528835,774.0418397870326,77.63401960466527,208.3018595934841
06ac6393eee7a87a46f65b36cf9d1863821846f32cd08b7f9dd84710f2fa08a1,5,4,20311117,bandwidth_mhz,40.0,0.846633580835928,542,0.027245417004451156,100,21,0.21,249.45729731013378,249.45729731013378,0.0,19.240256536753826,19.240256536753826,37.89473684210527,36.0,0.5077289919421148,4.972499999999999,4.972499999999999,5.0,0.9944999999999998,0,0,0,0,3824.6613526916517,38.24661352691652,5361.566049000118,553.6426429082235,55.526142862826646,277.85034240855197
06ac6393eee7a87a46f65b36cf9d1863821846f32cd08b7f9dd84710f2fa08a1,5,4,20311117,image_payload_mb,0.1,0.8409065665557276,100,0.005902208969928324,100,20,0.2,250.69745815521497,250.69745815521497,0.0,18.99358658115442,18.99358658115442,37.89473684210527,36.0,0.501219645891575,4.92375,4.92375,5.0,0.98475,0,0,0,0,3951.9963777999583,39.519963777999585,5962.195303331412,288.59626175932465,29.765166570604496,271.2226282385912
06ac6393eee7a87a46f65b36cf9d1863821846f32cd08b7f9dd84710f2fa08a1,5,4,20311117,image_payload_mb,0.5,0.8402965562812337,429,0.029471958056092262,100,18,0.18,255.47129284781744,255.47129284781744,0.0,16.280217069560926,16.280217069560926,37.89473684210527,36.0,0.4296168393356355,4.208749999999999,4.208749999999999,5.0,0.8417499999999999,0,0,0,0,3912.0821865888493,39.120821865888495,5754.1974123528835,774.0418397870326,77.63401960466527,208.3018595934841
06ac6393eee7a87a46f65b36cf9d1863821846f32cd08b7f9dd84710f2fa08a1,5,4,20311117,image_payload_mb,1.0,0.8310312919524746,429,0.025445790961384773,100,14,0.14,263.7941212373795,263.7941212373795,0.0,12.3334977799704,12.3334977799704,37.89473684210527,36.0,0.3254673025269966,3.20125,3.20125,5.0,0.64025,0,0,0,0,4074.181322415811,40.74181322415811,6492.183814268298,986.6103599886181,98.84387630698741,140.6269554264353
06ac6393eee7a87a46f65b36cf9d1863821846f32cd08b7f9dd84710f2fa08a1,5,4,20311117,uplink_power_w,0.1,0.8402953762424638,429,0.025864875060506165,100,18,0.18,255.46737387933405,255.46737387933405,0.0,16.280217069560926,16.280217069560926,37.89473684210527,36.0,0.4296168393356355,4.208749999999999,4.208749999999999,5.0,0.8417499999999999,0,0,0,0,3912.098952826702,39.12098952826702,5754.194951935401,774.9732974455414,77.49732974455414,208.3018595934841
06ac6393eee7a87a46f65b36cf9d1863821846f32cd08b7f9dd84710f2fa08a1,5,4,20311117,uplink_power_w,0.2,0.8402965562812337,429,0.023640000028535724,100,18,0.18,255.47129284781744,255.47129284781744,0.0,16.280217069560926,16.280217069560926,37.89473684210527,36.0,0.4296168393356355,4.208749999999999,4.208749999999999,5.0,0.8417499999999999,0,0,0,0,3912.0821865888493,39.120821865888495,5754.1974123528835,774.0418397870326,77.63401960466527,208.3018595934841
06ac6393eee7a87a46f65b36cf9d1863821846f32cd08b7f9dd84710f2fa08a1,5,4,20311117,uplink_power_w,0.4,0.840297257093666,429,0.025899166939780116,100,18,0.18,255.4881242746021,255.4881242746021,0.0,16.280217069560926,16.280217069560926,37.89473684210527,36.0,0.4296168393356355,4.208749999999999,4.208749999999999,5.0,0.8417499999999999,0,0,0,0,3912.0723709944937,39.12072370994494,5754.201760197676,773.4965289895098,77.87556653758021,208.3018595934841
06ac6393eee7a87a46f65b36cf9d1863821846f32cd08b7f9dd84710f2fa08a1,5,4,20311117,downlink_power_w,0.5,0.8373563082546784,429,0.024753708974458277,100,17,0.17,257.57950417825896,257.57950417825896,0.0,15.046867291563888,15.046867291563888,37.89473684210527,36.0,0.3970701090829359,3.88375,3.88375,5.0,0.77675,0,0,0,0,4007.015945141343,40.07015945141343,6196.710941394722,651.5901597350728,65.34949380718813,184.6419074027774
06ac6393eee7a87a46f65b36cf9d1863821846f32cd08b7f9dd84710f2fa08a1,5,4,20311117,downlink_power_w,1.0,0.8402965562812337,429,0.02318516606464982,100,18,0.18,255.47129284781744,255.47129284781744,0.0,16.280217069560926,16.280217069560926,37.89473684210527,36.0,0.4296168393356355,4.208749999999999,4.208749999999999,5.0,0.8417499999999999,0,0,0,0,3912.0821865888493,39.120821865888495,5754.1974123528835,774.0418397870326,77.63401960466527,208.3018595934841
06ac6393eee7a87a46f65b36cf9d1863821846f32cd08b7f9dd84710f2fa08a1,5,4,20311117,downlink_power_w,2.0,0.8404414900035195,429,0.023555709049105644,100,18,0.18,253.27392284131759,253.27392284131759,0.0,16.280217069560926,16.280217069560926,37.89473684210527,36.0,0.4296168393356355,4.208749999999999,4.208749999999999,5.0,0.8417499999999999,0,0,0,0,3909.8848165823492,39.09884816582349,5753.977675352233,651.9657283148166,65.42640845744369,208.3018595934841
06ac6393eee7a87a46f65b36cf9d1863821846f32cd08b7f9dd84710f2fa08a1,5,4,20311117,path_loss_exponent,3.0,0.8448182770978699,367,0.02157191699370742,100,20,0.2,249.00782596846983,249.00782596846983,0.0,17.76023680315738,17.76023680315738,37.89473684210527,36.0,0.46867291563887525,4.59875,4.59875,5.0,0.91975,0,0,0,0,3864.7441097561536,38.64744109756154,5555.75558797657,476.6855249478811,47.77939882847714,240.51996285979575
06ac6393eee7a87a46f65b36cf9d1863821846f32cd08b7f9dd84710f2fa08a1,5,4,20311117,path_loss_exponent,3.5,0.8402965562812337,429,0.024316374910995364,100,18,0.18,255.47129284781744,255.47129284781744,0.0,16.280217069560926,16.280217069560926,37.89473684210527,36.0,0.4296168393356355,4.208749999999999,4.208749999999999,5.0,0.8417499999999999,0,0,0,0,3912.0821865888493,39.120821865888495,5754.1974123528835,774.0418397870326,77.63401960466527,208.3018595934841
06ac6393eee7a87a46f65b36cf9d1863821846f32cd08b7f9dd84710f2fa08a1,5,4,20311117,path_loss_exponent,3.8,0.833526919502252,662,0.03801845898851752,100,16,0.16,262.3818846157823,262.3818846157823,0.0,14.060187469166255,14.060187469166255,37.89473684210527,36.0,0.37103272488077615,3.64,3.64,5.0,0.728,0,0,0,0,4086.440396393721,40.864403963937214,6553.181216254202,735.0478153291942,73.82601588762954,167.47695927838416
06ac6393eee7a87a46f65b36cf9d1863821846f32cd08b7f9dd84710f2fa08a1,5,5,20311214,bandwidth_mhz,10.0,0.8351876601409197,437,0.025274291052483022,100,16,0.16,260.35169006969414,260.35169006969414,0.0,14.306857424765663,14.306857424765663,37.89473684210527,36.0,0.3775420709313161,3.68875,3.68875,5.0,0.73775,0,0,0,0,3976.035556890831,39.76035556890831,6038.773221245017,980.5887360410717,98.32632781358186,171.63356963585923
06ac6393eee7a87a46f65b36cf9d1863821846f32cd08b7f9dd84710f2fa08a1,5,5,20311214,bandwidth_mhz,20.0,0.8401774788415037,394,0.022058125003241003,100,18,0.18,253.3769636117916,253.3769636117916,0.0,16.280217069560926,16.280217069560926,37.89473684210527,36.0,0.4296168393356355,4.208749999999999,4.208749999999999,5.0,0.8417499999999999,0,0,0,0,3911.5074961063697,39.1150749610637,5761.179173448663,653.2257018714976,65.50963603686722,208.3018595934841
06ac6393eee7a87a46f65b36cf9d1863821846f32cd08b7f9dd84710f2fa08a1,5,5,20311214,bandwidth_mhz,40.0,0.8459691824651373,591,0.03285483398940414,100,21,0.21,249.21677239903767,249.21677239903767,0.0,18.99358658115442,18.99358658115442,37.89473684210527,36.0,0.501219645891575,4.923749999999999,4.923749999999999,5.0,0.9847499999999998,0,0,0,0,3847.917601795957,38.479176017959574,5473.025184675646,486.7584096641578,48.81831788797927,271.2226282385912
06ac6393eee7a87a46f65b36cf9d1863821846f32cd08b7f9dd84710f2fa08a1,5,5,20311214,image_payload_mb,0.1,0.821838039056863,123,0.007397167035378516,100,21,0.21,253.95060321768807,253.95060321768807,0.0,19.24025653675383,19.24025653675383,37.89473684210527,36.0,0.5077289919421148,4.972500000000001,4.972500000000001,5.0,0.9945000000000002,0,0,0,0,4044.8801575301036,40.44880157530103,6386.842829697785,183.10953997731565,21.08712846595859,277.85034240855197
06ac6393eee7a87a46f65b36cf9d1863821846f32cd08b7f9dd84710f2fa08a1,5,5,20311214,image_payload_mb,0.5,0.8401774788415037,394,0.02168683405034244,100,18,0.18,253.3769636117916,253.3769636117916,0.0,16.280217069560926,16.280217069560926,37.89473684210527,36.0,0.4296168393356355,4.208749999999999,4.208749999999999,5.0,0.8417499999999999,0,0,0,0,3911.5074961063697,39.1150749610637,5761.179173448663,653.2257018714976,65.50963603686722,208.3018595934841
06ac6393eee7a87a46f65b36cf9d1863821846f32cd08b7f9dd84710f2fa08a1,5,5,20311214,image_payload_mb,1.0,0.8309495165832387,339,0.018676834064535797,100,14,0.14,262.2207620662043,262.2207620662043,0.0,12.086827824370994,12.086827824370994,37.89473684210527,36.0,0.31895795647645675,3.12,3.12,5.0,0.624,0,0,0,0,4093.831799096235,40.938317990962354,6592.713264684761,793.7582603226884,79.51890605438595,137.0845322655291
06ac6393eee7a87a46f65b36cf9d1863821846f32cd08b7f9dd84710f2fa08a1,5,5,20311214,uplink_power_w,0.1,0.8401766608395529,394,0.021203333046287298,100,18,0.18,253.37232382422752,253.37232382422752,0.0,16.280217069560926,16.280217069560926,37.89473684210527,36.0,0.4296168393356355,4.208749999999999,4.208749999999999,5.0,0.8417499999999999,0,0,0,0,3911.51969224528,39.1151969224528,5761.177025877259,653.9032651443033,65.39032651443033,208.3018595934841
06ac6393eee7a87a46f65b36cf9d1863821846f32cd08b7f9dd84710f2fa08a1,5,5,20311214,uplink_power_w,0.2,0.8401774788415037,394,0.021434374968521297,100,18,0.18,253.3769636117916,253.3769636117916,0.0,16.280217069560926,16.280217069560926,37.89473684210527,36.0,0.4296168393356355,4.208749999999999,4.208749999999999,5.0,0.8417499999999999,0,0,0,0,3911.5074961063697,39.1150749610637,5761.179173448663,653.2257018714976,65.50963603686722,208.3018595934841
06ac6393eee7a87a46f65b36cf9d1863821846f32cd08b7f9dd84710f2fa08a1,5,5,20311214,uplink_power_w,0.4,0.8382045380804409,493,0.02593554207123816,100,17,0.17,253.39162403157604,253.39162403157604,0.0,15.540207202762705,15.540207202762705,37.89473684210527,36.0,0.4100888011840158,4.01375,4.01375,5.0,0.80275,0,0,0,0,3931.5663599551863,39.31566359955186,5858.274346656015,627.7579868118463,63.196862118582125,193.79259878737196
06ac6393eee7a87a46f65b36cf9d1863821846f32cd08b7f9dd84710f2fa08a1,5,5,20311214,downlink_power_w,0.5,0.8380596322099515,394,0.021237374981865287,100,17,0.17,255.4766918178262,255.4766918178262,0.0,15.540207202762705,15.540207202762705,37.89473684210527,36.0,0.4100888011840158,4.01375,4.01375,5.0,0.80275,0,0,0,0,3933.6718927678194,39.33671892767819,5858.4808069320015,751.6128581431924,75.34158423544915,193.79259878737196
06ac6393eee7a87a46f65b36cf9d1863821846f32cd08b7f9dd84710f2fa08a1,5,5,20311214,downlink_power_w,1.0,0.8401774788415037,394,0.021313208038918674,100,18,0.18,253.3769636117916,253.3769636117916,0.0,16.280217069560926,16.280217069560926,37.89473684210527,36.0,0.4296168393356355,4.208749999999999,4.208749999999999,5.0,0.8417499999999999,0,0,0,0,3911.5074961063697,39.1150749610637,5761.179173448663,653.2257018714976,65.50963603686722,208.3018595934841
06ac6393eee7a87a46f65b36cf9d1863821846f32cd08b7f9dd84710f2fa08a1,5,5,20311214,downlink_power_w,2.0,0.8402874454418945,621,0.0340109170647338,100,18,0.18,251.77271804405106,251.77271804405106,0.0,16.280217069560926,16.280217069560926,37.89473684210527,36.0,0.4296168393356355,4.208749999999999,4.208749999999999,5.0,0.8417499999999999,0,0,0,0,3909.903250538629,39.09903250538629,5761.018748891889,564.1009481081335,56.597160660530825,208.3018595934841
06ac6393eee7a87a46f65b36cf9d1863821846f32cd08b7f9dd84710f2fa08a1,5,5,20311214,path_loss_exponent,3.0,0.8448548519125955,621,0.03125791600905359,100,20,0.2,248.26933861152443,248.26933861152443,0.0,17.76023680315738,17.76023680315738,37.89473684210527,36.0,0.46867291563887525,4.59875,4.59875,5.0,0.91975,0,0,0,0,3864.006710437089,38.64006710437089,5555.681630437087,439.8155589946441,44.08152185434698,240.51996285979575
06ac6393eee7a87a46f65b36cf9d1863821846f32cd08b7f9dd84710f2fa08a1,5,5,20311214,path_loss_exponent,3.5,0.8401774788415037,394,0.02142191689927131,100,18,0.18,253.3769636117916,253.3769636117916,0.0,16.280217069560926,16.280217069560926,37.89473684210527,36.0,0.4296168393356355,4.208749999999999,4.208749999999999,5.0,0.8417499999999999,0,0,0,0,3911.5074961063697,39.1150749610637,5761.179173448663,653.2257018714976,65.50963603686722,208.3018595934841
06ac6393eee7a87a46f65b36cf9d1863821846f32cd08b7f9dd84710f2fa08a1,5,5,20311214,path_loss_exponent,3.8,0.8321392061723255,643,0.034717208007350564,100,15,0.15,259.7819557435368,259.7819557435368,0.0,13.320177602368034,13.320177602368034,37.89473684210527,36.0,0.3515046867291564,3.4450000000000003,3.4450000000000003,5.0,0.6890000000000001,0,0,0,0,4064.504583675662,40.64504583675662,6463.02003950573,678.1311140691523,68.00263371541261,155.50779764168888
06ac6393eee7a87a46f65b36cf9d1863821846f32cd08b7f9dd84710f2fa08a1,5,6,20311311,bandwidth_mhz,10.0,0.828874128870892,444,0.023742457968182862,100,13,0.13,264.8396920741176,264.8396920741176,0.0,11.34681795757277,11.34681795757277,37.89473684210527,36.0,0.29942991832483695,2.9575,2.9575,5.0,0.5915,0,0,0,0,4159.708607107775,41.59708607107775,6895.009011902732,773.8098493854818,77.61630021020758,126.85223582801927
06ac6393eee7a87a46f65b36cf9d1863821846f32cd08b7f9dd84710f2fa08a1,5,6,20311311,bandwidth_mhz,20.0,0.8377744033660229,558,0.03536454099230468,100,17,0.17,258.351087607075,258.351087607075,0.0,15.046867291563888,15.046867291563888,37.89473684210527,36.0,0.3970701090829359,3.9162500000000002,3.9162500000000002,5.0,0.78325,0,0,0,0,4000.9654638332636,40.009654638332634,6164.426095684978,719.2089063186058,72.12327558691833,184.6419074027774
06ac6393eee7a87a46f65b36cf9d1863821846f32cd08b7f9dd84710f2fa08a1,5,6,20311311,bandwidth_mhz,40.0,0.838871268248903,927,0.04728554200846702,100,19,0.19,253.07713480517506,253.07713480517506,0.0,17.266896891958563,17.266896891958563,37.89473684210527,36.0,0.4556542235377954,4.484999999999999,4.484999999999999,5.0,0.8969999999999999,0,0,0,0,3963.147414084367,39.63147414084367,6005.641920538381,441.6496257664741,44.31160728321554,229.2669049896783
06ac6393eee7a87a46f65b36cf9d1863821846f32cd08b7f9dd84710f2fa08a1,5,6,20311311,image_payload_mb,0.1,0.8204758679120904,100,0.005935374996624887,100,19,0.19,260.15722767725026,260.15722767725026,0.0,18.74691662555501,18.74691662555501,37.89473684210527,36.0,0.49471029984103493,4.875,4.875,5.0,0.975,0,0,0,0,4136.032908218944,41.36032908218944,6793.777731508385,284.3347567243965,30.406921493947753,264.7656758515947
06ac6393eee7a87a46f65b36cf9d1863821846f32cd08b7f9dd84710f2fa08a1,5,6,20311311,image_payload_mb,0.5,0.8377744033660229,558,0.033696332946419716,100,17,0.17,258.351087607075,258.351087607075,0.0,15.046867291563888,15.046867291563888,37.89473684210527,36.0,0.3970701090829359,3.9162500000000002,3.9162500000000002,5.0,0.78325,0,0,0,0,4000.9654638332636,40.009654638332634,6164.426095684978,719.2089063186058,72.12327558691833,184.6419074027774
06ac6393eee7a87a46f65b36cf9d1863821846f32cd08b7f9dd84710f2fa08a1,5,6,20311311,image_payload_mb,1.0,0.826156791506911,444,0.03048387507442385,100,12,0.12,266.38548646183307,266.38548646183307,0.0,10.360138135175138,10.360138135175138,37.89473684210527,36.0,0.2733925341226772,2.71375,2.71375,5.0,0.5427500000000001,0,0,0,0,4189.66202459301,41.8966202459301,7031.790859264911,824.437321568607,82.57160540919065,114.0647278488175
06ac6393eee7a87a46f65b36cf9d1863821846f32cd08b7f9dd84710f2fa08a1,5,6,20311311,uplink_power_w,0.1,0.837773449903227,558,0.04058929195161909,100,17,0.17,258.3456463973665,258.3456463973665,0.0,15.046867291563888,15.046867291563888,37.89473684210527,36.0,0.3970701090829359,3.9162500000000002,3.9162500000000002,5.0,0.78325,0,0,0,0,4000.977225344735,40.00977225344735,6164.423831291889,719.9007599345733,71.99007599345732,184.6419074027774
06ac6393eee7a87a46f65b36cf9d1863821846f32cd08b7f9dd84710f2fa08a1,5,6,20311311,uplink_power_w,0.2,0.8377744033660229,558,0.03459487506188452,100,17,0.17,258.351087607075,258.351087607075,0.0,15.046867291563888,15.046867291563888,37.89473684210527,36.0,0.3970701090829359,3.9162500000000002,3.9162500000000002,5.0,0.78325,0,0,0,0,4000.9654638332636,40.009654638332634,6164.426095684978,719.2089063186058,72.12327558691833,184.6419074027774
06ac6393eee7a87a46f65b36cf9d1863821846f32cd08b7f9dd84710f2fa08a1,5,6,20311311,uplink_power_w,0.4,0.8377749908393755,558,0.029378292034380138,100,17,0.17,258.3673204982187,258.3673204982187,0.0,15.046867291563888,15.046867291563888,37.89473684210527,36.0,0.3970701090829359,3.9162500000000002,3.9162500000000002,5.0,0.78325,0,0,0,0,4000.958194812777,40.00958194812777,6164.430069165255,718.781316878227,72.35700972088225,184.6419074027774
06ac6393eee7a87a46f65b36cf9d1863821846f32cd08b7f9dd84710f2fa08a1,5,6,20311311,downlink_power_w,0.5,0.832667016352347,597,0.032000542036257684,100,15,0.15,260.6871842901167,260.6871842901167,0.0,13.813517513566849,13.813517513566849,37.89473684210527,36.0,0.3645233788302362,3.6075,3.6075,5.0,0.7215,0,0,0,0,4060.1050331925267,40.601050331925265,6437.928141073263,750.2633761808012,75.20940488419484,163.4055033209695
06ac6393eee7a87a46f65b36cf9d1863821846f32cd08b7f9dd84710f2fa08a1,5,6,20311311,downlink_power_w,1.0,0.8377744033660229,558,0.02922449994366616,100,17,0.17,258.351087607075,258.351087607075,0.0,15.046867291563888,15.046867291563888,37.89473684210527,36.0,0.3970701090829359,3.9162500000000002,3.9162500000000002,5.0,0.78325,0,0,0,0,4000.9654638332636,40.009654638332634,6164.426095684978,719.2089063186058,72.12327558691833,184.6419074027774
06ac6393eee7a87a46f65b36cf9d1863821846f32cd08b7f9dd84710f2fa08a1,5,6,20311311,downlink_power_w,2.0,0.8397593360091089,558,0.02947816695086658,100,18,0.18,255.98944890041787,255.98944890041787,0.0,16.03354711396152,16.03354711396152,37.89473684210527,36.0,0.42310749328509567,4.16,4.16,5.0,0.8320000000000001,0,0,0,0,3932.2915461113007,39.322915461113006,5847.750062256894,746.1740433435948,75.00345871636065,203.35629617312398
06ac6393eee7a87a46f65b36cf9d1863821846f32cd08b7f9dd84710f2fa08a1,5,6,20311311,path_loss_exponent,3.0,0.8446936935241411,575,0.030469666933640838,100,20,0.2,250.36535728049859,250.36535728049859,0.0,17.76023680315738,17.76023680315738,37.89473684210527,36.0,0.46867291563887525,4.59875,4.59875,5.0,0.91975,0,0,0,0,3866.0979566577544,38.660979566577545,5555.891709548815,544.3778700279153,54.58547744076131,240.51996285979575
06ac6393eee7a87a46f65b36cf9d1863821846f32cd08b7f9dd84710f2fa08a1,5,6,20311311,path_loss_exponent,3.5,0.8377744033660229,558,0.029411750030703843,100,17,0.17,258.351087607075,258.351087607075,0.0,15.046867291563888,15.046867291563888,37.89473684210527,36.0,0.3970701090829359,3.9162500000000002,3.9162500000000002,5.0,0.78325,0,0,0,0,4000.9654638332636,40.009654638332634,6164.426095684978,719.2089063186058,72.12327558691833,184.6419074027774
06ac6393eee7a87a46f65b36cf9d1863821846f32cd08b7f9dd84710f2fa08a1,5,6,20311311,path_loss_exponent,3.8,0.829625978383775,455,0.024288833024911582,100,15,0.15,264.09066749348904,264.09066749348904,0.0,13.56684755796744,13.56684755796744,37.89473684210527,36.0,0.3580140327796963,3.52625,3.52625,5.0,0.70525,0,0,0,0,4126.4011548621065,41.26401154862106,6736.726261516255,747.3270459511856,75.08410108372075,159.41661152261617
06ac6393eee7a87a46f65b36cf9d1863821846f32cd08b7f9dd84710f2fa08a1,5,7,20311408,bandwidth_mhz,10.0,0.8274376547902478,517,0.027138583012856543,100,13,0.13,264.061928102166,264.061928102166,0.0,12.826837691169214,12.826837691169214,37.89473684210527,36.0,0.33848599462807644,3.25,3.25,5.0,0.65,0,0,0,0,4064.1882248480993,40.64188224848099,6445.430739587483,1097.3271172768755,110.05689134490416,147.92094796155118
06ac6393eee7a87a46f65b36cf9d1863821846f32cd08b7f9dd84710f2fa08a1,5,7,20311408,bandwidth_mhz,20.0,0.8335876527721248,568,0.03124462510459125,100,16,0.16,257.6825877489543,257.6825877489543,0.0,15.046867291563888,15.046867291563888,37.89473684210527,36.0,0.3970701090829359,3.85125,3.85125,5.0,0.77025,0,0,0,0,3987.767261739134,39.87767261739134,6106.805416955612,750.8119512931091,75.3385597257463,184.6419074027774
06ac6393eee7a87a46f65b36cf9d1863821846f32cd08b7f9dd84710f2fa08a1,5,7,20311408,bandwidth_mhz,40.0,0.8416611699567538,538,0.026589292101562023,100,20,0.2,252.09104584048092,252.09104584048092,0.0,18.5002466699556,18.5002466699556,37.89473684210527,36.0,0.488200953790495,4.777499999999999,4.777499999999999,5.0,0.9554999999999998,0,0,0,0,3867.8155933394046,38.678155933394045,5556.029177578933,612.3066972538121,61.45887894666561,258.4729697164431
06ac6393eee7a87a46f65b36cf9d1863821846f32cd08b7f9dd84710f2fa08a1,5,7,20311408,image_payload_mb,0.1,0.8235468945132298,100,0.005820875056087971,100,20,0.2,263.6518728554728,263.6518728554728,0.0,18.253576714356196,18.253576714356196,37.89473684210527,36.0,0.4816916077399551,4.891249999999999,4.891249999999999,5.0,0.9782499999999998,0,0,0,0,4210.2211542121,42.102211542121005,7128.593056190873,258.7193889932323,29.65280954357923,252.3383216117604
06ac6393eee7a87a46f65b36cf9d1863821846f32cd08b7f9dd84710f2fa08a1,5,7,20311408,image_payload_mb,0.5,0.8335876527721248,568,0.030903375009074807,100,16,0.16,257.6825877489543,257.6825877489543,0.0,15.046867291563888,15.046867291563888,37.89473684210527,36.0,0.3970701090829359,3.85125,3.85125,5.0,0.77025,0,0,0,0,3987.767261739134,39.87767261739134,6106.805416955612,750.8119512931091,75.3385597257463,184.6419074027774
06ac6393eee7a87a46f65b36cf9d1863821846f32cd08b7f9dd84710f2fa08a1,5,7,20311408,image_payload_mb,1.0,0.8246887024548123,517,0.02842308406252414,100,12,0.12,266.6906912237664,266.6906912237664,0.0,11.840157868771582,11.840157868771582,37.89473684210527,36.0,0.3124486104259167,3.00625,3.00625,5.0,0.6012500000000001,0,0,0,0,4101.288649613121,41.012886496131216,6611.091047525312,1240.4449500211488,124.25396044268784,133.60918440564453
06ac6393eee7a87a46f65b36cf9d1863821846f32cd08b7f9dd84710f2fa08a1,5,7,20311408,uplink_power_w,0.1,0.8335861470062929,568,0.030847375048324466,100,16,0.16,257.6817503492389,257.6817503492389,0.0,15.046867291563888,15.046867291563888,37.89473684210527,36.0,0.3970701090829359,3.85125,3.85125,5.0,0.77025,0,0,0,0,3987.7870135071335,39.87787013507133,6106.803274298868,752.0464367930707,75.20464367930707,184.6419074027774
06ac6393eee7a87a46f65b36cf9d1863821846f32cd08b7f9dd84710f2fa08a1,5,7,20311408,uplink_power_w,0.2,0.8335876527721248,568,0.030494250007905066,100,16,0.16,257.6825877489543,257.6825877489543,0.0,15.046867291563888,15.046867291563888,37.89473684210527,36.0,0.3970701090829359,3.85125,3.85125,5.0,0.77025,0,0,0,0,3987.767261739134,39.87767261739134,6106.805416955612,750.8119512931091,75.3385597257463,184.6419074027774
06ac6393eee7a87a46f65b36cf9d1863821846f32cd08b7f9dd84710f2fa08a1,5,7,20311408,uplink_power_w,0.4,0.8335884965629202,568,0.030292209004983306,100,16,0.16,257.695979587224,257.695979587224,0.0,15.046867291563888,15.046867291563888,37.89473684210527,36.0,0.3970701090829359,3.85125,3.85125,5.0,0.77025,0,0,0,0,3987.75614714027,39.8775614714027,6106.809206783152,750.1172888641096,75.5754239470172,184.6419074027774
06ac6393eee7a87a46f65b36cf9d1863821846f32cd08b7f9dd84710f2fa08a1,5,7,20311408,downlink_power_w,0.5,0.830839845758637,517,0.027498207986354828,100,15,0.15,260.12482065892624,260.12482065892624,0.0,14.55352738036507,14.55352738036507,37.89473684210527,36.0,0.38405141698185596,3.68875,3.68875,5.0,0.73775,0,0,0,0,4023.160921186915,40.23160921186915,6265.255581277689,834.8500449986084,83.70541851263644,175.87803412908528
06ac6393eee7a87a46f65b36cf9d1863821846f32cd08b7f9dd84710f2fa08a1,5,7,20311408,downlink_power_w,1.0,0.8335876527721248,568,0.030278332997113466,100,16,0.16,257.6825877489543,257.6825877489543,0.0,15.046867291563888,15.046867291563888,37.89473684210527,36.0,0.3970701090829359,3.85125,3.85125,5.0,0.77025,0,0,0,0,3987.767261739134,39.87767261739134,6106.805416955612,750.8119512931091,75.3385597257463,184.6419074027774
06ac6393eee7a87a46f65b36cf9d1863821846f32cd08b7f9dd84710f2fa08a1,5,7,20311408,downlink_power_w,2.0,0.838514243727506,507,0.02743816701695323,100,18,0.18,255.28390608010906,255.28390608010906,0.0,16.280217069560926,16.280217069560926,37.89473684210527,36.0,0.4296168393356355,4.208749999999999,4.208749999999999,5.0,0.8417499999999999,0,0,0,0,3927.0449790640214,39.270449790640214,5826.095234699193,716.4191995188422,71.95748328852562,208.3018595934841
06ac6393eee7a87a46f65b36cf9d1863821846f32cd08b7f9dd84710f2fa08a1,5,7,20311408,path_loss_exponent,3.0,0.8420436510371525,956,0.05838204198516905,100,19,0.19,250.48459016515855,250.48459016515855,0.0,17.020226936359155,17.020226936359155,37.89473684210527,36.0,0.4491448774872554,4.40375,4.40375,5.0,0.8807499999999999,0,0,0,0,3896.8938981283854,38.968938981283856,5703.3464430528,496.8916416474005,49.81279225265648,223.83983879393983
06ac6393eee7a87a46f65b36cf9d1863821846f32cd08b7f9dd84710f2fa08a1,5,7,20311408,path_loss_exponent,3.5,0.8335876527721248,568,0.0305749160470441,100,16,0.16,257.6825877489543,257.6825877489543,0.0,15.046867291563888,15.046867291563888,37.89473684210527,36.0,0.3970701090829359,3.85125,3.85125,5.0,0.77025,0,0,0,0,3987.767261739134,39.87767261739134,6106.805416955612,750.8119512931091,75.3385597257463,184.6419074027774
06ac6393eee7a87a46f65b36cf9d1863821846f32cd08b7f9dd84710f2fa08a1,5,7,20311408,path_loss_exponent,3.8,0.8241933191188072,517,0.028521374915726483,100,13,0.13,265.68104574817505,265.68104574817505,0.0,12.580167735569807,12.580167735569807,37.89473684210527,36.0,0.33197664857753656,3.2012500000000004,3.2012500000000004,5.0,0.6402500000000001,0,0,0,0,4156.756668635724,41.56756668635724,6877.091979715409,837.0437880763666,83.9984396469574,144.23841467167207
06ac6393eee7a87a46f65b36cf9d1863821846f32cd08b7f9dd84710f2fa08a1,5,8,20311505,bandwidth_mhz,10.0,0.8331058683883794,469,0.02541841601487249,100,15,0.15,261.670116126067,261.670116126067,0.0,12.826837691169217,12.826837691169217,37.89473684210527,36.0,0.33848599462807655,3.315,3.315,5.0,0.663,0,0,0,0,4055.0174350518046,40.55017435051805,6409.284082508616,853.2413888254537,85.60550057445862,147.9209479615512
06ac6393eee7a87a46f65b36cf9d1863821846f32cd08b7f9dd84710f2fa08a1,5,8,20311505,bandwidth_mhz,20.0,0.8387912817477604,542,0.02945099992211908,100,18,0.18,255.5255925903038,255.5255925903038,0.0,15.293537247163297,15.293537247163297,37.89473684210527,36.0,0.4035794551334758,3.9487500000000004,3.9487500000000004,5.0,0.7897500000000001,0,0,0,0,3990.2030449831886,39.902030449831884,6124.603260216342,555.446292498723,55.73667868565643,189.1673176784155
06ac6393eee7a87a46f65b36cf9d1863821846f32cd08b7f9dd84710f2fa08a1,5,8,20311505,bandwidth_mhz,40.0,0.8445417051098505,469,0.0236862909514457,100,21,0.21,250.03580190901639,250.03580190901639,0.0,18.5002466699556,18.5002466699556,37.89473684210527,36.0,0.488200953790495,4.7612499999999995,4.7612499999999995,5.0,0.9522499999999999,0,0,0,0,3869.199017740217,38.691990177402175,5570.220254845061,484.33739886533624,48.58356405053446,258.4729697164431
06ac6393eee7a87a46f65b36cf9d1863821846f32cd08b7f9dd84710f2fa08a1,5,8,20311505,image_payload_mb,0.1,0.8323551513705484,183,0.009409083984792233,100,20,0.2,255.3281922727515,255.3281922727515,0.0,19.240256536753826,19.240256536753826,37.89473684210527,36.0,0.5077289919421148,4.9399999999999995,4.9399999999999995,5.0,0.9879999999999999,0,0,0,0,4062.0419234784094,40.620419234784094,6462.453113842945,224.24583151190993,22.65569214724523,277.85034240855197
06ac6393eee7a87a46f65b36cf9d1863821846f32cd08b7f9dd84710f2fa08a1,5,8,20311505,image_payload_mb,0.5,0.8387912817477604,542,0.028999999980442226,100,18,0.18,255.5255925903038,255.5255925903038,0.0,15.293537247163297,15.293537247163297,37.89473684210527,36.0,0.4035794551334758,3.9487500000000004,3.9487500000000004,5.0,0.7897500000000001,0,0,0,0,3990.2030449831886,39.902030449831884,6124.603260216342,555.446292498723,55.73667868565643,189.1673176784155
06ac6393eee7a87a46f65b36cf9d1863821846f32cd08b7f9dd84710f2fa08a1,5,8,20311505,image_payload_mb,1.0,0.8277876196538262,351,0.019042583997361362,100,13,0.13,263.57244135150506,263.57244135150506,0.0,10.853478046373954,10.853478046373954,37.89473684210527,36.0,0.2864112262237571,2.8275,2.8275,5.0,0.5655,0,0,0,0,4119.794413675414,41.19794413675414,6711.504918307536,848.4592175717507,84.99371596424649,120.34183438316178
06ac6393eee7a87a46f65b36cf9d1863821846f32cd08b7f9dd84710f2fa08a1,5,8,20311505,uplink_power_w,0.1,0.8387902799364436,542,0.028751499950885773,100,18,0.18,255.5195550578198,255.5195550578198,0.0,15.293537247163297,15.293537247163297,37.89473684210527,36.0,0.4035794551334758,3.9487500000000004,3.9487500000000004,5.0,0.7897500000000001,0,0,0,0,3990.2142918999252,39.90214291899925,6124.6009280181715,556.071121206309,55.60711212063093,189.1673176784155
06ac6393eee7a87a46f65b36cf9d1863821846f32cd08b7f9dd84710f2fa08a1,5,8,20311505,uplink_power_w,0.2,0.8387912817477604,542,0.0283655000384897,100,18,0.18,255.5255925903038,255.5255925903038,0.0,15.293537247163297,15.293537247163297,37.89473684210527,36.0,0.4035794551334758,3.9487500000000004,3.9487500000000004,5.0,0.7897500000000001,0,0,0,0,3990.2030449831886,39.902030449831884,6124.603260216342,555.446292498723,55.73667868565643,189.1673176784155
06ac6393eee7a87a46f65b36cf9d1863821846f32cd08b7f9dd84710f2fa08a1,5,8,20311505,uplink_power_w,0.4,0.8387918987252387,542,0.02838808298110962,100,18,0.18,255.54263843122874,255.54263843122874,0.0,15.293537247163297,15.293537247163297,37.89473684210527,36.0,0.4035794551334758,3.9487500000000004,3.9487500000000004,5.0,0.7897500000000001,0,0,0,0,3990.196035760182,39.90196035760182,6124.607370306828,555.056891220585,55.9650170459695,189.1673176784155
06ac6393eee7a87a46f65b36cf9d1863821846f32cd08b7f9dd84710f2fa08a1,5,8,20311505,downlink_power_w,0.5,0.8364029930655321,471,0.025099333026446402,100,17,0.17,257.3637367354536,257.3637367354536,0.0,14.553527380365072,14.553527380365072,37.89473684210527,36.0,0.384051416981856,3.75375,3.75375,5.0,0.75075,0,0,0,0,4013.6218882486587,40.13621888248659,6229.066302706311,625.4095099096666,62.723688606509285,175.87803412908534
06ac6393eee7a87a46f65b36cf9d1863821846f32cd08b7f9dd84710f2fa08a1,5,8,20311505,downlink_power_w,1.0,0.8387912817477604,542,0.028974750079214573,100,18,0.18,255.5255925903038,255.5255925903038,0.0,15.293537247163297,15.293537247163297,37.89473684210527,36.0,0.4035794551334758,3.9487500000000004,3.9487500000000004,5.0,0.7897500000000001,0,0,0,0,3990.2030449831886,39.902030449831884,6124.603260216342,555.446292498723,55.73667868565643,189.1673176784155
06ac6393eee7a87a46f65b36cf9d1863821846f32cd08b7f9dd84710f2fa08a1,5,8,20311505,downlink_power_w,2.0,0.8405713187733099,469,0.02507212501950562,100,19,0.19,253.71546072606188,253.71546072606188,0.0,16.526887025160338,16.526887025160338,37.89473684210527,36.0,0.43612618538617554,4.27375,4.27375,5.0,0.8547499999999999,0,0,0,0,3912.2428798744177,39.122428798744174,5761.222890790677,641.5268084936226,64.36267319354212,213.36160594940094
06ac6393eee7a87a46f65b36cf9d1863821846f32cd08b7f9dd84710f2fa08a1,5,8,20311505,path_loss_exponent,3.0,0.8447568700758334,688,0.0342055840883404,100,20,0.2,249.26956619363688,249.26956619363688,0.0,17.76023680315738,17.76023680315738,37.89473684210527,36.0,0.46867291563887525,4.59875,4.59875,5.0,0.91975,0,0,0,0,3865.0059272541375,38.65005927254138,5555.781754271805,489.7763998470932,49.0877135902267,240.51996285979575
06ac6393eee7a87a46f65b36cf9d1863821846f32cd08b7f9dd84710f2fa08a1,5,8,20311505,path_loss_exponent,3.5,0.8387912817477604,542,0.028377790935337543,100,18,0.18,255.5255925903038,255.5255925903038,0.0,15.293537247163297,15.293537247163297,37.89473684210527,36.0,0.4035794551334758,3.9487500000000004,3.9487500000000004,5.0,0.7897500000000001,0,0,0,0,3990.2030449831886,39.902030449831884,6124.603260216342,555.446292498723,55.73667868565643,189.1673176784155
06ac6393eee7a87a46f65b36cf9d1863821846f32cd08b7f9dd84710f2fa08a1,5,8,20311505,path_loss_exponent,3.8,0.8259514494904185,288,0.016234250040724874,100,16,0.16,261.2685226518124,261.2685226518124,0.0,13.56684755796744,13.56684755796744,37.89473684210527,36.0,0.3580140327796963,3.5100000000000002,3.5100000000000002,5.0,0.7020000000000001,0,0,0,0,4096.700966328951,40.96700966328951,6607.019067634821,634.3937840368177,63.69172717629246,159.41661152261617
06ac6393eee7a87a46f65b36cf9d1863821846f32cd08b7f9dd84710f2fa08a1,5,9,20311602,bandwidth_mhz,10.0,0.8299141328251151,605,0.03196562500670552,100,14,0.14,261.130957537392,261.130957537392,0.0,12.580167735569809,12.580167735569809,37.89473684210527,36.0,0.3319766485775366,3.23375,3.23375,5.0,0.64675,0,0,0,0,4046.5018197799623,40.46501819779962,6373.251970485783,891.6058553256662,89.42646327027829,144.2384146716721
06ac6393eee7a87a46f65b36cf9d1863821846f32cd08b7f9dd84710f2fa08a1,5,9,20311602,bandwidth_mhz,20.0,0.8374546694026488,408,0.021710500004701316,100,17,0.17,254.50830318524254,254.50830318524254,0.0,15.540207202762705,15.540207202762705,37.89473684210527,36.0,0.4100888011840158,3.9975,3.9975,5.0,0.7995,0,0,0,0,3947.859621680365,39.47859621680365,5930.2999352616,645.0086765282209,64.70207421175182,193.79259878737196
06ac6393eee7a87a46f65b36cf9d1863821846f32cd08b7f9dd84710f2fa08a1,5,9,20311602,bandwidth_mhz,40.0,0.840942313033932,449,0.023070041905157268,100,20,0.2,249.60886263807538,249.60886263807538,0.0,18.006906758756788,18.006906758756788,37.89473684210527,36.0,0.4751822616894152,4.63125,4.63125,5.0,0.9262499999999999,0,0,0,0,3890.240902708824,38.90240902708824,5674.476549503446,425.6892851134807,43.827475172286576,246.355850327702
06ac6393eee7a87a46f65b36cf9d1863821846f32cd08b7f9dd84710f2fa08a1,5,9,20311602,image_payload_mb,0.1,0.8396538875805154,159,0.00857399997767061,100,21,0.21,249.81367689468556,249.81367689468556,0.0,18.746916625555013,18.746916625555013,37.89473684210527,36.0,0.494710299841035,4.956250000000001,4.956250000000001,5.0,0.9912500000000002,0,0,0,0,3935.5033361233386,39.35503336123339,5886.6311306894195,283.0122347836016,30.053842353338805,264.7656758515948
06ac6393eee7a87a46f65b36cf9d1863821846f32cd08b7f9dd84710f2fa08a1,5,9,20311602,image_payload_mb,0.5,0.8374546694026488,408,0.021906749927438796,100,17,0.17,254.50830318524254,254.50830318524254,0.0,15.540207202762705,15.540207202762705,37.89473684210527,36.0,0.4100888011840158,3.9975,3.9975,5.0,0.7995,0,0,0,0,3947.859621680365,39.47859621680365,5930.2999352616,645.0086765282209,64.70207421175182,193.79259878737196
06ac6393eee7a87a46f65b36cf9d1863821846f32cd08b7f9dd84710f2fa08a1,5,9,20311602,image_payload_mb,1.0,0.8275687556516919,772,0.04013791598845273,100,13,0.13,263.1533061003704,263.1533061003704,0.0,11.840157868771584,11.840157868771584,37.89473684210527,36.0,0.31244861042591676,3.0387500000000003,3.0387500000000003,5.0,0.60775,0,0,0,0,4070.1104716283276,40.701104716283275,6477.719606328039,1013.3501716196009,101.50817908001846,133.60918440564456
06ac6393eee7a87a46f65b36cf9d1863821846f32cd08b7f9dd84710f2fa08a1,5,9,20311602,uplink_power_w,0.1,0.8374537098458379,408,0.02170700009446591,100,17,0.17,254.50420268254695,254.50420268254695,0.0,15.540207202762705,15.540207202762705,37.89473684210527,36.0,0.4100888011840158,3.9975,3.9975,5.0,0.7995,0,0,0,0,3947.8726237351784,39.478726237351786,5930.297814955579,645.7735032819522,64.57735032819524,193.79259878737196
06ac6393eee7a87a46f65b36cf9d1863821846f32cd08b7f9dd84710f2fa08a1,5,9,20311602,uplink_power_w,0.2,0.8374546694026488,408,0.022078457986935973,100,17,0.17,254.50830318524254,254.50830318524254,0.0,15.540207202762705,15.540207202762705,37.89473684210527,36.0,0.4100888011840158,3.9975,3.9975,5.0,0.7995,0,0,0,0,3947.859621680365,39.47859621680365,5930.2999352616,645.0086765282209,64.70207421175182,193.79259878737196
06ac6393eee7a87a46f65b36cf9d1863821846f32cd08b7f9dd84710f2fa08a1,5,9,20311602,uplink_power_w,0.4,0.8374552474215698,408,0.021754665998741984,100,17,0.17,254.52319613657258,254.52319613657258,0.0,15.540207202762705,15.540207202762705,37.89473684210527,36.0,0.4100888011840158,3.9975,3.9975,5.0,0.7995,0,0,0,0,3947.8518968148896,39.4785189681489,5930.303686338413,644.5542726767384,64.9227257890182,193.79259878737196
06ac6393eee7a87a46f65b36cf9d1863821846f32cd08b7f9dd84710f2fa08a1,5,9,20311602,downlink_power_w,0.5,0.8347872748658139,514,0.027941124979406595,100,16,0.16,256.63207007988245,256.63207007988245,0.0,14.306857424765663,14.306857424765663,37.89473684210527,36.0,0.3775420709313161,3.6725000000000003,3.6725000000000003,5.0,0.7345,0,0,0,0,3987.4798826141723,39.87479882614172,6110.316443622089,695.8590937499082,69.77772638057833,171.63356963585923
06ac6393eee7a87a46f65b36cf9d1863821846f32cd08b7f9dd84710f2fa08a1,5,9,20311602,downlink_power_w,1.0,0.8374546694026488,408,0.02279154199641198,100,17,0.17,254.50830318524254,254.50830318524254,0.0,15.540207202762705,15.540207202762705,37.89473684210527,36.0,0.4100888011840158,3.9975,3.9975,5.0,0.7995,0,0,0,0,3947.859621680365,39.47859621680365,5930.2999352616,645.0086765282209,64.70207421175182,193.79259878737196
06ac6393eee7a87a46f65b36cf9d1863821846f32cd08b7f9dd84710f2fa08a1,5,9,20311602,downlink_power_w,2.0,0.8401345993094205,424,0.02282254199963063,100,18,0.18,252.8144650608641,252.8144650608641,0.0,16.03354711396152,16.03354711396152,37.89473684210527,36.0,0.42310749328509567,4.16,4.16,5.0,0.8320000000000001,0,0,0,0,3910.9381786218355,39.10938178621836,5761.132507501088,626.5425161510527,62.91708339378954,203.35629617312398
06ac6393eee7a87a46f65b36cf9d1863821846f32cd08b7f9dd84710f2fa08a1,5,9,20311602,path_loss_exponent,3.0,0.8447845000661736,408,0.022515499964356422,100,20,0.2,248.72021336867255,248.72021336867255,0.0,17.76023680315738,17.76023680315738,37.89473684210527,36.0,0.46867291563887525,4.59875,4.59875,5.0,0.91975,0,0,0,0,3864.456186111034,38.64456186111034,5555.726857821122,462.2893426919189,46.3428910561009,240.51996285979575
06ac6393eee7a87a46f65b36cf9d1863821846f32cd08b7f9dd84710f2fa08a1,5,9,20311602,path_loss_exponent,3.5,0.8374546694026488,408,0.021726957987993956,100,17,0.17,254.50830318524254,254.50830318524254,0.0,15.540207202762705,15.540207202762705,37.89473684210527,36.0,0.4100888011840158,3.9975,3.9975,5.0,0.7995,0,0,0,0,3947.859621680365,39.47859621680365,5930.2999352616,645.0086765282209,64.70207421175182,193.79259878737196
06ac6393eee7a87a46f65b36cf9d1863821846f32cd08b7f9dd84710f2fa08a1,5,9,20311602,path_loss_exponent,3.8,0.8290454257483062,454,0.024704208015464246,100,15,0.15,261.39392782997106,261.39392782997106,0.0,13.320177602368032,13.320177602368032,37.89473684210527,36.0,0.35150468672915636,3.42875,3.42875,5.0,0.68575,0,0,0,0,4055.4908132966166,40.55490813296617,6412.841705697764,823.8797554660907,82.78037985098277,155.50779764168882
