config_hash,task_pool_id,wireless_index,wireless_seed,workload_capacity_fraction,memory_available_gb_config,memory_mode,quantized_objective,continuous_objective_of_quantized_strategy,k_offload,delta_q,delta_v_gb,states_created,states_pruned,pruning_rate,peak_live_states,peak_python_memory_mb,runtime_seconds,claim
06ac6393eee7a87a46f65b36cf9d1863821846f32cd08b7f9dd84710f2fa08a1,1,0,20270729,0.2,1.5,hard,235.71337173052615,235.63994601469702,5,0.1,0.1,4000,3428,0.857,69,0.03520393371582031,0.23374229192268103,quantized_global_optimum_not_continuous_global_optimum
06ac6393eee7a87a46f65b36cf9d1863821846f32cd08b7f9dd84710f2fa08a1,1,0,20270729,0.2,2.0,hard,234.89914910929355,234.66184630614543,7,0.1,0.1,6211,5283,0.8505876670423442,82,0.026041030883789062,0.24106745794415474,quantized_global_optimum_not_continuous_global_optimum
06ac6393eee7a87a46f65b36cf9d1863821846f32cd08b7f9dd84710f2fa08a1,1,0,20270729,0.2,3.0,hard,234.89914910929355,234.66184630614543,7,0.1,0.1,15623,12459,0.7974780771938809,122,0.03646278381347656,0.5400067500304431,quantized_global_optimum_not_continuous_global_optimum
06ac6393eee7a87a46f65b36cf9d1863821846f32cd08b7f9dd84710f2fa08a1,1,0,20270729,0.2,5.0,hard,234.89914910929355,234.66184630614543,7,0.1,0.1,26061,19921,0.7643989102490312,160,0.04377555847167969,1.0639393749879673,quantized_global_optimum_not_continuous_global_optimum
06ac6393eee7a87a46f65b36cf9d1863821846f32cd08b7f9dd84710f2fa08a1,1,0,20270729,0.2,13.0,hard,234.89914910929355,234.66184630614543,7,0.1,0.1,26061,19921,0.7643989102490312,160,0.03684806823730469,1.0834395420970395,quantized_global_optimum_not_continuous_global_optimum
06ac6393eee7a87a46f65b36cf9d1863821846f32cd08b7f9dd84710f2fa08a1,1,0,20270729,0.4,1.5,hard,235.22195446589222,235.20030137056858,5,0.1,0.1,4000,3428,0.857,69,0.016656875610351562,0.23391591699328274,quantized_global_optimum_not_continuous_global_optimum
06ac6393eee7a87a46f65b36cf9d1863821846f32cd08b7f9dd84710f2fa08a1,1,0,20270729,0.4,2.0,hard,233.65024012892286,233.59720666789443,7,0.1,0.1,6211,5283,0.8505876670423442,82,0.020601272583007812,0.29268287494778633,quantized_global_optimum_not_continuous_global_optimum
06ac6393eee7a87a46f65b36cf9d1863821846f32cd08b7f9dd84710f2fa08a1,1,0,20270729,0.4,3.0,hard,231.9454894560227,231.79863802436435,10,0.1,0.1,15623,12459,0.7974780771938809,122,0.029649734497070312,0.5459790410241112,quantized_global_optimum_not_continuous_global_optimum
06ac6393eee7a87a46f65b36cf9d1863821846f32cd08b7f9dd84710f2fa08a1,1,0,20270729,0.4,5.0,hard,231.82385357967573,231.63073652867334,11,0.1,0.1,41466,30491,0.7353253267737423,202,0.05243492126464844,1.5758777499431744,quantized_global_optimum_not_continuous_global_optimum
06ac6393eee7a87a46f65b36cf9d1863821846f32cd08b7f9dd84710f2fa08a1,1,0,20270729,0.4,13.0,hard,231.82385357967573,231.63073652867334,11,0.1,0.1,111193,75705,0.6808432185479302,336,0.10011100769042969,3.7296044169925153,quantized_global_optimum_not_continuous_global_optimum
06ac6393eee7a87a46f65b36cf9d1863821846f32cd08b7f9dd84710f2fa08a1,1,0,20270729,0.6,1.5,hard,235.10680181606813,235.09436412193736,5,0.1,0.1,4000,3428,0.857,69,0.016687393188476562,0.15932329196948558,quantized_global_optimum_not_continuous_global_optimum
06ac6393eee7a87a46f65b36cf9d1863821846f32cd08b7f9dd84710f2fa08a1,1,0,20270729,0.6,2.0,hard,233.4063207723207,233.37764664295528,7,0.1,0.1,6211,5283,0.8505876670423442,82,0.020631790161132812,0.2533563750330359,quantized_global_optimum_not_continuous_global_optimum
06ac6393eee7a87a46f65b36cf9d1863821846f32cd08b7f9dd84710f2fa08a1,1,0,20270729,0.6,3.0,hard,231.23312774869086,231.16530213798225,10,0.1,0.1,15623,12459,0.7974780771938809,122,0.029680252075195312,0.5232934999512509,quantized_global_optimum_not_continuous_global_optimum
06ac6393eee7a87a46f65b36cf9d1863821846f32cd08b7f9dd84710f2fa08a1,1,0,20270729,0.6,5.0,hard,230.20713178459317,230.02051763123038,15,0.1,0.1,41466,30491,0.7353253267737423,202,0.04591941833496094,1.301628291956149,quantized_global_optimum_not_continuous_global_optimum
06ac6393eee7a87a46f65b36cf9d1863821846f32cd08b7f9dd84710f2fa08a1,1,0,20270729,0.6,13.0,hard,230.20713178459317,230.02051763123038,15,0.1,0.1,237779,147851,0.6218000748594283,468,0.13364601135253906,7.1733597500715405,quantized_global_optimum_not_continuous_global_optimum
06ac6393eee7a87a46f65b36cf9d1863821846f32cd08b7f9dd84710f2fa08a1,1,0,20270729,0.8,1.5,hard,235.05540885238497,235.04671564490846,5,0.1,0.1,4000,3428,0.857,69,0.016687393188476562,0.15835416701156646,quantized_global_optimum_not_continuous_global_optimum
06ac6393eee7a87a46f65b36cf9d1863821846f32cd08b7f9dd84710f2fa08a1,1,0,20270729,0.8,2.0,hard,233.30236709553807,233.28285011014867,7,0.1,0.1,6211,5283,0.8505876670423442,82,0.020631790161132812,0.2275336249731481,quantized_global_optimum_not_continuous_global_optimum
06ac6393eee7a87a46f65b36cf9d1863821846f32cd08b7f9dd84710f2fa08a1,1,0,20270729,0.8,3.0,hard,230.96265492675485,230.91934873610754,10,0.1,0.1,15623,12459,0.7974780771938809,122,0.029771804809570312,0.5186934580560774,quantized_global_optimum_not_continuous_global_optimum
06ac6393eee7a87a46f65b36cf9d1863821846f32cd08b7f9dd84710f2fa08a1,1,0,20270729,0.8,5.0,hard,229.24037244396345,229.11709991391677,16,0.1,0.1,41466,30491,0.7353253267737423,202,0.04591941833496094,1.3419776660157368,quantized_global_optimum_not_continuous_global_optimum
06ac6393eee7a87a46f65b36cf9d1863821846f32cd08b7f9dd84710f2fa08a1,1,0,20270729,0.8,13.0,hard,229.2147627895269,229.0707335856941,17,0.1,0.1,294111,178306,0.6062541013426903,473,0.11196708679199219,8.513646874926053,quantized_global_optimum_not_continuous_global_optimum
06ac6393eee7a87a46f65b36cf9d1863821846f32cd08b7f9dd84710f2fa08a1,1,0,20270729,1.0,1.5,hard,235.02630211380608,235.0196278548035,5,0.1,0.1,4000,3428,0.857,69,0.016687393188476562,0.15377162501681596,quantized_global_optimum_not_continuous_global_optimum
06ac6393eee7a87a46f65b36cf9d1863821846f32cd08b7f9dd84710f2fa08a1,1,0,20270729,1.0,2.0,hard,233.24476526720474,233.23000247492058,7,0.1,0.1,6211,5283,0.8505876670423442,82,0.020631790161132812,0.21794324996881187,quantized_global_optimum_not_continuous_global_optimum
06ac6393eee7a87a46f65b36cf9d1863821846f32cd08b7f9dd84710f2fa08a1,1,0,20270729,1.0,3.0,hard,230.82024183507065,230.78860079314978,10,0.1,0.1,15623,12459,0.7974780771938809,122,0.029794692993164062,0.49379158404190093,quantized_global_optimum_not_continuous_global_optimum
06ac6393eee7a87a46f65b36cf9d1863821846f32cd08b7f9dd84710f2fa08a1,1,0,20270729,1.0,5.0,hard,228.75494578790347,228.67162190770446,16,0.1,0.1,41466,30491,0.7353253267737423,202,0.04591941833496094,1.2855287920683622,quantized_global_optimum_not_continuous_global_optimum
06ac6393eee7a87a46f65b36cf9d1863821846f32cd08b7f9dd84710f2fa08a1,1,0,20270729,1.0,13.0,hard,228.63791232671983,228.54203053411447,17,0.1,0.1,294111,178306,0.6062541013426903,473,0.11196708679199219,8.50035458302591,quantized_global_optimum_not_continuous_global_optimum
06ac6393eee7a87a46f65b36cf9d1863821846f32cd08b7f9dd84710f2fa08a1,1,1,20270826,0.2,1.5,hard,236.5577177222392,236.4374949409889,6,0.1,0.1,4091,3664,0.8956245416768516,55,0.016752243041992188,0.13028637506067753,quantized_global_optimum_not_continuous_global_optimum
06ac6393eee7a87a46f65b36cf9d1863821846f32cd08b7f9dd84710f2fa08a1,1,1,20270826,0.2,2.0,hard,236.09275515939245,235.8953406372226,7,0.1,0.1,5829,5108,0.8763081145994167,71,0.020265579223632812,0.18606558302417397,quantized_global_optimum_not_continuous_global_optimum
06ac6393eee7a87a46f65b36cf9d1863821846f32cd08b7f9dd84710f2fa08a1,1,1,20270826,0.2,3.0,hard,236.06871042523406,235.73909733876485,8,0.1,0.1,13055,10835,0.8299502106472616,97,0.025388717651367188,0.4095734580187127,quantized_global_optimum_not_continuous_global_optimum
06ac6393eee7a87a46f65b36cf9d1863821846f32cd08b7f9dd84710f2fa08a1,1,1,20270826,0.2,5.0,hard,236.06871042523406,235.73909733876485,8,0.1,0.1,21121,16831,0.7968846172056248,109,0.029916763305664062,0.648268915945664,quantized_global_optimum_not_continuous_global_optimum
06ac6393eee7a87a46f65b36cf9d1863821846f32cd08b7f9dd84710f2fa08a1,1,1,20270826,0.2,13.0,hard,236.06871042523406,235.73909733876485,8,0.1,0.1,21121,16831,0.7968846172056248,109,0.030527114868164062,0.6962920000078157,quantized_global_optimum_not_continuous_global_optimum
06ac6393eee7a87a46f65b36cf9d1863821846f32cd08b7f9dd84710f2fa08a1,1,1,20270826,0.4,1.5,hard,235.9450889716794,235.9099213680348,6,0.1,0.1,4091,3664,0.8956245416768516,55,0.016752243041992188,0.14033320802263916,quantized_global_optimum_not_continuous_global_optimum
06ac6393eee7a87a46f65b36cf9d1863821846f32cd08b7f9dd84710f2fa08a1,1,1,20270826,0.4,2.0,hard,234.92937104247085,234.86876137272404,8,0.1,0.1,5829,5108,0.8763081145994167,71,0.020265579223632812,0.19041604199446738,quantized_global_optimum_not_continuous_global_optimum
06ac6393eee7a87a46f65b36cf9d1863821846f32cd08b7f9dd84710f2fa08a1,1,1,20270826,0.4,3.0,hard,233.0843528114009,232.93049378749217,11,0.1,0.1,13055,10835,0.8299502106472616,97,0.025457382202148438,0.42209279199596494,quantized_global_optimum_not_continuous_global_optimum
06ac6393eee7a87a46f65b36cf9d1863821846f32cd08b7f9dd84710f2fa08a1,1,1,20270826,0.4,5.0,hard,232.74259771469733,232.51169675794569,12,0.1,0.1,33402,25552,0.7649841326866654,152,0.03809547424316406,1.138724624994211,quantized_global_optimum_not_continuous_global_optimum
06ac6393eee7a87a46f65b36cf9d1863821846f32cd08b7f9dd84710f2fa08a1,1,1,20270826,0.4,13.0,hard,232.74259771469733,232.51169675794569,12,0.1,0.1,94729,65841,0.695045867685714,291,0.06829261779785156,2.9034558749990538,quantized_global_optimum_not_continuous_global_optimum
06ac6393eee7a87a46f65b36cf9d1863821846f32cd08b7f9dd84710f2fa08a1,1,1,20270826,0.6,1.5,hard,235.80295910154956,235.7827966696773,6,0.1,0.1,4091,3664,0.8956245416768516,55,0.016782760620117188,0.13367395789828151,quantized_global_optimum_not_continuous_global_optimum
06ac6393eee7a87a46f65b36cf9d1863821846f32cd08b7f9dd84710f2fa08a1,1,1,20270826,0.6,2.0,hard,234.65060606349698,234.61783562993645,8,0.1,0.1,5829,5108,0.8763081145994167,71,0.020296096801757812,0.18339762499090284,quantized_global_optimum_not_continuous_global_optimum
06ac6393eee7a87a46f65b36cf9d1863821846f32cd08b7f9dd84710f2fa08a1,1,1,20270826,0.6,3.0,hard,232.2684777300736,232.19830675381496,11,0.1,0.1,13055,10835,0.8299502106472616,97,0.025487899780273438,0.4122730410890654,quantized_global_optimum_not_continuous_global_optimum
06ac6393eee7a87a46f65b36cf9d1863821846f32cd08b7f9dd84710f2fa08a1,1,1,20270826,0.6,5.0,hard,231.084046591122,230.90864468499575,15,0.1,0.1,33402,25552,0.7649841326866654,152,0.03810310363769531,1.019193583051674,quantized_global_optimum_not_continuous_global_optimum
06ac6393eee7a87a46f65b36cf9d1863821846f32cd08b7f9dd84710f2fa08a1,1,1,20270826,0.6,13.0,hard,231.084046591122,230.90864468499575,15,0.1,0.1,213527,134118,0.6281079207781686,402,0.10015296936035156,6.2583092919085175,quantized_global_optimum_not_continuous_global_optimum
06ac6393eee7a87a46f65b36cf9d1863821846f32cd08b7f9dd84710f2fa08a1,1,1,20270826,0.8,1.5,hard,235.73969898594262,235.72561849724264,6,0.1,0.1,4091,3664,0.8956245416768516,55,0.016782760620117188,0.13663237495347857,quantized_global_optimum_not_continuous_global_optimum
06ac6393eee7a87a46f65b36cf9d1863821846f32cd08b7f9dd84710f2fa08a1,1,1,20270826,0.8,2.0,hard,234.53180186145968,234.50949673530033,8,0.1,0.1,5829,5108,0.8763081145994167,71,0.020296096801757812,0.18607049994170666,quantized_global_optimum_not_continuous_global_optimum
06ac6393eee7a87a46f65b36cf9d1863821846f32cd08b7f9dd84710f2fa08a1,1,1,20270826,0.8,3.0,hard,231.96120010204126,231.91661224636513,11,0.1,0.1,13055,10835,0.8299502106472616,97,0.025487899780273438,0.41889612504746765,quantized_global_optimum_not_continuous_global_optimum
06ac6393eee7a87a46f65b36cf9d1863821846f32cd08b7f9dd84710f2fa08a1,1,1,20270826,0.8,5.0,hard,230.16387173253048,230.04631256184294,16,0.1,0.1,33402,25552,0.7649841326866654,152,0.03810310363769531,1.0223800420062616,quantized_global_optimum_not_continuous_global_optimum
06ac6393eee7a87a46f65b36cf9d1863821846f32cd08b7f9dd84710f2fa08a1,1,1,20270826,0.8,13.0,hard,230.16387173253048,230.04631256184294,16,0.1,0.1,269461,164135,0.6091233981912039,422,0.10312843322753906,7.446808542008512,quantized_global_optimum_not_continuous_global_optimum
06ac6393eee7a87a46f65b36cf9d1863821846f32cd08b7f9dd84710f2fa08a1,1,1,20270826,1.0,1.5,hard,235.70391837756765,235.69311314911667,6,0.1,0.1,4091,3664,0.8956245416768516,55,0.016782760620117188,0.13636025006417185,quantized_global_optimum_not_continuous_global_optimum
06ac6393eee7a87a46f65b36cf9d1863821846f32cd08b7f9dd84710f2fa08a1,1,1,20270826,1.0,2.0,hard,234.46597120050728,234.4490994378968,8,0.1,0.1,5829,5108,0.8763081145994167,71,0.020296096801757812,0.18386283400468528,quantized_global_optimum_not_continuous_global_optimum
06ac6393eee7a87a46f65b36cf9d1863821846f32cd08b7f9dd84710f2fa08a1,1,1,20270826,1.0,3.0,hard,231.7999554061431,231.76746093613937,11,0.1,0.1,13055,10835,0.8299502106472616,97,0.025487899780273438,0.41860633401665837,quantized_global_optimum_not_continuous_global_optimum
06ac6393eee7a87a46f65b36cf9d1863821846f32cd08b7f9dd84710f2fa08a1,1,1,20270826,1.0,5.0,hard,229.69112395223078,229.59898389142276,17,0.1,0.1,33402,25552,0.7649841326866654,152,0.03810310363769531,1.0226447499589995,quantized_global_optimum_not_continuous_global_optimum
06ac6393eee7a87a46f65b36cf9d1863821846f32cd08b7f9dd84710f2fa08a1,1,1,20270826,1.0,13.0,hard,229.69112395223078,229.59898389142276,17,0.1,0.1,269461,164135,0.6091233981912039,422,0.10312843322753906,7.468949707923457,quantized_global_optimum_not_continuous_global_optimum
06ac6393eee7a87a46f65b36cf9d1863821846f32cd08b7f9dd84710f2fa08a1,1,2,20270923,0.2,1.5,hard,235.10500644557044,234.99169944308008,6,0.1,0.1,3625,3049,0.841103448275862,50,0.015073776245117188,0.12525558401830494,quantized_global_optimum_not_continuous_global_optimum
06ac6393eee7a87a46f65b36cf9d1863821846f32cd08b7f9dd84710f2fa08a1,1,2,20270923,0.2,2.0,hard,234.88455507655078,234.6550175759859,7,0.1,0.1,5337,4368,0.8184373243395165,70,0.020296096801757812,0.17895062500610948,quantized_global_optimum_not_continuous_global_optimum
06ac6393eee7a87a46f65b36cf9d1863821846f32cd08b7f9dd84710f2fa08a1,1,2,20270923,0.2,3.0,hard,234.88455507655078,234.6550175759859,7,0.1,0.1,13841,10582,0.7645401343833538,126,0.03125190734863281,0.4219486250076443,quantized_global_optimum_not_continuous_global_optimum
06ac6393eee7a87a46f65b36cf9d1863821846f32cd08b7f9dd84710f2fa08a1,1,2,20270923,0.2,5.0,hard,234.88455507655078,234.6550175759859,7,0.1,0.1,24163,17458,0.7225096221495675,155,0.03806877136230469,0.7062325000297278,quantized_global_optimum_not_continuous_global_optimum
06ac6393eee7a87a46f65b36cf9d1863821846f32cd08b7f9dd84710f2fa08a1,1,2,20270923,0.2,13.0,hard,234.88455507655078,234.6550175759859,7,0.1,0.1,24163,17458,0.7225096221495675,155,0.03867912292480469,0.742926541948691,quantized_global_optimum_not_continuous_global_optimum
06ac6393eee7a87a46f65b36cf9d1863821846f32cd08b7f9dd84710f2fa08a1,1,2,20270923,0.4,1.5,hard,234.4442036727552,234.4122165525156,6,0.1,0.1,3625,3049,0.841103448275862,50,0.015073776245117188,0.1362319579347968,quantized_global_optimum_not_continuous_global_optimum
06ac6393eee7a87a46f65b36cf9d1863821846f32cd08b7f9dd84710f2fa08a1,1,2,20270923,0.4,2.0,hard,233.53947444743767,233.4905512349635,7,0.1,0.1,5337,4368,0.8184373243395165,70,0.020318984985351562,0.18703908403404057,quantized_global_optimum_not_continuous_global_optimum
06ac6393eee7a87a46f65b36cf9d1863821846f32cd08b7f9dd84710f2fa08a1,1,2,20270923,0.4,3.0,hard,232.47260950157968,232.34479566257244,10,0.1,0.1,13841,10582,0.7645401343833538,126,0.031206130981445312,0.42545150010846555,quantized_global_optimum_not_continuous_global_optimum
06ac6393eee7a87a46f65b36cf9d1863821846f32cd08b7f9dd84710f2fa08a1,1,2,20270923,0.4,5.0,hard,232.42270212197167,232.2541132781244,11,0.1,0.1,39891,27410,0.6871224085633351,225,0.05164909362792969,1.1227170419879258,quantized_global_optimum_not_continuous_global_optimum
06ac6393eee7a87a46f65b36cf9d1863821846f32cd08b7f9dd84710f2fa08a1,1,2,20270923,0.4,13.0,hard,232.42270212197167,232.2541132781244,11,0.1,0.1,114247,71883,0.6291893879051529,313,0.07289314270019531,3.1590196669567376,quantized_global_optimum_not_continuous_global_optimum
06ac6393eee7a87a46f65b36cf9d1863821846f32cd08b7f9dd84710f2fa08a1,1,2,20270923,0.6,1.5,hard,234.29400188344175,234.27581491944426,6,0.1,0.1,3625,3049,0.841103448275862,50,0.015104293823242188,0.12855712499003857,quantized_global_optimum_not_continuous_global_optimum
06ac6393eee7a87a46f65b36cf9d1863821846f32cd08b7f9dd84710f2fa08a1,1,2,20270923,0.6,2.0,hard,233.2837116890421,233.25750725116725,7,0.1,0.1,5337,4368,0.8184373243395165,70,0.020349502563476562,0.18174579099286348,quantized_global_optimum_not_continuous_global_optimum
06ac6393eee7a87a46f65b36cf9d1863821846f32cd08b7f9dd84710f2fa08a1,1,2,20270923,0.6,3.0,hard,231.7620976400623,231.69651419792694,11,0.1,0.1,13841,10582,0.7645401343833538,126,0.031236648559570312,0.44154841697309166,quantized_global_optimum_not_continuous_global_optimum
06ac6393eee7a87a46f65b36cf9d1863821846f32cd08b7f9dd84710f2fa08a1,1,2,20270923,0.6,5.0,hard,231.14468497362304,231.00655669777873,14,0.1,0.1,39891,27410,0.6871224085633351,225,0.05167961120605469,1.136842583073303,quantized_global_optimum_not_continuous_global_optimum
06ac6393eee7a87a46f65b36cf9d1863821846f32cd08b7f9dd84710f2fa08a1,1,2,20270923,0.6,13.0,hard,231.14468497362304,231.00655669777873,14,0.1,0.1,241946,143225,0.5919709356633298,406,0.10231208801269531,6.145068042096682,quantized_global_optimum_not_continuous_global_optimum
06ac6393eee7a87a46f65b36cf9d1863821846f32cd08b7f9dd84710f2fa08a1,1,2,20270923,0.8,1.5,hard,234.22751683689475,234.2148630149369,6,0.1,0.1,3625,3049,0.841103448275862,50,0.015104293823242188,0.1270316670415923,quantized_global_optimum_not_continuous_global_optimum
06ac6393eee7a87a46f65b36cf9d1863821846f32cd08b7f9dd84710f2fa08a1,1,2,20270923,0.8,2.0,hard,233.17538032734387,233.15761586830578,7,0.1,0.1,5337,4368,0.8184373243395165,70,0.020349502563476562,0.18139249994419515,quantized_global_optimum_not_continuous_global_optimum
06ac6393eee7a87a46f65b36cf9d1863821846f32cd08b7f9dd84710f2fa08a1,1,2,20270923,0.8,3.0,hard,231.44484538567832,231.4033759771803,11,0.1,0.1,13841,10582,0.7645401343833538,126,0.031188011169433594,0.4276395000051707,quantized_global_optimum_not_continuous_global_optimum
06ac6393eee7a87a46f65b36cf9d1863821846f32cd08b7f9dd84710f2fa08a1,1,2,20270923,0.8,5.0,hard,230.41871141384703,230.32338384128664,15,0.1,0.1,39891,27410,0.6871224085633351,225,0.05167961120605469,1.1185670419363305,quantized_global_optimum_not_continuous_global_optimum
06ac6393eee7a87a46f65b36cf9d1863821846f32cd08b7f9dd84710f2fa08a1,1,2,20270923,0.8,13.0,hard,230.41871141384703,230.32338384128664,15,0.1,0.1,299378,174624,0.5832893532590905,406,0.10870933532714844,7.476219792035408,quantized_global_optimum_not_continuous_global_optimum
06ac6393eee7a87a46f65b36cf9d1863821846f32cd08b7f9dd84710f2fa08a1,1,2,20270923,1.0,1.5,hard,234.19001183243142,234.18032182172527,6,0.1,0.1,3625,3049,0.841103448275862,50,0.015104293823242188,0.12944058410357684,quantized_global_optimum_not_continuous_global_optimum
06ac6393eee7a87a46f65b36cf9d1863821846f32cd08b7f9dd84710f2fa08a1,1,2,20270923,1.0,2.0,hard,233.11552389210703,233.10211666493797,7,0.1,0.1,5337,4368,0.8184373243395165,70,0.020349502563476562,0.35092179104685783,quantized_global_optimum_not_continuous_global_optimum
06ac6393eee7a87a46f65b36cf9d1863821846f32cd08b7f9dd84710f2fa08a1,1,2,20270923,1.0,3.0,hard,231.2789358883052,231.24879180646917,11,0.1,0.1,13841,10582,0.7645401343833538,126,0.031236648559570312,0.46937029098626226,quantized_global_optimum_not_continuous_global_optimum
06ac6393eee7a87a46f65b36cf9d1863821846f32cd08b7f9dd84710f2fa08a1,1,2,20270923,1.0,5.0,hard,229.94663714693945,229.85881491547156,17,0.1,0.1,39891,27410,0.6871224085633351,225,0.05163097381591797,1.162689666962251,quantized_global_optimum_not_continuous_global_optimum
06ac6393eee7a87a46f65b36cf9d1863821846f32cd08b7f9dd84710f2fa08a1,1,2,20270923,1.0,13.0,hard,229.94663714693945,229.85881491547156,17,0.1,0.1,299378,174624,0.5832893532590905,406,0.10870933532714844,7.7620994170429185,quantized_global_optimum_not_continuous_global_optimum
06ac6393eee7a87a46f65b36cf9d1863821846f32cd08b7f9dd84710f2fa08a1,1,3,20271020,0.2,1.5,hard,235.96571904872297,235.85241204623262,6,0.1,0.1,4119,3356,0.8147608642874484,63,0.018041610717773438,0.1680752079701051,quantized_global_optimum_not_continuous_global_optimum
06ac6393eee7a87a46f65b36cf9d1863821846f32cd08b7f9dd84710f2fa08a1,1,3,20271020,0.2,2.0,hard,235.23026720659004,235.00072970602517,7,0.1,0.1,6681,5368,0.8034725340517886,93,0.025331497192382812,0.24115320900455117,quantized_global_optimum_not_continuous_global_optimum
06ac6393eee7a87a46f65b36cf9d1863821846f32cd08b7f9dd84710f2fa08a1,1,3,20271020,0.2,3.0,hard,235.23026720659004,235.00072970602517,7,0.1,0.1,17050,12927,0.7581818181818182,157,0.03834342956542969,0.5696267079329118,quantized_global_optimum_not_continuous_global_optimum
06ac6393eee7a87a46f65b36cf9d1863821846f32cd08b7f9dd84710f2fa08a1,1,3,20271020,0.2,5.0,hard,235.23026720659004,235.00072970602517,7,0.1,0.1,29036,21143,0.7281650365064058,186,0.04285240173339844,0.9781236669514328,quantized_global_optimum_not_continuous_global_optimum
06ac6393eee7a87a46f65b36cf9d1863821846f32cd08b7f9dd84710f2fa08a1,1,3,20271020,0.2,13.0,hard,235.23026720659004,235.00072970602517,7,0.1,0.1,29036,21143,0.7281650365064058,186,0.04341411590576172,1.1512977920938283,quantized_global_optimum_not_continuous_global_optimum
06ac6393eee7a87a46f65b36cf9d1863821846f32cd08b7f9dd84710f2fa08a1,1,3,20271020,0.4,1.5,hard,235.25764417484004,235.22898744110586,6,0.1,0.1,4119,3356,0.8147608642874484,63,0.017995834350585938,0.18925329099874943,quantized_global_optimum_not_continuous_global_optimum
06ac6393eee7a87a46f65b36cf9d1863821846f32cd08b7f9dd84710f2fa08a1,1,3,20271020,0.4,2.0,hard,233.88518657747693,233.83626336500276,7,0.1,0.1,6681,5368,0.8034725340517886,93,0.025262832641601562,0.26124254206661135,quantized_global_optimum_not_continuous_global_optimum
06ac6393eee7a87a46f65b36cf9d1863821846f32cd08b7f9dd84710f2fa08a1,1,3,20271020,0.4,3.0,hard,232.41550673444206,232.29489940563022,10,0.1,0.1,17050,12927,0.7581818181818182,157,0.03827476501464844,0.6087388749001548,quantized_global_optimum_not_continuous_global_optimum
06ac6393eee7a87a46f65b36cf9d1863821846f32cd08b7f9dd84710f2fa08a1,1,3,20271020,0.4,5.0,hard,232.20503324747423,231.99300116789215,12,0.1,0.1,47990,33452,0.6970618878933111,266,0.05492591857910156,1.6566320830024779,quantized_global_optimum_not_continuous_global_optimum
06ac6393eee7a87a46f65b36cf9d1863821846f32cd08b7f9dd84710f2fa08a1,1,3,20271020,0.4,13.0,hard,232.20503324747423,231.99300116789215,12,0.1,0.1,131588,84492,0.6420950238623583,388,0.07937812805175781,4.113699666922912,quantized_global_optimum_not_continuous_global_optimum
06ac6393eee7a87a46f65b36cf9d1863821846f32cd08b7f9dd84710f2fa08a1,1,3,20271020,0.6,1.5,hard,235.099125168782,235.0829692455908,6,0.1,0.1,4119,3356,0.8147608642874484,63,0.018026351928710938,0.17296166601590812,quantized_global_optimum_not_continuous_global_optimum
06ac6393eee7a87a46f65b36cf9d1863821846f32cd08b7f9dd84710f2fa08a1,1,3,20271020,0.6,2.0,hard,233.62942381908135,233.60321938120651,7,0.1,0.1,6681,5368,0.8034725340517886,93,0.025293350219726562,0.2595195419853553,quantized_global_optimum_not_continuous_global_optimum
06ac6393eee7a87a46f65b36cf9d1863821846f32cd08b7f9dd84710f2fa08a1,1,3,20271020,0.6,3.0,hard,231.69961919144603,231.64795905528848,10,0.1,0.1,17050,12927,0.7581818181818182,157,0.03828239440917969,0.5991998329991475,quantized_global_optimum_not_continuous_global_optimum
06ac6393eee7a87a46f65b36cf9d1863821846f32cd08b7f9dd84710f2fa08a1,1,3,20271020,0.6,5.0,hard,230.8217710772304,230.69058444789286,14,0.1,0.1,47990,33452,0.6970618878933111,266,0.05495643615722656,1.490977041888982,quantized_global_optimum_not_continuous_global_optimum
06ac6393eee7a87a46f65b36cf9d1863821846f32cd08b7f9dd84710f2fa08a1,1,3,20271020,0.6,13.0,hard,230.8217710772304,230.69058444789286,14,0.1,0.1,281132,164550,0.5853122376677148,510,0.1295795440673828,7.731570708099753,quantized_global_optimum_not_continuous_global_optimum
06ac6393eee7a87a46f65b36cf9d1863821846f32cd08b7f9dd84710f2fa08a1,1,3,20271020,0.8,1.5,hard,235.0293501829104,235.01815165281198,6,0.1,0.1,4119,3356,0.8147608642874484,63,0.018026351928710938,0.16832324990537018,quantized_global_optimum_not_continuous_global_optimum
06ac6393eee7a87a46f65b36cf9d1863821846f32cd08b7f9dd84710f2fa08a1,1,3,20271020,0.8,2.0,hard,233.52109245738313,233.50332799834504,7,0.1,0.1,6681,5368,0.8034725340517886,93,0.025244712829589844,0.25035474996548146,quantized_global_optimum_not_continuous_global_optimum
06ac6393eee7a87a46f65b36cf9d1863821846f32cd08b7f9dd84710f2fa08a1,1,3,20271020,0.8,3.0,hard,231.42473547449208,231.391873139425,10,0.1,0.1,17050,12927,0.7581818181818182,157,0.03830528259277344,0.5846896250732243,quantized_global_optimum_not_continuous_global_optimum
06ac6393eee7a87a46f65b36cf9d1863821846f32cd08b7f9dd84710f2fa08a1,1,3,20271020,0.8,5.0,hard,230.08203337243967,229.9917337038066,15,0.1,0.1,47990,33452,0.6970618878933111,266,0.054907798767089844,1.5026273329276592,quantized_global_optimum_not_continuous_global_optimum
06ac6393eee7a87a46f65b36cf9d1863821846f32cd08b7f9dd84710f2fa08a1,1,3,20271020,0.8,13.0,hard,230.08203337243967,229.9917337038066,15,0.1,0.1,351357,199963,0.5691163118992933,513,0.1407947540283203,9.642747625010088,quantized_global_optimum_not_continuous_global_optimum
06ac6393eee7a87a46f65b36cf9d1863821846f32cd08b7f9dd84710f2fa08a1,1,3,20271020,1.0,1.5,hard,234.9900946003725,234.98153720007264,6,0.1,0.1,4119,3356,0.8147608642874484,63,0.01797771453857422,0.17371170804835856,quantized_global_optimum_not_continuous_global_optimum
06ac6393eee7a87a46f65b36cf9d1863821846f32cd08b7f9dd84710f2fa08a1,1,3,20271020,1.0,2.0,hard,233.4612360221463,233.44782879497723,7,0.1,0.1,6681,5368,0.8034725340517886,93,0.025293350219726562,0.24301541701424867,quantized_global_optimum_not_continuous_global_optimum
06ac6393eee7a87a46f65b36cf9d1863821846f32cd08b7f9dd84710f2fa08a1,1,3,20271020,1.0,3.0,hard,231.28024427076858,231.25628103921977,10,0.1,0.1,17050,12927,0.7581818181818182,157,0.03830528259277344,0.5650643750559539,quantized_global_optimum_not_continuous_global_optimum
06ac6393eee7a87a46f65b36cf9d1863821846f32cd08b7f9dd84710f2fa08a1,1,3,20271020,1.0,5.0,hard,229.67582941747088,229.5997255840793,16,0.1,0.1,47990,33452,0.6970618878933111,266,0.05495643615722656,1.5150541660841554,quantized_global_optimum_not_continuous_global_optimum
06ac6393eee7a87a46f65b36cf9d1863821846f32cd08b7f9dd84710f2fa08a1,1,3,20271020,1.0,13.0,hard,229.67582941747088,229.5997255840793,16,0.1,0.1,351357,199963,0.5691163118992933,513,0.1407947540283203,9.868980707949959,quantized_global_optimum_not_continuous_global_optimum
06ac6393eee7a87a46f65b36cf9d1863821846f32cd08b7f9dd84710f2fa08a1,1,4,20271117,0.2,1.5,hard,235.9187720753737,235.80546507288332,6,0.1,0.1,3497,3001,0.8581641406920217,40,0.013502120971679688,0.13145058299414814,quantized_global_optimum_not_continuous_global_optimum
06ac6393eee7a87a46f65b36cf9d1863821846f32cd08b7f9dd84710f2fa08a1,1,4,20271117,0.2,2.0,hard,235.57824245003093,235.38900165440714,7,0.1,0.1,5064,4210,0.8313586097946287,58,0.018434524536132812,0.1844692500308156,quantized_global_optimum_not_continuous_global_optimum
06ac6393eee7a87a46f65b36cf9d1863821846f32cd08b7f9dd84710f2fa08a1,1,4,20271117,0.2,3.0,hard,235.57824245003093,235.38900165440714,7,0.1,0.1,12618,9691,0.7680297987002694,94,0.025945663452148438,0.4309949999442324,quantized_global_optimum_not_continuous_global_optimum
06ac6393eee7a87a46f65b36cf9d1863821846f32cd08b7f9dd84710f2fa08a1,1,4,20271117,0.2,5.0,hard,235.57824245003093,235.38900165440714,7,0.1,0.1,21690,16023,0.7387275242047027,112,0.030046463012695312,0.6850614169379696,quantized_global_optimum_not_continuous_global_optimum
06ac6393eee7a87a46f65b36cf9d1863821846f32cd08b7f9dd84710f2fa08a1,1,4,20271117,0.2,13.0,hard,235.57824245003093,235.38900165440714,7,0.1,0.1,21690,16023,0.7387275242047027,112,0.030656814575195312,0.7209268329897895,quantized_global_optimum_not_continuous_global_optimum
06ac6393eee7a87a46f65b36cf9d1863821846f32cd08b7f9dd84710f2fa08a1,1,4,20271117,0.4,1.5,hard,235.25796930255848,235.22598218231883,6,0.1,0.1,3497,3001,0.8581641406920217,40,0.013502120971679688,0.12768779194448143,quantized_global_optimum_not_continuous_global_optimum
06ac6393eee7a87a46f65b36cf9d1863821846f32cd08b7f9dd84710f2fa08a1,1,4,20271117,0.4,2.0,hard,234.33622416830028,234.27018613173237,8,0.1,0.1,5064,4210,0.8313586097946287,58,0.018434524536132812,0.18646887503564358,quantized_global_optimum_not_continuous_global_optimum
06ac6393eee7a87a46f65b36cf9d1863821846f32cd08b7f9dd84710f2fa08a1,1,4,20271117,0.4,3.0,hard,232.99083365456136,232.84516578402796,11,0.1,0.1,12618,9691,0.7680297987002694,94,0.026037216186523438,0.41176662500947714,quantized_global_optimum_not_continuous_global_optimum
06ac6393eee7a87a46f65b36cf9d1863821846f32cd08b7f9dd84710f2fa08a1,1,4,20271117,0.4,5.0,hard,232.99083365456136,232.84516578402796,11,0.1,0.1,36223,25783,0.7117853297628578,148,0.03980445861816406,1.0832886249991134,quantized_global_optimum_not_continuous_global_optimum
06ac6393eee7a87a46f65b36cf9d1863821846f32cd08b7f9dd84710f2fa08a1,1,4,20271117,0.4,13.0,hard,232.99083365456136,232.84516578402796,11,0.1,0.1,104884,68469,0.6528069104915907,260,0.06704902648925781,3.026820291997865,quantized_global_optimum_not_continuous_global_optimum
06ac6393eee7a87a46f65b36cf9d1863821846f32cd08b7f9dd84710f2fa08a1,1,4,20271117,0.6,1.5,hard,235.10776751324502,235.0895805492475,6,0.1,0.1,3497,3001,0.8581641406920217,40,0.013532638549804688,0.12735558301210403,quantized_global_optimum_not_continuous_global_optimum
06ac6393eee7a87a46f65b36cf9d1863821846f32cd08b7f9dd84710f2fa08a1,1,4,20271117,0.6,2.0,hard,234.0228051815116,233.98784872085324,8,0.1,0.1,5064,4210,0.8313586097946287,58,0.018465042114257812,0.183283583028242,quantized_global_optimum_not_continuous_global_optimum
06ac6393eee7a87a46f65b36cf9d1863821846f32cd08b7f9dd84710f2fa08a1,1,4,20271117,0.6,3.0,hard,232.14150214754176,232.07591870540637,11,0.1,0.1,12618,9691,0.7680297987002694,94,0.026044845581054688,0.41308066702913493,quantized_global_optimum_not_continuous_global_optimum
06ac6393eee7a87a46f65b36cf9d1863821846f32cd08b7f9dd84710f2fa08a1,1,4,20271117,0.6,5.0,hard,231.75158290545323,231.62861598806515,14,0.1,0.1,36223,25783,0.7117853297628578,148,0.03983497619628906,1.1380414589075372,quantized_global_optimum_not_continuous_global_optimum
06ac6393eee7a87a46f65b36cf9d1863821846f32cd08b7f9dd84710f2fa08a1,1,4,20271117,0.6,13.0,hard,231.75158290545323,231.62861598806515,14,0.1,0.1,230090,139676,0.6070494154461298,358,0.09328651428222656,6.1018487920518965,quantized_global_optimum_not_continuous_global_optimum
06ac6393eee7a87a46f65b36cf9d1863821846f32cd08b7f9dd84710f2fa08a1,1,4,20271117,0.8,1.5,hard,235.04128246669802,235.02862864474014,6,0.1,0.1,3497,3001,0.8581641406920217,40,0.013484001159667969,0.14029833395034075,quantized_global_optimum_not_continuous_global_optimum
06ac6393eee7a87a46f65b36cf9d1863821846f32cd08b7f9dd84710f2fa08a1,1,4,20271117,0.8,2.0,hard,233.89129806129918,233.86771875397926,8,0.1,0.1,5064,4210,0.8313586097946287,58,0.018465042114257812,0.18520783400163054,quantized_global_optimum_not_continuous_global_optimum
06ac6393eee7a87a46f65b36cf9d1863821846f32cd08b7f9dd84710f2fa08a1,1,4,20271117,0.8,3.0,hard,231.82424989315777,231.78278048465972,11,0.1,0.1,12618,9691,0.7680297987002694,94,0.026044845581054688,0.41914366697892547,quantized_global_optimum_not_continuous_global_optimum
06ac6393eee7a87a46f65b36cf9d1863821846f32cd08b7f9dd84710f2fa08a1,1,4,20271117,0.8,5.0,hard,231.1184715721978,231.04614738157719,14,0.1,0.1,36223,25783,0.7117853297628578,148,0.03983497619628906,1.098712999955751,quantized_global_optimum_not_continuous_global_optimum
06ac6393eee7a87a46f65b36cf9d1863821846f32cd08b7f9dd84710f2fa08a1,1,4,20271117,0.8,13.0,hard,231.1184715721978,231.04614738157719,14,0.1,0.1,286761,170587,0.5948751747971307,386,0.10142707824707031,7.638781417044811,quantized_global_optimum_not_continuous_global_optimum
06ac6393eee7a87a46f65b36cf9d1863821846f32cd08b7f9dd84710f2fa08a1,1,4,20271117,1.0,1.5,hard,235.0037774622347,234.99408745152851,6,0.1,0.1,3497,3001,0.8581641406920217,40,0.013532638549804688,0.1360087499488145,quantized_global_optimum_not_continuous_global_optimum
06ac6393eee7a87a46f65b36cf9d1863821846f32cd08b7f9dd84710f2fa08a1,1,4,20271117,1.0,2.0,hard,233.81895065777087,233.8012040031942,8,0.1,0.1,5064,4210,0.8313586097946287,58,0.018465042114257812,0.19545883301179856,quantized_global_optimum_not_continuous_global_optimum
06ac6393eee7a87a46f65b36cf9d1863821846f32cd08b7f9dd84710f2fa08a1,1,4,20271117,1.0,3.0,hard,231.65834039578465,231.6281963139486,11,0.1,0.1,12618,9691,0.7680297987002694,94,0.026044845581054688,0.428981666918844,quantized_global_optimum_not_continuous_global_optimum
06ac6393eee7a87a46f65b36cf9d1863821846f32cd08b7f9dd84710f2fa08a1,1,4,20271117,1.0,5.0,hard,230.7601729747543,230.7008541717921,15,0.1,0.1,36223,25783,0.7117853297628578,148,0.03981208801269531,1.1397826250176877,quantized_global_optimum_not_continuous_global_optimum
06ac6393eee7a87a46f65b36cf9d1863821846f32cd08b7f9dd84710f2fa08a1,1,4,20271117,1.0,13.0,hard,230.7601729747543,230.7008541717921,15,0.1,0.1,286761,170587,0.5948751747971307,386,0.10142707824707031,7.709924167022109,quantized_global_optimum_not_continuous_global_optimum
06ac6393eee7a87a46f65b36cf9d1863821846f32cd08b7f9dd84710f2fa08a1,1,5,20271214,0.2,1.5,hard,235.43009385953417,235.3751160719221,5,0.1,0.1,4006,3371,0.8414877683474787,63,0.017790794372558594,0.15463141608051956,quantized_global_optimum_not_continuous_global_optimum
06ac6393eee7a87a46f65b36cf9d1863821846f32cd08b7f9dd84710f2fa08a1,1,5,20271214,0.2,2.0,hard,234.73311359813113,234.54387280250737,7,0.1,0.1,6151,5057,0.8221427410177207,85,0.023313522338867188,0.21061754203401506,quantized_global_optimum_not_continuous_global_optimum
06ac6393eee7a87a46f65b36cf9d1863821846f32cd08b7f9dd84710f2fa08a1,1,5,20271214,0.2,3.0,hard,234.73311359813113,234.54387280250737,7,0.1,0.1,15732,12211,0.7761886600559369,116,0.029996871948242188,0.5141021250747144,quantized_global_optimum_not_continuous_global_optimum
06ac6393eee7a87a46f65b36cf9d1863821846f32cd08b7f9dd84710f2fa08a1,1,5,20271214,0.2,5.0,hard,234.73311359813113,234.54387280250737,7,0.1,0.1,26527,19971,0.7528555811060429,136,0.03581428527832031,0.8153444590279832,quantized_global_optimum_not_continuous_global_optimum
06ac6393eee7a87a46f65b36cf9d1863821846f32cd08b7f9dd84710f2fa08a1,1,5,20271214,0.2,13.0,hard,234.73311359813113,234.54387280250737,7,0.1,0.1,26527,19971,0.7528555811060429,136,0.03642463684082031,0.8933780420338735,quantized_global_optimum_not_continuous_global_optimum
06ac6393eee7a87a46f65b36cf9d1863821846f32cd08b7f9dd84710f2fa08a1,1,5,20271214,0.4,1.5,hard,234.99133949561067,234.95935237537105,6,0.1,0.1,4006,3371,0.8414877683474787,63,0.017839431762695312,0.1515566250309348,quantized_global_optimum_not_continuous_global_optimum
06ac6393eee7a87a46f65b36cf9d1863821846f32cd08b7f9dd84710f2fa08a1,1,5,20271214,0.4,2.0,hard,233.61528573946418,233.57057300428644,7,0.1,0.1,6151,5057,0.8221427410177207,85,0.02326488494873047,0.2257555000251159,quantized_global_optimum_not_continuous_global_optimum
06ac6393eee7a87a46f65b36cf9d1863821846f32cd08b7f9dd84710f2fa08a1,1,5,20271214,0.4,3.0,hard,232.2601312139808,232.15017563875654,10,0.1,0.1,15732,12211,0.7761886600559369,116,0.029973983764648438,0.5068294580560178,quantized_global_optimum_not_continuous_global_optimum
06ac6393eee7a87a46f65b36cf9d1863821846f32cd08b7f9dd84710f2fa08a1,1,5,20271214,0.4,5.0,hard,232.10331842836936,231.95765055783602,11,0.1,0.1,42327,30909,0.7302431072365158,197,0.04769325256347656,1.2689950830535963,quantized_global_optimum_not_continuous_global_optimum
06ac6393eee7a87a46f65b36cf9d1863821846f32cd08b7f9dd84710f2fa08a1,1,5,20271214,0.4,13.0,hard,232.10331842836936,231.95765055783602,11,0.1,0.1,117749,79027,0.6711479503010641,302,0.07514381408691406,3.444255166919902,quantized_global_optimum_not_continuous_global_optimum
06ac6393eee7a87a46f65b36cf9d1863821846f32cd08b7f9dd84710f2fa08a1,1,5,20271214,0.6,1.5,hard,234.84113770629722,234.82295074229972,6,0.1,0.1,4006,3371,0.8414877683474787,63,0.017869949340820312,0.15105166600551456,quantized_global_optimum_not_continuous_global_optimum
06ac6393eee7a87a46f65b36cf9d1863821846f32cd08b7f9dd84710f2fa08a1,1,5,20271214,0.6,2.0,hard,233.3884531849489,233.36400268382272,7,0.1,0.1,6151,5057,0.8221427410177207,85,0.023344039916992188,0.21743175003211945,quantized_global_optimum_not_continuous_global_optimum
06ac6393eee7a87a46f65b36cf9d1863821846f32cd08b7f9dd84710f2fa08a1,1,5,20271214,0.6,3.0,hard,231.62982396443778,231.57749460190246,10,0.1,0.1,15732,12211,0.7761886600559369,116,0.030004501342773438,0.5008238330483437,quantized_global_optimum_not_continuous_global_optimum
06ac6393eee7a87a46f65b36cf9d1863821846f32cd08b7f9dd84710f2fa08a1,1,5,20271214,0.6,5.0,hard,230.79160746537207,230.668640547984,14,0.1,0.1,42327,30909,0.7302431072365158,197,0.04772377014160156,1.2124135829508305,quantized_global_optimum_not_continuous_global_optimum
06ac6393eee7a87a46f65b36cf9d1863821846f32cd08b7f9dd84710f2fa08a1,1,5,20271214,0.6,13.0,hard,230.79160746537207,230.668640547984,14,0.1,0.1,256050,159559,0.6231556336652997,426,0.10876655578613281,6.706672125030309,quantized_global_optimum_not_continuous_global_optimum
06ac6393eee7a87a46f65b36cf9d1863821846f32cd08b7f9dd84710f2fa08a1,1,5,20271214,0.8,1.5,hard,234.77465265975022,234.76199883779236,6,0.1,0.1,4006,3371,0.8414877683474787,63,0.017869949340820312,0.14625500002875924,quantized_global_optimum_not_continuous_global_optimum
06ac6393eee7a87a46f65b36cf9d1863821846f32cd08b7f9dd84710f2fa08a1,1,5,20271214,0.8,2.0,hard,233.290900642506,233.2741771809599,7,0.1,0.1,6151,5057,0.8221427410177207,85,0.023344039916992188,0.2101850830949843,quantized_global_optimum_not_continuous_global_optimum
06ac6393eee7a87a46f65b36cf9d1863821846f32cd08b7f9dd84710f2fa08a1,1,5,20271214,0.8,3.0,hard,231.38482934833928,231.35102719261093,10,0.1,0.1,15732,12211,0.7761886600559369,116,0.030004501342773438,0.48066291701979935,quantized_global_optimum_not_continuous_global_optimum
06ac6393eee7a87a46f65b36cf9d1863821846f32cd08b7f9dd84710f2fa08a1,1,5,20271214,0.8,5.0,hard,230.0520221583419,229.9507039609588,16,0.1,0.1,42327,30909,0.7302431072365158,197,0.04772377014160156,1.1791292920242995,quantized_global_optimum_not_continuous_global_optimum
06ac6393eee7a87a46f65b36cf9d1863821846f32cd08b7f9dd84710f2fa08a1,1,5,20271214,0.8,13.0,hard,230.0520221583419,229.9507039609588,16,0.1,0.1,319731,195110,0.6102317260447063,447,0.11479377746582031,8.188882249989547,quantized_global_optimum_not_continuous_global_optimum
06ac6393eee7a87a46f65b36cf9d1863821846f32cd08b7f9dd84710f2fa08a1,1,5,20271214,1.0,1.5,hard,234.7371476552869,234.72745764458074,6,0.1,0.1,4006,3371,0.8414877683474787,63,0.017869949340820312,0.1473072909284383,quantized_global_optimum_not_continuous_global_optimum
06ac6393eee7a87a46f65b36cf9d1863821846f32cd08b7f9dd84710f2fa08a1,1,5,20271214,1.0,2.0,hard,233.2366166459627,233.22393254139064,7,0.1,0.1,6151,5057,0.8221427410177207,85,0.023321151733398438,0.20520416693761945,quantized_global_optimum_not_continuous_global_optimum
06ac6393eee7a87a46f65b36cf9d1863821846f32cd08b7f9dd84710f2fa08a1,1,5,20271214,1.0,3.0,hard,231.23401637189784,231.2015219018941,11,0.1,0.1,15732,12211,0.7761886600559369,116,0.029981613159179688,0.4779967919457704,quantized_global_optimum_not_continuous_global_optimum
06ac6393eee7a87a46f65b36cf9d1863821846f32cd08b7f9dd84710f2fa08a1,1,5,20271214,1.0,5.0,hard,229.57048163457026,229.49054060054428,17,0.1,0.1,42327,30909,0.7302431072365158,197,0.04772377014160156,1.1775706249754876,quantized_global_optimum_not_continuous_global_optimum
06ac6393eee7a87a46f65b36cf9d1863821846f32cd08b7f9dd84710f2fa08a1,1,5,20271214,1.0,13.0,hard,229.57048163457026,229.49054060054428,17,0.1,0.1,319731,195110,0.6102317260447063,447,0.11479377746582031,8.18036483391188,quantized_global_optimum_not_continuous_global_optimum
06ac6393eee7a87a46f65b36cf9d1863821846f32cd08b7f9dd84710f2fa08a1,1,6,20271311,0.2,1.5,hard,236.61149388949266,236.53173006624607,5,0.1,0.1,4166,3700,0.8881421027364378,57,0.016759872436523438,0.16689233295619488,quantized_global_optimum_not_continuous_global_optimum
06ac6393eee7a87a46f65b36cf9d1863821846f32cd08b7f9dd84710f2fa08a1,1,6,20271311,0.2,2.0,hard,236.05682501019544,235.8195222070473,7,0.1,0.1,6368,5551,0.8717022613065326,76,0.020547866821289062,0.22132366697769612,quantized_global_optimum_not_continuous_global_optimum
06ac6393eee7a87a46f65b36cf9d1863821846f32cd08b7f9dd84710f2fa08a1,1,6,20271311,0.2,3.0,hard,236.05682501019544,235.8195222070473,7,0.1,0.1,16523,13232,0.800823095079586,152,0.03680610656738281,0.5327825000276789,quantized_global_optimum_not_continuous_global_optimum
06ac6393eee7a87a46f65b36cf9d1863821846f32cd08b7f9dd84710f2fa08a1,1,6,20271311,0.2,5.0,hard,236.05682501019544,235.8195222070473,7,0.1,0.1,28814,21564,0.7483862011522177,185,0.04196357727050781,0.9132442920235917,quantized_global_optimum_not_continuous_global_optimum
06ac6393eee7a87a46f65b36cf9d1863821846f32cd08b7f9dd84710f2fa08a1,1,6,20271311,0.2,13.0,hard,236.05682501019544,235.8195222070473,7,0.1,0.1,28814,21564,0.7483862011522177,185,0.04257392883300781,0.9643322080373764,quantized_global_optimum_not_continuous_global_optimum
06ac6393eee7a87a46f65b36cf9d1863821846f32cd08b7f9dd84710f2fa08a1,1,6,20271311,0.4,1.5,hard,236.1564890141978,236.13215584317325,5,0.1,0.1,4166,3700,0.8881421027364378,57,0.016759872436523438,0.1580409590387717,quantized_global_optimum_not_continuous_global_optimum
06ac6393eee7a87a46f65b36cf9d1863821846f32cd08b7f9dd84710f2fa08a1,1,6,20271311,0.4,2.0,hard,234.80791602982475,234.7548825687963,7,0.1,0.1,6368,5551,0.8717022613065326,76,0.02050304412841797,0.224318458000198,quantized_global_optimum_not_continuous_global_optimum
06ac6393eee7a87a46f65b36cf9d1863821846f32cd08b7f9dd84710f2fa08a1,1,6,20271311,0.4,3.0,hard,233.40900482730575,233.2621533956474,10,0.1,0.1,16523,13232,0.800823095079586,152,0.03685188293457031,0.5388310420094058,quantized_global_optimum_not_continuous_global_optimum
06ac6393eee7a87a46f65b36cf9d1863821846f32cd08b7f9dd84710f2fa08a1,1,6,20271311,0.4,5.0,hard,233.32248969092717,233.15390084707994,11,0.1,0.1,48571,34075,0.7015503077968335,265,0.05887794494628906,1.4306912920437753,quantized_global_optimum_not_continuous_global_optimum
06ac6393eee7a87a46f65b36cf9d1863821846f32cd08b7f9dd84710f2fa08a1,1,6,20271311,0.4,13.0,hard,233.32248969092717,233.15390084707994,11,0.1,0.1,147247,91128,0.6188784830930342,447,0.09779930114746094,3.968712624977343,quantized_global_optimum_not_continuous_global_optimum
06ac6393eee7a87a46f65b36cf9d1863821846f32cd08b7f9dd84710f2fa08a1,1,6,20271311,0.6,1.5,hard,236.04776975828065,236.03367824544293,5,0.1,0.1,4166,3700,0.8881421027364378,57,0.016790390014648438,0.16570612497162074,quantized_global_optimum_not_continuous_global_optimum
06ac6393eee7a87a46f65b36cf9d1863821846f32cd08b7f9dd84710f2fa08a1,1,6,20271311,0.6,2.0,hard,234.5639966732226,234.53532254385715,7,0.1,0.1,6368,5551,0.8717022613065326,76,0.020582199096679688,0.2274299580603838,quantized_global_optimum_not_continuous_global_optimum
06ac6393eee7a87a46f65b36cf9d1863821846f32cd08b7f9dd84710f2fa08a1,1,6,20271311,0.6,3.0,hard,232.6966431199739,232.6288175092653,10,0.1,0.1,16523,13232,0.800823095079586,152,0.03683662414550781,0.5357780829071999,quantized_global_optimum_not_continuous_global_optimum
06ac6393eee7a87a46f65b36cf9d1863821846f32cd08b7f9dd84710f2fa08a1,1,6,20271311,0.6,5.0,hard,231.8467159522694,231.70858767642514,14,0.1,0.1,48571,34075,0.7015503077968335,265,0.05735206604003906,1.4326973329298198,quantized_global_optimum_not_continuous_global_optimum
06ac6393eee7a87a46f65b36cf9d1863821846f32cd08b7f9dd84710f2fa08a1,1,6,20271311,0.6,13.0,hard,231.8467159522694,231.70858767642514,14,0.1,0.1,308138,177648,0.5765209094626433,518,0.11681556701660156,7.81695054192096,quantized_global_optimum_not_continuous_global_optimum
06ac6393eee7a87a46f65b36cf9d1863821846f32cd08b7f9dd84710f2fa08a1,1,6,20271311,0.8,1.5,hard,235.9989853166971,235.98910004361414,5,0.1,0.1,4166,3700,0.8881421027364378,57,0.016790390014648438,0.16204891598317772,quantized_global_optimum_not_continuous_global_optimum
06ac6393eee7a87a46f65b36cf9d1863821846f32cd08b7f9dd84710f2fa08a1,1,6,20271311,0.8,2.0,hard,234.46004299643997,234.44052601105054,7,0.1,0.1,6368,5551,0.8717022613065326,76,0.020582199096679688,0.23054033296648413,quantized_global_optimum_not_continuous_global_optimum
06ac6393eee7a87a46f65b36cf9d1863821846f32cd08b7f9dd84710f2fa08a1,1,6,20271311,0.8,3.0,hard,232.4261702980379,232.3828641073906,10,0.1,0.1,16523,13232,0.800823095079586,152,0.03683662414550781,0.5384897500043735,quantized_global_optimum_not_continuous_global_optimum
06ac6393eee7a87a46f65b36cf9d1863821846f32cd08b7f9dd84710f2fa08a1,1,6,20271311,0.8,5.0,hard,231.02851517998278,230.916381889289,16,0.1,0.1,48571,34075,0.7015503077968335,265,0.05735206604003906,1.4083237909944728,quantized_global_optimum_not_continuous_global_optimum
06ac6393eee7a87a46f65b36cf9d1863821846f32cd08b7f9dd84710f2fa08a1,1,6,20271311,0.8,13.0,hard,231.02851517998278,230.916381889289,16,0.1,0.1,376115,212963,0.5662177791367002,518,0.12267112731933594,9.197604625020176,quantized_global_optimum_not_continuous_global_optimum
06ac6393eee7a87a46f65b36cf9d1863821846f32cd08b7f9dd84710f2fa08a1,1,6,20271311,1.0,1.5,hard,235.97128355446895,235.96367826332744,5,0.1,0.1,4166,3700,0.8881421027364378,57,0.016790390014648438,0.15793066599871963,quantized_global_optimum_not_continuous_global_optimum
06ac6393eee7a87a46f65b36cf9d1863821846f32cd08b7f9dd84710f2fa08a1,1,6,20271311,1.0,2.0,hard,234.40244116810663,234.38767837582245,7,0.1,0.1,6368,5551,0.8717022613065326,76,0.020582199096679688,0.22230429097544402,quantized_global_optimum_not_continuous_global_optimum
06ac6393eee7a87a46f65b36cf9d1863821846f32cd08b7f9dd84710f2fa08a1,1,6,20271311,1.0,3.0,hard,232.2837572063537,232.25211616443283,10,0.1,0.1,16523,13232,0.800823095079586,152,0.03683662414550781,0.5301141659729183,quantized_global_optimum_not_continuous_global_optimum
06ac6393eee7a87a46f65b36cf9d1863821846f32cd08b7f9dd84710f2fa08a1,1,6,20271311,1.0,5.0,hard,230.51836430675783,230.4305420752899,17,0.1,0.1,48571,34075,0.7015503077968335,265,0.05735206604003906,1.4095559159759432,quantized_global_optimum_not_continuous_global_optimum
06ac6393eee7a87a46f65b36cf9d1863821846f32cd08b7f9dd84710f2fa08a1,1,6,20271311,1.0,13.0,hard,230.51836430675783,230.4305420752899,17,0.1,0.1,376115,212963,0.5662177791367002,518,0.12267112731933594,9.201662708073854,quantized_global_optimum_not_continuous_global_optimum
06ac6393eee7a87a46f65b36cf9d1863821846f32cd08b7f9dd84710f2fa08a1,1,7,20271408,0.2,1.5,hard,235.1244106338216,235.0694328462095,5,0.1,0.1,3993,3263,0.8171800651139494,53,0.015520095825195312,0.15200633299537003,quantized_global_optimum_not_continuous_global_optimum
06ac6393eee7a87a46f65b36cf9d1863821846f32cd08b7f9dd84710f2fa08a1,1,7,20271408,0.2,2.0,hard,234.34582124121772,234.15658044559396,7,0.1,0.1,6396,5131,0.8022201375859912,73,0.020788192749023438,0.2167877919273451,quantized_global_optimum_not_continuous_global_optimum
06ac6393eee7a87a46f65b36cf9d1863821846f32cd08b7f9dd84710f2fa08a1,1,7,20271408,0.2,3.0,hard,234.34582124121772,234.15658044559396,7,0.1,0.1,17821,13535,0.7594972223780933,115,0.029180526733398438,0.5238694170257077,quantized_global_optimum_not_continuous_global_optimum
06ac6393eee7a87a46f65b36cf9d1863821846f32cd08b7f9dd84710f2fa08a1,1,7,20271408,0.2,5.0,hard,234.34582124121772,234.15658044559396,7,0.1,0.1,32388,23839,0.7360442139063851,167,0.04026222229003906,0.9192815000424162,quantized_global_optimum_not_continuous_global_optimum
06ac6393eee7a87a46f65b36cf9d1863821846f32cd08b7f9dd84710f2fa08a1,1,7,20271408,0.2,13.0,hard,234.34582124121772,234.15658044559396,7,0.1,0.1,32388,23839,0.7360442139063851,167,0.04087257385253906,0.9770533749833703,quantized_global_optimum_not_continuous_global_optimum
06ac6393eee7a87a46f65b36cf9d1863821846f32cd08b7f9dd84710f2fa08a1,1,7,20271408,0.4,1.5,hard,234.68675970100085,234.6698586231367,5,0.1,0.1,3993,3263,0.8171800651139494,53,0.015520095825195312,0.1512370000127703,quantized_global_optimum_not_continuous_global_optimum
06ac6393eee7a87a46f65b36cf9d1863821846f32cd08b7f9dd84710f2fa08a1,1,7,20271408,0.4,2.0,hard,233.1816132619036,233.1410710350968,7,0.1,0.1,6396,5131,0.8022201375859912,73,0.02076244354248047,0.21941616700496525,quantized_global_optimum_not_continuous_global_optimum
06ac6393eee7a87a46f65b36cf9d1863821846f32cd08b7f9dd84710f2fa08a1,1,7,20271408,0.4,3.0,hard,231.88428673824106,231.7564728992338,10,0.1,0.1,17821,13535,0.7594972223780933,115,0.029180526733398438,0.528878542012535,quantized_global_optimum_not_continuous_global_optimum
06ac6393eee7a87a46f65b36cf9d1863821846f32cd08b7f9dd84710f2fa08a1,1,7,20271408,0.4,5.0,hard,231.74501584939577,231.57642700554854,11,0.1,0.1,55391,39342,0.7102597894964886,262,0.06153297424316406,1.5066975830122828,quantized_global_optimum_not_continuous_global_optimum
06ac6393eee7a87a46f65b36cf9d1863821846f32cd08b7f9dd84710f2fa08a1,1,7,20271408,0.4,13.0,hard,231.74501584939577,231.57642700554854,11,0.1,0.1,169743,110598,0.6515614782347431,445,0.10904979705810547,4.4686389999696985,quantized_global_optimum_not_continuous_global_optimum
06ac6393eee7a87a46f65b36cf9d1863821846f32cd08b7f9dd84710f2fa08a1,1,7,20271408,0.6,1.5,hard,234.58118661793344,234.57138102540637,5,0.1,0.1,3993,3263,0.8171800651139494,53,0.015550613403320312,0.15180433297064155,quantized_global_optimum_not_continuous_global_optimum
06ac6393eee7a87a46f65b36cf9d1863821846f32cd08b7f9dd84710f2fa08a1,1,7,20271408,0.6,2.0,hard,232.94347823516566,232.92151101015764,7,0.1,0.1,6396,5131,0.8022201375859912,73,0.020841598510742188,0.2204608339816332,quantized_global_optimum_not_continuous_global_optimum
06ac6393eee7a87a46f65b36cf9d1863821846f32cd08b7f9dd84710f2fa08a1,1,7,20271408,0.6,3.0,hard,231.2140315554449,231.1540956433365,10,0.1,0.1,17821,13535,0.7594972223780933,115,0.029211044311523438,0.5324576660059392,quantized_global_optimum_not_continuous_global_optimum
06ac6393eee7a87a46f65b36cf9d1863821846f32cd08b7f9dd84710f2fa08a1,1,7,20271408,0.6,5.0,hard,230.37495431380373,230.23682603795942,14,0.1,0.1,55391,39342,0.7102597894964886,262,0.06156349182128906,1.511983499978669,quantized_global_optimum_not_continuous_global_optimum
06ac6393eee7a87a46f65b36cf9d1863821846f32cd08b7f9dd84710f2fa08a1,1,7,20271408,0.6,13.0,hard,230.37495431380373,230.23682603795942,14,0.1,0.1,369911,225947,0.6108144932159357,630,0.2653827667236328,9.426898541045375,quantized_global_optimum_not_continuous_global_optimum
06ac6393eee7a87a46f65b36cf9d1863821846f32cd08b7f9dd84710f2fa08a1,1,7,20271408,0.8,1.5,hard,234.5336871996292,234.52680282357758,5,0.1,0.1,3993,3263,0.8171800651139494,53,0.015550613403320312,0.15061495907139033,quantized_global_optimum_not_continuous_global_optimum
06ac6393eee7a87a46f65b36cf9d1863821846f32cd08b7f9dd84710f2fa08a1,1,7,20271408,0.8,2.0,hard,232.84168005579676,232.82671447735103,7,0.1,0.1,6396,5131,0.8022201375859912,73,0.020841598510742188,0.22116791608277708,quantized_global_optimum_not_continuous_global_optimum
06ac6393eee7a87a46f65b36cf9d1863821846f32cd08b7f9dd84710f2fa08a1,1,7,20271408,0.8,3.0,hard,230.9565056705861,230.91801236113778,10,0.1,0.1,17821,13535,0.7594972223780933,115,0.029211044311523438,0.5371714161010459,quantized_global_optimum_not_continuous_global_optimum
06ac6393eee7a87a46f65b36cf9d1863821846f32cd08b7f9dd84710f2fa08a1,1,7,20271408,0.8,5.0,hard,229.54458961159327,229.4324563208995,16,0.1,0.1,55391,39342,0.7102597894964886,262,0.06156349182128906,1.5029405419481918,quantized_global_optimum_not_continuous_global_optimum
06ac6393eee7a87a46f65b36cf9d1863821846f32cd08b7f9dd84710f2fa08a1,1,7,20271408,0.8,13.0,hard,229.54458961159327,229.4324563208995,16,0.1,0.1,460750,276305,0.5996852957135106,640,0.28193092346191406,11.64310058299452,quantized_global_optimum_not_continuous_global_optimum
06ac6393eee7a87a46f65b36cf9d1863821846f32cd08b7f9dd84710f2fa08a1,1,7,20271408,1.0,1.5,hard,234.5066800703651,234.50138104329088,5,0.1,0.1,3993,3263,0.8171800651139494,53,0.015550613403320312,0.152144749998115,quantized_global_optimum_not_continuous_global_optimum
06ac6393eee7a87a46f65b36cf9d1863821846f32cd08b7f9dd84710f2fa08a1,1,7,20271408,1.0,2.0,hard,232.78457178643293,232.77462592729958,7,0.1,0.1,6396,5131,0.8022201375859912,73,0.020841598510742188,0.22042849997524172,quantized_global_optimum_not_continuous_global_optimum
06ac6393eee7a87a46f65b36cf9d1863821846f32cd08b7f9dd84710f2fa08a1,1,7,20271408,1.0,3.0,hard,230.8202278727623,230.79201592139984,10,0.1,0.1,17821,13535,0.7594972223780933,115,0.029188156127929688,0.5315927499905229,quantized_global_optimum_not_continuous_global_optimum
06ac6393eee7a87a46f65b36cf9d1863821846f32cd08b7f9dd84710f2fa08a1,1,7,20271408,1.0,5.0,hard,229.0536013842663,228.9657791527984,17,0.1,0.1,55391,39342,0.7102597894964886,262,0.06156349182128906,1.5059755420079455,quantized_global_optimum_not_continuous_global_optimum
06ac6393eee7a87a46f65b36cf9d1863821846f32cd08b7f9dd84710f2fa08a1,1,7,20271408,1.0,13.0,hard,229.0536013842663,228.9657791527984,17,0.1,0.1,460750,276305,0.5996852957135106,640,0.28193092346191406,11.648930291994475,quantized_global_optimum_not_continuous_global_optimum
06ac6393eee7a87a46f65b36cf9d1863821846f32cd08b7f9dd84710f2fa08a1,1,8,20271505,0.2,1.5,hard,236.0382074028506,235.92490040036023,6,0.1,0.1,3156,2528,0.8010139416983524,47,0.015035629272460938,0.11933354195207357,quantized_global_optimum_not_continuous_global_optimum
06ac6393eee7a87a46f65b36cf9d1863821846f32cd08b7f9dd84710f2fa08a1,1,8,20271505,0.2,2.0,hard,235.82898060012667,235.5916777969785,7,0.1,0.1,4922,3716,0.7549776513612353,81,0.022684097290039062,0.19088462507352233,quantized_global_optimum_not_continuous_global_optimum
06ac6393eee7a87a46f65b36cf9d1863821846f32cd08b7f9dd84710f2fa08a1,1,8,20271505,0.2,3.0,hard,235.82898060012667,235.5916777969785,7,0.1,0.1,13981,9492,0.6789213933195051,191,0.04435920715332031,0.4812159159919247,quantized_global_optimum_not_continuous_global_optimum
06ac6393eee7a87a46f65b36cf9d1863821846f32cd08b7f9dd84710f2fa08a1,1,8,20271505,0.2,5.0,hard,235.82898060012667,235.5916777969785,7,0.1,0.1,25352,16171,0.6378589460397601,274,0.06104469299316406,0.8765775830252096,quantized_global_optimum_not_continuous_global_optimum
06ac6393eee7a87a46f65b36cf9d1863821846f32cd08b7f9dd84710f2fa08a1,1,8,20271505,0.2,13.0,hard,235.82898060012667,235.5916777969785,7,0.1,0.1,25352,16171,0.6378589460397601,274,0.06165504455566406,0.8899078750982881,quantized_global_optimum_not_continuous_global_optimum
06ac6393eee7a87a46f65b36cf9d1863821846f32cd08b7f9dd84710f2fa08a1,1,8,20271505,0.4,1.5,hard,235.33453641649626,235.30587968276203,6,0.1,0.1,3156,2528,0.8010139416983524,47,0.015035629272460938,0.1190450000576675,quantized_global_optimum_not_continuous_global_optimum
06ac6393eee7a87a46f65b36cf9d1863821846f32cd08b7f9dd84710f2fa08a1,1,8,20271505,0.4,2.0,hard,234.51148025868065,234.46255704620646,7,0.1,0.1,4922,3716,0.7549776513612353,81,0.022706985473632812,0.18131262494716793,quantized_global_optimum_not_continuous_global_optimum
06ac6393eee7a87a46f65b36cf9d1863821846f32cd08b7f9dd84710f2fa08a1,1,8,20271505,0.4,3.0,hard,233.50300154899222,233.375187709985,10,0.1,0.1,13981,9492,0.6789213933195051,191,0.04433631896972656,0.4798086250666529,quantized_global_optimum_not_continuous_global_optimum
06ac6393eee7a87a46f65b36cf9d1863821846f32cd08b7f9dd84710f2fa08a1,1,8,20271505,0.4,5.0,hard,233.41194105390784,233.2433522100606,11,0.1,0.1,43656,26675,0.6110271211288254,389,0.08191490173339844,1.3972191250650212,quantized_global_optimum_not_continuous_global_optimum
06ac6393eee7a87a46f65b36cf9d1863821846f32cd08b7f9dd84710f2fa08a1,1,8,20271505,0.4,13.0,hard,233.41194105390784,233.2433522100606,11,0.1,0.1,122066,72500,0.5939409827470384,429,0.08882713317871094,3.7546020839363337,quantized_global_optimum_not_continuous_global_optimum
06ac6393eee7a87a46f65b36cf9d1863821846f32cd08b7f9dd84710f2fa08a1,1,8,20271505,0.6,1.5,hard,235.17601741043822,235.15986148724696,6,0.1,0.1,3156,2528,0.8010139416983524,47,0.015066146850585938,0.12594520905986428,quantized_global_optimum_not_continuous_global_optimum
06ac6393eee7a87a46f65b36cf9d1863821846f32cd08b7f9dd84710f2fa08a1,1,8,20271505,0.6,2.0,hard,234.25571750028507,234.2295130624102,7,0.1,0.1,4922,3716,0.7549776513612353,81,0.022737503051757812,0.18134825001470745,quantized_global_optimum_not_continuous_global_optimum
06ac6393eee7a87a46f65b36cf9d1863821846f32cd08b7f9dd84710f2fa08a1,1,8,20271505,0.6,3.0,hard,232.83274636619606,232.77281045408768,10,0.1,0.1,13981,9492,0.6789213933195051,191,0.04436683654785156,0.4820604999549687,quantized_global_optimum_not_continuous_global_optimum
06ac6393eee7a87a46f65b36cf9d1863821846f32cd08b7f9dd84710f2fa08a1,1,8,20271505,0.6,5.0,hard,232.12288643344283,231.98475815759855,14,0.1,0.1,43656,26675,0.6110271211288254,389,0.08194541931152344,1.3953668749891222,quantized_global_optimum_not_continuous_global_optimum
06ac6393eee7a87a46f65b36cf9d1863821846f32cd08b7f9dd84710f2fa08a1,1,8,20271505,0.6,13.0,hard,232.12288643344283,231.98475815759855,14,0.1,0.1,237076,140879,0.5942356037726299,459,0.09837150573730469,6.911646042019129,quantized_global_optimum_not_continuous_global_optimum
06ac6393eee7a87a46f65b36cf9d1863821846f32cd08b7f9dd84710f2fa08a1,1,8,20271505,0.8,1.5,hard,235.10624242456663,235.09504389446815,6,0.1,0.1,3156,2528,0.8010139416983524,47,0.015066146850585938,0.11923945799935609,quantized_global_optimum_not_continuous_global_optimum
06ac6393eee7a87a46f65b36cf9d1863821846f32cd08b7f9dd84710f2fa08a1,1,8,20271505,0.8,2.0,hard,234.14738613858685,234.12962167954873,7,0.1,0.1,4922,3716,0.7549776513612353,81,0.022737503051757812,0.19029075000435114,quantized_global_optimum_not_continuous_global_optimum
06ac6393eee7a87a46f65b36cf9d1863821846f32cd08b7f9dd84710f2fa08a1,1,8,20271505,0.8,3.0,hard,232.520718093468,232.47068320861422,11,0.1,0.1,13981,9492,0.6789213933195051,191,0.04436683654785156,0.4880377920344472,quantized_global_optimum_not_continuous_global_optimum
06ac6393eee7a87a46f65b36cf9d1863821846f32cd08b7f9dd84710f2fa08a1,1,8,20271505,0.8,5.0,hard,231.40202185092838,231.30669427836798,15,0.1,0.1,43656,26675,0.6110271211288254,389,0.08194541931152344,1.433155709062703,quantized_global_optimum_not_continuous_global_optimum
06ac6393eee7a87a46f65b36cf9d1863821846f32cd08b7f9dd84710f2fa08a1,1,8,20271505,0.8,13.0,hard,231.40202185092838,231.30669427836798,15,0.1,0.1,286066,169193,0.5914474282158663,459,0.10483741760253906,8.483999749994837,quantized_global_optimum_not_continuous_global_optimum
06ac6393eee7a87a46f65b36cf9d1863821846f32cd08b7f9dd84710f2fa08a1,1,8,20271505,1.0,1.5,hard,235.0669868420287,235.0584294417288,6,0.1,0.1,3156,2528,0.8010139416983524,47,0.015066146850585938,0.12494541704654694,quantized_global_optimum_not_continuous_global_optimum
06ac6393eee7a87a46f65b36cf9d1863821846f32cd08b7f9dd84710f2fa08a1,1,8,20271505,1.0,2.0,hard,234.08752970335001,234.07412247618092,7,0.1,0.1,4922,3716,0.7549776513612353,81,0.022737503051757812,0.187884374987334,quantized_global_optimum_not_continuous_global_optimum
06ac6393eee7a87a46f65b36cf9d1863821846f32cd08b7f9dd84710f2fa08a1,1,8,20271505,1.0,3.0,hard,232.35244780512562,232.3160990379031,11,0.1,0.1,13981,9492,0.6789213933195051,191,0.04436683654785156,0.49755195900797844,quantized_global_optimum_not_continuous_global_optimum
06ac6393eee7a87a46f65b36cf9d1863821846f32cd08b7f9dd84710f2fa08a1,1,8,20271505,1.0,5.0,hard,230.9546298233083,230.8785259899167,16,0.1,0.1,43656,26675,0.6110271211288254,389,0.08194541931152344,1.4280419999267906,quantized_global_optimum_not_continuous_global_optimum
06ac6393eee7a87a46f65b36cf9d1863821846f32cd08b7f9dd84710f2fa08a1,1,8,20271505,1.0,13.0,hard,230.9546298233083,230.8785259899167,16,0.1,0.1,286066,169193,0.5914474282158663,459,0.10483741760253906,8.335623375023715,quantized_global_optimum_not_continuous_global_optimum
06ac6393eee7a87a46f65b36cf9d1863821846f32cd08b7f9dd84710f2fa08a1,1,9,20271602,0.2,1.5,hard,236.9386244329333,236.83843878189137,5,0.1,0.1,3301,2492,0.7549227506816116,56,0.016866683959960938,0.1509527089074254,quantized_global_optimum_not_continuous_global_optimum
06ac6393eee7a87a46f65b36cf9d1863821846f32cd08b7f9dd84710f2fa08a1,1,9,20271602,0.2,2.0,hard,236.2572359328214,236.0199331296733,7,0.1,0.1,5825,4254,0.7303004291845494,91,0.024667739868164062,0.2243942089844495,quantized_global_optimum_not_continuous_global_optimum
06ac6393eee7a87a46f65b36cf9d1863821846f32cd08b7f9dd84710f2fa08a1,1,9,20271602,0.2,3.0,hard,236.2572359328214,236.0199331296733,7,0.1,0.1,17967,12010,0.6684477096899872,178,0.04268455505371094,0.6057192500447854,quantized_global_optimum_not_continuous_global_optimum
06ac6393eee7a87a46f65b36cf9d1863821846f32cd08b7f9dd84710f2fa08a1,1,9,20271602,0.2,5.0,hard,236.2572359328214,236.0199331296733,7,0.1,0.1,32820,21164,0.6448507007921999,232,0.05365943908691406,1.0161052499897778,quantized_global_optimum_not_continuous_global_optimum
06ac6393eee7a87a46f65b36cf9d1863821846f32cd08b7f9dd84710f2fa08a1,1,9,20271602,0.2,13.0,hard,236.2572359328214,236.0199331296733,7,0.1,0.1,32820,21164,0.6448507007921999,232,0.05426979064941406,1.071973167010583,quantized_global_optimum_not_continuous_global_optimum
06ac6393eee7a87a46f65b36cf9d1863821846f32cd08b7f9dd84710f2fa08a1,1,9,20271602,0.4,1.5,hard,236.42810047413346,236.39879413776293,5,0.1,0.1,3301,2492,0.7549227506816116,56,0.016866683959960938,0.1487348749069497,quantized_global_optimum_not_continuous_global_optimum
06ac6393eee7a87a46f65b36cf9d1863821846f32cd08b7f9dd84710f2fa08a1,1,9,20271602,0.4,2.0,hard,234.93939981342334,234.8904766009492,7,0.1,0.1,5825,4254,0.7303004291845494,91,0.024644851684570312,0.22719474998302758,quantized_global_optimum_not_continuous_global_optimum
06ac6393eee7a87a46f65b36cf9d1863821846f32cd08b7f9dd84710f2fa08a1,1,9,20271602,0.4,3.0,hard,233.4649986398538,233.34439131104196,10,0.1,0.1,17967,12010,0.6684477096899872,178,0.04263877868652344,0.5924187919590622,quantized_global_optimum_not_continuous_global_optimum
06ac6393eee7a87a46f65b36cf9d1863821846f32cd08b7f9dd84710f2fa08a1,1,9,20271602,0.4,5.0,hard,233.27961788489708,233.0578001230025,12,0.1,0.1,56231,35227,0.6264693852145614,307,0.06824684143066406,1.592385625001043,quantized_global_optimum_not_continuous_global_optimum
06ac6393eee7a87a46f65b36cf9d1863821846f32cd08b7f9dd84710f2fa08a1,1,9,20271602,0.4,13.0,hard,233.27961788489708,233.0578001230025,12,0.1,0.1,157514,92464,0.5870208362431276,434,0.09112358093261719,4.219492082949728,quantized_global_optimum_not_continuous_global_optimum
06ac6393eee7a87a46f65b36cf9d1863821846f32cd08b7f9dd84710f2fa08a1,1,9,20271602,0.6,1.5,hard,236.3096589156919,236.2928568891317,5,0.1,0.1,3301,2492,0.7549227506816116,56,0.016897201538085938,0.1490718339337036,quantized_global_optimum_not_continuous_global_optimum
06ac6393eee7a87a46f65b36cf9d1863821846f32cd08b7f9dd84710f2fa08a1,1,9,20271602,0.6,2.0,hard,234.68363705502776,234.65743261715295,7,0.1,0.1,5825,4254,0.7303004291845494,91,0.024675369262695312,0.22700212500058115,quantized_global_optimum_not_continuous_global_optimum
06ac6393eee7a87a46f65b36cf9d1863821846f32cd08b7f9dd84710f2fa08a1,1,9,20271602,0.6,3.0,hard,232.7439314245794,232.6801396279806,10,0.1,0.1,17967,12010,0.6684477096899872,178,0.04266929626464844,0.5964363330276683,quantized_global_optimum_not_continuous_global_optimum
06ac6393eee7a87a46f65b36cf9d1863821846f32cd08b7f9dd84710f2fa08a1,1,9,20271602,0.6,5.0,hard,231.7370838564799,231.57699789777882,15,0.1,0.1,56231,35227,0.6264693852145614,307,0.06827735900878906,1.6027972500305623,quantized_global_optimum_not_continuous_global_optimum
06ac6393eee7a87a46f65b36cf9d1863821846f32cd08b7f9dd84710f2fa08a1,1,9,20271602,0.6,13.0,hard,231.7370838564799,231.57699789777882,15,0.1,0.1,321341,179823,0.5596017937331371,536,0.14530372619628906,8.119386125006713,quantized_global_optimum_not_continuous_global_optimum
06ac6393eee7a87a46f65b36cf9d1863821846f32cd08b7f9dd84710f2fa08a1,1,9,20271602,0.8,1.5,hard,236.25694215268612,236.2452084121028,5,0.1,0.1,3301,2492,0.7549227506816116,56,0.01684856414794922,0.14933158305939287,quantized_global_optimum_not_continuous_global_optimum
06ac6393eee7a87a46f65b36cf9d1863821846f32cd08b7f9dd84710f2fa08a1,1,9,20271602,0.8,2.0,hard,234.57530569332954,234.55754123429148,7,0.1,0.1,5825,4254,0.7303004291845494,91,0.024675369262695312,0.23270266701001674,quantized_global_optimum_not_continuous_global_optimum
06ac6393eee7a87a46f65b36cf9d1863821846f32cd08b7f9dd84710f2fa08a1,1,9,20271602,0.8,3.0,hard,232.46458812636814,232.42405371211711,10,0.1,0.1,17967,12010,0.6684477096899872,178,0.04266929626464844,0.5935454579303041,quantized_global_optimum_not_continuous_global_optimum
06ac6393eee7a87a46f65b36cf9d1863821846f32cd08b7f9dd84710f2fa08a1,1,9,20271602,0.8,5.0,hard,230.82870967670428,230.72214849066884,16,0.1,0.1,56231,35227,0.6264693852145614,307,0.06827735900878906,1.6041635419242084,quantized_global_optimum_not_continuous_global_optimum
06ac6393eee7a87a46f65b36cf9d1863821846f32cd08b7f9dd84710f2fa08a1,1,9,20271602,0.8,13.0,hard,230.82870967670428,230.72214849066884,16,0.1,0.1,390546,215877,0.5527569095573889,536,0.1596202850341797,10.227494457969442,quantized_global_optimum_not_continuous_global_optimum
06ac6393eee7a87a46f65b36cf9d1863821846f32cd08b7f9dd84710f2fa08a1,1,9,20271602,1.0,1.5,hard,236.22712497904033,236.21812062199785,5,0.1,0.1,3301,2492,0.7549227506816116,56,0.016897201538085938,0.1555057920049876,quantized_global_optimum_not_continuous_global_optimum
06ac6393eee7a87a46f65b36cf9d1863821846f32cd08b7f9dd84710f2fa08a1,1,9,20271602,1.0,2.0,hard,234.5154492580927,234.50204203092366,7,0.1,0.1,5825,4254,0.7303004291845494,91,0.024675369262695312,0.23012345796450973,quantized_global_optimum_not_continuous_global_optimum
06ac6393eee7a87a46f65b36cf9d1863821846f32cd08b7f9dd84710f2fa08a1,1,9,20271602,1.0,3.0,hard,232.318002039188,232.28846161191188,10,0.1,0.1,17967,12010,0.6684477096899872,178,0.04266929626464844,0.6060995000880212,quantized_global_optimum_not_continuous_global_optimum
06ac6393eee7a87a46f65b36cf9d1863821846f32cd08b7f9dd84710f2fa08a1,1,9,20271602,1.0,5.0,hard,230.27438102598668,230.19096254186417,17,0.1,0.1,56231,35227,0.6264693852145614,307,0.06822872161865234,1.658995959092863,quantized_global_optimum_not_continuous_global_optimum
06ac6393eee7a87a46f65b36cf9d1863821846f32cd08b7f9dd84710f2fa08a1,1,9,20271602,1.0,13.0,hard,230.27438102598668,230.19096254186417,17,0.1,0.1,390546,215877,0.5527569095573889,536,0.1596202850341797,9.868781958008185,quantized_global_optimum_not_continuous_global_optimum
06ac6393eee7a87a46f65b36cf9d1863821846f32cd08b7f9dd84710f2fa08a1,2,0,20280729,0.2,1.5,hard,250.62704981248083,250.55803485635758,5,0.1,0.1,6154,4898,0.7959051023724407,92,0.023740768432617188,0.21859295899048448,quantized_global_optimum_not_continuous_global_optimum
06ac6393eee7a87a46f65b36cf9d1863821846f32cd08b7f9dd84710f2fa08a1,2,0,20280729,0.2,2.0,hard,249.85312541909315,249.70355469041664,6,0.1,0.1,13163,10597,0.805059636860898,131,0.031061172485351562,0.4159824170637876,quantized_global_optimum_not_continuous_global_optimum
06ac6393eee7a87a46f65b36cf9d1863821846f32cd08b7f9dd84710f2fa08a1,2,0,20280729,0.2,3.0,hard,249.6270779011374,249.43482417042873,7,0.1,0.1,35092,28672,0.8170523196170068,190,0.04456901550292969,0.9694032920524478,quantized_global_optimum_not_continuous_global_optimum
06ac6393eee7a87a46f65b36cf9d1863821846f32cd08b7f9dd84710f2fa08a1,2,0,20280729,0.2,5.0,hard,249.6270779011374,249.43482417042873,7,0.1,0.1,54628,44974,0.8232774401405872,214,0.05004310607910156,1.4516880830051377,quantized_global_optimum_not_continuous_global_optimum
06ac6393eee7a87a46f65b36cf9d1863821846f32cd08b7f9dd84710f2fa08a1,2,0,20280729,0.2,13.0,hard,249.6270779011374,249.43482417042873,7,0.1,0.1,54628,44974,0.8232774401405872,214,0.05065345764160156,1.5227422500029206,quantized_global_optimum_not_continuous_global_optimum
06ac6393eee7a87a46f65b36cf9d1863821846f32cd08b7f9dd84710f2fa08a1,2,0,20280729,0.4,1.5,hard,250.0763808351348,250.05704732700494,5,0.1,0.1,6154,4898,0.7959051023724407,92,0.023763656616210938,0.21772408403921872,quantized_global_optimum_not_continuous_global_optimum
06ac6393eee7a87a46f65b36cf9d1863821846f32cd08b7f9dd84710f2fa08a1,2,0,20280729,0.4,2.0,hard,248.4339492929179,248.3926699334464,7,0.1,0.1,13163,10597,0.805059636860898,131,0.031084060668945312,0.41520520800258964,quantized_global_optimum_not_continuous_global_optimum
06ac6393eee7a87a46f65b36cf9d1863821846f32cd08b7f9dd84710f2fa08a1,2,0,20280729,0.4,3.0,hard,246.59049273625,246.4808611862649,10,0.1,0.1,35092,28672,0.8170523196170068,190,0.04456901550292969,0.9735275829443708,quantized_global_optimum_not_continuous_global_optimum
06ac6393eee7a87a46f65b36cf9d1863821846f32cd08b7f9dd84710f2fa08a1,2,0,20280729,0.4,5.0,hard,246.59049273625,246.4808611862649,10,0.1,0.1,77384,63427,0.8196397188049209,222,0.05492591857910156,1.950970666948706,quantized_global_optimum_not_continuous_global_optimum
06ac6393eee7a87a46f65b36cf9d1863821846f32cd08b7f9dd84710f2fa08a1,2,0,20280729,0.4,13.0,hard,246.59049273625,246.4808611862649,10,0.1,0.1,156103,123217,0.7893314029839272,222,0.05871009826660156,3.8511972919804975,quantized_global_optimum_not_continuous_global_optimum
06ac6393eee7a87a46f65b36cf9d1863821846f32cd08b7f9dd84710f2fa08a1,2,0,20280729,0.6,1.5,hard,249.9512126773736,249.94024004793727,5,0.1,0.1,6154,4898,0.7959051023724407,92,0.023794174194335938,0.22828124999068677,quantized_global_optimum_not_continuous_global_optimum
06ac6393eee7a87a46f65b36cf9d1863821846f32cd08b7f9dd84710f2fa08a1,2,0,20280729,0.6,2.0,hard,248.1597076794778,248.13791827032875,7,0.1,0.1,13163,10597,0.805059636860898,131,0.031091690063476562,0.41733208298683167,quantized_global_optimum_not_continuous_global_optimum
06ac6393eee7a87a46f65b36cf9d1863821846f32cd08b7f9dd84710f2fa08a1,2,0,20280729,0.6,3.0,hard,245.8027482743277,245.75381375908077,10,0.1,0.1,35092,28672,0.8170523196170068,190,0.04459953308105469,0.9791742500383407,quantized_global_optimum_not_continuous_global_optimum
06ac6393eee7a87a46f65b36cf9d1863821846f32cd08b7f9dd84710f2fa08a1,2,0,20280729,0.6,5.0,hard,245.3832092436141,245.28240260111932,14,0.1,0.1,77384,63427,0.8196397188049209,222,0.05495643615722656,1.9972790000028908,quantized_global_optimum_not_continuous_global_optimum
06ac6393eee7a87a46f65b36cf9d1863821846f32cd08b7f9dd84710f2fa08a1,2,0,20280729,0.6,13.0,hard,245.3832092436141,245.28240260111932,14,0.1,0.1,292303,211891,0.7249018997410221,457,0.10864067077636719,7.009771584067494,quantized_global_optimum_not_continuous_global_optimum
06ac6393eee7a87a46f65b36cf9d1863821846f32cd08b7f9dd84710f2fa08a1,2,0,20280729,0.8,1.5,hard,249.89580847191775,249.88818027503473,5,0.1,0.1,6154,4898,0.7959051023724407,92,0.02374553680419922,0.21824191696941853,quantized_global_optimum_not_continuous_global_optimum
06ac6393eee7a87a46f65b36cf9d1863821846f32cd08b7f9dd84710f2fa08a1,2,0,20280729,0.8,2.0,hard,248.04463894929194,248.02995879391037,7,0.1,0.1,13163,10597,0.805059636860898,131,0.031091690063476562,0.4197075000265613,quantized_global_optimum_not_continuous_global_optimum
06ac6393eee7a87a46f65b36cf9d1863821846f32cd08b7f9dd84710f2fa08a1,2,0,20280729,0.8,3.0,hard,245.50972753571133,245.47888612755963,10,0.1,0.1,35092,28672,0.8170523196170068,190,0.04459953308105469,1.0118849590653554,quantized_global_optimum_not_continuous_global_optimum
06ac6393eee7a87a46f65b36cf9d1863821846f32cd08b7f9dd84710f2fa08a1,2,0,20280729,0.8,5.0,hard,244.42884655306202,244.35231936577182,18,0.1,0.1,77384,63427,0.8196397188049209,222,0.05495643615722656,1.9670288750203326,quantized_global_optimum_not_continuous_global_optimum
06ac6393eee7a87a46f65b36cf9d1863821846f32cd08b7f9dd84710f2fa08a1,2,0,20280729,0.8,13.0,hard,244.42884655306202,244.35231936577182,18,0.1,0.1,364992,255417,0.6997879405576013,472,0.11368751525878906,8.643153083045036,quantized_global_optimum_not_continuous_global_optimum
06ac6393eee7a87a46f65b36cf9d1863821846f32cd08b7f9dd84710f2fa08a1,2,0,20280729,1.0,1.5,hard,249.86455430153165,249.85871546892102,5,0.1,0.1,6154,4898,0.7959051023724407,92,0.023794174194335938,0.2180990839842707,quantized_global_optimum_not_continuous_global_optimum
06ac6393eee7a87a46f65b36cf9d1863821846f32cd08b7f9dd84710f2fa08a1,2,0,20280729,1.0,2.0,hard,247.9813349712047,247.97029343898464,7,0.1,0.1,13163,10597,0.805059636860898,131,0.031091690063476562,0.4323922909097746,quantized_global_optimum_not_continuous_global_optimum
06ac6393eee7a87a46f65b36cf9d1863821846f32cd08b7f9dd84710f2fa08a1,2,0,20280729,1.0,3.0,hard,245.3567545463092,245.3343742648853,10,0.1,0.1,35092,28672,0.8170523196170068,190,0.04459953308105469,0.9793966659344733,quantized_global_optimum_not_continuous_global_optimum
06ac6393eee7a87a46f65b36cf9d1863821846f32cd08b7f9dd84710f2fa08a1,2,0,20280729,1.0,5.0,hard,243.84472478812975,243.78068071831314,19,0.1,0.1,77384,63427,0.8196397188049209,222,0.05495643615722656,1.9564816249767318,quantized_global_optimum_not_continuous_global_optimum
06ac6393eee7a87a46f65b36cf9d1863821846f32cd08b7f9dd84710f2fa08a1,2,0,20280729,1.0,13.0,hard,243.84472478812975,243.78068071831314,19,0.1,0.1,364992,255417,0.6997879405576013,472,0.11368751525878906,8.695520667009987,quantized_global_optimum_not_continuous_global_optimum
06ac6393eee7a87a46f65b36cf9d1863821846f32cd08b7f9dd84710f2fa08a1,2,1,20280826,0.2,1.5,hard,249.80551100791826,249.75476122608686,5,0.1,0.1,5920,4989,0.8427364864864865,57,0.017095565795898438,0.18795866693835706,quantized_global_optimum_not_continuous_global_optimum
06ac6393eee7a87a46f65b36cf9d1863821846f32cd08b7f9dd84710f2fa08a1,2,1,20280826,0.2,2.0,hard,248.52206345575078,248.38147708795148,7,0.1,0.1,11809,9934,0.8412227961724109,85,0.023294448852539062,0.3289406249532476,quantized_global_optimum_not_continuous_global_optimum
06ac6393eee7a87a46f65b36cf9d1863821846f32cd08b7f9dd84710f2fa08a1,2,1,20280826,0.2,3.0,hard,248.52206345575078,248.38147708795148,7,0.1,0.1,29751,24607,0.8270982487983597,146,0.03645896911621094,0.7472646250389516,quantized_global_optimum_not_continuous_global_optimum
06ac6393eee7a87a46f65b36cf9d1863821846f32cd08b7f9dd84710f2fa08a1,2,1,20280826,0.2,5.0,hard,248.52206345575078,248.38147708795148,7,0.1,0.1,48364,39517,0.8170746836489952,185,0.04700279235839844,1.2112490830477327,quantized_global_optimum_not_continuous_global_optimum
06ac6393eee7a87a46f65b36cf9d1863821846f32cd08b7f9dd84710f2fa08a1,2,1,20280826,0.2,13.0,hard,248.52206345575078,248.38147708795148,7,0.1,0.1,48364,39517,0.8170746836489952,185,0.04761314392089844,1.2641257919603959,quantized_global_optimum_not_continuous_global_optimum
06ac6393eee7a87a46f65b36cf9d1863821846f32cd08b7f9dd84710f2fa08a1,2,1,20280826,0.4,1.5,hard,249.31409374328433,249.29923243133894,5,0.1,0.1,5920,4989,0.8427364864864865,57,0.017095565795898438,0.17649124993477017,quantized_global_optimum_not_continuous_global_optimum
06ac6393eee7a87a46f65b36cf9d1863821846f32cd08b7f9dd84710f2fa08a1,2,1,20280826,0.4,2.0,hard,247.07288078246117,247.04478406452338,7,0.1,0.1,11809,9934,0.8412227961724109,85,0.023317337036132812,0.3185818330384791,quantized_global_optimum_not_continuous_global_optimum
06ac6393eee7a87a46f65b36cf9d1863821846f32cd08b7f9dd84710f2fa08a1,2,1,20280826,0.4,3.0,hard,245.1529467755328,245.0631755060938,11,0.1,0.1,29751,24607,0.8270982487983597,146,0.03643608093261719,0.7548804170219228,quantized_global_optimum_not_continuous_global_optimum
06ac6393eee7a87a46f65b36cf9d1863821846f32cd08b7f9dd84710f2fa08a1,2,1,20280826,0.4,5.0,hard,245.04767903536828,244.93184399044728,12,0.1,0.1,75946,60395,0.7952360887999368,281,0.06324958801269531,1.8424592080991715,quantized_global_optimum_not_continuous_global_optimum
06ac6393eee7a87a46f65b36cf9d1863821846f32cd08b7f9dd84710f2fa08a1,2,1,20280826,0.4,13.0,hard,245.04767903536828,244.93184399044728,12,0.1,0.1,191719,141486,0.7379863237342151,380,0.08518791198730469,4.5027585409116,quantized_global_optimum_not_continuous_global_optimum
06ac6393eee7a87a46f65b36cf9d1863821846f32cd08b7f9dd84710f2fa08a1,2,1,20280826,0.6,1.5,hard,249.19894109346023,249.19041901408343,5,0.1,0.1,5920,4989,0.8427364864864865,57,0.017126083374023438,0.17550079198554158,quantized_global_optimum_not_continuous_global_optimum
06ac6393eee7a87a46f65b36cf9d1863821846f32cd08b7f9dd84710f2fa08a1,2,1,20280826,0.6,2.0,hard,246.80489641648862,246.79003240140574,7,0.1,0.1,11809,9934,0.8412227961724109,85,0.023347854614257812,0.3196580410003662,quantized_global_optimum_not_continuous_global_optimum
06ac6393eee7a87a46f65b36cf9d1863821846f32cd08b7f9dd84710f2fa08a1,2,1,20280826,0.6,3.0,hard,244.3036152685132,244.2634233361913,11,0.1,0.1,29751,24607,0.8270982487983597,146,0.03646659851074219,0.7523494159104303,quantized_global_optimum_not_continuous_global_optimum
06ac6393eee7a87a46f65b36cf9d1863821846f32cd08b7f9dd84710f2fa08a1,2,1,20280826,0.6,5.0,hard,243.52435290007062,243.4398544618705,15,0.1,0.1,75946,60395,0.7952360887999368,281,0.06328010559082031,1.8205930829280987,quantized_global_optimum_not_continuous_global_optimum
06ac6393eee7a87a46f65b36cf9d1863821846f32cd08b7f9dd84710f2fa08a1,2,1,20280826,0.6,13.0,hard,243.52435290007062,243.4398544618705,15,0.1,0.1,386596,261216,0.6756821074196319,608,0.2144756317138672,8.950296666007489,quantized_global_optimum_not_continuous_global_optimum
06ac6393eee7a87a46f65b36cf9d1863821846f32cd08b7f9dd84710f2fa08a1,2,1,20280826,0.8,1.5,hard,249.14754812977708,249.14159620885437,5,0.1,0.1,5920,4989,0.8427364864864865,57,0.017126083374023438,0.17789895797614008,quantized_global_optimum_not_continuous_global_optimum
06ac6393eee7a87a46f65b36cf9d1863821846f32cd08b7f9dd84710f2fa08a1,2,1,20280826,0.8,2.0,hard,246.69209662726456,246.68207292498735,7,0.1,0.1,11809,9934,0.8412227961724109,85,0.023347854614257812,0.3189424170413986,quantized_global_optimum_not_continuous_global_optimum
06ac6393eee7a87a46f65b36cf9d1863821846f32cd08b7f9dd84710f2fa08a1,2,1,20280826,0.8,3.0,hard,243.9863630141292,243.96100294151805,11,0.1,0.1,29751,24607,0.8270982487983597,146,0.03641796112060547,0.7654584589181468,quantized_global_optimum_not_continuous_global_optimum
06ac6393eee7a87a46f65b36cf9d1863821846f32cd08b7f9dd84710f2fa08a1,2,1,20280826,0.8,5.0,hard,242.6766389037394,242.62074831991976,16,0.1,0.1,75946,60395,0.7952360887999368,281,0.06328010559082031,1.8337381249293685,quantized_global_optimum_not_continuous_global_optimum
06ac6393eee7a87a46f65b36cf9d1863821846f32cd08b7f9dd84710f2fa08a1,2,1,20280826,0.8,13.0,hard,242.6766389037394,242.62074831991976,16,0.1,0.1,486341,317582,0.6530027285382067,682,0.2927417755126953,11.377079125028104,quantized_global_optimum_not_continuous_global_optimum
06ac6393eee7a87a46f65b36cf9d1863821846f32cd08b7f9dd84710f2fa08a1,2,1,20280826,1.0,1.5,hard,249.1184413911982,249.11387373433632,5,0.1,0.1,5920,4989,0.8427364864864865,57,0.017126083374023438,0.17645087488926947,quantized_global_optimum_not_continuous_global_optimum
06ac6393eee7a87a46f65b36cf9d1863821846f32cd08b7f9dd84710f2fa08a1,2,1,20280826,1.0,2.0,hard,246.6299506866957,246.62240757006163,7,0.1,0.1,11809,9934,0.8412227961724109,85,0.023347854614257812,0.32417179096955806,quantized_global_optimum_not_continuous_global_optimum
06ac6393eee7a87a46f65b36cf9d1863821846f32cd08b7f9dd84710f2fa08a1,2,1,20280826,1.0,3.0,hard,243.8204535167561,243.8020398925763,11,0.1,0.1,29751,24607,0.8270982487983597,146,0.03646659851074219,0.75136633310467,quantized_global_optimum_not_continuous_global_optimum
06ac6393eee7a87a46f65b36cf9d1863821846f32cd08b7f9dd84710f2fa08a1,2,1,20280826,1.0,5.0,hard,242.15986720053158,242.11656756107186,17,0.1,0.1,75946,60395,0.7952360887999368,281,0.06328010559082031,1.8301370829576626,quantized_global_optimum_not_continuous_global_optimum
06ac6393eee7a87a46f65b36cf9d1863821846f32cd08b7f9dd84710f2fa08a1,2,1,20280826,1.0,13.0,hard,242.15986720053158,242.11656756107186,17,0.1,0.1,486341,317582,0.6530027285382067,682,0.2927417755126953,11.379080249927938,quantized_global_optimum_not_continuous_global_optimum
06ac6393eee7a87a46f65b36cf9d1863821846f32cd08b7f9dd84710f2fa08a1,2,2,20280923,0.2,1.5,hard,249.4978937532301,249.44714397139873,5,0.1,0.1,5446,4465,0.8198677928755049,70,0.018693923950195312,0.18961749994195998,quantized_global_optimum_not_continuous_global_optimum
06ac6393eee7a87a46f65b36cf9d1863821846f32cd08b7f9dd84710f2fa08a1,2,2,20280923,0.2,2.0,hard,248.51220348240398,248.35319936077144,7,0.1,0.1,11843,9715,0.8203157983619015,110,0.02687358856201172,0.37204429192934185,quantized_global_optimum_not_continuous_global_optimum
06ac6393eee7a87a46f65b36cf9d1863821846f32cd08b7f9dd84710f2fa08a1,2,2,20280923,0.2,3.0,hard,248.4478416879526,248.25558795724393,7,0.1,0.1,32454,26174,0.8064953472607382,190,0.04487800598144531,0.9090382499853149,quantized_global_optimum_not_continuous_global_optimum
06ac6393eee7a87a46f65b36cf9d1863821846f32cd08b7f9dd84710f2fa08a1,2,2,20280923,0.2,5.0,hard,248.4478416879526,248.25558795724393,7,0.1,0.1,53854,42833,0.7953541055446206,236,0.05644416809082031,1.4668889159802347,quantized_global_optimum_not_continuous_global_optimum
06ac6393eee7a87a46f65b36cf9d1863821846f32cd08b7f9dd84710f2fa08a1,2,2,20280923,0.2,13.0,hard,248.4478416879526,248.25558795724393,7,0.1,0.1,53854,42833,0.7953541055446206,236,0.05705451965332031,1.5482032500440255,quantized_global_optimum_not_continuous_global_optimum
06ac6393eee7a87a46f65b36cf9d1863821846f32cd08b7f9dd84710f2fa08a1,2,2,20280923,0.4,1.5,hard,249.00647648859618,248.9916151766508,5,0.1,0.1,5446,4465,0.8198677928755049,70,0.018693923950195312,0.1888719170819968,quantized_global_optimum_not_continuous_global_optimum
06ac6393eee7a87a46f65b36cf9d1863821846f32cd08b7f9dd84710f2fa08a1,2,2,20280923,0.4,2.0,hard,247.09841193110594,247.0571325716344,7,0.1,0.1,11843,9715,0.8203157983619015,110,0.026945114135742188,0.36961054196581244,quantized_global_optimum_not_continuous_global_optimum
06ac6393eee7a87a46f65b36cf9d1863821846f32cd08b7f9dd84710f2fa08a1,2,2,20280923,0.4,3.0,hard,245.5484884378331,245.4668781928886,10,0.1,0.1,32454,26174,0.8064953472607382,190,0.04487800598144531,0.9218724160455167,quantized_global_optimum_not_continuous_global_optimum
06ac6393eee7a87a46f65b36cf9d1863821846f32cd08b7f9dd84710f2fa08a1,2,2,20280923,0.4,5.0,hard,245.4743622485302,245.37682848630251,11,0.1,0.1,86070,66162,0.7686998954339491,324,0.07739067077636719,2.224612292018719,quantized_global_optimum_not_continuous_global_optimum
06ac6393eee7a87a46f65b36cf9d1863821846f32cd08b7f9dd84710f2fa08a1,2,2,20280923,0.4,13.0,hard,245.4743622485302,245.37682848630251,11,0.1,0.1,219160,151276,0.6902536959299143,462,0.11007881164550781,5.510770083987154,quantized_global_optimum_not_continuous_global_optimum
06ac6393eee7a87a46f65b36cf9d1863821846f32cd08b7f9dd84710f2fa08a1,2,2,20280923,0.6,1.5,hard,248.89132383877208,248.8828017593953,5,0.1,0.1,5446,4465,0.8198677928755049,70,0.018724441528320312,0.18920062493998557,quantized_global_optimum_not_continuous_global_optimum
06ac6393eee7a87a46f65b36cf9d1863821846f32cd08b7f9dd84710f2fa08a1,2,2,20280923,0.6,2.0,hard,246.82417031766585,246.80238090851677,7,0.1,0.1,11843,9715,0.8203157983619015,110,0.026975631713867188,0.36901279096491635,quantized_global_optimum_not_continuous_global_optimum
06ac6393eee7a87a46f65b36cf9d1863821846f32cd08b7f9dd84710f2fa08a1,2,2,20280923,0.6,3.0,hard,244.7763688859971,244.73983076570448,10,0.1,0.1,32454,26174,0.8064953472607382,190,0.044882774353027344,0.9150719590252265,quantized_global_optimum_not_continuous_global_optimum
06ac6393eee7a87a46f65b36cf9d1863821846f32cd08b7f9dd84710f2fa08a1,2,2,20280923,0.6,5.0,hard,244.05893252574512,243.9843623201368,14,0.1,0.1,86070,66162,0.7686998954339491,324,0.07742118835449219,2.2285639160545543,quantized_global_optimum_not_continuous_global_optimum
06ac6393eee7a87a46f65b36cf9d1863821846f32cd08b7f9dd84710f2fa08a1,2,2,20280923,0.6,13.0,hard,244.05893252574512,243.9843623201368,14,0.1,0.1,449192,283672,0.6315161445439812,696,0.28255271911621094,11.13370616605971,quantized_global_optimum_not_continuous_global_optimum
06ac6393eee7a87a46f65b36cf9d1863821846f32cd08b7f9dd84710f2fa08a1,2,2,20280923,0.8,1.5,hard,248.83993087508892,248.83397895416624,5,0.1,0.1,5446,4465,0.8198677928755049,70,0.018724441528320312,0.1891307500191033,quantized_global_optimum_not_continuous_global_optimum
06ac6393eee7a87a46f65b36cf9d1863821846f32cd08b7f9dd84710f2fa08a1,2,2,20280923,0.8,2.0,hard,246.70910158747998,246.69442143209838,7,0.1,0.1,11843,9715,0.8203157983619015,110,0.026975631713867188,0.36901095893699676,quantized_global_optimum_not_continuous_global_optimum
06ac6393eee7a87a46f65b36cf9d1863821846f32cd08b7f9dd84710f2fa08a1,2,2,20280923,0.8,3.0,hard,244.48795774564803,244.46490313418334,10,0.1,0.1,32454,26174,0.8064953472607382,190,0.04493141174316406,0.9092684579081833,quantized_global_optimum_not_continuous_global_optimum
06ac6393eee7a87a46f65b36cf9d1863821846f32cd08b7f9dd84710f2fa08a1,2,2,20280923,0.8,5.0,hard,243.25396290042707,243.1886530503458,16,0.1,0.1,86070,66162,0.7686998954339491,324,0.07742118835449219,2.234547750093043,quantized_global_optimum_not_continuous_global_optimum
06ac6393eee7a87a46f65b36cf9d1863821846f32cd08b7f9dd84710f2fa08a1,2,2,20280923,0.8,13.0,hard,243.25396290042707,243.1886530503458,16,0.1,0.1,547633,339474,0.6198932496763343,734,0.30597877502441406,13.619959625066258,quantized_global_optimum_not_continuous_global_optimum
06ac6393eee7a87a46f65b36cf9d1863821846f32cd08b7f9dd84710f2fa08a1,2,2,20280923,1.0,1.5,hard,248.81082413651004,248.8062564796482,5,0.1,0.1,5446,4465,0.8198677928755049,70,0.018724441528320312,0.1901005000108853,quantized_global_optimum_not_continuous_global_optimum
06ac6393eee7a87a46f65b36cf9d1863821846f32cd08b7f9dd84710f2fa08a1,2,2,20280923,1.0,2.0,hard,246.64579760939273,246.63475607717265,7,0.1,0.1,11843,9715,0.8203157983619015,110,0.026975631713867188,0.36906158400233835,quantized_global_optimum_not_continuous_global_optimum
06ac6393eee7a87a46f65b36cf9d1863821846f32cd08b7f9dd84710f2fa08a1,2,2,20280923,1.0,3.0,hard,244.33713092985425,244.320391271509,10,0.1,0.1,32454,26174,0.8064953472607382,190,0.04493141174316406,0.9088651250349358,quantized_global_optimum_not_continuous_global_optimum
06ac6393eee7a87a46f65b36cf9d1863821846f32cd08b7f9dd84710f2fa08a1,2,2,20280923,1.0,5.0,hard,242.78445172313744,242.7289530568957,17,0.1,0.1,86070,66162,0.7686998954339491,324,0.07742118835449219,2.2403523749671876,quantized_global_optimum_not_continuous_global_optimum
06ac6393eee7a87a46f65b36cf9d1863821846f32cd08b7f9dd84710f2fa08a1,2,2,20280923,1.0,13.0,hard,242.78445172313744,242.7289530568957,17,0.1,0.1,547633,339474,0.6198932496763343,734,0.30597877502441406,13.610643124906346,quantized_global_optimum_not_continuous_global_optimum
06ac6393eee7a87a46f65b36cf9d1863821846f32cd08b7f9dd84710f2fa08a1,2,3,20281020,0.2,1.5,hard,250.5243375888729,250.45532263274964,5,0.1,0.1,6282,5140,0.8182107609041707,82,0.021360397338867188,0.2041507080430165,quantized_global_optimum_not_continuous_global_optimum
06ac6393eee7a87a46f65b36cf9d1863821846f32cd08b7f9dd84710f2fa08a1,2,3,20281020,0.2,2.0,hard,249.48135746549207,249.36714298639396,6,0.1,0.1,13164,10754,0.8169249468246733,118,0.029275894165039062,0.3812629170715809,quantized_global_optimum_not_continuous_global_optimum
06ac6393eee7a87a46f65b36cf9d1863821846f32cd08b7f9dd84710f2fa08a1,2,3,20281020,0.2,3.0,hard,249.31565837176635,249.12340464105768,7,0.1,0.1,33577,27377,0.8153497930130744,170,0.04089546203613281,0.8800905829994008,quantized_global_optimum_not_continuous_global_optimum
06ac6393eee7a87a46f65b36cf9d1863821846f32cd08b7f9dd84710f2fa08a1,2,3,20281020,0.2,5.0,hard,249.31565837176635,249.12340464105768,7,0.1,0.1,52674,42804,0.8126210274518738,187,0.04613685607910156,1.359113416983746,quantized_global_optimum_not_continuous_global_optimum
06ac6393eee7a87a46f65b36cf9d1863821846f32cd08b7f9dd84710f2fa08a1,2,3,20281020,0.2,13.0,hard,249.31565837176635,249.12340464105768,7,0.1,0.1,52674,42804,0.8126210274518738,187,0.04674720764160156,1.44340208300855,quantized_global_optimum_not_continuous_global_optimum
06ac6393eee7a87a46f65b36cf9d1863821846f32cd08b7f9dd84710f2fa08a1,2,3,20281020,0.4,1.5,hard,249.97366861152688,249.954335103397,5,0.1,0.1,6282,5140,0.8182107609041707,82,0.02133464813232422,0.20361966697964817,quantized_global_optimum_not_continuous_global_optimum
06ac6393eee7a87a46f65b36cf9d1863821846f32cd08b7f9dd84710f2fa08a1,2,3,20281020,0.4,2.0,hard,248.03597673780362,247.9946973783321,7,0.1,0.1,13164,10754,0.8169249468246733,118,0.029275894165039062,0.38502433395478874,quantized_global_optimum_not_continuous_global_optimum
06ac6393eee7a87a46f65b36cf9d1863821846f32cd08b7f9dd84710f2fa08a1,2,3,20281020,0.4,3.0,hard,246.50301008837218,246.39337853838705,10,0.1,0.1,33577,27377,0.8153497930130744,170,0.040869712829589844,0.8890794580802321,quantized_global_optimum_not_continuous_global_optimum
06ac6393eee7a87a46f65b36cf9d1863821846f32cd08b7f9dd84710f2fa08a1,2,3,20281020,0.4,5.0,hard,246.44869695949043,246.31817932464045,11,0.1,0.1,80825,64076,0.7927745128363749,263,0.06118965148925781,2.0034372090594843,quantized_global_optimum_not_continuous_global_optimum
06ac6393eee7a87a46f65b36cf9d1863821846f32cd08b7f9dd84710f2fa08a1,2,3,20281020,0.4,13.0,hard,246.44869695949043,246.31817932464045,11,0.1,0.1,190760,141143,0.7398983015307192,358,0.07904338836669922,4.616119000012986,quantized_global_optimum_not_continuous_global_optimum
06ac6393eee7a87a46f65b36cf9d1863821846f32cd08b7f9dd84710f2fa08a1,2,3,20281020,0.6,1.5,hard,249.84850045376567,249.83752782432933,5,0.1,0.1,6282,5140,0.8182107609041707,82,0.021413803100585938,0.20363129093311727,quantized_global_optimum_not_continuous_global_optimum
06ac6393eee7a87a46f65b36cf9d1863821846f32cd08b7f9dd84710f2fa08a1,2,3,20281020,0.6,2.0,hard,247.76173512436353,247.73994571521445,7,0.1,0.1,13164,10754,0.8169249468246733,118,0.029306411743164062,0.390583666972816,quantized_global_optimum_not_continuous_global_optimum
06ac6393eee7a87a46f65b36cf9d1863821846f32cd08b7f9dd84710f2fa08a1,2,3,20281020,0.6,3.0,hard,245.59606356961064,245.53393772729018,11,0.1,0.1,33577,27377,0.8153497930130744,170,0.04094886779785156,0.8877677080454305,quantized_global_optimum_not_continuous_global_optimum
06ac6393eee7a87a46f65b36cf9d1863821846f32cd08b7f9dd84710f2fa08a1,2,3,20281020,0.6,5.0,hard,244.88053400512587,244.75458509301976,15,0.1,0.1,80825,64076,0.7927745128363749,263,0.06122016906738281,2.006999082979746,quantized_global_optimum_not_continuous_global_optimum
06ac6393eee7a87a46f65b36cf9d1863821846f32cd08b7f9dd84710f2fa08a1,2,3,20281020,0.6,13.0,hard,244.88053400512587,244.75458509301976,15,0.1,0.1,384086,262746,0.684081169321454,689,0.27943992614746094,9.285216375021264,quantized_global_optimum_not_continuous_global_optimum
06ac6393eee7a87a46f65b36cf9d1863821846f32cd08b7f9dd84710f2fa08a1,2,3,20281020,0.8,1.5,hard,249.7930962483098,249.7854680514268,5,0.1,0.1,6282,5140,0.8182107609041707,82,0.021413803100585938,0.20350975007750094,quantized_global_optimum_not_continuous_global_optimum
06ac6393eee7a87a46f65b36cf9d1863821846f32cd08b7f9dd84710f2fa08a1,2,3,20281020,0.8,2.0,hard,247.64666639417766,247.63198623879606,7,0.1,0.1,13164,10754,0.8169249468246733,118,0.029306411743164062,0.38350975001230836,quantized_global_optimum_not_continuous_global_optimum
06ac6393eee7a87a46f65b36cf9d1863821846f32cd08b7f9dd84710f2fa08a1,2,3,20281020,0.8,3.0,hard,245.25818701966259,245.21927427227308,11,0.1,0.1,33577,27377,0.8153497930130744,170,0.040900230407714844,0.8934117499738932,quantized_global_optimum_not_continuous_global_optimum
06ac6393eee7a87a46f65b36cf9d1863821846f32cd08b7f9dd84710f2fa08a1,2,3,20281020,0.8,5.0,hard,243.94327690117203,243.84937588974654,17,0.1,0.1,80825,64076,0.7927745128363749,263,0.06122016906738281,2.0084747090004385,quantized_global_optimum_not_continuous_global_optimum
06ac6393eee7a87a46f65b36cf9d1863821846f32cd08b7f9dd84710f2fa08a1,2,3,20281020,0.8,13.0,hard,243.94327690117203,243.84937588974654,17,0.1,0.1,487103,321552,0.6601314301082112,766,0.33216285705566406,11.926783749950118,quantized_global_optimum_not_continuous_global_optimum
06ac6393eee7a87a46f65b36cf9d1863821846f32cd08b7f9dd84710f2fa08a1,2,3,20281020,1.0,1.5,hard,249.76184207792372,249.75600324531308,5,0.1,0.1,6282,5140,0.8182107609041707,82,0.021413803100585938,0.20358358300291002,quantized_global_optimum_not_continuous_global_optimum
06ac6393eee7a87a46f65b36cf9d1863821846f32cd08b7f9dd84710f2fa08a1,2,3,20281020,1.0,2.0,hard,247.5833624160904,247.57232088387033,7,0.1,0.1,13164,10754,0.8169249468246733,118,0.029306411743164062,0.391031084000133,quantized_global_optimum_not_continuous_global_optimum
06ac6393eee7a87a46f65b36cf9d1863821846f32cd08b7f9dd84710f2fa08a1,2,3,20281020,1.0,3.0,hard,245.08271858505108,245.05457281577384,11,0.1,0.1,33577,27377,0.8153497930130744,170,0.04094886779785156,0.8902287089731544,quantized_global_optimum_not_continuous_global_optimum
06ac6393eee7a87a46f65b36cf9d1863821846f32cd08b7f9dd84710f2fa08a1,2,3,20281020,1.0,5.0,hard,243.37908788806683,243.31651033554422,17,0.1,0.1,80825,64076,0.7927745128363749,263,0.06122016906738281,2.008912416989915,quantized_global_optimum_not_continuous_global_optimum
06ac6393eee7a87a46f65b36cf9d1863821846f32cd08b7f9dd84710f2fa08a1,2,3,20281020,1.0,13.0,hard,243.37908788806683,243.31651033554422,17,0.1,0.1,487103,321552,0.6601314301082112,766,0.33216285705566406,12.448449667077512,quantized_global_optimum_not_continuous_global_optimum
06ac6393eee7a87a46f65b36cf9d1863821846f32cd08b7f9dd84710f2fa08a1,2,4,20281117,0.2,1.5,hard,250.07376594659877,250.00475099047554,5,0.1,0.1,6294,5024,0.7982205274864951,93,0.024168014526367188,0.22003766591660678,quantized_global_optimum_not_continuous_global_optimum
06ac6393eee7a87a46f65b36cf9d1863821846f32cd08b7f9dd84710f2fa08a1,2,4,20281117,0.2,2.0,hard,249.2747326001779,249.12516187150138,6,0.1,0.1,13819,11118,0.8045444677617772,138,0.033186912536621094,0.4182067080400884,quantized_global_optimum_not_continuous_global_optimum
06ac6393eee7a87a46f65b36cf9d1863821846f32cd08b7f9dd84710f2fa08a1,2,4,20281117,0.2,3.0,hard,248.95922253585744,248.76696880514874,7,0.1,0.1,37163,29963,0.8062589134354062,216,0.04884147644042969,1.0198340830393136,quantized_global_optimum_not_continuous_global_optimum
06ac6393eee7a87a46f65b36cf9d1863821846f32cd08b7f9dd84710f2fa08a1,2,4,20281117,0.2,5.0,hard,248.95922253585744,248.76696880514874,7,0.1,0.1,59632,48151,0.8074691440837134,234,0.05512428283691406,1.58020775008481,quantized_global_optimum_not_continuous_global_optimum
06ac6393eee7a87a46f65b36cf9d1863821846f32cd08b7f9dd84710f2fa08a1,2,4,20281117,0.2,13.0,hard,248.95922253585744,248.76696880514874,7,0.1,0.1,59632,48151,0.8074691440837134,234,0.05573463439941406,1.6714737500296906,quantized_global_optimum_not_continuous_global_optimum
06ac6393eee7a87a46f65b36cf9d1863821846f32cd08b7f9dd84710f2fa08a1,2,4,20281117,0.4,1.5,hard,249.52309696925275,249.5037634611229,5,0.1,0.1,6294,5024,0.7982205274864951,93,0.024168014526367188,0.21503908396698534,quantized_global_optimum_not_continuous_global_optimum
06ac6393eee7a87a46f65b36cf9d1863821846f32cd08b7f9dd84710f2fa08a1,2,4,20281117,0.4,2.0,hard,247.9745499543482,247.93327059487666,7,0.1,0.1,13819,11118,0.8045444677617772,138,0.03325843811035156,0.42048858292400837,quantized_global_optimum_not_continuous_global_optimum
06ac6393eee7a87a46f65b36cf9d1863821846f32cd08b7f9dd84710f2fa08a1,2,4,20281117,0.4,3.0,hard,245.9235952687195,245.81396371873439,10,0.1,0.1,37163,29963,0.8062589134354062,216,0.04884147644042969,1.0188384590437636,quantized_global_optimum_not_continuous_global_optimum
06ac6393eee7a87a46f65b36cf9d1863821846f32cd08b7f9dd84710f2fa08a1,2,4,20281117,0.4,5.0,hard,245.79299183345984,245.6935068654431,10,0.1,0.1,90275,72062,0.7982497923013016,299,0.07321739196777344,2.287948750075884,quantized_global_optimum_not_continuous_global_optimum
06ac6393eee7a87a46f65b36cf9d1863821846f32cd08b7f9dd84710f2fa08a1,2,4,20281117,0.4,13.0,hard,245.79299183345984,245.6935068654431,10,0.1,0.1,205575,154552,0.7518034780493738,393,0.09146690368652344,5.1130760830128565,quantized_global_optimum_not_continuous_global_optimum
06ac6393eee7a87a46f65b36cf9d1863821846f32cd08b7f9dd84710f2fa08a1,2,4,20281117,0.6,1.5,hard,249.39792881149154,249.38695618205523,5,0.1,0.1,6294,5024,0.7982205274864951,93,0.024198532104492188,0.2149782080668956,quantized_global_optimum_not_continuous_global_optimum
06ac6393eee7a87a46f65b36cf9d1863821846f32cd08b7f9dd84710f2fa08a1,2,4,20281117,0.6,2.0,hard,247.7003083409081,247.67851893175902,7,0.1,0.1,13819,11118,0.8045444677617772,138,0.03328895568847656,0.42092404200229794,quantized_global_optimum_not_continuous_global_optimum
06ac6393eee7a87a46f65b36cf9d1863821846f32cd08b7f9dd84710f2fa08a1,2,4,20281117,0.6,3.0,hard,245.1358508067972,245.08691629155027,10,0.1,0.1,37163,29963,0.8062589134354062,216,0.04887199401855469,1.0232390409801155,quantized_global_optimum_not_continuous_global_optimum
06ac6393eee7a87a46f65b36cf9d1863821846f32cd08b7f9dd84710f2fa08a1,2,4,20281117,0.6,5.0,hard,244.56874862854667,244.4627208263715,14,0.1,0.1,90275,72062,0.7982497923013016,299,0.07319927215576172,2.2857002089731395,quantized_global_optimum_not_continuous_global_optimum
06ac6393eee7a87a46f65b36cf9d1863821846f32cd08b7f9dd84710f2fa08a1,2,4,20281117,0.6,13.0,hard,244.56874862854667,244.4627208263715,14,0.1,0.1,414072,278984,0.673757220966402,816,0.3513011932373047,10.515883082989603,quantized_global_optimum_not_continuous_global_optimum
06ac6393eee7a87a46f65b36cf9d1863821846f32cd08b7f9dd84710f2fa08a1,2,4,20281117,0.8,1.5,hard,249.34252460603568,249.3348964091527,5,0.1,0.1,6294,5024,0.7982205274864951,93,0.024198532104492188,0.4944762079976499,quantized_global_optimum_not_continuous_global_optimum
06ac6393eee7a87a46f65b36cf9d1863821846f32cd08b7f9dd84710f2fa08a1,2,4,20281117,0.8,2.0,hard,247.58523961072223,247.57055945534063,7,0.1,0.1,13819,11118,0.8045444677617772,138,0.03328895568847656,0.43133054208010435,quantized_global_optimum_not_continuous_global_optimum
06ac6393eee7a87a46f65b36cf9d1863821846f32cd08b7f9dd84710f2fa08a1,2,4,20281117,0.8,3.0,hard,244.84283006818083,244.81198866002913,10,0.1,0.1,37163,29963,0.8062589134354062,216,0.04887199401855469,1.0301043749786913,quantized_global_optimum_not_continuous_global_optimum
06ac6393eee7a87a46f65b36cf9d1863821846f32cd08b7f9dd84710f2fa08a1,2,4,20281117,0.8,5.0,hard,243.78950619199466,243.70767556799123,16,0.1,0.1,90275,72062,0.7982497923013016,299,0.07324790954589844,2.2885342909721658,quantized_global_optimum_not_continuous_global_optimum
06ac6393eee7a87a46f65b36cf9d1863821846f32cd08b7f9dd84710f2fa08a1,2,4,20281117,0.8,13.0,hard,243.78950619199466,243.70767556799123,16,0.1,0.1,526169,337965,0.6423126409955736,941,0.41036415100097656,13.438186042010784,quantized_global_optimum_not_continuous_global_optimum
06ac6393eee7a87a46f65b36cf9d1863821846f32cd08b7f9dd84710f2fa08a1,2,4,20281117,1.0,1.5,hard,249.3112704356496,249.30543160303898,5,0.1,0.1,6294,5024,0.7982205274864951,93,0.024198532104492188,0.2153637500014156,quantized_global_optimum_not_continuous_global_optimum
06ac6393eee7a87a46f65b36cf9d1863821846f32cd08b7f9dd84710f2fa08a1,2,4,20281117,1.0,2.0,hard,247.52193563263498,247.5108941004149,7,0.1,0.1,13819,11118,0.8045444677617772,138,0.03328895568847656,0.4212223329814151,quantized_global_optimum_not_continuous_global_optimum
06ac6393eee7a87a46f65b36cf9d1863821846f32cd08b7f9dd84710f2fa08a1,2,4,20281117,1.0,3.0,hard,244.6898570787787,244.6674767973548,10,0.1,0.1,37163,29963,0.8062589134354062,216,0.04887199401855469,1.025806542020291,quantized_global_optimum_not_continuous_global_optimum
06ac6393eee7a87a46f65b36cf9d1863821846f32cd08b7f9dd84710f2fa08a1,2,4,20281117,1.0,5.0,hard,243.31497274050824,243.2595968824154,16,0.1,0.1,90275,72062,0.7982497923013016,299,0.07324790954589844,2.304754334036261,quantized_global_optimum_not_continuous_global_optimum
06ac6393eee7a87a46f65b36cf9d1863821846f32cd08b7f9dd84710f2fa08a1,2,4,20281117,1.0,13.0,hard,243.31497274050824,243.2595968824154,16,0.1,0.1,526169,337965,0.6423126409955736,941,0.41036415100097656,13.435941791976802,quantized_global_optimum_not_continuous_global_optimum
06ac6393eee7a87a46f65b36cf9d1863821846f32cd08b7f9dd84710f2fa08a1,2,5,20281214,0.2,1.5,hard,250.1210474323679,250.07029765053653,5,0.1,0.1,7122,5801,0.8145183937096321,71,0.019037246704101562,0.19729483302216977,quantized_global_optimum_not_continuous_global_optimum
06ac6393eee7a87a46f65b36cf9d1863821846f32cd08b7f9dd84710f2fa08a1,2,5,20281214,0.2,2.0,hard,248.9943257483303,248.853739380531,7,0.1,0.1,14161,11446,0.8082762516771415,107,0.027688980102539062,0.36323920800350606,quantized_global_optimum_not_continuous_global_optimum
06ac6393eee7a87a46f65b36cf9d1863821846f32cd08b7f9dd84710f2fa08a1,2,5,20281214,0.2,3.0,hard,248.9943257483303,248.853739380531,7,0.1,0.1,36808,29668,0.8060204303412302,185,0.04196739196777344,0.8880396250169724,quantized_global_optimum_not_continuous_global_optimum
06ac6393eee7a87a46f65b36cf9d1863821846f32cd08b7f9dd84710f2fa08a1,2,5,20281214,0.2,5.0,hard,248.9943257483303,248.853739380531,7,0.1,0.1,59796,47668,0.7971770687002475,232,0.05291175842285156,1.4342993330210447,quantized_global_optimum_not_continuous_global_optimum
06ac6393eee7a87a46f65b36cf9d1863821846f32cd08b7f9dd84710f2fa08a1,2,5,20281214,0.2,13.0,hard,248.9943257483303,248.853739380531,7,0.1,0.1,59796,47668,0.7971770687002475,232,0.05352210998535156,1.517746084020473,quantized_global_optimum_not_continuous_global_optimum
06ac6393eee7a87a46f65b36cf9d1863821846f32cd08b7f9dd84710f2fa08a1,2,5,20281214,0.4,1.5,hard,249.62963016773398,249.6147688557886,5,0.1,0.1,7122,5801,0.8145183937096321,71,0.019037246704101562,0.1964153340086341,quantized_global_optimum_not_continuous_global_optimum
06ac6393eee7a87a46f65b36cf9d1863821846f32cd08b7f9dd84710f2fa08a1,2,5,20281214,0.4,2.0,hard,247.5451430750407,247.5170463571029,7,0.1,0.1,14161,11446,0.8082762516771415,107,0.027688980102539062,0.3650097919162363,quantized_global_optimum_not_continuous_global_optimum
06ac6393eee7a87a46f65b36cf9d1863821846f32cd08b7f9dd84710f2fa08a1,2,5,20281214,0.4,3.0,hard,245.93992237363514,245.84806044280793,10,0.1,0.1,36808,29668,0.8060204303412302,185,0.04194164276123047,0.9009569589979947,quantized_global_optimum_not_continuous_global_optimum
06ac6393eee7a87a46f65b36cf9d1863821846f32cd08b7f9dd84710f2fa08a1,2,5,20281214,0.4,5.0,hard,245.75114011099623,245.63238550338247,11,0.1,0.1,93555,72271,0.7724974613863502,299,0.07196235656738281,2.1556696250336245,quantized_global_optimum_not_continuous_global_optimum
06ac6393eee7a87a46f65b36cf9d1863821846f32cd08b7f9dd84710f2fa08a1,2,5,20281214,0.4,13.0,hard,245.75114011099623,245.63238550338247,11,0.1,0.1,224283,159814,0.7125551200938101,412,0.09320640563964844,5.086122999899089,quantized_global_optimum_not_continuous_global_optimum
06ac6393eee7a87a46f65b36cf9d1863821846f32cd08b7f9dd84710f2fa08a1,2,5,20281214,0.6,1.5,hard,249.51447751790988,249.5059554385331,5,0.1,0.1,7122,5801,0.8145183937096321,71,0.019067764282226562,0.19542208407074213,quantized_global_optimum_not_continuous_global_optimum
06ac6393eee7a87a46f65b36cf9d1863821846f32cd08b7f9dd84710f2fa08a1,2,5,20281214,0.6,2.0,hard,247.27715870906815,247.26229469398527,7,0.1,0.1,14161,11446,0.8082762516771415,107,0.027696609497070312,0.36298495903611183,quantized_global_optimum_not_continuous_global_optimum
06ac6393eee7a87a46f65b36cf9d1863821846f32cd08b7f9dd84710f2fa08a1,2,5,20281214,0.6,3.0,hard,245.19821775424674,245.156544342197,10,0.1,0.1,36808,29668,0.8060204303412302,185,0.04202079772949219,0.8992355829104781,quantized_global_optimum_not_continuous_global_optimum
06ac6393eee7a87a46f65b36cf9d1863821846f32cd08b7f9dd84710f2fa08a1,2,5,20281214,0.6,5.0,hard,244.19143239339138,244.103160268752,14,0.1,0.1,93555,72271,0.7724974613863502,299,0.07199287414550781,2.1635309169068933,quantized_global_optimum_not_continuous_global_optimum
06ac6393eee7a87a46f65b36cf9d1863821846f32cd08b7f9dd84710f2fa08a1,2,5,20281214,0.6,13.0,hard,244.19143239339138,244.103160268752,14,0.1,0.1,484134,311553,0.6435263790603428,845,0.3681011199951172,11.148815750028007,quantized_global_optimum_not_continuous_global_optimum
06ac6393eee7a87a46f65b36cf9d1863821846f32cd08b7f9dd84710f2fa08a1,2,5,20281214,0.8,1.5,hard,249.46308455422673,249.45713263330404,5,0.1,0.1,7122,5801,0.8145183937096321,71,0.019067764282226562,0.19580587500240654,quantized_global_optimum_not_continuous_global_optimum
06ac6393eee7a87a46f65b36cf9d1863821846f32cd08b7f9dd84710f2fa08a1,2,5,20281214,0.8,2.0,hard,247.1643589198441,247.15433521756688,7,0.1,0.1,14161,11446,0.8082762516771415,107,0.027696609497070312,0.36796837497968227,quantized_global_optimum_not_continuous_global_optimum
06ac6393eee7a87a46f65b36cf9d1863821846f32cd08b7f9dd84710f2fa08a1,2,5,20281214,0.8,3.0,hard,244.9188744560355,244.89244840551314,10,0.1,0.1,36808,29668,0.8060204303412302,185,0.04202079772949219,0.9061245829798281,quantized_global_optimum_not_continuous_global_optimum
06ac6393eee7a87a46f65b36cf9d1863821846f32cd08b7f9dd84710f2fa08a1,2,5,20281214,0.8,5.0,hard,243.38882141781423,243.32079725133408,16,0.1,0.1,93555,72271,0.7724974613863502,299,0.07199287414550781,2.1698359579313546,quantized_global_optimum_not_continuous_global_optimum
06ac6393eee7a87a46f65b36cf9d1863821846f32cd08b7f9dd84710f2fa08a1,2,5,20281214,0.8,13.0,hard,243.38882141781423,243.32079725133408,16,0.1,0.1,621297,384471,0.6188199846450249,987,0.4356822967529297,14.492165832896717,quantized_global_optimum_not_continuous_global_optimum
06ac6393eee7a87a46f65b36cf9d1863821846f32cd08b7f9dd84710f2fa08a1,2,5,20281214,1.0,1.5,hard,249.43397781564784,249.429410158786,5,0.1,0.1,7122,5801,0.8145183937096321,71,0.019067764282226562,0.1957945830654353,quantized_global_optimum_not_continuous_global_optimum
06ac6393eee7a87a46f65b36cf9d1863821846f32cd08b7f9dd84710f2fa08a1,2,5,20281214,1.0,2.0,hard,247.10221297927524,247.09466986264115,7,0.1,0.1,14161,11446,0.8082762516771415,107,0.027696609497070312,0.3632711670361459,quantized_global_optimum_not_continuous_global_optimum
06ac6393eee7a87a46f65b36cf9d1863821846f32cd08b7f9dd84710f2fa08a1,2,5,20281214,1.0,3.0,hard,244.77228836885536,244.75305050642783,10,0.1,0.1,36808,29668,0.8060204303412302,185,0.04202079772949219,0.8942389590665698,quantized_global_optimum_not_continuous_global_optimum
06ac6393eee7a87a46f65b36cf9d1863821846f32cd08b7f9dd84710f2fa08a1,2,5,20281214,1.0,5.0,hard,242.8808248519352,242.82890213383237,17,0.1,0.1,93555,72271,0.7724974613863502,299,0.07199287414550781,2.1745089170290157,quantized_global_optimum_not_continuous_global_optimum
06ac6393eee7a87a46f65b36cf9d1863821846f32cd08b7f9dd84710f2fa08a1,2,5,20281214,1.0,13.0,hard,242.8808248519352,242.82890213383237,17,0.1,0.1,621297,384471,0.6188199846450249,987,0.4356822967529297,14.42014145909343,quantized_global_optimum_not_continuous_global_optimum
06ac6393eee7a87a46f65b36cf9d1863821846f32cd08b7f9dd84710f2fa08a1,2,6,20281311,0.2,1.5,hard,249.93687636313487,249.8861265813035,5,0.1,0.1,5903,5023,0.8509232593596476,78,0.020307540893554688,0.20614249992650002,quantized_global_optimum_not_continuous_global_optimum
06ac6393eee7a87a46f65b36cf9d1863821846f32cd08b7f9dd84710f2fa08a1,2,6,20281311,0.2,2.0,hard,248.8910899216397,248.7911074077874,6,0.1,0.1,12970,11067,0.8532767925983038,129,0.031232833862304688,0.3895582079421729,quantized_global_optimum_not_continuous_global_optimum
06ac6393eee7a87a46f65b36cf9d1863821846f32cd08b7f9dd84710f2fa08a1,2,6,20281311,0.2,3.0,hard,248.88593740929971,248.74535104150038,7,0.1,0.1,34793,29313,0.842497054005116,210,0.04889869689941406,0.9310041670687497,quantized_global_optimum_not_continuous_global_optimum
06ac6393eee7a87a46f65b36cf9d1863821846f32cd08b7f9dd84710f2fa08a1,2,6,20281311,0.2,5.0,hard,248.88593740929971,248.74535104150038,7,0.1,0.1,56196,46811,0.8329952309772938,241,0.05987358093261719,1.457904833019711,quantized_global_optimum_not_continuous_global_optimum
06ac6393eee7a87a46f65b36cf9d1863821846f32cd08b7f9dd84710f2fa08a1,2,6,20281311,0.2,13.0,hard,248.88593740929971,248.74535104150038,7,0.1,0.1,56196,46811,0.8329952309772938,241,0.06048393249511719,1.5459891250357032,quantized_global_optimum_not_continuous_global_optimum
06ac6393eee7a87a46f65b36cf9d1863821846f32cd08b7f9dd84710f2fa08a1,2,6,20281311,0.4,1.5,hard,249.3910965100098,249.37176300187994,5,0.1,0.1,5903,5023,0.8509232593596476,78,0.020307540893554688,0.20716387499123812,quantized_global_optimum_not_continuous_global_optimum
06ac6393eee7a87a46f65b36cf9d1863821846f32cd08b7f9dd84710f2fa08a1,2,6,20281311,0.4,2.0,hard,247.85158053512706,247.81814019183727,7,0.1,0.1,12970,11067,0.8532767925983038,129,0.031209945678710938,0.3917197079863399,quantized_global_optimum_not_continuous_global_optimum
06ac6393eee7a87a46f65b36cf9d1863821846f32cd08b7f9dd84710f2fa08a1,2,6,20281311,0.4,3.0,hard,246.3166790766661,246.2414236158498,10,0.1,0.1,34793,29313,0.842497054005116,210,0.04889869689941406,0.9348083329387009,quantized_global_optimum_not_continuous_global_optimum
06ac6393eee7a87a46f65b36cf9d1863821846f32cd08b7f9dd84710f2fa08a1,2,6,20281311,0.4,5.0,hard,246.2578580522085,246.1603242899808,11,0.1,0.1,84163,68764,0.8170336133455319,288,0.06872749328613281,2.095348707982339,quantized_global_optimum_not_continuous_global_optimum
06ac6393eee7a87a46f65b36cf9d1863821846f32cd08b7f9dd84710f2fa08a1,2,6,20281311,0.4,13.0,hard,246.2578580522085,246.1603242899808,11,0.1,0.1,189777,144996,0.7640335762500198,343,0.07960700988769531,4.6291945410193875,quantized_global_optimum_not_continuous_global_optimum
06ac6393eee7a87a46f65b36cf9d1863821846f32cd08b7f9dd84710f2fa08a1,2,6,20281311,0.6,1.5,hard,249.26592835224858,249.25495572281227,5,0.1,0.1,5903,5023,0.8509232593596476,78,0.020338058471679688,0.2067196249263361,quantized_global_optimum_not_continuous_global_optimum
06ac6393eee7a87a46f65b36cf9d1863821846f32cd08b7f9dd84710f2fa08a1,2,6,20281311,0.6,2.0,hard,247.59581777673148,247.57795375228682,7,0.1,0.1,12970,11067,0.8532767925983038,129,0.031240463256835938,0.39810987503733486,quantized_global_optimum_not_continuous_global_optimum
06ac6393eee7a87a46f65b36cf9d1863821846f32cd08b7f9dd84710f2fa08a1,2,6,20281311,0.6,3.0,hard,245.5527357691447,245.5161976488521,10,0.1,0.1,34793,29313,0.842497054005116,210,0.04892921447753906,0.9373986669816077,quantized_global_optimum_not_continuous_global_optimum
06ac6393eee7a87a46f65b36cf9d1863821846f32cd08b7f9dd84710f2fa08a1,2,6,20281311,0.6,5.0,hard,244.9991140932609,244.92546032847147,13,0.1,0.1,84163,68764,0.8170336133455319,288,0.06875801086425781,2.1006962090032175,quantized_global_optimum_not_continuous_global_optimum
06ac6393eee7a87a46f65b36cf9d1863821846f32cd08b7f9dd84710f2fa08a1,2,6,20281311,0.6,13.0,hard,244.9991140932609,244.92546032847147,13,0.1,0.1,385611,264921,0.6870161898908486,667,0.2688617706298828,9.359767958987504,quantized_global_optimum_not_continuous_global_optimum
06ac6393eee7a87a46f65b36cf9d1863821846f32cd08b7f9dd84710f2fa08a1,2,6,20281311,0.8,1.5,hard,249.21052414679272,249.20289594990973,5,0.1,0.1,5903,5023,0.8509232593596476,78,0.02028942108154297,0.20603320898953825,quantized_global_optimum_not_continuous_global_optimum
06ac6393eee7a87a46f65b36cf9d1863821846f32cd08b7f9dd84710f2fa08a1,2,6,20281311,0.8,2.0,hard,247.48213131564643,247.46745116026483,7,0.1,0.1,12970,11067,0.8532767925983038,129,0.03130912780761719,0.39036645798478276,quantized_global_optimum_not_continuous_global_optimum
06ac6393eee7a87a46f65b36cf9d1863821846f32cd08b7f9dd84710f2fa08a1,2,6,20281311,0.8,3.0,hard,245.26432462879563,245.24127001733098,10,0.1,0.1,34793,29313,0.842497054005116,210,0.04892921447753906,0.9377562500303611,quantized_global_optimum_not_continuous_global_optimum
06ac6393eee7a87a46f65b36cf9d1863821846f32cd08b7f9dd84710f2fa08a1,2,6,20281311,0.8,5.0,hard,244.32437551524194,244.25933705699168,15,0.1,0.1,84163,68764,0.8170336133455319,288,0.06875801086425781,2.103052792022936,quantized_global_optimum_not_continuous_global_optimum
06ac6393eee7a87a46f65b36cf9d1863821846f32cd08b7f9dd84710f2fa08a1,2,6,20281311,0.8,13.0,hard,244.32437551524194,244.25933705699168,15,0.1,0.1,494623,325252,0.6575755676545572,717,0.3185863494873047,12.352796540944837,quantized_global_optimum_not_continuous_global_optimum
06ac6393eee7a87a46f65b36cf9d1863821846f32cd08b7f9dd84710f2fa08a1,2,6,20281311,1.0,1.5,hard,249.17926997640663,249.17343114379602,5,0.1,0.1,5903,5023,0.8509232593596476,78,0.020338058471679688,0.20668575004674494,quantized_global_optimum_not_continuous_global_optimum
06ac6393eee7a87a46f65b36cf9d1863821846f32cd08b7f9dd84710f2fa08a1,2,6,20281311,1.0,2.0,hard,247.41882733755918,247.4077858053391,7,0.1,0.1,12970,11067,0.8532767925983038,129,0.03130912780761719,0.40002733294386417,quantized_global_optimum_not_continuous_global_optimum
06ac6393eee7a87a46f65b36cf9d1863821846f32cd08b7f9dd84710f2fa08a1,2,6,20281311,1.0,3.0,hard,245.11349781300186,245.09675815465664,10,0.1,0.1,34793,29313,0.842497054005116,210,0.04892921447753906,0.938714416930452,quantized_global_optimum_not_continuous_global_optimum
06ac6393eee7a87a46f65b36cf9d1863821846f32cd08b7f9dd84710f2fa08a1,2,6,20281311,1.0,5.0,hard,243.90781332919394,243.85721825296454,16,0.1,0.1,84163,68764,0.8170336133455319,288,0.06875801086425781,2.1039371670922264,quantized_global_optimum_not_continuous_global_optimum
06ac6393eee7a87a46f65b36cf9d1863821846f32cd08b7f9dd84710f2fa08a1,2,6,20281311,1.0,13.0,hard,243.90781332919394,243.85721825296454,16,0.1,0.1,494623,325252,0.6575755676545572,717,0.3185863494873047,12.077603333978914,quantized_global_optimum_not_continuous_global_optimum
06ac6393eee7a87a46f65b36cf9d1863821846f32cd08b7f9dd84710f2fa08a1,2,7,20281408,0.2,1.5,hard,250.2254671072971,250.15645215117388,5,0.1,0.1,6630,5311,0.8010558069381599,84,0.022314071655273438,0.22428237507119775,quantized_global_optimum_not_continuous_global_optimum
06ac6393eee7a87a46f65b36cf9d1863821846f32cd08b7f9dd84710f2fa08a1,2,7,20281408,0.2,2.0,hard,249.23110777847475,249.09481853136117,6,0.1,0.1,14072,11235,0.7983939738487777,130,0.03251838684082031,0.42185283405706286,quantized_global_optimum_not_continuous_global_optimum
06ac6393eee7a87a46f65b36cf9d1863821846f32cd08b7f9dd84710f2fa08a1,2,7,20281408,0.2,3.0,hard,249.23110777847475,249.09481853136117,6,0.1,0.1,38336,30590,0.7979444908180301,235,0.05320167541503906,1.0506500409683213,quantized_global_optimum_not_continuous_global_optimum
06ac6393eee7a87a46f65b36cf9d1863821846f32cd08b7f9dd84710f2fa08a1,2,7,20281408,0.2,5.0,hard,249.23110777847475,249.09481853136117,6,0.1,0.1,63007,50092,0.7950227752471948,290,0.06768226623535156,1.6901235419791192,quantized_global_optimum_not_continuous_global_optimum
06ac6393eee7a87a46f65b36cf9d1863821846f32cd08b7f9dd84710f2fa08a1,2,7,20281408,0.2,13.0,hard,249.23110777847475,249.09481853136117,6,0.1,0.1,63007,50092,0.7950227752471948,290,0.06829261779785156,1.7977764590177685,quantized_global_optimum_not_continuous_global_optimum
06ac6393eee7a87a46f65b36cf9d1863821846f32cd08b7f9dd84710f2fa08a1,2,7,20281408,0.4,1.5,hard,249.67479812995109,249.65546462182124,5,0.1,0.1,6630,5311,0.8010558069381599,84,0.022314071655273438,0.222051625023596,quantized_global_optimum_not_continuous_global_optimum
06ac6393eee7a87a46f65b36cf9d1863821846f32cd08b7f9dd84710f2fa08a1,2,7,20281408,0.4,2.0,hard,248.07818152494923,248.04951837355796,6,0.1,0.1,14072,11235,0.7983939738487777,130,0.03251838684082031,0.43389266601298004,quantized_global_optimum_not_continuous_global_optimum
06ac6393eee7a87a46f65b36cf9d1863821846f32cd08b7f9dd84710f2fa08a1,2,7,20281408,0.4,3.0,hard,246.69465983014857,246.60331022285206,9,0.1,0.1,38336,30590,0.7979444908180301,235,0.05322456359863281,1.0807872499572113,quantized_global_optimum_not_continuous_global_optimum
