config_hash,task_pool_id,wireless_index,wireless_seed,workload_capacity_fraction,memory_available_gb_config,memory_mode,algorithm,strategy_bits,strategy_feasible_estimated,raw_strategy_quantized_feasible,raw_strategy_quantized_objective,quantized_projected_strategy_bits,quantized_projection_change_rate,projected_strategy_quantized_objective,quantized_oracle_objective,quantized_oracle_gap_percent,runtime_seconds,updates,changes,swaps,full_single_flip_pass,signaling_payload_bytes,signaling_header_bytes,signaling_total_bytes,n_nodes,k_offload,offload_rate,decision_objective,public_objective_J,barrier_penalty,estimated_workload,true_workload,workload_capacity,workload_limit,workload_utilization,estimated_memory_gb,true_memory_gb,memory_available_gb,memory_utilization,estimated_workload_violation,estimated_memory_violation,true_workload_violation,true_memory_violation,total_end_to_end_delay_seconds,mean_end_to_end_delay_seconds,total_device_energy_j,mean_tx_time_ms_offloaded,mean_tx_energy_mj_offloaded,queue_delay_ms_per_offloaded_task,rejections_workload,rejections_memory,rejections_cost
06ac6393eee7a87a46f65b36cf9d1863821846f32cd08b7f9dd84710f2fa08a1,1,0,20270729,0.2,1.5,hard,wa_mcbr_hard,0000000000000000001000000000000000000000000000000010010000000000000000101000000000000000000100000000,1,0,inf,0000000000000000001000000000000000000000000000000010010000000000000000001000000000000000000100000000,0.01,236.34747913322437,235.71337173052615,0.26901630486332717,0.0057630829978734255,100,0,0,True,3800,8000,11800,100,6,0.06,235.76266508132028,235.76266508132028,0.0,5.58252427184466,5.58252427184466,12.631578947368421,12.0,0.4419498381877022,1.4949999999999999,1.4949999999999999,1.5,0.9966666666666666,0,0,0,0,4382.558736026372,43.82558736026372,8258.639644150448,341.80093613390426,39.94069174129091,217.9884015947807,0,94,0
06ac6393eee7a87a46f65b36cf9d1863821846f32cd08b7f9dd84710f2fa08a1,1,0,20270729,0.2,1.5,soft,wa_mcbr_soft,0010000000000000000000000000000000000000000000001010000000000000000000001000000000000000000000000000,1,1,238.09845057021516,0010000000000000000000000000000000000000000000001010000000000000000000001000000000000000000000000000,0.0,238.09845057021516,,,0.015033708070404828,153,8,0,True,5814,12240,18054,100,4,0.04,238.51767825897903,238.06747258563243,0.4502056733466058,4.126213592233009,4.126213592233009,12.631578947368421,12.0,0.3266585760517799,1.05625,1.05625,1.5,0.7041666666666666,0,0,0,0,4453.725114923866,44.537251149238664,8586.131136624419,289.99606349881,32.78415610486682,141.28266746770802,0,0,96
06ac6393eee7a87a46f65b36cf9d1863821846f32cd08b7f9dd84710f2fa08a1,1,0,20270729,0.2,1.5,none,wa_mcbr_none,0000000001000000001000000000000000010000000000000010100000000000000000000000010000000000000100000000,1,0,inf,0000000001000000001000000000000000000000000000000010000000000000000000000000010000000000000100000000,0.02,235.92462771651608,,,0.06290062505286187,1172,17,0,True,44536,93760,138296,100,7,0.07,234.66184630614543,234.66184630614543,0.0,6.067961165048544,6.067961165048544,12.631578947368421,12.0,0.4803802588996764,1.69,1.69,1.5,1.1266666666666667,0,1,0,1,4311.504797008455,43.115047970084554,7927.65410481924,592.4213710015567,64.87211703416585,251.12105877773456,0,0,93
06ac6393eee7a87a46f65b36cf9d1863821846f32cd08b7f9dd84710f2fa08a1,1,0,20270729,0.2,2.0,hard,wa_mcbr_hard,0000000001000000001000000000000000010000000000000010100000000000000000000000010000000000000100000000,1,1,234.89914910929357,0000000001000000001000000000000000010000000000000010100000000000000000000000010000000000000100000000,0.0,234.89914910929357,234.89914910929355,1.209953698775639e-14,0.05455541703850031,1172,13,0,True,44536,93760,138296,100,7,0.07,234.66184630614543,234.66184630614543,0.0,6.067961165048544,6.067961165048544,12.631578947368421,12.0,0.4803802588996764,1.69,1.69,2.0,0.845,0,0,0,0,4311.504797008455,43.115047970084554,7927.65410481924,592.4213710015567,64.87211703416585,251.12105877773456,0,32,61
06ac6393eee7a87a46f65b36cf9d1863821846f32cd08b7f9dd84710f2fa08a1,1,0,20270729,0.2,2.0,soft,wa_mcbr_soft,0000000001000000001000000000000000000000000000000010100000000000000000000000010000000000000100000000,1,1,235.23752217893676,0000000001000000001000000000000000000000000000000010100000000000000000000000010000000000000100000000,0.0,235.23752217893676,,,0.02969312504865229,331,14,0,True,12578,26480,39058,100,6,0.06,235.88840059203835,235.10249528944942,0.7859053025889404,5.339805825242719,5.339805825242719,12.631578947368421,12.0,0.4227346278317152,1.4462499999999998,1.4462499999999998,2.0,0.7231249999999999,0,0,0,0,4336.795714338112,43.36795714338112,8046.392415126999,596.2093389960928,65.40252116644108,203.07638402242466,0,0,94
06ac6393eee7a87a46f65b36cf9d1863821846f32cd08b7f9dd84710f2fa08a1,1,0,20270729,0.2,2.0,none,wa_mcbr_none,0000000001000000001000000000000000010000000000000010100000000000000000000000010000000000000100000000,1,1,234.89914910929357,0000000001000000001000000000000000010000000000000010100000000000000000000000010000000000000100000000,0.0,234.89914910929357,,,0.07029195805080235,1172,17,0,True,44536,93760,138296,100,7,0.07,234.66184630614543,234.66184630614543,0.0,6.067961165048544,6.067961165048544,12.631578947368421,12.0,0.4803802588996764,1.69,1.69,2.0,0.845,0,0,0,0,4311.504797008455,43.115047970084554,7927.65410481924,592.4213710015567,64.87211703416585,251.12105877773456,0,0,93
06ac6393eee7a87a46f65b36cf9d1863821846f32cd08b7f9dd84710f2fa08a1,1,0,20270729,0.2,3.0,hard,wa_mcbr_hard,0000000001000000001000000000000000010000000000000010100000000000000000000000010000000000000100000000,1,1,234.89914910929357,0000000001000000001000000000000000010000000000000010100000000000000000000000010000000000000100000000,0.0,234.89914910929357,234.89914910929355,1.209953698775639e-14,0.06673137506004423,1172,17,0,True,44536,93760,138296,100,7,0.07,234.66184630614543,234.66184630614543,0.0,6.067961165048544,6.067961165048544,12.631578947368421,12.0,0.4803802588996764,1.69,1.69,3.0,0.5633333333333334,0,0,0,0,4311.504797008455,43.115047970084554,7927.65410481924,592.4213710015567,64.87211703416585,251.12105877773456,0,0,93
06ac6393eee7a87a46f65b36cf9d1863821846f32cd08b7f9dd84710f2fa08a1,1,0,20270729,0.2,3.0,soft,wa_mcbr_soft,0000000001000000001000000000000000010000000000000010110000000000000000000000010000000000000000000000,1,1,234.95865071668965,0000000001000000001000000000000000010000000000000010110000000000000000000000010000000000000000000000,0.0,234.95865071668965,,,0.13905733299907297,958,17,0,True,36404,76640,113044,100,7,0.07,235.0199184231893,234.72911321612477,0.2908052070645141,6.310679611650485,6.310679611650485,12.631578947368421,12.0,0.4995954692556634,1.7387499999999998,1.7387499999999998,3.0,0.5795833333333332,0,0,0,0,4320.747028662113,43.20747028662113,7970.805069386283,522.8368697348666,57.867055183335886,269.5957962813258,0,0,93
06ac6393eee7a87a46f65b36cf9d1863821846f32cd08b7f9dd84710f2fa08a1,1,0,20270729,0.2,3.0,none,wa_mcbr_none,0000000001000000001000000000000000010000000000000010100000000000000000000000010000000000000100000000,1,1,234.89914910929357,0000000001000000001000000000000000010000000000000010100000000000000000000000010000000000000100000000,0.0,234.89914910929357,,,0.07439137494657189,1172,17,0,True,44536,93760,138296,100,7,0.07,234.66184630614543,234.66184630614543,0.0,6.067961165048544,6.067961165048544,12.631578947368421,12.0,0.4803802588996764,1.69,1.69,3.0,0.5633333333333334,0,0,0,0,4311.504797008455,43.115047970084554,7927.65410481924,592.4213710015567,64.87211703416585,251.12105877773456,0,0,93
06ac6393eee7a87a46f65b36cf9d1863821846f32cd08b7f9dd84710f2fa08a1,1,0,20270729,0.2,5.0,hard,wa_mcbr_hard,0000000001000000001000000000000000010000000000000010100000000000000000000000010000000000000100000000,1,1,234.89914910929357,0000000001000000001000000000000000010000000000000010100000000000000000000000010000000000000100000000,0.0,234.89914910929357,234.89914910929355,1.209953698775639e-14,0.0770408749813214,1172,17,0,True,44536,93760,138296,100,7,0.07,234.66184630614543,234.66184630614543,0.0,6.067961165048544,6.067961165048544,12.631578947368421,12.0,0.4803802588996764,1.69,1.69,5.0,0.33799999999999997,0,0,0,0,4311.504797008455,43.115047970084554,7927.65410481924,592.4213710015567,64.87211703416585,251.12105877773456,0,0,93
06ac6393eee7a87a46f65b36cf9d1863821846f32cd08b7f9dd84710f2fa08a1,1,0,20270729,0.2,5.0,soft,wa_mcbr_soft,0000000001000000001000000000000000010000000000000010010000000000000000000000010000000000000100000000,1,1,234.93346634101536,0000000001000000001000000000000000010000000000000010010000000000000000000000010000000000000100000000,0.0,234.93346634101536,,,0.11752816697116941,1056,17,0,True,40128,84480,124608,100,7,0.07,234.73826098012336,234.69616353786722,0.04209744225612295,6.067961165048544,6.067961165048544,12.631578947368421,12.0,0.4803802588996764,1.69,1.69,5.0,0.33799999999999997,0,0,0,0,4336.001669188964,43.36001669188964,8042.743725491977,434.8316825028451,49.10364171100863,251.12105877773456,0,0,93
06ac6393eee7a87a46f65b36cf9d1863821846f32cd08b7f9dd84710f2fa08a1,1,0,20270729,0.2,5.0,none,wa_mcbr_none,0000000001000000001000000000000000010000000000000010100000000000000000000000010000000000000100000000,1,1,234.89914910929357,0000000001000000001000000000000000010000000000000010100000000000000000000000010000000000000100000000,0.0,234.89914910929357,,,0.15684020798653364,1172,17,0,True,44536,93760,138296,100,7,0.07,234.66184630614543,234.66184630614543,0.0,6.067961165048544,6.067961165048544,12.631578947368421,12.0,0.4803802588996764,1.69,1.69,5.0,0.33799999999999997,0,0,0,0,4311.504797008455,43.115047970084554,7927.65410481924,592.4213710015567,64.87211703416585,251.12105877773456,0,0,93
06ac6393eee7a87a46f65b36cf9d1863821846f32cd08b7f9dd84710f2fa08a1,1,0,20270729,0.2,13.0,hard,wa_mcbr_hard,0000000001000000001000000000000000010000000000000010100000000000000000000000010000000000000100000000,1,1,234.89914910929357,0000000001000000001000000000000000010000000000000010100000000000000000000000010000000000000100000000,0.0,234.89914910929357,234.89914910929355,1.209953698775639e-14,0.06704212503973395,1172,17,0,True,44536,93760,138296,100,7,0.07,234.66184630614543,234.66184630614543,0.0,6.067961165048544,6.067961165048544,12.631578947368421,12.0,0.4803802588996764,1.69,1.69,13.0,0.13,0,0,0,0,4311.504797008455,43.115047970084554,7927.65410481924,592.4213710015567,64.87211703416585,251.12105877773456,0,0,93
06ac6393eee7a87a46f65b36cf9d1863821846f32cd08b7f9dd84710f2fa08a1,1,0,20270729,0.2,13.0,soft,wa_mcbr_soft,0000000001000000001000000000000000010000000000000010100000000000000000000000010000000000000100000000,1,1,234.89914910929357,0000000001000000001000000000000000010000000000000010100000000000000000000000010000000000000100000000,0.0,234.89914910929357,,,0.1379631250165403,1172,17,0,True,44536,93760,138296,100,7,0.07,234.66981871737158,234.66184630614543,0.007972411226143332,6.067961165048544,6.067961165048544,12.631578947368421,12.0,0.4803802588996764,1.69,1.69,13.0,0.13,0,0,0,0,4311.504797008455,43.115047970084554,7927.65410481924,592.4213710015567,64.87211703416585,251.12105877773456,0,0,93
06ac6393eee7a87a46f65b36cf9d1863821846f32cd08b7f9dd84710f2fa08a1,1,0,20270729,0.2,13.0,none,wa_mcbr_none,0000000001000000001000000000000000010000000000000010100000000000000000000000010000000000000100000000,1,1,234.89914910929357,0000000001000000001000000000000000010000000000000010100000000000000000000000010000000000000100000000,0.0,234.89914910929357,,,0.10930487501900643,1172,17,0,True,44536,93760,138296,100,7,0.07,234.66184630614543,234.66184630614543,0.0,6.067961165048544,6.067961165048544,12.631578947368421,12.0,0.4803802588996764,1.69,1.69,13.0,0.13,0,0,0,0,4311.504797008455,43.115047970084554,7927.65410481924,592.4213710015567,64.87211703416585,251.12105877773456,0,0,93
06ac6393eee7a87a46f65b36cf9d1863821846f32cd08b7f9dd84710f2fa08a1,1,0,20270729,0.4,1.5,hard,wa_mcbr_hard,0000000000000000001000000000000000000000000000000010010000000000000000101000000000000000000100000000,1,0,inf,0000000000000000001000000000000000000000000000000010010000000000000000001000000000000000000100000000,0.01,235.85606186859044,235.22195446589222,0.26957832407185744,0.005652416963130236,100,0,0,True,3800,8000,11800,100,6,0.06,235.0002182495784,235.0002182495784,0.0,5.58252427184466,5.58252427184466,25.263157894736842,24.0,0.2209749190938511,1.4949999999999999,1.4949999999999999,1.5,0.9966666666666666,0,0,0,0,4381.79628919463,43.8179628919463,8258.639644150448,341.80093613390426,39.94069174129091,90.91392963780345,0,94,0
06ac6393eee7a87a46f65b36cf9d1863821846f32cd08b7f9dd84710f2fa08a1,1,0,20270729,0.4,1.5,soft,wa_mcbr_soft,0010000000000000000000000000000000000000100000000010000000000000000000000000001000000000000000000000,1,1,238.29565129519065,0010000000000000000000000000000000000000100000000010000000000000000000000000001000000000000000000000,0.0,238.29565129519065,,,0.03639333299361169,456,25,0,True,17328,36480,53808,100,4,0.04,238.97652328076646,238.2821304328993,0.6943928478671761,4.368932038834951,4.368932038834951,25.263157894736842,24.0,0.17293689320388347,1.1375,1.1375,1.5,0.7583333333333333,0,0,0,0,4466.86410903891,44.6686410903891,8647.32688320258,243.7528650098476,31.720800644918093,72.27439471753485,0,0,96
06ac6393eee7a87a46f65b36cf9d1863821846f32cd08b7f9dd84710f2fa08a1,1,0,20270729,0.4,1.5,none,wa_mcbr_none,0011000001000000001000000000000000010000000000000010010000000000000000110000001000000000001100000000,1,0,inf,0000000001000000001000000000000000010000000000000010000000000000000000000000000000000000000100000000,0.07,235.7579651682884,,,0.07576975005213171,923,37,0,True,35074,73840,108914,100,12,0.12,231.7505387690974,231.7505387690974,0.0,11.16504854368932,11.16504854368932,25.263157894736842,24.0,0.4419498381877022,2.9899999999999998,2.9899999999999998,1.5,1.9933333333333332,0,1,0,1,4254.674740564798,42.546747405647984,7664.948158726537,404.90664547174873,45.67989387808489,217.9884015947807,0,0,88
06ac6393eee7a87a46f65b36cf9d1863821846f32cd08b7f9dd84710f2fa08a1,1,0,20270729,0.4,2.0,hard,wa_mcbr_hard,0010000000000000001000000000000000000000000000001010010000000000000000101000000000000000000100000000,1,0,inf,0000000000000000001000000000000000000000000000000010010000000000000000101000000000000000000100000000,0.02,235.03178821891115,233.65024012892286,0.5912889664594306,0.005678457906469703,100,0,0,True,3800,8000,11800,100,8,0.08,233.94497067511895,233.94497067511895,0.0,7.524271844660195,7.524271844660195,25.263157894736842,24.0,0.29783576051779936,1.9825,1.9825,2.0,0.99125,0,0,0,0,4337.919748540373,43.37919748540373,8053.575296746699,413.9265107988274,46.91209333741886,126.04205674780356,0,92,0
06ac6393eee7a87a46f65b36cf9d1863821846f32cd08b7f9dd84710f2fa08a1,1,0,20270729,0.4,2.0,soft,wa_mcbr_soft,0000000001000000001000000000000000010000000000000010000000000000000000000000010000000000000100000000,1,1,234.50105488662493,0000000001000000001000000000000000010000000000000010000000000000000000000000010000000000000100000000,0.0,234.50105488662493,,,0.05350124998949468,469,29,0,True,17822,37520,55342,100,6,0.06,235.24865018977565,234.46274488718672,0.7859053025889411,5.097087378640777,5.097087378640777,25.263157894736842,24.0,0.20175970873786409,1.44625,1.44625,2.0,0.723125,0,0,0,0,4359.089626585039,43.59089626585039,8154.2936729779985,431.7488626147192,48.94549633308176,83.18890155834283,0,0,94
06ac6393eee7a87a46f65b36cf9d1863821846f32cd08b7f9dd84710f2fa08a1,1,0,20270729,0.4,2.0,none,wa_mcbr_none,0011000001000000001000000000000000010000000000000010010000000000000000110000001000000000001100000000,1,0,inf,0000000001000000001000000000000000010000000000000010010000000000000000000000000000000000001100000000,0.05,233.92110041279287,,,0.05963208305183798,923,37,0,True,35074,73840,108914,100,12,0.12,231.7505387690974,231.7505387690974,0.0,11.16504854368932,11.16504854368932,25.263157894736842,24.0,0.4419498381877022,2.9899999999999998,2.9899999999999998,2.0,1.4949999999999999,0,1,0,1,4254.674740564798,42.546747405647984,7664.948158726537,404.90664547174873,45.67989387808489,217.9884015947807,0,0,88
06ac6393eee7a87a46f65b36cf9d1863821846f32cd08b7f9dd84710f2fa08a1,1,0,20270729,0.4,3.0,hard,wa_mcbr_hard,0000000001000000001000000000000000010000000000000010010000000000000000111000010000000000001100000000,1,0,inf,0000000001000000001000000000000000010000000000000010010000000000000000110000010000000000001100000000,0.01,231.9454894560227,231.9454894560227,0.0,0.02278479200322181,440,15,0,True,16720,35200,51920,100,11,0.11,231.71714190372958,231.71714190372958,0.0,10.194174757281553,10.194174757281553,25.263157894736842,24.0,0.40351941747572817,2.7462499999999994,2.7462499999999994,3.0,0.9154166666666664,0,0,0,0,4231.331194184955,42.31331194184955,7557.062715766818,550.0743441977488,60.246887892453366,189.12512716174976,0,31,58
06ac6393eee7a87a46f65b36cf9d1863821846f32cd08b7f9dd84710f2fa08a1,1,0,20270729,0.4,3.0,soft,wa_mcbr_soft,0000000001000000001000000000000000010000000000000010010000000000000000001000010000000000000100000000,1,1,233.1396301120354,0000000001000000001000000000000000010000000000000010010000000000000000001000010000000000000100000000,0.0,233.1396301120354,,,0.03604604199063033,454,33,0,True,17252,36320,53572,100,8,0.08,233.6266715551997,233.06765167067522,0.5590198845244834,7.038834951456311,7.038834951456311,25.263157894736842,24.0,0.2786205501618123,1.9337499999999999,1.9337499999999999,3.0,0.6445833333333333,0,0,0,0,4302.643298315847,43.026432983158465,7891.655065013353,513.8540390952608,56.88312666913682,116.55825038553203,0,0,92
06ac6393eee7a87a46f65b36cf9d1863821846f32cd08b7f9dd84710f2fa08a1,1,0,20270729,0.4,3.0,none,wa_mcbr_none,0011000001000000001000000000000000010000000000000010010000000000000000110000001000000000001100000000,1,0,inf,0001000001000000001000000000000000010000000000000010010000000000000000110000000000000000001100000000,0.02,232.0992687260902,,,0.07256037497427315,923,37,0,True,35074,73840,108914,100,12,0.12,231.7505387690974,231.7505387690974,0.0,11.16504854368932,11.16504854368932,25.263157894736842,24.0,0.4419498381877022,2.9899999999999998,2.9899999999999998,3.0,0.9966666666666666,0,0,0,0,4254.674740564798,42.546747405647984,7664.948158726537,404.90664547174873,45.67989387808489,217.9884015947807,0,0,88
06ac6393eee7a87a46f65b36cf9d1863821846f32cd08b7f9dd84710f2fa08a1,1,0,20270729,0.4,5.0,hard,wa_mcbr_hard,0000000001000000001000000000000000010000000000000010010000000000000000111000010000000000001100000000,1,1,231.910258954732,0000000001000000001000000000000000010000000000000010010000000000000000111000010000000000001100000000,0.0,231.910258954732,231.82385357967573,0.03727199497465712,0.05713679199106991,923,29,0,True,35074,73840,108914,100,11,0.11,231.71714190372958,231.71714190372958,0.0,10.194174757281553,10.194174757281553,25.263157894736842,24.0,0.40351941747572817,2.7462499999999994,2.7462499999999994,5.0,0.5492499999999999,0,0,0,0,4231.331194184955,42.31331194184955,7557.062715766818,550.0743441977488,60.246887892453366,189.12512716174976,0,0,89
06ac6393eee7a87a46f65b36cf9d1863821846f32cd08b7f9dd84710f2fa08a1,1,0,20270729,0.4,5.0,soft,wa_mcbr_soft,0000000001000000001000000000000000010000000000000010010000000000001000110000010000000000001100000000,1,1,231.82385357967576,0000000001000000001000000000000000010000000000000010010000000000001000110000010000000000001100000000,0.0,231.82385357967576,,,0.0792709169909358,896,36,0,True,34048,71680,105728,100,11,0.11,231.98925210531144,231.63073652867334,0.3585155766381095,10.194174757281553,10.194174757281553,25.263157894736842,24.0,0.40351941747572817,2.7462499999999994,2.7462499999999994,5.0,0.5492499999999999,0,0,0,0,4246.533735009166,42.46533735009166,7628.982958387163,477.5780554896754,52.99621701476309,189.12512716174976,0,0,89
06ac6393eee7a87a46f65b36cf9d1863821846f32cd08b7f9dd84710f2fa08a1,1,0,20270729,0.4,5.0,none,wa_mcbr_none,0011000001000000001000000000000000010000000000000010010000000000000000110000001000000000001100000000,1,1,232.0040759171219,0011000001000000001000000000000000010000000000000010010000000000000000110000001000000000001100000000,0.0,232.0040759171219,,,0.04891245800536126,923,37,0,True,35074,73840,108914,100,12,0.12,231.7505387690974,231.7505387690974,0.0,11.16504854368932,11.16504854368932,25.263157894736842,24.0,0.4419498381877022,2.9899999999999998,2.9899999999999998,5.0,0.598,0,0,0,0,4254.674740564798,42.546747405647984,7664.948158726537,404.90664547174873,45.67989387808489,217.9884015947807,0,0,88
06ac6393eee7a87a46f65b36cf9d1863821846f32cd08b7f9dd84710f2fa08a1,1,0,20270729,0.4,13.0,hard,wa_mcbr_hard,0011000001000000001000000000000000010000000000000010010000000000000000110000001000000000001100000000,1,1,232.0040759171219,0011000001000000001000000000000000010000000000000010010000000000000000110000001000000000001100000000,0.0,232.0040759171219,231.82385357967573,0.07774106704866193,0.05599416699260473,923,37,0,True,35074,73840,108914,100,12,0.12,231.7505387690974,231.7505387690974,0.0,11.16504854368932,11.16504854368932,25.263157894736842,24.0,0.4419498381877022,2.9899999999999998,2.9899999999999998,13.0,0.22999999999999998,0,0,0,0,4254.674740564798,42.546747405647984,7664.948158726537,404.90664547174873,45.67989387808489,217.9884015947807,0,0,88
06ac6393eee7a87a46f65b36cf9d1863821846f32cd08b7f9dd84710f2fa08a1,1,0,20270729,0.4,13.0,soft,wa_mcbr_soft,0011000001000000001000000000000000010000000000000010010000000000000000110000001000000000001100000000,1,1,232.0040759171219,0011000001000000001000000000000000010000000000000010010000000000000000110000001000000000001100000000,0.0,232.0040759171219,,,0.07260175002738833,923,37,0,True,35074,73840,108914,100,12,0.12,231.78095521621034,231.7505387690974,0.030416447112951082,11.16504854368932,11.16504854368932,25.263157894736842,24.0,0.4419498381877022,2.9899999999999998,2.9899999999999998,13.0,0.22999999999999998,0,0,0,0,4254.674740564798,42.546747405647984,7664.948158726537,404.90664547174873,45.67989387808489,217.9884015947807,0,0,88
06ac6393eee7a87a46f65b36cf9d1863821846f32cd08b7f9dd84710f2fa08a1,1,0,20270729,0.4,13.0,none,wa_mcbr_none,0011000001000000001000000000000000010000000000000010010000000000000000110000001000000000001100000000,1,1,232.0040759171219,0011000001000000001000000000000000010000000000000010010000000000000000110000001000000000001100000000,0.0,232.0040759171219,,,0.04893383395392448,923,37,0,True,35074,73840,108914,100,12,0.12,231.7505387690974,231.7505387690974,0.0,11.16504854368932,11.16504854368932,25.263157894736842,24.0,0.4419498381877022,2.9899999999999998,2.9899999999999998,13.0,0.22999999999999998,0,0,0,0,4254.674740564798,42.546747405647984,7664.948158726537,404.90664547174873,45.67989387808489,217.9884015947807,0,0,88
06ac6393eee7a87a46f65b36cf9d1863821846f32cd08b7f9dd84710f2fa08a1,1,0,20270729,0.6,1.5,hard,wa_mcbr_hard,0000000000000000001000000000000000000000000000000010010000000000000000101000000000000000000100000000,1,0,inf,0000000000000000001000000000000000000000000000000010010000000000000000001000000000000000000100000000,0.01,235.74090921876635,235.10680181606813,0.2697103604830213,0.005580374971032143,100,0,0,True,3800,8000,11800,100,6,0.06,234.83388703990215,234.83388703990215,0.0,5.58252427184466,5.58252427184466,37.89473684210527,36.0,0.14731661272923408,1.4949999999999999,1.4949999999999999,1.5,0.9966666666666666,0,0,0,0,4381.629957984954,43.816299579849534,8258.639644150448,341.80093613390426,39.94069174129091,63.19206135842492,0,94,0
06ac6393eee7a87a46f65b36cf9d1863821846f32cd08b7f9dd84710f2fa08a1,1,0,20270729,0.6,1.5,soft,wa_mcbr_soft,0000000000000000000000000000000000000000100000000010000000000000000000000000001000010000000000000000,1,1,238.58008231353682,0000000000000000000000000000000000000000100000000010000000000000000000000000001000010000000000000000,0.0,238.58008231353682,,,0.0348195000551641,456,36,0,True,17328,36480,53808,100,4,0.04,239.2666306873823,238.57223783951514,0.6943928478671761,4.368932038834951,4.368932038834951,37.89473684210527,36.0,0.1152912621359223,1.1375,1.1375,1.5,0.7583333333333333,0,0,0,0,4476.327801485208,44.76327801485208,8690.52108031376,229.3714961301649,30.270078439556798,52.57887517146776,0,0,96
06ac6393eee7a87a46f65b36cf9d1863821846f32cd08b7f9dd84710f2fa08a1,1,0,20270729,0.6,1.5,none,wa_mcbr_none,0011000001000000001000000000000000010000000000001010010000000000001000110000001000000000001100000001,1,0,inf,0000000001000000001000000000000000010000000000000010000000000000000000000000000000000000000100000000,0.1,235.65549233707193,,,0.05761083401739597,1057,57,0,True,40166,84560,124726,100,15,0.15,230.06503731042477,230.06503731042477,0.0,14.077669902912621,14.077669902912621,37.89473684210527,36.0,0.3714940668824164,3.7212499999999995,3.7212499999999995,1.5,2.480833333333333,0,1,0,1,4202.905505652967,42.02905505652967,7423.954359373605,452.5983243721464,50.29062490702326,167.76871915897874,0,0,85
06ac6393eee7a87a46f65b36cf9d1863821846f32cd08b7f9dd84710f2fa08a1,1,0,20270729,0.6,2.0,hard,wa_mcbr_hard,0010000000000000001000000000000000000000000000001010010000000000000000101000000000000000000100000000,1,0,inf,0000000000000000001000000000000000000000000000000010010000000000000000101000000000000000000100000000,0.02,234.85134266648757,233.4063207723207,0.6191014405203006,0.006448166095651686,100,0,0,True,3800,8000,11800,100,8,0.08,233.59213350606964,233.59213350606964,0.0,7.524271844660195,7.524271844660195,37.89473684210527,36.0,0.1985571736785329,1.9825,1.9825,2.0,0.99125,0,0,0,0,4337.566911371324,43.375669113713236,8053.575296746699,413.9265107988274,46.91209333741886,81.93741061664002,0,92,0
06ac6393eee7a87a46f65b36cf9d1863821846f32cd08b7f9dd84710f2fa08a1,1,0,20270729,0.6,2.0,soft,wa_mcbr_soft,0000000001000000001000000000000000010000000000001010000000000000000000000000010000000000000000000000,1,1,234.58123876002549,0000000001000000001000000000000000010000000000001010000000000000000000000000010000000000000000000000,0.0,234.58123876002549,,,0.038540291017852724,508,44,0,True,19304,40640,59944,100,6,0.06,235.51682347902124,234.56170413044435,0.9551193485768759,5.339805825242719,5.339805825242719,37.89473684210527,36.0,0.14091154261057173,1.4949999999999999,1.4949999999999999,2.0,0.7474999999999999,0,0,0,0,4371.420939989291,43.71420939989291,8211.85986537649,375.81721006038185,43.31089608154381,61.00612148799246,0,0,94
06ac6393eee7a87a46f65b36cf9d1863821846f32cd08b7f9dd84710f2fa08a1,1,0,20270729,0.6,2.0,none,wa_mcbr_none,0011000001000000001000000000000000010000000000001010010000000000001000110000001000000000001100000001,1,0,inf,0000000001000000001000000000000000010000000000000010010000000000000000000000000000000000001100000000,0.08,233.6771810561907,,,0.05581416597124189,1057,57,0,True,40166,84560,124726,100,15,0.15,230.06503731042477,230.06503731042477,0.0,14.077669902912621,14.077669902912621,37.89473684210527,36.0,0.3714940668824164,3.7212499999999995,3.7212499999999995,2.0,1.8606249999999998,0,1,0,1,4202.905505652967,42.02905505652967,7423.954359373605,452.5983243721464,50.29062490702326,167.76871915897874,0,0,85
06ac6393eee7a87a46f65b36cf9d1863821846f32cd08b7f9dd84710f2fa08a1,1,0,20270729,0.6,3.0,hard,wa_mcbr_hard,1010000100000000001000000000000000000000000100001010010000000000010000101000000000000000000100000000,1,0,inf,0010000100000000001000000000000000000000000100001010010000000000000000101000000000000000000100000000,0.02,233.07776663749232,231.23312774869086,0.7977398856128645,0.0056701250141486526,100,0,0,True,3800,8000,11800,100,12,0.12,232.8329167185089,232.8329167185089,0.0,11.407766990291261,11.407766990291261,37.89473684210527,36.0,0.30103829557713047,2.9574999999999996,2.9574999999999996,3.0,0.9858333333333332,0,0,0,0,4281.748021752113,42.81748021752114,7787.443906437775,484.6617593016145,53.65886981453299,127.67338670782286,0,88,0
06ac6393eee7a87a46f65b36cf9d1863821846f32cd08b7f9dd84710f2fa08a1,1,0,20270729,0.6,3.0,soft,wa_mcbr_soft,0000000001000000001000000000000000010000000000000010010000000000000000100000010000000000001100000000,1,1,232.0081981020133,0000000001000000001000000000000000010000000000000010010000000000000000100000010000000000001100000000,0.0,232.0081981020133,,,0.06820812495425344,896,57,0,True,34048,71680,105728,100,9,0.09,233.16528925390782,231.96061066424087,1.2046785896669405,8.009708737864077,8.009708737864077,37.89473684210527,36.0,0.21136731391585756,2.1774999999999998,2.1774999999999998,3.0,0.7258333333333332,0,0,0,0,4290.446647042464,42.90446647042464,7837.654931282295,451.5119779592997,50.54792025515307,87.00436009233135,0,0,91
06ac6393eee7a87a46f65b36cf9d1863821846f32cd08b7f9dd84710f2fa08a1,1,0,20270729,0.6,3.0,none,wa_mcbr_none,0011000001000000001000000000000000010000000000001010010000000000001000110000001000000000001100000001,1,0,inf,0000000001000000001000000000000000010000000000000010010000000000001000110000000000000000001100000000,0.05,231.35565890029594,,,0.05588274996262044,1057,57,0,True,40166,84560,124726,100,15,0.15,230.06503731042477,230.06503731042477,0.0,14.077669902912621,14.077669902912621,37.89473684210527,36.0,0.3714940668824164,3.7212499999999995,3.7212499999999995,3.0,1.2404166666666665,0,1,0,1,4202.905505652967,42.02905505652967,7423.954359373605,452.5983243721464,50.29062490702326,167.76871915897874,0,0,85
06ac6393eee7a87a46f65b36cf9d1863821846f32cd08b7f9dd84710f2fa08a1,1,0,20270729,0.6,5.0,hard,wa_mcbr_hard,0001010001000000001000000000000000010000000000001010010000000000001000110000001000000000001100000001,1,1,230.2422560333839,0001010001000000001000000000000000010000000000001010010000000000001000110000001000000000001100000001,0.0,230.2422560333839,230.20713178459317,0.01525767187074079,0.024399208021350205,462,27,0,True,17556,36960,54516,100,15,0.15,230.05564188002108,230.05564188002108,0.0,14.077669902912621,14.077669902912621,37.89473684210527,36.0,0.3714940668824164,3.7212499999999995,3.7212499999999995,5.0,0.7442499999999999,0,0,0,0,4212.070536867023,42.12070536867023,7467.110643832785,423.60040530923806,47.37625551904277,167.76871915897874,0,0,85
06ac6393eee7a87a46f65b36cf9d1863821846f32cd08b7f9dd84710f2fa08a1,1,0,20270729,0.6,5.0,soft,wa_mcbr_soft,0010010001000000001000000000000000010000000000000010010000000000000000110000001000000000001100000000,1,1,230.8239048700376,0010010001000000001000000000000000010000000000000010010000000000000000110000001000000000001100000000,0.0,230.8239048700376,,,0.0748860000167042,942,56,0,True,35796,75360,111156,100,12,0.12,231.2980748085377,230.72041594926253,0.5776588592751803,11.16504854368932,11.16504854368932,37.89473684210527,36.0,0.29463322545846815,2.9899999999999998,2.9899999999999998,5.0,0.598,0,0,0,0,4257.466992792961,42.574669927929605,7682.939628818053,397.8238593636571,44.96906817103168,124.42554004970368,0,0,88
06ac6393eee7a87a46f65b36cf9d1863821846f32cd08b7f9dd84710f2fa08a1,1,0,20270729,0.6,5.0,none,wa_mcbr_none,0011000001000000001000000000000000010000000000001010010000000000001000110000001000000000001100000001,1,1,230.2516514637876,0011000001000000001000000000000000010000000000001010010000000000001000110000001000000000001100000001,0.0,230.2516514637876,,,0.055066750035621226,1057,59,0,True,40166,84560,124726,100,15,0.15,230.06503731042477,230.06503731042477,0.0,14.077669902912621,14.077669902912621,37.89473684210527,36.0,0.3714940668824164,3.7212499999999995,3.7212499999999995,5.0,0.7442499999999999,0,0,0,0,4202.905505652967,42.02905505652967,7423.954359373605,452.5983243721464,50.29062490702326,167.76871915897874,0,0,85
06ac6393eee7a87a46f65b36cf9d1863821846f32cd08b7f9dd84710f2fa08a1,1,0,20270729,0.6,13.0,hard,wa_mcbr_hard,0011000001000000001000000000000000010000000000001010010000000000001000110000001000000000001100000001,1,1,230.2516514637876,0011000001000000001000000000000000010000000000001010010000000000001000110000001000000000001100000001,0.0,230.2516514637876,230.20713178459317,0.019338966108174326,0.053784333053044975,1057,59,0,True,40166,84560,124726,100,15,0.15,230.06503731042477,230.06503731042477,0.0,14.077669902912621,14.077669902912621,37.89473684210527,36.0,0.3714940668824164,3.7212499999999995,3.7212499999999995,13.0,0.28624999999999995,0,0,0,0,4202.905505652967,42.02905505652967,7423.954359373605,452.5983243721464,50.29062490702326,167.76871915897874,0,0,85
06ac6393eee7a87a46f65b36cf9d1863821846f32cd08b7f9dd84710f2fa08a1,1,0,20270729,0.6,13.0,soft,wa_mcbr_soft,0011010001000000001000000000000000010000000000000010010000000000001000110000001000000000001100000001,1,1,230.29903829901403,0011010001000000001000000000000000010000000000000010010000000000001000110000001000000000001100000001,0.0,230.29903829901403,,,0.07389770797453821,972,59,0,True,36936,77760,114696,100,15,0.15,230.1720522514594,230.1124241456512,0.05962810580819802,14.077669902912618,14.077669902912618,37.89473684210527,36.0,0.37149406688241626,3.7212499999999995,3.7212499999999995,13.0,0.28624999999999995,0,0,0,0,4209.833532979426,42.09833532979426,7456.327034008005,434.4668128027651,48.468933866980464,167.76871915897868,0,0,85
06ac6393eee7a87a46f65b36cf9d1863821846f32cd08b7f9dd84710f2fa08a1,1,0,20270729,0.6,13.0,none,wa_mcbr_none,0011000001000000001000000000000000010000000000001010010000000000001000110000001000000000001100000001,1,1,230.2516514637876,0011000001000000001000000000000000010000000000001010010000000000001000110000001000000000001100000001,0.0,230.2516514637876,,,0.05381587496958673,1057,59,0,True,40166,84560,124726,100,15,0.15,230.06503731042477,230.06503731042477,0.0,14.077669902912621,14.077669902912621,37.89473684210527,36.0,0.3714940668824164,3.7212499999999995,3.7212499999999995,13.0,0.28624999999999995,0,0,0,0,4202.905505652967,42.02905505652967,7423.954359373605,452.5983243721464,50.29062490702326,167.76871915897874,0,0,85
06ac6393eee7a87a46f65b36cf9d1863821846f32cd08b7f9dd84710f2fa08a1,1,0,20270729,0.8,1.5,hard,wa_mcbr_hard,0000000000000000001000000000000000000000000000000010010000000000000000101000000000000000000100000000,1,0,inf,0000000000000000001000000000000000000000000000000010010000000000000000001000000000000000000100000000,0.01,235.6895162550832,235.05540885238497,0.26976933047154,0.00554399995598942,100,0,0,True,3800,8000,11800,100,6,0.06,234.7610515383311,234.7610515383311,0.0,5.58252427184466,5.58252427184466,50.526315789473685,48.0,0.11048745954692556,1.4949999999999999,1.4949999999999999,1.5,0.9966666666666666,0,0,0,0,4381.557122483383,43.81557122483383,8258.639644150448,341.80093613390426,39.94069174129091,51.05281109658348,0,94,0
06ac6393eee7a87a46f65b36cf9d1863821846f32cd08b7f9dd84710f2fa08a1,1,0,20270729,0.8,1.5,soft,wa_mcbr_soft,0000000000000000000000000000000000010000000000000010100000000000000000000000010000000000000000000000,1,1,236.33549756875843,0000000000000000000000000000000000010000000000000010100000000000000000000000010000000000000000000000,0.0,236.33549756875843,,,0.04253741598222405,550,48,0,True,20900,44000,64900,100,4,0.04,236.78065155732088,236.33044588397428,0.4502056733466058,3.883495145631068,3.883495145631068,50.526315789473685,48.0,0.07686084142394822,1.05625,1.05625,1.5,0.7041666666666666,0,0,0,0,4403.828496805746,44.03828496805746,8359.42158013309,516.3091269403019,55.39503327213852,40.81507449605609,0,0,96
06ac6393eee7a87a46f65b36cf9d1863821846f32cd08b7f9dd84710f2fa08a1,1,0,20270729,0.8,1.5,none,wa_mcbr_none,0011010001000000001000000000000001010000000000001010010000000000001000110000001000000000001100000001,1,0,inf,0000000001000000001000000000000000010000000000000010000000000000000000000000000000000000000100000000,0.12,235.6092653137273,,,0.04484712507110089,896,75,0,True,34048,71680,105728,100,17,0.17,229.0707335856941,229.0707335856941,0.0,16.019417475728158,16.019417475728158,50.526315789473685,48.0,0.3170509708737865,4.20875,4.20875,1.5,2.8058333333333336,0,1,0,1,4175.148359476403,41.75148359476403,7294.487565125588,472.6674989255288,52.209713269832854,136.05952909817861,0,0,83
06ac6393eee7a87a46f65b36cf9d1863821846f32cd08b7f9dd84710f2fa08a1,1,0,20270729,0.8,2.0,hard,wa_mcbr_hard,0010000000000000001000000000000000000000000000001010010000000000000000101000000000000000000100000000,1,0,inf,0000000000000000001000000000000000000000000000000010010000000000000000101000000000000000000100000000,0.02,234.77304815211485,233.30236709553807,0.6303755400709377,0.005652582971379161,100,0,0,True,3800,8000,11800,100,8,0.08,233.44658371908673,233.44658371908673,0.0,7.524271844660195,7.524271844660195,50.526315789473685,48.0,0.14891788025889968,1.9825,1.9825,2.0,0.99125,0,0,0,0,4337.421361584341,43.37421361584341,8053.575296746699,413.9265107988274,46.91209333741886,63.743687243776364,0,92,0
06ac6393eee7a87a46f65b36cf9d1863821846f32cd08b7f9dd84710f2fa08a1,1,0,20270729,0.8,2.0,soft,wa_mcbr_soft,0000000001000000001000000000000000010000000000000010100000000000000000000000010000000000000000000000,1,1,234.09608705739882,0000000001000000001000000000000000010000000000000010100000000000000000000000010000000000000000000000,0.0,234.09608705739882,,,0.041775083052925766,554,52,0,True,21052,44320,65372,100,6,0.06,235.03772908007326,234.08260973149638,0.9551193485768759,5.339805825242719,5.339805825242719,50.526315789473685,48.0,0.1056836569579288,1.4949999999999999,1.4949999999999999,2.0,0.7474999999999999,0,0,0,0,4343.421880936106,43.43421880936106,8082.34683019003,520.7703478832472,57.80503167169157,49.54314146782767,0,0,94
06ac6393eee7a87a46f65b36cf9d1863821846f32cd08b7f9dd84710f2fa08a1,1,0,20270729,0.8,2.0,none,wa_mcbr_none,0011010001000000001000000000000001010000000000001010010000000000001000110000001000000000001100000001,1,0,inf,0000000001000000001000000000000000010000000000000010010000000000000000000000000000000000001100000000,0.1,233.57322737940808,,,0.04492237500380725,896,75,0,True,34048,71680,105728,100,17,0.17,229.0707335856941,229.0707335856941,0.0,16.019417475728158,16.019417475728158,50.526315789473685,48.0,0.3170509708737865,4.20875,4.20875,2.0,2.104375,0,1,0,1,4175.148359476403,41.75148359476403,7294.487565125588,472.6674989255288,52.209713269832854,136.05952909817861,0,0,83
06ac6393eee7a87a46f65b36cf9d1863821846f32cd08b7f9dd84710f2fa08a1,1,0,20270729,0.8,3.0,hard,wa_mcbr_hard,1010000100000000001000000000000000000000000100001010010000000000010000101000000000000000000100000000,1,0,inf,0010000100000000001000000000000000000000000100001010010000000000000000101000000000000000000100000000,0.02,232.80288292053837,230.96265492675485,0.7967643056264251,0.0062235420336946845,100,0,0,True,3800,8000,11800,100,12,0.12,232.41569728890914,232.41569728890914,0.0,11.407766990291261,11.407766990291261,50.526315789473685,48.0,0.22577872168284788,2.9574999999999996,2.9574999999999996,3.0,0.9858333333333332,0,0,0,0,4281.330802322514,42.81330802322513,7787.443906437775,484.6617593016145,53.65886981453299,92.90510090784403,0,88,0
06ac6393eee7a87a46f65b36cf9d1863821846f32cd08b7f9dd84710f2fa08a1,1,0,20270729,0.8,3.0,soft,wa_mcbr_soft,0000000001000000001000000000000000010000000000000010110000000000000000000000010000000000001100000000,1,1,231.883957965363,0000000001000000001000000000000000010000000000000010110000000000000000000000010000000000001100000000,0.0,231.883957965363,,,0.06293662509415299,736,59,0,True,27968,58880,86848,100,9,0.09,233.05744231677969,231.85276372711274,1.2046785896669405,8.009708737864077,8.009708737864077,50.526315789473685,48.0,0.15852548543689318,2.1774999999999998,2.1774999999999998,3.0,0.7258333333333332,0,0,0,0,4263.5828661973665,42.63582866197366,7711.786545015176,597.665380622005,65.17166835285587,67.0975301965026,0,0,91
06ac6393eee7a87a46f65b36cf9d1863821846f32cd08b7f9dd84710f2fa08a1,1,0,20270729,0.8,3.0,none,wa_mcbr_none,0011010001000000001000000000000001010000000000001010010000000000001000110000001000000000001100000001,1,0,inf,0000000001000000001000000000000000010000000000000010010000000000001000110000000000000000001100000000,0.07,231.08518607835992,,,0.04748470801860094,896,75,0,True,34048,71680,105728,100,17,0.17,229.0707335856941,229.0707335856941,0.0,16.019417475728158,16.019417475728158,50.526315789473685,48.0,0.3170509708737865,4.20875,4.20875,3.0,1.4029166666666668,0,1,0,1,4175.148359476403,41.75148359476403,7294.487565125588,472.6674989255288,52.209713269832854,136.05952909817861,0,0,83
06ac6393eee7a87a46f65b36cf9d1863821846f32cd08b7f9dd84710f2fa08a1,1,0,20270729,0.8,5.0,hard,wa_mcbr_hard,0011010001000000001000000000000001010000000000001010010000000000001000110000001000000000001100000001,1,0,inf,0011010001000000001000000000000001010000000000001010010000000000001000110000000000000000001100000001,0.01,229.24037244396345,229.24037244396345,0.0,0.03686049999669194,709,31,0,True,26942,56720,83662,100,17,0.17,229.0707335856941,229.0707335856941,0.0,16.019417475728158,16.019417475728158,50.526315789473685,48.0,0.3170509708737865,4.20875,4.20875,5.0,0.84175,0,0,0,0,4175.148359476403,41.75148359476403,7294.487565125588,472.6674989255288,52.209713269832854,136.05952909817861,0,0,83
06ac6393eee7a87a46f65b36cf9d1863821846f32cd08b7f9dd84710f2fa08a1,1,0,20270729,0.8,5.0,soft,wa_mcbr_soft,0000000001000000001000000000000000010000000000001010010000000000001000110000010000000000001100000000,1,1,230.1689605526242,0000000001000000001000000000000000010000000000001010010000000000001000110000010000000000001100000000,0.0,230.1689605526242,,,0.06804429204203188,898,68,0,True,34124,71840,105964,100,12,0.12,230.68347947323392,230.10582061395874,0.5776588592751803,11.165048543689318,11.165048543689318,50.526315789473685,48.0,0.22097491909385109,2.9899999999999998,2.9899999999999998,5.0,0.598,0,0,0,0,4224.746162970044,42.24746162970044,7531.867673332444,504.5996511991856,55.639444370352,90.91392963780343,0,0,88
06ac6393eee7a87a46f65b36cf9d1863821846f32cd08b7f9dd84710f2fa08a1,1,0,20270729,0.8,5.0,none,wa_mcbr_none,0011010001000000001000000000000001010000000000001010010000000000001000110000001000000000001100000001,1,0,inf,0011010001000000001000000000000001010000000000001010010000000000001000110000000000000000001100000001,0.01,229.24037244396345,,,0.04921762505546212,896,75,0,True,34048,71680,105728,100,17,0.17,229.0707335856941,229.0707335856941,0.0,16.019417475728158,16.019417475728158,50.526315789473685,48.0,0.3170509708737865,4.20875,4.20875,5.0,0.84175,0,0,0,0,4175.148359476403,41.75148359476403,7294.487565125588,472.6674989255288,52.209713269832854,136.05952909817861,0,0,83
06ac6393eee7a87a46f65b36cf9d1863821846f32cd08b7f9dd84710f2fa08a1,1,0,20270729,0.8,13.0,hard,wa_mcbr_hard,0011010001000000001000000000000001010000000000001010010000000000001000110000001000000000001100000001,1,1,229.21476278952693,0011010001000000001000000000000001010000000000001010010000000000001000110000001000000000001100000001,0.0,229.21476278952693,229.2147627895269,1.2399598125580518e-14,0.04364845808595419,896,75,0,True,34048,71680,105728,100,17,0.17,229.0707335856941,229.0707335856941,0.0,16.019417475728158,16.019417475728158,50.526315789473685,48.0,0.3170509708737865,4.20875,4.20875,13.0,0.32375000000000004,0,0,0,0,4175.148359476403,41.75148359476403,7294.487565125588,472.6674989255288,52.209713269832854,136.05952909817861,0,0,83
06ac6393eee7a87a46f65b36cf9d1863821846f32cd08b7f9dd84710f2fa08a1,1,0,20270729,0.8,13.0,soft,wa_mcbr_soft,0011010001000000001000000000000001010000000000001010010000000000001000110000001000000000001100000001,1,1,229.21476278952693,0011010001000000001000000000000001010000000000001010010000000000001000110000001000000000001100000001,0.0,229.21476278952693,,,0.11513462499715388,1500,71,0,True,57000,120000,177000,100,17,0.17,229.1619550460056,229.0707335856941,0.09122146031150596,16.019417475728158,16.019417475728158,50.526315789473685,48.0,0.3170509708737865,4.20875,4.20875,13.0,0.32375000000000004,0,0,0,0,4175.148359476403,41.75148359476403,7294.487565125588,472.6674989255288,52.209713269832854,136.05952909817861,0,0,83
06ac6393eee7a87a46f65b36cf9d1863821846f32cd08b7f9dd84710f2fa08a1,1,0,20270729,0.8,13.0,none,wa_mcbr_none,0011010001000000001000000000000001010000000000001010010000000000001000110000001000000000001100000001,1,1,229.21476278952693,0011010001000000001000000000000001010000000000001010010000000000001000110000001000000000001100000001,0.0,229.21476278952693,,,0.04472866700962186,896,75,0,True,34048,71680,105728,100,17,0.17,229.0707335856941,229.0707335856941,0.0,16.019417475728158,16.019417475728158,50.526315789473685,48.0,0.3170509708737865,4.20875,4.20875,13.0,0.32375000000000004,0,0,0,0,4175.148359476403,41.75148359476403,7294.487565125588,472.6674989255288,52.209713269832854,136.05952909817861,0,0,83
06ac6393eee7a87a46f65b36cf9d1863821846f32cd08b7f9dd84710f2fa08a1,1,0,20270729,1.0,1.5,hard,wa_mcbr_hard,0000000000000000001000000000000000000000000000000010010000000000000000101000000000000000000100000000,1,0,inf,0000000000000000001000000000000000000000000000000010010000000000000000001000000000000000000100000000,0.01,235.6604095165043,235.02630211380608,0.2698027399465988,0.005426333053037524,100,0,0,True,3800,8000,11800,100,6,0.06,234.7201750977556,234.7201750977556,0.0,5.58252427184466,5.58252427184466,63.15789473684211,60.0,0.08838996763754044,1.4949999999999999,1.4949999999999999,1.5,0.9966666666666666,0,0,0,0,4381.516246042807,43.81516246042807,8258.639644150448,341.80093613390426,39.94069174129091,44.24007100066562,0,94,0
06ac6393eee7a87a46f65b36cf9d1863821846f32cd08b7f9dd84710f2fa08a1,1,0,20270729,1.0,1.5,soft,wa_mcbr_soft,0000000001000000000000000000000000000000000000000010100000000000000000000000010000000000000100000000,1,1,235.42088556863615,0000000001000000000000000000000000000000000000000010100000000000000000000000010000000000000100000000,0.0,235.42088556863615,,,0.05736912495922297,806,56,0,True,30628,64480,95108,100,5,0.05,236.641850297353,235.41421130963354,1.2276389877194553,4.611650485436893,4.611650485436893,63.15789473684211,60.0,0.07301779935275081,1.2025000000000001,1.2025000000000001,1.5,0.8016666666666667,0,0,0,0,4371.9536302524475,43.719536302524475,8211.913855288274,591.0337092282984,62.77105765471894,39.692341261182634,0,0,95
06ac6393eee7a87a46f65b36cf9d1863821846f32cd08b7f9dd84710f2fa08a1,1,0,20270729,1.0,1.5,none,wa_mcbr_none,0011010001000000001000000000000001010000000000001010010000000000001000110000001000000000001101000001,1,0,inf,0000000001000000001000000000000000010000000000000010000000000000000000000000000000000000000100000000,0.13,235.5829476409483,,,0.043621874996460974,896,79,0,True,34048,71680,105728,100,18,0.18,228.53871516173336,228.53871516173336,0.0,16.990291262135926,16.990291262135926,63.15789473684211,60.0,0.26901294498381884,4.452500000000001,4.452500000000001,1.5,2.9683333333333337,0,1,0,1,4158.941310466834,41.58941310466834,7218.980894897795,495.8472610701764,54.494160988618155,112.00332042058663,0,0,82
06ac6393eee7a87a46f65b36cf9d1863821846f32cd08b7f9dd84710f2fa08a1,1,0,20270729,1.0,2.0,hard,wa_mcbr_hard,0010000000000000001000000000000000000000000000001010010000000000000000101000000000000000000100000000,1,0,inf,0000000000000000001000000000000000000000000000000010010000000000000000101000000000000000000100000000,0.02,234.7292985103397,233.24476526720474,0.6364701224631059,0.005373666994273663,100,0,0,True,3800,8000,11800,100,8,0.08,233.3671279065556,233.3671279065556,0.0,7.524271844660195,7.524271844660195,63.15789473684211,60.0,0.11913430420711975,1.9825,1.9825,2.0,0.99125,0,0,0,0,4337.341905771809,43.373419057718095,8053.575296746699,413.9265107988274,46.91209333741886,53.81171067738233,0,92,0
06ac6393eee7a87a46f65b36cf9d1863821846f32cd08b7f9dd84710f2fa08a1,1,0,20270729,1.0,2.0,soft,wa_mcbr_soft,0000000001000000001000000000000000010000000000000010000000000000000000000000010000000000000100000000,1,1,234.22669682699228,0000000001000000001000000000000000010000000000000010000000000000000000000000010000000000000100000000,0.0,234.22669682699228,,,0.03967912506777793,550,55,0,True,20900,44000,64900,100,6,0.06,235.00119994874242,234.2152946461535,0.7859053025889411,5.097087378640777,5.097087378640777,63.15789473684211,60.0,0.08070388349514562,1.44625,1.44625,2.0,0.723125,0,0,0,0,4358.842176344006,43.58842176344005,8154.2936729779985,431.7488626147192,48.94549633308176,41.947194719471945,0,0,94
06ac6393eee7a87a46f65b36cf9d1863821846f32cd08b7f9dd84710f2fa08a1,1,0,20270729,1.0,2.0,none,wa_mcbr_none,0011010001000000001000000000000001010000000000001010010000000000001000110000001000000000001101000001,1,0,inf,0000000001000000001000000000000000010000000000000010010000000000000000000000000000000000001100000000,0.11,233.51562555107475,,,0.04279241699259728,896,79,0,True,34048,71680,105728,100,18,0.18,228.53871516173336,228.53871516173336,0.0,16.990291262135926,16.990291262135926,63.15789473684211,60.0,0.26901294498381884,4.452500000000001,4.452500000000001,2.0,2.2262500000000003,0,1,0,1,4158.941310466834,41.58941310466834,7218.980894897795,495.8472610701764,54.494160988618155,112.00332042058663,0,0,82
06ac6393eee7a87a46f65b36cf9d1863821846f32cd08b7f9dd84710f2fa08a1,1,0,20270729,1.0,3.0,hard,wa_mcbr_hard,1010000100000000001000000000000000000000000100001010010000000000010000101000000000000000000100000000,1,0,inf,0010000100000000001000000000000000000000000100001010010000000000000000101000000000000000000100000000,0.02,232.65839171681486,230.82024183507065,0.7963555826519059,0.005457499995827675,100,0,0,True,3800,8000,11800,100,12,0.12,232.20215427105376,232.20215427105376,0.0,11.407766990291261,11.407766990291261,63.15789473684211,60.0,0.18062297734627827,2.9574999999999996,2.9574999999999996,3.0,0.9858333333333332,0,0,0,0,4281.117259304659,42.811172593046585,7787.443906437775,484.6617593016145,53.65886981453299,75.1098494198963,0,88,0
06ac6393eee7a87a46f65b36cf9d1863821846f32cd08b7f9dd84710f2fa08a1,1,0,20270729,1.0,3.0,soft,wa_mcbr_soft,0000000001000000001000000000000000010000000000000010110000000000000000000000010000000000001100000000,1,1,231.77878966261434,0000000001000000001000000000000000010000000000000010110000000000000000000000010000000000001100000000,0.0,231.77878966261434,,,0.05336079199332744,736,60,0,True,27968,58880,86848,100,9,0.09,232.96035398212027,231.75567539245333,1.2046785896669405,8.009708737864077,8.009708737864077,63.15789473684211,60.0,0.12682038834951453,2.1774999999999998,2.1774999999999998,3.0,0.7258333333333332,0,0,0,0,4263.485777862707,42.63485777862707,7711.786545015176,597.665380622005,65.17166835285587,56.309937456567056,0,0,91
06ac6393eee7a87a46f65b36cf9d1863821846f32cd08b7f9dd84710f2fa08a1,1,0,20270729,1.0,3.0,none,wa_mcbr_none,0011010001000000001000000000000001010000000000001010010000000000001000110000001000000000001101000001,1,0,inf,0000000001000000001000000000000000010000000000000010010000000000001000110000000000000000001100000000,0.08,230.94277298667572,,,0.04309450008440763,896,79,0,True,34048,71680,105728,100,18,0.18,228.53871516173336,228.53871516173336,0.0,16.990291262135926,16.990291262135926,63.15789473684211,60.0,0.26901294498381884,4.452500000000001,4.452500000000001,3.0,1.4841666666666669,0,1,0,1,4158.941310466834,41.58941310466834,7218.980894897795,495.8472610701764,54.494160988618155,112.00332042058663,0,0,82
06ac6393eee7a87a46f65b36cf9d1863821846f32cd08b7f9dd84710f2fa08a1,1,0,20270729,1.0,5.0,hard,wa_mcbr_hard,0001010101000000001000000000000001010000000000001010010000000000001000110000001000000000001101000001,1,0,inf,0001010001000000001000000000000001010000000000001010010000000000001000110000001000000000001100000001,0.02,228.76119392069336,228.75494578790347,0.0027313651157887336,0.03342033305671066,487,32,0,True,18506,38960,57466,100,18,0.18,228.60116943793304,228.60116943793304,0.0,16.990291262135926,16.990291262135926,63.15789473684211,60.0,0.26901294498381884,4.452500000000001,4.452500000000001,5.0,0.8905000000000001,0,0,0,0,4168.178058004851,41.68178058004851,7262.1443776659,475.6665687377748,52.46542588333615,112.00332042058663,0,0,82
06ac6393eee7a87a46f65b36cf9d1863821846f32cd08b7f9dd84710f2fa08a1,1,0,20270729,1.0,5.0,soft,wa_mcbr_soft,0000000001000000001000000000000001010000000000001010010000000000001000110000000000000000001100000001,1,1,229.61669726952167,0000000001000000001000000000000001010000000000001010010000000000001000110000000000000000001100000001,0.0,229.61669726952167,,,0.08650345809292048,1051,72,0,True,39938,84080,124018,100,13,0.13,230.48793515877372,229.56364486482767,0.9242902939460639,12.135922330097086,12.135922330097086,63.15789473684211,60.0,0.19215210355987053,3.2337499999999997,3.2337499999999997,5.0,0.6467499999999999,0,0,0,0,4247.515970803266,42.47515970803266,7639.754717326345,375.6104808798867,42.67056356500128,79.46419629444165,0,0,87
06ac6393eee7a87a46f65b36cf9d1863821846f32cd08b7f9dd84710f2fa08a1,1,0,20270729,1.0,5.0,none,wa_mcbr_none,0011010001000000001000000000000001010000000000001010010000000000001000110000001000000000001101000001,1,0,inf,0011010001000000001000000000000001010000000000001010010000000000001000110000000000000000001100000001,0.02,228.75494578790347,,,0.05446041701361537,896,79,0,True,34048,71680,105728,100,18,0.18,228.53871516173336,228.53871516173336,0.0,16.990291262135926,16.990291262135926,63.15789473684211,60.0,0.26901294498381884,4.452500000000001,4.452500000000001,5.0,0.8905000000000001,0,0,0,0,4158.941310466834,41.58941310466834,7218.980894897795,495.8472610701764,54.494160988618155,112.00332042058663,0,0,82
06ac6393eee7a87a46f65b36cf9d1863821846f32cd08b7f9dd84710f2fa08a1,1,0,20270729,1.0,13.0,hard,wa_mcbr_hard,0011010001000000001000000000000001010000000000001010010000000000001000110000001000000000001101000001,1,1,228.6486103721159,0011010001000000001000000000000001010000000000001010010000000000001000110000001000000000001101000001,0.0,228.6486103721159,228.63791232671983,0.0046790338869065855,0.044864124967716634,896,77,0,True,34048,71680,105728,100,18,0.18,228.53871516173336,228.53871516173336,0.0,16.990291262135926,16.990291262135926,63.15789473684211,60.0,0.26901294498381884,4.452500000000001,4.452500000000001,13.0,0.3425,0,0,0,0,4158.941310466834,41.58941310466834,7218.980894897795,495.8472610701764,54.494160988618155,112.00332042058663,0,0,82
06ac6393eee7a87a46f65b36cf9d1863821846f32cd08b7f9dd84710f2fa08a1,1,0,20270729,1.0,13.0,soft,wa_mcbr_soft,0011010001000000001000000000000001010000000000001010010000000000001000110000001000000000001100000001,1,1,228.63791232671986,0011010001000000001000000000000001010000000000001010010000000000001000110000001000000000001100000001,0.0,228.63791232671986,,,0.07226633303798735,932,82,0,True,35416,74560,109976,100,17,0.17,228.633251994426,228.54203053411447,0.09122146031150596,16.019417475728158,16.019417475728158,63.15789473684211,60.0,0.2536407766990291,4.20875,4.20875,13.0,0.32375000000000004,0,0,0,0,4174.619656424824,41.74619656424824,7294.487565125588,472.6674989255288,52.209713269832854,104.95934959349594,0,0,83
06ac6393eee7a87a46f65b36cf9d1863821846f32cd08b7f9dd84710f2fa08a1,1,0,20270729,1.0,13.0,none,wa_mcbr_none,0011010001000000001000000000000001010000000000001010010000000000001000110000001000000000001101000001,1,1,228.6486103721159,0011010001000000001000000000000001010000000000001010010000000000001000110000001000000000001101000001,0.0,228.6486103721159,,,0.04455750004854053,896,79,0,True,34048,71680,105728,100,18,0.18,228.53871516173336,228.53871516173336,0.0,16.990291262135926,16.990291262135926,63.15789473684211,60.0,0.26901294498381884,4.452500000000001,4.452500000000001,13.0,0.3425,0,0,0,0,4158.941310466834,41.58941310466834,7218.980894897795,495.8472610701764,54.494160988618155,112.00332042058663,0,0,82
06ac6393eee7a87a46f65b36cf9d1863821846f32cd08b7f9dd84710f2fa08a1,1,1,20270826,0.2,1.5,hard,wa_mcbr_hard,0000000000000000001000000000000000010000000000000000000000000000000010010000001000000000000100000000,1,0,inf,0000000000000000001000000000000000010000000000000000000000000000000010010000000000000000000100000000,0.01,237.3692480038667,236.5577177222392,0.3430580449632018,0.005387042067013681,100,0,0,True,3800,8000,11800,100,6,0.06,236.8741663663279,236.8741663663279,0.0,5.339805825242719,5.339805825242719,12.631578947368421,12.0,0.4227346278317152,1.4949999999999999,1.4949999999999999,1.5,0.9966666666666666,0,0,0,0,4413.542885730166,44.13542885730166,8399.01514331428,320.7379043386771,35.8572190466498,203.07638402242466,0,94,0
06ac6393eee7a87a46f65b36cf9d1863821846f32cd08b7f9dd84710f2fa08a1,1,1,20270826,0.2,1.5,soft,wa_mcbr_soft,0000010000000000000000000000000000000000000000000000000000000000000000010000001000000000000000010000,1,1,239.65735745892513,0000010000000000000000000000000000000000000000000000000000000000000000010000001000000000000000010000,0.0,239.65735745892513,,,0.014344374998472631,155,8,0,True,5890,12400,18290,100,4,0.04,240.076585147689,239.6263794743424,0.4502056733466058,4.126213592233009,4.126213592233009,12.631578947368421,12.0,0.3266585760517799,1.05625,1.05625,1.5,0.7041666666666666,0,0,0,0,4503.518573865859,45.03518573865859,8812.855572107961,138.36079899729694,13.893026990515468,141.28266746770802,0,0,96
06ac6393eee7a87a46f65b36cf9d1863821846f32cd08b7f9dd84710f2fa08a1,1,1,20270826,0.2,1.5,none,wa_mcbr_none,0000000001000000001000000000000000000000000010001000000000000000000000110000000000000000001100000000,1,0,inf,0000000001000000001000000000000000000000000010000000000000000000000000100000000000000000001100000000,0.02,236.62578860316285,,,0.03248562500812113,607,18,0,True,23066,48560,71626,100,8,0.08,235.95546968843828,235.95546968843828,0.0,7.038834951456311,7.038834951456311,12.631578947368421,12.0,0.5572411003236246,1.8849999999999998,1.8849999999999998,1.5,1.2566666666666666,0,1,0,1,4369.059189700466,43.69059189700466,8190.266350745521,297.7573237962111,33.29384319004822,334.64138876199183,0,0,92
06ac6393eee7a87a46f65b36cf9d1863821846f32cd08b7f9dd84710f2fa08a1,1,1,20270826,0.2,2.0,hard,wa_mcbr_hard,0010000001000000001000000000000000010000000010000000000000000000000000110000000000000000000100000000,1,0,inf,0010000001000000001000000000000000010000000010000000000000000000000000100000000000000000000100000000,0.01,236.19891191819124,236.09275515939245,0.04496400523900882,0.014085999922826886,294,8,0,True,11172,23520,34692,100,8,0.08,235.801654552301,235.801654552301,0.0,6.7961165048543695,6.7961165048543695,12.631578947368421,12.0,0.5380258899676376,1.885,1.885,2.0,0.9425,0,0,0,0,4363.553663817965,43.635536638179644,8165.094706501811,333.05211034541105,36.838312726281025,311.15586690017517,0,92,0
06ac6393eee7a87a46f65b36cf9d1863821846f32cd08b7f9dd84710f2fa08a1,1,1,20270826,0.2,2.0,soft,wa_mcbr_soft,0010000001000000000000000000000000000000000010000000000000000000000000011000000000000000000100000000,1,1,237.10999498218862,0010000001000000000000000000000000000000000010000000000000000000000000011000000000000000000100000000,0.0,237.10999498218862,,,0.02356362494174391,294,14,0,True,11172,23520,34692,100,6,0.06,237.62163821362148,236.9749680927013,0.6466701209201828,5.339805825242719,5.339805825242719,12.631578947368421,12.0,0.4227346278317152,1.3975,1.3975,2.0,0.69875,0,0,0,0,4413.753516667665,44.137535166676656,8399.014240565804,355.8430605884961,35.70676096744754,203.07638402242466,0,0,94
06ac6393eee7a87a46f65b36cf9d1863821846f32cd08b7f9dd84710f2fa08a1,1,1,20270826,0.2,2.0,none,wa_mcbr_none,0000000001000000001000000000000000000000000010001000000000000000000000110000000000000000001100000000,1,0,inf,0000000001000000001000000000000000000000000010001000000000000000000000100000000000000000001100000000,0.01,236.28962870191285,,,0.030702374991960824,607,18,0,True,23066,48560,71626,100,8,0.08,235.95546968843828,235.95546968843828,0.0,7.038834951456311,7.038834951456311,12.631578947368421,12.0,0.5572411003236246,1.8849999999999998,1.8849999999999998,2.0,0.9424999999999999,0,0,0,0,4369.059189700466,43.69059189700466,8190.266350745521,297.7573237962111,33.29384319004822,334.64138876199183,0,0,92
06ac6393eee7a87a46f65b36cf9d1863821846f32cd08b7f9dd84710f2fa08a1,1,1,20270826,0.2,3.0,hard,wa_mcbr_hard,0000000001000000001000000000000000000000000010001000000000000000000000110000000000000000001100000000,1,1,236.3614155014193,0000000001000000001000000000000000000000000010001000000000000000000000110000000000000000001100000000,0.0,236.3614155014193,236.06871042523406,0.12399147504892731,0.030236167018301785,607,18,0,True,23066,48560,71626,100,8,0.08,235.95546968843828,235.95546968843828,0.0,7.038834951456311,7.038834951456311,12.631578947368421,12.0,0.5572411003236246,1.8849999999999998,1.8849999999999998,3.0,0.6283333333333333,0,0,0,0,4369.059189700466,43.69059189700466,8190.266350745521,297.7573237962111,33.29384319004822,334.64138876199183,0,0,92
06ac6393eee7a87a46f65b36cf9d1863821846f32cd08b7f9dd84710f2fa08a1,1,1,20270826,0.2,3.0,soft,wa_mcbr_soft,0000000001000000001000000000000000010000000010000000000000000000000000100000000000000000001100000000,1,1,236.09275515939245,0000000001000000001000000000000000010000000010000000000000000000000000100000000000000000001100000000,0.0,236.09275515939245,,,0.06711270799860358,933,21,0,True,35454,74640,110094,100,7,0.07,236.07588688852135,235.8953406372226,0.18054625129875518,5.58252427184466,5.58252427184466,12.631578947368421,12.0,0.4419498381877022,1.5599999999999998,1.5599999999999998,3.0,0.5199999999999999,0,0,0,0,4391.546322373773,43.91546322373773,8298.227399564506,288.6290803728783,32.48565207233738,217.9884015947807,0,0,93
06ac6393eee7a87a46f65b36cf9d1863821846f32cd08b7f9dd84710f2fa08a1,1,1,20270826,0.2,3.0,none,wa_mcbr_none,0000000001000000001000000000000000000000000010001000000000000000000000110000000000000000001100000000,1,1,236.3614155014193,0000000001000000001000000000000000000000000010001000000000000000000000110000000000000000001100000000,0.0,236.3614155014193,,,0.03027795802336186,607,18,0,True,23066,48560,71626,100,8,0.08,235.95546968843828,235.95546968843828,0.0,7.038834951456311,7.038834951456311,12.631578947368421,12.0,0.5572411003236246,1.8849999999999998,1.8849999999999998,3.0,0.6283333333333333,0,0,0,0,4369.059189700466,43.69059189700466,8190.266350745521,297.7573237962111,33.29384319004822,334.64138876199183,0,0,92
06ac6393eee7a87a46f65b36cf9d1863821846f32cd08b7f9dd84710f2fa08a1,1,1,20270826,0.2,5.0,hard,wa_mcbr_hard,0010000001000000001000000000000000000000000010000000000000000000000000110000000000000000001100000000,1,1,236.37023098884168,0010000001000000001000000000000000000000000010000000000000000000000000110000000000000000001100000000,0.0,236.37023098884168,236.06871042523406,0.1277257638526051,0.02090245799627155,409,19,0,True,15542,32720,48262,100,8,0.08,235.96428517586068,235.96428517586068,0.0,7.038834951456311,7.038834951456311,12.631578947368421,12.0,0.5572411003236246,1.8849999999999998,1.8849999999999998,5.0,0.37699999999999995,0,0,0,0,4366.774389896284,43.66774389896285,8179.477927156756,312.1573482736122,34.740894594534566,334.64138876199183,0,0,92
06ac6393eee7a87a46f65b36cf9d1863821846f32cd08b7f9dd84710f2fa08a1,1,1,20270826,0.2,5.0,soft,wa_mcbr_soft,0000000001000000001000000000000000000000000010001000000000000000000000110000000000000000001100000000,1,1,236.3614155014193,0000000001000000001000000000000000000000000010001000000000000000000000110000000000000000001100000000,0.0,236.3614155014193,,,0.04425295896362513,607,21,0,True,23066,48560,71626,100,8,0.08,236.02119725221286,235.95546968843828,0.0657275637745599,7.038834951456311,7.038834951456311,12.631578947368421,12.0,0.5572411003236246,1.8849999999999998,1.8849999999999998,5.0,0.37699999999999995,0,0,0,0,4369.059189700466,43.69059189700466,8190.266350745521,297.7573237962111,33.29384319004822,334.64138876199183,0,0,92
06ac6393eee7a87a46f65b36cf9d1863821846f32cd08b7f9dd84710f2fa08a1,1,1,20270826,0.2,5.0,none,wa_mcbr_none,0010000001000000001000000000000000000000000010000000000000000000000000110000000000000000001100000000,1,1,236.37023098884168,0010000001000000001000000000000000000000000010000000000000000000000000110000000000000000001100000000,0.0,236.37023098884168,,,0.02110991603694856,409,19,0,True,15542,32720,48262,100,8,0.08,235.96428517586068,235.96428517586068,0.0,7.038834951456311,7.038834951456311,12.631578947368421,12.0,0.5572411003236246,1.8849999999999998,1.8849999999999998,5.0,0.37699999999999995,0,0,0,0,4366.774389896284,43.66774389896285,8179.477927156756,312.1573482736122,34.740894594534566,334.64138876199183,0,0,92
06ac6393eee7a87a46f65b36cf9d1863821846f32cd08b7f9dd84710f2fa08a1,1,1,20270826,0.2,13.0,hard,wa_mcbr_hard,0010000001000000001000000000000000000000000010000000000000000000000000110000000000000000001100000000,1,1,236.37023098884168,0010000001000000001000000000000000000000000010000000000000000000000000110000000000000000001100000000,0.0,236.37023098884168,236.06871042523406,0.1277257638526051,0.02217100001871586,409,19,0,True,15542,32720,48262,100,8,0.08,235.96428517586068,235.96428517586068,0.0,7.038834951456311,7.038834951456311,12.631578947368421,12.0,0.5572411003236246,1.8849999999999998,1.8849999999999998,13.0,0.145,0,0,0,0,4366.774389896284,43.66774389896285,8179.477927156756,312.1573482736122,34.740894594534566,334.64138876199183,0,0,92
06ac6393eee7a87a46f65b36cf9d1863821846f32cd08b7f9dd84710f2fa08a1,1,1,20270826,0.2,13.0,soft,wa_mcbr_soft,0010000001000000001000000000000000000000000010000000000000000000000000110000000000000000001100000000,1,1,236.37023098884168,0010000001000000001000000000000000000000000010000000000000000000000000110000000000000000001100000000,0.0,236.37023098884168,,,0.03655666601844132,409,19,0,True,15542,32720,48262,100,8,0.08,235.97455816849723,235.96428517586068,0.010272992636540202,7.038834951456311,7.038834951456311,12.631578947368421,12.0,0.5572411003236246,1.8849999999999998,1.8849999999999998,13.0,0.145,0,0,0,0,4366.774389896284,43.66774389896285,8179.477927156756,312.1573482736122,34.740894594534566,334.64138876199183,0,0,92
06ac6393eee7a87a46f65b36cf9d1863821846f32cd08b7f9dd84710f2fa08a1,1,1,20270826,0.2,13.0,none,wa_mcbr_none,0010000001000000001000000000000000000000000010000000000000000000000000110000000000000000001100000000,1,1,236.37023098884168,0010000001000000001000000000000000000000000010000000000000000000000000110000000000000000001100000000,0.0,236.37023098884168,,,0.021923833061009645,409,19,0,True,15542,32720,48262,100,8,0.08,235.96428517586068,235.96428517586068,0.0,7.038834951456311,7.038834951456311,12.631578947368421,12.0,0.5572411003236246,1.8849999999999998,1.8849999999999998,13.0,0.145,0,0,0,0,4366.774389896284,43.66774389896285,8179.477927156756,312.1573482736122,34.740894594534566,334.64138876199183,0,0,92
06ac6393eee7a87a46f65b36cf9d1863821846f32cd08b7f9dd84710f2fa08a1,1,1,20270826,0.4,1.5,hard,wa_mcbr_hard,0000000000000000001000000000000000010000000000000000000000000000000010010000001000000000000100000000,1,0,inf,0000000000000000001000000000000000010000000000000000000000000000000010010000000000000000000100000000,0.01,236.91424312857183,235.9450889716794,0.41075411279644947,0.005314999958500266,100,0,0,True,3800,8000,11800,100,6,0.06,236.17773422274735,236.17773422274735,0.0,5.339805825242719,5.339805825242719,25.263157894736842,24.0,0.2113673139158576,1.4949999999999999,1.4949999999999999,1.5,0.9966666666666666,0,0,0,0,4412.846453586586,44.12846453586586,8399.01514331428,320.7379043386771,35.8572190466498,87.00436009233137,0,94,0
06ac6393eee7a87a46f65b36cf9d1863821846f32cd08b7f9dd84710f2fa08a1,1,1,20270826,0.4,1.5,soft,wa_mcbr_soft,0000000001000000000000000000000000010000000000000000000000000000000000001000000000000000001100000000,1,1,237.2152884670865,0000000001000000000000000000000000010000000000000000000000000000000000001000000000000000001100000000,0.0,237.2152884670865,,,0.05218379106372595,722,34,0,True,27436,57760,85196,100,5,0.05,237.9916153349051,237.1956825444244,0.7959327904807306,4.126213592233009,4.126213592233009,25.263157894736842,24.0,0.16332928802588995,1.12125,1.12125,1.5,0.7475,0,0,0,0,4438.801750956534,44.388017509565344,8517.766337522931,331.5468551532934,33.267504586450016,68.80333615375316,0,0,95
06ac6393eee7a87a46f65b36cf9d1863821846f32cd08b7f9dd84710f2fa08a1,1,1,20270826,0.4,1.5,none,wa_mcbr_none,0010000001000000001000000000000000010000000010001000000000000000000010110000001000000000001100000000,1,0,inf,0000000001000000001000000000000000010000000010000000000000000000000000100000000000000000000100000000,0.06,235.94574739962985,,,0.03603083291091025,734,41,0,True,27892,58720,86612,100,12,0.12,232.5316513767895,232.5316513767895,0.0,10.679611650485436,10.679611650485436,25.263157894736842,24.0,0.42273462783171517,2.86,2.86,1.5,1.9066666666666665,0,1,0,1,4278.505228818158,42.785052288181575,7772.925893510494,405.6926841573406,43.824459207754096,203.07638402242463,0,0,88
06ac6393eee7a87a46f65b36cf9d1863821846f32cd08b7f9dd84710f2fa08a1,1,1,20270826,0.4,2.0,hard,wa_mcbr_hard,0000010000000000001000000000000000010000000000000000000000000000000010010000001000000000000101000000,1,0,inf,0000000000000000001000000000000000010000000000000000000000000000000010010000001000000000000100000000,0.02,236.21275406703597,234.92937104247085,0.5462846211481637,0.005510415998287499,100,0,0,True,3800,8000,11800,100,8,0.08,235.2181784415117,235.2181784415117,0.0,7.281553398058253,7.281553398058253,25.263157894736842,24.0,0.28822815533980584,1.9825,1.9825,2.0,0.99125,0,0,0,0,4382.845680978811,43.828456809788115,8258.695856450893,334.4739757189068,36.98205636161034,121.23614663256609,0,92,0
06ac6393eee7a87a46f65b36cf9d1863821846f32cd08b7f9dd84710f2fa08a1,1,1,20270826,0.4,2.0,soft,wa_mcbr_soft,0000000001000000001000000000000000000000000000000000000000000000000010011000000000000000000100000000,1,1,236.09597536690796,0000000001000000001000000000000000000000000000000000000000000000000010011000000000000000000100000000,0.0,236.09597536690796,,,0.05318195791915059,717,35,0,True,27246,57360,84606,100,6,0.06,236.84686082520827,236.06095552261934,0.7859053025889411,5.339805825242719,5.339805825242719,25.263157894736842,24.0,0.2113673139158576,1.44625,1.44625,2.0,0.723125,0,0,0,0,4401.263289235967,44.01263289235967,8345.056770675983,390.2105125688218,42.79511266381325,87.00436009233137,0,0,94
06ac6393eee7a87a46f65b36cf9d1863821846f32cd08b7f9dd84710f2fa08a1,1,1,20270826,0.4,2.0,none,wa_mcbr_none,0010000001000000001000000000000000010000000010001000000000000000000010110000001000000000001100000000,1,0,inf,0000000001000000001000000000000000010000000010000000000000000000000000100000000000000000001100000000,0.05,235.05450379327223,,,0.03756745904684067,734,41,0,True,27892,58720,86612,100,12,0.12,232.5316513767895,232.5316513767895,0.0,10.679611650485436,10.679611650485436,25.263157894736842,24.0,0.42273462783171517,2.86,2.86,2.0,1.43,0,1,0,1,4278.505228818158,42.785052288181575,7772.925893510494,405.6926841573406,43.824459207754096,203.07638402242463,0,0,88
06ac6393eee7a87a46f65b36cf9d1863821846f32cd08b7f9dd84710f2fa08a1,1,1,20270826,0.4,3.0,hard,wa_mcbr_hard,0010010000000000001000000000000000010000000000100000000100000000000010110000001000000000000101000000,1,0,inf,0010000000000000001000000000000000010000000000100000000100000000000010110000001000000000000100000000,0.02,234.01972712707894,233.0843528114009,0.40130292076487023,0.010491416906006634,194,8,0,True,7372,15520,22892,100,12,0.12,233.74060260733378,233.74060260733378,0.0,11.16504854368932,11.16504854368932,25.263157894736842,24.0,0.4419498381877022,2.9574999999999996,2.9574999999999996,3.0,0.9858333333333332,0,0,0,0,4303.412107129123,43.03412107129123,7884.518657059974,399.6871924988143,43.221421664503204,217.9884015947807,0,88,0
06ac6393eee7a87a46f65b36cf9d1863821846f32cd08b7f9dd84710f2fa08a1,1,1,20270826,0.4,3.0,soft,wa_mcbr_soft,0010000001000000001000000000000000010000000010000000000000000000000000110000000000000000001100000000,1,1,233.58914232821834,0010000001000000001000000000000000010000000010000000000000000000000000110000000000000000001100000000,0.0,233.58914232821834,,,0.06240591697860509,823,38,0,True,31274,65840,97114,100,9,0.09,234.54488157292585,233.48705880761148,1.0578227653143666,7.766990291262136,7.766990291262136,25.263157894736842,24.0,0.3074433656957929,2.1287499999999997,2.1287499999999997,3.0,0.7095833333333332,0,0,0,0,4339.456611091606,43.39456611091606,8060.738756363681,341.9754795449424,37.639595964504586,130.98130841121497,0,0,91
06ac6393eee7a87a46f65b36cf9d1863821846f32cd08b7f9dd84710f2fa08a1,1,1,20270826,0.4,3.0,none,wa_mcbr_none,0010000001000000001000000000000000010000000010001000000000000000000010110000001000000000001100000000,1,0,inf,0010000001000000001000000000000000010000000010001000000000000000000010100000000000000000001100000000,0.02,233.33452729680087,,,0.03790316707454622,734,41,0,True,27892,58720,86612,100,12,0.12,232.5316513767895,232.5316513767895,0.0,10.679611650485436,10.679611650485436,25.263157894736842,24.0,0.42273462783171517,2.86,2.86,3.0,0.9533333333333333,0,0,0,0,4278.505228818158,42.785052288181575,7772.925893510494,405.6926841573406,43.824459207754096,203.07638402242463,0,0,88
06ac6393eee7a87a46f65b36cf9d1863821846f32cd08b7f9dd84710f2fa08a1,1,1,20270826,0.4,5.0,hard,wa_mcbr_hard,0010000001000000001000000000000000010000000010001000000000000000000010110000001000000000001100000000,1,1,232.76255233354115,0010000001000000001000000000000000010000000010001000000000000000000010110000001000000000001100000000,0.0,232.76255233354115,232.74259771469733,0.008573685711064876,0.04057062498759478,734,32,0,True,27892,58720,86612,100,12,0.12,232.5316513767895,232.5316513767895,0.0,10.679611650485436,10.679611650485436,25.263157894736842,24.0,0.42273462783171517,2.86,2.86,5.0,0.572,0,0,0,0,4278.505228818158,42.785052288181575,7772.925893510494,405.6926841573406,43.824459207754096,203.07638402242463,0,0,88
06ac6393eee7a87a46f65b36cf9d1863821846f32cd08b7f9dd84710f2fa08a1,1,1,20270826,0.4,5.0,soft,wa_mcbr_soft,0010000001000000001000000000000000010000000010001000000000000000000010110000000000000000001100000000,1,1,232.83288077996818,0010000001000000001000000000000000010000000010001000000000000000000010110000000000000000001100000000,0.0,232.83288077996818,,,0.08818391605746001,1119,46,0,True,42522,89520,132042,100,11,0.11,232.94757834800637,232.65638947389007,0.2911888741163112,9.70873786407767,9.70873786407767,25.263157894736842,24.0,0.38430420711974106,2.61625,2.61625,5.0,0.52325,0,0,0,0,4297.354435871453,42.97354435871453,7862.858185161773,383.4494920768208,41.65319652473605,176.04467805519053,0,0,89
06ac6393eee7a87a46f65b36cf9d1863821846f32cd08b7f9dd84710f2fa08a1,1,1,20270826,0.4,5.0,none,wa_mcbr_none,0010000001000000001000000000000000010000000010001000000000000000000010110000001000000000001100000000,1,1,232.76255233354115,0010000001000000001000000000000000010000000010001000000000000000000010110000001000000000001100000000,0.0,232.76255233354115,,,0.03813133400399238,734,41,0,True,27892,58720,86612,100,12,0.12,232.5316513767895,232.5316513767895,0.0,10.679611650485436,10.679611650485436,25.263157894736842,24.0,0.42273462783171517,2.86,2.86,5.0,0.572,0,0,0,0,4278.505228818158,42.785052288181575,7772.925893510494,405.6926841573406,43.824459207754096,203.07638402242463,0,0,88
06ac6393eee7a87a46f65b36cf9d1863821846f32cd08b7f9dd84710f2fa08a1,1,1,20270826,0.4,13.0,hard,wa_mcbr_hard,0010000001000000001000000000000000010000000010001000000000000000000010110000001000000000001100000000,1,1,232.76255233354115,0010000001000000001000000000000000010000000010001000000000000000000010110000001000000000001100000000,0.0,232.76255233354115,232.74259771469733,0.008573685711064876,0.03632458299398422,734,41,0,True,27892,58720,86612,100,12,0.12,232.5316513767895,232.5316513767895,0.0,10.679611650485436,10.679611650485436,25.263157894736842,24.0,0.42273462783171517,2.86,2.86,13.0,0.22,0,0,0,0,4278.505228818158,42.785052288181575,7772.925893510494,405.6926841573406,43.824459207754096,203.07638402242463,0,0,88
06ac6393eee7a87a46f65b36cf9d1863821846f32cd08b7f9dd84710f2fa08a1,1,1,20270826,0.4,13.0,soft,wa_mcbr_soft,0010000001000000001000000000000000010000000010001000000000000000000010110000001000000000001100000000,1,1,232.76255233354115,0010000001000000001000000000000000010000000010001000000000000000000010110000001000000000001100000000,0.0,232.76255233354115,,,0.05345270805992186,734,41,0,True,27892,58720,86612,100,12,0.12,232.5597292963185,232.5316513767895,0.028077919528969736,10.679611650485436,10.679611650485436,25.263157894736842,24.0,0.42273462783171517,2.86,2.86,13.0,0.22,0,0,0,0,4278.505228818158,42.785052288181575,7772.925893510494,405.6926841573406,43.824459207754096,203.07638402242463,0,0,88
06ac6393eee7a87a46f65b36cf9d1863821846f32cd08b7f9dd84710f2fa08a1,1,1,20270826,0.4,13.0,none,wa_mcbr_none,0010000001000000001000000000000000010000000010001000000000000000000010110000001000000000001100000000,1,1,232.76255233354115,0010000001000000001000000000000000010000000010001000000000000000000010110000001000000000001100000000,0.0,232.76255233354115,,,0.036032167030498385,734,41,0,True,27892,58720,86612,100,12,0.12,232.5316513767895,232.5316513767895,0.0,10.679611650485436,10.679611650485436,25.263157894736842,24.0,0.42273462783171517,2.86,2.86,13.0,0.22,0,0,0,0,4278.505228818158,42.785052288181575,7772.925893510494,405.6926841573406,43.824459207754096,203.07638402242463,0,0,88
06ac6393eee7a87a46f65b36cf9d1863821846f32cd08b7f9dd84710f2fa08a1,1,1,20270826,0.6,1.5,hard,wa_mcbr_hard,0000000000000000001000000000000000010000000000000000000000000000000010010000001000000000000100000000,1,0,inf,0000000000000000001000000000000000010000000000000000000000000000000010010000000000000000000100000000,0.01,236.80552387265467,235.80295910154956,0.42517056398488823,0.005385415977798402,100,0,0,True,3800,8000,11800,100,6,0.06,236.0217447911213,236.0217447911213,0.0,5.339805825242719,5.339805825242719,37.89473684210527,36.0,0.14091154261057173,1.4949999999999999,1.4949999999999999,1.5,0.9966666666666666,0,0,0,0,4412.69046415496,44.1269046415496,8399.01514331428,320.7379043386771,35.8572190466498,61.00612148799246,0,94,0
06ac6393eee7a87a46f65b36cf9d1863821846f32cd08b7f9dd84710f2fa08a1,1,1,20270826,0.6,1.5,soft,wa_mcbr_soft,0000000000000000001000000000000000000000000010001000000000000000000000001000000000000000000100000000,1,1,236.97080242430414,0000000000000000001000000000000000000000000010001000000000000000000000001000000000000000000100000000,0.0,236.97080242430414,,,0.056539666024036705,793,50,0,True,30134,63440,93574,100,5,0.05,237.75526920908308,236.95933641860236,0.7959327904807306,4.126213592233009,4.126213592233009,37.89473684210527,36.0,0.10888619201725995,1.12125,1.12125,1.5,0.7475,0,0,0,0,4431.590049930425,44.315900499304256,8485.393366178767,347.4622067101009,38.6732357536288,50.54777937504728,0,0,95
06ac6393eee7a87a46f65b36cf9d1863821846f32cd08b7f9dd84710f2fa08a1,1,1,20270826,0.6,1.5,none,wa_mcbr_none,0010010001000000001000000000000000010000000010101000000100000000000010110000001000000000001100000000,1,0,inf,0000000001000000001000000000000000010000000010000000000000000000000000100000000000000000000100000000,0.09,235.8036175295,,,0.03530520899221301,716,58,0,True,27208,57280,84488,100,15,0.15,230.90864468499575,230.90864468499575,0.0,13.592233009708737,13.592233009708737,37.89473684210527,36.0,0.35868392664509163,3.5912499999999996,3.5912499999999996,1.5,2.3941666666666666,0,1,0,1,4229.118986470328,42.291189864703284,7542.718984107368,448.10905036274966,47.93227382444109,159.82338099243057,0,0,85
06ac6393eee7a87a46f65b36cf9d1863821846f32cd08b7f9dd84710f2fa08a1,1,1,20270826,0.6,2.0,hard,wa_mcbr_hard,0000010000000000001000000000000000010000000000000000000000000000000010010000001000000000000101000000,1,0,inf,0000000000000000001000000000000000010000000000000000000000000000000010010000001000000000000100000000,0.02,236.04127942070244,234.65060606349698,0.5926570489356155,0.005400958005338907,100,0,0,True,3800,8000,11800,100,8,0.08,234.8840028388067,234.8840028388067,0.0,7.281553398058253,7.281553398058253,37.89473684210527,36.0,0.19215210355987053,1.9825,1.9825,2.0,0.99125,0,0,0,0,4382.5115053761065,43.82511505376107,8258.695856450893,334.4739757189068,36.98205636161034,79.46419629444165,0,92,0
06ac6393eee7a87a46f65b36cf9d1863821846f32cd08b7f9dd84710f2fa08a1,1,1,20270826,0.6,2.0,soft,wa_mcbr_soft,0000000000000000000000000000000000000000000000101000000100000000000000001000000000000000001000000100,1,1,237.20452832905704,0000000000000000000000000000000000000000000000101000000100000000000000001000000000000000001000000100,0.0,237.20452832905704,,,0.06710025004576892,922,48,0,True,35036,73760,108796,100,6,0.06,238.03129415039555,237.19260821442637,0.8386859359691778,5.58252427184466,5.58252427184466,37.89473684210527,36.0,0.14731661272923408,1.4625,1.4625,2.0,0.73125,0,0,0,0,4447.541183935819,44.475411839358195,8557.370043568042,260.33859461159403,28.340594673959234,63.19206135842492,0,0,94
06ac6393eee7a87a46f65b36cf9d1863821846f32cd08b7f9dd84710f2fa08a1,1,1,20270826,0.6,2.0,none,wa_mcbr_none,0010010001000000001000000000000000010000000010101000000100000000000010110000001000000000001100000000,1,0,inf,0000000001000000001000000000000000010000000010000000000000000000000000100000000000000000001100000000,0.08,234.8386297468512,,,0.03519912506453693,716,57,0,True,27208,57280,84488,100,15,0.15,230.90864468499575,230.90864468499575,0.0,13.592233009708737,13.592233009708737,37.89473684210527,36.0,0.35868392664509163,3.5912499999999996,3.5912499999999996,2.0,1.7956249999999998,0,1,0,1,4229.118986470328,42.291189864703284,7542.718984107368,448.10905036274966,47.93227382444109,159.82338099243057,0,0,85
06ac6393eee7a87a46f65b36cf9d1863821846f32cd08b7f9dd84710f2fa08a1,1,1,20270826,0.6,3.0,hard,wa_mcbr_hard,0000010000100000001000000000000000010000000000000000000000000000001010010000001000100000000101010000,1,0,inf,0000010000100000001000000000000000010000000000000000000000000000001010010000001000000000000101000000,0.02,234.3313608911701,232.2684777300736,0.8881459857388975,0.005570624954998493,100,0,0,True,3800,8000,11800,100,12,0.12,234.02826623035202,234.02826623035202,0.0,11.16504854368932,11.16504854368932,37.89473684210527,36.0,0.29463322545846815,2.9574999999999996,2.9574999999999996,3.0,0.9858333333333332,0,0,0,0,4327.3968213109,43.273968213109,7996.149549355809,425.3095691920192,45.79577965079849,124.42554004970368,0,88,0
06ac6393eee7a87a46f65b36cf9d1863821846f32cd08b7f9dd84710f2fa08a1,1,1,20270826,0.6,3.0,soft,wa_mcbr_soft,0000000001000000000000000000000000010000000010100000000100000000000000001000001000000000001100000000,1,1,234.33594104349592,0000000001000000000000000000000000010000000010100000000100000000000000001000001000000000001100000000,0.0,234.33594104349592,,,0.05211320798844099,722,49,0,True,27436,57760,85196,100,9,0.09,235.14643020915838,234.2946730914191,0.8517571177392894,7.766990291262136,7.766990291262136,37.89473684210527,36.0,0.20496224379719524,2.0475,2.0475,3.0,0.6825,0,0,0,0,4361.053921185802,43.610539211858026,8157.950425961185,388.2074346352856,38.93621790934695,84.4504748982361,0,0,91
06ac6393eee7a87a46f65b36cf9d1863821846f32cd08b7f9dd84710f2fa08a1,1,1,20270826,0.6,3.0,none,wa_mcbr_none,0010010001000000001000000000000000010000000010101000000100000000000010110000001000000000001100000000,1,0,inf,0010000001000000001000000000000000010000000010001000000000000000000010100000000000000000001100000000,0.05,232.72972067575995,,,0.03529441694263369,716,53,0,True,27208,57280,84488,100,15,0.15,230.90864468499575,230.90864468499575,0.0,13.592233009708737,13.592233009708737,37.89473684210527,36.0,0.35868392664509163,3.5912499999999996,3.5912499999999996,3.0,1.1970833333333333,0,1,0,1,4229.118986470328,42.291189864703284,7542.718984107368,448.10905036274966,47.93227382444109,159.82338099243057,0,0,85
06ac6393eee7a87a46f65b36cf9d1863821846f32cd08b7f9dd84710f2fa08a1,1,1,20270826,0.6,5.0,hard,wa_mcbr_hard,0010010001000000001000000000000000010000000010101000000100000000000010110000001000000000001100000000,1,1,231.084046591122,0010010001000000001000000000000000010000000010101000000100000000000010110000001000000000001100000000,0.0,231.084046591122,231.084046591122,0.0,0.03562400001101196,716,29,0,True,27208,57280,84488,100,15,0.15,230.90864468499575,230.90864468499575,0.0,13.592233009708737,13.592233009708737,37.89473684210527,36.0,0.35868392664509163,3.5912499999999996,3.5912499999999996,5.0,0.7182499999999999,0,0,0,0,4229.118986470328,42.291189864703284,7542.718984107368,448.10905036274966,47.93227382444109,159.82338099243057,0,0,85
06ac6393eee7a87a46f65b36cf9d1863821846f32cd08b7f9dd84710f2fa08a1,1,1,20270826,0.6,5.0,soft,wa_mcbr_soft,0010000001000000001000000000000000010000000010101000000000000000000010110000001000000000001100000000,1,1,231.31263706554063,0010000001000000001000000000000000010000000010101000000000000000000010110000001000000000001100000000,0.0,231.31263706554063,,,0.05351204192265868,734,53,0,True,27892,58720,86612,100,13,0.13,231.9442646151868,231.19354953447925,0.7507150807075393,11.650485436893204,11.650485436893204,37.89473684210527,36.0,0.30744336569579284,3.10375,3.10375,5.0,0.6207499999999999,0,0,0,0,4259.2073439898195,42.59207343989819,7686.5921442514245,423.42976772872026,45.54955780183008,130.98130841121494,0,0,87
06ac6393eee7a87a46f65b36cf9d1863821846f32cd08b7f9dd84710f2fa08a1,1,1,20270826,0.6,5.0,none,wa_mcbr_none,0010010001000000001000000000000000010000000010101000000100000000000010110000001000000000001100000000,1,1,231.084046591122,0010010001000000001000000000000000010000000010101000000100000000000010110000001000000000001100000000,0.0,231.084046591122,,,0.03628245904110372,716,53,0,True,27208,57280,84488,100,15,0.15,230.90864468499575,230.90864468499575,0.0,13.592233009708737,13.592233009708737,37.89473684210527,36.0,0.35868392664509163,3.5912499999999996,3.5912499999999996,5.0,0.7182499999999999,0,0,0,0,4229.118986470328,42.291189864703284,7542.718984107368,448.10905036274966,47.93227382444109,159.82338099243057,0,0,85
06ac6393eee7a87a46f65b36cf9d1863821846f32cd08b7f9dd84710f2fa08a1,1,1,20270826,0.6,13.0,hard,wa_mcbr_hard,0010010001000000001000000000000000010000000010101000000100000000000010110000001000000000001100000000,1,1,231.084046591122,0010010001000000001000000000000000010000000010101000000100000000000010110000001000000000001100000000,0.0,231.084046591122,231.084046591122,0.0,0.04486058303155005,716,53,0,True,27208,57280,84488,100,15,0.15,230.90864468499575,230.90864468499575,0.0,13.592233009708737,13.592233009708737,37.89473684210527,36.0,0.35868392664509163,3.5912499999999996,3.5912499999999996,13.0,0.27625,0,0,0,0,4229.118986470328,42.291189864703284,7542.718984107368,448.10905036274966,47.93227382444109,159.82338099243057,0,0,85
06ac6393eee7a87a46f65b36cf9d1863821846f32cd08b7f9dd84710f2fa08a1,1,1,20270826,0.6,13.0,soft,wa_mcbr_soft,0010010001000000001000000000000000010000000010101000000100000000000010110000001000000000001100000000,1,1,231.084046591122,0010010001000000001000000000000000010000000010101000000100000000000010110000001000000000001100000000,0.0,231.084046591122,,,0.06748829199932516,842,53,0,True,31996,67360,99356,100,15,0.15,230.96368836417136,230.90864468499575,0.05504367917561953,13.592233009708737,13.592233009708737,37.89473684210527,36.0,0.35868392664509163,3.5912499999999996,3.5912499999999996,13.0,0.27625,0,0,0,0,4229.118986470328,42.291189864703284,7542.718984107368,448.10905036274966,47.93227382444109,159.82338099243057,0,0,85
06ac6393eee7a87a46f65b36cf9d1863821846f32cd08b7f9dd84710f2fa08a1,1,1,20270826,0.6,13.0,none,wa_mcbr_none,0010010001000000001000000000000000010000000010101000000100000000000010110000001000000000001100000000,1,1,231.084046591122,0010010001000000001000000000000000010000000010101000000100000000000010110000001000000000001100000000,0.0,231.084046591122,,,0.03803749999497086,716,53,0,True,27208,57280,84488,100,15,0.15,230.90864468499575,230.90864468499575,0.0,13.592233009708737,13.592233009708737,37.89473684210527,36.0,0.35868392664509163,3.5912499999999996,3.5912499999999996,13.0,0.27625,0,0,0,0,4229.118986470328,42.291189864703284,7542.718984107368,448.10905036274966,47.93227382444109,159.82338099243057,0,0,85
06ac6393eee7a87a46f65b36cf9d1863821846f32cd08b7f9dd84710f2fa08a1,1,1,20270826,0.8,1.5,hard,wa_mcbr_hard,0000000000000000001000000000000000010000000000000000000000000000000010010000001000000000000100000000,1,0,inf,0000000000000000001000000000000000010000000000000000000000000000000010010000000000000000000100000000,0.01,236.7567394310711,235.73969898594262,0.4314251903703049,0.005347417085431516,100,0,0,True,3800,8000,11800,100,6,0.06,235.95296691100032,235.95296691100032,0.0,5.339805825242719,5.339805825242719,50.526315789473685,48.0,0.1056836569579288,1.4949999999999999,1.4949999999999999,1.5,0.9966666666666666,0,0,0,0,4412.621686274839,44.126216862748386,8399.01514331428,320.7379043386771,35.8572190466498,49.54314146782767,0,94,0
06ac6393eee7a87a46f65b36cf9d1863821846f32cd08b7f9dd84710f2fa08a1,1,1,20270826,0.8,1.5,soft,wa_mcbr_soft,0000000001000000001000000000000000000000000000100000000000000000000000001000000000000000001000000000,1,1,237.0889619063642,0000000001000000001000000000000000000000000000100000000000000000000000001000000000000000001000000000,0.0,237.0889619063642,,,0.053190583945252,717,55,0,True,27246,57360,84606,100,5,0.05,238.11434671325085,237.08207753031255,1.0322691829383026,4.368932038834951,4.368932038834951,50.526315789473685,48.0,0.08646844660194174,1.17,1.17,1.5,0.7799999999999999,0,0,0,0,4443.180867371028,44.431808673710286,8539.355608262666,272.51023940032286,31.121652533547106,43.66323480571238,0,0,95
06ac6393eee7a87a46f65b36cf9d1863821846f32cd08b7f9dd84710f2fa08a1,1,1,20270826,0.8,1.5,none,wa_mcbr_none,0010010001000000001000000000000000010000000010101000000100000000000010110000001000000000001101000000,1,0,inf,0000000001000000001000000000000000010000000010000000000000000000000000100000000000000000000100000000,0.1,235.74035741389307,,,0.03685587493237108,718,66,0,True,27284,57440,84724,100,16,0.16,230.04631256184294,230.04631256184294,0.0,14.563106796116505,14.563106796116505,50.526315789473685,48.0,0.28822815533980584,3.835,3.835,1.5,2.5566666666666666,0,1,0,1,4212.590471221355,42.125904712213554,7467.194459777844,465.6683047020844,49.65373611520364,121.23614663256609,0,0,84
06ac6393eee7a87a46f65b36cf9d1863821846f32cd08b7f9dd84710f2fa08a1,1,1,20270826,0.8,2.0,hard,wa_mcbr_hard,0000010000000000001000000000000000010000000000000000000000000000000010010000001000000000000101000000,1,0,inf,0000000000000000001000000000000000010000000000000000000000000000000010010000001000000000000100000000,0.02,235.96644423690276,234.53180186145968,0.6117048366389705,0.005936750094406307,100,0,0,True,3800,8000,11800,100,8,0.08,234.74504928263053,234.74504928263053,0.0,7.281553398058253,7.281553398058253,50.526315789473685,48.0,0.14411407766990292,1.9825,1.9825,2.0,0.99125,0,0,0,0,4382.372551819931,43.82372551819931,8258.695856450893,334.4739757189068,36.98205636161034,62.09500177242112,0,92,0
06ac6393eee7a87a46f65b36cf9d1863821846f32cd08b7f9dd84710f2fa08a1,1,1,20270826,0.8,2.0,soft,wa_mcbr_soft,0000000000000000001000000000000000000000000000101000000000000000000000001000001000000000001000000000,1,1,236.421780472856,0000000000000000001000000000000000000000000000101000000000000000000000001000001000000000001000000000,0.0,236.421780472856,,,0.06951933400705457,922,56,0,True,35036,73760,108796,100,6,0.06,237.25226691861485,236.41358098264567,0.8386859359691778,5.58252427184466,5.58252427184466,50.526315789473685,48.0,0.11048745954692556,1.4625,1.4625,2.0,0.73125,0,0,0,0,4426.844594016497,44.268445940164966,8463.796069552664,289.7128583196224,32.67825877764989,51.05281109658348,0,0,94
06ac6393eee7a87a46f65b36cf9d1863821846f32cd08b7f9dd84710f2fa08a1,1,1,20270826,0.8,2.0,none,wa_mcbr_none,0010010001000000001000000000000000010000000010101000000100000000000010110000001000000000001101000000,1,0,inf,0000000001000000001000000000000000010000000010000000000000000000000000100000000000000000001100000000,0.09,234.745237428896,,,0.03682429192122072,718,66,0,True,27284,57440,84724,100,16,0.16,230.04631256184294,230.04631256184294,0.0,14.563106796116505,14.563106796116505,50.526315789473685,48.0,0.28822815533980584,3.835,3.835,2.0,1.9175,0,1,0,1,4212.590471221355,42.125904712213554,7467.194459777844,465.6683047020844,49.65373611520364,121.23614663256609,0,0,84
06ac6393eee7a87a46f65b36cf9d1863821846f32cd08b7f9dd84710f2fa08a1,1,1,20270826,0.8,3.0,hard,wa_mcbr_hard,0000010000100000001000000000000000010000000000000000000000000000001010010000001000100000000101010000,1,0,inf,0000010000100000001000000000000000010000000000000000000000000000001010010000001000000000000101000000,0.02,234.06525092008147,231.96120010204126,0.9070701553167604,0.005768875009380281,100,0,0,True,3800,8000,11800,100,12,0.12,233.6261269054092,233.6261269054092,0.0,11.16504854368932,11.16504854368932,50.526315789473685,48.0,0.2209749190938511,2.9574999999999996,2.9574999999999996,3.0,0.9858333333333332,0,0,0,0,4326.994681985958,43.26994681985958,7996.149549355809,425.3095691920192,45.79577965079849,90.91392963780345,0,88,0
06ac6393eee7a87a46f65b36cf9d1863821846f32cd08b7f9dd84710f2fa08a1,1,1,20270826,0.8,3.0,soft,wa_mcbr_soft,0010000001000000000000000000000000000000000000101000000000000000000010101000001000000000001000000000,1,1,234.17544736849058,0010000001000000000000000000000000000000000000101000000000000000000010101000001000000000001000000000,0.0,234.17544736849058,,,0.06855041696690023,933,63,0,True,35454,74640,110094,100,9,0.09,235.26035570392554,234.15568627139774,1.1046694325278041,8.495145631067961,8.495145631067961,50.526315789473685,48.0,0.16813309061488674,2.145,2.145,3.0,0.715,0,0,0,0,4371.618598929764,43.716185989297635,8208.299134735727,331.53770452012515,33.237192858691174,70.52884323141451,0,0,91
06ac6393eee7a87a46f65b36cf9d1863821846f32cd08b7f9dd84710f2fa08a1,1,1,20270826,0.8,3.0,none,wa_mcbr_none,0010010001000000001000000000000000010000000010101000000100000000000010110000001000000000001101000000,1,0,inf,0010000001000000001000000000000000010000000010001000000000000000000010100000000000000000001100000000,0.06,232.49285724622683,,,0.035432874923571944,718,66,0,True,27284,57440,84724,100,16,0.16,230.04631256184294,230.04631256184294,0.0,14.563106796116505,14.563106796116505,50.526315789473685,48.0,0.28822815533980584,3.835,3.835,3.0,1.2783333333333333,0,1,0,1,4212.590471221355,42.125904712213554,7467.194459777844,465.6683047020844,49.65373611520364,121.23614663256609,0,0,84
06ac6393eee7a87a46f65b36cf9d1863821846f32cd08b7f9dd84710f2fa08a1,1,1,20270826,0.8,5.0,hard,wa_mcbr_hard,0010010001000000001000000000000000010000000010101000000100000000000010110000001000000000001101000000,1,1,230.1638717325305,0010010001000000001000000000000000010000000010101000000100000000000010110000001000000000001101000000,0.0,230.1638717325305,230.16387173253048,1.2348466862528448e-14,0.0372359580360353,716,20,0,True,27208,57280,84488,100,16,0.16,230.04631256184294,230.04631256184294,0.0,14.563106796116505,14.563106796116505,50.526315789473685,48.0,0.28822815533980584,3.835,3.835,5.0,0.767,0,0,0,0,4212.590471221355,42.125904712213554,7467.194459777844,465.6683047020844,49.65373611520364,121.23614663256609,0,0,84
06ac6393eee7a87a46f65b36cf9d1863821846f32cd08b7f9dd84710f2fa08a1,1,1,20270826,0.8,5.0,soft,wa_mcbr_soft,0010000001000000001000000000000000010000000010101000000100000000000010110000000000000000001100000000,1,1,230.83193986334447,0010000001000000001000000000000000010000000010101000000100000000000010110000000000000000001100000000,0.0,230.83193986334447,,,0.056057084002532065,760,67,0,True,28880,60800,89680,100,13,0.13,231.51088414777288,230.76016906706533,0.7507150807075393,11.650485436893202,11.650485436893202,50.526315789473685,48.0,0.2305825242718446,3.10375,3.10375,5.0,0.6207499999999999,0,0,0,0,4261.067462784058,42.61067462784058,7697.385001169778,417.96061697318805,45.000089982895474,94.92113564668769,0,0,87
06ac6393eee7a87a46f65b36cf9d1863821846f32cd08b7f9dd84710f2fa08a1,1,1,20270826,0.8,5.0,none,wa_mcbr_none,0010010001000000001000000000000000010000000010101000000100000000000010110000001000000000001101000000,1,1,230.1638717325305,0010010001000000001000000000000000010000000010101000000100000000000010110000001000000000001101000000,0.0,230.1638717325305,,,0.03842325008008629,718,66,0,True,27284,57440,84724,100,16,0.16,230.04631256184294,230.04631256184294,0.0,14.563106796116505,14.563106796116505,50.526315789473685,48.0,0.28822815533980584,3.835,3.835,5.0,0.767,0,0,0,0,4212.590471221355,42.125904712213554,7467.194459777844,465.6683047020844,49.65373611520364,121.23614663256609,0,0,84
06ac6393eee7a87a46f65b36cf9d1863821846f32cd08b7f9dd84710f2fa08a1,1,1,20270826,0.8,13.0,hard,wa_mcbr_hard,0010010001000000001000000000000000010000000010101000000100000000000010110000001000000000001101000000,1,1,230.1638717325305,0010010001000000001000000000000000010000000010101000000100000000000010110000001000000000001101000000,0.0,230.1638717325305,230.16387173253048,1.2348466862528448e-14,0.036042542080394924,718,66,0,True,27284,57440,84724,100,16,0.16,230.04631256184294,230.04631256184294,0.0,14.563106796116505,14.563106796116505,50.526315789473685,48.0,0.28822815533980584,3.835,3.835,13.0,0.295,0,0,0,0,4212.590471221355,42.125904712213554,7467.194459777844,465.6683047020844,49.65373611520364,121.23614663256609,0,0,84
06ac6393eee7a87a46f65b36cf9d1863821846f32cd08b7f9dd84710f2fa08a1,1,1,20270826,0.8,13.0,soft,wa_mcbr_soft,0010010001000000001000000000000000010000000010101000000100000000000010110000001000000000001101000000,1,1,230.1638717325305,0010010001000000001000000000000000010000000010101000000100000000000010110000001000000000001101000000,0.0,230.1638717325305,,,0.0711856660200283,904,66,0,True,34352,72320,106672,100,16,0.16,230.11452763524238,230.04631256184294,0.06821507339945009,14.563106796116505,14.563106796116505,50.526315789473685,48.0,0.28822815533980584,3.835,3.835,13.0,0.295,0,0,0,0,4212.590471221355,42.125904712213554,7467.194459777844,465.6683047020844,49.65373611520364,121.23614663256609,0,0,84
06ac6393eee7a87a46f65b36cf9d1863821846f32cd08b7f9dd84710f2fa08a1,1,1,20270826,0.8,13.0,none,wa_mcbr_none,0010010001000000001000000000000000010000000010101000000100000000000010110000001000000000001101000000,1,1,230.1638717325305,0010010001000000001000000000000000010000000010101000000100000000000010110000001000000000001101000000,0.0,230.1638717325305,,,0.038606875110417604,718,66,0,True,27284,57440,84724,100,16,0.16,230.04631256184294,230.04631256184294,0.0,14.563106796116505,14.563106796116505,50.526315789473685,48.0,0.28822815533980584,3.835,3.835,13.0,0.295,0,0,0,0,4212.590471221355,42.125904712213554,7467.194459777844,465.6683047020844,49.65373611520364,121.23614663256609,0,0,84
06ac6393eee7a87a46f65b36cf9d1863821846f32cd08b7f9dd84710f2fa08a1,1,1,20270826,1.0,1.5,hard,wa_mcbr_hard,0000000000000000001000000000000000010000000000000000000000000000000010010000001000000000000100000000,1,0,inf,0000000000000000001000000000000000010000000000000000000000000000000010010000000000000000000100000000,0.01,236.72903766884298,235.70391837756765,0.43491822212018577,0.00541337497998029,100,0,0,True,3800,8000,11800,100,6,0.06,235.9142409830948,235.9142409830948,0.0,5.339805825242719,5.339805825242719,63.15789473684211,60.0,0.08454692556634304,1.4949999999999999,1.4949999999999999,1.5,0.9966666666666666,0,0,0,0,4412.582960346933,44.12582960346933,8399.01514331428,320.7379043386771,35.8572190466498,43.08882015024304,0,94,0
06ac6393eee7a87a46f65b36cf9d1863821846f32cd08b7f9dd84710f2fa08a1,1,1,20270826,1.0,1.5,soft,wa_mcbr_soft,0000000001000000001000000000000000000000000000100000000000000000000000001000000000000000001000000000,1,1,237.06195477710008,0000000001000000001000000000000000000000000000100000000000000000000000001000000000000000001000000000,0.0,237.06195477710008,,,0.05125237500760704,717,57,0,True,27246,57360,84606,100,5,0.05,238.08892493296415,237.05665575002584,1.0322691829383026,4.368932038834951,4.368932038834951,63.15789473684211,60.0,0.0691747572815534,1.17,1.17,1.5,0.7799999999999999,0,0,0,0,4443.155445590742,44.43155445590742,8539.355608262666,272.51023940032286,31.121652533547106,38.57887874837027,0,0,95
06ac6393eee7a87a46f65b36cf9d1863821846f32cd08b7f9dd84710f2fa08a1,1,1,20270826,1.0,1.5,none,wa_mcbr_none,0010010001100000001000000000000000010000000010101000000100000000000010110000001000000000001101000000,1,0,inf,0000000001000000001000000000000000010000000010000000000000000000000000100000000000000000000100000000,0.11,235.7045768055181,,,0.036066750064492226,718,71,0,True,27284,57440,84724,100,17,0.17,229.59898389142276,229.59898389142276,0.0,15.533980582524272,15.533980582524272,63.15789473684211,60.0,0.2459546925566343,4.07875,4.07875,1.5,2.7191666666666667,0,1,0,1,4201.063820826773,42.01063820826773,7413.265676975054,478.6796901383599,50.92217500318306,101.54506437768241,0,0,83
06ac6393eee7a87a46f65b36cf9d1863821846f32cd08b7f9dd84710f2fa08a1,1,1,20270826,1.0,2.0,hard,wa_mcbr_hard,0000010000000000001000000000000000010000000000000000000000000000000010010000001000000000000101000000,1,0,inf,0000000000000000001000000000000000010000000000000000000000000000000010010000001000000000000100000000,0.02,235.92451267884627,234.46597120050728,0.6220695783149238,0.005389750003814697,100,0,0,True,3800,8000,11800,100,8,0.08,234.6689202698229,234.6689202698229,0.0,7.281553398058253,7.281553398058253,63.15789473684211,60.0,0.11529126213592232,1.9825,1.9825,2.0,0.99125,0,0,0,0,4382.296422807123,43.822964228071235,8258.695856450893,334.4739757189068,36.98205636161034,52.578875171467764,0,92,0
06ac6393eee7a87a46f65b36cf9d1863821846f32cd08b7f9dd84710f2fa08a1,1,1,20270826,1.0,2.0,soft,wa_mcbr_soft,0000000000000000001000000000000000000000000000100000000000000000001000001000001000000000001000000000,1,1,236.71065326105037,0000000000000000001000000000000000000000000000100000000000000000001000001000001000000000001000000000,0.0,236.71065326105037,,,0.053432166925631464,717,56,0,True,27246,57360,84606,100,6,0.06,237.54310041582957,236.7044144798604,0.8386859359691778,5.58252427184466,5.58252427184466,63.15789473684211,60.0,0.08838996763754044,1.4625,1.4625,2.0,0.73125,0,0,0,0,4430.957222199712,44.30957222199712,8481.811505522288,315.29696228486597,35.25092038154107,44.24007100066562,0,0,94
06ac6393eee7a87a46f65b36cf9d1863821846f32cd08b7f9dd84710f2fa08a1,1,1,20270826,1.0,2.0,none,wa_mcbr_none,0010010001100000001000000000000000010000000010101000000100000000000010110000001000000000001101000000,1,0,inf,0000000001000000001000000000000000010000000010000000000000000000000000100000000000000000001100000000,0.1,234.6931234835177,,,0.035408124909736216,718,71,0,True,27284,57440,84724,100,17,0.17,229.59898389142276,229.59898389142276,0.0,15.533980582524272,15.533980582524272,63.15789473684211,60.0,0.2459546925566343,4.07875,4.07875,2.0,2.039375,0,1,0,1,4201.063820826773,42.01063820826773,7413.265676975054,478.6796901383599,50.92217500318306,101.54506437768241,0,0,83
06ac6393eee7a87a46f65b36cf9d1863821846f32cd08b7f9dd84710f2fa08a1,1,1,20270826,1.0,3.0,hard,wa_mcbr_hard,0000010000100000001000000000000000010000000000000000000000000000001010010000001000100000000101010000,1,0,inf,0000010000100000001000000000000000010000000000000000000000000000001010010000001000000000000101000000,0.02,233.92489932855622,231.7999554061431,0.9167145518600021,0.00548891699872911,100,0,0,True,3800,8000,11800,100,12,0.12,233.4193857939816,233.4193857939816,0.0,11.16504854368932,11.16504854368932,63.15789473684211,60.0,0.17677993527508087,2.9574999999999996,2.9574999999999996,3.0,0.9858333333333332,0,0,0,0,4326.78794087453,43.2678794087453,7996.149549355809,425.3095691920192,45.79577965079849,73.68550368550366,0,88,0
06ac6393eee7a87a46f65b36cf9d1863821846f32cd08b7f9dd84710f2fa08a1,1,1,20270826,1.0,3.0,soft,wa_mcbr_soft,0000000001000000000000000000000000010000000000101000000100000000000000101000001000000000001000000000,1,1,234.07595846519519,0000000001000000000000000000000000010000000000101000000100000000000000101000001000000000001000000000,0.0,234.07595846519519,,,0.08298104198183864,722,61,0,True,27436,57760,85196,100,9,0.09,235.16413933626185,234.05946990373405,1.1046694325278041,8.25242718446602,8.25242718446602,63.15789473684211,60.0,0.130663430420712,2.145,2.145,3.0,0.715,0,0,0,0,4373.816017629429,43.738160176294286,8219.090474162895,321.9818978151977,32.274906988290574,57.57561656584458,0,0,91
06ac6393eee7a87a46f65b36cf9d1863821846f32cd08b7f9dd84710f2fa08a1,1,1,20270826,1.0,3.0,none,wa_mcbr_none,0010010001100000001000000000000000010000000010101000000100000000000010110000001000000000001101000000,1,0,inf,0010000001000000001000000000000000010000000010001000000000000000000010100000000000000000001100000000,0.07,232.36648404621351,,,0.035592125030234456,718,71,0,True,27284,57440,84724,100,17,0.17,229.59898389142276,229.59898389142276,0.0,15.533980582524272,15.533980582524272,63.15789473684211,60.0,0.2459546925566343,4.07875,4.07875,3.0,1.3595833333333334,0,1,0,1,4201.063820826773,42.01063820826773,7413.265676975054,478.6796901383599,50.92217500318306,101.54506437768241,0,0,83
06ac6393eee7a87a46f65b36cf9d1863821846f32cd08b7f9dd84710f2fa08a1,1,1,20270826,1.0,5.0,hard,wa_mcbr_hard,0010010001000000001000000100000000010000000010101000000100000000000010110000001000000000001101000000,1,1,229.70340747350986,0010010001000000001000000100000000010000000010101000000100000000000010110000001000000000001101000000,0.0,229.70340747350986,229.69112395223078,0.005347843254764998,0.03557729197200388,718,23,0,True,27284,57440,84724,100,17,0.17,229.61126741270186,229.61126741270186,0.0,15.533980582524272,15.533980582524272,63.15789473684211,60.0,0.2459546925566343,4.07875,4.07875,5.0,0.8157500000000001,0,0,0,0,4200.311587492731,42.00311587492731,7409.670468123825,481.48949401821807,51.20400728384007,101.54506437768241,0,0,83
06ac6393eee7a87a46f65b36cf9d1863821846f32cd08b7f9dd84710f2fa08a1,1,1,20270826,1.0,5.0,soft,wa_mcbr_soft,0010000001000000001000000000000000010000000010101000000000000000000010110000001000000000001100000000,1,1,230.5368061854874,0010000001000000001000000000000000010000000010101000000000000000000010110000001000000000001100000000,0.0,230.5368061854874,,,0.05337800004053861,734,69,0,True,27892,58720,86612,100,13,0.13,231.23662665346006,230.4859115727525,0.7507150807075393,11.650485436893204,11.650485436893204,63.15789473684211,60.0,0.18446601941747573,3.10375,3.10375,5.0,0.6207499999999999,0,0,0,0,4258.499706028093,42.58499706028093,7686.5921442514245,423.42976772872026,45.54955780183008,76.54761904761905,0,0,87
06ac6393eee7a87a46f65b36cf9d1863821846f32cd08b7f9dd84710f2fa08a1,1,1,20270826,1.0,5.0,none,wa_mcbr_none,0010010001100000001000000000000000010000000010101000000100000000000010110000001000000000001101000000,1,1,229.69112395223075,0010010001100000001000000000000000010000000010101000000100000000000010110000001000000000001101000000,0.0,229.69112395223075,,,0.043219042010605335,718,71,0,True,27284,57440,84724,100,17,0.17,229.59898389142276,229.59898389142276,0.0,15.533980582524272,15.533980582524272,63.15789473684211,60.0,0.2459546925566343,4.07875,4.07875,5.0,0.8157500000000001,0,0,0,0,4201.063820826773,42.01063820826773,7413.265676975054,478.6796901383599,50.92217500318306,101.54506437768241,0,0,83
06ac6393eee7a87a46f65b36cf9d1863821846f32cd08b7f9dd84710f2fa08a1,1,1,20270826,1.0,13.0,hard,wa_mcbr_hard,0010010001100000001000000000000000010000000010101000000100000000000010110000001000000000001101000000,1,1,229.69112395223075,0010010001100000001000000000000000010000000010101000000100000000000010110000001000000000001101000000,0.0,229.69112395223075,229.69112395223078,-1.2373882343104783e-14,0.03569845901802182,718,70,0,True,27284,57440,84724,100,17,0.17,229.59898389142276,229.59898389142276,0.0,15.533980582524272,15.533980582524272,63.15789473684211,60.0,0.2459546925566343,4.07875,4.07875,13.0,0.31375000000000003,0,0,0,0,4201.063820826773,42.01063820826773,7413.265676975054,478.6796901383599,50.92217500318306,101.54506437768241,0,0,83
06ac6393eee7a87a46f65b36cf9d1863821846f32cd08b7f9dd84710f2fa08a1,1,1,20270826,1.0,13.0,soft,wa_mcbr_soft,0010010001100000001000000000000000010000000010101000000100000000000010110000001000000000001101000000,1,1,229.69112395223075,0010010001100000001000000000000000010000000010101000000100000000000010110000001000000000001101000000,0.0,229.69112395223075,,,0.051235125050880015,718,71,0,True,27284,57440,84724,100,17,0.17,229.68319191257757,229.59898389142276,0.0842080211548109,15.533980582524272,15.533980582524272,63.15789473684211,60.0,0.2459546925566343,4.07875,4.07875,13.0,0.31375000000000003,0,0,0,0,4201.063820826773,42.01063820826773,7413.265676975054,478.6796901383599,50.92217500318306,101.54506437768241,0,0,83
06ac6393eee7a87a46f65b36cf9d1863821846f32cd08b7f9dd84710f2fa08a1,1,1,20270826,1.0,13.0,none,wa_mcbr_none,0010010001100000001000000000000000010000000010101000000100000000000010110000001000000000001101000000,1,1,229.69112395223075,0010010001100000001000000000000000010000000010101000000100000000000010110000001000000000001101000000,0.0,229.69112395223075,,,0.03410641697701067,718,71,0,True,27284,57440,84724,100,17,0.17,229.59898389142276,229.59898389142276,0.0,15.533980582524272,15.533980582524272,63.15789473684211,60.0,0.2459546925566343,4.07875,4.07875,13.0,0.31375000000000003,0,0,0,0,4201.063820826773,42.01063820826773,7413.265676975054,478.6796901383599,50.92217500318306,101.54506437768241,0,0,83
06ac6393eee7a87a46f65b36cf9d1863821846f32cd08b7f9dd84710f2fa08a1,1,2,20270923,0.2,1.5,hard,wa_mcbr_hard,0010000001000000001000000000000000010000000000000000000000000000000000000000001000000000001000000000,1,0,inf,0010000001000000001000000000000000010000000000000000000000000000000000000000000000000000001000000000,0.01,237.75103362723007,235.10500644557044,1.1254661147644338,0.005362124997191131,100,0,0,True,3800,8000,11800,100,6,0.06,237.23420327799292,237.23420327799292,0.0,5.0970873786407775,5.0970873786407775,12.631578947368421,12.0,0.4035194174757282,1.4137499999999998,1.4137499999999998,1.5,0.9424999999999999,0,0,0,0,4426.939121934941,44.26939121934941,8460.195008941362,300.72852866178516,32.501490227159934,189.12512716174976,0,94,0
06ac6393eee7a87a46f65b36cf9d1863821846f32cd08b7f9dd84710f2fa08a1,1,2,20270923,0.2,1.5,soft,wa_mcbr_soft,0000000001000000001000000000000000000000000000000000100000000000000000000000010000000000000100000000,1,1,235.4908734158728,0000000001000000001000000000000000000000000000000000100000000000000000000000010000000000000100000000,0.0,235.4908734158728,,,0.042252957937307656,580,18,0,True,22040,46400,68440,100,5,0.05,236.22506097591713,235.4291281854364,0.7959327904807306,4.126213592233009,4.126213592233009,12.631578947368421,12.0,0.3266585760517799,1.12125,1.12125,1.5,0.7475,0,0,0,0,4382.701161289868,43.82701161289868,8262.211734841034,398.9495905059132,42.34696820665467,141.28266746770802,0,0,95
06ac6393eee7a87a46f65b36cf9d1863821846f32cd08b7f9dd84710f2fa08a1,1,2,20270923,0.2,1.5,none,wa_mcbr_none,0000000001000000001000000000000000000000000010000000100000000000000010000000010000000000000100000000,1,0,inf,0000000001000000001000000000000000000000000010000000100000000000000000000000010000000000000100000000,0.01,235.10500644557047,,,0.024717458989471197,488,20,0,True,18544,39040,57584,100,7,0.07,234.73594149483412,234.73594149483412,0.0,5.825242718446601,5.825242718446601,12.631578947368421,12.0,0.4611650485436892,1.56,1.56,1.5,1.04,0,1,0,1,4339.21362491192,43.392136249119204,8057.134051033001,453.6967377388237,47.721576142870795,233.9639639639639,0,0,93
06ac6393eee7a87a46f65b36cf9d1863821846f32cd08b7f9dd84710f2fa08a1,1,2,20270923,0.2,2.0,hard,wa_mcbr_hard,0000000001000000001000000000000000000000000010000000100000000000000000010000010000000000000100000000,1,1,234.89682213433952,0000000001000000001000000000000000000000000010000000100000000000000000010000010000000000000100000000,0.0,234.89682213433952,234.88455507655078,0.005222590214471722,0.030473125050775707,644,13,0,True,24472,51520,75992,100,7,0.07,234.65951933119138,234.65951933119138,0.0,6.067961165048544,6.067961165048544,12.631578947368421,12.0,0.4803802588996764,1.64125,1.64125,2.0,0.820625,0,0,0,0,4333.021211368181,43.33021211368181,8028.342886877164,466.1948509624202,48.98383959494862,251.12105877773456,0,1,92
06ac6393eee7a87a46f65b36cf9d1863821846f32cd08b7f9dd84710f2fa08a1,1,2,20270923,0.2,2.0,soft,wa_mcbr_soft,0000000001000000001010000000000000000000000000000000000000000000000010000000010000000000001000000000,1,1,235.93054764388933,0000000001000000001010000000000000000000000000000000000000000000000010000000010000000000001000000000,0.0,235.93054764388933,,,0.03349437494762242,464,17,0,True,17632,37120,54752,100,6,0.06,236.52449502492033,235.83439516958074,0.69009985533959,5.339805825242719,5.339805825242719,12.631578947368421,12.0,0.4227346278317152,1.4137499999999998,1.4137499999999998,2.0,0.7068749999999999,0,0,0,0,4394.963571643085,43.94963571643085,8316.188676039194,290.85222315835495,31.446006532370564,203.07638402242466,0,0,94
06ac6393eee7a87a46f65b36cf9d1863821846f32cd08b7f9dd84710f2fa08a1,1,2,20270923,0.2,2.0,none,wa_mcbr_none,0000000001000000001000000000000000000000000010000000100000000000000010000000010000000000000100000000,1,1,234.9251822904579,0000000001000000001000000000000000000000000010000000100000000000000010000000010000000000000100000000,0.0,234.9251822904579,,,0.024369292077608407,488,20,0,True,18544,39040,57584,100,7,0.07,234.73594149483412,234.73594149483412,0.0,5.825242718446601,5.825242718446601,12.631578947368421,12.0,0.4611650485436892,1.56,1.56,2.0,0.78,0,0,0,0,4339.21362491192,43.392136249119204,8057.134051033001,453.6967377388237,47.721576142870795,233.9639639639639,0,0,93
06ac6393eee7a87a46f65b36cf9d1863821846f32cd08b7f9dd84710f2fa08a1,1,2,20270923,0.2,3.0,hard,wa_mcbr_hard,0000000001000000001000000000000000000000000010000000100000000000000010000000010000000000000100000000,1,1,234.9251822904579,0000000001000000001000000000000000000000000010000000100000000000000010000000010000000000000100000000,0.0,234.9251822904579,234.88455507655078,0.017296673207775774,0.024702082970179617,488,17,0,True,18544,39040,57584,100,7,0.07,234.73594149483412,234.73594149483412,0.0,5.825242718446601,5.825242718446601,12.631578947368421,12.0,0.4611650485436892,1.56,1.56,3.0,0.52,0,0,0,0,4339.21362491192,43.392136249119204,8057.134051033001,453.6967377388237,47.721576142870795,233.9639639639639,0,0,93
06ac6393eee7a87a46f65b36cf9d1863821846f32cd08b7f9dd84710f2fa08a1,1,2,20270923,0.2,3.0,soft,wa_mcbr_soft,0010000001000000001000000000000000000000000000000000100000000000000000000000010000000000001100000000,1,1,235.01560995376013,0010000001000000001000000000000000000000000000000000100000000000000000000000010000000000001100000000,0.0,235.01560995376013,,,0.045759957982227206,636,24,0,True,24168,50880,75048,100,7,0.07,235.04177126338885,234.83616006790697,0.20561119548188242,6.067961165048544,6.067961165048544,12.631578947368421,12.0,0.4803802588996764,1.60875,1.60875,3.0,0.53625,0,0,0,0,4337.784722259812,43.37784722259812,8049.939197268678,460.98212119536026,48.45675266829025,251.12105877773456,0,0,93
06ac6393eee7a87a46f65b36cf9d1863821846f32cd08b7f9dd84710f2fa08a1,1,2,20270923,0.2,3.0,none,wa_mcbr_none,0000000001000000001000000000000000000000000010000000100000000000000010000000010000000000000100000000,1,1,234.9251822904579,0000000001000000001000000000000000000000000010000000100000000000000010000000010000000000000100000000,0.0,234.9251822904579,,,0.024435749975964427,488,20,0,True,18544,39040,57584,100,7,0.07,234.73594149483412,234.73594149483412,0.0,5.825242718446601,5.825242718446601,12.631578947368421,12.0,0.4611650485436892,1.56,1.56,3.0,0.52,0,0,0,0,4339.21362491192,43.392136249119204,8057.134051033001,453.6967377388237,47.721576142870795,233.9639639639639,0,0,93
06ac6393eee7a87a46f65b36cf9d1863821846f32cd08b7f9dd84710f2fa08a1,1,2,20270923,0.2,5.0,hard,wa_mcbr_hard,0000000001000000001000000000000000000000000010000000100000000000000010000000010000000000000100000000,1,1,234.9251822904579,0000000001000000001000000000000000000000000010000000100000000000000010000000010000000000000100000000,0.0,234.9251822904579,234.88455507655078,0.017296673207775774,0.024580333032645285,488,20,0,True,18544,39040,57584,100,7,0.07,234.73594149483412,234.73594149483412,0.0,5.825242718446601,5.825242718446601,12.631578947368421,12.0,0.4611650485436892,1.56,1.56,5.0,0.312,0,0,0,0,4339.21362491192,43.392136249119204,8057.134051033001,453.6967377388237,47.721576142870795,233.9639639639639,0,0,93
06ac6393eee7a87a46f65b36cf9d1863821846f32cd08b7f9dd84710f2fa08a1,1,2,20270923,0.2,5.0,soft,wa_mcbr_soft,0000000001000000001000000000000000000000000010000000100000000000000010000000010000000000000100000000,1,1,234.9251822904579,0000000001000000001000000000000000000000000010000000100000000000000010000000010000000000000100000000,0.0,234.9251822904579,,,0.03687608300242573,488,22,0,True,18544,39040,57584,100,7,0.07,234.77013333366213,234.73594149483412,0.03419183882799761,5.825242718446601,5.825242718446601,12.631578947368421,12.0,0.4611650485436892,1.56,1.56,5.0,0.312,0,0,0,0,4339.21362491192,43.392136249119204,8057.134051033001,453.6967377388237,47.721576142870795,233.9639639639639,0,0,93
06ac6393eee7a87a46f65b36cf9d1863821846f32cd08b7f9dd84710f2fa08a1,1,2,20270923,0.2,5.0,none,wa_mcbr_none,0000000001000000001000000000000000000000000010000000100000000000000010000000010000000000000100000000,1,1,234.9251822904579,0000000001000000001000000000000000000000000010000000100000000000000010000000010000000000000100000000,0.0,234.9251822904579,,,0.024607624975033104,488,20,0,True,18544,39040,57584,100,7,0.07,234.73594149483412,234.73594149483412,0.0,5.825242718446601,5.825242718446601,12.631578947368421,12.0,0.4611650485436892,1.56,1.56,5.0,0.312,0,0,0,0,4339.21362491192,43.392136249119204,8057.134051033001,453.6967377388237,47.721576142870795,233.9639639639639,0,0,93
06ac6393eee7a87a46f65b36cf9d1863821846f32cd08b7f9dd84710f2fa08a1,1,2,20270923,0.2,13.0,hard,wa_mcbr_hard,0000000001000000001000000000000000000000000010000000100000000000000010000000010000000000000100000000,1,1,234.9251822904579,0000000001000000001000000000000000000000000010000000100000000000000010000000010000000000000100000000,0.0,234.9251822904579,234.88455507655078,0.017296673207775774,0.02459533396176994,488,20,0,True,18544,39040,57584,100,7,0.07,234.73594149483412,234.73594149483412,0.0,5.825242718446601,5.825242718446601,12.631578947368421,12.0,0.4611650485436892,1.56,1.56,13.0,0.12000000000000001,0,0,0,0,4339.21362491192,43.392136249119204,8057.134051033001,453.6967377388237,47.721576142870795,233.9639639639639,0,0,93
06ac6393eee7a87a46f65b36cf9d1863821846f32cd08b7f9dd84710f2fa08a1,1,2,20270923,0.2,13.0,soft,wa_mcbr_soft,0000000001000000001000000000000000000000000010000000100000000000000010000000010000000000000100000000,1,1,234.9251822904579,0000000001000000001000000000000000000000000010000000100000000000000010000000010000000000000100000000,0.0,234.9251822904579,,,0.035557958064600825,488,20,0,True,18544,39040,57584,100,7,0.07,234.7433009579571,234.73594149483412,0.007359463122969229,5.825242718446601,5.825242718446601,12.631578947368421,12.0,0.4611650485436892,1.56,1.56,13.0,0.12000000000000001,0,0,0,0,4339.21362491192,43.392136249119204,8057.134051033001,453.6967377388237,47.721576142870795,233.9639639639639,0,0,93
06ac6393eee7a87a46f65b36cf9d1863821846f32cd08b7f9dd84710f2fa08a1,1,2,20270923,0.2,13.0,none,wa_mcbr_none,0000000001000000001000000000000000000000000010000000100000000000000010000000010000000000000100000000,1,1,234.9251822904579,0000000001000000001000000000000000000000000010000000100000000000000010000000010000000000000100000000,0.0,234.9251822904579,,,0.024594333954155445,488,20,0,True,18544,39040,57584,100,7,0.07,234.73594149483412,234.73594149483412,0.0,5.825242718446601,5.825242718446601,12.631578947368421,12.0,0.4611650485436892,1.56,1.56,13.0,0.12000000000000001,0,0,0,0,4339.21362491192,43.392136249119204,8057.134051033001,453.6967377388237,47.721576142870795,233.9639639639639,0,0,93
06ac6393eee7a87a46f65b36cf9d1863821846f32cd08b7f9dd84710f2fa08a1,1,2,20270923,0.4,1.5,hard,wa_mcbr_hard,0010000001000000001000000000000000010000000000000000000000000000000000000000001000000000001000000000,1,0,inf,0010000001000000001000000000000000010000000000000000000000000000000000000000000000000000001000000000,0.01,237.346497662886,234.4442036727552,1.2379465752038452,0.0053265830501914024,100,0,0,True,3800,8000,11800,100,6,0.06,236.5985859243725,236.5985859243725,0.0,5.0970873786407775,5.0970873786407775,25.263157894736842,24.0,0.2017597087378641,1.4137499999999998,1.4137499999999998,1.5,0.9424999999999999,0,0,0,0,4426.30350458132,44.263035045813204,8460.195008941362,300.72852866178516,32.501490227159934,83.18890155834285,0,94,0
06ac6393eee7a87a46f65b36cf9d1863821846f32cd08b7f9dd84710f2fa08a1,1,2,20270923,0.4,1.5,soft,wa_mcbr_soft,0000000000000000001000000000000000000000000010000000100000000000000010000000010000000000000000000000,1,1,235.61590304098897,0000000000000000001000000000000000000000000010000000100000000000000010000000010000000000000000000000,0.0,235.61590304098897,,,0.032968917046673596,453,28,0,True,17214,36240,53454,100,5,0.05,236.63127114606309,235.59900196312478,1.0322691829383026,4.368932038834951,4.368932038834951,25.263157894736842,24.0,0.17293689320388347,1.17,1.17,1.5,0.7799999999999999,0,0,0,0,4395.866889392397,43.95866889392397,8323.402752033806,381.103483761751,40.550406760863844,72.27439471753485,0,0,95
06ac6393eee7a87a46f65b36cf9d1863821846f32cd08b7f9dd84710f2fa08a1,1,2,20270923,0.4,1.5,none,wa_mcbr_none,0000000001000000001000000000000000000000000010000100100000000000001010010000010000000000001100000000,1,0,inf,0000000001000000001000000000000000000000000010000000100000000000000000000000010000000000000100000000,0.05,234.44420367275524,,,0.033998917089775205,688,34,0,True,26144,55040,81184,100,11,0.11,232.29295860927272,232.29295860927272,0.0,9.95145631067961,9.95145631067961,25.263157894736842,24.0,0.3939118122977346,2.6162499999999995,2.6162499999999995,1.5,1.7441666666666664,0,1,0,1,4254.241140846502,42.54241140846502,7661.407970508518,530.3497579461849,55.270046228833685,182.4812280994493,0,0,89
06ac6393eee7a87a46f65b36cf9d1863821846f32cd08b7f9dd84710f2fa08a1,1,2,20270923,0.4,2.0,hard,wa_mcbr_hard,0010000001000000001000000000000000010000000000000100000000000000001000000000001000000000001000000000,1,0,inf,0010000001000000001000000000000000010000000000000100000000000000000000000000001000000000001000000000,0.01,236.00399816751747,233.53947444743767,1.0552921410442253,0.005568291991949081,100,0,0,True,3800,8000,11800,100,8,0.08,235.436573049991,235.436573049991,0.0,7.038834951456311,7.038834951456311,25.263157894736842,24.0,0.2786205501618123,1.90125,1.90125,2.0,0.950625,0,0,0,0,4391.521311078481,43.915213110784805,8298.277492457397,323.60563442451286,34.686557174661864,116.55825038553203,0,92,0
06ac6393eee7a87a46f65b36cf9d1863821846f32cd08b7f9dd84710f2fa08a1,1,2,20270923,0.4,2.0,soft,wa_mcbr_soft,0000000000000000001000000000000000000000000010000000100000000000000010010000010000000000000000000000,1,1,234.7151530163364,0000000000000000001000000000000000000000000010000000100000000000000010010000010000000000000000000000,0.0,234.7151530163364,,,0.03370024997275323,453,29,0,True,17214,36240,53454,100,6,0.06,235.63870239558054,234.68358304700365,0.9551193485768759,5.58252427184466,5.58252427184466,25.263157894736842,24.0,0.2209749190938511,1.4949999999999999,1.4949999999999999,2.0,0.7474999999999999,0,0,0,0,4367.820701786223,43.678207017862235,8193.861875850773,412.5363680662538,43.64597512889781,90.91392963780345,0,0,94
06ac6393eee7a87a46f65b36cf9d1863821846f32cd08b7f9dd84710f2fa08a1,1,2,20270923,0.4,2.0,none,wa_mcbr_none,0000000001000000001000000000000000000000000010000100100000000000001010010000010000000000001100000000,1,0,inf,0000000001000000001000000000000000000000000010000000100000000000000010000000010000000000000100000000,0.04,233.80735443179097,,,0.03403024992439896,688,34,0,True,26144,55040,81184,100,11,0.11,232.29295860927272,232.29295860927272,0.0,9.95145631067961,9.95145631067961,25.263157894736842,24.0,0.3939118122977346,2.6162499999999995,2.6162499999999995,2.0,1.3081249999999998,0,1,0,1,4254.241140846502,42.54241140846502,7661.407970508518,530.3497579461849,55.270046228833685,182.4812280994493,0,0,89
06ac6393eee7a87a46f65b36cf9d1863821846f32cd08b7f9dd84710f2fa08a1,1,2,20270923,0.4,3.0,hard,wa_mcbr_hard,0010000001000000001010000000000000000000000000000100000000000000001010010000011000000000001100000000,1,0,inf,0010000001000000001010000000000000000000000000000100000000000000000010000000011000000000001100000000,0.02,232.99796415813702,232.47260950157968,0.22598561511556065,0.024263291037641466,551,10,0,True,20938,44080,65018,100,12,0.12,232.50136339052182,232.50136339052182,0.0,11.16504854368932,11.16504854368932,25.263157894736842,24.0,0.4419498381877022,2.9087499999999995,2.9087499999999995,3.0,0.9695833333333331,0,0,0,0,4257.133267473773,42.57133267473773,7672.198248737703,476.4505545529532,49.85406147518617,217.9884015947807,0,88,0
06ac6393eee7a87a46f65b36cf9d1863821846f32cd08b7f9dd84710f2fa08a1,1,2,20270923,0.4,3.0,soft,wa_mcbr_soft,0000000001000000001000000000000000000000000000000000100000000000001000010000011000000000000100000000,1,1,233.2965179177126,0000000001000000001000000000000000000000000000000000100000000000001000010000011000000000000100000000,0.0,233.2965179177126,,,0.039731375058181584,551,33,0,True,20938,44080,65018,100,8,0.08,233.78859149432668,233.2295716098022,0.5590198845244834,7.281553398058253,7.281553398058253,25.263157894736842,24.0,0.28822815533980584,1.9337499999999999,1.9337499999999999,3.0,0.6445833333333333,0,0,0,0,4318.221668976429,43.18221668976429,7963.5836473959,456.47247542112984,47.955924487539484,121.23614663256609,0,0,92
06ac6393eee7a87a46f65b36cf9d1863821846f32cd08b7f9dd84710f2fa08a1,1,2,20270923,0.4,3.0,none,wa_mcbr_none,0000000001000000001000000000000000000000000010000100100000000000001010010000010000000000001100000000,1,0,inf,0000000001000000001000000000000000000000000010000100100000000000000010010000010000000000001100000000,0.01,232.5196579877256,,,0.03441570803988725,688,34,0,True,26144,55040,81184,100,11,0.11,232.29295860927272,232.29295860927272,0.0,9.95145631067961,9.95145631067961,25.263157894736842,24.0,0.3939118122977346,2.6162499999999995,2.6162499999999995,3.0,0.8720833333333332,0,0,0,0,4254.241140846502,42.54241140846502,7661.407970508518,530.3497579461849,55.270046228833685,182.4812280994493,0,0,89
06ac6393eee7a87a46f65b36cf9d1863821846f32cd08b7f9dd84710f2fa08a1,1,2,20270923,0.4,5.0,hard,wa_mcbr_hard,0000000001000000001010000000000000000000000000100100000000000000001010010000011000000000001100000000,1,1,232.7241893261434,0000000001000000001010000000000000000000000000100100000000000000001010010000011000000000001100000000,0.0,232.7241893261434,232.42270212197167,0.12971504135319784,0.04416641709394753,861,30,0,True,32718,68880,101598,100,12,0.12,232.51215724656132,232.51215724656132,0.0,11.16504854368932,11.16504854368932,25.263157894736842,24.0,0.4419498381877022,2.9087499999999995,2.9087499999999995,5.0,0.5817499999999999,0,0,0,0,4261.731322099353,42.61731322099353,7693.777935379686,459.62177335125415,48.16128164045851,217.9884015947807,0,0,88
06ac6393eee7a87a46f65b36cf9d1863821846f32cd08b7f9dd84710f2fa08a1,1,2,20270923,0.4,5.0,soft,wa_mcbr_soft,0000000001000000001010000000000000000000000010000000100000000000000010010000010000000000001100000000,1,1,232.47260950157968,0000000001000000001010000000000000000000000010000000100000000000000010010000010000000000001100000000,0.0,232.47260950157968,,,0.06244949996471405,880,43,0,True,33440,70400,103840,100,10,0.1,232.52402423438863,232.34479566257244,0.17922857181620827,8.980582524271844,8.980582524271844,25.263157894736842,24.0,0.3554813915857605,2.3724999999999996,2.3724999999999996,5.0,0.4744999999999999,0,0,0,0,4262.311889402299,42.623118894022994,7700.975883796552,553.3025444979505,57.58837965525423,157.8863957319943,0,0,90
06ac6393eee7a87a46f65b36cf9d1863821846f32cd08b7f9dd84710f2fa08a1,1,2,20270923,0.4,5.0,none,wa_mcbr_none,0000000001000000001000000000000000000000000010000100100000000000001010010000010000000000001100000000,1,1,232.46154745311995,0000000001000000001000000000000000000000000010000100100000000000001010010000010000000000001100000000,0.0,232.46154745311995,,,0.034190083970315754,688,34,0,True,26144,55040,81184,100,11,0.11,232.29295860927272,232.29295860927272,0.0,9.95145631067961,9.95145631067961,25.263157894736842,24.0,0.3939118122977346,2.6162499999999995,2.6162499999999995,5.0,0.5232499999999999,0,0,0,0,4254.241140846502,42.54241140846502,7661.407970508518,530.3497579461849,55.270046228833685,182.4812280994493,0,0,89
06ac6393eee7a87a46f65b36cf9d1863821846f32cd08b7f9dd84710f2fa08a1,1,2,20270923,0.4,13.0,hard,wa_mcbr_hard,0000000001000000001000000000000000000000000010000100100000000000001010010000010000000000001100000000,1,1,232.46154745311995,0000000001000000001000000000000000000000000010000100100000000000001010010000010000000000001100000000,0.0,232.46154745311995,232.42270212197167,0.01671322585686797,0.0344451250275597,688,34,0,True,26144,55040,81184,100,11,0.11,232.29295860927272,232.29295860927272,0.0,9.95145631067961,9.95145631067961,25.263157894736842,24.0,0.3939118122977346,2.6162499999999995,2.6162499999999995,13.0,0.20124999999999996,0,0,0,0,4254.241140846502,42.54241140846502,7661.407970508518,530.3497579461849,55.270046228833685,182.4812280994493,0,0,89
06ac6393eee7a87a46f65b36cf9d1863821846f32cd08b7f9dd84710f2fa08a1,1,2,20270923,0.4,13.0,soft,wa_mcbr_soft,0000000001000000001000000000000000000000000010000100100000000000001010010000010000000000001100000000,1,1,232.46154745311995,0000000001000000001000000000000000000000000010000100100000000000001010010000010000000000001100000000,0.0,232.46154745311995,,,0.05892079195473343,688,34,0,True,26144,55040,81184,100,11,0.11,232.31511159113106,232.29295860927272,0.02215298185833805,9.95145631067961,9.95145631067961,25.263157894736842,24.0,0.3939118122977346,2.6162499999999995,2.6162499999999995,13.0,0.20124999999999996,0,0,0,0,4254.241140846502,42.54241140846502,7661.407970508518,530.3497579461849,55.270046228833685,182.4812280994493,0,0,89
06ac6393eee7a87a46f65b36cf9d1863821846f32cd08b7f9dd84710f2fa08a1,1,2,20270923,0.4,13.0,none,wa_mcbr_none,0000000001000000001000000000000000000000000010000100100000000000001010010000010000000000001100000000,1,1,232.46154745311995,0000000001000000001000000000000000000000000010000100100000000000001010010000010000000000001100000000,0.0,232.46154745311995,,,0.035571041982620955,688,34,0,True,26144,55040,81184,100,11,0.11,232.29295860927272,232.29295860927272,0.0,9.95145631067961,9.95145631067961,25.263157894736842,24.0,0.3939118122977346,2.6162499999999995,2.6162499999999995,13.0,0.20124999999999996,0,0,0,0,4254.241140846502,42.54241140846502,7661.407970508518,530.3497579461849,55.270046228833685,182.4812280994493,0,0,89
06ac6393eee7a87a46f65b36cf9d1863821846f32cd08b7f9dd84710f2fa08a1,1,2,20270923,0.6,1.5,hard,wa_mcbr_hard,0010000001000000001000000000000000000000000000000100000000000000000000000000001000000000001000000000,1,0,inf,0010000001000000001000000000000000000000000000000000000000000000000000000000001000000000001000000000,0.01,237.24277988543196,234.29400188344175,1.2585802360647649,0.0053410830441862345,100,0,0,True,3800,8000,11800,100,6,0.06,236.44567848311567,236.44567848311567,0.0,5.339805825242719,5.339805825242719,37.89473684210527,36.0,0.14091154261057173,1.4137499999999998,1.4137499999999998,1.5,0.9424999999999999,0,0,0,0,4433.796221574885,44.337962215748846,8496.157354310684,238.36414099301027,26.225718447696185,61.00612148799246,0,94,0
06ac6393eee7a87a46f65b36cf9d1863821846f32cd08b7f9dd84710f2fa08a1,1,2,20270923,0.6,1.5,soft,wa_mcbr_soft,0000000001000000001000000000000000000000000000000000100000000000000000010000000000000000000100000000,1,1,235.93145341726662,0000000001000000001000000000000000000000000000000000100000000000000000010000000000000000000100000000,0.0,235.93145341726662,,,0.03499666694551706,474,40,0,True,18012,37920,55932,100,5,0.05,237.14500089214832,235.91736190442887,1.2276389877194553,4.368932038834951,4.368932038834951,37.89473684210527,36.0,0.1152912621359223,1.2025000000000001,1.2025000000000001,1.5,0.8016666666666667,0,0,0,0,4406.122141675109,44.06122141675109,8370.198302109122,371.84945985035097,39.66042182449193,52.57887517146776,0,0,95
06ac6393eee7a87a46f65b36cf9d1863821846f32cd08b7f9dd84710f2fa08a1,1,2,20270923,0.6,1.5,none,wa_mcbr_none,0010000001000000001010000000000000000000000000000100110000000000001010010000011000000000001100000000,1,0,inf,0000000001000000001000000000000000000000000000000000100000000000000000000000010000000000000100000000,0.09,234.98691975067487,,,0.0241089160554111,474,53,0,True,18012,37920,55932,100,14,0.14,231.10600484526506,231.10600484526506,0.0,13.106796116504853,13.106796116504853,37.89473684210527,36.0,0.3458737864077669,3.3962499999999998,3.3962499999999998,1.5,2.2641666666666667,0,1,0,1,4184.659518365331,41.84659518365331,7334.123517530788,637.7763581915185,65.96553791345295,152.1892393320964,0,0,86
06ac6393eee7a87a46f65b36cf9d1863821846f32cd08b7f9dd84710f2fa08a1,1,2,20270923,0.6,2.0,hard,wa_mcbr_hard,0010000001000000001000000000000000010000000000000100000000000000001000000000001000000000001000000000,1,0,inf,0010000001000000001000000000000000000000000000000100000000000000001000000000001000000000001000000000,0.01,235.76343411586947,233.2837116890421,1.062964237354364,0.005346750025637448,100,0,0,True,3800,8000,11800,100,8,0.08,235.1203461791416,235.1203461791416,0.0,7.038834951456311,7.038834951456311,37.89473684210527,36.0,0.1857470334412082,1.90125,1.90125,2.0,0.950625,0,0,0,0,4391.2050842076305,43.912050842076304,8298.277492457397,323.60563442451286,34.686557174661864,77.02989152935332,0,92,0
06ac6393eee7a87a46f65b36cf9d1863821846f32cd08b7f9dd84710f2fa08a1,1,2,20270923,0.6,2.0,soft,wa_mcbr_soft,0010000000000000000000000000000000000000000000000000100000000000000000010000010000000000001100000000,1,1,234.7478846883583,0010000000000000000000000000000000000000000000000000100000000000000000010000010000000000001100000000,0.0,234.7478846883583,,,0.03156541590578854,433,41,0,True,16454,34640,51094,100,6,0.06,235.68768709657576,234.73256774799887,0.9551193485768759,5.825242718446601,5.825242718446601,37.89473684210527,36.0,0.1537216828478964,1.4949999999999999,1.4949999999999999,2.0,0.7474999999999999,0,0,0,0,4368.702104220654,43.687021042206545,8197.471723140281,451.60628024301934,45.28719004687292,65.41108986615677,0,0,94
06ac6393eee7a87a46f65b36cf9d1863821846f32cd08b7f9dd84710f2fa08a1,1,2,20270923,0.6,2.0,none,wa_mcbr_none,0010000001000000001010000000000000000000000000000100110000000000001010010000011000000000001100000000,1,0,inf,0000000001000000001000000000000000000000000000000000100000000000000010000000010000000000001100000000,0.07,233.50054217224502,,,0.02353270899038762,474,53,0,True,18012,37920,55932,100,14,0.14,231.10600484526506,231.10600484526506,0.0,13.106796116504853,13.106796116504853,37.89473684210527,36.0,0.3458737864077669,3.3962499999999998,3.3962499999999998,2.0,1.6981249999999999,0,1,0,1,4184.659518365331,41.84659518365331,7334.123517530788,637.7763581915185,65.96553791345295,152.1892393320964,0,0,86
06ac6393eee7a87a46f65b36cf9d1863821846f32cd08b7f9dd84710f2fa08a1,1,2,20270923,0.6,3.0,hard,wa_mcbr_hard,0010000001000001001000000000000000010000000000000100000000000000001000100000001000000000001001000001,1,0,inf,0010000001000000001000000000000000010000000000000100000000000000001000100000001000000000001001000000,0.02,234.25391509233074,231.7620976400623,1.0751617618418123,0.005759582971222699,100,0,0,True,3800,8000,11800,100,12,0.12,233.71045043096157,233.71045043096157,0.0,10.922330097087377,10.922330097087377,37.89473684210527,36.0,0.2882281553398057,2.8762499999999998,2.8762499999999998,3.0,0.9587499999999999,0,0,0,0,4324.848206980236,43.24848206980236,7985.326008234432,416.114435053717,43.834019535992944,121.23614663256603,0,88,0
06ac6393eee7a87a46f65b36cf9d1863821846f32cd08b7f9dd84710f2fa08a1,1,2,20270923,0.6,3.0,soft,wa_mcbr_soft,0010000001000000001000000000000000000000000000000000100000000000001000010000010000000000000100000000,1,1,232.89065071941505,0010000001000000001000000000000000000000000000000000100000000000001000010000010000000000000100000000,0.0,232.89065071941505,,,0.0353845419595018,481,45,0,True,18278,38480,56758,100,8,0.08,233.41536151436827,232.8563416298438,0.5590198845244834,7.281553398058253,7.281553398058253,37.89473684210527,36.0,0.19215210355987053,1.9337499999999999,1.9337499999999999,3.0,0.6445833333333333,0,0,0,0,4314.0257734298475,43.14025773429847,7945.597564070393,473.75748243647473,49.69550879911388,79.46419629444165,0,0,92
06ac6393eee7a87a46f65b36cf9d1863821846f32cd08b7f9dd84710f2fa08a1,1,2,20270923,0.6,3.0,none,wa_mcbr_none,0010000001000000001010000000000000000000000000000100110000000000001010010000011000000000001100000000,1,0,inf,0010000001000000001000000000000000000000000000000100100000000000000010000000011000000000001100000000,0.04,232.09855636336803,,,0.02374383294954896,474,53,0,True,18012,37920,55932,100,14,0.14,231.10600484526506,231.10600484526506,0.0,13.106796116504853,13.106796116504853,37.89473684210527,36.0,0.3458737864077669,3.3962499999999998,3.3962499999999998,3.0,1.1320833333333333,0,1,0,1,4184.659518365331,41.84659518365331,7334.123517530788,637.7763581915185,65.96553791345295,152.1892393320964,0,0,86
06ac6393eee7a87a46f65b36cf9d1863821846f32cd08b7f9dd84710f2fa08a1,1,2,20270923,0.6,5.0,hard,wa_mcbr_hard,0010000001000000001000000000000000000000000010100100010000000000001010010000011000000000001100000000,1,1,231.17661837760562,0010000001000000001000000000000000000000000010100100010000000000001010010000011000000000001100000000,0.0,231.17661837760562,231.14468497362304,0.013815331287510101,0.03413749998435378,686,28,0,True,26068,54880,80948,100,14,0.14,231.0384901017613,231.0384901017613,0.0,12.864077669902912,12.864077669902912,37.89473684210527,36.0,0.3394687162891046,3.3474999999999997,3.3474999999999997,5.0,0.6695,0,0,0,0,4218.226679804101,42.18226679804101,7492.365597991583,524.8510625758169,54.68557082733732,148.4832091456568,0,0,86
06ac6393eee7a87a46f65b36cf9d1863821846f32cd08b7f9dd84710f2fa08a1,1,2,20270923,0.6,5.0,soft,wa_mcbr_soft,0010000001000000001000000000000000000000000000000100110000000000001010010000010000000000001100000000,1,1,231.35022023485237,0010000001000000001000000000000000000000000000000100110000000000001010010000010000000000001100000000,0.0,231.35022023485237,,,0.043030250002630055,585,53,0,True,22230,46800,69030,100,12,0.12,231.77060248677444,231.26336288181412,0.5072396049603195,11.16504854368932,11.16504854368932,37.89473684210527,36.0,0.29463322545846815,2.90875,2.90875,5.0,0.58175,0,0,0,0,4229.138567075154,42.291385670751545,7546.311282998566,570.4550495464639,59.27358321379642,124.42554004970368,0,0,88
06ac6393eee7a87a46f65b36cf9d1863821846f32cd08b7f9dd84710f2fa08a1,1,2,20270923,0.6,5.0,none,wa_mcbr_none,0010000001000000001010000000000000000000000000000100110000000000001010010000011000000000001100000000,1,1,231.23719147460267,0010000001000000001010000000000000000000000000000100110000000000001010010000011000000000001100000000,0.0,231.23719147460267,,,0.023668832960538566,474,53,0,True,18012,37920,55932,100,14,0.14,231.10600484526506,231.10600484526506,0.0,13.106796116504853,13.106796116504853,37.89473684210527,36.0,0.3458737864077669,3.3962499999999998,3.3962499999999998,5.0,0.6792499999999999,0,0,0,0,4184.659518365331,41.84659518365331,7334.123517530788,637.7763581915185,65.96553791345295,152.1892393320964,0,0,86
06ac6393eee7a87a46f65b36cf9d1863821846f32cd08b7f9dd84710f2fa08a1,1,2,20270923,0.6,13.0,hard,wa_mcbr_hard,0010000001000000001010000000000000000000000000000100110000000000001010010000011000000000001100000000,1,1,231.23719147460267,0010000001000000001010000000000000000000000000000100110000000000001010010000011000000000001100000000,0.0,231.23719147460267,231.14468497362304,0.04002103746844992,0.024668874917551875,474,53,0,True,18012,37920,55932,100,14,0.14,231.10600484526506,231.10600484526506,0.0,13.106796116504853,13.106796116504853,37.89473684210527,36.0,0.3458737864077669,3.3962499999999998,3.3962499999999998,13.0,0.26125,0,0,0,0,4184.659518365331,41.84659518365331,7334.123517530788,637.7763581915185,65.96553791345295,152.1892393320964,0,0,86
06ac6393eee7a87a46f65b36cf9d1863821846f32cd08b7f9dd84710f2fa08a1,1,2,20270923,0.6,13.0,soft,wa_mcbr_soft,0010000001000000001010000000000000000000000010000100100000000000001010010000011000000000001100000000,1,1,231.19739059207214,0010000001000000001010000000000000000000000010000100100000000000001010010000011000000000001100000000,0.0,231.19739059207214,,,0.050273000029847026,670,55,0,True,25460,53600,79060,100,14,0.14,231.10348041436484,231.05926231622783,0.04421809813702173,12.864077669902912,12.864077669902912,37.89473684210527,36.0,0.3394687162891046,3.3474999999999997,3.3474999999999997,13.0,0.25749999999999995,0,0,0,0,4186.14195194708,41.8614195194708,7341.316891886845,633.0847870743037,65.4922776317718,148.4832091456568,0,0,86
06ac6393eee7a87a46f65b36cf9d1863821846f32cd08b7f9dd84710f2fa08a1,1,2,20270923,0.6,13.0,none,wa_mcbr_none,0010000001000000001010000000000000000000000000000100110000000000001010010000011000000000001100000000,1,1,231.23719147460267,0010000001000000001010000000000000000000000000000100110000000000001010010000011000000000001100000000,0.0,231.23719147460267,,,0.023824708070605993,474,53,0,True,18012,37920,55932,100,14,0.14,231.10600484526506,231.10600484526506,0.0,13.106796116504853,13.106796116504853,37.89473684210527,36.0,0.3458737864077669,3.3962499999999998,3.3962499999999998,13.0,0.26125,0,0,0,0,4184.659518365331,41.84659518365331,7334.123517530788,637.7763581915185,65.96553791345295,152.1892393320964,0,0,86
06ac6393eee7a87a46f65b36cf9d1863821846f32cd08b7f9dd84710f2fa08a1,1,2,20270923,0.8,1.5,hard,wa_mcbr_hard,0010000001000000001000000000000000000000000000000100000000000000000000000000001000000000001000000000,1,0,inf,0010000001000000001000000000000000000000000000000000000000000000000000000000001000000000001000000000,0.01,237.19528046712773,234.22751683689475,1.267043117013273,0.005332416971214116,100,0,0,True,3800,8000,11800,100,6,0.06,236.37690060299468,236.37690060299468,0.0,5.339805825242719,5.339805825242719,50.526315789473685,48.0,0.1056836569579288,1.4137499999999998,1.4137499999999998,1.5,0.9424999999999999,0,0,0,0,4433.727443694765,44.337274436947645,8496.157354310684,238.36414099301027,26.225718447696185,49.54314146782767,0,94,0
06ac6393eee7a87a46f65b36cf9d1863821846f32cd08b7f9dd84710f2fa08a1,1,2,20270923,0.8,1.5,soft,wa_mcbr_soft,0000000000000000001000000000000000000000000010000000100000000000000010000000010000000000000000000000,1,1,235.46283053961733,0000000000000000001000000000000000000000000010000000100000000000000010000000010000000000000000000000,0.0,235.46283053961733,,,0.0411800000583753,551,53,0,True,20938,44080,65018,100,5,0.05,236.48821534650398,235.45594616356567,1.0322691829383026,4.368932038834951,4.368932038834951,50.526315789473685,48.0,0.08646844660194174,1.17,1.17,1.5,0.7799999999999999,0,0,0,0,4395.723833592838,43.95723833592838,8323.402752033806,381.103483761751,40.550406760863844,43.66323480571238,0,0,95
06ac6393eee7a87a46f65b36cf9d1863821846f32cd08b7f9dd84710f2fa08a1,1,2,20270923,0.8,1.5,none,wa_mcbr_none,0010000001000000001010000000000000000000000010100100010000000000001010010000011000000000001100000000,1,0,inf,0000000001000000001000000000000000000000000010000000000000000000000010000000010000000000000100000000,0.09,234.7422417153886,,,0.032666000071913004,652,69,0,True,24776,52160,76936,100,15,0.15,230.32338384128664,230.32338384128664,0.0,13.834951456310677,13.834951456310677,50.526315789473685,48.0,0.2738167475728155,3.5912499999999996,3.5912499999999996,1.5,2.3941666666666666,0,1,0,1,4191.910992853868,41.91910992853868,7370.092401125607,573.1338039338272,59.4934083737725,114.26571965740546,0,0,85
06ac6393eee7a87a46f65b36cf9d1863821846f32cd08b7f9dd84710f2fa08a1,1,2,20270923,0.8,2.0,hard,wa_mcbr_hard,0010000001000000001000000000000000010000000000000100000000000000001000000000001000000000001000000000,1,0,inf,0010000001000000001000000000000000000000000000000100000000000000001000000000001000000000001000000000,0.01,235.65730280176356,233.17538032734387,1.0644015980312487,0.005486750043928623,100,0,0,True,3800,8000,11800,100,8,0.08,234.98782480732038,234.98782480732038,0.0,7.038834951456311,7.038834951456311,50.526315789473685,48.0,0.13931027508090615,1.90125,1.90125,2.0,0.950625,0,0,0,0,4391.07256283581,43.910725628358094,8298.277492457397,323.60563442451286,34.686557174661864,60.46472005170084,0,92,0
06ac6393eee7a87a46f65b36cf9d1863821846f32cd08b7f9dd84710f2fa08a1,1,2,20270923,0.8,2.0,soft,wa_mcbr_soft,0000000000000000001000000000000000000000000000000000100000000000000010010000010000000000000100000000,1,1,234.05053596654656,0000000000000000001000000000000000000000000000000000100000000000000010010000010000000000000100000000,0.0,234.05053596654656,,,0.04153320798650384,580,56,0,True,22040,46400,68440,100,6,0.06,234.99365870133968,234.0385393527628,0.9551193485768759,5.58252427184466,5.58252427184466,50.526315789473685,48.0,0.11048745954692556,1.4949999999999999,1.4949999999999999,2.0,0.7474999999999999,0,0,0,0,4356.473110746776,43.56473110746776,8143.47109844255,427.7989800327044,45.18307375839439,51.05281109658348,0,0,94
06ac6393eee7a87a46f65b36cf9d1863821846f32cd08b7f9dd84710f2fa08a1,1,2,20270923,0.8,2.0,none,wa_mcbr_none,0010000001000000001010000000000000000000000010100100010000000000001010010000011000000000001100000000,1,0,inf,0000000001000000001000000000000000000000000010000000000000000000000010000000010000000000001100000000,0.08,233.9311884444766,,,0.034719791961833835,652,69,0,True,24776,52160,76936,100,15,0.15,230.32338384128664,230.32338384128664,0.0,13.834951456310677,13.834951456310677,50.526315789473685,48.0,0.2738167475728155,3.5912499999999996,3.5912499999999996,2.0,1.7956249999999998,0,1,0,1,4191.910992853868,41.91910992853868,7370.092401125607,573.1338039338272,59.4934083737725,114.26571965740546,0,0,85
06ac6393eee7a87a46f65b36cf9d1863821846f32cd08b7f9dd84710f2fa08a1,1,2,20270923,0.8,3.0,hard,wa_mcbr_hard,0010000001000001001000000000000000010000000000000100000000000000001000100000001000000000001001000001,1,0,inf,0010000001000000001000000000000000010000000000000100000000000000001000100000001000000000001001000000,0.02,234.0006116763465,231.44484538567832,1.104265807436437,0.005490457988344133,100,0,0,True,3800,8000,11800,100,12,0.12,233.3229826477594,233.3229826477594,0.0,10.922330097087377,10.922330097087377,50.526315789473685,48.0,0.21617111650485432,2.8762499999999998,2.8762499999999998,3.0,0.9587499999999999,0,0,0,0,4324.460739197033,43.244607391970334,7985.326008234432,416.114435053717,43.834019535992944,88.94716469905165,0,88,0
06ac6393eee7a87a46f65b36cf9d1863821846f32cd08b7f9dd84710f2fa08a1,1,2,20270923,0.8,3.0,soft,wa_mcbr_soft,0000000001000000001000000000000000000000000010000000100000000000000010010000010000000000001100000000,1,1,232.0332971872029,0000000001000000001000000000000000000000000010000000100000000000000010010000010000000000001100000000,0.0,232.0332971872029,,,0.06731191708240658,951,61,0,True,36138,76080,112218,100,9,0.09,233.05992571426702,232.00210294895265,1.0578227653143666,8.009708737864077,8.009708737864077,50.526315789473685,48.0,0.15852548543689318,2.1287499999999997,2.1287499999999997,3.0,0.7095833333333332,0,0,0,0,4287.569993552726,42.875699935527265,7823.2772556795635,507.346197884214,53.028408840361,67.0975301965026,0,0,91
06ac6393eee7a87a46f65b36cf9d1863821846f32cd08b7f9dd84710f2fa08a1,1,2,20270923,0.8,3.0,none,wa_mcbr_none,0010000001000000001010000000000000000000000010100100010000000000001010010000011000000000001100000000,1,0,inf,0010000001000000001000000000000000000000000010100100000000000000000010000000011000000000001100000000,0.04,231.69974595884992,,,0.03252533299382776,652,69,0,True,24776,52160,76936,100,15,0.15,230.32338384128664,230.32338384128664,0.0,13.834951456310677,13.834951456310677,50.526315789473685,48.0,0.2738167475728155,3.5912499999999996,3.5912499999999996,3.0,1.1970833333333333,0,1,0,1,4191.910992853868,41.91910992853868,7370.092401125607,573.1338039338272,59.4934083737725,114.26571965740546,0,0,85
06ac6393eee7a87a46f65b36cf9d1863821846f32cd08b7f9dd84710f2fa08a1,1,2,20270923,0.8,5.0,hard,wa_mcbr_hard,0010000001000000001010000000000000000000000010100100010000000000001010010000011000000000001100000000,1,1,230.41871141384703,0010000001000000001010000000000000000000000010100100010000000000001010010000011000000000001100000000,0.0,230.41871141384703,230.41871141384703,0.0,0.026829667040146887,529,27,0,True,20102,42320,62422,100,15,0.15,230.32338384128664,230.32338384128664,0.0,13.834951456310677,13.834951456310677,50.526315789473685,48.0,0.2738167475728155,3.5912499999999996,3.5912499999999996,5.0,0.7182499999999999,0,0,0,0,4191.910992853868,41.91910992853868,7370.092401125607,573.1338039338272,59.4934083737725,114.26571965740546,0,0,85
06ac6393eee7a87a46f65b36cf9d1863821846f32cd08b7f9dd84710f2fa08a1,1,2,20270923,0.8,5.0,soft,wa_mcbr_soft,0000000001000000001010000000000000000000000000100000100000000000001010010000011000000000001100000000,1,1,230.91833715593674,0000000001000000001010000000000000000000000000100000100000000000001010010000011000000000001100000000,0.0,230.91833715593674,,,0.038912791991606355,537,62,0,True,20406,42960,63366,100,12,0.12,231.3725178897105,230.8652782847502,0.507239604960319,11.16504854368932,11.16504854368932,50.526315789473685,48.0,0.2209749190938511,2.9087499999999995,2.9087499999999995,5.0,0.5817499999999999,0,0,0,0,4229.506506694712,42.29506506694712,7549.90797493858,567.961628254893,58.997911548342245,90.91392963780345,0,0,88
06ac6393eee7a87a46f65b36cf9d1863821846f32cd08b7f9dd84710f2fa08a1,1,2,20270923,0.8,5.0,none,wa_mcbr_none,0010000001000000001010000000000000000000000010100100010000000000001010010000011000000000001100000000,1,1,230.41871141384703,0010000001000000001010000000000000000000000010100100010000000000001010010000011000000000001100000000,0.0,230.41871141384703,,,0.034301667008548975,652,69,0,True,24776,52160,76936,100,15,0.15,230.32338384128664,230.32338384128664,0.0,13.834951456310677,13.834951456310677,50.526315789473685,48.0,0.2738167475728155,3.5912499999999996,3.5912499999999996,5.0,0.7182499999999999,0,0,0,0,4191.910992853868,41.91910992853868,7370.092401125607,573.1338039338272,59.4934083737725,114.26571965740546,0,0,85
06ac6393eee7a87a46f65b36cf9d1863821846f32cd08b7f9dd84710f2fa08a1,1,2,20270923,0.8,13.0,hard,wa_mcbr_hard,0010000001000000001010000000000000000000000010100100010000000000001010010000011000000000001100000000,1,1,230.41871141384703,0010000001000000001010000000000000000000000010100100010000000000001010010000011000000000001100000000,0.0,230.41871141384703,230.41871141384703,0.0,0.032753209001384676,652,69,0,True,24776,52160,76936,100,15,0.15,230.32338384128664,230.32338384128664,0.0,13.834951456310677,13.834951456310677,50.526315789473685,48.0,0.2738167475728155,3.5912499999999996,3.5912499999999996,13.0,0.27625,0,0,0,0,4191.910992853868,41.91910992853868,7370.092401125607,573.1338039338272,59.4934083737725,114.26571965740546,0,0,85
06ac6393eee7a87a46f65b36cf9d1863821846f32cd08b7f9dd84710f2fa08a1,1,2,20270923,0.8,13.0,soft,wa_mcbr_soft,0000000001000000001010000000000000000000000010100100110000000000001010010000011000000000001100000000,1,1,230.49295951952402,0000000001000000001010000000000000000000000010100100110000000000001010010000011000000000001100000000,0.0,230.49295951952402,,,0.05035954189952463,670,67,0,True,25460,53600,79060,100,15,0.15,230.45267562613924,230.39763194696363,0.05504367917561953,13.834951456310677,13.834951456310677,50.526315789473685,48.0,0.2738167475728155,3.5912499999999996,3.5912499999999996,13.0,0.27625,0,0,0,0,4166.7591422998585,41.66759142299858,7251.417102468809,656.3437669998359,67.80683125397573,114.26571965740546,0,0,85
06ac6393eee7a87a46f65b36cf9d1863821846f32cd08b7f9dd84710f2fa08a1,1,2,20270923,0.8,13.0,none,wa_mcbr_none,0010000001000000001010000000000000000000000010100100010000000000001010010000011000000000001100000000,1,1,230.41871141384703,0010000001000000001010000000000000000000000010100100010000000000001010010000011000000000001100000000,0.0,230.41871141384703,,,0.033537707990035415,652,69,0,True,24776,52160,76936,100,15,0.15,230.32338384128664,230.32338384128664,0.0,13.834951456310677,13.834951456310677,50.526315789473685,48.0,0.2738167475728155,3.5912499999999996,3.5912499999999996,13.0,0.27625,0,0,0,0,4191.910992853868,41.91910992853868,7370.092401125607,573.1338039338272,59.4934083737725,114.26571965740546,0,0,85
06ac6393eee7a87a46f65b36cf9d1863821846f32cd08b7f9dd84710f2fa08a1,1,2,20270923,1.0,1.5,hard,wa_mcbr_hard,0010000001000000001000000000000000000000000000000100000000000000000000000000001000000000001000000000,1,0,inf,0010000001000000001000000000000000000000000000000000000000000000000000000000001000000000001000000000,0.01,237.1682733378636,234.19001183243142,1.2717286626054762,0.005439582979306579,100,0,0,True,3800,8000,11800,100,6,0.06,236.33817467508916,236.33817467508916,0.0,5.339805825242719,5.339805825242719,63.15789473684211,60.0,0.08454692556634304,1.4137499999999998,1.4137499999999998,1.5,0.9424999999999999,0,0,0,0,4433.688717766859,44.336887177668586,8496.157354310684,238.36414099301027,26.225718447696185,43.08882015024304,0,94,0
06ac6393eee7a87a46f65b36cf9d1863821846f32cd08b7f9dd84710f2fa08a1,1,2,20270923,1.0,1.5,soft,wa_mcbr_soft,0000000000000000001000000000000000000000000010000000100000000000000010000000010000000000000000000000,1,1,235.4358234103532,0000000000000000001000000000000000000000000010000000100000000000000010000000010000000000000000000000,0.0,235.4358234103532,,,0.04198387509677559,551,55,0,True,20938,44080,65018,100,5,0.05,236.46279356621727,235.43052438327896,1.0322691829383026,4.368932038834951,4.368932038834951,63.15789473684211,60.0,0.0691747572815534,1.17,1.17,1.5,0.7799999999999999,0,0,0,0,4395.698411812551,43.95698411812551,8323.402752033806,381.103483761751,40.550406760863844,38.57887874837027,0,0,95
06ac6393eee7a87a46f65b36cf9d1863821846f32cd08b7f9dd84710f2fa08a1,1,2,20270923,1.0,1.5,none,wa_mcbr_none,1010000101000000001010000000000000000000000010100100010000000000001010010000011000000000001100000000,1,0,inf,0000000001000000001000000000000000000000000010000000000000000000000010000000010000000000000100000000,0.11,234.70473671092526,,,0.03975045797415078,723,73,0,True,27474,57840,85314,100,17,0.17,229.88167088834047,229.88167088834047,0.0,15.776699029126215,15.776699029126215,63.15789473684211,60.0,0.24979773462783172,4.07875,4.07875,1.5,2.7191666666666667,0,1,0,1,4163.2010216235685,41.632010216235685,7233.461162574611,602.6989865956585,62.42132791831915,103.24346184955515,0,0,83
06ac6393eee7a87a46f65b36cf9d1863821846f32cd08b7f9dd84710f2fa08a1,1,2,20270923,1.0,2.0,hard,wa_mcbr_hard,0010000001000000001000000000000000000000000000000100000000000000001000100000001000000000001000000000,1,0,inf,0010000001000000001000000000000000000000000000000100000000000000001000000000001000000000001000000000,0.01,235.59857799312095,233.11552389210703,1.065160337482781,0.006178707932122052,100,0,0,True,3800,8000,11800,100,8,0.08,234.90161090208258,234.90161090208258,0.0,7.281553398058253,7.281553398058253,63.15789473684211,60.0,0.11529126213592232,1.90125,1.90125,2.0,0.950625,0,0,0,0,4394.809206270074,43.948092062700745,8316.257338453272,298.5719085878786,32.16730665898179,52.578875171467764,0,92,0
06ac6393eee7a87a46f65b36cf9d1863821846f32cd08b7f9dd84710f2fa08a1,1,2,20270923,1.0,2.0,soft,wa_mcbr_soft,0000000000000000001000000000000000000000000000000000100000000000000010010000010000000000000100000000,1,1,234.0067863247714,0000000000000000001000000000000000000000000000000000100000000000000010010000010000000000000100000000,0.0,234.0067863247714,,,0.04411345801781863,580,58,0,True,22040,46400,68440,100,6,0.06,234.9527822607642,233.9976629121873,0.9551193485768759,5.58252427184466,5.58252427184466,63.15789473684211,60.0,0.08838996763754044,1.4949999999999999,1.4949999999999999,2.0,0.7474999999999999,0,0,0,0,4356.4322343062,43.564322343062,8143.47109844255,427.7989800327044,45.18307375839439,44.24007100066562,0,0,94
06ac6393eee7a87a46f65b36cf9d1863821846f32cd08b7f9dd84710f2fa08a1,1,2,20270923,1.0,2.0,none,wa_mcbr_none,1010000101000000001010000000000000000000000010100100010000000000001010010000011000000000001100000000,1,0,inf,0000000001000000001000000000000000000000000010000000000000000000000010000000010000000000001100000000,0.1,233.8769044479333,,,0.03736029099673033,723,73,0,True,27474,57840,85314,100,17,0.17,229.88167088834047,229.88167088834047,0.0,15.776699029126215,15.776699029126215,63.15789473684211,60.0,0.24979773462783172,4.07875,4.07875,2.0,2.039375,0,1,0,1,4163.2010216235685,41.632010216235685,7233.461162574611,602.6989865956585,62.42132791831915,103.24346184955515,0,0,83
06ac6393eee7a87a46f65b36cf9d1863821846f32cd08b7f9dd84710f2fa08a1,1,2,20270923,1.0,3.0,hard,wa_mcbr_hard,0010000001000001001000000000000000010000000000000100000000000000001000100000001000000000001001000001,1,0,inf,0010000001000000001000000000000000010000000000000100000000000000001000100000001000000000001001000000,0.02,233.8663464820897,231.2789358883052,1.1187402708537566,0.0055463750613853335,100,0,0,True,3800,8000,11800,100,12,0.12,233.12290940798118,233.12290940798118,0.0,10.922330097087377,10.922330097087377,63.15789473684211,60.0,0.17293689320388345,2.8762499999999998,2.8762499999999998,3.0,0.9587499999999999,0,0,0,0,4324.260665957255,43.242606659572544,7985.326008234432,416.114435053717,43.834019535992944,72.27439471753483,0,88,0
06ac6393eee7a87a46f65b36cf9d1863821846f32cd08b7f9dd84710f2fa08a1,1,2,20270923,1.0,3.0,soft,wa_mcbr_soft,0000000001000000001000000000000000000000000010000000100000000000000010010000010000000000001100000000,1,1,231.92812888445422,0000000001000000001000000000000000000000000010000000100000000000000010010000010000000000001100000000,0.0,231.92812888445422,,,0.05810991604812443,793,63,0,True,30134,63440,93574,100,9,0.09,232.96283737960758,231.9050146142932,1.0578227653143666,8.009708737864077,8.009708737864077,63.15789473684211,60.0,0.12682038834951453,2.1287499999999997,2.1287499999999997,3.0,0.7095833333333332,0,0,0,0,4287.472905218067,42.874729052180676,7823.2772556795635,507.346197884214,53.028408840361,56.309937456567056,0,0,91
06ac6393eee7a87a46f65b36cf9d1863821846f32cd08b7f9dd84710f2fa08a1,1,2,20270923,1.0,3.0,none,wa_mcbr_none,1010000101000000001010000000000000000000000010100100010000000000001010010000011000000000001100000000,1,0,inf,0010000001000000001000000000000000000000000010100100000000000000000010000000011000000000001100000000,0.06,231.5338364614768,,,0.03718833299353719,723,73,0,True,27474,57840,85314,100,17,0.17,229.88167088834047,229.88167088834047,0.0,15.776699029126215,15.776699029126215,63.15789473684211,60.0,0.24979773462783172,4.07875,4.07875,3.0,1.3595833333333334,0,1,0,1,4163.2010216235685,41.632010216235685,7233.461162574611,602.6989865956585,62.42132791831915,103.24346184955515,0,0,83
06ac6393eee7a87a46f65b36cf9d1863821846f32cd08b7f9dd84710f2fa08a1,1,2,20270923,1.0,5.0,hard,wa_mcbr_hard,0010000101000001001000000000000000000000000010100100010000000000001010010000011000000000001100000001,1,1,229.9891833223408,0010000101000001001000000000000000000000000010100100010000000000001010010000011000000000001100000001,0.0,229.9891833223408,229.94663714693945,0.01850262997069522,0.024264374980702996,451,23,0,True,17138,36080,53218,100,17,0.17,229.9013610908729,229.9013610908729,0.0,15.776699029126213,15.776699029126213,63.15789473684211,60.0,0.2497977346278317,4.07875,4.07875,5.0,0.8157500000000001,0,0,0,0,4175.451468895467,41.75451468895467,7291.006278110151,570.3723555308413,59.192830008842876,103.24346184955513,0,0,83
06ac6393eee7a87a46f65b36cf9d1863821846f32cd08b7f9dd84710f2fa08a1,1,2,20270923,1.0,5.0,soft,wa_mcbr_soft,0000000001000000001010000000000000000000000010100100100000000000000010010000010000000000001100000000,1,1,230.6926435493672,0000000001000000001010000000000000000000000010100100100000000000000010010000010000000000001100000000,0.0,230.6926435493672,,,0.057241000002250075,751,68,0,True,28538,60080,88618,100,12,0.12,231.12125955281545,230.65208096249316,0.46917859032229314,10.922330097087377,10.922330097087377,63.15789473684211,60.0,0.17293689320388345,2.86,2.86,5.0,0.572,0,0,0,0,4225.470576345424,42.25470576345424,7531.926851506517,583.6069674011636,60.57095887644779,72.27439471753483,0,0,88
06ac6393eee7a87a46f65b36cf9d1863821846f32cd08b7f9dd84710f2fa08a1,1,2,20270923,1.0,5.0,none,wa_mcbr_none,1010000101000000001010000000000000000000000010100100010000000000001010010000011000000000001100000000,1,1,229.96949311980836,1010000101000000001010000000000000000000000010100100010000000000001010010000011000000000001100000000,0.0,229.96949311980836,,,0.045611583977006376,723,73,0,True,27474,57840,85314,100,17,0.17,229.88167088834047,229.88167088834047,0.0,15.776699029126215,15.776699029126215,63.15789473684211,60.0,0.24979773462783172,4.07875,4.07875,5.0,0.8157500000000001,0,0,0,0,4163.2010216235685,41.632010216235685,7233.461162574611,602.6989865956585,62.42132791831915,103.24346184955515,0,0,83
06ac6393eee7a87a46f65b36cf9d1863821846f32cd08b7f9dd84710f2fa08a1,1,2,20270923,1.0,13.0,hard,wa_mcbr_hard,1010000101000000001010000000000000000000000010100100010000000000001010010000011000000000001100000000,1,1,229.96949311980836,1010000101000000001010000000000000000000000010100100010000000000001010010000011000000000001100000000,0.0,229.96949311980836,229.94663714693945,0.009939685638588092,0.03761712508276105,723,71,0,True,27474,57840,85314,100,17,0.17,229.88167088834047,229.88167088834047,0.0,15.776699029126215,15.776699029126215,63.15789473684211,60.0,0.24979773462783172,4.07875,4.07875,13.0,0.31375000000000003,0,0,0,0,4163.2010216235685,41.632010216235685,7233.461162574611,602.6989865956585,62.42132791831915,103.24346184955515,0,0,83
06ac6393eee7a87a46f65b36cf9d1863821846f32cd08b7f9dd84710f2fa08a1,1,2,20270923,1.0,13.0,soft,wa_mcbr_soft,1010000101000000001000000000000000000000000010100100010000000000001010110000011000000000001100000000,1,1,229.94663714693945,1010000101000000001000000000000000000000000010100100010000000000001010110000011000000000001100000000,0.0,229.94663714693945,,,0.0655197500018403,846,77,0,True,32148,67680,99828,100,17,0.17,229.94302293662636,229.85881491547156,0.0842080211548109,15.776699029126215,15.776699029126215,63.15789473684211,60.0,0.24979773462783172,4.07875,4.07875,13.0,0.31375000000000003,0,0,0,0,4167.763735118277,41.67763735118277,7255.0376533639,588.7409568725819,61.03843317060051,103.24346184955515,0,0,83
06ac6393eee7a87a46f65b36cf9d1863821846f32cd08b7f9dd84710f2fa08a1,1,2,20270923,1.0,13.0,none,wa_mcbr_none,1010000101000000001010000000000000000000000010100100010000000000001010010000011000000000001100000000,1,1,229.96949311980836,1010000101000000001010000000000000000000000010100100010000000000001010010000011000000000001100000000,0.0,229.96949311980836,,,0.03742554201744497,723,73,0,True,27474,57840,85314,100,17,0.17,229.88167088834047,229.88167088834047,0.0,15.776699029126215,15.776699029126215,63.15789473684211,60.0,0.24979773462783172,4.07875,4.07875,13.0,0.31375000000000003,0,0,0,0,4163.2010216235685,41.632010216235685,7233.461162574611,602.6989865956585,62.42132791831915,103.24346184955515,0,0,83
06ac6393eee7a87a46f65b36cf9d1863821846f32cd08b7f9dd84710f2fa08a1,1,3,20271020,0.2,1.5,hard,wa_mcbr_hard,0001000001000000000000000000000000010000000010000000000000000000000000100000000000000000000100000000,1,1,237.44353973426968,0001000001000000000000000000000000010000000010000000000000000000000000100000000000000000000100000000,0.0,237.44353973426968,235.96571904872297,0.6262861789858374,0.005343791097402573,100,0,0,True,3800,8000,11800,100,6,0.06,237.3302327317793,237.3302327317793,0.0,4.8543689320388355,4.8543689320388355,12.631578947368421,12.0,0.3843042071197411,1.31625,1.31625,1.5,0.8775,0,0,0,0,4432.455087935878,44.324550879358775,8485.380688723712,299.80331125777343,30.114787285455513,176.04467805519053,0,93,1
06ac6393eee7a87a46f65b36cf9d1863821846f32cd08b7f9dd84710f2fa08a1,1,3,20271020,0.2,1.5,soft,wa_mcbr_soft,0010000000000000000000000000000000010000000010000000000000000000000010000000000000000000000100000000,1,1,237.77088994566827,0010000000000000000000000000000000010000000010000000000000000000000010000000000000000000000100000000,0.0,237.77088994566827,,,0.0300247089471668,406,12,0,True,15428,32480,47908,100,5,0.05,238.5050775057126,237.70914471523187,0.7959327904807306,4.12621359223301,4.12621359223301,12.631578947368421,12.0,0.32665857605177995,1.12125,1.12125,1.5,0.7475,0,0,0,0,4450.781838948748,44.50781838948748,8571.728114825548,255.08512228216225,25.622965109735468,141.28266746770802,0,0,95
06ac6393eee7a87a46f65b36cf9d1863821846f32cd08b7f9dd84710f2fa08a1,1,3,20271020,0.2,1.5,none,wa_mcbr_none,0000000000000000000100000000000000010000000000000000110000000000000010010000000000000000000100000000,1,0,inf,0000000000000000000100000000000000010000000000000000110000000000000000000000000000000000000100000000,0.02,236.01005029525726,,,0.023728375090286136,473,20,0,True,17974,37840,55814,100,7,0.07,235.04940532318545,235.04940532318545,0.0,6.553398058252427,6.553398058252427,12.631578947368421,12.0,0.5188106796116505,1.73875,1.73875,1.5,1.1591666666666667,0,1,0,1,4356.424583371455,43.56424583371455,8136.240296063628,342.53731103647044,34.328009089609345,289.54602774274906,0,0,93
06ac6393eee7a87a46f65b36cf9d1863821846f32cd08b7f9dd84710f2fa08a1,1,3,20271020,0.2,2.0,hard,wa_mcbr_hard,0000000000000000000100000000000000010000000000001000110000000000000000010000000000000000000100000000,1,0,inf,0000000000000000000100000000000000010000000000001000110000000000000000000000000000000000000100000000,0.01,235.56500240467665,235.23026720659004,0.1423010746285576,0.02183129102922976,473,15,0,True,17974,37840,55814,100,7,0.07,235.09189703292452,235.09189703292452,0.0,6.553398058252427,6.553398058252427,12.631578947368421,12.0,0.5188106796116505,1.73875,1.73875,2.0,0.869375,0,0,0,0,4357.231485163123,43.572314851631226,8139.840993115297,343.52328127469707,34.42758789960156,289.54602774274906,0,32,61
06ac6393eee7a87a46f65b36cf9d1863821846f32cd08b7f9dd84710f2fa08a1,1,3,20271020,0.2,2.0,soft,wa_mcbr_soft,0000000000000000000100000000000000010000000010000000100000000000000000010000000000000000000100000000,1,1,235.6003323827291,0000000000000000000100000000000000010000000010000000100000000000000000010000000000000000000100000000,0.0,235.6003323827291,,,0.05221795802935958,720,17,0,True,27360,57600,84960,100,6,0.06,236.2512107958307,235.46530549324177,0.7859053025889411,5.339805825242719,5.339805825242719,12.631578947368421,12.0,0.4227346278317152,1.44625,1.44625,2.0,0.723125,0,0,0,0,4379.3738532955,43.793738532955004,8244.216052160908,359.23249856100426,36.00869348450941,203.07638402242466,0,0,94
06ac6393eee7a87a46f65b36cf9d1863821846f32cd08b7f9dd84710f2fa08a1,1,3,20271020,0.2,2.0,none,wa_mcbr_none,0000000000000000000100000000000000010000000000000000110000000000000010010000000000000000000100000000,1,0,inf,0000000000000000000100000000000000010000000000000000110000000000000010000000000000000000000100000000,0.01,235.52312605222056,,,0.0243474580347538,473,20,0,True,17974,37840,55814,100,7,0.07,235.04940532318545,235.04940532318545,0.0,6.553398058252427,6.553398058252427,12.631578947368421,12.0,0.5188106796116505,1.73875,1.73875,2.0,0.869375,0,0,0,0,4356.424583371455,43.56424583371455,8136.240296063628,342.53731103647044,34.328009089609345,289.54602774274906,0,0,93
06ac6393eee7a87a46f65b36cf9d1863821846f32cd08b7f9dd84710f2fa08a1,1,3,20271020,0.2,3.0,hard,wa_mcbr_hard,0000000000000000000100000000000000010000000000000000110000000000000010010000000000000000000100000000,1,1,235.26933244028098,0000000000000000000100000000000000010000000000000000110000000000000010010000000000000000000100000000,0.0,235.26933244028098,235.23026720659004,0.016607230929438676,0.023743791040033102,473,19,0,True,17974,37840,55814,100,7,0.07,235.04940532318545,235.04940532318545,0.0,6.553398058252427,6.553398058252427,12.631578947368421,12.0,0.5188106796116505,1.73875,1.73875,3.0,0.5795833333333333,0,0,0,0,4356.424583371455,43.56424583371455,8136.240296063628,342.53731103647044,34.328009089609345,289.54602774274906,0,0,93
06ac6393eee7a87a46f65b36cf9d1863821846f32cd08b7f9dd84710f2fa08a1,1,3,20271020,0.2,3.0,soft,wa_mcbr_soft,0000000000000000000000000000000000000000000010001000110000000000000000110000000000000000000100000000,1,1,235.8325851925676,0000000000000000000000000000000000000000000010001000110000000000000000110000000000000000000100000000,0.0,235.8325851925676,,,0.039175125071778893,533,18,0,True,20254,42640,62894,100,7,0.07,235.86801279908332,235.61265807547207,0.2553547236112579,6.553398058252427,6.553398058252427,12.631578947368421,12.0,0.5188106796116505,1.69,1.69,3.0,0.5633333333333334,0,0,0,0,4377.627357576886,43.77627357576886,8233.400669193543,285.790768955276,28.66702764877435,289.54602774274906,0,0,93
06ac6393eee7a87a46f65b36cf9d1863821846f32cd08b7f9dd84710f2fa08a1,1,3,20271020,0.2,3.0,none,wa_mcbr_none,0000000000000000000100000000000000010000000000000000110000000000000010010000000000000000000100000000,1,1,235.26933244028098,0000000000000000000100000000000000010000000000000000110000000000000010010000000000000000000100000000,0.0,235.26933244028098,,,0.024879958014935255,473,20,0,True,17974,37840,55814,100,7,0.07,235.04940532318545,235.04940532318545,0.0,6.553398058252427,6.553398058252427,12.631578947368421,12.0,0.5188106796116505,1.73875,1.73875,3.0,0.5795833333333333,0,0,0,0,4356.424583371455,43.56424583371455,8136.240296063628,342.53731103647044,34.328009089609345,289.54602774274906,0,0,93
06ac6393eee7a87a46f65b36cf9d1863821846f32cd08b7f9dd84710f2fa08a1,1,3,20271020,0.2,5.0,hard,wa_mcbr_hard,0000000000000000000100000000000000010000000000000000110000000000000010010000000000000000000100000000,1,1,235.26933244028098,0000000000000000000100000000000000010000000000000000110000000000000010010000000000000000000100000000,0.0,235.26933244028098,235.23026720659004,0.016607230929438676,0.054007250000722706,473,20,0,True,17974,37840,55814,100,7,0.07,235.04940532318545,235.04940532318545,0.0,6.553398058252427,6.553398058252427,12.631578947368421,12.0,0.5188106796116505,1.73875,1.73875,5.0,0.34775,0,0,0,0,4356.424583371455,43.56424583371455,8136.240296063628,342.53731103647044,34.328009089609345,289.54602774274906,0,0,93
06ac6393eee7a87a46f65b36cf9d1863821846f32cd08b7f9dd84710f2fa08a1,1,3,20271020,0.2,5.0,soft,wa_mcbr_soft,0000000000000000000100000000000000010000000000000000110000000000000010010000000000000000000100000000,1,1,235.26933244028098,0000000000000000000100000000000000010000000000000000110000000000000010010000000000000000000100000000,0.0,235.26933244028098,,,0.036919333040714264,473,20,0,True,17974,37840,55814,100,7,0.07,235.0949178218806,235.04940532318545,0.045512498695149964,6.553398058252427,6.553398058252427,12.631578947368421,12.0,0.5188106796116505,1.73875,1.73875,5.0,0.34775,0,0,0,0,4356.424583371455,43.56424583371455,8136.240296063628,342.53731103647044,34.328009089609345,289.54602774274906,0,0,93
06ac6393eee7a87a46f65b36cf9d1863821846f32cd08b7f9dd84710f2fa08a1,1,3,20271020,0.2,5.0,none,wa_mcbr_none,0000000000000000000100000000000000010000000000000000110000000000000010010000000000000000000100000000,1,1,235.26933244028098,0000000000000000000100000000000000010000000000000000110000000000000010010000000000000000000100000000,0.0,235.26933244028098,,,0.023807332967408,473,20,0,True,17974,37840,55814,100,7,0.07,235.04940532318545,235.04940532318545,0.0,6.553398058252427,6.553398058252427,12.631578947368421,12.0,0.5188106796116505,1.73875,1.73875,5.0,0.34775,0,0,0,0,4356.424583371455,43.56424583371455,8136.240296063628,342.53731103647044,34.328009089609345,289.54602774274906,0,0,93
06ac6393eee7a87a46f65b36cf9d1863821846f32cd08b7f9dd84710f2fa08a1,1,3,20271020,0.2,13.0,hard,wa_mcbr_hard,0000000000000000000100000000000000010000000000000000110000000000000010010000000000000000000100000000,1,1,235.26933244028098,0000000000000000000100000000000000010000000000000000110000000000000010010000000000000000000100000000,0.0,235.26933244028098,235.23026720659004,0.016607230929438676,0.0507751670666039,473,20,0,True,17974,37840,55814,100,7,0.07,235.04940532318545,235.04940532318545,0.0,6.553398058252427,6.553398058252427,12.631578947368421,12.0,0.5188106796116505,1.73875,1.73875,13.0,0.13375,0,0,0,0,4356.424583371455,43.56424583371455,8136.240296063628,342.53731103647044,34.328009089609345,289.54602774274906,0,0,93
06ac6393eee7a87a46f65b36cf9d1863821846f32cd08b7f9dd84710f2fa08a1,1,3,20271020,0.2,13.0,soft,wa_mcbr_soft,0000000000000000000100000000000000010000000000000000110000000000000010010000000000000000000100000000,1,1,235.26933244028098,0000000000000000000100000000000000010000000000000000110000000000000010010000000000000000000100000000,0.0,235.26933244028098,,,0.04217404092196375,473,20,0,True,17974,37840,55814,100,7,0.07,235.05762053047997,235.04940532318545,0.008215207294521314,6.553398058252427,6.553398058252427,12.631578947368421,12.0,0.5188106796116505,1.73875,1.73875,13.0,0.13375,0,0,0,0,4356.424583371455,43.56424583371455,8136.240296063628,342.53731103647044,34.328009089609345,289.54602774274906,0,0,93
06ac6393eee7a87a46f65b36cf9d1863821846f32cd08b7f9dd84710f2fa08a1,1,3,20271020,0.2,13.0,none,wa_mcbr_none,0000000000000000000100000000000000010000000000000000110000000000000010010000000000000000000100000000,1,1,235.26933244028098,0000000000000000000100000000000000010000000000000000110000000000000010010000000000000000000100000000,0.0,235.26933244028098,,,0.027676915982738137,473,20,0,True,17974,37840,55814,100,7,0.07,235.04940532318545,235.04940532318545,0.0,6.553398058252427,6.553398058252427,12.631578947368421,12.0,0.5188106796116505,1.73875,1.73875,13.0,0.13375,0,0,0,0,4356.424583371455,43.56424583371455,8136.240296063628,342.53731103647044,34.328009089609345,289.54602774274906,0,0,93
06ac6393eee7a87a46f65b36cf9d1863821846f32cd08b7f9dd84710f2fa08a1,1,3,20271020,0.4,1.5,hard,wa_mcbr_hard,0001000001000000000000000000000000010000000010000000000000000000000000100000000000000000000100000000,1,1,236.78273696145445,0001000001000000000000000000000000010000000010000000000000000000000000100000000000000000000100000000,0.0,236.78273696145445,235.25764417484004,0.6482649233199758,0.0063229999504983425,100,0,0,True,3800,8000,11800,100,6,0.06,236.7507498412148,236.7507498412148,0.0,4.8543689320388355,4.8543689320388355,25.263157894736842,24.0,0.19215210355987056,1.31625,1.31625,1.5,0.8775,0,0,0,0,4431.875605045313,44.31875605045313,8485.380688723712,299.80331125777343,30.114787285455513,79.46419629444166,0,93,1
06ac6393eee7a87a46f65b36cf9d1863821846f32cd08b7f9dd84710f2fa08a1,1,3,20271020,0.4,1.5,soft,wa_mcbr_soft,0001000000000000000000000000000000010000000000001000000000000000000010000000000000000000000100000000,1,1,237.35284153652518,0001000000000000000000000000000000010000000000001000000000000000000010000000000000000000000100000000,0.0,237.35284153652518,,,0.04267216695006937,464,29,0,True,17632,37120,54752,100,5,0.05,238.3682096415993,237.33594045866099,1.0322691829383026,4.368932038834951,4.368932038834951,25.263157894736842,24.0,0.17293689320388347,1.17,1.17,1.5,0.7799999999999999,0,0,0,0,4457.289758835191,44.57289758835191,8604.093186121963,185.67737232074285,18.637224393078572,72.27439471753485,0,0,95
06ac6393eee7a87a46f65b36cf9d1863821846f32cd08b7f9dd84710f2fa08a1,1,3,20271020,0.4,1.5,none,wa_mcbr_none,0001000000000000000100000000000000010000000010001000110000000000000010110000000000000000001100000000,1,0,inf,0000000000000000000100000000000000000000000010000000110000000000000000000000000000000000000100000000,0.07,235.78375911268316,,,0.0263627499807626,464,38,0,True,17632,37120,54752,100,12,0.12,231.99300116789215,231.99300116789215,0.0,11.16504854368932,11.16504854368932,25.263157894736842,24.0,0.4419498381877022,2.90875,2.90875,1.5,1.9391666666666667,0,1,0,1,4251.399311854438,42.51399311854438,7646.959749632887,465.2875862750267,46.6458027406322,217.9884015947807,0,0,88
06ac6393eee7a87a46f65b36cf9d1863821846f32cd08b7f9dd84710f2fa08a1,1,3,20271020,0.4,2.0,hard,wa_mcbr_hard,0011000001000000000000000000000001010000000010000000000000000000000000100000000000000000000100100000,1,0,inf,0011000001000000000000000000000000010000000010000000000000000000000000100000000000000000000100100000,0.01,236.0166102486304,233.88518657747693,0.9113119570945609,0.006778957904316485,123,1,0,True,4674,9840,14514,100,9,0.09,235.67077541876063,235.67077541876063,0.0,7.524271844660195,7.524271844660195,25.263157894736842,24.0,0.29783576051779936,1.99875,1.99875,2.0,0.999375,0,0,0,0,4386.12606632148,43.8612606632148,8269.540555044976,376.8542011943143,37.83944944173791,126.04205674780356,0,91,0
06ac6393eee7a87a46f65b36cf9d1863821846f32cd08b7f9dd84710f2fa08a1,1,3,20271020,0.4,2.0,soft,wa_mcbr_soft,0011000000000000000000000000000000010000000000000000000000000000000000011000000000000000000100000000,1,1,236.29455078204367,0011000000000000000000000000000000010000000000000000000000000000000000011000000000000000000100000000,0.0,236.29455078204367,,,0.048640749999322,663,28,0,True,25194,53040,78234,100,6,0.06,237.21810016128782,236.26298081271094,0.9551193485768759,5.58252427184466,5.58252427184466,25.263157894736842,24.0,0.2209749190938511,1.4949999999999999,1.4949999999999999,2.0,0.7474999999999999,0,0,0,0,4416.099837188399,44.16099837188399,8413.396064085919,325.7256017620896,32.67734765326096,90.91392963780345,0,0,94
06ac6393eee7a87a46f65b36cf9d1863821846f32cd08b7f9dd84710f2fa08a1,1,3,20271020,0.4,2.0,none,wa_mcbr_none,0001000000000000000100000000000000010000000010001000110000000000000010110000000000000000001100000000,1,0,inf,0000000000000000000100000000000000010000000010000000110000000000000010000000000000000000000100000000,0.05,234.0889895410973,,,0.024669667007401586,464,38,0,True,17632,37120,54752,100,12,0.12,231.99300116789215,231.99300116789215,0.0,11.16504854368932,11.16504854368932,25.263157894736842,24.0,0.4419498381877022,2.90875,2.90875,2.0,1.454375,0,1,0,1,4251.399311854438,42.51399311854438,7646.959749632887,465.2875862750267,46.6458027406322,217.9884015947807,0,0,88
06ac6393eee7a87a46f65b36cf9d1863821846f32cd08b7f9dd84710f2fa08a1,1,3,20271020,0.4,3.0,hard,wa_mcbr_hard,0001000000000000000000000000000000010000000010001100110000000000000010110000000000000000001100000000,1,0,inf,0000000000000000000000000000000000010000000010001000110000000000000010110000000000000000001100000000,0.02,232.56371166838437,232.41550673444206,0.06376723137998226,0.026246792054735124,523,16,0,True,19874,41840,61714,100,12,0.12,232.19432893332183,232.19432893332183,0.0,11.16504854368932,11.16504854368932,25.263157894736842,24.0,0.4419498381877022,2.90875,2.90875,3.0,0.9695833333333334,0,0,0,0,4272.240328926762,42.722403289267625,7744.083913478741,402.03900896868294,40.32612322842762,217.9884015947807,0,88,0
06ac6393eee7a87a46f65b36cf9d1863821846f32cd08b7f9dd84710f2fa08a1,1,3,20271020,0.4,3.0,soft,wa_mcbr_soft,0011000000000000000100000000000000000000000000000000110000000000000000011000000000000000000100000000,1,1,233.76239266418878,0011000000000000000100000000000000000000000000000000110000000000000000011000000000000000000100000000,0.0,233.76239266418878,,,0.07405579194892198,913,38,0,True,34694,73040,107734,100,8,0.08,234.34298859810764,233.7063608867683,0.636627711339334,7.766990291262136,7.766990291262136,25.263157894736842,24.0,0.3074433656957929,1.9825,1.9825,3.0,0.6608333333333333,0,0,0,0,4329.489204035249,43.29489204035249,8013.964900060434,455.16919599477126,45.61250755415326,130.98130841121497,0,0,92
06ac6393eee7a87a46f65b36cf9d1863821846f32cd08b7f9dd84710f2fa08a1,1,3,20271020,0.4,3.0,none,wa_mcbr_none,0001000000000000000100000000000000010000000010001000110000000000000010110000000000000000001100000000,1,0,inf,0000000000000000000100000000000000010000000010001000110000000000000010100000000000000000001100000000,0.02,232.64600744964417,,,0.026730417041108012,464,38,0,True,17632,37120,54752,100,12,0.12,231.99300116789215,231.99300116789215,0.0,11.16504854368932,11.16504854368932,25.263157894736842,24.0,0.4419498381877022,2.90875,2.90875,3.0,0.9695833333333334,0,0,0,0,4251.399311854438,42.51399311854438,7646.959749632887,465.2875862750267,46.6458027406322,217.9884015947807,0,0,88
06ac6393eee7a87a46f65b36cf9d1863821846f32cd08b7f9dd84710f2fa08a1,1,3,20271020,0.4,5.0,hard,wa_mcbr_hard,0001000000000000000100000000000000010000000010001000110000000000000010110000000000000000001100000000,1,1,232.20503324747423,0001000000000000000100000000000000010000000010001000110000000000000010110000000000000000001100000000,0.0,232.20503324747423,232.20503324747423,0.0,0.028698583017103374,521,30,0,True,19798,41680,61478,100,12,0.12,231.99300116789215,231.99300116789215,0.0,11.16504854368932,11.16504854368932,25.263157894736842,24.0,0.4419498381877022,2.90875,2.90875,5.0,0.58175,0,0,0,0,4251.399311854438,42.51399311854438,7646.959749632887,465.2875862750267,46.6458027406322,217.9884015947807,0,0,88
06ac6393eee7a87a46f65b36cf9d1863821846f32cd08b7f9dd84710f2fa08a1,1,3,20271020,0.4,5.0,soft,wa_mcbr_soft,0001000000000000000100000000000000010000000010001000110000000000000010010000000000000000001100000000,1,1,232.28819361055062,0001000000000000000100000000000000010000000010001000110000000000000010010000000000000000001100000000,0.0,232.28819361055062,,,0.03883745789062232,464,39,0,True,17632,37120,54752,100,11,0.11,232.44287132193026,232.12806043217049,0.3148108897597746,10.194174757281553,10.194174757281553,25.263157894736842,24.0,0.40351941747572817,2.665,2.665,5.0,0.533,0,0,0,0,4272.53979913761,42.725397991376106,7747.687150088351,441.7657035301234,44.28637166824262,189.12512716174976,0,0,89
06ac6393eee7a87a46f65b36cf9d1863821846f32cd08b7f9dd84710f2fa08a1,1,3,20271020,0.4,5.0,none,wa_mcbr_none,0001000000000000000100000000000000010000000010001000110000000000000010110000000000000000001100000000,1,1,232.20503324747423,0001000000000000000100000000000000010000000010001000110000000000000010110000000000000000001100000000,0.0,232.20503324747423,,,0.02558170899283141,464,38,0,True,17632,37120,54752,100,12,0.12,231.99300116789215,231.99300116789215,0.0,11.16504854368932,11.16504854368932,25.263157894736842,24.0,0.4419498381877022,2.90875,2.90875,5.0,0.58175,0,0,0,0,4251.399311854438,42.51399311854438,7646.959749632887,465.2875862750267,46.6458027406322,217.9884015947807,0,0,88
06ac6393eee7a87a46f65b36cf9d1863821846f32cd08b7f9dd84710f2fa08a1,1,3,20271020,0.4,13.0,hard,wa_mcbr_hard,0001000000000000000100000000000000010000000010001000110000000000000010110000000000000000001100000000,1,1,232.20503324747423,0001000000000000000100000000000000010000000010001000110000000000000010110000000000000000001100000000,0.0,232.20503324747423,232.20503324747423,0.0,0.02517249993979931,464,38,0,True,17632,37120,54752,100,12,0.12,231.99300116789215,231.99300116789215,0.0,11.16504854368932,11.16504854368932,25.263157894736842,24.0,0.4419498381877022,2.90875,2.90875,13.0,0.22375,0,0,0,0,4251.399311854438,42.51399311854438,7646.959749632887,465.2875862750267,46.6458027406322,217.9884015947807,0,0,88
06ac6393eee7a87a46f65b36cf9d1863821846f32cd08b7f9dd84710f2fa08a1,1,3,20271020,0.4,13.0,soft,wa_mcbr_soft,0001000000000000000100000000000000010000000010001000110000000000000010110000000000000000001100000000,1,1,232.20503324747423,0001000000000000000100000000000000010000000010001000110000000000000010110000000000000000001100000000,0.0,232.20503324747423,,,0.03574629197828472,464,38,0,True,17632,37120,54752,100,12,0.12,232.02193418737477,231.99300116789215,0.028933019482608867,11.16504854368932,11.16504854368932,25.263157894736842,24.0,0.4419498381877022,2.90875,2.90875,13.0,0.22375,0,0,0,0,4251.399311854438,42.51399311854438,7646.959749632887,465.2875862750267,46.6458027406322,217.9884015947807,0,0,88
06ac6393eee7a87a46f65b36cf9d1863821846f32cd08b7f9dd84710f2fa08a1,1,3,20271020,0.4,13.0,none,wa_mcbr_none,0001000000000000000100000000000000010000000010001000110000000000000010110000000000000000001100000000,1,1,232.20503324747423,0001000000000000000100000000000000010000000010001000110000000000000010110000000000000000001100000000,0.0,232.20503324747423,,,0.023804625030606985,464,38,0,True,17632,37120,54752,100,12,0.12,231.99300116789215,231.99300116789215,0.0,11.16504854368932,11.16504854368932,25.263157894736842,24.0,0.4419498381877022,2.90875,2.90875,13.0,0.22375,0,0,0,0,4251.399311854438,42.51399311854438,7646.959749632887,465.2875862750267,46.6458027406322,217.9884015947807,0,0,88
06ac6393eee7a87a46f65b36cf9d1863821846f32cd08b7f9dd84710f2fa08a1,1,3,20271020,0.6,1.5,hard,wa_mcbr_hard,0001000001000000000000000000000000010000000010000000000000000000000000100000000000000000000100000000,1,1,236.632535172141,0001000001000000000000000000000000010000000010000000000000000000000000100000000000000000000100000000,0.0,236.632535172141,235.099125168782,0.6522397742901559,0.005937958019785583,100,0,0,True,3800,8000,11800,100,6,0.06,236.61434820814347,236.61434820814347,0.0,4.8543689320388355,4.8543689320388355,37.89473684210527,36.0,0.12810140237324702,1.31625,1.31625,1.5,0.8775,0,0,0,0,4431.739203412241,44.31739203412241,8485.380688723712,299.80331125777343,30.114787285455513,56.73059078255489,0,93,1
06ac6393eee7a87a46f65b36cf9d1863821846f32cd08b7f9dd84710f2fa08a1,1,3,20271020,0.6,1.5,soft,wa_mcbr_soft,0000000000000000000100000000000000000000000000000000100000000000000000010000000000000000000100000000,1,1,236.4927909478898,0000000000000000000100000000000000000000000000000000100000000000000000010000000000000000000100000000,0.0,236.4927909478898,,,0.064286999986507,858,43,0,True,32604,68640,101244,100,4,0.04,236.8327847720063,236.48565297363464,0.34713179837166314,3.883495145631068,3.883495145631068,37.89473684210527,36.0,0.10248112189859762,1.0075,1.0075,1.5,0.6716666666666667,0,0,0,0,4426.991045794865,44.269910457948654,8467.319941079344,299.21577563932806,29.98526983574874,48.54567307692307,0,0,96
06ac6393eee7a87a46f65b36cf9d1863821846f32cd08b7f9dd84710f2fa08a1,1,3,20271020,0.6,1.5,none,wa_mcbr_none,0001000000000000000100000000000000010000000010001100110000000000000010110000000000000000001100000100,1,0,inf,0000000000000000000100000000000000000000000010000000110000000000000000000000000000000000000100000000,0.09,235.67818602961574,,,0.027033207938075066,523,49,0,True,19874,41840,61714,100,14,0.14,230.71848732839845,230.71848732839845,0.0,12.864077669902914,12.864077669902914,37.89473684210527,36.0,0.33946871628910463,3.3962499999999998,3.3962499999999998,1.5,2.2641666666666667,0,1,0,1,4215.6471183838485,42.156471183838484,7481.540886912268,512.0252468435318,52.92049373347695,148.4832091456568,0,0,86
06ac6393eee7a87a46f65b36cf9d1863821846f32cd08b7f9dd84710f2fa08a1,1,3,20271020,0.6,2.0,hard,wa_mcbr_hard,0011000001000000000000000000000001010000000010000000000000000000000000100000000000000000000100100000,1,0,inf,0011000001000000000000000000000000010000000010000000000000000000000000100000000000000000000100100000,0.01,235.7031912618417,233.62942381908135,0.8876311077864262,0.006320417043752968,123,1,0,True,4674,9840,14514,100,9,0.09,235.27383360358013,235.27383360358013,0.0,7.524271844660195,7.524271844660195,37.89473684210527,36.0,0.1985571736785329,1.99875,1.99875,2.0,0.999375,0,0,0,0,4385.729124506299,43.85729124506299,8269.540555044976,376.8542011943143,37.83944944173791,81.93741061664002,0,91,0
06ac6393eee7a87a46f65b36cf9d1863821846f32cd08b7f9dd84710f2fa08a1,1,3,20271020,0.6,2.0,soft,wa_mcbr_soft,0000000000000000000000000000000001000000000010000000100000000000000010010000000000000000000100000000,1,1,235.45128832565507,0000000000000000000000000000000001000000000010000000100000000000000010010000000000000000000100000000,0.0,235.45128832565507,,,0.03485283406917006,460,39,0,True,17480,36800,54280,100,6,0.06,236.21973800165858,235.43383269906965,0.7859053025889411,5.58252427184466,5.58252427184466,37.89473684210527,36.0,0.14731661272923408,1.44625,1.44625,2.0,0.723125,0,0,0,0,4407.626828945754,44.07626828945754,8377.365279519534,274.61276293401465,27.54658658908596,63.19206135842492,0,0,94
06ac6393eee7a87a46f65b36cf9d1863821846f32cd08b7f9dd84710f2fa08a1,1,3,20271020,0.6,2.0,none,wa_mcbr_none,0001000000000000000100000000000000010000000010001100110000000000000010110000000000000000001100000100,1,0,inf,0000000000000000000100000000000000010000000010000000110000000000000010000000000000000000000100000000,0.07,233.85085451435936,,,0.028019707999192178,523,49,0,True,19874,41840,61714,100,14,0.14,230.71848732839845,230.71848732839845,0.0,12.864077669902914,12.864077669902914,37.89473684210527,36.0,0.33946871628910463,3.3962499999999998,3.3962499999999998,2.0,1.6981249999999999,0,1,0,1,4215.6471183838485,42.156471183838484,7481.540886912268,512.0252468435318,52.92049373347695,148.4832091456568,0,0,86
06ac6393eee7a87a46f65b36cf9d1863821846f32cd08b7f9dd84710f2fa08a1,1,3,20271020,0.6,3.0,hard,wa_mcbr_hard,0011010001000001000000000000000001010000000010000000000000000000000000100000000001000000000101000000,1,0,inf,0011010001000001000000000000000001010000000010000000000000000000000000100000000001000000000100000000,0.01,234.78446431990045,231.69961919144603,1.331398445633831,0.005593291949480772,100,0,0,True,3800,8000,11800,100,12,0.12,234.6573695749991,234.6573695749991,0.0,10.436893203883495,10.436893203883495,37.89473684210527,36.0,0.2754180151024811,2.7787499999999996,2.7787499999999996,3.0,0.9262499999999999,0,0,0,0,4338.148816016,43.381488160159996,8042.95900493501,464.0414823047383,46.58374458416856,115.0265190285661,0,85,3
06ac6393eee7a87a46f65b36cf9d1863821846f32cd08b7f9dd84710f2fa08a1,1,3,20271020,0.6,3.0,soft,wa_mcbr_soft,0000000000000000000100000000000000010000000010000000110000000000000010010000000000000000000100000000,1,1,232.89276608820688,0000000000000000000100000000000000010000000010000000110000000000000010010000000000000000000100000000,0.0,232.89276608820688,,,0.053256875020451844,678,45,0,True,25764,54240,80004,100,8,0.08,233.4174768831601,232.85845699863563,0.5590198845244838,7.281553398058253,7.281553398058253,37.89473684210527,36.0,0.19215210355987053,1.93375,1.93375,3.0,0.6445833333333334,0,0,0,0,4332.463803768494,43.324638037684934,8031.903517443619,378.5112747672965,37.93968045249414,79.46419629444165,0,0,92
06ac6393eee7a87a46f65b36cf9d1863821846f32cd08b7f9dd84710f2fa08a1,1,3,20271020,0.6,3.0,none,wa_mcbr_none,0001000000000000000100000000000000010000000010001100110000000000000010110000000000000000001100000100,1,0,inf,0000000000000000000100000000000000010000000010001000110000000000000010100000000000000000001100000000,0.04,231.98930111503867,,,0.02832262497395277,523,49,0,True,19874,41840,61714,100,14,0.14,230.71848732839845,230.71848732839845,0.0,12.864077669902914,12.864077669902914,37.89473684210527,36.0,0.33946871628910463,3.3962499999999998,3.3962499999999998,3.0,1.1320833333333333,0,1,0,1,4215.6471183838485,42.156471183838484,7481.540886912268,512.0252468435318,52.92049373347695,148.4832091456568,0,0,86
06ac6393eee7a87a46f65b36cf9d1863821846f32cd08b7f9dd84710f2fa08a1,1,3,20271020,0.6,5.0,hard,wa_mcbr_hard,0011000000000000000100000000000000010000000010001000110000000000000010110000000000000000001100000100,1,1,230.8852581846731,0011000000000000000100000000000000010000000010001000110000000000000010110000000000000000001100000100,0.0,230.8852581846731,230.8217710772304,0.027504817741581453,0.02489729190710932,461,32,0,True,17518,36880,54398,100,14,0.14,230.74712990882878,230.74712990882878,0.0,12.864077669902914,12.864077669902914,37.89473684210527,36.0,0.33946871628910463,3.3962499999999998,3.3962499999999998,5.0,0.6792499999999999,0,0,0,0,4210.323840303384,42.103238403033835,7456.36872101418,531.7910982388988,54.908643869929,148.4832091456568,0,0,86
06ac6393eee7a87a46f65b36cf9d1863821846f32cd08b7f9dd84710f2fa08a1,1,3,20271020,0.6,5.0,soft,wa_mcbr_soft,0001000000000000000100000000000000010000000010001000110000000000000010110000000000000000001100000000,1,1,230.9571041823895,0001000000000000000100000000000000010000000010001000110000000000000010110000000000000000001100000000,0.0,230.9571041823895,,,0.05483654094859958,688,49,0,True,26144,55040,81184,100,12,0.12,231.37748643431155,230.87024682935123,0.5072396049603195,11.16504854368932,11.16504854368932,37.89473684210527,36.0,0.29463322545846815,2.90875,2.90875,5.0,0.58175,0,0,0,0,4250.2765575158965,42.50276557515897,7646.959749632887,465.2875862750267,46.6458027406322,124.42554004970368,0,0,88
06ac6393eee7a87a46f65b36cf9d1863821846f32cd08b7f9dd84710f2fa08a1,1,3,20271020,0.6,5.0,none,wa_mcbr_none,0001000000000000000100000000000000010000000010001100110000000000000010110000000000000000001100000100,1,1,230.85661560424276,0001000000000000000100000000000000010000000010001100110000000000000010110000000000000000001100000100,0.0,230.85661560424276,,,0.0263367909938097,523,49,0,True,19874,41840,61714,100,14,0.14,230.71848732839845,230.71848732839845,0.0,12.864077669902914,12.864077669902914,37.89473684210527,36.0,0.33946871628910463,3.3962499999999998,3.3962499999999998,5.0,0.6792499999999999,0,0,0,0,4215.6471183838485,42.156471183838484,7481.540886912268,512.0252468435318,52.92049373347695,148.4832091456568,0,0,86
06ac6393eee7a87a46f65b36cf9d1863821846f32cd08b7f9dd84710f2fa08a1,1,3,20271020,0.6,13.0,hard,wa_mcbr_hard,0001000000000000000100000000000000010000000010001100110000000000000010110000000000000000001100000100,1,1,230.85661560424276,0001000000000000000100000000000000010000000010001100110000000000000010110000000000000000001100000100,0.0,230.85661560424276,230.8217710772304,0.015095858094206728,0.027999874902889132,523,49,0,True,19874,41840,61714,100,14,0.14,230.71848732839845,230.71848732839845,0.0,12.864077669902914,12.864077669902914,37.89473684210527,36.0,0.33946871628910463,3.3962499999999998,3.3962499999999998,13.0,0.26125,0,0,0,0,4215.6471183838485,42.156471183838484,7481.540886912268,512.0252468435318,52.92049373347695,148.4832091456568,0,0,86
06ac6393eee7a87a46f65b36cf9d1863821846f32cd08b7f9dd84710f2fa08a1,1,3,20271020,0.6,13.0,soft,wa_mcbr_soft,0001000000000000000100000000000000010000000010001100110000000000000010110000000000000000001100000100,1,1,230.85661560424276,0001000000000000000100000000000000010000000010001100110000000000000010110000000000000000001100000100,0.0,230.85661560424276,,,0.04074687499087304,523,49,0,True,19874,41840,61714,100,14,0.14,230.76405206810654,230.71848732839845,0.04556473970809561,12.864077669902914,12.864077669902914,37.89473684210527,36.0,0.33946871628910463,3.3962499999999998,3.3962499999999998,13.0,0.26125,0,0,0,0,4215.6471183838485,42.156471183838484,7481.540886912268,512.0252468435318,52.92049373347695,148.4832091456568,0,0,86
06ac6393eee7a87a46f65b36cf9d1863821846f32cd08b7f9dd84710f2fa08a1,1,3,20271020,0.6,13.0,none,wa_mcbr_none,0001000000000000000100000000000000010000000010001100110000000000000010110000000000000000001100000100,1,1,230.85661560424276,0001000000000000000100000000000000010000000010001100110000000000000010110000000000000000001100000100,0.0,230.85661560424276,,,0.027581791975535452,523,49,0,True,19874,41840,61714,100,14,0.14,230.71848732839845,230.71848732839845,0.0,12.864077669902914,12.864077669902914,37.89473684210527,36.0,0.33946871628910463,3.3962499999999998,3.3962499999999998,13.0,0.26125,0,0,0,0,4215.6471183838485,42.156471183838484,7481.540886912268,512.0252468435318,52.92049373347695,148.4832091456568,0,0,86
06ac6393eee7a87a46f65b36cf9d1863821846f32cd08b7f9dd84710f2fa08a1,1,3,20271020,0.8,1.5,hard,wa_mcbr_hard,0001000001000000000000000000000000010000000010000000000000000000000000100000000000000000000100000000,1,1,236.566050125594,0001000001000000000000000000000000010000000010000000000000000000000000100000000000000000000100000000,0.0,236.566050125594,235.0293501829104,0.6538332091237347,0.005486958078108728,100,0,0,True,3800,8000,11800,100,6,0.06,236.5533963036361,236.5533963036361,0.0,4.8543689320388355,4.8543689320388355,50.526315789473685,48.0,0.09607605177993528,1.31625,1.31625,1.5,0.8775,0,0,0,0,4431.678251507734,44.316782515077335,8485.380688723712,299.80331125777343,30.114787285455513,46.57194003132692,0,93,1
06ac6393eee7a87a46f65b36cf9d1863821846f32cd08b7f9dd84710f2fa08a1,1,3,20271020,0.8,1.5,soft,wa_mcbr_soft,0000000000000000000100000000000000000000000010000000100000000000000000010000000000000000000100000000,1,1,235.58137752246586,0000000000000000000100000000000000000000000010000000100000000000000000010000000000000000000100000000,0.0,235.58137752246586,,,0.07367366703692824,1004,52,0,True,38152,80320,118472,100,5,0.05,236.80032330270876,235.57268431498932,1.2276389877194553,4.611650485436893,4.611650485436893,50.526315789473685,48.0,0.09127224919093851,1.2025000000000001,1.2025000000000001,1.5,0.8016666666666667,0,0,0,0,4404.308465626118,44.04308465626118,8362.9686909063,336.58322594143976,33.738181260103545,45.10989928217685,0,0,95
06ac6393eee7a87a46f65b36cf9d1863821846f32cd08b7f9dd84710f2fa08a1,1,3,20271020,0.8,1.5,none,wa_mcbr_none,0001000000000000000100000000000000010000000010001100110000000000100010110000000000000000001100000100,1,0,inf,0000000000000000000100000000000000000000000010000000110000000000000000000000000000000000000100000000,0.1,235.63068661131152,,,0.027652958990074694,523,58,0,True,19874,41840,61714,100,15,0.15,230.02260891352168,230.02260891352168,0.0,13.834951456310678,13.834951456310678,50.526315789473685,48.0,0.2738167475728155,3.6399999999999997,3.6399999999999997,1.5,2.4266666666666663,0,1,0,1,4200.8188212802,42.008188212802,7413.216129964087,526.989032355925,54.408664272473885,114.26571965740546,0,0,85
06ac6393eee7a87a46f65b36cf9d1863821846f32cd08b7f9dd84710f2fa08a1,1,3,20271020,0.8,2.0,hard,wa_mcbr_hard,0011000001000000000000000000000001010000000010000000000000000000000000100000000000000000000100100000,1,0,inf,0011000001000000000000000000000000010000000010000000000000000000000000100000000000000000000100100000,0.01,235.5716841416293,233.52109245738313,0.878118401497457,0.006261124974116683,123,1,0,True,4674,9840,14514,100,9,0.09,235.11009009322436,235.11009009322436,0.0,7.524271844660195,7.524271844660195,50.526315789473685,48.0,0.14891788025889968,1.99875,1.99875,2.0,0.999375,0,0,0,0,4385.565380995943,43.85565380995943,8269.540555044976,376.8542011943143,37.83944944173791,63.743687243776364,0,91,0
06ac6393eee7a87a46f65b36cf9d1863821846f32cd08b7f9dd84710f2fa08a1,1,3,20271020,0.8,2.0,soft,wa_mcbr_soft,0000000000000000000000000000000001000000000010000000100000000000000010010000000000000000000100000000,1,1,235.37299381128236,0000000000000000000000000000000001000000000010000000100000000000000010010000000000000000000100000000,0.0,235.37299381128236,,,0.03588583297096193,460,47,0,True,17480,36800,54280,100,6,0.06,236.14690250008752,235.3609971974986,0.7859053025889411,5.58252427184466,5.58252427184466,50.526315789473685,48.0,0.11048745954692556,1.44625,1.44625,2.0,0.723125,0,0,0,0,4407.553993444183,44.07553993444183,8377.365279519534,274.61276293401465,27.54658658908596,51.05281109658348,0,0,94
06ac6393eee7a87a46f65b36cf9d1863821846f32cd08b7f9dd84710f2fa08a1,1,3,20271020,0.8,2.0,none,wa_mcbr_none,0001000000000000000100000000000000010000000010001100110000000000100010110000000000000000001100000100,1,0,inf,0000000000000000000100000000000000010000000010000000110000000000000010000000000000000000000100000000,0.08,233.74905633499046,,,0.027525334036909044,523,58,0,True,19874,41840,61714,100,15,0.15,230.02260891352168,230.02260891352168,0.0,13.834951456310678,13.834951456310678,50.526315789473685,48.0,0.2738167475728155,3.6399999999999997,3.6399999999999997,2.0,1.8199999999999998,0,1,0,1,4200.8188212802,42.008188212802,7413.216129964087,526.989032355925,54.408664272473885,114.26571965740546,0,0,85
06ac6393eee7a87a46f65b36cf9d1863821846f32cd08b7f9dd84710f2fa08a1,1,3,20271020,0.8,3.0,hard,wa_mcbr_hard,0011010001000001000000000000000001010000000010000000000000000000000000100000000001000000000101000000,1,0,inf,0011010001000001000000000000000001010000000010000000000000000000000000100000000001000000000100000000,0.01,234.4771866918681,231.42473547449208,1.3189822648463012,0.00599304202478379,100,0,0,True,3800,8000,11800,100,12,0.12,234.2980723140899,234.2980723140899,0.0,10.436893203883495,10.436893203883495,50.526315789473685,48.0,0.20656351132686082,2.7787499999999996,2.7787499999999996,3.0,0.9262499999999999,0,0,0,0,4337.78951875509,43.377895187550905,8042.95900493501,464.0414823047383,46.58374458416856,85.08508061946338,0,85,3
06ac6393eee7a87a46f65b36cf9d1863821846f32cd08b7f9dd84710f2fa08a1,1,3,20271020,0.8,3.0,soft,wa_mcbr_soft,0000000000000000000100000000000000000000000010001000110000000000000010110000000000000000000100000000,1,1,232.25079644498408,0000000000000000000100000000000000000000000010001000110000000000000010110000000000000000000100000000,0.0,232.25079644498408,,,0.06793083308730274,843,60,0,True,32034,67440,99474,100,9,0.09,233.42916874941335,232.2244901597464,1.2046785896669405,8.495145631067961,8.495145631067961,50.526315789473685,48.0,0.16813309061488674,2.1774999999999998,2.1774999999999998,3.0,0.7258333333333332,0,0,0,0,4315.411305887022,43.154113058870216,7952.758513706561,397.3940331043029,39.83485628456426,70.52884323141451,0,0,91
06ac6393eee7a87a46f65b36cf9d1863821846f32cd08b7f9dd84710f2fa08a1,1,3,20271020,0.8,3.0,none,wa_mcbr_none,0001000000000000000100000000000000010000000010001100110000000000100010110000000000000000001100000100,1,0,inf,0000000000000000000100000000000000010000000010001000110000000000000010100000000000000000001100000000,0.05,231.73599769905442,,,0.030848917085677385,523,58,0,True,19874,41840,61714,100,15,0.15,230.02260891352168,230.02260891352168,0.0,13.834951456310678,13.834951456310678,50.526315789473685,48.0,0.2738167475728155,3.6399999999999997,3.6399999999999997,3.0,1.2133333333333332,0,1,0,1,4200.8188212802,42.008188212802,7413.216129964087,526.989032355925,54.408664272473885,114.26571965740546,0,0,85
06ac6393eee7a87a46f65b36cf9d1863821846f32cd08b7f9dd84710f2fa08a1,1,3,20271020,0.8,5.0,hard,wa_mcbr_hard,0011000000000000000100000000000000010000000010001100110000000000100010110000000000000000001100000000,1,1,230.08203337243967,0011000000000000000100000000000000010000000010001100110000000000100010110000000000000000001100000000,0.0,230.08203337243967,230.08203337243967,0.0,0.03741200000513345,678,31,0,True,25764,54240,80004,100,15,0.15,229.9917337038066,229.9917337038066,0.0,14.077669902912621,14.077669902912621,50.526315789473685,48.0,0.2786205501618123,3.6399999999999997,3.6399999999999997,5.0,0.728,0,0,0,0,4195.553967312327,41.95553967312327,7388.022779300618,547.0395704362022,54.85195337447243,116.55825038553203,0,0,85
06ac6393eee7a87a46f65b36cf9d1863821846f32cd08b7f9dd84710f2fa08a1,1,3,20271020,0.8,5.0,soft,wa_mcbr_soft,0001000000000000000100000000000000010000000010001000110000000000000010110000000000000000001100000000,1,1,230.52116637559496,0001000000000000000100000000000000010000000010001000110000000000000010110000000000000000001100000000,0.0,230.52116637559496,,,0.06115333398338407,678,55,0,True,25764,54240,80004,100,12,0.12,230.97534710936873,230.4681075044084,0.5072396049603195,11.16504854368932,11.16504854368932,50.526315789473685,48.0,0.2209749190938511,2.90875,2.90875,5.0,0.58175,0,0,0,0,4249.874418190953,42.49874418190953,7646.959749632887,465.2875862750267,46.6458027406322,90.91392963780345,0,0,88
06ac6393eee7a87a46f65b36cf9d1863821846f32cd08b7f9dd84710f2fa08a1,1,3,20271020,0.8,5.0,none,wa_mcbr_none,0001000000000000000100000000000000010000000010001100110000000000100010110000000000000000001100000100,1,1,230.11793648608207,0001000000000000000100000000000000010000000010001100110000000000100010110000000000000000001100000100,0.0,230.11793648608207,,,0.03135666693560779,523,58,0,True,19874,41840,61714,100,15,0.15,230.02260891352168,230.02260891352168,0.0,13.834951456310678,13.834951456310678,50.526315789473685,48.0,0.2738167475728155,3.6399999999999997,3.6399999999999997,5.0,0.728,0,0,0,0,4200.8188212802,42.008188212802,7413.216129964087,526.989032355925,54.408664272473885,114.26571965740546,0,0,85
06ac6393eee7a87a46f65b36cf9d1863821846f32cd08b7f9dd84710f2fa08a1,1,3,20271020,0.8,13.0,hard,wa_mcbr_hard,0001000000000000000100000000000000010000000010001100110000000000100010110000000000000000001100000100,1,1,230.11793648608207,0001000000000000000100000000000000010000000010001100110000000000100010110000000000000000001100000100,0.0,230.11793648608207,230.08203337243967,0.015604483807863334,0.027350000105798244,523,58,0,True,19874,41840,61714,100,15,0.15,230.02260891352168,230.02260891352168,0.0,13.834951456310678,13.834951456310678,50.526315789473685,48.0,0.2738167475728155,3.6399999999999997,3.6399999999999997,13.0,0.27999999999999997,0,0,0,0,4200.8188212802,42.008188212802,7413.216129964087,526.989032355925,54.408664272473885,114.26571965740546,0,0,85
06ac6393eee7a87a46f65b36cf9d1863821846f32cd08b7f9dd84710f2fa08a1,1,3,20271020,0.8,13.0,soft,wa_mcbr_soft,0001000000000000000100000000000000010000000010001100110000000000100010110000000000000000001100000100,1,1,230.11793648608207,0001000000000000000100000000000000010000000010001100110000000000100010110000000000000000001100000100,0.0,230.11793648608207,,,0.043165166047401726,523,58,0,True,19874,41840,61714,100,15,0.15,230.07932892229368,230.02260891352168,0.05672000877199994,13.834951456310678,13.834951456310678,50.526315789473685,48.0,0.2738167475728155,3.6399999999999997,3.6399999999999997,13.0,0.27999999999999997,0,0,0,0,4200.8188212802,42.008188212802,7413.216129964087,526.989032355925,54.408664272473885,114.26571965740546,0,0,85
06ac6393eee7a87a46f65b36cf9d1863821846f32cd08b7f9dd84710f2fa08a1,1,3,20271020,0.8,13.0,none,wa_mcbr_none,0001000000000000000100000000000000010000000010001100110000000000100010110000000000000000001100000100,1,1,230.11793648608207,0001000000000000000100000000000000010000000010001100110000000000100010110000000000000000001100000100,0.0,230.11793648608207,,,0.0265936671057716,523,58,0,True,19874,41840,61714,100,15,0.15,230.02260891352168,230.02260891352168,0.0,13.834951456310678,13.834951456310678,50.526315789473685,48.0,0.2738167475728155,3.6399999999999997,3.6399999999999997,13.0,0.27999999999999997,0,0,0,0,4200.8188212802,42.008188212802,7413.216129964087,526.989032355925,54.408664272473885,114.26571965740546,0,0,85
06ac6393eee7a87a46f65b36cf9d1863821846f32cd08b7f9dd84710f2fa08a1,1,3,20271020,1.0,1.5,hard,wa_mcbr_hard,0001000001000000000000000000000000010000000010000000000000000000000000100000000000000000000100000000,1,1,236.52854512113066,0001000001000000000000000000000000010000000010000000000000000000000000100000000000000000000100000000,0.0,236.52854512113066,234.9900946003725,0.6546873915577107,0.00531675003003329,100,0,0,True,3800,8000,11800,100,6,0.06,236.51885511042448,236.51885511042448,0.0,4.8543689320388355,4.8543689320388355,63.15789473684211,60.0,0.07686084142394822,1.31625,1.31625,1.5,0.8775,0,0,0,0,4431.643710314523,44.316437103145226,8485.380688723712,299.80331125777343,30.114787285455513,40.81507449605609,0,93,1
06ac6393eee7a87a46f65b36cf9d1863821846f32cd08b7f9dd84710f2fa08a1,1,3,20271020,1.0,1.5,soft,wa_mcbr_soft,0000000000000000000100000000000000000000000010000000100000000000000000010000000000000000000100000000,1,1,235.55227078388697,0000000000000000000100000000000000000000000010000000100000000000000000010000000000000000000100000000,0.0,235.55227078388697,,,0.07209408306516707,1004,52,0,True,38152,80320,118472,100,5,0.05,236.7732355126038,235.54559652488436,1.2276389877194553,4.611650485436893,4.611650485436893,63.15789473684211,60.0,0.07301779935275081,1.2025000000000001,1.2025000000000001,1.5,0.8016666666666667,0,0,0,0,4404.281377836012,44.04281377836012,8362.9686909063,336.58322594143976,33.738181260103545,39.692341261182634,0,0,95
06ac6393eee7a87a46f65b36cf9d1863821846f32cd08b7f9dd84710f2fa08a1,1,3,20271020,1.0,1.5,none,wa_mcbr_none,0011000000000000000100000000000000010000000010001100110000000000100010110000000000000000001100000100,1,0,inf,0000000000000000000100000000000000000000000010000000110000000000000000000000000000000000000100000000,0.11,235.6036794820474,,,0.027958624996244907,523,59,0,True,19874,41840,61714,100,16,0.16,229.5997255840793,229.5997255840793,0.0,14.805825242718448,14.805825242718448,63.15789473684211,60.0,0.2344255663430421,3.88375,3.88375,1.5,2.589166666666667,0,1,0,1,4177.853443043171,41.77853443043171,7305.338339547271,569.2880105416252,58.64622170440993,96.552179656539,0,0,84
06ac6393eee7a87a46f65b36cf9d1863821846f32cd08b7f9dd84710f2fa08a1,1,3,20271020,1.0,2.0,hard,wa_mcbr_hard,0011000001000000000000000000000001010000000010000000000000000000000000100000000000000000000100100000,1,0,inf,0011000001000000000000000000000000010000000010000000000000000000000000100000000000000000000100100000,0.01,235.499336738101,233.4612360221463,0.8729932003621204,0.006261459086090326,123,1,0,True,4674,9840,14514,100,9,0.09,235.02070230412681,235.02070230412681,0.0,7.524271844660195,7.524271844660195,63.15789473684211,60.0,0.11913430420711975,1.99875,1.99875,2.0,0.999375,0,0,0,0,4385.4759932068455,43.854759932068454,8269.540555044976,376.8542011943143,37.83944944173791,53.81171067738233,0,91,0
06ac6393eee7a87a46f65b36cf9d1863821846f32cd08b7f9dd84710f2fa08a1,1,3,20271020,1.0,2.0,soft,wa_mcbr_soft,0000000000000000000000000000000000000000000010000000100000000000000010010000000000000000000100000100,1,1,235.21560747758414,0000000000000000000000000000000000000000000010000000100000000000000010010000000000000000000100000100,0.0,235.21560747758414,,,0.034733999986201525,461,51,0,True,17518,36880,54398,100,6,0.06,235.9912410844216,235.20533578183267,0.7859053025889411,5.339805825242719,5.339805825242719,63.15789473684211,60.0,0.08454692556634304,1.44625,1.44625,2.0,0.723125,0,0,0,0,4403.523632561659,44.03523632561659,8359.377517274776,277.51660679299755,29.586212462850984,43.08882015024304,0,0,94
06ac6393eee7a87a46f65b36cf9d1863821846f32cd08b7f9dd84710f2fa08a1,1,3,20271020,1.0,2.0,none,wa_mcbr_none,0011000000000000000100000000000000010000000010001100110000000000100010110000000000000000001100000100,1,0,inf,0000000000000000000100000000000000010000000010000000110000000000000010000000000000000000000100000000,0.09,233.69256891795192,,,0.026791082927957177,523,59,0,True,19874,41840,61714,100,16,0.16,229.5997255840793,229.5997255840793,0.0,14.805825242718448,14.805825242718448,63.15789473684211,60.0,0.2344255663430421,3.88375,3.88375,2.0,1.941875,0,1,0,1,4177.853443043171,41.77853443043171,7305.338339547271,569.2880105416252,58.64622170440993,96.552179656539,0,0,84
06ac6393eee7a87a46f65b36cf9d1863821846f32cd08b7f9dd84710f2fa08a1,1,3,20271020,1.0,3.0,hard,wa_mcbr_hard,0011010001000001000000000000000001010000000010000000000000000000000000100000000001000000000101100000,1,0,inf,0011010001000000000000000000000001010000000010000000000000000000000000100000000001000000000100100000,0.02,234.43174898570462,231.28024427076858,1.3626346361198287,0.006810125079937279,123,1,0,True,4674,9840,14514,100,13,0.13,234.0992528404561,234.0992528404561,0.0,11.16504854368932,11.16504854368932,63.15789473684211,60.0,0.17677993527508087,2.9737499999999994,2.9737499999999994,3.0,0.9912499999999999,0,0,0,0,4328.816312114375,43.288163121143754,7999.82820597964,481.4154281895577,48.323536895404374,73.68550368550366,0,87,0
06ac6393eee7a87a46f65b36cf9d1863821846f32cd08b7f9dd84710f2fa08a1,1,3,20271020,1.0,3.0,soft,wa_mcbr_soft,0001000000000000000000000000000000000000000010001000110000000000000010010000000000000000001100000000,1,1,232.42939771084636,0001000000000000000000000000000000000000000010001000110000000000000010010000000000000000001100000000,0.0,232.42939771084636,,,0.05093366699293256,681,60,0,True,25878,54480,80358,100,9,0.09,233.61467840635652,232.40999981668958,1.2046785896669405,8.495145631067961,8.495145631067961,63.15789473684211,60.0,0.1345064724919094,2.1774999999999998,2.1774999999999998,3.0,0.7258333333333332,0,0,0,0,4335.47214888628,43.35472148886279,8046.295151125968,326.9417850585339,32.79456955200681,58.85253563916804,0,0,91
06ac6393eee7a87a46f65b36cf9d1863821846f32cd08b7f9dd84710f2fa08a1,1,3,20271020,1.0,3.0,none,wa_mcbr_none,0011000000000000000100000000000000010000000010001100110000000000100010110000000000000000001100000100,1,0,inf,0000000000000000000100000000000000010000000010001000110000000000000010100000000000000000001100000000,0.06,231.60173250479764,,,0.027228457969613373,523,59,0,True,19874,41840,61714,100,16,0.16,229.5997255840793,229.5997255840793,0.0,14.805825242718448,14.805825242718448,63.15789473684211,60.0,0.2344255663430421,3.88375,3.88375,3.0,1.2945833333333334,0,1,0,1,4177.853443043171,41.77853443043171,7305.338339547271,569.2880105416252,58.64622170440993,96.552179656539,0,0,84
06ac6393eee7a87a46f65b36cf9d1863821846f32cd08b7f9dd84710f2fa08a1,1,3,20271020,1.0,5.0,hard,wa_mcbr_hard,0011000000000000000100000000000000010000000010001100110000000000100010110000000000000000001100000100,1,1,229.67582941747085,0011000000000000000100000000000000010000000010001100110000000000100010110000000000000000001100000100,0.0,229.67582941747085,229.67582941747088,-1.2374706342626595e-14,0.03059541597031057,560,28,0,True,21280,44800,66080,100,16,0.16,229.5997255840793,229.5997255840793,0.0,14.805825242718448,14.805825242718448,63.15789473684211,60.0,0.2344255663430421,3.88375,3.88375,5.0,0.77675,0,0,0,0,4177.853443043171,41.77853443043171,7305.338339547271,569.2880105416252,58.64622170440993,96.552179656539,0,0,84
06ac6393eee7a87a46f65b36cf9d1863821846f32cd08b7f9dd84710f2fa08a1,1,3,20271020,1.0,5.0,soft,wa_mcbr_soft,0001000000000000000100000000000000010000000010001000110000000000000010110000000000000000001100000000,1,1,230.29925142577227,0001000000000000000100000000000000010000000010001000110000000000000010110000000000000000001100000000,0.0,230.29925142577227,,,0.039870208012871444,496,53,0,True,18848,39680,58528,100,12,0.12,230.76860599794114,230.26136639298082,0.5072396049603195,11.16504854368932,11.16504854368932,63.15789473684211,60.0,0.17677993527508087,2.90875,2.90875,5.0,0.58175,0,0,0,0,4249.667677079527,42.49667677079527,7646.959749632887,465.2875862750267,46.6458027406322,73.68550368550366,0,0,88
06ac6393eee7a87a46f65b36cf9d1863821846f32cd08b7f9dd84710f2fa08a1,1,3,20271020,1.0,5.0,none,wa_mcbr_none,0011000000000000000100000000000000010000000010001100110000000000100010110000000000000000001100000100,1,1,229.67582941747085,0011000000000000000100000000000000010000000010001100110000000000100010110000000000000000001100000100,0.0,229.67582941747085,,,0.02799970901105553,523,59,0,True,19874,41840,61714,100,16,0.16,229.5997255840793,229.5997255840793,0.0,14.805825242718448,14.805825242718448,63.15789473684211,60.0,0.2344255663430421,3.88375,3.88375,5.0,0.77675,0,0,0,0,4177.853443043171,41.77853443043171,7305.338339547271,569.2880105416252,58.64622170440993,96.552179656539,0,0,84
06ac6393eee7a87a46f65b36cf9d1863821846f32cd08b7f9dd84710f2fa08a1,1,3,20271020,1.0,13.0,hard,wa_mcbr_hard,0011000000000000000100000000000000010000000010001100110000000000100010110000000000000000001100000100,1,1,229.67582941747085,0011000000000000000100000000000000010000000010001100110000000000100010110000000000000000001100000100,0.0,229.67582941747085,229.67582941747088,-1.2374706342626595e-14,0.03426941693760455,523,59,0,True,19874,41840,61714,100,16,0.16,229.5997255840793,229.5997255840793,0.0,14.805825242718448,14.805825242718448,63.15789473684211,60.0,0.2344255663430421,3.88375,3.88375,13.0,0.29875,0,0,0,0,4177.853443043171,41.77853443043171,7305.338339547271,569.2880105416252,58.64622170440993,96.552179656539,0,0,84
06ac6393eee7a87a46f65b36cf9d1863821846f32cd08b7f9dd84710f2fa08a1,1,3,20271020,1.0,13.0,soft,wa_mcbr_soft,0011000000000000000100000000000000010000000010001100110000000000100010110000000000000000001100000100,1,1,229.67582941747085,0011000000000000000100000000000000010000000010001100110000000000100010110000000000000000001100000100,0.0,229.67582941747085,,,0.04494166700169444,523,59,0,True,19874,41840,61714,100,16,0.16,229.67001811574772,229.5997255840793,0.07029253166843535,14.805825242718448,14.805825242718448,63.15789473684211,60.0,0.2344255663430421,3.88375,3.88375,13.0,0.29875,0,0,0,0,4177.853443043171,41.77853443043171,7305.338339547271,569.2880105416252,58.64622170440993,96.552179656539,0,0,84
06ac6393eee7a87a46f65b36cf9d1863821846f32cd08b7f9dd84710f2fa08a1,1,3,20271020,1.0,13.0,none,wa_mcbr_none,0011000000000000000100000000000000010000000010001100110000000000100010110000000000000000001100000100,1,1,229.67582941747085,0011000000000000000100000000000000010000000010001100110000000000100010110000000000000000001100000100,0.0,229.67582941747085,,,0.02801300003193319,523,59,0,True,19874,41840,61714,100,16,0.16,229.5997255840793,229.5997255840793,0.0,14.805825242718448,14.805825242718448,63.15789473684211,60.0,0.2344255663430421,3.88375,3.88375,13.0,0.29875,0,0,0,0,4177.853443043171,41.77853443043171,7305.338339547271,569.2880105416252,58.64622170440993,96.552179656539,0,0,84
06ac6393eee7a87a46f65b36cf9d1863821846f32cd08b7f9dd84710f2fa08a1,1,4,20271117,0.2,1.5,hard,wa_mcbr_hard,0010000000000000000010000000000000000000000010000000000000000000000000100000010000000000000100000000,1,0,inf,0000000000000000000010000000000000000000000010000000000000000000000000100000010000000000000100000000,0.01,236.9275840867557,235.9187720753737,0.42760989407815575,0.005476833903230727,100,0,0,True,3800,8000,11800,100,6,0.06,236.4529429341376,236.4529429341376,0.0,5.339805825242719,5.339805825242719,12.631578947368421,12.0,0.4227346278317152,1.365,1.365,1.5,0.91,0,0,0,0,4398.708321473956,43.987083214739556,8330.629466164573,381.64386163685293,38.244360762342026,203.07638402242466,0,94,0
06ac6393eee7a87a46f65b36cf9d1863821846f32cd08b7f9dd84710f2fa08a1,1,4,20271117,0.2,1.5,soft,wa_mcbr_soft,0000000000000000000010000000000000000000000010001000010000000000000000000000000000000000000100000000,1,1,237.74393974894394,0000000000000000000010000000000000000000000010001000010000000000000000000000000000000000000100000000,0.0,237.74393974894394,,,0.030899791978299618,387,16,0,True,14706,30960,45666,100,5,0.05,238.48489475181253,237.6889619613318,0.7959327904807306,4.368932038834951,4.368932038834951,12.631578947368421,12.0,0.34587378640776695,1.12125,1.12125,1.5,0.7475,0,0,0,0,4449.997818194122,44.49997818194122,8568.124138175408,247.37439949246937,24.827635082049373,152.18923933209643,0,0,95
06ac6393eee7a87a46f65b36cf9d1863821846f32cd08b7f9dd84710f2fa08a1,1,4,20271117,0.2,1.5,none,wa_mcbr_none,0000000001000000000010000000000000010000000010000000000000000000000000100000010000000000001100000000,1,0,inf,0000000001000000000000000000000000010000000010000000000000000000000000000000010000000000001100000000,0.02,235.9187720753737,,,0.027354000019840896,496,19,0,True,18848,39680,58528,100,8,0.08,235.38157637860976,235.38157637860976,0.0,6.7961165048543695,6.7961165048543695,12.631578947368421,12.0,0.5380258899676376,1.80375,1.80375,1.5,1.2025,0,1,0,1,4350.276617644007,43.502766176440076,8103.899284373357,373.421338600709,37.41054666958221,311.15586690017517,0,0,92
06ac6393eee7a87a46f65b36cf9d1863821846f32cd08b7f9dd84710f2fa08a1,1,4,20271117,0.2,2.0,hard,wa_mcbr_hard,0000000001000000000010000000000000010000000010000000000000000000000000100000010000000000001100000000,1,0,inf,0000000001000000000010000000000000010000000010000000000000000000000000000000010000000000001100000000,0.01,235.57824245003093,235.57824245003093,0.0,0.017813458922319114,364,8,0,True,13832,29120,42952,100,8,0.08,235.38157637860976,235.38157637860976,0.0,6.7961165048543695,6.7961165048543695,12.631578947368421,12.0,0.5380258899676376,1.80375,1.80375,2.0,0.901875,0,0,0,0,4350.276617644007,43.502766176440076,8103.899284373357,373.421338600709,37.41054666958221,311.15586690017517,0,89,3
06ac6393eee7a87a46f65b36cf9d1863821846f32cd08b7f9dd84710f2fa08a1,1,4,20271117,0.2,2.0,soft,wa_mcbr_soft,0000000000000000000010000000000000000000000010101000010000000000000000000000000000000000000100000000,1,1,237.36090659240514,0000000000000000000010000000000000000000000010101000010000000000000000000000000000000000000100000000,0.0,237.36090659240514,,,0.03308162500616163,402,15,0,True,15276,32160,47436,100,6,0.06,237.83259219658942,237.26475411809656,0.5678380784928596,5.339805825242719,5.339805825242719,12.631578947368421,12.0,0.4227346278317152,1.365,1.365,2.0,0.6825,0,0,0,0,4431.62640775108,44.316264077510795,8481.761353106984,267.9915744911791,26.892184497763175,203.07638402242466,0,0,94
06ac6393eee7a87a46f65b36cf9d1863821846f32cd08b7f9dd84710f2fa08a1,1,4,20271117,0.2,2.0,none,wa_mcbr_none,0000000001000000000010000000000000010000000010000000000000000000000000100000010000000000001100000000,1,0,inf,0000000001000000000010000000000000010000000010000000000000000000000000000000010000000000001100000000,0.01,235.57824245003093,,,0.025932791992090642,496,19,0,True,18848,39680,58528,100,8,0.08,235.38157637860976,235.38157637860976,0.0,6.7961165048543695,6.7961165048543695,12.631578947368421,12.0,0.5380258899676376,1.80375,1.80375,2.0,0.901875,0,0,0,0,4350.276617644007,43.502766176440076,8103.899284373357,373.421338600709,37.41054666958221,311.15586690017517,0,0,92
06ac6393eee7a87a46f65b36cf9d1863821846f32cd08b7f9dd84710f2fa08a1,1,4,20271117,0.2,3.0,hard,wa_mcbr_hard,0000000001000000000010000000000000010000000010000000000000000000000000100000010000000000001100000000,1,1,235.70349223410602,0000000001000000000010000000000000010000000010000000000000000000000000100000010000000000001100000000,0.0,235.70349223410602,235.57824245003093,0.053166957513770326,0.028060541953891516,496,18,0,True,18848,39680,58528,100,8,0.08,235.38157637860976,235.38157637860976,0.0,6.7961165048543695,6.7961165048543695,12.631578947368421,12.0,0.5380258899676376,1.80375,1.80375,3.0,0.60125,0,0,0,0,4350.276617644007,43.502766176440076,8103.899284373357,373.421338600709,37.41054666958221,311.15586690017517,0,0,92
06ac6393eee7a87a46f65b36cf9d1863821846f32cd08b7f9dd84710f2fa08a1,1,4,20271117,0.2,3.0,soft,wa_mcbr_soft,0000000001000000000000000000000000010000000010001000000100000000000000000000010000000000000100000000,1,1,236.05885721484296,0000000001000000000000000000000000010000000010001000000100000000000000000000010000000000000100000000,0.0,236.05885721484296,,,0.022513250005431473,287,18,0,True,10906,22960,33866,100,7,0.07,236.05016267051792,235.86961641921917,0.18054625129875534,5.825242718446601,5.825242718446601,12.631578947368421,12.0,0.4611650485436892,1.56,1.56,3.0,0.52,0,0,0,0,4382.471344029237,43.82471344029237,8255.043902995034,347.65661164144046,34.843285004880165,233.9639639639639,0,0,93
06ac6393eee7a87a46f65b36cf9d1863821846f32cd08b7f9dd84710f2fa08a1,1,4,20271117,0.2,3.0,none,wa_mcbr_none,0000000001000000000010000000000000010000000010000000000000000000000000100000010000000000001100000000,1,1,235.70349223410602,0000000001000000000010000000000000010000000010000000000000000000000000100000010000000000001100000000,0.0,235.70349223410602,,,0.02568637509830296,496,19,0,True,18848,39680,58528,100,8,0.08,235.38157637860976,235.38157637860976,0.0,6.7961165048543695,6.7961165048543695,12.631578947368421,12.0,0.5380258899676376,1.80375,1.80375,3.0,0.60125,0,0,0,0,4350.276617644007,43.502766176440076,8103.899284373357,373.421338600709,37.41054666958221,311.15586690017517,0,0,92
06ac6393eee7a87a46f65b36cf9d1863821846f32cd08b7f9dd84710f2fa08a1,1,4,20271117,0.2,5.0,hard,wa_mcbr_hard,0000000001000000000010000000000000010000000010000000000000000000000000100000010000000000001100000000,1,1,235.70349223410602,0000000001000000000010000000000000010000000010000000000000000000000000100000010000000000001100000000,0.0,235.70349223410602,235.57824245003093,0.053166957513770326,0.0261452499544248,496,19,0,True,18848,39680,58528,100,8,0.08,235.38157637860976,235.38157637860976,0.0,6.7961165048543695,6.7961165048543695,12.631578947368421,12.0,0.5380258899676376,1.80375,1.80375,5.0,0.36075,0,0,0,0,4350.276617644007,43.502766176440076,8103.899284373357,373.421338600709,37.41054666958221,311.15586690017517,0,0,92
06ac6393eee7a87a46f65b36cf9d1863821846f32cd08b7f9dd84710f2fa08a1,1,4,20271117,0.2,5.0,soft,wa_mcbr_soft,0000000001000000000010000000000000010000000010000000000000000000000000000000010000000000001100000000,1,1,235.57824245003093,0000000001000000000010000000000000010000000010000000000000000000000000000000010000000000001100000000,0.0,235.57824245003093,,,0.04987529094796628,608,20,0,True,23104,48640,71744,100,7,0.07,235.42319349323515,235.38900165440714,0.034191838827997575,5.825242718446603,5.825242718446603,12.631578947368421,12.0,0.4611650485436894,1.5599999999999998,1.5599999999999998,5.0,0.31199999999999994,0,0,0,0,4371.289142255512,43.712891422555124,8204.645555775,350.1992153948957,35.079396428556834,233.96396396396398,0,0,93
06ac6393eee7a87a46f65b36cf9d1863821846f32cd08b7f9dd84710f2fa08a1,1,4,20271117,0.2,5.0,none,wa_mcbr_none,0000000001000000000010000000000000010000000010000000000000000000000000100000010000000000001100000000,1,1,235.70349223410602,0000000001000000000010000000000000010000000010000000000000000000000000100000010000000000001100000000,0.0,235.70349223410602,,,0.02638150006532669,496,19,0,True,18848,39680,58528,100,8,0.08,235.38157637860976,235.38157637860976,0.0,6.7961165048543695,6.7961165048543695,12.631578947368421,12.0,0.5380258899676376,1.80375,1.80375,5.0,0.36075,0,0,0,0,4350.276617644007,43.502766176440076,8103.899284373357,373.421338600709,37.41054666958221,311.15586690017517,0,0,92
06ac6393eee7a87a46f65b36cf9d1863821846f32cd08b7f9dd84710f2fa08a1,1,4,20271117,0.2,13.0,hard,wa_mcbr_hard,0000000001000000000010000000000000010000000010000000000000000000000000100000010000000000001100000000,1,1,235.70349223410602,0000000001000000000010000000000000010000000010000000000000000000000000100000010000000000001100000000,0.0,235.70349223410602,235.57824245003093,0.053166957513770326,0.026321624987758696,496,19,0,True,18848,39680,58528,100,8,0.08,235.38157637860976,235.38157637860976,0.0,6.7961165048543695,6.7961165048543695,12.631578947368421,12.0,0.5380258899676376,1.80375,1.80375,13.0,0.13874999999999998,0,0,0,0,4350.276617644007,43.502766176440076,8103.899284373357,373.421338600709,37.41054666958221,311.15586690017517,0,0,92
06ac6393eee7a87a46f65b36cf9d1863821846f32cd08b7f9dd84710f2fa08a1,1,4,20271117,0.2,13.0,soft,wa_mcbr_soft,0000000001000000000010000000000000010000000010000000000000000000000000100000010000000000001100000000,1,1,235.70349223410602,0000000001000000000010000000000000010000000010000000000000000000000000100000010000000000001100000000,0.0,235.70349223410602,,,0.039172083023004234,496,19,0,True,18848,39680,58528,100,8,0.08,235.39134835148332,235.38157637860976,0.009771972873556202,6.7961165048543695,6.7961165048543695,12.631578947368421,12.0,0.5380258899676376,1.80375,1.80375,13.0,0.13874999999999998,0,0,0,0,4350.276617644007,43.502766176440076,8103.899284373357,373.421338600709,37.41054666958221,311.15586690017517,0,0,92
06ac6393eee7a87a46f65b36cf9d1863821846f32cd08b7f9dd84710f2fa08a1,1,4,20271117,0.2,13.0,none,wa_mcbr_none,0000000001000000000010000000000000010000000010000000000000000000000000100000010000000000001100000000,1,1,235.70349223410602,0000000001000000000010000000000000010000000010000000000000000000000000100000010000000000001100000000,0.0,235.70349223410602,,,0.02579737501218915,496,19,0,True,18848,39680,58528,100,8,0.08,235.38157637860976,235.38157637860976,0.0,6.7961165048543695,6.7961165048543695,12.631578947368421,12.0,0.5380258899676376,1.80375,1.80375,13.0,0.13874999999999998,0,0,0,0,4350.276617644007,43.502766176440076,8103.899284373357,373.421338600709,37.41054666958221,311.15586690017517,0,0,92
06ac6393eee7a87a46f65b36cf9d1863821846f32cd08b7f9dd84710f2fa08a1,1,4,20271117,0.4,1.5,hard,wa_mcbr_hard,0010000000000000000010000000000000000000000010000000000000000000000000100000010000000000000100000000,1,0,inf,0000000000000000000010000000000000000000000010000000000000000000000000100000010000000000000100000000,0.01,236.48993315393494,235.25796930255848,0.5236650877454739,0.005288082989864051,100,0,0,True,3800,8000,11800,100,6,0.06,235.75651079055706,235.75651079055706,0.0,5.339805825242719,5.339805825242719,25.263157894736842,24.0,0.2113673139158576,1.365,1.365,1.5,0.91,0,0,0,0,4398.011889330375,43.980118893303754,8330.629466164573,381.64386163685293,38.244360762342026,87.00436009233137,0,94,0
06ac6393eee7a87a46f65b36cf9d1863821846f32cd08b7f9dd84710f2fa08a1,1,4,20271117,0.4,1.5,soft,wa_mcbr_soft,0000000000000000000010000000000000000000000010001000000000000000000000000000000000000000001100000000,1,1,237.12308454337304,0000000000000000000010000000000000000000000010001000000000000000000000000000000000000000001100000000,0.0,237.12308454337304,,,0.04786258295644075,582,29,0,True,22116,46560,68676,100,5,0.05,237.90211625598957,237.10618346550885,0.7959327904807306,4.368932038834951,4.368932038834951,25.263157894736842,24.0,0.17293689320388347,1.12125,1.12125,1.5,0.7475,0,0,0,0,4450.944780758426,44.50944780758426,8575.298621419897,196.68175696797712,19.72428398004706,72.27439471753485,0,0,95
06ac6393eee7a87a46f65b36cf9d1863821846f32cd08b7f9dd84710f2fa08a1,1,4,20271117,0.4,1.5,none,wa_mcbr_none,0010000001000000000010000000000000010000000010101000000000000000000000100000010000000000001100000000,1,0,inf,0000000001000000000000000000000000010000000010000000000000000000000000000000010000000000001100000000,0.05,235.25796930255848,,,0.03378116700332612,614,39,0,True,23332,49120,72452,100,11,0.11,232.84516578402796,232.84516578402796,0.0,9.70873786407767,9.70873786407767,25.263157894736842,24.0,0.38430420711974106,2.5349999999999997,2.5349999999999997,1.5,1.6899999999999997,0,1,0,1,4287.017146310309,42.87017146310309,7812.509224935469,461.8777137910346,46.29317595178113,176.04467805519053,0,0,89
06ac6393eee7a87a46f65b36cf9d1863821846f32cd08b7f9dd84710f2fa08a1,1,4,20271117,0.4,2.0,hard,wa_mcbr_hard,0010000000000000000010000000000000000000000010000000000100000000000010100000010000000000000100000000,1,0,inf,0010000000000000000010000000000000000000000010000000000100000000000000100000010000000000000100000000,0.01,235.3257467501283,234.33622416830028,0.422266162792378,0.005277334013953805,100,0,0,True,3800,8000,11800,100,8,0.08,234.96994265825427,234.96994265825427,0.0,7.281553398058253,7.281553398058253,25.263157894736842,24.0,0.28822815533980584,1.8525,1.8525,2.0,0.92625,0,0,0,0,4359.80085802227,43.598008580222704,8150.764024923229,453.8711061512014,45.50311540361096,121.23614663256609,0,92,0
06ac6393eee7a87a46f65b36cf9d1863821846f32cd08b7f9dd84710f2fa08a1,1,4,20271117,0.4,2.0,soft,wa_mcbr_soft,0000000001000000000000000010000000000000000010000000000000000000001010000000000000000000000100000000,1,1,236.4665010406008,0000000001000000000000000010000000000000000010000000000000000000001010000000000000000000000100000000,0.0,236.4665010406008,,,0.03668704198207706,486,30,0,True,18468,38880,57348,100,6,0.06,237.07815131723237,236.43148119631218,0.6466701209201835,5.339805825242719,5.339805825242719,25.263157894736842,24.0,0.2113673139158576,1.3975000000000002,1.3975000000000002,2.0,0.6987500000000001,0,0,0,0,4421.6199278349795,44.2161992783498,8438.59032306193,316.3169457377741,31.72051032186482,87.00436009233137,0,0,94
06ac6393eee7a87a46f65b36cf9d1863821846f32cd08b7f9dd84710f2fa08a1,1,4,20271117,0.4,2.0,none,wa_mcbr_none,0010000001000000000010000000000000010000000010101000000000000000000000100000010000000000001100000000,1,0,inf,0000000001000000000010000000000000010000000010000000000000000000000000000000010000000000001100000000,0.04,234.46041459136399,,,0.031386292073875666,614,39,0,True,23332,49120,72452,100,11,0.11,232.84516578402796,232.84516578402796,0.0,9.70873786407767,9.70873786407767,25.263157894736842,24.0,0.38430420711974106,2.5349999999999997,2.5349999999999997,2.0,1.2674999999999998,0,1,0,1,4287.017146310309,42.87017146310309,7812.509224935469,461.8777137910346,46.29317595178113,176.04467805519053,0,0,89
06ac6393eee7a87a46f65b36cf9d1863821846f32cd08b7f9dd84710f2fa08a1,1,4,20271117,0.4,3.0,hard,wa_mcbr_hard,0010000001000000000010000000000000010000000010101000000000000000000000100000010000000000001100000000,1,1,232.99083365456133,0010000001000000000010000000000000010000000010101000000000000000000000100000010000000000001100000000,0.0,232.99083365456133,232.99083365456136,-1.2198638454825574e-14,0.03518866701051593,699,13,0,True,26562,55920,82482,100,11,0.11,232.84516578402796,232.84516578402796,0.0,9.70873786407767,9.70873786407767,25.263157894736842,24.0,0.38430420711974106,2.5349999999999997,2.5349999999999997,3.0,0.8449999999999999,0,0,0,0,4287.017146310309,42.87017146310309,7812.509224935469,461.8777137910346,46.29317595178113,176.04467805519053,0,0,89
06ac6393eee7a87a46f65b36cf9d1863821846f32cd08b7f9dd84710f2fa08a1,1,4,20271117,0.4,3.0,soft,wa_mcbr_soft,0010000001000000000010000000000000010000000010001000000000000000000000100000000000000000001100000000,1,1,233.80135566580412,0010000001000000000010000000000000010000000010001000000000000000000000100000000000000000001100000000,0.0,233.80135566580412,,,0.044674791977740824,591,33,0,True,22458,47280,69738,100,9,0.09,234.57066756973168,233.7189104519924,0.8517571177392894,7.766990291262136,7.766990291262136,25.263157894736842,24.0,0.3074433656957929,2.0475,2.0475,3.0,0.6825,0,0,0,0,4355.892613251646,43.55892613251646,8136.272193143221,301.53127510503066,30.243682579924062,130.98130841121497,0,0,91
06ac6393eee7a87a46f65b36cf9d1863821846f32cd08b7f9dd84710f2fa08a1,1,4,20271117,0.4,3.0,none,wa_mcbr_none,0010000001000000000010000000000000010000000010101000000000000000000000100000010000000000001100000000,1,1,232.99083365456133,0010000001000000000010000000000000010000000010101000000000000000000000100000010000000000001100000000,0.0,232.99083365456133,,,0.031916167004965246,614,39,0,True,23332,49120,72452,100,11,0.11,232.84516578402796,232.84516578402796,0.0,9.70873786407767,9.70873786407767,25.263157894736842,24.0,0.38430420711974106,2.5349999999999997,2.5349999999999997,3.0,0.8449999999999999,0,0,0,0,4287.017146310309,42.87017146310309,7812.509224935469,461.8777137910346,46.29317595178113,176.04467805519053,0,0,89
06ac6393eee7a87a46f65b36cf9d1863821846f32cd08b7f9dd84710f2fa08a1,1,4,20271117,0.4,5.0,hard,wa_mcbr_hard,0010000001000000000010000000000000010000000010101000000000000000000000100000010000000000001100000000,1,1,232.99083365456133,0010000001000000000010000000000000010000000010101000000000000000000000100000010000000000001100000000,0.0,232.99083365456133,232.99083365456136,-1.2198638454825574e-14,0.0303187919780612,531,29,0,True,20178,42480,62658,100,11,0.11,232.84516578402796,232.84516578402796,0.0,9.70873786407767,9.70873786407767,25.263157894736842,24.0,0.38430420711974106,2.5349999999999997,2.5349999999999997,5.0,0.5069999999999999,0,0,0,0,4287.017146310309,42.87017146310309,7812.509224935469,461.8777137910346,46.29317595178113,176.04467805519053,0,0,89
06ac6393eee7a87a46f65b36cf9d1863821846f32cd08b7f9dd84710f2fa08a1,1,4,20271117,0.4,5.0,soft,wa_mcbr_soft,0010000001000000000010000000000000010000000010001000000000000000001000100000010000000000001100000000,1,1,233.0495472794911,0010000001000000000010000000000000010000000010001000000000000000001000100000010000000000001100000000,0.0,233.0495472794911,,,0.04772520798724145,608,38,0,True,23104,48640,71744,100,11,0.11,233.15957102885415,232.90387940895772,0.2556916198964352,9.70873786407767,9.70873786407767,25.263157894736842,24.0,0.38430420711974106,2.5349999999999997,2.5349999999999997,5.0,0.5069999999999999,0,0,0,0,4288.60476490717,42.8860476490717,7819.707983578547,460.7521316874886,46.18032532247502,176.04467805519053,0,0,89
06ac6393eee7a87a46f65b36cf9d1863821846f32cd08b7f9dd84710f2fa08a1,1,4,20271117,0.4,5.0,none,wa_mcbr_none,0010000001000000000010000000000000010000000010101000000000000000000000100000010000000000001100000000,1,1,232.99083365456133,0010000001000000000010000000000000010000000010101000000000000000000000100000010000000000001100000000,0.0,232.99083365456133,,,0.0342217501020059,614,40,0,True,23332,49120,72452,100,11,0.11,232.84516578402796,232.84516578402796,0.0,9.70873786407767,9.70873786407767,25.263157894736842,24.0,0.38430420711974106,2.5349999999999997,2.5349999999999997,5.0,0.5069999999999999,0,0,0,0,4287.017146310309,42.87017146310309,7812.509224935469,461.8777137910346,46.29317595178113,176.04467805519053,0,0,89
06ac6393eee7a87a46f65b36cf9d1863821846f32cd08b7f9dd84710f2fa08a1,1,4,20271117,0.4,13.0,hard,wa_mcbr_hard,0010000001000000000010000000000000010000000010101000000000000000000000100000010000000000001100000000,1,1,232.99083365456133,0010000001000000000010000000000000010000000010101000000000000000000000100000010000000000001100000000,0.0,232.99083365456133,232.99083365456136,-1.2198638454825574e-14,0.032410957966931164,614,40,0,True,23332,49120,72452,100,11,0.11,232.84516578402796,232.84516578402796,0.0,9.70873786407767,9.70873786407767,25.263157894736842,24.0,0.38430420711974106,2.5349999999999997,2.5349999999999997,13.0,0.19499999999999998,0,0,0,0,4287.017146310309,42.87017146310309,7812.509224935469,461.8777137910346,46.29317595178113,176.04467805519053,0,0,89
06ac6393eee7a87a46f65b36cf9d1863821846f32cd08b7f9dd84710f2fa08a1,1,4,20271117,0.4,13.0,soft,wa_mcbr_soft,0010000001000000000010000000000000010000000010101000000000000000000000100000010000000000001100000000,1,1,232.99083365456133,0010000001000000000010000000000000010000000010101000000000000000000000100000010000000000001100000000,0.0,232.99083365456133,,,0.041388000012375414,531,38,0,True,20178,42480,62658,100,11,0.11,232.86623835221204,232.84516578402796,0.021072568184081663,9.70873786407767,9.70873786407767,25.263157894736842,24.0,0.38430420711974106,2.5349999999999997,2.5349999999999997,13.0,0.19499999999999998,0,0,0,0,4287.017146310309,42.87017146310309,7812.509224935469,461.8777137910346,46.29317595178113,176.04467805519053,0,0,89
06ac6393eee7a87a46f65b36cf9d1863821846f32cd08b7f9dd84710f2fa08a1,1,4,20271117,0.4,13.0,none,wa_mcbr_none,0010000001000000000010000000000000010000000010101000000000000000000000100000010000000000001100000000,1,1,232.99083365456133,0010000001000000000010000000000000010000000010101000000000000000000000100000010000000000001100000000,0.0,232.99083365456133,,,0.032011249917559326,614,40,0,True,23332,49120,72452,100,11,0.11,232.84516578402796,232.84516578402796,0.0,9.70873786407767,9.70873786407767,25.263157894736842,24.0,0.38430420711974106,2.5349999999999997,2.5349999999999997,13.0,0.19499999999999998,0,0,0,0,4287.017146310309,42.87017146310309,7812.509224935469,461.8777137910346,46.29317595178113,176.04467805519053,0,0,89
06ac6393eee7a87a46f65b36cf9d1863821846f32cd08b7f9dd84710f2fa08a1,1,4,20271117,0.6,1.5,hard,wa_mcbr_hard,0010000000000000000010000000000000000000000010000000000000000000000000100000010000000000000100000000,1,0,inf,0000000000000000000010000000000000000000000010000000000000000000000000100000010000000000000100000000,0.01,236.38436007086753,235.10776751324502,0.5429818721538365,0.005854082992300391,100,0,0,True,3800,8000,11800,100,6,0.06,235.60052135893102,235.60052135893102,0.0,5.339805825242719,5.339805825242719,37.89473684210527,36.0,0.14091154261057173,1.365,1.365,1.5,0.91,0,0,0,0,4397.855899898749,43.978558998987495,8330.629466164573,381.64386163685293,38.244360762342026,61.00612148799246,0,94,0
06ac6393eee7a87a46f65b36cf9d1863821846f32cd08b7f9dd84710f2fa08a1,1,4,20271117,0.6,1.5,soft,wa_mcbr_soft,0000000001000000000000000000000000000000000000100000000000000000000000100000000000000000000101000000,1,1,237.37345319975205,0000000001000000000000000000000000000000000000100000000000000000000000100000000000000000000101000000,0.0,237.37345319975205,,,0.04199983295984566,569,45,0,True,21622,45520,67142,100,5,0.05,238.15958039770567,237.36364760722495,0.79593279048073,4.368932038834952,4.368932038834952,37.89473684210527,36.0,0.11529126213592233,1.1212499999999999,1.1212499999999999,1.5,0.7474999999999999,0,0,0,0,4462.668907923557,44.62668907923557,8629.280882624835,161.2027095401571,16.17652496735341,52.578875171467764,0,0,95
06ac6393eee7a87a46f65b36cf9d1863821846f32cd08b7f9dd84710f2fa08a1,1,4,20271117,0.6,1.5,none,wa_mcbr_none,0010000001000000000010000000000000010000000010101000010100000000001000100000010000000000001100000000,1,0,inf,0000000001000000000000000000000000010000000010000000000000000000000000000000010000000000001100000000,0.08,235.10776751324502,,,0.036023541004396975,699,54,0,True,26562,55920,82482,100,14,0.14,231.62861598806515,231.62861598806515,0.0,12.621359223300969,12.621359223300969,37.89473684210527,36.0,0.3330636461704422,3.2662499999999994,3.2662499999999994,1.5,2.1774999999999998,0,1,0,1,4229.66340825997,42.2966340825997,7542.765483553267,545.3950848277674,54.677396661906855,144.84836231298013,0,0,86
06ac6393eee7a87a46f65b36cf9d1863821846f32cd08b7f9dd84710f2fa08a1,1,4,20271117,0.6,2.0,hard,wa_mcbr_hard,0010000000000000000010000000000000000000000010000000000100000000000010100000010000000000000100000000,1,0,inf,0010000000000000000010000000000000000000000010000000000100000000000000100000010000000000000100000000,0.01,235.07595206667435,234.0228051815116,0.4500189134755155,0.005510332994163036,100,0,0,True,3800,8000,11800,100,8,0.08,234.63576705554928,234.63576705554928,0.0,7.281553398058253,7.281553398058253,37.89473684210527,36.0,0.19215210355987053,1.8525,1.8525,2.0,0.92625,0,0,0,0,4359.466682419566,43.594666824195656,8150.764024923229,453.8711061512014,45.50311540361096,79.46419629444165,0,92,0
06ac6393eee7a87a46f65b36cf9d1863821846f32cd08b7f9dd84710f2fa08a1,1,4,20271117,0.6,2.0,soft,wa_mcbr_soft,0000000001000000000010000000000000000000000000100000000000000000000000100000010000000000000100000000,1,1,235.48019340988543,0000000001000000000010000000000000000000000000100000000000000000000000100000010000000000000100000000,0.0,235.48019340988543,,,0.037266874918714166,513,44,0,True,19494,41040,60534,100,6,0.06,236.03396391482906,235.4661258363362,0.5678380784928596,5.339805825242719,5.339805825242719,37.89473684210527,36.0,0.14091154261057173,1.365,1.365,2.0,0.6825,0,0,0,0,4400.780059301079,44.007800593010785,8345.001726675377,335.6704286918369,33.62111256294224,61.00612148799246,0,0,94
06ac6393eee7a87a46f65b36cf9d1863821846f32cd08b7f9dd84710f2fa08a1,1,4,20271117,0.6,2.0,none,wa_mcbr_none,0010000001000000000010000000000000010000000010101000010100000000001000100000010000000000001100000000,1,0,inf,0000000001000000000010000000000000010000000010000000000000000000000000000000010000000000001100000000,0.07,234.2335820368487,,,0.03540220798458904,699,54,0,True,26562,55920,82482,100,14,0.14,231.62861598806515,231.62861598806515,0.0,12.621359223300969,12.621359223300969,37.89473684210527,36.0,0.3330636461704422,3.2662499999999994,3.2662499999999994,2.0,1.6331249999999997,0,1,0,1,4229.66340825997,42.2966340825997,7542.765483553267,545.3950848277674,54.677396661906855,144.84836231298013,0,0,86
06ac6393eee7a87a46f65b36cf9d1863821846f32cd08b7f9dd84710f2fa08a1,1,4,20271117,0.6,3.0,hard,wa_mcbr_hard,0110000000000000000010000000000000000000000010000000000100000000000010100000010001010000000101000000,1,0,inf,0010000000000000000010000000000000000000000010000000000100000000000010100000010000010000000101000000,0.02,234.16737521355378,232.14150214754176,0.8726888760823321,0.005976500106044114,100,0,0,True,3800,8000,11800,100,12,0.12,233.96921651758257,233.96921651758257,0.0,10.922330097087379,10.922330097087379,37.89473684210527,36.0,0.2882281553398058,2.8274999999999997,2.8274999999999997,3.0,0.9424999999999999,0,0,0,0,4306.121198470044,43.06121198470044,7895.428240080554,522.1970592043822,52.3533400460917,121.23614663256606,0,87,1
06ac6393eee7a87a46f65b36cf9d1863821846f32cd08b7f9dd84710f2fa08a1,1,4,20271117,0.6,3.0,soft,wa_mcbr_soft,0000000001000000000000000000000000010000000010101000010000000000000000000000010000000000001100000000,1,1,233.2600060747995,0000000001000000000000000000000000010000000010101000010000000000000000000000010000000000001100000000,0.0,233.2600060747995,,,0.05817245796788484,699,51,0,True,26562,55920,82482,100,9,0.09,234.07049524046195,233.21873812272267,0.8517571177392894,7.766990291262136,7.766990291262136,37.89473684210527,36.0,0.20496224379719524,2.0475,2.0475,3.0,0.6825,0,0,0,0,4333.222839928376,43.33222839928376,8031.967235982077,406.9761838101407,40.80399800848397,84.4504748982361,0,0,91
06ac6393eee7a87a46f65b36cf9d1863821846f32cd08b7f9dd84710f2fa08a1,1,4,20271117,0.6,3.0,none,wa_mcbr_none,0010000001000000000010000000000000010000000010101000010100000000001000100000010000000000001100000000,1,0,inf,0010000001000000000010000000000000010000000010101000000000000000000000100000010000000000001100000000,0.03,232.14150214754173,,,0.03938700002618134,699,54,0,True,26562,55920,82482,100,14,0.14,231.62861598806515,231.62861598806515,0.0,12.621359223300969,12.621359223300969,37.89473684210527,36.0,0.3330636461704422,3.2662499999999994,3.2662499999999994,3.0,1.0887499999999999,0,1,0,1,4229.66340825997,42.2966340825997,7542.765483553267,545.3950848277674,54.677396661906855,144.84836231298013,0,0,86
06ac6393eee7a87a46f65b36cf9d1863821846f32cd08b7f9dd84710f2fa08a1,1,4,20271117,0.6,5.0,hard,wa_mcbr_hard,0010000001000000000010000000000000010000000010101000010100000000001000100000010000000000001100000000,1,1,231.75158290545323,0010000001000000000010000000000000010000000010101000010100000000001000100000010000000000001100000000,0.0,231.75158290545323,231.75158290545323,0.0,0.03269795898813754,601,26,0,True,22838,48080,70918,100,14,0.14,231.62861598806515,231.62861598806515,0.0,12.621359223300969,12.621359223300969,37.89473684210527,36.0,0.3330636461704422,3.2662499999999994,3.2662499999999994,5.0,0.6532499999999999,0,0,0,0,4229.66340825997,42.2966340825997,7542.765483553267,545.3950848277674,54.677396661906855,144.84836231298013,0,0,86
06ac6393eee7a87a46f65b36cf9d1863821846f32cd08b7f9dd84710f2fa08a1,1,4,20271117,0.6,5.0,soft,wa_mcbr_soft,0010000001000000000010000000000000010000000010101000000100000000000000100000010000000000001100000000,1,1,231.9438014474006,0010000001000000000010000000000000010000000010101000000100000000000000100000010000000000001100000000,0.0,231.9438014474006,,,0.04160808399319649,519,52,0,True,19722,41520,61242,100,12,0.12,232.2743536550854,231.86237007863764,0.4119835764477556,10.679611650485436,10.679611650485436,37.89473684210527,36.0,0.2818230852211434,2.7787499999999996,2.7787499999999996,5.0,0.55575,0,0,0,0,4269.6156407266135,42.69615640726614,7733.381185572055,483.19975137601165,48.43213100466958,118.1036425084491,0,0,88
06ac6393eee7a87a46f65b36cf9d1863821846f32cd08b7f9dd84710f2fa08a1,1,4,20271117,0.6,5.0,none,wa_mcbr_none,0010000001000000000010000000000000010000000010101000010100000000001000100000010000000000001100000000,1,1,231.75158290545323,0010000001000000000010000000000000010000000010101000010100000000001000100000010000000000001100000000,0.0,231.75158290545323,,,0.03688520798459649,699,54,0,True,26562,55920,82482,100,14,0.14,231.62861598806515,231.62861598806515,0.0,12.621359223300969,12.621359223300969,37.89473684210527,36.0,0.3330636461704422,3.2662499999999994,3.2662499999999994,5.0,0.6532499999999999,0,0,0,0,4229.66340825997,42.2966340825997,7542.765483553267,545.3950848277674,54.677396661906855,144.84836231298013,0,0,86
06ac6393eee7a87a46f65b36cf9d1863821846f32cd08b7f9dd84710f2fa08a1,1,4,20271117,0.6,13.0,hard,wa_mcbr_hard,0010000001000000000010000000000000010000000010101000010100000000001000100000010000000000001100000000,1,1,231.75158290545323,0010000001000000000010000000000000010000000010101000010100000000001000100000010000000000001100000000,0.0,231.75158290545323,231.75158290545323,0.0,0.035091000027023256,699,54,0,True,26562,55920,82482,100,14,0.14,231.62861598806515,231.62861598806515,0.0,12.621359223300969,12.621359223300969,37.89473684210527,36.0,0.3330636461704422,3.2662499999999994,3.2662499999999994,13.0,0.25125,0,0,0,0,4229.66340825997,42.2966340825997,7542.765483553267,545.3950848277674,54.677396661906855,144.84836231298013,0,0,86
06ac6393eee7a87a46f65b36cf9d1863821846f32cd08b7f9dd84710f2fa08a1,1,4,20271117,0.6,13.0,soft,wa_mcbr_soft,0010000001000000000010000000000000010000000010101000010100000000001000100000010000000000001100000000,1,1,231.75158290545323,0010000001000000000010000000000000010000000010101000010100000000001000100000010000000000001100000000,0.0,231.75158290545323,,,0.05312016699463129,699,54,0,True,26562,55920,82482,100,14,0.14,231.67067754410854,231.62861598806515,0.04206155604339528,12.621359223300969,12.621359223300969,37.89473684210527,36.0,0.3330636461704422,3.2662499999999994,3.2662499999999994,13.0,0.25125,0,0,0,0,4229.66340825997,42.2966340825997,7542.765483553267,545.3950848277674,54.677396661906855,144.84836231298013,0,0,86
06ac6393eee7a87a46f65b36cf9d1863821846f32cd08b7f9dd84710f2fa08a1,1,4,20271117,0.6,13.0,none,wa_mcbr_none,0010000001000000000010000000000000010000000010101000010100000000001000100000010000000000001100000000,1,1,231.75158290545323,0010000001000000000010000000000000010000000010101000010100000000001000100000010000000000001100000000,0.0,231.75158290545323,,,0.038232416030950844,699,54,0,True,26562,55920,82482,100,14,0.14,231.62861598806515,231.62861598806515,0.0,12.621359223300969,12.621359223300969,37.89473684210527,36.0,0.3330636461704422,3.2662499999999994,3.2662499999999994,13.0,0.25125,0,0,0,0,4229.66340825997,42.2966340825997,7542.765483553267,545.3950848277674,54.677396661906855,144.84836231298013,0,0,86
06ac6393eee7a87a46f65b36cf9d1863821846f32cd08b7f9dd84710f2fa08a1,1,4,20271117,0.8,1.5,hard,wa_mcbr_hard,0010000000000000000010000000000000000000000010000000000000000000000000100000010000000000000100000000,1,0,inf,0000000000000000000010000000000000000000000010000000000000000000000000100000010000000000000100000000,0.01,236.3368606525633,235.04128246669802,0.5512130346926805,0.00533429195638746,100,0,0,True,3800,8000,11800,100,6,0.06,235.53174347881003,235.53174347881003,0.0,5.339805825242719,5.339805825242719,50.526315789473685,48.0,0.1056836569579288,1.365,1.365,1.5,0.91,0,0,0,0,4397.787122018628,43.97787122018628,8330.629466164573,381.64386163685293,38.244360762342026,49.54314146782767,0,94,0
06ac6393eee7a87a46f65b36cf9d1863821846f32cd08b7f9dd84710f2fa08a1,1,4,20271117,0.8,1.5,soft,wa_mcbr_soft,0000000001000000000000000000000000000000000000100000000000000000000000100000000000000000000101000000,1,1,237.32595378144782,0000000001000000000000000000000000000000000000100000000000000000000000100000000000000000000101000000,0.0,237.32595378144782,,,0.0419940419960767,569,49,0,True,21622,45520,67142,100,5,0.05,238.11500219587688,237.31906940539616,0.79593279048073,4.368932038834952,4.368932038834952,50.526315789473685,48.0,0.08646844660194176,1.1212499999999999,1.1212499999999999,1.5,0.7474999999999999,0,0,0,0,4462.624329721728,44.62624329721728,8629.280882624835,161.2027095401571,16.17652496735341,43.66323480571239,0,0,95
06ac6393eee7a87a46f65b36cf9d1863821846f32cd08b7f9dd84710f2fa08a1,1,4,20271117,0.8,1.5,none,wa_mcbr_none,0010000001000000000010000000000000010000000010101000010100000000001000100000010000000000001100000000,1,0,inf,0000000001000000000000000000000000010000000010000000000000000000000000000000010000000000001100000000,0.08,235.04128246669802,,,0.03888708399608731,712,58,0,True,27056,56960,84016,100,14,0.14,231.04614738157719,231.04614738157719,0.0,12.621359223300969,12.621359223300969,50.526315789473685,48.0,0.24979773462783167,3.2662499999999994,3.2662499999999994,1.5,2.1774999999999998,0,1,0,1,4229.080939653482,42.290809396534826,7542.765483553267,545.3950848277674,54.677396661906855,103.24346184955513,0,0,86
06ac6393eee7a87a46f65b36cf9d1863821846f32cd08b7f9dd84710f2fa08a1,1,4,20271117,0.8,2.0,hard,wa_mcbr_hard,0010000000000000000010000000000000000000000010000000000100000000000010100000010000000000000100000000,1,0,inf,0010000000000000000010000000000000000000000010000000000100000000000000100000010000000000000100000000,0.01,234.96982075256844,233.89129806129918,0.4611213414988158,0.00535504100844264,100,0,0,True,3800,8000,11800,100,8,0.08,234.4968134993731,234.4968134993731,0.0,7.281553398058253,7.281553398058253,50.526315789473685,48.0,0.14411407766990292,1.8525,1.8525,2.0,0.92625,0,0,0,0,4359.327728863389,43.59327728863389,8150.764024923229,453.8711061512014,45.50311540361096,62.09500177242112,0,92,0
06ac6393eee7a87a46f65b36cf9d1863821846f32cd08b7f9dd84710f2fa08a1,1,4,20271117,0.8,2.0,soft,wa_mcbr_soft,0000000000000000000010000000000000010000000000100000000000000000000000001000000000000000001100000000,1,1,236.1650213941682,0000000000000000000010000000000000010000000000100000000000000000000000001000000000000000001100000000,0.0,236.1650213941682,,,0.03737516689579934,513,48,0,True,19494,41040,60534,100,6,0.06,236.8454072773213,236.15530742198172,0.6900998553395905,5.339805825242719,5.339805825242719,50.526315789473685,48.0,0.1056836569579288,1.41375,1.41375,2.0,0.706875,0,0,0,0,4417.522568895624,44.175225688956246,8420.602856487729,337.55167446973604,33.80941462181335,49.54314146782767,0,0,94
06ac6393eee7a87a46f65b36cf9d1863821846f32cd08b7f9dd84710f2fa08a1,1,4,20271117,0.8,2.0,none,wa_mcbr_none,0010000001000000000010000000000000010000000010101000010100000000001000100000010000000000001100000000,1,0,inf,0000000001000000000010000000000000010000000010000000000000000000000000000000010000000000001100000000,0.07,234.1360294944058,,,0.03708287503104657,712,58,0,True,27056,56960,84016,100,14,0.14,231.04614738157719,231.04614738157719,0.0,12.621359223300969,12.621359223300969,50.526315789473685,48.0,0.24979773462783167,3.2662499999999994,3.2662499999999994,2.0,1.6331249999999997,0,1,0,1,4229.080939653482,42.290809396534826,7542.765483553267,545.3950848277674,54.677396661906855,103.24346184955513,0,0,86
06ac6393eee7a87a46f65b36cf9d1863821846f32cd08b7f9dd84710f2fa08a1,1,4,20271117,0.8,3.0,hard,wa_mcbr_hard,0110000000000000000010000000000000000000000010000000000100000000000010100000010001010000000101000000,1,0,inf,0010000000000000000010000000000000000000000010000000000100000000000010100000010000010000000101000000,0.02,233.9055806809259,231.82424989315777,0.8978054663079352,0.006009375094436109,100,0,0,True,3800,8000,11800,100,12,0.12,233.5817487343804,233.5817487343804,0.0,10.922330097087379,10.922330097087379,50.526315789473685,48.0,0.21617111650485438,2.8274999999999997,2.8274999999999997,3.0,0.9424999999999999,0,0,0,0,4305.733730686842,43.05733730686842,7895.428240080554,522.1970592043822,52.3533400460917,88.94716469905167,0,87,1
06ac6393eee7a87a46f65b36cf9d1863821846f32cd08b7f9dd84710f2fa08a1,1,4,20271117,0.8,3.0,soft,wa_mcbr_soft,0000000001000000000010000000000000010000000010100000000000000000001000000000010000000000001100000000,1,1,233.00112649000985,0000000001000000000010000000000000010000000010100000000000000000001000000000010000000000001100000000,0.0,233.00112649000985,,,0.07295941689517349,918,57,0,True,34884,73440,108324,100,9,0.09,233.82568438645254,232.97392726871325,0.8517571177392894,7.766990291262136,7.766990291262136,50.526315789473685,48.0,0.15372168284789645,2.0475,2.0475,3.0,0.6825,0,0,0,0,4334.5083616291595,43.345083616291596,8039.1526348655025,391.07353559601074,39.181651722523824,65.41108986615679,0,0,91
06ac6393eee7a87a46f65b36cf9d1863821846f32cd08b7f9dd84710f2fa08a1,1,4,20271117,0.8,3.0,none,wa_mcbr_none,0010000001000000000010000000000000010000000010101000010100000000001000100000010000000000001100000000,1,0,inf,0010000001000000000010000000000000010000000010101000000000000000000000100000010000000000001100000000,0.03,231.82424989315774,,,0.039323291974142194,712,58,0,True,27056,56960,84016,100,14,0.14,231.04614738157719,231.04614738157719,0.0,12.621359223300969,12.621359223300969,50.526315789473685,48.0,0.24979773462783167,3.2662499999999994,3.2662499999999994,3.0,1.0887499999999999,0,1,0,1,4229.080939653482,42.290809396534826,7542.765483553267,545.3950848277674,54.677396661906855,103.24346184955513,0,0,86
06ac6393eee7a87a46f65b36cf9d1863821846f32cd08b7f9dd84710f2fa08a1,1,4,20271117,0.8,5.0,hard,wa_mcbr_hard,0010000001000000000010000000000000010000000010101000010100000000001000100000010000000000001100000000,1,1,231.1184715721978,0010000001000000000010000000000000010000000010101000010100000000001000100000010000000000001100000000,0.0,231.1184715721978,231.1184715721978,0.0,0.03593424998689443,704,26,0,True,26752,56320,83072,100,14,0.14,231.04614738157719,231.04614738157719,0.0,12.621359223300969,12.621359223300969,50.526315789473685,48.0,0.24979773462783167,3.2662499999999994,3.2662499999999994,5.0,0.6532499999999999,0,0,0,0,4229.080939653482,42.290809396534826,7542.765483553267,545.3950848277674,54.677396661906855,103.24346184955513,0,0,86
06ac6393eee7a87a46f65b36cf9d1863821846f32cd08b7f9dd84710f2fa08a1,1,4,20271117,0.8,5.0,soft,wa_mcbr_soft,0010000001000000000010000000000000010000000010101000010000000000001000100000010000000000001100000000,1,1,231.26446054153428,0010000001000000000010000000000000010000000010101000010000000000001000100000010000000000001100000000,0.0,231.26446054153428,,,0.058705874951556325,833,59,0,True,31654,66640,98294,100,13,0.13,231.86309757218285,231.2038980898904,0.659199482292451,11.650485436893202,11.650485436893202,50.526315789473685,48.0,0.2305825242718446,3.0224999999999995,3.0224999999999995,5.0,0.6044999999999999,0,0,0,0,4245.657544032868,42.45657544032868,7621.884072182795,524.8899438047185,52.62093713807647,94.92113564668769,0,0,87
06ac6393eee7a87a46f65b36cf9d1863821846f32cd08b7f9dd84710f2fa08a1,1,4,20271117,0.8,5.0,none,wa_mcbr_none,0010000001000000000010000000000000010000000010101000010100000000001000100000010000000000001100000000,1,1,231.1184715721978,0010000001000000000010000000000000010000000010101000010100000000001000100000010000000000001100000000,0.0,231.1184715721978,,,0.03476491605397314,712,58,0,True,27056,56960,84016,100,14,0.14,231.04614738157719,231.04614738157719,0.0,12.621359223300969,12.621359223300969,50.526315789473685,48.0,0.24979773462783167,3.2662499999999994,3.2662499999999994,5.0,0.6532499999999999,0,0,0,0,4229.080939653482,42.290809396534826,7542.765483553267,545.3950848277674,54.677396661906855,103.24346184955513,0,0,86
06ac6393eee7a87a46f65b36cf9d1863821846f32cd08b7f9dd84710f2fa08a1,1,4,20271117,0.8,13.0,hard,wa_mcbr_hard,0010000001000000000010000000000000010000000010101000010100000000001000100000010000000000001100000000,1,1,231.1184715721978,0010000001000000000010000000000000010000000010101000010100000000001000100000010000000000001100000000,0.0,231.1184715721978,231.1184715721978,0.0,0.04128504195250571,712,58,0,True,27056,56960,84016,100,14,0.14,231.04614738157719,231.04614738157719,0.0,12.621359223300969,12.621359223300969,50.526315789473685,48.0,0.24979773462783167,3.2662499999999994,3.2662499999999994,13.0,0.25125,0,0,0,0,4229.080939653482,42.290809396534826,7542.765483553267,545.3950848277674,54.677396661906855,103.24346184955513,0,0,86
06ac6393eee7a87a46f65b36cf9d1863821846f32cd08b7f9dd84710f2fa08a1,1,4,20271117,0.8,13.0,soft,wa_mcbr_soft,0010000001000000000010000000000000010000000010101000010100000000001000100000010000000000001100000000,1,1,231.1184715721978,0010000001000000000010000000000000010000000010101000010100000000001000100000010000000000001100000000,0.0,231.1184715721978,,,0.05963208293542266,712,58,0,True,27056,56960,84016,100,14,0.14,231.08820893762058,231.04614738157719,0.04206155604339528,12.621359223300969,12.621359223300969,50.526315789473685,48.0,0.24979773462783167,3.2662499999999994,3.2662499999999994,13.0,0.25125,0,0,0,0,4229.080939653482,42.290809396534826,7542.765483553267,545.3950848277674,54.677396661906855,103.24346184955513,0,0,86
06ac6393eee7a87a46f65b36cf9d1863821846f32cd08b7f9dd84710f2fa08a1,1,4,20271117,0.8,13.0,none,wa_mcbr_none,0010000001000000000010000000000000010000000010101000010100000000001000100000010000000000001100000000,1,1,231.1184715721978,0010000001000000000010000000000000010000000010101000010100000000001000100000010000000000001100000000,0.0,231.1184715721978,,,0.03781524999067187,712,58,0,True,27056,56960,84016,100,14,0.14,231.04614738157719,231.04614738157719,0.0,12.621359223300969,12.621359223300969,50.526315789473685,48.0,0.24979773462783167,3.2662499999999994,3.2662499999999994,13.0,0.25125,0,0,0,0,4229.080939653482,42.290809396534826,7542.765483553267,545.3950848277674,54.677396661906855,103.24346184955513,0,0,86
06ac6393eee7a87a46f65b36cf9d1863821846f32cd08b7f9dd84710f2fa08a1,1,4,20271117,1.0,1.5,hard,wa_mcbr_hard,0010000000000000000010000000000000000000000010000000000000000000000000100000010000000000000100000000,1,0,inf,0000000000000000000010000000000000000000000010000000000000000000000000100000010000000000000100000000,0.01,236.30985352329918,235.0037774622347,0.555768113673992,0.005732874968089163,100,0,0,True,3800,8000,11800,100,6,0.06,235.4930175509045,235.4930175509045,0.0,5.339805825242719,5.339805825242719,63.15789473684211,60.0,0.08454692556634304,1.365,1.365,1.5,0.91,0,0,0,0,4397.748396090722,43.97748396090722,8330.629466164573,381.64386163685293,38.244360762342026,43.08882015024304,0,94,0
06ac6393eee7a87a46f65b36cf9d1863821846f32cd08b7f9dd84710f2fa08a1,1,4,20271117,1.0,1.5,soft,wa_mcbr_soft,0000000001000000000010000000000000000000000000100000000000000000000000100000000000000000000100000000,1,1,236.89566265158504,0000000001000000000010000000000000000000000000100000000000000000000000100000000000000000000100000000,0.0,236.89566265158504,,,0.04109337495174259,513,47,0,True,19494,41040,60534,100,5,0.05,237.68629641499152,236.8903636245108,0.7959327904807306,4.368932038834951,4.368932038834951,63.15789473684211,60.0,0.0691747572815534,1.12125,1.12125,1.5,0.7475,0,0,0,0,4452.258216453493,44.52258216453493,8582.486739417955,173.0644119504465,17.347883591267163,38.57887874837027,0,0,95
06ac6393eee7a87a46f65b36cf9d1863821846f32cd08b7f9dd84710f2fa08a1,1,4,20271117,1.0,1.5,none,wa_mcbr_none,0010000001000000000010000000000000010000000010101000010100000000001010100000010000000000001100000000,1,0,inf,0000000001000000000000000000000000010000000010000000000000000000000000000000010000000000001100000000,0.09,235.0037774622347,,,0.037510375026613474,712,59,0,True,27056,56960,84016,100,15,0.15,230.74763372564001,230.74763372564001,0.0,13.592233009708735,13.592233009708735,63.15789473684211,60.0,0.21521035598705496,3.5099999999999993,3.5099999999999993,1.5,2.3399999999999994,0,1,0,1,4207.775760338727,42.07775760338727,7442.0871156597095,589.827321550836,59.14104398059779,88.55670103092781,0,0,85
06ac6393eee7a87a46f65b36cf9d1863821846f32cd08b7f9dd84710f2fa08a1,1,4,20271117,1.0,2.0,hard,wa_mcbr_hard,0010000000000000000010000000000000000000000010000000000100000000000010100000010000000000000100000000,1,0,inf,0010000000000000000010000000000000000000000010000000000100000000000000100000010000000000000100000000,0.01,234.91109594392583,233.81895065777087,0.4670901494864196,0.0065376670099794865,100,0,0,True,3800,8000,11800,100,8,0.08,234.42068448656548,234.42068448656548,0.0,7.281553398058253,7.281553398058253,63.15789473684211,60.0,0.11529126213592232,1.8525,1.8525,2.0,0.92625,0,0,0,0,4359.251599850581,43.59251599850582,8150.764024923229,453.8711061512014,45.50311540361096,52.578875171467764,0,92,0
06ac6393eee7a87a46f65b36cf9d1863821846f32cd08b7f9dd84710f2fa08a1,1,4,20271117,1.0,2.0,soft,wa_mcbr_soft,0000000000000000000010000000000000010000000000100000000000000000000000001000000000000000001100000000,1,1,236.12398858780534,0000000000000000000010000000000000010000000000100000000000000000000000001000000000000000001100000000,0.0,236.12398858780534,,,0.04247570806182921,513,48,0,True,19494,41040,60534,100,6,0.06,236.80668134941578,236.1165814940762,0.6900998553395905,5.339805825242719,5.339805825242719,63.15789473684211,60.0,0.08454692556634304,1.41375,1.41375,2.0,0.706875,0,0,0,0,4417.483842967718,44.17483842967718,8420.602856487729,337.55167446973604,33.80941462181335,43.08882015024304,0,0,94
06ac6393eee7a87a46f65b36cf9d1863821846f32cd08b7f9dd84710f2fa08a1,1,4,20271117,1.0,2.0,none,wa_mcbr_none,0010000001000000000010000000000000010000000010101000010100000000001010100000010000000000001100000000,1,0,inf,0000000001000000000010000000000000010000000010000000000000000000000000000000010000000000001100000000,0.08,234.0817454978625,,,0.03926541702821851,712,59,0,True,27056,56960,84016,100,15,0.15,230.74763372564001,230.74763372564001,0.0,13.592233009708735,13.592233009708735,63.15789473684211,60.0,0.21521035598705496,3.5099999999999993,3.5099999999999993,2.0,1.7549999999999997,0,1,0,1,4207.775760338727,42.07775760338727,7442.0871156597095,589.827321550836,59.14104398059779,88.55670103092781,0,0,85
06ac6393eee7a87a46f65b36cf9d1863821846f32cd08b7f9dd84710f2fa08a1,1,4,20271117,1.0,3.0,hard,wa_mcbr_hard,0110000000000000000010000000000000000000000010000000000100000000000010100000010001010000000101000000,1,0,inf,0010000000000000000010000000000000000000000010000000000100000000000010100000010000010000000101000000,0.02,233.76727413538666,231.65834039578465,0.9103638297671166,0.00588575005531311,100,0,0,True,3800,8000,11800,100,12,0.12,233.38167549460218,233.38167549460218,0.0,10.922330097087379,10.922330097087379,63.15789473684211,60.0,0.17293689320388347,2.8274999999999997,2.8274999999999997,3.0,0.9424999999999999,0,0,0,0,4305.533657447064,43.05533657447064,7895.428240080554,522.1970592043822,52.3533400460917,72.27439471753485,0,87,1
06ac6393eee7a87a46f65b36cf9d1863821846f32cd08b7f9dd84710f2fa08a1,1,4,20271117,1.0,3.0,soft,wa_mcbr_soft,0000000001000000000010000000000000010000000010100000000000000000001000000000010000000000001100000000,1,1,232.90093900942944,0000000001000000000010000000000000010000000010100000000000000000001000000000010000000000001100000000,0.0,232.90093900942944,,,0.07014679105486721,918,57,0,True,34884,73440,108324,100,9,0.09,233.7324827326387,232.8807256148994,0.8517571177392894,7.766990291262136,7.766990291262136,63.15789473684211,60.0,0.12297734627831715,2.0475,2.0475,3.0,0.6825,0,0,0,0,4334.415159975346,43.34415159975346,8039.1526348655025,391.07353559601074,39.181651722523824,55.055350553505534,0,0,91
06ac6393eee7a87a46f65b36cf9d1863821846f32cd08b7f9dd84710f2fa08a1,1,4,20271117,1.0,3.0,none,wa_mcbr_none,0010000001000000000010000000000000010000000010101000010100000000001010100000010000000000001100000000,1,0,inf,0010000001000000000010000000000000010000000010101000000000000000000000100000010000000000001100000000,0.04,231.65834039578462,,,0.035920374910347164,712,59,0,True,27056,56960,84016,100,15,0.15,230.74763372564001,230.74763372564001,0.0,13.592233009708735,13.592233009708735,63.15789473684211,60.0,0.21521035598705496,3.5099999999999993,3.5099999999999993,3.0,1.1699999999999997,0,1,0,1,4207.775760338727,42.07775760338727,7442.0871156597095,589.827321550836,59.14104398059779,88.55670103092781,0,0,85
06ac6393eee7a87a46f65b36cf9d1863821846f32cd08b7f9dd84710f2fa08a1,1,4,20271117,1.0,5.0,hard,wa_mcbr_hard,0010000001000000000010000000000000010000000010101000010100000000001010100000000001010000001100000000,1,1,230.8420165136985,0010000001000000000010000000000000010000000010101000010100000000001010100000000001010000001100000000,0.0,230.8420165136985,230.7601729747543,0.03546692563501344,0.022397832944989204,425,20,0,True,16150,34000,50150,100,16,0.16,230.76901573755066,230.76901573755066,0.0,14.320388349514563,14.320388349514563,63.15789473684211,60.0,0.2267394822006472,3.75375,3.75375,5.0,0.75075,0,0,0,0,4232.658535572745,42.326585355727445,7557.199103948361,497.8521693467482,49.94399677253043,93.30630394977766,0,0,84
06ac6393eee7a87a46f65b36cf9d1863821846f32cd08b7f9dd84710f2fa08a1,1,4,20271117,1.0,5.0,soft,wa_mcbr_soft,0010000001000000000010000000000000010000000010101000000100000000001000100000010000000000001100000000,1,1,231.0320242460776,0010000001000000000010000000000000010000000010101000000100000000001000100000010000000000001100000000,0.0,231.0320242460776,,,0.045378166949376464,591,57,0,True,22458,47280,69738,100,13,0.13,231.6482494068505,230.98904992455806,0.659199482292451,11.650485436893202,11.650485436893202,63.15789473684211,60.0,0.1844660194174757,3.0224999999999995,3.0224999999999995,5.0,0.6044999999999999,0,0,0,0,4252.323608735735,42.523236087357354,7654.25438165102,502.1915144704902,50.33705007850739,76.54761904761904,0,0,87
06ac6393eee7a87a46f65b36cf9d1863821846f32cd08b7f9dd84710f2fa08a1,1,4,20271117,1.0,5.0,none,wa_mcbr_none,0010000001000000000010000000000000010000000010101000010100000000001010100000010000000000001100000000,1,1,230.80695252860224,0010000001000000000010000000000000010000000010101000010100000000001010100000010000000000001100000000,0.0,230.80695252860224,,,0.03710079099982977,712,59,0,True,27056,56960,84016,100,15,0.15,230.74763372564001,230.74763372564001,0.0,13.592233009708735,13.592233009708735,63.15789473684211,60.0,0.21521035598705496,3.5099999999999993,3.5099999999999993,5.0,0.7019999999999998,0,0,0,0,4207.775760338727,42.07775760338727,7442.0871156597095,589.827321550836,59.14104398059779,88.55670103092781,0,0,85
06ac6393eee7a87a46f65b36cf9d1863821846f32cd08b7f9dd84710f2fa08a1,1,4,20271117,1.0,13.0,hard,wa_mcbr_hard,0010000001000000000010000000000000010000000010101000010100000000001010100000010000000000001100000000,1,1,230.80695252860224,0010000001000000000010000000000000010000000010101000010100000000001010100000010000000000001100000000,0.0,230.80695252860224,230.7601729747543,0.020271935683218754,0.03516279102768749,712,59,0,True,27056,56960,84016,100,15,0.15,230.74763372564001,230.74763372564001,0.0,13.592233009708735,13.592233009708735,63.15789473684211,60.0,0.21521035598705496,3.5099999999999993,3.5099999999999993,13.0,0.26999999999999996,0,0,0,0,4207.775760338727,42.07775760338727,7442.0871156597095,589.827321550836,59.14104398059779,88.55670103092781,0,0,85
06ac6393eee7a87a46f65b36cf9d1863821846f32cd08b7f9dd84710f2fa08a1,1,4,20271117,1.0,13.0,soft,wa_mcbr_soft,0010000001000000000010000000000000010000000010101000010100000000001000100000010000000000001101000000,1,1,230.77439141839366,0010000001000000000010000000000000010000000010101000010100000000001000100000010000000000001101000000,0.0,230.77439141839366,,,0.05711533396970481,762,61,0,True,28956,60960,89916,100,15,0.15,230.76743178269606,230.71507261543144,0.05235916726462651,13.592233009708735,13.592233009708735,63.15789473684211,60.0,0.21521035598705496,3.5099999999999993,3.5099999999999993,13.0,0.26999999999999996,0,0,0,0,4213.095196820648,42.13095196820648,7467.258882011697,571.1230870122699,57.25880077982169,88.55670103092781,0,0,85
06ac6393eee7a87a46f65b36cf9d1863821846f32cd08b7f9dd84710f2fa08a1,1,4,20271117,1.0,13.0,none,wa_mcbr_none,0010000001000000000010000000000000010000000010101000010100000000001010100000010000000000001100000000,1,1,230.80695252860224,0010000001000000000010000000000000010000000010101000010100000000001010100000010000000000001100000000,0.0,230.80695252860224,,,0.03662537503987551,712,59,0,True,27056,56960,84016,100,15,0.15,230.74763372564001,230.74763372564001,0.0,13.592233009708735,13.592233009708735,63.15789473684211,60.0,0.21521035598705496,3.5099999999999993,3.5099999999999993,13.0,0.26999999999999996,0,0,0,0,4207.775760338727,42.07775760338727,7442.0871156597095,589.827321550836,59.14104398059779,88.55670103092781,0,0,85
06ac6393eee7a87a46f65b36cf9d1863821846f32cd08b7f9dd84710f2fa08a1,1,5,20271214,0.2,1.5,hard,wa_mcbr_hard,0010000001000000001000000000000000000000000000000000010000000000000000000000011000000000000000000000,1,0,inf,0010000001000000001000000000000000000000000000000000010000000000000000000000010000000000000000000000,0.01,237.09298336968388,235.43009385953417,0.7063198603411546,0.005625625024549663,100,0,0,True,3800,8000,11800,100,6,0.06,236.72324211333736,236.72324211333736,0.0,5.339805825242719,5.339805825242719,12.631578947368421,12.0,0.4227346278317152,1.4137499999999998,1.4137499999999998,1.5,0.9424999999999999,0,0,0,0,4399.630385749473,43.99630385749473,8334.26420846175,401.9879075565989,44.034743625173434,203.07638402242466,0,94,0
06ac6393eee7a87a46f65b36cf9d1863821846f32cd08b7f9dd84710f2fa08a1,1,5,20271214,0.2,1.5,soft,wa_mcbr_soft,0000000000000000001000000000000000000000000000000000100000000000000000000010010000000000000100000000,1,1,235.43009385953422,0000000000000000001000000000000000000000000000000000100000000000000000000010010000000000000100000000,0.0,235.43009385953422,,,0.038963790982961655,526,16,0,True,19988,42080,62068,100,5,0.05,236.4073852548604,235.3751160719221,1.0322691829383026,4.368932038834951,4.368932038834951,12.631578947368421,12.0,0.34587378640776695,1.17,1.17,1.5,0.7799999999999999,0,0,0,0,4356.341713901866,43.563417139018654,8139.953201648977,556.1535410409655,70.64032979525417,152.18923933209643,0,0,95
06ac6393eee7a87a46f65b36cf9d1863821846f32cd08b7f9dd84710f2fa08a1,1,5,20271214,0.2,1.5,none,wa_mcbr_none,0000000000000000001000000000000000010000000000000000100000000000000010000010010000000000000100000000,1,0,inf,0000000000000000001000000000000000010000000000000000100000000000000000000000010000000000000100000000,0.02,235.46841483532364,,,0.01698866707738489,325,18,0,True,12350,26000,38350,100,7,0.07,234.79034139536557,234.79034139536557,0.0,6.067961165048544,6.067961165048544,12.631578947368421,12.0,0.4803802588996764,1.6575,1.6575,1.5,1.105,0,1,0,1,4309.809538476343,43.098095384763425,7920.503551912517,578.8130092712913,71.93598750237142,251.12105877773456,0,0,93
06ac6393eee7a87a46f65b36cf9d1863821846f32cd08b7f9dd84710f2fa08a1,1,5,20271214,0.2,2.0,hard,wa_mcbr_hard,0000000001000000001000000000000000010000000000000000100000000000000000000000011000000000000100000000,1,1,234.90161850608644,0000000001000000001000000000000000010000000000000000100000000000000000000000011000000000000100000000,0.0,234.90161850608644,234.73311359813113,0.07178574227230426,0.014514499926008284,282,7,0,True,10716,22560,33276,100,7,0.07,234.71237771046265,234.71237771046265,0.0,5.825242718446601,5.825242718446601,12.631578947368421,12.0,0.4611650485436892,1.60875,1.60875,2.0,0.804375,0,0,0,0,4338.378357806201,43.38378357806201,8053.539976097809,448.65857977907984,48.56801397267496,233.9639639639639,0,1,92
06ac6393eee7a87a46f65b36cf9d1863821846f32cd08b7f9dd84710f2fa08a1,1,5,20271214,0.2,2.0,soft,wa_mcbr_soft,0000000000000000001000000000000000010000000000000000100000000000000000000010010000000000000100000000,1,1,234.9790142933423,0000000000000000001000000000000000010000000000000000100000000000000000000010010000000000000100000000,0.0,234.9790142933423,,,0.046530332998372614,626,19,0,True,23788,50080,73868,100,6,0.06,235.56377757540784,234.87367772006826,0.6900998553395905,5.097087378640777,5.097087378640777,12.631578947368421,12.0,0.40351941747572817,1.41375,1.41375,2.0,0.706875,0,0,0,0,4330.954732592125,43.30954732592125,8021.228898319616,569.996971525718,71.48305326920433,189.12512716174976,0,0,94
06ac6393eee7a87a46f65b36cf9d1863821846f32cd08b7f9dd84710f2fa08a1,1,5,20271214,0.2,2.0,none,wa_mcbr_none,0000000000000000001000000000000000010000000000000000100000000000000010000010010000000000000100000000,1,1,234.96979128121873,0000000000000000001000000000000000010000000000000000100000000000000010000010010000000000000100000000,0.0,234.96979128121873,,,0.016901916940696537,325,18,0,True,12350,26000,38350,100,7,0.07,234.79034139536557,234.79034139536557,0.0,6.067961165048544,6.067961165048544,12.631578947368421,12.0,0.4803802588996764,1.6575,1.6575,2.0,0.82875,0,0,0,0,4309.809538476343,43.098095384763425,7920.503551912517,578.8130092712913,71.93598750237142,251.12105877773456,0,0,93
06ac6393eee7a87a46f65b36cf9d1863821846f32cd08b7f9dd84710f2fa08a1,1,5,20271214,0.2,3.0,hard,wa_mcbr_hard,0000000000000000001000000000000000010000000000000000100000000000000010000010010000000000000100000000,1,1,234.96979128121873,0000000000000000001000000000000000010000000000000000100000000000000010000010010000000000000100000000,0.0,234.96979128121873,234.73311359813113,0.10082841720099377,0.01898370892740786,325,17,0,True,12350,26000,38350,100,7,0.07,234.79034139536557,234.79034139536557,0.0,6.067961165048544,6.067961165048544,12.631578947368421,12.0,0.4803802588996764,1.6575,1.6575,3.0,0.5525,0,0,0,0,4309.809538476343,43.098095384763425,7920.503551912517,578.8130092712913,71.93598750237142,251.12105877773456,0,0,93
06ac6393eee7a87a46f65b36cf9d1863821846f32cd08b7f9dd84710f2fa08a1,1,5,20271214,0.2,3.0,soft,wa_mcbr_soft,0010000000000000001000000000000000000000000000000000100000000000000010100000010000000000000100000000,1,1,235.13740012599396,0010000000000000001000000000000000000000000000000000100000000000000010100000010000000000000100000000,0.0,235.13740012599396,,,0.028318499913439155,325,18,0,True,12350,26000,38350,100,7,0.07,235.20380509933872,234.96964923399466,0.23415586534407493,6.310679611650485,6.310679611650485,12.631578947368421,12.0,0.4995954692556634,1.6575,1.6575,3.0,0.5525,0,0,0,0,4340.929123825335,43.40929123825335,8064.3300781846465,434.564750195164,47.15402637803351,269.5957962813258,0,0,93
06ac6393eee7a87a46f65b36cf9d1863821846f32cd08b7f9dd84710f2fa08a1,1,5,20271214,0.2,3.0,none,wa_mcbr_none,0000000000000000001000000000000000010000000000000000100000000000000010000010010000000000000100000000,1,1,234.96979128121873,0000000000000000001000000000000000010000000000000000100000000000000010000010010000000000000100000000,0.0,234.96979128121873,,,0.019499917048960924,325,18,0,True,12350,26000,38350,100,7,0.07,234.79034139536557,234.79034139536557,0.0,6.067961165048544,6.067961165048544,12.631578947368421,12.0,0.4803802588996764,1.6575,1.6575,3.0,0.5525,0,0,0,0,4309.809538476343,43.098095384763425,7920.503551912517,578.8130092712913,71.93598750237142,251.12105877773456,0,0,93
06ac6393eee7a87a46f65b36cf9d1863821846f32cd08b7f9dd84710f2fa08a1,1,5,20271214,0.2,5.0,hard,wa_mcbr_hard,0000000000000000001000000000000000010000000000000000100000000000000010000010010000000000000100000000,1,1,234.96979128121873,0000000000000000001000000000000000010000000000000000100000000000000010000010010000000000000100000000,0.0,234.96979128121873,234.73311359813113,0.10082841720099377,0.01781404099892825,325,18,0,True,12350,26000,38350,100,7,0.07,234.79034139536557,234.79034139536557,0.0,6.067961165048544,6.067961165048544,12.631578947368421,12.0,0.4803802588996764,1.6575,1.6575,5.0,0.3315,0,0,0,0,4309.809538476343,43.098095384763425,7920.503551912517,578.8130092712913,71.93598750237142,251.12105877773456,0,0,93
06ac6393eee7a87a46f65b36cf9d1863821846f32cd08b7f9dd84710f2fa08a1,1,5,20271214,0.2,5.0,soft,wa_mcbr_soft,0010000000000000001000000000000000000000000000000000100000000000000010000010010000000000000100000000,1,1,235.23491064522622,0010000000000000001000000000000000000000000000000000100000000000000010000010010000000000000100000000,0.0,235.23491064522622,,,0.027275083935819566,325,18,0,True,12350,26000,38350,100,7,0.07,235.1071240703809,235.06715975322692,0.039964317153989196,6.310679611650485,6.310679611650485,12.631578947368421,12.0,0.4995954692556634,1.6575,1.6575,5.0,0.3315,0,0,0,0,4312.379511476188,43.123795114761876,7931.3076526345185,584.6201288884145,72.52180493121763,269.5957962813258,0,0,93
06ac6393eee7a87a46f65b36cf9d1863821846f32cd08b7f9dd84710f2fa08a1,1,5,20271214,0.2,5.0,none,wa_mcbr_none,0000000000000000001000000000000000010000000000000000100000000000000010000010010000000000000100000000,1,1,234.96979128121873,0000000000000000001000000000000000010000000000000000100000000000000010000010010000000000000100000000,0.0,234.96979128121873,,,0.018803917104378343,325,18,0,True,12350,26000,38350,100,7,0.07,234.79034139536557,234.79034139536557,0.0,6.067961165048544,6.067961165048544,12.631578947368421,12.0,0.4803802588996764,1.6575,1.6575,5.0,0.3315,0,0,0,0,4309.809538476343,43.098095384763425,7920.503551912517,578.8130092712913,71.93598750237142,251.12105877773456,0,0,93
06ac6393eee7a87a46f65b36cf9d1863821846f32cd08b7f9dd84710f2fa08a1,1,5,20271214,0.2,13.0,hard,wa_mcbr_hard,0000000000000000001000000000000000010000000000000000100000000000000010000010010000000000000100000000,1,1,234.96979128121873,0000000000000000001000000000000000010000000000000000100000000000000010000010010000000000000100000000,0.0,234.96979128121873,234.73311359813113,0.10082841720099377,0.018307041027583182,325,18,0,True,12350,26000,38350,100,7,0.07,234.79034139536557,234.79034139536557,0.0,6.067961165048544,6.067961165048544,12.631578947368421,12.0,0.4803802588996764,1.6575,1.6575,13.0,0.1275,0,0,0,0,4309.809538476343,43.098095384763425,7920.503551912517,578.8130092712913,71.93598750237142,251.12105877773456,0,0,93
06ac6393eee7a87a46f65b36cf9d1863821846f32cd08b7f9dd84710f2fa08a1,1,5,20271214,0.2,13.0,soft,wa_mcbr_soft,0000000000000000001000000000000000010000000000000000100000000000000010000010010000000000000100000000,1,1,234.96979128121873,0000000000000000001000000000000000010000000000000000100000000000000010000010010000000000000100000000,0.0,234.96979128121873,,,0.02641395793762058,325,18,0,True,12350,26000,38350,100,7,0.07,234.7981559422725,234.79034139536557,0.007814546906921571,6.067961165048544,6.067961165048544,12.631578947368421,12.0,0.4803802588996764,1.6575,1.6575,13.0,0.1275,0,0,0,0,4309.809538476343,43.098095384763425,7920.503551912517,578.8130092712913,71.93598750237142,251.12105877773456,0,0,93
06ac6393eee7a87a46f65b36cf9d1863821846f32cd08b7f9dd84710f2fa08a1,1,5,20271214,0.2,13.0,none,wa_mcbr_none,0000000000000000001000000000000000010000000000000000100000000000000010000010010000000000000100000000,1,1,234.96979128121873,0000000000000000001000000000000000010000000000000000100000000000000010000010010000000000000100000000,0.0,234.96979128121873,,,0.018463416025042534,325,18,0,True,12350,26000,38350,100,7,0.07,234.79034139536557,234.79034139536557,0.0,6.067961165048544,6.067961165048544,12.631578947368421,12.0,0.4803802588996764,1.6575,1.6575,13.0,0.1275,0,0,0,0,4309.809538476343,43.098095384763425,7920.503551912517,578.8130092712913,71.93598750237142,251.12105877773456,0,0,93
06ac6393eee7a87a46f65b36cf9d1863821846f32cd08b7f9dd84710f2fa08a1,1,5,20271214,0.4,1.5,hard,wa_mcbr_hard,0010000001000000001000000000000000000000000000000000010000000000000000000000011000000000000000000000,1,0,inf,0010000001000000001000000000000000000000000000000000010000000000000000000000010000000000000000000000,0.01,236.65533243686312,234.99133949561067,0.7081081987208837,0.005591708002611995,100,0,0,True,3800,8000,11800,100,6,0.06,236.0268099697568,236.0268099697568,0.0,5.339805825242719,5.339805825242719,25.263157894736842,24.0,0.2113673139158576,1.4137499999999998,1.4137499999999998,1.5,0.9424999999999999,0,0,0,0,4398.933953605892,43.98933953605892,8334.26420846175,401.9879075565989,44.034743625173434,87.00436009233137,0,94,0
06ac6393eee7a87a46f65b36cf9d1863821846f32cd08b7f9dd84710f2fa08a1,1,5,20271214,0.4,1.5,soft,wa_mcbr_soft,0000000001000000001000000000000000000000000000000000000000000000000000000010010000000000000100000000,1,1,236.13163795582537,0000000001000000001000000000000000000000000000000000000000000000000000000010010000000000000100000000,0.0,236.13163795582537,,,0.04045500000938773,492,33,0,True,18696,39360,58056,100,5,0.05,236.90796482364397,236.11203203316325,0.7959327904807306,4.126213592233009,4.126213592233009,25.263157894736842,24.0,0.16332928802588995,1.12125,1.12125,1.5,0.7475,0,0,0,0,4381.540411427909,43.81540411427909,8255.154852484653,559.2789494281944,70.97049693073603,68.80333615375316,0,0,95
06ac6393eee7a87a46f65b36cf9d1863821846f32cd08b7f9dd84710f2fa08a1,1,5,20271214,0.4,1.5,none,wa_mcbr_none,1010000001000000001000000000000000010000000000000000110000000000000010100000010000000000001100000000,1,0,inf,0000000001000000001000000000000000000000000000000000100000000000000000000000010000000000000100000000,0.07,235.1890507073086,,,0.033541208948008716,625,40,0,True,23750,50000,73750,100,12,0.12,231.9327149018144,231.9327149018144,0.0,10.679611650485436,10.679611650485436,25.263157894736842,24.0,0.42273462783171517,2.8274999999999997,2.8274999999999997,1.5,1.8849999999999998,0,1,0,1,4229.74270479308,42.297427047930796,7546.290358618006,542.1490154008351,57.52988483381986,203.07638402242463,0,0,88
06ac6393eee7a87a46f65b36cf9d1863821846f32cd08b7f9dd84710f2fa08a1,1,5,20271214,0.4,2.0,hard,wa_mcbr_hard,0010000001000000001000000000000000000000000100100000010000000000000000000000011000000000000000000000,1,0,inf,0010000001000000001000000000000000000000000000100000010000000000000000000000011000000000000000000000,0.01,235.60751847011863,233.61528573946418,0.8527835515336342,0.005916708032600582,100,0,0,True,3800,8000,11800,100,8,0.08,235.21495381641594,235.21495381641594,0.0,7.281553398058253,7.281553398058253,25.263157894736842,24.0,0.28822815533980584,1.90125,1.90125,2.0,0.950625,0,0,0,0,4365.257887313833,43.652578873138324,8175.977546447928,435.99976759645716,47.19330599090527,121.23614663256609,0,92,0
06ac6393eee7a87a46f65b36cf9d1863821846f32cd08b7f9dd84710f2fa08a1,1,5,20271214,0.4,2.0,soft,wa_mcbr_soft,1010000001000000000000000000000000000000000000000000100000000000000000100010000000000000000000000000,1,1,235.84610904505172,1010000001000000000000000000000000000000000000000000100000000000000000100010000000000000000000000000,0.0,235.84610904505172,,,0.04780841700267047,567,34,0,True,21546,45360,66906,100,6,0.06,236.51469410071675,235.82459424537717,0.69009985533959,5.58252427184466,5.58252427184466,25.263157894736842,24.0,0.2209749190938511,1.4137499999999998,1.4137499999999998,2.0,0.7068749999999999,0,0,0,0,4392.409595628188,43.92409595628188,8305.490744261806,377.35200839363523,48.45737696786917,90.91392963780345,0,0,94
06ac6393eee7a87a46f65b36cf9d1863821846f32cd08b7f9dd84710f2fa08a1,1,5,20271214,0.4,2.0,none,wa_mcbr_none,1010000001000000001000000000000000010000000000000000110000000000000010100000010000000000001100000000,1,0,inf,0000000001000000001000000000000000010000000000000000100000000000000010000000010000000000000100000000,0.05,233.6152857394642,,,0.0334249580046162,625,40,0,True,23750,50000,73750,100,12,0.12,231.9327149018144,231.9327149018144,0.0,10.679611650485436,10.679611650485436,25.263157894736842,24.0,0.42273462783171517,2.8274999999999997,2.8274999999999997,2.0,1.4137499999999998,0,1,0,1,4229.74270479308,42.297427047930796,7546.290358618006,542.1490154008351,57.52988483381986,203.07638402242463,0,0,88
06ac6393eee7a87a46f65b36cf9d1863821846f32cd08b7f9dd84710f2fa08a1,1,5,20271214,0.4,3.0,hard,wa_mcbr_hard,1010000001000000001000000000000000010000000000000000110000000000000010100000010000000000001100000000,1,0,inf,0010000001000000001000000000000000010000000000000000100000000000000010100000010000000000001100000000,0.02,232.2601312139808,232.2601312139808,0.0,0.023267832933925092,452,14,0,True,17176,36160,53336,100,12,0.12,231.9327149018144,231.9327149018144,0.0,10.679611650485436,10.679611650485436,25.263157894736842,24.0,0.42273462783171517,2.8274999999999997,2.8274999999999997,3.0,0.9424999999999999,0,0,0,0,4229.74270479308,42.297427047930796,7546.290358618006,542.1490154008351,57.52988483381986,203.07638402242463,0,87,1
06ac6393eee7a87a46f65b36cf9d1863821846f32cd08b7f9dd84710f2fa08a1,1,5,20271214,0.4,3.0,soft,wa_mcbr_soft,0000000001000000001000000000000000010000000000000000100100000000000000100000010000000000000100000000,1,1,233.37813985650726,0000000001000000001000000000000000010000000000000000100100000000000000100000010000000000000100000000,0.0,233.37813985650726,,,0.040720291901379824,493,40,0,True,18734,39440,58174,100,8,0.08,233.76708549678105,233.31696362266916,0.45012187411188964,6.7961165048543695,6.7961165048543695,25.263157894736842,24.0,0.2690129449838188,1.8525,1.8525,3.0,0.6175,0,0,0,0,4318.257583130344,43.18257583130344,7963.604920644053,470.19457087240556,50.615080506481945,112.0033204205866,0,0,92
06ac6393eee7a87a46f65b36cf9d1863821846f32cd08b7f9dd84710f2fa08a1,1,5,20271214,0.4,3.0,none,wa_mcbr_none,1010000001000000001000000000000000010000000000000000110000000000000010100000010000000000001100000000,1,0,inf,0010000001000000001000000000000000010000000000000000100000000000000010100000010000000000001100000000,0.02,232.2601312139808,,,0.0359744579764083,625,40,0,True,23750,50000,73750,100,12,0.12,231.9327149018144,231.9327149018144,0.0,10.679611650485436,10.679611650485436,25.263157894736842,24.0,0.42273462783171517,2.8274999999999997,2.8274999999999997,3.0,0.9424999999999999,0,0,0,0,4229.74270479308,42.297427047930796,7546.290358618006,542.1490154008351,57.52988483381986,203.07638402242463,0,0,88
06ac6393eee7a87a46f65b36cf9d1863821846f32cd08b7f9dd84710f2fa08a1,1,5,20271214,0.4,5.0,hard,wa_mcbr_hard,1010000001000000001000000000000000010000000000000000110000000000000010100000010000000000001100000000,1,1,232.12501985043153,1010000001000000001000000000000000010000000000000000110000000000000010100000010000000000001100000000,0.0,232.12501985043153,232.10331842836936,0.009349897368598958,0.03873050003312528,625,30,0,True,23750,50000,73750,100,12,0.12,231.9327149018144,231.9327149018144,0.0,10.679611650485436,10.679611650485436,25.263157894736842,24.0,0.42273462783171517,2.8274999999999997,2.8274999999999997,5.0,0.5654999999999999,0,0,0,0,4229.74270479308,42.297427047930796,7546.290358618006,542.1490154008351,57.52988483381986,203.07638402242463,0,0,88
06ac6393eee7a87a46f65b36cf9d1863821846f32cd08b7f9dd84710f2fa08a1,1,5,20271214,0.4,5.0,soft,wa_mcbr_soft,0010000001000000001000000000000000010000000000000000110000000000000010100000010000000000001100000000,1,1,232.1033184283694,0010000001000000001000000000000000010000000000000000110000000000000010100000010000000000001100000000,0.0,232.1033184283694,,,0.0427754579577595,520,37,0,True,19760,41600,61360,100,11,0.11,232.23408456173811,231.95765055783602,0.2764340039020944,9.70873786407767,9.70873786407767,25.263157894736842,24.0,0.38430420711974106,2.5837499999999998,2.5837499999999998,5.0,0.5167499999999999,0,0,0,0,4244.669685868384,42.446696858683836,7618.230467934425,539.3813099795802,57.315266765799606,176.04467805519053,0,0,89
06ac6393eee7a87a46f65b36cf9d1863821846f32cd08b7f9dd84710f2fa08a1,1,5,20271214,0.4,5.0,none,wa_mcbr_none,1010000001000000001000000000000000010000000000000000110000000000000010100000010000000000001100000000,1,1,232.12501985043153,1010000001000000001000000000000000010000000000000000110000000000000010100000010000000000001100000000,0.0,232.12501985043153,,,0.033831584034487605,625,40,0,True,23750,50000,73750,100,12,0.12,231.9327149018144,231.9327149018144,0.0,10.679611650485436,10.679611650485436,25.263157894736842,24.0,0.42273462783171517,2.8274999999999997,2.8274999999999997,5.0,0.5654999999999999,0,0,0,0,4229.74270479308,42.297427047930796,7546.290358618006,542.1490154008351,57.52988483381986,203.07638402242463,0,0,88
06ac6393eee7a87a46f65b36cf9d1863821846f32cd08b7f9dd84710f2fa08a1,1,5,20271214,0.4,13.0,hard,wa_mcbr_hard,1010000001000000001000000000000000010000000000000000110000000000000010100000010000000000001100000000,1,1,232.12501985043153,1010000001000000001000000000000000010000000000000000110000000000000010100000010000000000001100000000,0.0,232.12501985043153,232.10331842836936,0.009349897368598958,0.033013332984410226,625,40,0,True,23750,50000,73750,100,12,0.12,231.9327149018144,231.9327149018144,0.0,10.679611650485436,10.679611650485436,25.263157894736842,24.0,0.42273462783171517,2.8274999999999997,2.8274999999999997,13.0,0.21749999999999997,0,0,0,0,4229.74270479308,42.297427047930796,7546.290358618006,542.1490154008351,57.52988483381986,203.07638402242463,0,0,88
06ac6393eee7a87a46f65b36cf9d1863821846f32cd08b7f9dd84710f2fa08a1,1,5,20271214,0.4,13.0,soft,wa_mcbr_soft,1010000001000000001000000000000000010000000000000000110000000000000010100000010000000000001100000000,1,1,232.12501985043153,1010000001000000001000000000000000010000000000000000110000000000000010100000010000000000001100000000,0.0,232.12501985043153,,,0.04534016689285636,567,38,0,True,21546,45360,66906,100,12,0.12,231.9602368412859,231.9327149018144,0.027521939471509983,10.679611650485436,10.679611650485436,25.263157894736842,24.0,0.42273462783171517,2.8274999999999997,2.8274999999999997,13.0,0.21749999999999997,0,0,0,0,4229.74270479308,42.297427047930796,7546.290358618006,542.1490154008351,57.52988483381986,203.07638402242463,0,0,88
06ac6393eee7a87a46f65b36cf9d1863821846f32cd08b7f9dd84710f2fa08a1,1,5,20271214,0.4,13.0,none,wa_mcbr_none,1010000001000000001000000000000000010000000000000000110000000000000010100000010000000000001100000000,1,1,232.12501985043153,1010000001000000001000000000000000010000000000000000110000000000000010100000010000000000001100000000,0.0,232.12501985043153,,,0.03185516700614244,625,40,0,True,23750,50000,73750,100,12,0.12,231.9327149018144,231.9327149018144,0.0,10.679611650485436,10.679611650485436,25.263157894736842,24.0,0.42273462783171517,2.8274999999999997,2.8274999999999997,13.0,0.21749999999999997,0,0,0,0,4229.74270479308,42.297427047930796,7546.290358618006,542.1490154008351,57.52988483381986,203.07638402242463,0,0,88
06ac6393eee7a87a46f65b36cf9d1863821846f32cd08b7f9dd84710f2fa08a1,1,5,20271214,0.6,1.5,hard,wa_mcbr_hard,0010000001000000001000000000000000000000000000000000010000000000000000000000011000000000000000000000,1,0,inf,0010000001000000001000000000000000000000000000000000010000000000000000000000010000000000000000000000,0.01,236.5497593537957,234.84113770629722,0.727564882450607,0.006117957993410528,100,0,0,True,3800,8000,11800,100,6,0.06,235.87082053813077,235.87082053813077,0.0,5.339805825242719,5.339805825242719,37.89473684210527,36.0,0.14091154261057173,1.4137499999999998,1.4137499999999998,1.5,0.9424999999999999,0,0,0,0,4398.777964174266,43.98777964174266,8334.26420846175,401.9879075565989,44.034743625173434,61.00612148799246,0,94,0
06ac6393eee7a87a46f65b36cf9d1863821846f32cd08b7f9dd84710f2fa08a1,1,5,20271214,0.6,1.5,soft,wa_mcbr_soft,0000000000000000000000000010000000000000000000000000100100000000000000000000010000000000000000000000,1,1,236.7454294347558,0000000000000000000000000010000000000000000000000000100100000000000000000000010000000000000000000000,0.0,236.7454294347558,,,0.043787957984022796,540,42,0,True,20520,43200,63720,100,4,0.04,237.18982998559005,236.73962431224345,0.4502056733466058,4.126213592233009,4.126213592233009,37.89473684210527,36.0,0.10888619201725995,1.05625,1.05625,1.5,0.7041666666666666,0,0,0,0,4422.658612648126,44.22658612648126,8445.765844485884,414.1053826566047,41.46112147150351,50.54777937504728,0,0,96
06ac6393eee7a87a46f65b36cf9d1863821846f32cd08b7f9dd84710f2fa08a1,1,5,20271214,0.6,1.5,none,wa_mcbr_none,1010000001000000001000000000000000010000000000000000110000000000100010100000011000000000001100000000,1,0,inf,0000000001000000001000000000000000000000000000000000100000000000000000000000010000000000000100000000,0.09,235.08963300645473,,,0.02728079108055681,518,48,0,True,19684,41440,61124,100,14,0.14,230.668640547984,230.668640547984,0.0,12.621359223300969,12.621359223300969,37.89473684210527,36.0,0.3330636461704422,3.3149999999999995,3.3149999999999995,1.5,2.2099999999999995,0,1,0,1,4195.616606199129,41.95616606199129,7388.043946449112,570.6235090533952,60.281889222311534,144.84836231298013,0,0,86
06ac6393eee7a87a46f65b36cf9d1863821846f32cd08b7f9dd84710f2fa08a1,1,5,20271214,0.6,2.0,hard,wa_mcbr_hard,0010000001000000001000000000000000000000000100100000010000000000000000000000011000000000000000000000,1,0,inf,0010000001000000001000000000000000000000000000100000010000000000000000000000011000000000000000000000,0.01,235.35772378666468,233.3884531849489,0.8437737920801194,0.005346707999706268,100,0,0,True,3800,8000,11800,100,8,0.08,234.88077821371095,234.88077821371095,0.0,7.281553398058253,7.281553398058253,37.89473684210527,36.0,0.19215210355987053,1.90125,1.90125,2.0,0.950625,0,0,0,0,4364.923711711127,43.64923711711127,8175.977546447928,435.99976759645716,47.19330599090527,79.46419629444165,0,92,0
06ac6393eee7a87a46f65b36cf9d1863821846f32cd08b7f9dd84710f2fa08a1,1,5,20271214,0.6,2.0,soft,wa_mcbr_soft,0010000000000000000000000000000000000000000000000000100000000000000010100010000000000000000100000000,1,1,235.24822865296255,0010000000000000000000000000000000000000000000000000100000000000000010100010000000000000000100000000,0.0,235.24822865296255,,,0.04042604204732925,532,44,0,True,20216,42560,62776,100,6,0.06,235.92640839367147,235.23630853833188,0.6900998553395905,5.58252427184466,5.58252427184466,37.89473684210527,36.0,0.14731661272923408,1.41375,1.41375,2.0,0.706875,0,0,0,0,4376.531492973337,43.765314929733364,8233.519752729075,425.39010086431506,53.29212151220415,63.19206135842492,0,0,94
06ac6393eee7a87a46f65b36cf9d1863821846f32cd08b7f9dd84710f2fa08a1,1,5,20271214,0.6,2.0,none,wa_mcbr_none,1010000001000000001000000000000000010000000000000000110000000000100010100000011000000000001100000000,1,0,inf,0000000001000000001000000000000000010000000000000000100000000000000010000000010000000000000100000000,0.07,233.38845318494893,,,0.027173332986421883,518,48,0,True,19684,41440,61124,100,14,0.14,230.668640547984,230.668640547984,0.0,12.621359223300969,12.621359223300969,37.89473684210527,36.0,0.3330636461704422,3.3149999999999995,3.3149999999999995,2.0,1.6574999999999998,0,1,0,1,4195.616606199129,41.95616606199129,7388.043946449112,570.6235090533952,60.281889222311534,144.84836231298013,0,0,86
06ac6393eee7a87a46f65b36cf9d1863821846f32cd08b7f9dd84710f2fa08a1,1,5,20271214,0.6,3.0,hard,wa_mcbr_hard,0010010001100000001000000000000000000000000100100000010100000000010000000000011000000000000000000000,1,0,inf,0010010001000000001000000000000000000000000100100000010100000000000000000000011000000000000000000000,0.02,234.30551870945806,231.62982396443778,1.1551598577526359,0.005943333962932229,100,0,0,True,3800,8000,11800,100,12,0.12,234.1503096659084,234.1503096659084,0.0,11.16504854368932,11.16504854368932,37.89473684210527,36.0,0.29463322545846815,2.8762499999999998,2.8762499999999998,3.0,0.9587499999999999,0,0,0,0,4311.463097433816,43.11463097433816,7920.636663763964,497.4992461016134,53.05531366355637,124.42554004970368,0,88,0
06ac6393eee7a87a46f65b36cf9d1863821846f32cd08b7f9dd84710f2fa08a1,1,5,20271214,0.6,3.0,soft,wa_mcbr_soft,0010000001000000001000000000000000010000000000000000100000000000000010100000010000000000000100000000,1,1,232.1570973958024,0010000001000000001000000000000000010000000000000000100000000000000010100000010000000000000100000000,0.0,232.1570973958024,,,0.040470833075232804,492,45,0,True,18696,39360,58056,100,9,0.09,233.08583462510586,232.11582944372557,0.9700051813802744,7.766990291262136,7.766990291262136,37.89473684210527,36.0,0.20496224379719524,2.09625,2.09625,3.0,0.69875,0,0,0,0,4289.922535433603,42.89922535433603,7834.067795806865,484.7201288354461,51.97731187391844,84.4504748982361,0,0,91
06ac6393eee7a87a46f65b36cf9d1863821846f32cd08b7f9dd84710f2fa08a1,1,5,20271214,0.6,3.0,none,wa_mcbr_none,1010000001000000001000000000000000010000000000000000110000000000100010100000011000000000001100000000,1,0,inf,0010000001000000001000000000000000010000000000000000100000000000000010100000010000000000001100000000,0.04,231.62982396443778,,,0.02695049997419119,518,48,0,True,19684,41440,61124,100,14,0.14,230.668640547984,230.668640547984,0.0,12.621359223300969,12.621359223300969,37.89473684210527,36.0,0.3330636461704422,3.3149999999999995,3.3149999999999995,3.0,1.1049999999999998,0,1,0,1,4195.616606199129,41.95616606199129,7388.043946449112,570.6235090533952,60.281889222311534,144.84836231298013,0,0,86
06ac6393eee7a87a46f65b36cf9d1863821846f32cd08b7f9dd84710f2fa08a1,1,5,20271214,0.6,5.0,hard,wa_mcbr_hard,1010000001000000001000000000000000010000000100000000110000000000100010100000010000000000001100000000,1,1,230.81608449555284,1010000001000000001000000000000000010000000100000000110000000000100010100000010000000000001100000000,0.0,230.81608449555284,230.79160746537207,0.010605684690873654,0.02825020789168775,571,35,0,True,21698,45680,67378,100,14,0.14,230.69311757816476,230.69311757816476,0.0,12.621359223300969,12.621359223300969,37.89473684210527,36.0,0.3330636461704422,3.3149999999999995,3.3149999999999995,5.0,0.6629999999999999,0,0,0,0,4199.463645501341,41.994636455013406,7406.028582369371,559.6977449256387,59.184454955129546,144.84836231298013,0,0,86
06ac6393eee7a87a46f65b36cf9d1863821846f32cd08b7f9dd84710f2fa08a1,1,5,20271214,0.6,5.0,soft,wa_mcbr_soft,0010000001000000001000000000000000010000000000000000110000000000100010100000010000000000001100000000,1,1,231.0473508771602,0010000001000000001000000000000000010000000000000000110000000000100010100000010000000000001100000000,0.0,231.0473508771602,,,0.03778683394193649,518,46,0,True,19684,41440,61124,100,12,0.12,231.41132428789484,230.96591950839723,0.4454047794976067,10.679611650485436,10.679611650485436,37.89473684210527,36.0,0.2818230852211434,2.8274999999999997,2.8274999999999997,5.0,0.5654999999999999,0,0,0,0,4229.540322434658,42.295403224346586,7549.89209395387,543.5898937130831,57.67449615584499,118.1036425084491,0,0,88
06ac6393eee7a87a46f65b36cf9d1863821846f32cd08b7f9dd84710f2fa08a1,1,5,20271214,0.6,5.0,none,wa_mcbr_none,1010000001000000001000000000000000010000000000000000110000000000100010100000011000000000001100000000,1,1,230.7916074653721,1010000001000000001000000000000000010000000000000000110000000000100010100000011000000000001100000000,0.0,230.7916074653721,,,0.025486791040748358,518,48,0,True,19684,41440,61124,100,14,0.14,230.668640547984,230.668640547984,0.0,12.621359223300969,12.621359223300969,37.89473684210527,36.0,0.3330636461704422,3.3149999999999995,3.3149999999999995,5.0,0.6629999999999999,0,0,0,0,4195.616606199129,41.95616606199129,7388.043946449112,570.6235090533952,60.281889222311534,144.84836231298013,0,0,86
06ac6393eee7a87a46f65b36cf9d1863821846f32cd08b7f9dd84710f2fa08a1,1,5,20271214,0.6,13.0,hard,wa_mcbr_hard,1010000001000000001000000000000000010000000000000000110000000000100010100000011000000000001100000000,1,1,230.7916074653721,1010000001000000001000000000000000010000000000000000110000000000100010100000011000000000001100000000,0.0,230.7916074653721,230.79160746537207,1.2314879965758025e-14,0.026010582922026515,518,48,0,True,19684,41440,61124,100,14,0.14,230.668640547984,230.668640547984,0.0,12.621359223300969,12.621359223300969,37.89473684210527,36.0,0.3330636461704422,3.3149999999999995,3.3149999999999995,13.0,0.25499999999999995,0,0,0,0,4195.616606199129,41.95616606199129,7388.043946449112,570.6235090533952,60.281889222311534,144.84836231298013,0,0,86
06ac6393eee7a87a46f65b36cf9d1863821846f32cd08b7f9dd84710f2fa08a1,1,5,20271214,0.6,13.0,soft,wa_mcbr_soft,1010000001000000001000000000000000010000000000000000110000000000100010100000011000000000001100000000,1,1,230.7916074653721,1010000001000000001000000000000000010000000000000000110000000000100010100000011000000000001100000000,0.0,230.7916074653721,,,0.04490375006571412,614,52,0,True,23332,49120,72452,100,14,0.14,230.71198306911407,230.668640547984,0.043342521130056585,12.621359223300969,12.621359223300969,37.89473684210527,36.0,0.3330636461704422,3.3149999999999995,3.3149999999999995,13.0,0.25499999999999995,0,0,0,0,4195.616606199129,41.95616606199129,7388.043946449112,570.6235090533952,60.281889222311534,144.84836231298013,0,0,86
06ac6393eee7a87a46f65b36cf9d1863821846f32cd08b7f9dd84710f2fa08a1,1,5,20271214,0.6,13.0,none,wa_mcbr_none,1010000001000000001000000000000000010000000000000000110000000000100010100000011000000000001100000000,1,1,230.7916074653721,1010000001000000001000000000000000010000000000000000110000000000100010100000011000000000001100000000,0.0,230.7916074653721,,,0.026067833066917956,518,48,0,True,19684,41440,61124,100,14,0.14,230.668640547984,230.668640547984,0.0,12.621359223300969,12.621359223300969,37.89473684210527,36.0,0.3330636461704422,3.3149999999999995,3.3149999999999995,13.0,0.25499999999999995,0,0,0,0,4195.616606199129,41.95616606199129,7388.043946449112,570.6235090533952,60.281889222311534,144.84836231298013,0,0,86
06ac6393eee7a87a46f65b36cf9d1863821846f32cd08b7f9dd84710f2fa08a1,1,5,20271214,0.8,1.5,hard,wa_mcbr_hard,0010000001000000001000000000000000000000000000000000010000000000000000000000011000000000000000000000,1,0,inf,0010000001000000001000000000000000000000000000000000010000000000000000000000010000000000000000000000,0.01,236.50225993549148,234.77465265975022,0.735857664432377,0.005318792071193457,100,0,0,True,3800,8000,11800,100,6,0.06,235.80204265800978,235.80204265800978,0.0,5.339805825242719,5.339805825242719,50.526315789473685,48.0,0.1056836569579288,1.4137499999999998,1.4137499999999998,1.5,0.9424999999999999,0,0,0,0,4398.709186294146,43.98709186294146,8334.26420846175,401.9879075565989,44.034743625173434,49.54314146782767,0,94,0
06ac6393eee7a87a46f65b36cf9d1863821846f32cd08b7f9dd84710f2fa08a1,1,5,20271214,0.8,1.5,soft,wa_mcbr_soft,0000000001000000001000000000000000010000000000000000100000000000000000000000001000000000000000000000,1,1,236.02430231012923,0000000001000000001000000000000000010000000000000000100000000000000000000000001000000000000000000000,0.0,236.02430231012923,,,0.042178875068202615,571,50,0,True,21698,45680,67378,100,5,0.05,237.04849222861736,236.01622304567906,1.0322691829383026,4.126213592233009,4.126213592233009,50.526315789473685,48.0,0.08166464401294497,1.17,1.17,1.5,0.7799999999999999,0,0,0,0,4422.2367648802465,44.22236764880247,8445.742452268458,245.1212707467852,28.490453691966444,42.23170530257144,0,0,95
06ac6393eee7a87a46f65b36cf9d1863821846f32cd08b7f9dd84710f2fa08a1,1,5,20271214,0.8,1.5,none,wa_mcbr_none,1010010001000000001000000000000000010000000100000000110000000000100010100000011000000000001100000000,1,0,inf,0000000001000000001000000000000000000000000000000000100000000000000000000000010000000000000100000000,0.11,235.04466589484076,,,0.026923832949250937,539,67,0,True,20482,43120,63602,100,16,0.16,229.95946882361622,229.95946882361622,0.0,14.563106796116505,14.563106796116505,50.526315789473685,48.0,0.28822815533980584,3.8025,3.8025,1.5,2.535,0,1,0,1,4166.632700247939,41.66632700247939,7251.399534794206,593.3076188636531,62.470924637879705,121.23614663256609,0,0,84
06ac6393eee7a87a46f65b36cf9d1863821846f32cd08b7f9dd84710f2fa08a1,1,5,20271214,0.8,2.0,hard,wa_mcbr_hard,0010000001000000001000000000000000000000000100100000010000000000000000000000011000000000000000000000,1,0,inf,0010000001000000001000000000000000000000000000100000010000000000000000000000011000000000000000000000,0.01,235.25159247255877,233.290900642506,0.8404493379951141,0.005626416997984052,100,0,0,True,3800,8000,11800,100,8,0.08,234.74182465753478,234.74182465753478,0.0,7.281553398058253,7.281553398058253,50.526315789473685,48.0,0.14411407766990292,1.90125,1.90125,2.0,0.950625,0,0,0,0,4364.784758154951,43.64784758154951,8175.977546447928,435.99976759645716,47.19330599090527,62.09500177242112,0,92,0
06ac6393eee7a87a46f65b36cf9d1863821846f32cd08b7f9dd84710f2fa08a1,1,5,20271214,0.8,2.0,soft,wa_mcbr_soft,0000000000000000001000000000000000000000000000000000110100000000000010100000000000000000000000000000,1,1,235.4423838482466,0000000000000000001000000000000000000000000000000000110100000000000010100000000000000000000000000000,0.0,235.4423838482466,,,0.03950499999336898,532,51,0,True,20216,42560,62776,100,6,0.06,236.27287029400546,235.43418435803628,0.8386859359691778,5.58252427184466,5.58252427184466,50.526315789473685,48.0,0.11048745954692556,1.4625,1.4625,2.0,0.73125,0,0,0,0,4406.7508753560805,44.06750875356081,8373.787339871562,274.09308158357277,31.223311927237816,51.05281109658348,0,0,94
06ac6393eee7a87a46f65b36cf9d1863821846f32cd08b7f9dd84710f2fa08a1,1,5,20271214,0.8,2.0,none,wa_mcbr_none,1010010001000000001000000000000000010000000100000000110000000000100010100000011000000000001100000000,1,0,inf,0000000001000000001000000000000000010000000000000000100000000000000010000000010000000000000100000000,0.09,233.29090064250602,,,0.028628874919377267,539,67,0,True,20482,43120,63602,100,16,0.16,229.95946882361622,229.95946882361622,0.0,14.563106796116505,14.563106796116505,50.526315789473685,48.0,0.28822815533980584,3.8025,3.8025,2.0,1.90125,0,1,0,1,4166.632700247939,41.66632700247939,7251.399534794206,593.3076188636531,62.470924637879705,121.23614663256609,0,0,84
06ac6393eee7a87a46f65b36cf9d1863821846f32cd08b7f9dd84710f2fa08a1,1,5,20271214,0.8,3.0,hard,wa_mcbr_hard,0010010001100000001000000000000000000000000100100000010100000000010000000000011000000000000000000000,1,0,inf,0010010001000000001000000000000000000000000100100000010100000000000000000000011000000000000000000000,0.02,234.04372417683018,231.38482934833928,1.1491223672611899,0.005616792012006044,100,0,0,True,3800,8000,11800,100,12,0.12,233.74817034096557,233.74817034096557,0.0,11.16504854368932,11.16504854368932,50.526315789473685,48.0,0.2209749190938511,2.8762499999999998,2.8762499999999998,3.0,0.9587499999999999,0,0,0,0,4311.060958108874,43.11060958108874,7920.636663763964,497.4992461016134,53.05531366355637,90.91392963780345,0,88,0
06ac6393eee7a87a46f65b36cf9d1863821846f32cd08b7f9dd84710f2fa08a1,1,5,20271214,0.8,3.0,soft,wa_mcbr_soft,0010000000000000000000000000000000010000000000000000110000000000000010100000010000000000001100000000,1,1,232.27513097456193,0010000000000000000000000000000000010000000000000000110000000000000010100000010000000000001100000000,0.0,232.27513097456193,,,0.04665670800022781,633,54,0,True,24054,50640,74694,100,9,0.09,233.3575064555717,232.2528370230439,1.1046694325278041,8.25242718446602,8.25242718446602,50.526315789473685,48.0,0.16332928802588997,2.145,2.145,3.0,0.715,0,0,0,0,4303.207166569841,43.03207166569841,7895.219927745086,465.3262827174838,46.65863834292055,68.80333615375316,0,0,91
06ac6393eee7a87a46f65b36cf9d1863821846f32cd08b7f9dd84710f2fa08a1,1,5,20271214,0.8,3.0,none,wa_mcbr_none,1010010001000000001000000000000000010000000100000000110000000000100010100000011000000000001100000000,1,0,inf,0010000001000000001000000000000000010000000000000000100000000000000010100000010000000000001100000000,0.06,231.38482934833928,,,0.027709083049558103,539,67,0,True,20482,43120,63602,100,16,0.16,229.95946882361622,229.95946882361622,0.0,14.563106796116505,14.563106796116505,50.526315789473685,48.0,0.28822815533980584,3.8025,3.8025,3.0,1.2675,0,1,0,1,4166.632700247939,41.66632700247939,7251.399534794206,593.3076188636531,62.470924637879705,121.23614663256609,0,0,84
06ac6393eee7a87a46f65b36cf9d1863821846f32cd08b7f9dd84710f2fa08a1,1,5,20271214,0.8,5.0,hard,wa_mcbr_hard,1010010001000000001000000000000000010000000100000000110000000000100010100000011000000000001100000000,1,1,230.06078702099936,1010010001000000001000000000000000010000000100000000110000000000100010100000011000000000001100000000,0.0,230.06078702099936,230.0520221583419,0.0038099481044381904,0.026117166969925165,511,33,0,True,19418,40880,60298,100,16,0.16,229.95946882361622,229.95946882361622,0.0,14.563106796116505,14.563106796116505,50.526315789473685,48.0,0.28822815533980584,3.8025,3.8025,5.0,0.7605000000000001,0,0,0,0,4166.632700247939,41.66632700247939,7251.399534794206,593.3076188636531,62.470924637879705,121.23614663256609,0,0,84
06ac6393eee7a87a46f65b36cf9d1863821846f32cd08b7f9dd84710f2fa08a1,1,5,20271214,0.8,5.0,soft,wa_mcbr_soft,1010000001000000001000000000000000010000000000000000110000000000000010100000010000000000001100000000,1,1,230.5901880151727,1010000001000000001000000000000000010000000000000000110000000000000010100000010000000000001100000000,0.0,230.5901880151727,,,0.04572495899628848,614,63,0,True,23332,49120,72452,100,12,0.12,230.9852553941509,230.5398506146533,0.4454047794976067,10.679611650485436,10.679611650485436,50.526315789473685,48.0,0.21136731391585759,2.8274999999999997,2.8274999999999997,5.0,0.5654999999999999,0,0,0,0,4228.349840505918,42.283498405059184,7546.290358618006,542.1490154008351,57.52988483381986,87.00436009233137,0,0,88
06ac6393eee7a87a46f65b36cf9d1863821846f32cd08b7f9dd84710f2fa08a1,1,5,20271214,0.8,5.0,none,wa_mcbr_none,1010010001000000001000000000000000010000000100000000110000000000100010100000011000000000001100000000,1,1,230.06078702099936,1010010001000000001000000000000000010000000100000000110000000000100010100000011000000000001100000000,0.0,230.06078702099936,,,0.026997625012882054,539,67,0,True,20482,43120,63602,100,16,0.16,229.95946882361622,229.95946882361622,0.0,14.563106796116505,14.563106796116505,50.526315789473685,48.0,0.28822815533980584,3.8025,3.8025,5.0,0.7605000000000001,0,0,0,0,4166.632700247939,41.66632700247939,7251.399534794206,593.3076188636531,62.470924637879705,121.23614663256609,0,0,84
06ac6393eee7a87a46f65b36cf9d1863821846f32cd08b7f9dd84710f2fa08a1,1,5,20271214,0.8,13.0,hard,wa_mcbr_hard,1010010001000000001000000000000000010000000100000000110000000000100010100000011000000000001100000000,1,1,230.06078702099936,1010010001000000001000000000000000010000000100000000110000000000100010100000011000000000001100000000,0.0,230.06078702099936,230.0520221583419,0.0038099481044381904,0.027027874952182174,539,67,0,True,20482,43120,63602,100,16,0.16,229.95946882361622,229.95946882361622,0.0,14.563106796116505,14.563106796116505,50.526315789473685,48.0,0.28822815533980584,3.8025,3.8025,13.0,0.29250000000000004,0,0,0,0,4166.632700247939,41.66632700247939,7251.399534794206,593.3076188636531,62.470924637879705,121.23614663256609,0,0,84
06ac6393eee7a87a46f65b36cf9d1863821846f32cd08b7f9dd84710f2fa08a1,1,5,20271214,0.8,13.0,soft,wa_mcbr_soft,1010010001000000001000000000000000010000000100000000110000000000100010100000011000000000001100000000,1,1,230.06078702099936,1010010001000000001000000000000000010000000100000000110000000000100010100000011000000000001100000000,0.0,230.06078702099936,,,0.03984662494622171,539,67,0,True,20482,43120,63602,100,16,0.16,230.0263331480619,229.95946882361622,0.06686432444566393,14.563106796116505,14.563106796116505,50.526315789473685,48.0,0.28822815533980584,3.8025,3.8025,13.0,0.29250000000000004,0,0,0,0,4166.632700247939,41.66632700247939,7251.399534794206,593.3076188636531,62.470924637879705,121.23614663256609,0,0,84
06ac6393eee7a87a46f65b36cf9d1863821846f32cd08b7f9dd84710f2fa08a1,1,5,20271214,0.8,13.0,none,wa_mcbr_none,1010010001000000001000000000000000010000000100000000110000000000100010100000011000000000001100000000,1,1,230.06078702099936,1010010001000000001000000000000000010000000100000000110000000000100010100000011000000000001100000000,0.0,230.06078702099936,,,0.026750124990940094,539,67,0,True,20482,43120,63602,100,16,0.16,229.95946882361622,229.95946882361622,0.0,14.563106796116505,14.563106796116505,50.526315789473685,48.0,0.28822815533980584,3.8025,3.8025,13.0,0.29250000000000004,0,0,0,0,4166.632700247939,41.66632700247939,7251.399534794206,593.3076188636531,62.470924637879705,121.23614663256609,0,0,84
06ac6393eee7a87a46f65b36cf9d1863821846f32cd08b7f9dd84710f2fa08a1,1,5,20271214,1.0,1.5,hard,wa_mcbr_hard,0010000001000000001000000000000000000000000000000000010000000000000000000000011000000000000000000000,1,0,inf,0010000001000000001000000000000000000000000000000000010000000000000000000000010000000000000000000000,0.01,236.47525280622736,234.7371476552869,0.7404474188690787,0.005215249955654144,100,0,0,True,3800,8000,11800,100,6,0.06,235.76331673010426,235.76331673010426,0.0,5.339805825242719,5.339805825242719,63.15789473684211,60.0,0.08454692556634304,1.4137499999999998,1.4137499999999998,1.5,0.9424999999999999,0,0,0,0,4398.67046036624,43.9867046036624,8334.26420846175,401.9879075565989,44.034743625173434,43.08882015024304,0,94,0
06ac6393eee7a87a46f65b36cf9d1863821846f32cd08b7f9dd84710f2fa08a1,1,5,20271214,1.0,1.5,soft,wa_mcbr_soft,0000000001000000001000000000000000010000000000000000100000000000000000000000001000000000000000000000,1,1,235.99866896201823,0000000001000000001000000000000000010000000000000000100000000000000000000000001000000000000000000000,0.0,235.99866896201823,,,0.04332275001797825,571,50,0,True,21698,45680,67378,100,5,0.05,237.02470656512116,235.99243738218286,1.0322691829383026,4.126213592233009,4.126213592233009,63.15789473684211,60.0,0.06533171521035598,1.17,1.17,1.5,0.7799999999999999,0,0,0,0,4422.21297921675,44.2221297921675,8445.742452268458,245.1212707467852,28.490453691966444,37.47457260333261,0,0,95
06ac6393eee7a87a46f65b36cf9d1863821846f32cd08b7f9dd84710f2fa08a1,1,5,20271214,1.0,1.5,none,wa_mcbr_none,1011010001000000001000000000000000010000000100000000110000000000100010100000011000000000001100000000,1,0,inf,0000000001000000001000000000000000010000000000000000100000000000000000000000000000000000000100000000,0.12,235.58791488663968,,,0.031235500006005168,614,66,0,True,23332,49120,72452,100,17,0.17,229.49054060054428,229.49054060054428,0.0,15.533980582524272,15.533980582524272,63.15789473684211,60.0,0.2459546925566343,4.046250000000001,4.046250000000001,1.5,2.6975000000000002,0,1,0,1,4148.968440391288,41.48968440391288,7168.697081915982,614.2455468745437,64.53423035190934,101.54506437768241,0,0,83
06ac6393eee7a87a46f65b36cf9d1863821846f32cd08b7f9dd84710f2fa08a1,1,5,20271214,1.0,2.0,hard,wa_mcbr_hard,0010000001000000001000000000000000000000000100100000010000000000000000000000011000000000000000000000,1,0,inf,0010000001000000001000000000000000000000000000100000010000000000000000000000011000000000000000000000,0.01,235.19286766391616,233.2366166459627,0.8387409516074907,0.0054952920181676745,100,0,0,True,3800,8000,11800,100,8,0.08,234.66569564472715,234.66569564472715,0.0,7.281553398058253,7.281553398058253,63.15789473684211,60.0,0.11529126213592232,1.90125,1.90125,2.0,0.950625,0,0,0,0,4364.708629142144,43.64708629142144,8175.977546447928,435.99976759645716,47.19330599090527,52.578875171467764,0,92,0
06ac6393eee7a87a46f65b36cf9d1863821846f32cd08b7f9dd84710f2fa08a1,1,5,20271214,1.0,2.0,soft,wa_mcbr_soft,0000000000000000001000000000000000000000000000000000110100000000000010100000000000000000000000000000,1,1,235.39954669865077,0000000000000000001000000000000000000000000000000000110100000000000010100000000000000000000000000000,0.0,235.39954669865077,,,0.03963379096239805,532,51,0,True,20216,42560,62776,100,6,0.06,236.23199385342997,235.3933079174608,0.8386859359691778,5.58252427184466,5.58252427184466,63.15789473684211,60.0,0.08838996763754044,1.4625,1.4625,2.0,0.73125,0,0,0,0,4406.709998915505,44.06709998915505,8373.787339871562,274.09308158357277,31.223311927237816,44.24007100066562,0,0,94
06ac6393eee7a87a46f65b36cf9d1863821846f32cd08b7f9dd84710f2fa08a1,1,5,20271214,1.0,2.0,none,wa_mcbr_none,1011010001000000001000000000000000010000000100000000110000000000100010100000011000000000001100000000,1,0,inf,0000000001000000001000000000000000010000000000000000100000000000000010000000000000000000001100000000,0.1,233.7750661417678,,,0.030842875014059246,614,66,0,True,23332,49120,72452,100,17,0.17,229.49054060054428,229.49054060054428,0.0,15.533980582524272,15.533980582524272,63.15789473684211,60.0,0.2459546925566343,4.046250000000001,4.046250000000001,2.0,2.0231250000000003,0,1,0,1,4148.968440391288,41.48968440391288,7168.697081915982,614.2455468745437,64.53423035190934,101.54506437768241,0,0,83
06ac6393eee7a87a46f65b36cf9d1863821846f32cd08b7f9dd84710f2fa08a1,1,5,20271214,1.0,3.0,hard,wa_mcbr_hard,0010010001100000001000000000000000000000000100100000010100000000010000000000011000000000000000000000,1,0,inf,0010010001000000001000000000000000000000000100100000010100000000000000000000011000000000000000000000,0.02,233.90541763129093,231.23401637189784,1.1552803957254414,0.0054883339907974005,100,0,0,True,3800,8000,11800,100,12,0.12,233.54142922953798,233.54142922953798,0.0,11.16504854368932,11.16504854368932,63.15789473684211,60.0,0.17677993527508087,2.8762499999999998,2.8762499999999998,3.0,0.9587499999999999,0,0,0,0,4310.854216997446,43.10854216997446,7920.636663763964,497.4992461016134,53.05531366355637,73.68550368550366,0,88,0
06ac6393eee7a87a46f65b36cf9d1863821846f32cd08b7f9dd84710f2fa08a1,1,5,20271214,1.0,3.0,soft,wa_mcbr_soft,0010000000000000000000000000000000010000000000000000110000000000000010100000010000000000001100000000,1,1,232.16827610821383,0010000000000000000000000000000000010000000000000000110000000000000010100000010000000000001100000000,0.0,232.16827610821383,,,0.04628729203250259,633,54,0,True,24054,50640,74694,100,9,0.09,233.2564569792805,232.1517875467527,1.1046694325278041,8.25242718446602,8.25242718446602,63.15789473684211,60.0,0.130663430420712,2.145,2.145,3.0,0.715,0,0,0,0,4303.10611709355,43.0310611709355,7895.219927745086,465.3262827174838,46.65863834292055,57.57561656584458,0,0,91
06ac6393eee7a87a46f65b36cf9d1863821846f32cd08b7f9dd84710f2fa08a1,1,5,20271214,1.0,3.0,none,wa_mcbr_none,1011010001000000001000000000000000010000000100000000110000000000100010100000011000000000001100000000,1,0,inf,0010000001000000001000000000000000010000000000000000110000000000000010100000000000000000001100000000,0.07,231.61988957022118,,,0.03043904190417379,614,66,0,True,23332,49120,72452,100,17,0.17,229.49054060054428,229.49054060054428,0.0,15.533980582524272,15.533980582524272,63.15789473684211,60.0,0.2459546925566343,4.046250000000001,4.046250000000001,3.0,1.3487500000000001,0,1,0,1,4148.968440391288,41.48968440391288,7168.697081915982,614.2455468745437,64.53423035190934,101.54506437768241,0,0,83
06ac6393eee7a87a46f65b36cf9d1863821846f32cd08b7f9dd84710f2fa08a1,1,5,20271214,1.0,5.0,hard,wa_mcbr_hard,1010010001000000001000000000000000010000000100000000110000000000100010100000011000100000001100000000,1,1,229.61176607040193,1010010001000000001000000000000000010000000100000000110000000000100010100000011000100000001100000000,0.0,229.61176607040193,229.57048163457026,0.01798333807452949,0.025826624943874776,518,26,0,True,19684,41440,61124,100,17,0.17,229.53182503637598,229.53182503637598,0.0,15.533980582524274,15.533980582524274,63.15789473684211,60.0,0.24595469255663432,4.046250000000001,4.046250000000001,5.0,0.8092500000000001,0,0,0,0,4152.067717191172,41.52067717191172,7183.086966678716,608.3206527500679,63.939216395056455,101.54506437768241,0,0,83
06ac6393eee7a87a46f65b36cf9d1863821846f32cd08b7f9dd84710f2fa08a1,1,5,20271214,1.0,5.0,soft,wa_mcbr_soft,1010000001000000001000000000000000010000000000000000110000000000100010100000010000000000001100000000,1,1,230.08167936127438,1010000001000000001000000000000000010000000000000000110000000000100010100000010000000000001100000000,0.0,230.08167936127438,,,0.04142712499015033,567,58,0,True,21546,45360,66906,100,13,0.13,230.75138053664477,230.03870503975483,0.7126754968899571,11.650485436893202,11.650485436893202,63.15789473684211,60.0,0.1844660194174757,3.0712499999999996,3.0712499999999996,5.0,0.61425,0,0,0,0,4213.7112013573105,42.1371120135731,7477.953997856348,547.3909468992996,57.99983510361114,76.54761904761904,0,0,87
06ac6393eee7a87a46f65b36cf9d1863821846f32cd08b7f9dd84710f2fa08a1,1,5,20271214,1.0,5.0,none,wa_mcbr_none,1011010001000000001000000000000000010000000100000000110000000000100010100000011000000000001100000000,1,1,229.57048163457023,1011010001000000001000000000000000010000000100000000110000000000100010100000011000000000001100000000,0.0,229.57048163457023,,,0.030783916008658707,614,66,0,True,23332,49120,72452,100,17,0.17,229.49054060054428,229.49054060054428,0.0,15.533980582524272,15.533980582524272,63.15789473684211,60.0,0.2459546925566343,4.046250000000001,4.046250000000001,5.0,0.8092500000000001,0,0,0,0,4148.968440391288,41.48968440391288,7168.697081915982,614.2455468745437,64.53423035190934,101.54506437768241,0,0,83
06ac6393eee7a87a46f65b36cf9d1863821846f32cd08b7f9dd84710f2fa08a1,1,5,20271214,1.0,13.0,hard,wa_mcbr_hard,1011010001000000001000000000000000010000000100000000110000000000100010100000011000000000001100000000,1,1,229.57048163457023,1011010001000000001000000000000000010000000100000000110000000000100010100000011000000000001100000000,0.0,229.57048163457023,229.57048163457026,-1.2380384981569893e-14,0.031022957991808653,614,66,0,True,23332,49120,72452,100,17,0.17,229.49054060054428,229.49054060054428,0.0,15.533980582524272,15.533980582524272,63.15789473684211,60.0,0.2459546925566343,4.046250000000001,4.046250000000001,13.0,0.31125,0,0,0,0,4148.968440391288,41.48968440391288,7168.697081915982,614.2455468745437,64.53423035190934,101.54506437768241,0,0,83
06ac6393eee7a87a46f65b36cf9d1863821846f32cd08b7f9dd84710f2fa08a1,1,5,20271214,1.0,13.0,soft,wa_mcbr_soft,1011010001000000001000000000000000010000000100000000110000000000100010100000011000000000001100000000,1,1,229.57048163457023,1011010001000000001000000000000000010000000100000000110000000000100010100000011000000000001100000000,0.0,229.57048163457023,,,0.05944287497550249,809,68,0,True,30742,64720,95462,100,17,0.17,229.573081191162,229.49054060054428,0.08254059061773286,15.533980582524272,15.533980582524272,63.15789473684211,60.0,0.2459546925566343,4.046250000000001,4.046250000000001,13.0,0.31125,0,0,0,0,4148.968440391288,41.48968440391288,7168.697081915982,614.2455468745437,64.53423035190934,101.54506437768241,0,0,83
06ac6393eee7a87a46f65b36cf9d1863821846f32cd08b7f9dd84710f2fa08a1,1,5,20271214,1.0,13.0,none,wa_mcbr_none,1011010001000000001000000000000000010000000100000000110000000000100010100000011000000000001100000000,1,1,229.57048163457023,1011010001000000001000000000000000010000000100000000110000000000100010100000011000000000001100000000,0.0,229.57048163457023,,,0.03313083399552852,614,66,0,True,23332,49120,72452,100,17,0.17,229.49054060054428,229.49054060054428,0.0,15.533980582524272,15.533980582524272,63.15789473684211,60.0,0.2459546925566343,4.046250000000001,4.046250000000001,13.0,0.31125,0,0,0,0,4148.968440391288,41.48968440391288,7168.697081915982,614.2455468745437,64.53423035190934,101.54506437768241,0,0,83
06ac6393eee7a87a46f65b36cf9d1863821846f32cd08b7f9dd84710f2fa08a1,1,6,20271311,0.2,1.5,hard,wa_mcbr_hard,0010000000000000001000000000000000000000000000001000000000000000000000110000000000000000000100000000,1,0,inf,0010000000000000001000000000000000000000000000001000000000000000000000100000000000000000000100000000,0.01,237.35761090034052,236.61149388949266,0.31533422091334307,0.005412917002104223,100,0,0,True,3800,8000,11800,100,6,0.06,236.6076053369544,236.6076053369544,0.0,5.58252427184466,5.58252427184466,12.631578947368421,12.0,0.4419498381877022,1.495,1.495,1.5,0.9966666666666667,0,0,0,0,4414.003937137724,44.14003937137724,8402.579667645994,249.33445469262116,29.94460766581716,217.9884015947807,0,94,0
06ac6393eee7a87a46f65b36cf9d1863821846f32cd08b7f9dd84710f2fa08a1,1,6,20271311,0.2,1.5,soft,wa_mcbr_soft,0000000000000000001000000000000000000000000000000000000000000000000000010000000000010000000100000000,1,1,238.1711977924917,0000000000000000001000000000000000000000000000000000000000000000000000010000000000010000000100000000,0.0,238.1711977924917,,,0.029559792019426823,374,10,0,True,14212,29920,44132,100,4,0.04,238.47661956618208,238.12948776781042,0.34713179837166314,3.6407766990291264,3.6407766990291264,12.631578947368421,12.0,0.28822815533980584,1.0075,1.0075,1.5,0.6716666666666667,0,0,0,0,4465.97968775841,44.65979687758411,8643.692323207957,173.68579297009435,23.08080198921856,121.23614663256609,0,0,96
06ac6393eee7a87a46f65b36cf9d1863821846f32cd08b7f9dd84710f2fa08a1,1,6,20271311,0.2,1.5,none,wa_mcbr_none,0000000001000000001100000000000000010000000000000000000000000000000000010000000000010000000100000000,1,0,inf,0000000001000000001100000000000000010000000000000000000000000000000000000000000000000000000100000000,0.02,236.87375181822864,,,0.027901125024072826,553,11,0,True,21014,44240,65254,100,7,0.07,236.0861739209464,236.0861739209464,0.0,6.067961165048544,6.067961165048544,12.631578947368421,12.0,0.4803802588996764,1.69,1.69,1.5,1.1266666666666667,0,1,0,1,4377.93649972759,43.7793649972759,8233.491355625842,368.3789023065339,41.62223226306094,251.12105877773456,0,0,93
06ac6393eee7a87a46f65b36cf9d1863821846f32cd08b7f9dd84710f2fa08a1,1,6,20271311,0.2,2.0,hard,wa_mcbr_hard,0010000001000000001100000000000000010000000000000000000000000000000000010000000000000000000100000000,1,1,236.0672646652989,0010000001000000001100000000000000010000000000000000000000000000000000010000000000000000000100000000,0.0,236.0672646652989,236.05682501019544,0.004422517799687902,0.048640542081557214,1029,13,0,True,39102,82320,121422,100,7,0.07,235.82996186215075,235.82996186215075,0.0,6.067961165048544,6.067961165048544,12.631578947368421,12.0,0.4803802588996764,1.69,1.69,2.0,0.845,0,0,0,0,4368.506590385637,43.68506590385637,8190.308437481611,392.6775677417958,44.06249737299317,251.12105877773456,0,32,61
06ac6393eee7a87a46f65b36cf9d1863821846f32cd08b7f9dd84710f2fa08a1,1,6,20271311,0.2,2.0,soft,wa_mcbr_soft,0010000001000000001100000000000000000000000000000000000000000000000000100000000000000000000100000000,1,1,236.5324423755244,0010000001000000001100000000000000000000000000000000000000000000000000100000000000000000000100000000,0.0,236.5324423755244,,,0.10572454193606973,1331,14,0,True,50578,106480,157058,100,6,0.06,236.99494388074322,236.42710580225037,0.5678380784928596,5.0970873786407775,5.0970873786407775,12.631578947368421,12.0,0.4035194174757282,1.365,1.365,2.0,0.6825,0,0,0,0,4400.063530021774,44.00063530021774,8337.842926415307,354.7965431339715,40.48773588481943,189.12512716174976,0,0,94
06ac6393eee7a87a46f65b36cf9d1863821846f32cd08b7f9dd84710f2fa08a1,1,6,20271311,0.2,2.0,none,wa_mcbr_none,0000000001000000001100000000000000010000000000000000000000000000000000010000000000010000000100000000,1,1,236.32347672409455,0000000001000000001100000000000000010000000000000000000000000000000000010000000000010000000100000000,0.0,236.32347672409455,,,0.028724208008497953,553,11,0,True,21014,44240,65254,100,7,0.07,236.0861739209464,236.0861739209464,0.0,6.067961165048544,6.067961165048544,12.631578947368421,12.0,0.4803802588996764,1.69,1.69,2.0,0.845,0,0,0,0,4377.93649972759,43.7793649972759,8233.491355625842,368.3789023065339,41.62223226306094,251.12105877773456,0,0,93
06ac6393eee7a87a46f65b36cf9d1863821846f32cd08b7f9dd84710f2fa08a1,1,6,20271311,0.2,3.0,hard,wa_mcbr_hard,0000000001000000001100000000000000010000000000000000000000000000000000010000000000010000000100000000,1,1,236.32347672409455,0000000001000000001100000000000000010000000000000000000000000000000000010000000000010000000100000000,0.0,236.32347672409455,236.05682501019544,0.11296081521370602,0.028414999949745834,553,11,0,True,21014,44240,65254,100,7,0.07,236.0861739209464,236.0861739209464,0.0,6.067961165048544,6.067961165048544,12.631578947368421,12.0,0.4803802588996764,1.69,1.69,3.0,0.5633333333333334,0,0,0,0,4377.93649972759,43.7793649972759,8233.491355625842,368.3789023065339,41.62223226306094,251.12105877773456,0,0,93
06ac6393eee7a87a46f65b36cf9d1863821846f32cd08b7f9dd84710f2fa08a1,1,6,20271311,0.2,3.0,soft,wa_mcbr_soft,0010000001000000001100000000000000000000000000001000000000000000000000010000000000000000000100000000,1,1,236.30162687295925,0010000001000000001100000000000000000000000000001000000000000000000000010000000000000000000100000000,0.0,236.30162687295925,,,0.05855758301913738,755,11,0,True,28690,60400,89090,100,7,0.07,236.32744409600562,236.07208937239437,0.2553547236112579,6.310679611650486,6.310679611650486,12.631578947368421,12.0,0.4995954692556635,1.69,1.69,3.0,0.5633333333333334,0,0,0,0,4373.3355777639945,43.73335577763994,8211.898365262905,378.34388428926866,42.62360898639205,269.5957962813259,0,0,93
06ac6393eee7a87a46f65b36cf9d1863821846f32cd08b7f9dd84710f2fa08a1,1,6,20271311,0.2,3.0,none,wa_mcbr_none,0000000001000000001100000000000000010000000000000000000000000000000000010000000000010000000100000000,1,1,236.32347672409455,0000000001000000001100000000000000010000000000000000000000000000000000010000000000010000000100000000,0.0,236.32347672409455,,,0.027782166958786547,553,11,0,True,21014,44240,65254,100,7,0.07,236.0861739209464,236.0861739209464,0.0,6.067961165048544,6.067961165048544,12.631578947368421,12.0,0.4803802588996764,1.69,1.69,3.0,0.5633333333333334,0,0,0,0,4377.93649972759,43.7793649972759,8233.491355625842,368.3789023065339,41.62223226306094,251.12105877773456,0,0,93
06ac6393eee7a87a46f65b36cf9d1863821846f32cd08b7f9dd84710f2fa08a1,1,6,20271311,0.2,5.0,hard,wa_mcbr_hard,0000000001000000001100000000000000010000000000000000000000000000000000010000000000010000000100000000,1,1,236.32347672409455,0000000001000000001100000000000000010000000000000000000000000000000000010000000000010000000100000000,0.0,236.32347672409455,236.05682501019544,0.11296081521370602,0.028570708935149014,553,11,0,True,21014,44240,65254,100,7,0.07,236.0861739209464,236.0861739209464,0.0,6.067961165048544,6.067961165048544,12.631578947368421,12.0,0.4803802588996764,1.69,1.69,5.0,0.33799999999999997,0,0,0,0,4377.93649972759,43.7793649972759,8233.491355625842,368.3789023065339,41.62223226306094,251.12105877773456,0,0,93
06ac6393eee7a87a46f65b36cf9d1863821846f32cd08b7f9dd84710f2fa08a1,1,6,20271311,0.2,5.0,soft,wa_mcbr_soft,0010000001000000001100000000000000010000000000000000000000000000000000010000000000000000000100000000,1,1,236.0672646652989,0010000001000000001100000000000000010000000000000000000000000000000000010000000000000000000100000000,0.0,236.0672646652989,,,0.07771795894950628,1029,17,0,True,39102,82320,121422,100,7,0.07,235.8720593044069,235.82996186215075,0.04209744225612295,6.067961165048544,6.067961165048544,12.631578947368421,12.0,0.4803802588996764,1.69,1.69,5.0,0.33799999999999997,0,0,0,0,4368.506590385637,43.68506590385637,8190.308437481611,392.6775677417958,44.06249737299317,251.12105877773456,0,0,93
06ac6393eee7a87a46f65b36cf9d1863821846f32cd08b7f9dd84710f2fa08a1,1,6,20271311,0.2,5.0,none,wa_mcbr_none,0000000001000000001100000000000000010000000000000000000000000000000000010000000000010000000100000000,1,1,236.32347672409455,0000000001000000001100000000000000010000000000000000000000000000000000010000000000010000000100000000,0.0,236.32347672409455,,,0.028491250006482005,553,11,0,True,21014,44240,65254,100,7,0.07,236.0861739209464,236.0861739209464,0.0,6.067961165048544,6.067961165048544,12.631578947368421,12.0,0.4803802588996764,1.69,1.69,5.0,0.33799999999999997,0,0,0,0,4377.93649972759,43.7793649972759,8233.491355625842,368.3789023065339,41.62223226306094,251.12105877773456,0,0,93
06ac6393eee7a87a46f65b36cf9d1863821846f32cd08b7f9dd84710f2fa08a1,1,6,20271311,0.2,13.0,hard,wa_mcbr_hard,0000000001000000001100000000000000010000000000000000000000000000000000010000000000010000000100000000,1,1,236.32347672409455,0000000001000000001100000000000000010000000000000000000000000000000000010000000000010000000100000000,0.0,236.32347672409455,236.05682501019544,0.11296081521370602,0.027685999986715615,553,11,0,True,21014,44240,65254,100,7,0.07,236.0861739209464,236.0861739209464,0.0,6.067961165048544,6.067961165048544,12.631578947368421,12.0,0.4803802588996764,1.69,1.69,13.0,0.13,0,0,0,0,4377.93649972759,43.7793649972759,8233.491355625842,368.3789023065339,41.62223226306094,251.12105877773456,0,0,93
06ac6393eee7a87a46f65b36cf9d1863821846f32cd08b7f9dd84710f2fa08a1,1,6,20271311,0.2,13.0,soft,wa_mcbr_soft,0000000001000000001100000000000000010000000000000000000000000000000000010000000000010000000100000000,1,1,236.32347672409455,0000000001000000001100000000000000010000000000000000000000000000000000010000000000010000000100000000,0.0,236.32347672409455,,,0.04091537499334663,553,11,0,True,21014,44240,65254,100,7,0.07,236.09414633217256,236.0861739209464,0.007972411226143332,6.067961165048544,6.067961165048544,12.631578947368421,12.0,0.4803802588996764,1.69,1.69,13.0,0.13,0,0,0,0,4377.93649972759,43.7793649972759,8233.491355625842,368.3789023065339,41.62223226306094,251.12105877773456,0,0,93
06ac6393eee7a87a46f65b36cf9d1863821846f32cd08b7f9dd84710f2fa08a1,1,6,20271311,0.2,13.0,none,wa_mcbr_none,0000000001000000001100000000000000010000000000000000000000000000000000010000000000010000000100000000,1,1,236.32347672409455,0000000001000000001100000000000000010000000000000000000000000000000000010000000000010000000100000000,0.0,236.32347672409455,,,0.02762504108250141,553,11,0,True,21014,44240,65254,100,7,0.07,236.0861739209464,236.0861739209464,0.0,6.067961165048544,6.067961165048544,12.631578947368421,12.0,0.4803802588996764,1.69,1.69,13.0,0.13,0,0,0,0,4377.93649972759,43.7793649972759,8233.491355625842,368.3789023065339,41.62223226306094,251.12105877773456,0,0,93
06ac6393eee7a87a46f65b36cf9d1863821846f32cd08b7f9dd84710f2fa08a1,1,6,20271311,0.4,1.5,hard,wa_mcbr_hard,0010000000000000001000000000000000000000000000001000000000000000000000110000000000000000000100000000,1,0,inf,0010000000000000001000000000000000000000000000001000000000000000000000100000000000000000000100000000,0.01,236.91995996751976,236.1564890141978,0.3232902710016392,0.005296458024531603,100,0,0,True,3800,8000,11800,100,6,0.06,235.84515850521254,235.84515850521254,0.0,5.58252427184466,5.58252427184466,25.263157894736842,24.0,0.2209749190938511,1.495,1.495,1.5,0.9966666666666667,0,0,0,0,4413.241490305983,44.132414903059825,8402.579667645994,249.33445469262116,29.94460766581716,90.91392963780345,0,94,0
06ac6393eee7a87a46f65b36cf9d1863821846f32cd08b7f9dd84710f2fa08a1,1,6,20271311,0.4,1.5,soft,wa_mcbr_soft,0010000000000000001000000000000000000000000000000000000010000000000000100000000000000000000100000000,1,1,236.9018771663126,0010000000000000001000000000000000000000000000000000000010000000000000100000000000000000000100000000,0.0,236.9018771663126,,,0.05143758305348456,680,24,0,True,25840,54400,80240,100,5,0.05,237.9145404265888,236.88227124365048,1.0322691829383026,4.12621359223301,4.12621359223301,25.263157894736842,24.0,0.16332928802588997,1.17,1.17,1.5,0.7799999999999999,0,0,0,0,4435.200174096175,44.352001740961754,8503.372257393257,251.23148308129217,34.45147865158217,68.80333615375316,0,0,95
06ac6393eee7a87a46f65b36cf9d1863821846f32cd08b7f9dd84710f2fa08a1,1,6,20271311,0.4,1.5,none,wa_mcbr_none,0010000001000000001000000000000000010000000000001000000000000000001000110000001000010000001100000000,1,0,inf,0010000001000000001000000000000000010000000000000000000000000000000000000000000000000000000100000000,0.07,236.73847707055157,,,0.023405584041029215,468,25,0,True,17784,37440,55224,100,12,0.12,233.13071351351005,233.13071351351005,0.0,10.922330097087377,10.922330097087377,25.263157894736842,24.0,0.43234223300970864,2.9087499999999995,2.9087499999999995,1.5,1.9391666666666663,0,1,0,1,4292.046161291049,42.92046161291049,7834.121928022614,393.4405743610078,43.494001884519655,210.40619989310522,0,0,88
06ac6393eee7a87a46f65b36cf9d1863821846f32cd08b7f9dd84710f2fa08a1,1,6,20271311,0.4,2.0,hard,wa_mcbr_hard,0010000000000000001000000000000000000000000000001000000000000000001000110000000000010000000100000000,1,0,inf,0010000000000000001000000000000000000000000000001000000000000000000000110000000000000000000100000000,0.02,235.87672847454527,234.80791602982475,0.45518586544789363,0.005308208987116814,100,0,0,True,3800,8000,11800,100,8,0.08,234.80891995155687,234.80891995155687,0.0,7.524271844660195,7.524271844660195,25.263157894736842,24.0,0.29783576051779936,1.9825,1.9825,2.0,0.99125,0,0,0,0,4382.393979277927,43.82393979277927,8258.655330194897,273.2053529931168,31.91627436227157,126.04205674780356,0,92,0
06ac6393eee7a87a46f65b36cf9d1863821846f32cd08b7f9dd84710f2fa08a1,1,6,20271311,0.4,2.0,soft,wa_mcbr_soft,0000000001000000001100000000000000000000000000000000000000000000000000110000000000000000000100000000,1,1,235.67227141349184,0000000001000000001100000000000000000000000000000000000000000000000000110000000000000000000100000000,0.0,235.67227141349184,,,0.050135458004660904,679,25,0,True,25802,54320,80122,100,6,0.06,236.42315687179214,235.63725156920322,0.7859053025889411,5.339805825242719,5.339805825242719,25.263157894736842,24.0,0.2113673139158576,1.44625,1.44625,2.0,0.723125,0,0,0,0,4394.6867605829875,43.94686760582987,8316.246571639487,360.78907040559784,41.095273247746846,87.00436009233137,0,0,94
06ac6393eee7a87a46f65b36cf9d1863821846f32cd08b7f9dd84710f2fa08a1,1,6,20271311,0.4,2.0,none,wa_mcbr_none,0010000001000000001000000000000000010000000000001000000000000000001000110000001000010000001100000000,1,0,inf,0010000001000000001000000000000000010000000000001000000000000000000000000000001000000000000100000000,0.05,235.15888065393816,,,0.023335832986049354,468,25,0,True,17784,37440,55224,100,12,0.12,233.13071351351005,233.13071351351005,0.0,10.922330097087377,10.922330097087377,25.263157894736842,24.0,0.43234223300970864,2.9087499999999995,2.9087499999999995,2.0,1.4543749999999998,0,1,0,1,4292.046161291049,42.92046161291049,7834.121928022614,393.4405743610078,43.494001884519655,210.40619989310522,0,0,88
06ac6393eee7a87a46f65b36cf9d1863821846f32cd08b7f9dd84710f2fa08a1,1,6,20271311,0.4,3.0,hard,wa_mcbr_hard,0010000001000000001000000000000000000000000100001000000000000000001000110000001000010000001100000000,1,0,inf,0010000001000000001000000000000000000000000000001000000000000000000000110000001000010000001100000000,0.02,233.79131095819926,233.40900482730575,0.1637923657557132,0.01593079196754843,322,6,0,True,12236,25760,37996,100,12,0.12,233.46069053104299,233.46069053104299,0.0,11.16504854368932,11.16504854368932,25.263157894736842,24.0,0.4419498381877022,2.9087499999999995,2.9087499999999995,3.0,0.9695833333333331,0,0,0,0,4302.314348758351,43.02314348758351,7880.899561592905,374.8739949344314,41.63013274202079,217.9884015947807,0,88,0
06ac6393eee7a87a46f65b36cf9d1863821846f32cd08b7f9dd84710f2fa08a1,1,6,20271311,0.4,3.0,soft,wa_mcbr_soft,0000000000000000001000000000000000000000000000100000000010000000000000110000000000010000001100000000,1,1,235.17753435290837,0000000000000000001000000000000000000000000000100000000010000000000000110000000000010000001100000000,0.0,235.17753435290837,,,0.02111545903608203,256,19,0,True,9728,20480,30208,100,8,0.08,235.7472157563373,235.11058804499797,0.636627711339334,7.281553398058253,7.281553398058253,25.263157894736842,24.0,0.28822815533980584,1.9825,1.9825,3.0,0.6608333333333333,0,0,0,0,4375.671828477238,43.756718284772376,8226.335723621747,337.7424130221607,41.96545271844263,121.23614663256609,0,0,92
06ac6393eee7a87a46f65b36cf9d1863821846f32cd08b7f9dd84710f2fa08a1,1,6,20271311,0.4,3.0,none,wa_mcbr_none,0010000001000000001000000000000000010000000000001000000000000000001000110000001000010000001100000000,1,0,inf,0010000001000000001000000000000000010000000000001000000000000000000000110000001000010000000100000000,0.02,233.50853184870823,,,0.023812833009287715,468,25,0,True,17784,37440,55224,100,12,0.12,233.13071351351005,233.13071351351005,0.0,10.922330097087377,10.922330097087377,25.263157894736842,24.0,0.43234223300970864,2.9087499999999995,2.9087499999999995,3.0,0.9695833333333331,0,0,0,0,4292.046161291049,42.92046161291049,7834.121928022614,393.4405743610078,43.494001884519655,210.40619989310522,0,0,88
06ac6393eee7a87a46f65b36cf9d1863821846f32cd08b7f9dd84710f2fa08a1,1,6,20271311,0.4,5.0,hard,wa_mcbr_hard,0010000001000000001000000000000000010000000100001000000000000000001000110000001000010000000100000000,1,1,233.3524592450048,0010000001000000001000000000000000010000000100001000000000000000001000110000001000010000000100000000,0.0,233.3524592450048,233.32248969092717,0.012844691532881293,0.02757612499408424,551,22,0,True,20938,44080,65018,100,12,0.12,233.13064148311022,233.13064148311022,0.0,10.922330097087377,10.922330097087377,25.263157894736842,24.0,0.43234223300970864,2.90875,2.90875,5.0,0.58175,0,0,0,0,4298.927013876901,42.98927013876901,7866.48982835795,366.84495651528556,40.819029829095165,210.40619989310522,0,0,88
06ac6393eee7a87a46f65b36cf9d1863821846f32cd08b7f9dd84710f2fa08a1,1,6,20271311,0.4,5.0,soft,wa_mcbr_soft,0010000001000000001000000000000000010000000000001000000000000000001000110000001000010000000100000000,1,1,233.36592954438444,0010000001000000001000000000000000010000000000001000000000000000001000110000001000010000000100000000,0.0,233.36592954438444,,,0.059319375082850456,811,28,0,True,30818,64880,95698,100,11,0.11,233.51215159029698,233.1973407005372,0.31481088975977434,9.95145631067961,9.95145631067961,25.263157894736842,24.0,0.3939118122977346,2.6649999999999996,2.6649999999999996,5.0,0.5329999999999999,0,0,0,0,4313.898118357188,43.13898118357188,7938.435593620147,353.7113498266628,39.59942001327104,182.4812280994493,0,0,89
06ac6393eee7a87a46f65b36cf9d1863821846f32cd08b7f9dd84710f2fa08a1,1,6,20271311,0.4,5.0,none,wa_mcbr_none,0010000001000000001000000000000000010000000000001000000000000000001000110000001000010000001100000000,1,1,233.35253127540463,0010000001000000001000000000000000010000000000001000000000000000001000110000001000010000001100000000,0.0,233.35253127540463,,,0.023521958966739476,468,25,0,True,17784,37440,55224,100,12,0.12,233.13071351351005,233.13071351351005,0.0,10.922330097087377,10.922330097087377,25.263157894736842,24.0,0.43234223300970864,2.9087499999999995,2.9087499999999995,5.0,0.5817499999999999,0,0,0,0,4292.046161291049,42.92046161291049,7834.121928022614,393.4405743610078,43.494001884519655,210.40619989310522,0,0,88
06ac6393eee7a87a46f65b36cf9d1863821846f32cd08b7f9dd84710f2fa08a1,1,6,20271311,0.4,13.0,hard,wa_mcbr_hard,0010000001000000001000000000000000010000000000001000000000000000001000110000001000010000001100000000,1,1,233.35253127540463,0010000001000000001000000000000000010000000000001000000000000000001000110000001000010000001100000000,0.0,233.35253127540463,233.32248969092717,0.012875563138921563,0.023462250013835728,468,25,0,True,17784,37440,55224,100,12,0.12,233.13071351351005,233.13071351351005,0.0,10.922330097087377,10.922330097087377,25.263157894736842,24.0,0.43234223300970864,2.9087499999999995,2.9087499999999995,13.0,0.22374999999999995,0,0,0,0,4292.046161291049,42.92046161291049,7834.121928022614,393.4405743610078,43.494001884519655,210.40619989310522,0,0,88
06ac6393eee7a87a46f65b36cf9d1863821846f32cd08b7f9dd84710f2fa08a1,1,6,20271311,0.4,13.0,soft,wa_mcbr_soft,0010000001000000001000000000000000010000000000001000000000000000001000110000001000010000001100000000,1,1,233.35253127540463,0010000001000000001000000000000000010000000000001000000000000000001000110000001000010000001100000000,0.0,233.35253127540463,,,0.03508904203772545,468,27,0,True,17784,37440,55224,100,12,0.12,233.15964653299267,233.13071351351005,0.028933019482608843,10.922330097087377,10.922330097087377,25.263157894736842,24.0,0.43234223300970864,2.9087499999999995,2.9087499999999995,13.0,0.22374999999999995,0,0,0,0,4292.046161291049,42.92046161291049,7834.121928022614,393.4405743610078,43.494001884519655,210.40619989310522,0,0,88
06ac6393eee7a87a46f65b36cf9d1863821846f32cd08b7f9dd84710f2fa08a1,1,6,20271311,0.4,13.0,none,wa_mcbr_none,0010000001000000001000000000000000010000000000001000000000000000001000110000001000010000001100000000,1,1,233.35253127540463,0010000001000000001000000000000000010000000000001000000000000000001000110000001000010000001100000000,0.0,233.35253127540463,,,0.023853415972553194,468,25,0,True,17784,37440,55224,100,12,0.12,233.13071351351005,233.13071351351005,0.0,10.922330097087377,10.922330097087377,25.263157894736842,24.0,0.43234223300970864,2.9087499999999995,2.9087499999999995,13.0,0.22374999999999995,0,0,0,0,4292.046161291049,42.92046161291049,7834.121928022614,393.4405743610078,43.494001884519655,210.40619989310522,0,0,88
06ac6393eee7a87a46f65b36cf9d1863821846f32cd08b7f9dd84710f2fa08a1,1,6,20271311,0.6,1.5,hard,wa_mcbr_hard,0010000000000000001000000000000000000000000000001000000000000000000000110000000000000000000100000000,1,0,inf,0010000000000000001000000000000000000000000000001000000000000000000000100000000000000000000100000000,0.01,236.81438688445235,236.04776975828065,0.3247720268472489,0.005432417034171522,100,0,0,True,3800,8000,11800,100,6,0.06,235.67882729553628,235.67882729553628,0.0,5.58252427184466,5.58252427184466,37.89473684210527,36.0,0.14731661272923408,1.495,1.495,1.5,0.9966666666666667,0,0,0,0,4413.075159096306,44.130751590963065,8402.579667645994,249.33445469262116,29.94460766581716,63.19206135842492,0,94,0
06ac6393eee7a87a46f65b36cf9d1863821846f32cd08b7f9dd84710f2fa08a1,1,6,20271311,0.6,1.5,soft,wa_mcbr_soft,0010000000000000001000000000000000000000000000000000000010000000000000100000000000000000000100000000,1,1,236.80245946545872,0010000000000000001000000000000000000000000000000000000010000000000000100000000000000000000100000000,0.0,236.80245946545872,,,0.05227108299732208,680,37,0,True,25840,54400,80240,100,5,0.05,237.82326264269525,236.79099345975695,1.0322691829383026,4.12621359223301,4.12621359223301,37.89473684210527,36.0,0.10888619201725998,1.17,1.17,1.5,0.7799999999999999,0,0,0,0,4435.108896312281,44.35108896312281,8503.372257393257,251.23148308129217,34.45147865158217,50.547779375047284,0,0,95
06ac6393eee7a87a46f65b36cf9d1863821846f32cd08b7f9dd84710f2fa08a1,1,6,20271311,0.6,1.5,none,wa_mcbr_none,0010000001000000001000000000000000010000000100001000000100000000001000110000001000010000001100000000,1,0,inf,0010000001000000001000000000000000010000000000000000000000000000000000000000000000000000000100000000,0.09,236.64503737990017,,,0.037544333026744425,776,46,0,True,29488,62080,91568,100,14,0.14,231.70858767642514,231.70858767642514,0.0,12.864077669902912,12.864077669902912,37.89473684210527,36.0,0.3394687162891046,3.3962499999999998,3.3962499999999998,1.5,2.2641666666666667,0,1,0,1,4259.286501922917,42.592865019229166,7683.056746405745,429.12407106267943,46.91045755321311,148.4832091456568,0,0,86
06ac6393eee7a87a46f65b36cf9d1863821846f32cd08b7f9dd84710f2fa08a1,1,6,20271311,0.6,2.0,hard,wa_mcbr_hard,0010000000000000001000000000000000000000000000001000000000000000001000110000000000010000000100000000,1,0,inf,0010000000000000001000000000000000000000000000001000000000000000000000110000000000000000000100000000,0.02,235.6962829221217,234.5639966732226,0.4827195413439876,0.005450000055134296,100,0,0,True,3800,8000,11800,100,8,0.08,234.45608278250756,234.45608278250756,0.0,7.524271844660195,7.524271844660195,37.89473684210527,36.0,0.1985571736785329,1.9825,1.9825,2.0,0.99125,0,0,0,0,4382.0411421088775,43.82041142108878,8258.655330194897,273.2053529931168,31.91627436227157,81.93741061664002,0,92,0
06ac6393eee7a87a46f65b36cf9d1863821846f32cd08b7f9dd84710f2fa08a1,1,6,20271311,0.6,2.0,soft,wa_mcbr_soft,0000000000000000001000000000000000000000000000000000010010000000000000110000000000000000000100000000,1,1,235.93529743966207,0000000000000000001000000000000000000000000000000000010010000000000000110000000000000000000100000000,0.0,235.93529743966207,,,0.04957270808517933,652,36,0,True,24776,52160,76936,100,6,0.06,236.87088215865782,235.91576281008093,0.9551193485768767,5.339805825242719,5.339805825242719,37.89473684210527,36.0,0.14091154261057173,1.495,1.495,2.0,0.7475,0,0,0,0,4406.315913065772,44.06315913065772,8370.248290915879,324.9793894740966,41.3818193132433,61.00612148799246,0,0,94
06ac6393eee7a87a46f65b36cf9d1863821846f32cd08b7f9dd84710f2fa08a1,1,6,20271311,0.6,2.0,none,wa_mcbr_none,0010000001000000001000000000000000010000000100001000000100000000001000110000001000010000001100000000,1,0,inf,0010000001000000001000000000000000010000000000001000000000000000000000000000001000000000000100000000,0.07,234.93204809942287,,,0.037543208920396864,776,46,0,True,29488,62080,91568,100,14,0.14,231.70858767642514,231.70858767642514,0.0,12.864077669902912,12.864077669902912,37.89473684210527,36.0,0.3394687162891046,3.3962499999999998,3.3962499999999998,2.0,1.6981249999999999,0,1,0,1,4259.286501922917,42.592865019229166,7683.056746405745,429.12407106267943,46.91045755321311,148.4832091456568,0,0,86
06ac6393eee7a87a46f65b36cf9d1863821846f32cd08b7f9dd84710f2fa08a1,1,6,20271311,0.6,3.0,hard,wa_mcbr_hard,0010000000000001001000000000000000000000000100101000010000000000001000110000000000010000000100000000,1,0,inf,0010000000000000001000000000000000000000000100001000010000000000001000110000000000010000000100000000,0.02,233.55933269082425,232.6966431199739,0.3707357180935134,0.005406333017162979,100,0,0,True,3800,8000,11800,100,12,0.12,232.97596156214854,232.97596156214854,0.0,11.407766990291261,11.407766990291261,37.89473684210527,36.0,0.30103829557713047,2.9575,2.9575,3.0,0.9858333333333333,0,0,0,0,4309.473378715274,43.094733787152734,7916.923979710187,395.1081728982652,43.664975848862085,127.67338670782286,0,88,0
06ac6393eee7a87a46f65b36cf9d1863821846f32cd08b7f9dd84710f2fa08a1,1,6,20271311,0.6,3.0,soft,wa_mcbr_soft,0010000001000000001100000000000000010000000000000000000000000000000000010000001000000000000100000000,1,1,233.88319772847748,0010000001000000001100000000000000010000000000000000000000000000000000010000001000000000000100000000,0.0,233.88319772847748,,,0.10512037493754178,1400,44,0,True,53200,112000,165200,100,8,0.08,234.4049502517303,233.84593036720582,0.5590198845244834,7.038834951456311,7.038834951456311,37.89473684210527,36.0,0.1857470334412082,1.9337499999999999,1.9337499999999999,3.0,0.6445833333333333,0,0,0,0,4347.794937313213,43.477949373132134,8100.354735095564,397.3372726222065,44.341886945386754,77.02989152935332,0,0,92
06ac6393eee7a87a46f65b36cf9d1863821846f32cd08b7f9dd84710f2fa08a1,1,6,20271311,0.6,3.0,none,wa_mcbr_none,0010000001000000001000000000000000010000000100001000000100000000001000110000001000010000001100000000,1,0,inf,0010000001000000001000000000000000010000000000001000000000000000000000110000001000010000000100000000,0.04,232.83827666591208,,,0.03775979101192206,776,46,0,True,29488,62080,91568,100,14,0.14,231.70858767642514,231.70858767642514,0.0,12.864077669902912,12.864077669902912,37.89473684210527,36.0,0.3394687162891046,3.3962499999999998,3.3962499999999998,3.0,1.1320833333333333,0,1,0,1,4259.286501922917,42.592865019229166,7683.056746405745,429.12407106267943,46.91045755321311,148.4832091456568,0,0,86
06ac6393eee7a87a46f65b36cf9d1863821846f32cd08b7f9dd84710f2fa08a1,1,6,20271311,0.6,5.0,hard,wa_mcbr_hard,0010000001000000001000000000000000010000000100001000000100000000001000110000001000010000001100000000,1,1,231.84671595226945,0010000001000000001000000000000000010000000100001000000100000000001000110000001000010000001100000000,0.0,231.84671595226945,231.8467159522694,2.451767264734966e-14,0.024226457928307354,460,18,0,True,17480,36800,54280,100,14,0.14,231.70858767642514,231.70858767642514,0.0,12.864077669902912,12.864077669902912,37.89473684210527,36.0,0.3394687162891046,3.3962499999999998,3.3962499999999998,5.0,0.6792499999999999,0,0,0,0,4259.286501922917,42.592865019229166,7683.056746405745,429.12407106267943,46.91045755321311,148.4832091456568,0,0,86
06ac6393eee7a87a46f65b36cf9d1863821846f32cd08b7f9dd84710f2fa08a1,1,6,20271311,0.6,5.0,soft,wa_mcbr_soft,0010000001000000001000000000000000010000000100001000000000000000000000110000001000010000001100000000,1,1,232.1402601769459,0010000001000000001000000000000000010000000100001000000000000000000000110000001000010000001100000000,0.0,232.1402601769459,,,0.03614183305762708,468,42,0,True,17784,37440,55224,100,12,0.12,232.55525477778815,232.04801517282783,0.507239604960319,10.922330097087377,10.922330097087377,37.89473684210527,36.0,0.2882281553398057,2.9087499999999995,2.9087499999999995,5.0,0.5817499999999999,0,0,0,0,4292.4925218393555,42.924925218393554,7841.313534141338,386.47400664706726,42.794511778132794,121.23614663256603,0,0,88
06ac6393eee7a87a46f65b36cf9d1863821846f32cd08b7f9dd84710f2fa08a1,1,6,20271311,0.6,5.0,none,wa_mcbr_none,0010000001000000001000000000000000010000000100001000000100000000001000110000001000010000001100000000,1,1,231.84671595226945,0010000001000000001000000000000000010000000100001000000100000000001000110000001000010000001100000000,0.0,231.84671595226945,,,0.037752415984869,776,46,0,True,29488,62080,91568,100,14,0.14,231.70858767642514,231.70858767642514,0.0,12.864077669902912,12.864077669902912,37.89473684210527,36.0,0.3394687162891046,3.3962499999999998,3.3962499999999998,5.0,0.6792499999999999,0,0,0,0,4259.286501922917,42.592865019229166,7683.056746405745,429.12407106267943,46.91045755321311,148.4832091456568,0,0,86
06ac6393eee7a87a46f65b36cf9d1863821846f32cd08b7f9dd84710f2fa08a1,1,6,20271311,0.6,13.0,hard,wa_mcbr_hard,0010000001000000001000000000000000010000000100001000000100000000001000110000001000010000001100000000,1,1,231.84671595226945,0010000001000000001000000000000000010000000100001000000100000000001000110000001000010000001100000000,0.0,231.84671595226945,231.8467159522694,2.451767264734966e-14,0.03948691696859896,776,46,0,True,29488,62080,91568,100,14,0.14,231.70858767642514,231.70858767642514,0.0,12.864077669902912,12.864077669902912,37.89473684210527,36.0,0.3394687162891046,3.3962499999999998,3.3962499999999998,13.0,0.26125,0,0,0,0,4259.286501922917,42.592865019229166,7683.056746405745,429.12407106267943,46.91045755321311,148.4832091456568,0,0,86
06ac6393eee7a87a46f65b36cf9d1863821846f32cd08b7f9dd84710f2fa08a1,1,6,20271311,0.6,13.0,soft,wa_mcbr_soft,0010000001000000001000000000000000010000000100001000000100000000001000110000001000010000001100000000,1,1,231.84671595226945,0010000001000000001000000000000000010000000100001000000100000000001000110000001000010000001100000000,0.0,231.84671595226945,,,0.04867791605647653,636,42,0,True,24168,50880,75048,100,14,0.14,231.75415241613322,231.70858767642514,0.04556473970809561,12.864077669902912,12.864077669902912,37.89473684210527,36.0,0.3394687162891046,3.3962499999999998,3.3962499999999998,13.0,0.26125,0,0,0,0,4259.286501922917,42.592865019229166,7683.056746405745,429.12407106267943,46.91045755321311,148.4832091456568,0,0,86
06ac6393eee7a87a46f65b36cf9d1863821846f32cd08b7f9dd84710f2fa08a1,1,6,20271311,0.6,13.0,none,wa_mcbr_none,0010000001000000001000000000000000010000000100001000000100000000001000110000001000010000001100000000,1,1,231.84671595226945,0010000001000000001000000000000000010000000100001000000100000000001000110000001000010000001100000000,0.0,231.84671595226945,,,0.03921458299737424,776,46,0,True,29488,62080,91568,100,14,0.14,231.70858767642514,231.70858767642514,0.0,12.864077669902912,12.864077669902912,37.89473684210527,36.0,0.3394687162891046,3.3962499999999998,3.3962499999999998,13.0,0.26125,0,0,0,0,4259.286501922917,42.592865019229166,7683.056746405745,429.12407106267943,46.91045755321311,148.4832091456568,0,0,86
06ac6393eee7a87a46f65b36cf9d1863821846f32cd08b7f9dd84710f2fa08a1,1,6,20271311,0.8,1.5,hard,wa_mcbr_hard,0010000000000000001000000000000000000000000000001000000000000000000000110000000000000000000100000000,1,0,inf,0010000000000000001000000000000000000000000000001000000000000000000000100000000000000000000100000000,0.01,236.76688746614812,235.9989853166971,0.32538366570540617,0.005458874977193773,100,0,0,True,3800,8000,11800,100,6,0.06,235.60599179396522,235.60599179396522,0.0,5.58252427184466,5.58252427184466,50.526315789473685,48.0,0.11048745954692556,1.495,1.495,1.5,0.9966666666666667,0,0,0,0,4413.002323594735,44.13002323594735,8402.579667645994,249.33445469262116,29.94460766581716,51.05281109658348,0,94,0
06ac6393eee7a87a46f65b36cf9d1863821846f32cd08b7f9dd84710f2fa08a1,1,6,20271311,0.8,1.5,soft,wa_mcbr_soft,0010000000000000001100000000000000000000000000000000000000000000000000100000000000000000000100000000,1,1,236.4584242031625,0010000000000000001100000000000000000000000000000000000000000000000000100000000000000000000100000000,0.0,236.4584242031625,,,0.051040833932347596,680,52,0,True,25840,54400,80240,100,5,0.05,237.48380901004916,236.45153982711085,1.0322691829383026,4.368932038834951,4.368932038834951,50.526315789473685,48.0,0.08646844660194174,1.17,1.17,1.5,0.7799999999999999,0,0,0,0,4423.4035796361095,44.2340357963611,8449.385007273297,317.0526924163856,37.00145465942943,43.66323480571238,0,0,95
06ac6393eee7a87a46f65b36cf9d1863821846f32cd08b7f9dd84710f2fa08a1,1,6,20271311,0.8,1.5,none,wa_mcbr_none,0010000001000001001000000000000000010000000100001000000100000000001000110000001000010000001100010000,1,0,inf,0010000001000000001000000000000000010000000000000000000000000000000000000000000000000000000100000000,0.11,236.60255321243974,,,0.03391762496903539,652,59,0,True,24776,52160,76936,100,16,0.16,230.916381889289,230.916381889289,0.0,14.805825242718448,14.805825242718448,50.526315789473685,48.0,0.2930319579288026,3.88375,3.88375,1.5,2.589166666666667,0,1,0,1,4230.979568210781,42.309795682107804,7550.002189785423,462.6002394094026,50.13686158895977,123.62277376439454,0,0,84
06ac6393eee7a87a46f65b36cf9d1863821846f32cd08b7f9dd84710f2fa08a1,1,6,20271311,0.8,2.0,hard,wa_mcbr_hard,0010000000000000001000000000000000000000000000001000000000000000001000110000000000010000000100000000,1,0,inf,0010000000000000001000000000000000000000000000001000000000000000000000110000000000000000000100000000,0.02,235.61798840774898,234.46004299643997,0.49387750531402796,0.005459749954752624,100,0,0,True,3800,8000,11800,100,8,0.08,234.31053299552465,234.31053299552465,0.0,7.524271844660195,7.524271844660195,50.526315789473685,48.0,0.14891788025889968,1.9825,1.9825,2.0,0.99125,0,0,0,0,4381.895592321895,43.818955923218944,8258.655330194897,273.2053529931168,31.91627436227157,63.743687243776364,0,92,0
06ac6393eee7a87a46f65b36cf9d1863821846f32cd08b7f9dd84710f2fa08a1,1,6,20271311,0.8,2.0,soft,wa_mcbr_soft,0010000000000000001000000000000000000000000000000000000010000000000000100000000000010000000100000000,1,1,236.086723731331,0010000000000000001000000000000000000000000000000000000010000000000000100000000000010000000100000000,0.0,236.086723731331,,,0.03354770899750292,456,47,0,True,17328,36480,53808,100,6,0.06,236.76562505657213,236.07552520123255,0.6900998553395905,5.0970873786407775,5.0970873786407775,50.526315789473685,48.0,0.10087985436893206,1.41375,1.41375,2.0,0.706875,0,0,0,0,4421.001648986161,44.21001648986161,8438.604332601746,252.22522751743676,34.05543362450464,48.04960350936393,0,0,94
06ac6393eee7a87a46f65b36cf9d1863821846f32cd08b7f9dd84710f2fa08a1,1,6,20271311,0.8,2.0,none,wa_mcbr_none,0010000001000001001000000000000000010000000100001000000100000000001000110000001000010000001100010000,1,0,inf,0010000001000000001000000000000000010000000000001000000000000000000000000000001000000000000100000000,0.09,234.83449555697996,,,0.03282979200594127,652,59,0,True,24776,52160,76936,100,16,0.16,230.916381889289,230.916381889289,0.0,14.805825242718448,14.805825242718448,50.526315789473685,48.0,0.2930319579288026,3.88375,3.88375,2.0,1.941875,0,1,0,1,4230.979568210781,42.309795682107804,7550.002189785423,462.6002394094026,50.13686158895977,123.62277376439454,0,0,84
06ac6393eee7a87a46f65b36cf9d1863821846f32cd08b7f9dd84710f2fa08a1,1,6,20271311,0.8,3.0,hard,wa_mcbr_hard,0010000000000001001000000000000000000000000100101000010000000000001000110000000000010000000100000000,1,0,inf,0010000000000000001000000000000000000000000100001000010000000000001000110000000000010000000100000000,0.02,233.2844489738703,232.4261702980379,0.36926937905995355,0.005586500046774745,100,0,0,True,3800,8000,11800,100,12,0.12,232.5587421325488,232.5587421325488,0.0,11.407766990291261,11.407766990291261,50.526315789473685,48.0,0.22577872168284788,2.9575,2.9575,3.0,0.9858333333333333,0,0,0,0,4309.056159285674,43.09056159285674,7916.923979710187,395.1081728982652,43.664975848862085,92.90510090784403,0,88,0
06ac6393eee7a87a46f65b36cf9d1863821846f32cd08b7f9dd84710f2fa08a1,1,6,20271311,0.8,3.0,soft,wa_mcbr_soft,0010000001000000001000000000000000010000000000001000000010000000000000100000000000010000000100000000,1,1,233.64273594307804,0010000001000000001000000000000000010000000000001000000010000000000000100000000000010000000100000000,0.0,233.64273594307804,,,0.04464562493376434,611,56,0,True,23218,48880,72098,100,9,0.09,234.58316698291964,233.61316180153935,0.9700051813802744,7.524271844660195,7.524271844660195,50.526315789473685,48.0,0.14891788025889968,2.09625,2.09625,3.0,0.69875,0,0,0,0,4350.083049922394,43.50083049922394,8111.182291382884,345.4840819110132,42.47682032027696,63.743687243776364,0,0,91
06ac6393eee7a87a46f65b36cf9d1863821846f32cd08b7f9dd84710f2fa08a1,1,6,20271311,0.8,3.0,none,wa_mcbr_none,0010000001000001001000000000000000010000000100001000000100000000001000110000001000010000001100010000,1,0,inf,0010000001000000001000000000000000010000000000001000000000000000000000110000001000010000000100000000,0.06,232.58075078105327,,,0.032260124920867383,652,59,0,True,24776,52160,76936,100,16,0.16,230.916381889289,230.916381889289,0.0,14.805825242718448,14.805825242718448,50.526315789473685,48.0,0.2930319579288026,3.88375,3.88375,3.0,1.2945833333333334,0,1,0,1,4230.979568210781,42.309795682107804,7550.002189785423,462.6002394094026,50.13686158895977,123.62277376439454,0,0,84
06ac6393eee7a87a46f65b36cf9d1863821846f32cd08b7f9dd84710f2fa08a1,1,6,20271311,0.8,5.0,hard,wa_mcbr_hard,0010000001000001001000000000000000010000000100001000000100000000001000110000001000010000001101000000,1,1,231.06905518233938,0010000001000001001000000000000000010000000100001000000100000000001000110000001000010000001101000000,0.0,231.06905518233938,231.02851517998278,0.017547618450919223,0.022978374967351556,446,18,0,True,16948,35680,52628,100,16,0.16,230.95692189164558,230.95692189164558,0.0,14.805825242718448,14.805825242718448,50.526315789473685,48.0,0.2930319579288026,3.88375,3.88375,5.0,0.77675,0,0,0,0,4227.961945556942,42.27961945556942,7535.620504495723,473.9988235444843,51.281530982686256,123.62277376439454,0,0,84
06ac6393eee7a87a46f65b36cf9d1863821846f32cd08b7f9dd84710f2fa08a1,1,6,20271311,0.8,5.0,soft,wa_mcbr_soft,0010000001000000001000000000000000010000000100001000000000000000001000110000001000010000001100000000,1,1,231.39527418412146,0010000001000000001000000000000000010000000100001000000000000000001000110000001000010000001100000000,0.0,231.39527418412146,,,0.047455874970182776,657,58,0,True,24966,52560,77526,100,13,0.13,232.13906269997364,231.32744761601538,0.8116150839582613,11.893203883495143,11.893203883495143,50.526315789473685,48.0,0.23538632686084138,3.1525,3.1525,5.0,0.6305,0,0,0,0,4275.338638967163,42.75338638967163,7762.180685484374,406.0097257633294,44.66811418260504,96.96250247999468,0,0,87
06ac6393eee7a87a46f65b36cf9d1863821846f32cd08b7f9dd84710f2fa08a1,1,6,20271311,0.8,5.0,none,wa_mcbr_none,0010000001000001001000000000000000010000000100001000000100000000001000110000001000010000001100010000,1,1,231.0285151799828,0010000001000001001000000000000000010000000100001000000100000000001000110000001000010000001100010000,0.0,231.0285151799828,,,0.0326764170313254,652,59,0,True,24776,52160,76936,100,16,0.16,230.916381889289,230.916381889289,0.0,14.805825242718448,14.805825242718448,50.526315789473685,48.0,0.2930319579288026,3.88375,3.88375,5.0,0.77675,0,0,0,0,4230.979568210781,42.309795682107804,7550.002189785423,462.6002394094026,50.13686158895977,123.62277376439454,0,0,84
06ac6393eee7a87a46f65b36cf9d1863821846f32cd08b7f9dd84710f2fa08a1,1,6,20271311,0.8,13.0,hard,wa_mcbr_hard,0010000001000001001000000000000000010000000100001000000100000000001000110000001000010000001100010000,1,1,231.0285151799828,0010000001000001001000000000000000010000000100001000000100000000001000110000001000010000001100010000,0.0,231.0285151799828,231.02851517998278,1.230225169748508e-14,0.03236012510024011,652,59,0,True,24776,52160,76936,100,16,0.16,230.916381889289,230.916381889289,0.0,14.805825242718448,14.805825242718448,50.526315789473685,48.0,0.2930319579288026,3.88375,3.88375,13.0,0.29875,0,0,0,0,4230.979568210781,42.309795682107804,7550.002189785423,462.6002394094026,50.13686158895977,123.62277376439454,0,0,84
06ac6393eee7a87a46f65b36cf9d1863821846f32cd08b7f9dd84710f2fa08a1,1,6,20271311,0.8,13.0,soft,wa_mcbr_soft,0010000001000000001000000000000000010000000100101000000100000000001000110000001000010000001100010000,1,1,231.0616696313303,0010000001000000001000000000000000010000000100101000000100000000001000110000001000010000001100010000,0.0,231.0616696313303,,,0.04795395792461932,674,63,0,True,25612,53920,79532,100,16,0.16,231.0198288723049,230.94953634063648,0.07029253166843535,14.805825242718448,14.805825242718448,50.526315789473685,48.0,0.2930319579288026,3.88375,3.88375,13.0,0.29875,0,0,0,0,4227.954556703067,42.279545567030674,7535.619766270909,473.5370201773191,51.235391931789245,123.62277376439454,0,0,84
06ac6393eee7a87a46f65b36cf9d1863821846f32cd08b7f9dd84710f2fa08a1,1,6,20271311,0.8,13.0,none,wa_mcbr_none,0010000001000001001000000000000000010000000100001000000100000000001000110000001000010000001100010000,1,1,231.0285151799828,0010000001000001001000000000000000010000000100001000000100000000001000110000001000010000001100010000,0.0,231.0285151799828,,,0.03216683294158429,652,59,0,True,24776,52160,76936,100,16,0.16,230.916381889289,230.916381889289,0.0,14.805825242718448,14.805825242718448,50.526315789473685,48.0,0.2930319579288026,3.88375,3.88375,13.0,0.29875,0,0,0,0,4230.979568210781,42.309795682107804,7550.002189785423,462.6002394094026,50.13686158895977,123.62277376439454,0,0,84
06ac6393eee7a87a46f65b36cf9d1863821846f32cd08b7f9dd84710f2fa08a1,1,6,20271311,1.0,1.5,hard,wa_mcbr_hard,0010000000000000001000000000000000000000000000001000000000000000000000110000000000000000000100000000,1,0,inf,0010000000000000001000000000000000000000000000001000000000000000000000100000000000000000000100000000,0.01,236.739880336884,235.97128355446895,0.3257162358222419,0.005294041009619832,100,0,0,True,3800,8000,11800,100,6,0.06,235.56511535338973,235.56511535338973,0.0,5.58252427184466,5.58252427184466,63.15789473684211,60.0,0.08838996763754044,1.495,1.495,1.5,0.9966666666666667,0,0,0,0,4412.96144715416,44.1296144715416,8402.579667645994,249.33445469262116,29.94460766581716,44.24007100066562,0,94,0
06ac6393eee7a87a46f65b36cf9d1863821846f32cd08b7f9dd84710f2fa08a1,1,6,20271311,1.0,1.5,soft,wa_mcbr_soft,0000000001000000001000000000000000000000000000000000000000000000000000000000000000010000001100000000,1,1,237.08255728290342,0000000001000000001000000000000000000000000000000000000000000000000000000000000000010000001100000000,0.0,237.08255728290342,,,0.03991558402776718,552,57,0,True,20976,44160,65136,100,5,0.05,237.87225849354877,237.07632570306805,0.7959327904807306,4.126213592233009,4.126213592233009,63.15789473684211,60.0,0.06533171521035598,1.12125,1.12125,1.5,0.7475,0,0,0,0,4446.961182934092,44.46961182934092,8557.343965116455,234.7620142153612,28.79302329162787,37.47457260333261,0,0,95
06ac6393eee7a87a46f65b36cf9d1863821846f32cd08b7f9dd84710f2fa08a1,1,6,20271311,1.0,1.5,none,wa_mcbr_none,0010000001000001001000000000000000010000000100001000000100000000001000110000001000010000001100010001,1,0,inf,0010000001000000001000000000000000010000000000000000000000000000000000000000000000000000000100000000,0.12,236.57827329456063,,,0.04697779205162078,993,73,0,True,37734,79440,117174,100,17,0.17,230.472160663197,230.472160663197,0.0,15.776699029126215,15.776699029126215,63.15789473684211,60.0,0.24979773462783172,4.1275,4.1275,1.5,2.751666666666667,0,1,0,1,4217.160266392794,42.17160266392794,7485.285558274882,482.65456125598524,52.091663228376234,103.24346184955515,0,0,83
06ac6393eee7a87a46f65b36cf9d1863821846f32cd08b7f9dd84710f2fa08a1,1,6,20271311,1.0,2.0,hard,wa_mcbr_hard,0010000000000000001000000000000000000000000000001000000000000000001000110000000000010000000100000000,1,0,inf,0010000000000000001000000000000000000000000000001000000000000000000000110000000000000000000100000000,0.02,235.57423876597383,234.40244116810663,0.4999084446508891,0.00541941705159843,100,0,0,True,3800,8000,11800,100,8,0.08,234.23107718299352,234.23107718299352,0.0,7.524271844660195,7.524271844660195,63.15789473684211,60.0,0.11913430420711975,1.9825,1.9825,2.0,0.99125,0,0,0,0,4381.816136509364,43.81816136509364,8258.655330194897,273.2053529931168,31.91627436227157,53.81171067738233,0,92,0
06ac6393eee7a87a46f65b36cf9d1863821846f32cd08b7f9dd84710f2fa08a1,1,6,20271311,1.0,2.0,soft,wa_mcbr_soft,0000000000000000001100000000000000000000000000000000000000000000000000100000000000010000001100000000,1,1,235.9447218460434,0000000000000000001100000000000000000000000000000000000000000000000000100000000000010000001100000000,0.0,235.9447218460434,,,0.039618375012651086,551,56,0,True,20938,44080,65018,100,6,0.06,236.62741460765383,235.93731475231425,0.6900998553395905,5.339805825242719,5.339805825242719,63.15789473684211,60.0,0.08454692556634304,1.41375,1.41375,2.0,0.706875,0,0,0,0,4410.2760123125145,44.102760123125144,8388.231786204897,336.246565269022,38.631034149819975,43.08882015024304,0,0,94
06ac6393eee7a87a46f65b36cf9d1863821846f32cd08b7f9dd84710f2fa08a1,1,6,20271311,1.0,2.0,none,wa_mcbr_none,0010000001000001001000000000000000010000000100001000000100000000001000110000001000010000001100010001,1,0,inf,0010000001000000001000000000000000010000000000001000000000000000000000000000001000000000000100000000,0.1,234.78021156043667,,,0.04785687499679625,993,73,0,True,37734,79440,117174,100,17,0.17,230.472160663197,230.472160663197,0.0,15.776699029126215,15.776699029126215,63.15789473684211,60.0,0.24979773462783172,4.1275,4.1275,2.0,2.06375,0,1,0,1,4217.160266392794,42.17160266392794,7485.285558274882,482.65456125598524,52.091663228376234,103.24346184955515,0,0,83
06ac6393eee7a87a46f65b36cf9d1863821846f32cd08b7f9dd84710f2fa08a1,1,6,20271311,1.0,3.0,hard,wa_mcbr_hard,0010000000000001001000000000000000000000000100101000010000000000001000110000000000010000000100000000,1,0,inf,0010000000000000001000000000000000000000000100001000010000000000001000110000000000010000000100000000,0.02,233.1399577701468,232.2837572063537,0.3686011342723689,0.005460707936435938,100,0,0,True,3800,8000,11800,100,12,0.12,232.3451991146934,232.3451991146934,0.0,11.407766990291261,11.407766990291261,63.15789473684211,60.0,0.18062297734627827,2.9575,2.9575,3.0,0.9858333333333333,0,0,0,0,4308.842616267818,43.08842616267818,7916.923979710187,395.1081728982652,43.664975848862085,75.1098494198963,0,88,0
06ac6393eee7a87a46f65b36cf9d1863821846f32cd08b7f9dd84710f2fa08a1,1,6,20271311,1.0,3.0,soft,wa_mcbr_soft,0010000001000000001100000000000000000000000000001000000010000000000000100000000000000000001100000000,1,1,233.60364279758764,0010000001000000001100000000000000000000000000001000000010000000000000100000000000000000001100000000,0.0,233.60364279758764,,,0.05690037494059652,811,59,0,True,30818,64880,95698,100,9,0.09,234.5534345844379,233.5834294030576,0.9700051813802744,7.766990291262136,7.766990291262136,63.15789473684211,60.0,0.12297734627831715,2.09625,2.09625,3.0,0.69875,0,0,0,0,4328.648181532926,43.28648181532926,8010.486762356265,461.4092642160426,54.08470625169045,55.055350553505534,0,0,91
06ac6393eee7a87a46f65b36cf9d1863821846f32cd08b7f9dd84710f2fa08a1,1,6,20271311,1.0,3.0,none,wa_mcbr_none,0010000001000001001000000000000000010000000100001000000100000000001000110000001000010000001100010001,1,0,inf,0010000001000000001000000000000000010000000000001000000000000000000000110000001000010000000100000000,0.07,232.44447298322947,,,0.047096208087168634,993,73,0,True,37734,79440,117174,100,17,0.17,230.472160663197,230.472160663197,0.0,15.776699029126215,15.776699029126215,63.15789473684211,60.0,0.24979773462783172,4.1275,4.1275,3.0,1.3758333333333335,0,1,0,1,4217.160266392794,42.17160266392794,7485.285558274882,482.65456125598524,52.091663228376234,103.24346184955515,0,0,83
06ac6393eee7a87a46f65b36cf9d1863821846f32cd08b7f9dd84710f2fa08a1,1,6,20271311,1.0,5.0,hard,wa_mcbr_hard,0010000001000001001000000000000000010000000100001000010100000000001000110000001000010000001100010000,1,1,230.5542276702827,0010000001000001001000000000000000010000000100001000010100000000001000110000001000010000001100010000,0.0,230.5542276702827,230.51836430675783,0.015557703453571053,0.023536166991107166,446,19,0,True,16948,35680,52628,100,17,0.17,230.4664054388148,230.4664054388148,0.0,15.776699029126215,15.776699029126215,63.15789473684211,60.0,0.24979773462783172,4.1275,4.1275,5.0,0.8255000000000001,0,0,0,0,4207.215380828196,42.07215380828197,7438.53134023091,509.42599863255356,54.784719465308505,103.24346184955515,0,0,83
06ac6393eee7a87a46f65b36cf9d1863821846f32cd08b7f9dd84710f2fa08a1,1,6,20271311,1.0,5.0,soft,wa_mcbr_soft,0010000001000000001000000000000000010000000000001010000000000000000000110000001000010000001100000000,1,1,231.4838485965987,0010000001000000001000000000000000010000000000001010000000000000000000110000001000010000001100000000,0.0,231.4838485965987,,,0.04188899998553097,552,62,0,True,20976,44160,65136,100,12,0.12,232.01645290981503,231.43879405053985,0.5776588592751799,11.16504854368932,11.16504854368932,63.15789473684211,60.0,0.17677993527508087,2.9899999999999993,2.9899999999999993,5.0,0.5979999999999999,0,0,0,0,4260.901967584288,42.60901967584288,7697.492250558369,468.14512833844884,57.68754653064443,73.68550368550366,0,0,88
06ac6393eee7a87a46f65b36cf9d1863821846f32cd08b7f9dd84710f2fa08a1,1,6,20271311,1.0,5.0,none,wa_mcbr_none,0010000001000001001000000000000000010000000100001000000100000000001000110000001000010000001100010001,1,1,230.5599828946649,0010000001000001001000000000000000010000000100001000000100000000001000110000001000010000001100010001,0.0,230.5599828946649,,,0.0494770830264315,993,73,0,True,37734,79440,117174,100,17,0.17,230.472160663197,230.472160663197,0.0,15.776699029126215,15.776699029126215,63.15789473684211,60.0,0.24979773462783172,4.1275,4.1275,5.0,0.8255000000000001,0,0,0,0,4217.160266392794,42.17160266392794,7485.285558274882,482.65456125598524,52.091663228376234,103.24346184955515,0,0,83
06ac6393eee7a87a46f65b36cf9d1863821846f32cd08b7f9dd84710f2fa08a1,1,6,20271311,1.0,13.0,hard,wa_mcbr_hard,0010000001000001001000000000000000010000000100001000010100000000001000110000001000010000001100010000,1,1,230.5542276702827,0010000001000001001000000000000000010000000100001000010100000000001000110000001000010000001100010000,0.0,230.5542276702827,230.51836430675783,0.015557703453571053,0.03154579200781882,636,61,0,True,24168,50880,75048,100,17,0.17,230.4664054388148,230.4664054388148,0.0,15.776699029126215,15.776699029126215,63.15789473684211,60.0,0.24979773462783172,4.1275,4.1275,13.0,0.3175,0,0,0,0,4207.215380828196,42.07215380828197,7438.53134023091,509.42599863255356,54.784719465308505,103.24346184955515,0,0,83
06ac6393eee7a87a46f65b36cf9d1863821846f32cd08b7f9dd84710f2fa08a1,1,6,20271311,1.0,13.0,soft,wa_mcbr_soft,0010000001000001001000000000000000010000000100101000000100000000001000110000001000010000001100010000,1,1,230.5183643067578,0010000001000001001000000000000000010000000100101000000100000000001000110000001000010000001100010000,0.0,230.5183643067578,,,0.08998029096983373,1243,71,0,True,47234,99440,146674,100,17,0.17,230.51731461248414,230.4305420752899,0.08677253719422855,15.776699029126215,15.776699029126215,63.15789473684211,60.0,0.24979773462783172,4.1275,4.1275,13.0,0.3175,0,0,0,0,4212.531592258862,42.12531592258861,7463.702768637362,492.73255337756615,53.104037491821686,103.24346184955515,0,0,83
06ac6393eee7a87a46f65b36cf9d1863821846f32cd08b7f9dd84710f2fa08a1,1,6,20271311,1.0,13.0,none,wa_mcbr_none,0010000001000001001000000000000000010000000100001000000100000000001000110000001000010000001100010001,1,1,230.5599828946649,0010000001000001001000000000000000010000000100001000000100000000001000110000001000010000001100010001,0.0,230.5599828946649,,,0.04743795795366168,993,73,0,True,37734,79440,117174,100,17,0.17,230.472160663197,230.472160663197,0.0,15.776699029126215,15.776699029126215,63.15789473684211,60.0,0.24979773462783172,4.1275,4.1275,13.0,0.3175,0,0,0,0,4217.160266392794,42.17160266392794,7485.285558274882,482.65456125598524,52.091663228376234,103.24346184955515,0,0,83
06ac6393eee7a87a46f65b36cf9d1863821846f32cd08b7f9dd84710f2fa08a1,1,7,20271408,0.2,1.5,hard,wa_mcbr_hard,0000000000000000001000000000000000010000000010100000000000000000001000001000000000000000000000000000,1,0,inf,0000000000000000001000000000000000010000000010000000000000000000001000001000000000000000000000000000,0.01,237.35836728925725,235.1244106338216,0.9501168549082538,0.005403874907642603,100,0,0,True,3800,8000,11800,100,6,0.06,236.91377602347237,236.91377602347237,0.0,5.097087378640776,5.097087378640776,12.631578947368421,12.0,0.40351941747572806,1.4137499999999998,1.4137499999999998,1.5,0.9424999999999999,0,0,0,0,4425.106768875593,44.25106768875593,8452.968381018614,262.0030187704607,28.06350310264531,189.12512716174967,0,94,0
06ac6393eee7a87a46f65b36cf9d1863821846f32cd08b7f9dd84710f2fa08a1,1,7,20271408,0.2,1.5,soft,wa_mcbr_soft,0010000000000000001000000000000000000000000010000000100000000000000000000000000000000000000100000000,1,1,236.10542491316286,0010000000000000001000000000000000000000000010000000100000000000000000000000000000000000000100000000,0.0,236.10542491316286,,,0.032790458062663674,450,16,0,True,17100,36000,53100,100,5,0.05,236.83961247320718,236.04367968272646,0.7959327904807306,4.12621359223301,4.12621359223301,12.631578947368421,12.0,0.32665857605177995,1.12125,1.12125,1.5,0.7475,0,0,0,0,4412.378482155649,44.12378482155649,8398.93669083169,254.4137636622407,27.33816633817949,141.28266746770802,0,0,95
06ac6393eee7a87a46f65b36cf9d1863821846f32cd08b7f9dd84710f2fa08a1,1,7,20271408,0.2,1.5,none,wa_mcbr_none,0000000000000000001100000000000000010000000010000000100000000000000000000000000000000000000110000000,1,0,inf,0000000000000000001100000000000000000000000010000000100000000000000000000000000000000000000100000000,0.02,235.58688573155914,,,0.021855333005078137,440,20,0,True,16720,35200,51920,100,7,0.07,234.15658044559396,234.15658044559396,0.0,5.825242718446603,5.825242718446603,12.631578947368421,12.0,0.4611650485436894,1.60875,1.60875,1.5,1.0725,0,1,0,1,4321.5786504584285,43.21578650458429,7977.978120712946,448.70038724005445,54.017244706520486,233.96396396396398,0,0,93
06ac6393eee7a87a46f65b36cf9d1863821846f32cd08b7f9dd84710f2fa08a1,1,7,20271408,0.2,2.0,hard,wa_mcbr_hard,0000000000000000001100000000000000010000000010000000100000000000000000000000000000000000000110000000,1,1,234.34582124121775,0000000000000000001100000000000000010000000010000000100000000000000000000000000000000000000110000000,0.0,234.34582124121775,234.34582124121772,1.2128105924768706e-14,0.021150666987523437,440,9,0,True,16720,35200,51920,100,7,0.07,234.15658044559396,234.15658044559396,0.0,5.825242718446603,5.825242718446603,12.631578947368421,12.0,0.4611650485436894,1.60875,1.60875,2.0,0.804375,0,0,0,0,4321.5786504584285,43.21578650458429,7977.978120712946,448.70038724005445,54.017244706520486,233.96396396396398,0,1,92
06ac6393eee7a87a46f65b36cf9d1863821846f32cd08b7f9dd84710f2fa08a1,1,7,20271408,0.2,2.0,soft,wa_mcbr_soft,0010000000000000001000000000000000000000000000001000100000000000000000001000000000000000000100000000,1,1,235.54218445489872,0010000000000000001000000000000000000000000000001000100000000000000000001000000000000000000100000000,0.0,235.54218445489872,,,0.0347622080007568,461,17,0,True,17518,36880,54398,100,6,0.06,236.13613183592972,235.44603198059013,0.6900998553395905,5.339805825242719,5.339805825242719,12.631578947368421,12.0,0.4227346278317152,1.41375,1.41375,2.0,0.706875,0,0,0,0,4381.5947412772775,43.81594741277277,8255.008775326865,329.38049552390413,34.795887810943576,203.07638402242466,0,0,94
06ac6393eee7a87a46f65b36cf9d1863821846f32cd08b7f9dd84710f2fa08a1,1,7,20271408,0.2,2.0,none,wa_mcbr_none,0000000000000000001100000000000000010000000010000000100000000000000000000000000000000000000110000000,1,1,234.34582124121775,0000000000000000001100000000000000010000000010000000100000000000000000000000000000000000000110000000,0.0,234.34582124121775,,,0.022315333015285432,440,20,0,True,16720,35200,51920,100,7,0.07,234.15658044559396,234.15658044559396,0.0,5.825242718446603,5.825242718446603,12.631578947368421,12.0,0.4611650485436894,1.60875,1.60875,2.0,0.804375,0,0,0,0,4321.5786504584285,43.21578650458429,7977.978120712946,448.70038724005445,54.017244706520486,233.96396396396398,0,0,93
06ac6393eee7a87a46f65b36cf9d1863821846f32cd08b7f9dd84710f2fa08a1,1,7,20271408,0.2,3.0,hard,wa_mcbr_hard,0000000000000000001100000000000000010000000010000000100000000000000000000000000000000000000110000000,1,1,234.34582124121775,0000000000000000001100000000000000010000000010000000100000000000000000000000000000000000000110000000,0.0,234.34582124121775,234.34582124121772,1.2128105924768706e-14,0.022616875008679926,440,17,0,True,16720,35200,51920,100,7,0.07,234.15658044559396,234.15658044559396,0.0,5.825242718446603,5.825242718446603,12.631578947368421,12.0,0.4611650485436894,1.60875,1.60875,3.0,0.53625,0,0,0,0,4321.5786504584285,43.21578650458429,7977.978120712946,448.70038724005445,54.017244706520486,233.96396396396398,0,0,93
06ac6393eee7a87a46f65b36cf9d1863821846f32cd08b7f9dd84710f2fa08a1,1,7,20271408,0.2,3.0,soft,wa_mcbr_soft,0010000000000000001100000000000000000000000010000000100000000000000000001000000000000000000100000000,1,1,234.67475871297856,0010000000000000001100000000000000000000000010000000100000000000000000001000000000000000000100000000,0.0,234.67475871297856,,,0.033509208005853,450,18,0,True,17100,36000,53100,100,7,0.07,234.70092002260728,234.4953088271254,0.20561119548188242,6.067961165048544,6.067961165048544,12.631578947368421,12.0,0.4803802588996764,1.60875,1.60875,3.0,0.53625,0,0,0,0,4341.284765843111,43.41284765843111,8067.8854671066365,389.55977595237397,40.7810152337505,251.12105877773456,0,0,93
06ac6393eee7a87a46f65b36cf9d1863821846f32cd08b7f9dd84710f2fa08a1,1,7,20271408,0.2,3.0,none,wa_mcbr_none,0000000000000000001100000000000000010000000010000000100000000000000000000000000000000000000110000000,1,1,234.34582124121775,0000000000000000001100000000000000010000000010000000100000000000000000000000000000000000000110000000,0.0,234.34582124121775,,,0.021729832980781794,440,20,0,True,16720,35200,51920,100,7,0.07,234.15658044559396,234.15658044559396,0.0,5.825242718446603,5.825242718446603,12.631578947368421,12.0,0.4611650485436894,1.60875,1.60875,3.0,0.53625,0,0,0,0,4321.5786504584285,43.21578650458429,7977.978120712946,448.70038724005445,54.017244706520486,233.96396396396398,0,0,93
06ac6393eee7a87a46f65b36cf9d1863821846f32cd08b7f9dd84710f2fa08a1,1,7,20271408,0.2,5.0,hard,wa_mcbr_hard,0000000000000000001100000000000000010000000010000000100000000000000000000000000000000000000110000000,1,1,234.34582124121775,0000000000000000001100000000000000010000000010000000100000000000000000000000000000000000000110000000,0.0,234.34582124121775,234.34582124121772,1.2128105924768706e-14,0.02262462500948459,440,20,0,True,16720,35200,51920,100,7,0.07,234.15658044559396,234.15658044559396,0.0,5.825242718446603,5.825242718446603,12.631578947368421,12.0,0.4611650485436894,1.60875,1.60875,5.0,0.32175,0,0,0,0,4321.5786504584285,43.21578650458429,7977.978120712946,448.70038724005445,54.017244706520486,233.96396396396398,0,0,93
06ac6393eee7a87a46f65b36cf9d1863821846f32cd08b7f9dd84710f2fa08a1,1,7,20271408,0.2,5.0,soft,wa_mcbr_soft,0010000000000000001100000000000000010000000010000000100000000000000000001000000000000000000100000000,1,1,234.6701497007051,0010000000000000001100000000000000010000000010000000100000000000000000001000000000000000000100000000,0.0,234.6701497007051,,,0.03989591705612838,510,21,0,True,19380,40800,60180,100,8,0.08,234.4106309188473,234.34823384520885,0.06239707363844674,6.7961165048543695,6.7961165048543695,12.631578947368421,12.0,0.5380258899676376,1.8525,1.8525,5.0,0.3705,0,0,0,0,4316.302440590424,43.163024405904245,7949.155811349813,426.6492069028677,44.476418726565385,311.15586690017517,0,0,92
06ac6393eee7a87a46f65b36cf9d1863821846f32cd08b7f9dd84710f2fa08a1,1,7,20271408,0.2,5.0,none,wa_mcbr_none,0000000000000000001100000000000000010000000010000000100000000000000000000000000000000000000110000000,1,1,234.34582124121775,0000000000000000001100000000000000010000000010000000100000000000000000000000000000000000000110000000,0.0,234.34582124121775,,,0.02416425000410527,440,20,0,True,16720,35200,51920,100,7,0.07,234.15658044559396,234.15658044559396,0.0,5.825242718446603,5.825242718446603,12.631578947368421,12.0,0.4611650485436894,1.60875,1.60875,5.0,0.32175,0,0,0,0,4321.5786504584285,43.21578650458429,7977.978120712946,448.70038724005445,54.017244706520486,233.96396396396398,0,0,93
06ac6393eee7a87a46f65b36cf9d1863821846f32cd08b7f9dd84710f2fa08a1,1,7,20271408,0.2,13.0,hard,wa_mcbr_hard,0000000000000000001100000000000000010000000010000000100000000000000000000000000000000000000110000000,1,1,234.34582124121775,0000000000000000001100000000000000010000000010000000100000000000000000000000000000000000000110000000,0.0,234.34582124121775,234.34582124121772,1.2128105924768706e-14,0.021945958025753498,440,20,0,True,16720,35200,51920,100,7,0.07,234.15658044559396,234.15658044559396,0.0,5.825242718446603,5.825242718446603,12.631578947368421,12.0,0.4611650485436894,1.60875,1.60875,13.0,0.12375,0,0,0,0,4321.5786504584285,43.21578650458429,7977.978120712946,448.70038724005445,54.017244706520486,233.96396396396398,0,0,93
06ac6393eee7a87a46f65b36cf9d1863821846f32cd08b7f9dd84710f2fa08a1,1,7,20271408,0.2,13.0,soft,wa_mcbr_soft,0000000000000000001100000000000000010000000010000000100000000000000000000000000000000000000110000000,1,1,234.34582124121775,0000000000000000001100000000000000010000000010000000100000000000000000000000000000000000000110000000,0.0,234.34582124121775,,,0.032237667008303106,440,20,0,True,16720,35200,51920,100,7,0.07,234.1641640377365,234.15658044559396,0.007583592142527354,5.825242718446603,5.825242718446603,12.631578947368421,12.0,0.4611650485436894,1.60875,1.60875,13.0,0.12375,0,0,0,0,4321.5786504584285,43.21578650458429,7977.978120712946,448.70038724005445,54.017244706520486,233.96396396396398,0,0,93
06ac6393eee7a87a46f65b36cf9d1863821846f32cd08b7f9dd84710f2fa08a1,1,7,20271408,0.2,13.0,none,wa_mcbr_none,0000000000000000001100000000000000010000000010000000100000000000000000000000000000000000000110000000,1,1,234.34582124121775,0000000000000000001100000000000000010000000010000000100000000000000000000000000000000000000110000000,0.0,234.34582124121775,,,0.021896708058193326,440,20,0,True,16720,35200,51920,100,7,0.07,234.15658044559396,234.15658044559396,0.0,5.825242718446603,5.825242718446603,12.631578947368421,12.0,0.4611650485436894,1.60875,1.60875,13.0,0.12375,0,0,0,0,4321.5786504584285,43.21578650458429,7977.978120712946,448.70038724005445,54.017244706520486,233.96396396396398,0,0,93
06ac6393eee7a87a46f65b36cf9d1863821846f32cd08b7f9dd84710f2fa08a1,1,7,20271408,0.4,1.5,hard,wa_mcbr_hard,0000000000000000001000000000000000010000000010100000000000000000001000001000000000000000000000000000,1,0,inf,0000000000000000001000000000000000010000000010000000000000000000001000001000000000000000000000000000,0.01,236.95383132491318,234.68675970100085,0.9659989454883002,0.00532195798587054,100,0,0,True,3800,8000,11800,100,6,0.06,236.27815866985193,236.27815866985193,0.0,5.097087378640776,5.097087378640776,25.263157894736842,24.0,0.20175970873786403,1.4137499999999998,1.4137499999999998,1.5,0.9424999999999999,0,0,0,0,4424.471151521972,44.24471151521973,8452.968381018614,262.0030187704607,28.06350310264531,83.1889015583428,0,94,0
06ac6393eee7a87a46f65b36cf9d1863821846f32cd08b7f9dd84710f2fa08a1,1,7,20271408,0.4,1.5,soft,wa_mcbr_soft,0010000000000000000100000000000000010000000000001000000000000000000000000000000000000000000100000000,1,1,236.57159836840802,0010000000000000000100000000000000010000000000001000000000000000000000000000000000000000000100000000,0.0,236.57159836840802,,,0.03738875000271946,517,31,0,True,19646,41360,61006,100,5,0.05,237.58696647348214,236.55469729054383,1.0322691829383026,4.368932038834951,4.368932038834951,25.263157894736842,24.0,0.17293689320388347,1.17,1.17,1.5,0.7799999999999999,0,0,0,0,4434.339671288181,44.34339671288181,8499.718168465262,235.65986291901044,23.633693053010507,72.27439471753485,0,0,95
06ac6393eee7a87a46f65b36cf9d1863821846f32cd08b7f9dd84710f2fa08a1,1,7,20271408,0.4,1.5,none,wa_mcbr_none,0010000000000000001100000000000000010000000010001000100000000000000010011000000000000000001100000000,1,0,inf,0000000000000000001100000000000000000000000010000000100000000000000000000000000000000000000100000000,0.07,235.18234976721507,,,0.023111167014576495,463,38,0,True,17594,37040,54634,100,12,0.12,231.5585682506291,231.5585682506291,0.0,10.922330097087377,10.922330097087377,25.263157894736842,24.0,0.43234223300970864,2.90875,2.90875,1.5,1.9391666666666667,0,1,0,1,4223.345115850169,42.233451158501694,7517.463381291904,535.0201209543653,55.28177432531609,210.40619989310522,0,0,88
06ac6393eee7a87a46f65b36cf9d1863821846f32cd08b7f9dd84710f2fa08a1,1,7,20271408,0.4,2.0,hard,wa_mcbr_hard,0000000000000001001000000000000000010000000010100000000000000000001000101000000000000000000000000000,1,0,inf,0000000000000001001000000000000000010000000010100000000000000000001000001000000000000000000000000000,0.01,235.75977236418623,233.1816132619036,1.1056442513702416,0.005336291971616447,100,0,0,True,3800,8000,11800,100,8,0.08,235.2809163693317,235.2809163693317,0.0,7.038834951456311,7.038834951456311,25.263157894736842,24.0,0.2786205501618123,1.90125,1.90125,2.0,0.950625,0,0,0,0,4387.563237644821,43.87563237644821,8280.277724020187,328.84645521709473,34.71550252336461,116.55825038553203,0,92,0
06ac6393eee7a87a46f65b36cf9d1863821846f32cd08b7f9dd84710f2fa08a1,1,7,20271408,0.4,2.0,soft,wa_mcbr_soft,0000000000000000001100000000000000000000000010000000100000000000000000000000000000000000000110000000,1,1,233.92085515290256,0000000000000000001100000000000000000000000010000000100000000000000000000000000000000000000110000000,0.0,233.92085515290256,,,0.0500519999768585,713,36,0,True,27094,57040,84134,100,6,0.06,234.4600364976612,233.89219841916835,0.5678380784928596,5.0970873786407775,5.0970873786407775,25.263157894736842,24.0,0.2017597087378641,1.365,1.365,2.0,0.6825,0,0,0,0,4346.1774639717705,43.4617746397177,8096.7045577235,413.0550937367119,50.75962058323357,83.18890155834285,0,0,94
06ac6393eee7a87a46f65b36cf9d1863821846f32cd08b7f9dd84710f2fa08a1,1,7,20271408,0.4,2.0,none,wa_mcbr_none,0010000000000000001100000000000000010000000010001000100000000000000010011000000000000000001100000000,1,0,inf,0000000000000000001100000000000000010000000010000000100000000000000000001000000000000000000100000000,0.05,233.4595936793873,,,0.023673666990362108,463,38,0,True,17594,37040,54634,100,12,0.12,231.5585682506291,231.5585682506291,0.0,10.922330097087377,10.922330097087377,25.263157894736842,24.0,0.43234223300970864,2.90875,2.90875,2.0,1.454375,0,1,0,1,4223.345115850169,42.233451158501694,7517.463381291904,535.0201209543653,55.28177432531609,210.40619989310522,0,0,88
06ac6393eee7a87a46f65b36cf9d1863821846f32cd08b7f9dd84710f2fa08a1,1,7,20271408,0.4,3.0,hard,wa_mcbr_hard,0010000000000000001100000000000000010000000010001000100000000000000010010000000000000000000110000000,1,0,inf,0010000000000000001100000000000000010000000010001000100000000000000010000000000000000000000110000000,0.01,231.92204767666604,231.88428673824106,0.016284388630268293,0.026994084008038044,585,19,0,True,22230,46800,69030,100,11,0.11,231.57642700554854,231.57642700554854,0.0,9.95145631067961,9.95145631067961,25.263157894736842,24.0,0.3939118122977346,2.665,2.665,3.0,0.8883333333333333,0,0,0,0,4227.960948805318,42.27960948805318,7542.687350058557,541.2413905658368,62.486368959762146,182.4812280994493,0,1,88
06ac6393eee7a87a46f65b36cf9d1863821846f32cd08b7f9dd84710f2fa08a1,1,7,20271408,0.4,3.0,soft,wa_mcbr_soft,0010000000000000001100000000000000000000000000000000100000000000001000010000000000000000000110000000,1,1,232.92093267241728,0010000000000000001100000000000000000000000000000000100000000000001000010000000000000000000110000000,0.0,232.92093267241728,,,0.045870249974541366,629,36,0,True,23902,50320,74222,100,8,0.08,233.49592411873329,232.85929640739394,0.636627711339334,7.524271844660195,7.524271844660195,25.263157894736842,24.0,0.29783576051779936,1.9825,1.9825,3.0,0.6608333333333333,0,0,0,0,4300.769788331356,43.00769788331356,7884.447380136279,470.1814846715974,55.92251703479421,126.04205674780356,0,0,92
06ac6393eee7a87a46f65b36cf9d1863821846f32cd08b7f9dd84710f2fa08a1,1,7,20271408,0.4,3.0,none,wa_mcbr_none,0010000000000000001100000000000000010000000010001000100000000000000010011000000000000000001100000000,1,0,inf,0010000000000000001100000000000000010000000010001000100000000000000010001000000000000000000100000000,0.02,231.99759661197572,,,0.02316633309237659,463,38,0,True,17594,37040,54634,100,12,0.12,231.5585682506291,231.5585682506291,0.0,10.922330097087377,10.922330097087377,25.263157894736842,24.0,0.43234223300970864,2.90875,2.90875,3.0,0.9695833333333334,0,0,0,0,4223.345115850169,42.233451158501694,7517.463381291904,535.0201209543653,55.28177432531609,210.40619989310522,0,0,88
06ac6393eee7a87a46f65b36cf9d1863821846f32cd08b7f9dd84710f2fa08a1,1,7,20271408,0.4,5.0,hard,wa_mcbr_hard,0010000000000000001100000000000000010000000010001000100000000000000010010000000000000000000110000000,1,1,231.74501584939577,0010000000000000001100000000000000010000000010001000100000000000000010010000000000000000000110000000,0.0,231.74501584939577,231.74501584939577,0.0,0.02220458397641778,440,29,0,True,16720,35200,51920,100,11,0.11,231.57642700554854,231.57642700554854,0.0,9.95145631067961,9.95145631067961,25.263157894736842,24.0,0.3939118122977346,2.665,2.665,5.0,0.533,0,0,0,0,4227.960948805318,42.27960948805318,7542.687350058557,541.2413905658368,62.486368959762146,182.4812280994493,0,0,89
06ac6393eee7a87a46f65b36cf9d1863821846f32cd08b7f9dd84710f2fa08a1,1,7,20271408,0.4,5.0,soft,wa_mcbr_soft,0010000000000000001100000000000000010000000010001000100000000000000000011000000000000000000110000000,1,1,231.76882365828004,0010000000000000001100000000000000010000000010001000100000000000000000011000000000000000000110000000,0.0,231.76882365828004,,,0.049130083061754704,644,37,0,True,24472,51520,75992,100,11,0.11,231.91504570419258,231.6002348144328,0.31481088975977434,9.951456310679612,9.951456310679612,25.263157894736842,24.0,0.39391181229773464,2.6649999999999996,2.6649999999999996,5.0,0.5329999999999999,0,0,0,0,4217.282834270432,42.17282834270432,7492.3394786293775,588.685523758091,67.22532994348302,182.48122809944937,0,0,89
06ac6393eee7a87a46f65b36cf9d1863821846f32cd08b7f9dd84710f2fa08a1,1,7,20271408,0.4,5.0,none,wa_mcbr_none,0010000000000000001100000000000000010000000010001000100000000000000010011000000000000000001100000000,1,1,231.78038601252368,0010000000000000001100000000000000010000000010001000100000000000000010011000000000000000001100000000,0.0,231.78038601252368,,,0.02305049996357411,463,38,0,True,17594,37040,54634,100,12,0.12,231.5585682506291,231.5585682506291,0.0,10.922330097087377,10.922330097087377,25.263157894736842,24.0,0.43234223300970864,2.90875,2.90875,5.0,0.58175,0,0,0,0,4223.345115850169,42.233451158501694,7517.463381291904,535.0201209543653,55.28177432531609,210.40619989310522,0,0,88
06ac6393eee7a87a46f65b36cf9d1863821846f32cd08b7f9dd84710f2fa08a1,1,7,20271408,0.4,13.0,hard,wa_mcbr_hard,0010000000000000001100000000000000010000000010001000100000000000000010011000000000000000001100000000,1,1,231.78038601252368,0010000000000000001100000000000000010000000010001000100000000000000010011000000000000000001100000000,0.0,231.78038601252368,231.74501584939577,0.015262534556900242,0.02301966689992696,463,38,0,True,17594,37040,54634,100,12,0.12,231.5585682506291,231.5585682506291,0.0,10.922330097087377,10.922330097087377,25.263157894736842,24.0,0.43234223300970864,2.90875,2.90875,13.0,0.22375,0,0,0,0,4223.345115850169,42.233451158501694,7517.463381291904,535.0201209543653,55.28177432531609,210.40619989310522,0,0,88
06ac6393eee7a87a46f65b36cf9d1863821846f32cd08b7f9dd84710f2fa08a1,1,7,20271408,0.4,13.0,soft,wa_mcbr_soft,0010000000000000001100000000000000010000000010001000100000000000000010010000000000000000000110000000,1,1,231.74501584939577,0010000000000000001100000000000000010000000010001000100000000000000010010000000000000000000110000000,0.0,231.74501584939577,,,0.032803458045236766,445,39,0,True,16910,35600,52510,100,11,0.11,231.59925464614506,231.57642700554854,0.022827640596514473,9.95145631067961,9.95145631067961,25.263157894736842,24.0,0.3939118122977346,2.665,2.665,13.0,0.20500000000000002,0,0,0,0,4227.960948805318,42.27960948805318,7542.687350058557,541.2413905658368,62.486368959762146,182.4812280994493,0,0,89
06ac6393eee7a87a46f65b36cf9d1863821846f32cd08b7f9dd84710f2fa08a1,1,7,20271408,0.4,13.0,none,wa_mcbr_none,0010000000000000001100000000000000010000000010001000100000000000000010011000000000000000001100000000,1,1,231.78038601252368,0010000000000000001100000000000000010000000010001000100000000000000010011000000000000000001100000000,0.0,231.78038601252368,,,0.023559624911285937,463,38,0,True,17594,37040,54634,100,12,0.12,231.5585682506291,231.5585682506291,0.0,10.922330097087377,10.922330097087377,25.263157894736842,24.0,0.43234223300970864,2.90875,2.90875,13.0,0.22375,0,0,0,0,4223.345115850169,42.233451158501694,7517.463381291904,535.0201209543653,55.28177432531609,210.40619989310522,0,0,88
06ac6393eee7a87a46f65b36cf9d1863821846f32cd08b7f9dd84710f2fa08a1,1,7,20271408,0.6,1.5,hard,wa_mcbr_hard,0000000000000000001000000000000000010000000010100000000000000000001000001000000000000000000000000000,1,0,inf,0000000000000000001000000000000000010000000010000000000000000000001000001000000000000000000000000000,0.01,236.8544136240593,234.58118661793344,0.9690576805838697,0.005352583015337586,100,0,0,True,3800,8000,11800,100,6,0.06,236.13214047433686,236.13214047433686,0.0,5.097087378640776,5.097087378640776,37.89473684210527,36.0,0.13450647249190933,1.4137499999999998,1.4137499999999998,1.5,0.9424999999999999,0,0,0,0,4424.325133326457,44.24325133326457,8452.968381018614,262.0030187704607,28.06350310264531,58.852535639168025,0,94,0
06ac6393eee7a87a46f65b36cf9d1863821846f32cd08b7f9dd84710f2fa08a1,1,7,20271408,0.6,1.5,soft,wa_mcbr_soft,0010000000000000000100000000000000010000000010000000100000000000000000000000000000000000000000000000,1,1,235.9788079653113,0010000000000000000100000000000000010000000010000000100000000000000000000000000000000000000000000000,0.0,235.9788079653113,,,0.03706574998795986,517,43,0,True,19646,41360,61006,100,5,0.05,237.0012715557225,235.9690023727842,1.0322691829383026,4.368932038834952,4.368932038834952,37.89473684210527,36.0,0.11529126213592233,1.17,1.17,1.5,0.7799999999999999,0,0,0,0,4416.9365368938015,44.16936536893802,8420.54763512537,294.7285035888178,29.5270250737462,52.578875171467764,0,0,95
06ac6393eee7a87a46f65b36cf9d1863821846f32cd08b7f9dd84710f2fa08a1,1,7,20271408,0.6,1.5,none,wa_mcbr_none,0010000000000011001100000000000000010000000010001000100000000000001010010000001000000000001100000000,1,0,inf,0000000000000000001100000000000000000000000010000000100000000000000000000000000000000000000100000000,0.1,235.0829320663612,,,0.028860499965958297,585,55,0,True,22230,46800,69030,100,15,0.15,230.20884084244068,230.20884084244068,0.0,13.834951456310678,13.834951456310678,37.89473684210527,36.0,0.36508899676375395,3.6399999999999997,3.6399999999999997,1.5,2.4266666666666663,0,1,0,1,4188.770730546438,41.88770730546438,7355.617727820652,527.6260631893035,54.51518804341235,163.75597323988524,0,0,85
06ac6393eee7a87a46f65b36cf9d1863821846f32cd08b7f9dd84710f2fa08a1,1,7,20271408,0.6,2.0,hard,wa_mcbr_hard,0000000000000001001000000000000000010000000010100000000000000000001000101000000000000000000000000000,1,0,inf,0000000000000001001000000000000000010000000010100000000000000000001000001000000000000000000000000000,0.01,235.52163733744828,232.94347823516566,1.106774536816984,0.005376999964937568,100,0,0,True,3800,8000,11800,100,8,0.08,234.96468949848227,234.96468949848227,0.0,7.038834951456311,7.038834951456311,37.89473684210527,36.0,0.1857470334412082,1.90125,1.90125,2.0,0.950625,0,0,0,0,4387.247010773972,43.872470107739716,8280.277724020187,328.84645521709473,34.71550252336461,77.02989152935332,0,92,0
06ac6393eee7a87a46f65b36cf9d1863821846f32cd08b7f9dd84710f2fa08a1,1,7,20271408,0.6,2.0,soft,wa_mcbr_soft,0000000000000000001100000000000000000000000010001000100000000000000000000000000000000000000100000000,1,1,234.23070153427688,0000000000000000001100000000000000000000000010001000100000000000000000000000000000000000000100000000,0.0,234.23070153427688,,,0.04617074993439019,625,50,0,True,23750,50000,73750,100,6,0.06,234.7823836895785,234.21454561108564,0.5678380784928596,5.0970873786407775,5.0970873786407775,37.89473684210527,36.0,0.1345064724919094,1.365,1.365,2.0,0.6825,0,0,0,0,4375.01226019787,43.7501226019787,8229.797038247712,309.8574973392651,32.83970795220547,58.85253563916804,0,0,94
06ac6393eee7a87a46f65b36cf9d1863821846f32cd08b7f9dd84710f2fa08a1,1,7,20271408,0.6,2.0,none,wa_mcbr_none,0010000000000011001100000000000000010000000010001000100000000000001010010000001000000000001100000000,1,0,inf,0010000000000000001100000000000000010000000010000000100000000000000000000000000000000000000100000000,0.08,233.29075898181313,,,0.028593166964128613,585,55,0,True,22230,46800,69030,100,15,0.15,230.20884084244068,230.20884084244068,0.0,13.834951456310678,13.834951456310678,37.89473684210527,36.0,0.36508899676375395,3.6399999999999997,3.6399999999999997,2.0,1.8199999999999998,0,1,0,1,4188.770730546438,41.88770730546438,7355.617727820652,527.6260631893035,54.51518804341235,163.75597323988524,0,0,85
06ac6393eee7a87a46f65b36cf9d1863821846f32cd08b7f9dd84710f2fa08a1,1,7,20271408,0.6,3.0,hard,wa_mcbr_hard,0000000000000001001000000100000000010000000010100100000100000000001000101000000000000000000000100000,1,0,inf,0000000000000001001000000000000000010000000010100100000000000000001000101000000000000000000000100000,0.02,234.49031397902377,231.2140315554449,1.416991175465583,0.005443083005957305,100,0,0,True,3800,8000,11800,100,12,0.12,234.13680595286056,234.13680595286056,0.0,10.679611650485436,10.679611650485436,37.89473684210527,36.0,0.2818230852211434,2.8274999999999997,2.8274999999999997,3.0,0.9424999999999999,0,0,0,0,4332.1808647505,43.321808647505,8017.737772566735,430.30175336655293,44.814380561183036,118.1036425084491,0,87,1
06ac6393eee7a87a46f65b36cf9d1863821846f32cd08b7f9dd84710f2fa08a1,1,7,20271408,0.6,3.0,soft,wa_mcbr_soft,0010000000000000000100000000000000010000000010001000100000000000000010000000000000000000000110000000,1,1,232.33909480803166,0010000000000000000100000000000000010000000010001000100000000000000010000000000000000000000110000000,0.0,232.33909480803166,,,0.044111791998147964,616,47,0,True,23408,49280,72688,100,9,0.09,233.27134693902238,232.3013417576421,0.9700051813802744,8.009708737864077,8.009708737864077,37.89473684210527,36.0,0.21136731391585756,2.09625,2.09625,3.0,0.69875,0,0,0,0,4290.7165489140325,42.907165489140326,7837.6960873138205,481.5010748001605,55.120812646650045,87.00436009233135,0,0,91
06ac6393eee7a87a46f65b36cf9d1863821846f32cd08b7f9dd84710f2fa08a1,1,7,20271408,0.6,3.0,none,wa_mcbr_none,0010000000000011001100000000000000010000000010001000100000000000001010010000001000000000001100000000,1,0,inf,0010000000000000001100000000000000010000000010001000100000000000000010000000000000000000001100000000,0.05,231.4318832747106,,,0.02883541607297957,585,55,0,True,22230,46800,69030,100,15,0.15,230.20884084244068,230.20884084244068,0.0,13.834951456310678,13.834951456310678,37.89473684210527,36.0,0.36508899676375395,3.6399999999999997,3.6399999999999997,3.0,1.2133333333333332,0,1,0,1,4188.770730546438,41.88770730546438,7355.617727820652,527.6260631893035,54.51518804341235,163.75597323988524,0,0,85
06ac6393eee7a87a46f65b36cf9d1863821846f32cd08b7f9dd84710f2fa08a1,1,7,20271408,0.6,5.0,hard,wa_mcbr_hard,0010000000000001001100000000000000010000000010001000100000000000001010011000000000000000001100000000,1,1,230.39233668695724,0010000000000001001100000000000000010000000010001000100000000000001010011000000000000000001100000000,0.0,230.39233668695724,230.37495431380373,0.007545253000824104,0.028895583003759384,585,30,0,True,22230,46800,69030,100,14,0.14,230.25420841111293,230.25420841111293,0.0,12.86407766990291,12.86407766990291,37.89473684210527,36.0,0.3394687162891045,3.3962499999999998,3.3962499999999998,5.0,0.6792499999999999,0,0,0,0,4190.717907831591,41.90717907831591,7366.408507739593,559.9387788251333,57.75055282806359,148.48320914565676,0,0,86
06ac6393eee7a87a46f65b36cf9d1863821846f32cd08b7f9dd84710f2fa08a1,1,7,20271408,0.6,5.0,soft,wa_mcbr_soft,0010000000000000001100000000000000010000000010001000100000000000001010010000000000000000000110000000,1,1,230.6597127947417,0010000000000000001100000000000000010000000010001000100000000000001010010000000000000000000110000000,0.0,230.6597127947417,,,0.03349566599354148,458,52,0,True,17404,36640,54044,100,12,0.12,231.07470739558394,230.56746779062362,0.5072396049603195,10.922330097087379,10.922330097087379,37.89473684210527,36.0,0.2882281553398058,2.90875,2.90875,5.0,0.58175,0,0,0,0,4210.500738202651,42.10500738202651,7463.563269695233,553.8253702549849,63.60580793615939,121.23614663256606,0,0,88
06ac6393eee7a87a46f65b36cf9d1863821846f32cd08b7f9dd84710f2fa08a1,1,7,20271408,0.6,5.0,none,wa_mcbr_none,0010000000000011001100000000000000010000000010001000100000000000001010010000001000000000001100000000,1,1,230.3767419637524,0010000000000011001100000000000000010000000010001000100000000000001010010000001000000000001100000000,0.0,230.3767419637524,,,0.029090041061863303,585,55,0,True,22230,46800,69030,100,15,0.15,230.20884084244068,230.20884084244068,0.0,13.834951456310678,13.834951456310678,37.89473684210527,36.0,0.36508899676375395,3.6399999999999997,3.6399999999999997,5.0,0.728,0,0,0,0,4188.770730546438,41.88770730546438,7355.617727820652,527.6260631893035,54.51518804341235,163.75597323988524,0,0,85
06ac6393eee7a87a46f65b36cf9d1863821846f32cd08b7f9dd84710f2fa08a1,1,7,20271408,0.6,13.0,hard,wa_mcbr_hard,0010000000000011001100000000000000010000000010001000100000000000001010010000001000000000001100000000,1,1,230.3767419637524,0010000000000011001100000000000000010000000010001000100000000000001010010000001000000000001100000000,0.0,230.3767419637524,230.37495431380373,0.0007759740871165669,0.028691499959677458,585,55,0,True,22230,46800,69030,100,15,0.15,230.20884084244068,230.20884084244068,0.0,13.834951456310678,13.834951456310678,37.89473684210527,36.0,0.36508899676375395,3.6399999999999997,3.6399999999999997,13.0,0.27999999999999997,0,0,0,0,4188.770730546438,41.88770730546438,7355.617727820652,527.6260631893035,54.51518804341235,163.75597323988524,0,0,85
06ac6393eee7a87a46f65b36cf9d1863821846f32cd08b7f9dd84710f2fa08a1,1,7,20271408,0.6,13.0,soft,wa_mcbr_soft,0010000000000011001100000000000000010000000010001000100000000000001010010000001000000000001100000000,1,1,230.3767419637524,0010000000000011001100000000000000010000000010001000100000000000001010010000001000000000001100000000,0.0,230.3767419637524,,,0.04253445810172707,585,57,0,True,22230,46800,69030,100,15,0.15,230.26556085121268,230.20884084244068,0.05672000877199994,13.834951456310678,13.834951456310678,37.89473684210527,36.0,0.36508899676375395,3.6399999999999997,3.6399999999999997,13.0,0.27999999999999997,0,0,0,0,4188.770730546438,41.88770730546438,7355.617727820652,527.6260631893035,54.51518804341235,163.75597323988524,0,0,85
06ac6393eee7a87a46f65b36cf9d1863821846f32cd08b7f9dd84710f2fa08a1,1,7,20271408,0.6,13.0,none,wa_mcbr_none,0010000000000011001100000000000000010000000010001000100000000000001010010000001000000000001100000000,1,1,230.3767419637524,0010000000000011001100000000000000010000000010001000100000000000001010010000001000000000001100000000,0.0,230.3767419637524,,,0.029162209015339613,585,55,0,True,22230,46800,69030,100,15,0.15,230.20884084244068,230.20884084244068,0.0,13.834951456310678,13.834951456310678,37.89473684210527,36.0,0.36508899676375395,3.6399999999999997,3.6399999999999997,13.0,0.27999999999999997,0,0,0,0,4188.770730546438,41.88770730546438,7355.617727820652,527.6260631893035,54.51518804341235,163.75597323988524,0,0,85
06ac6393eee7a87a46f65b36cf9d1863821846f32cd08b7f9dd84710f2fa08a1,1,7,20271408,0.8,1.5,hard,wa_mcbr_hard,0000000000000000001000000000000000010000000010100000000000000000001000001000000000000000000000000000,1,0,inf,0000000000000000001000000000000000010000000010000000000000000000001000001000000000000000000000000000,0.01,236.80944651244533,234.5336871996292,0.9703336608011671,0.005529333953745663,100,0,0,True,3800,8000,11800,100,6,0.06,236.06732288155806,236.06732288155806,0.0,5.097087378640776,5.097087378640776,50.526315789473685,48.0,0.10087985436893201,1.4137499999999998,1.4137499999999998,1.5,0.9424999999999999,0,0,0,0,4424.260315733679,44.24260315733679,8452.968381018614,262.0030187704607,28.06350310264531,48.04960350936392,0,94,0
06ac6393eee7a87a46f65b36cf9d1863821846f32cd08b7f9dd84710f2fa08a1,1,7,20271408,0.8,1.5,soft,wa_mcbr_soft,0010000000000000000100000000000000000000000010000000000000010000000000000000000000000000001000000000,1,1,237.46523132922144,0010000000000000000100000000000000000000000010000000000000010000000000000000000000000000001000000000,0.0,237.46523132922144,,,0.03735741600394249,523,53,0,True,19874,41840,61714,100,5,0.05,238.12937997889173,237.46011409574342,0.6692658831483003,4.126213592233009,4.126213592233009,50.526315789473685,48.0,0.08166464401294497,1.0887499999999999,1.0887499999999999,1.5,0.7258333333333332,0,0,0,0,4459.707489986882,44.59707489986882,8614.909935745587,219.2662920739174,21.987149117383552,42.23170530257144,0,0,95
06ac6393eee7a87a46f65b36cf9d1863821846f32cd08b7f9dd84710f2fa08a1,1,7,20271408,0.8,1.5,none,wa_mcbr_none,0010000000000011001100000000000001010000000010001000100000000000001010010000001000000000001100000000,1,0,inf,0000000000000000001100000000000000000000000010000000100000000000000000000000000000000000000100000000,0.11,235.03796495474722,,,0.04850054101552814,969,74,0,True,36822,77520,114342,100,16,0.16,229.45183284650173,229.45183284650173,0.0,14.805825242718447,14.805825242718447,50.526315789473685,48.0,0.2930319579288026,3.88375,3.88375,1.5,2.589166666666667,0,1,0,1,4174.645636306652,41.74645636306652,7290.8946731672795,541.7294954013163,55.91707295492753,123.62277376439454,0,0,84
06ac6393eee7a87a46f65b36cf9d1863821846f32cd08b7f9dd84710f2fa08a1,1,7,20271408,0.8,2.0,hard,wa_mcbr_hard,0000000000000001001000000000000000010000000010100000000000000000001000101000000000000000000000000000,1,0,inf,0000000000000001001000000000000000010000000010100000000000000000001000001000000000000000000000000000,0.01,235.41983915807938,232.84168005579676,1.1072584176788332,0.005444457987323403,100,0,0,True,3800,8000,11800,100,8,0.08,234.83216812666106,234.83216812666106,0.0,7.038834951456311,7.038834951456311,50.526315789473685,48.0,0.13931027508090615,1.90125,1.90125,2.0,0.950625,0,0,0,0,4387.11448940215,43.8711448940215,8280.277724020187,328.84645521709473,34.71550252336461,60.46472005170084,0,92,0
06ac6393eee7a87a46f65b36cf9d1863821846f32cd08b7f9dd84710f2fa08a1,1,7,20271408,0.8,2.0,soft,wa_mcbr_soft,0000000000000000001100000000000000000000000010000000100000000000000000000000000000000000000110000000,1,1,233.69256116097293,0000000000000000001100000000000000000000000010000000100000000000000000000000000000000000000110000000,0.0,233.69256116097293,,,0.05848287499975413,815,62,0,True,30970,65200,96170,100,6,0.06,234.24920070936733,233.68136263087447,0.5678380784928596,5.0970873786407775,5.0970873786407775,50.526315789473685,48.0,0.10087985436893206,1.365,1.365,2.0,0.6825,0,0,0,0,4345.966628183477,43.45966628183477,8096.7045577235,413.0550937367119,50.75962058323357,48.04960350936393,0,0,94
06ac6393eee7a87a46f65b36cf9d1863821846f32cd08b7f9dd84710f2fa08a1,1,7,20271408,0.8,2.0,none,wa_mcbr_none,0010000000000011001100000000000001010000000010001000100000000000001010010000001000000000001100000000,1,0,inf,0010000000000000001100000000000000010000000010000000100000000000000000000000000000000000000100000000,0.09,233.19320643937021,,,0.048918916028924286,969,74,0,True,36822,77520,114342,100,16,0.16,229.45183284650173,229.45183284650173,0.0,14.805825242718447,14.805825242718447,50.526315789473685,48.0,0.2930319579288026,3.88375,3.88375,2.0,1.941875,0,1,0,1,4174.645636306652,41.74645636306652,7290.8946731672795,541.7294954013163,55.91707295492753,123.62277376439454,0,0,84
06ac6393eee7a87a46f65b36cf9d1863821846f32cd08b7f9dd84710f2fa08a1,1,7,20271408,0.8,3.0,hard,wa_mcbr_hard,0000000000000001001000000100000000010000000010100100000100000000001000101000000000000000000000100000,1,0,inf,0000000000000001001000000000000000010000000010100100000000000000001000101000000000000000000000100000,0.02,234.24531936292527,230.9565056705861,1.423996991463847,0.005698916967958212,100,0,0,True,3800,8000,11800,100,12,0.12,233.76361456386715,233.76361456386715,0.0,10.679611650485436,10.679611650485436,50.526315789473685,48.0,0.21136731391585759,2.8274999999999997,2.8274999999999997,3.0,0.9424999999999999,0,0,0,0,4331.807673361507,43.31807673361507,8017.737772566735,430.30175336655293,44.814380561183036,87.00436009233137,0,87,1
06ac6393eee7a87a46f65b36cf9d1863821846f32cd08b7f9dd84710f2fa08a1,1,7,20271408,0.8,3.0,soft,wa_mcbr_soft,0010000000000000001100000000000000000000000010000000100000000000000010000000001000000000001100000000,1,1,232.04044406786537,0010000000000000001100000000000000000000000010000000100000000000000010000000001000000000001100000000,0.0,232.04044406786537,,,0.04332058399450034,608,59,0,True,23104,48640,71744,100,9,0.09,232.98567634635148,232.0156711649712,0.9700051813802744,8.009708737864077,8.009708737864077,50.526315789473685,48.0,0.15852548543689318,2.09625,2.09625,3.0,0.69875,0,0,0,0,4309.010044749235,43.09010044749235,7923.9768530920055,400.68521971846116,41.87256577833572,67.0975301965026,0,0,91
06ac6393eee7a87a46f65b36cf9d1863821846f32cd08b7f9dd84710f2fa08a1,1,7,20271408,0.8,3.0,none,wa_mcbr_none,0010000000000011001100000000000001010000000010001000100000000000001010010000001000000000001100000000,1,0,inf,0010000000000000001100000000000000010000000010001000100000000000000010000000000000000000001100000000,0.06,231.1868886586121,,,0.04843550000805408,969,74,0,True,36822,77520,114342,100,16,0.16,229.45183284650173,229.45183284650173,0.0,14.805825242718447,14.805825242718447,50.526315789473685,48.0,0.2930319579288026,3.88375,3.88375,3.0,1.2945833333333334,0,1,0,1,4174.645636306652,41.74645636306652,7290.8946731672795,541.7294954013163,55.91707295492753,123.62277376439454,0,0,84
06ac6393eee7a87a46f65b36cf9d1863821846f32cd08b7f9dd84710f2fa08a1,1,7,20271408,0.8,5.0,hard,wa_mcbr_hard,0010000000000011001100000000000001010000000010001000100000000000001010010000001000000000001100000000,1,1,229.56396613719554,0010000000000011001100000000000001010000000010001000100000000000001010010000001000000000001100000000,0.0,229.56396613719554,229.54458961159327,0.008441290485240885,0.02249416697304696,440,30,0,True,16720,35200,51920,100,16,0.16,229.45183284650173,229.45183284650173,0.0,14.805825242718447,14.805825242718447,50.526315789473685,48.0,0.2930319579288026,3.88375,3.88375,5.0,0.77675,0,0,0,0,4174.645636306652,41.74645636306652,7290.8946731672795,541.7294954013163,55.91707295492753,123.62277376439454,0,0,84
06ac6393eee7a87a46f65b36cf9d1863821846f32cd08b7f9dd84710f2fa08a1,1,7,20271408,0.8,5.0,soft,wa_mcbr_soft,0010000000000000001100000000000000010000000010001000100000000000000010011000000000000000001100000000,1,1,230.15771273255916,0010000000000000001100000000000000010000000010001000100000000000000010011000000000000000001100000000,0.0,230.15771273255916,,,0.0490109589882195,688,72,0,True,26144,55040,81184,100,12,0.12,230.60829943326078,230.10105982830046,0.5072396049603195,10.922330097087377,10.922330097087377,50.526315789473685,48.0,0.21617111650485432,2.90875,2.90875,5.0,0.58175,0,0,0,0,4221.887607427841,42.21887607427841,7517.463381291904,535.0201209543653,55.28177432531609,88.94716469905165,0,0,88
06ac6393eee7a87a46f65b36cf9d1863821846f32cd08b7f9dd84710f2fa08a1,1,7,20271408,0.8,5.0,none,wa_mcbr_none,0010000000000011001100000000000001010000000010001000100000000000001010010000001000000000001100000000,1,1,229.56396613719554,0010000000000011001100000000000001010000000010001000100000000000001010010000001000000000001100000000,0.0,229.56396613719554,,,0.04835179110523313,969,74,0,True,36822,77520,114342,100,16,0.16,229.45183284650173,229.45183284650173,0.0,14.805825242718447,14.805825242718447,50.526315789473685,48.0,0.2930319579288026,3.88375,3.88375,5.0,0.77675,0,0,0,0,4174.645636306652,41.74645636306652,7290.8946731672795,541.7294954013163,55.91707295492753,123.62277376439454,0,0,84
06ac6393eee7a87a46f65b36cf9d1863821846f32cd08b7f9dd84710f2fa08a1,1,7,20271408,0.8,13.0,hard,wa_mcbr_hard,0010000000000011001100000000000001010000000010001000100000000000001010010000001000000000001100000000,1,1,229.56396613719554,0010000000000011001100000000000001010000000010001000100000000000001010010000001000000000001100000000,0.0,229.56396613719554,229.54458961159327,0.008441290485240885,0.04828649992123246,969,74,0,True,36822,77520,114342,100,16,0.16,229.45183284650173,229.45183284650173,0.0,14.805825242718447,14.805825242718447,50.526315789473685,48.0,0.2930319579288026,3.88375,3.88375,13.0,0.29875,0,0,0,0,4174.645636306652,41.74645636306652,7290.8946731672795,541.7294954013163,55.91707295492753,123.62277376439454,0,0,84
06ac6393eee7a87a46f65b36cf9d1863821846f32cd08b7f9dd84710f2fa08a1,1,7,20271408,0.8,13.0,soft,wa_mcbr_soft,0010000000000011001100000000000000010000000010101000100000000000001010010000001000000000001100000000,1,1,229.55578112982536,0010000000000011001100000000000000010000000010101000100000000000001010010000001000000000001100000000,0.0,229.55578112982536,,,0.05991275003179908,840,72,0,True,31920,67200,99120,100,16,0.16,229.5139403708,229.44364783913156,0.07029253166843535,14.805825242718448,14.805825242718448,50.526315789473685,48.0,0.2930319579288026,3.88375,3.88375,13.0,0.29875,0,0,0,0,4170.050341277301,41.70050341277302,7269.315232335407,554.5235560669289,57.202020962905486,123.62277376439454,0,0,84
06ac6393eee7a87a46f65b36cf9d1863821846f32cd08b7f9dd84710f2fa08a1,1,7,20271408,0.8,13.0,none,wa_mcbr_none,0010000000000011001100000000000001010000000010001000100000000000001010010000001000000000001100000000,1,1,229.56396613719554,0010000000000011001100000000000001010000000010001000100000000000001010010000001000000000001100000000,0.0,229.56396613719554,,,0.048487375024706125,969,74,0,True,36822,77520,114342,100,16,0.16,229.45183284650173,229.45183284650173,0.0,14.805825242718447,14.805825242718447,50.526315789473685,48.0,0.2930319579288026,3.88375,3.88375,13.0,0.29875,0,0,0,0,4174.645636306652,41.74645636306652,7290.8946731672795,541.7294954013163,55.91707295492753,123.62277376439454,0,0,84
06ac6393eee7a87a46f65b36cf9d1863821846f32cd08b7f9dd84710f2fa08a1,1,7,20271408,1.0,1.5,hard,wa_mcbr_hard,0000000000000000001000000000000000010000000010100000000000000000001000001000000000000000000000000000,1,0,inf,0000000000000000001000000000000000010000000010000000000000000000001000001000000000000000000000000000,0.01,236.78381316433433,234.5066800703651,0.9710312274626776,0.00532979192212224,100,0,0,True,3800,8000,11800,100,6,0.06,236.0307084288187,236.0307084288187,0.0,5.097087378640776,5.097087378640776,63.15789473684211,60.0,0.08070388349514561,1.4137499999999998,1.4137499999999998,1.5,0.9424999999999999,0,0,0,0,4424.223701280939,44.24223701280939,8452.968381018614,262.0030187704607,28.06350310264531,41.94719471947194,0,94,0
06ac6393eee7a87a46f65b36cf9d1863821846f32cd08b7f9dd84710f2fa08a1,1,7,20271408,1.0,1.5,soft,wa_mcbr_soft,0010000000000000000000000000000000000000000000000000100000000000000000000000001000000000001100000000,1,1,236.3731070676312,0010000000000000000000000000000000000000000000000000100000000000000000000000001000000000001100000000,0.0,236.3731070676312,,,0.04272074997425079,608,66,0,True,23104,48640,71744,100,5,0.05,237.40102410406158,236.36875492112327,1.0322691829383026,4.611650485436893,4.611650485436893,63.15789473684211,60.0,0.07301779935275081,1.17,1.17,1.5,0.7799999999999999,0,0,0,0,4428.802357221652,44.28802357221652,8474.540780202538,280.77910306929476,28.156040507984223,39.692341261182634,0,0,95
06ac6393eee7a87a46f65b36cf9d1863821846f32cd08b7f9dd84710f2fa08a1,1,7,20271408,1.0,1.5,none,wa_mcbr_none,0010000000000011001100000000000000010000000010101000100000000000001010010000001000000000001101000000,1,0,inf,0000000000000000001100000000000000000000000010000000100000000000000000000000000000000000000100000000,0.12,235.01233160663622,,,0.03157650004141033,656,76,0,True,24928,52480,77408,100,17,0.17,228.9657791527984,228.9657791527984,0.0,15.776699029126215,15.776699029126215,63.15789473684211,60.0,0.24979773462783172,4.1275,4.1275,1.5,2.751666666666667,0,1,0,1,4153.910844990176,41.53910844990176,7193.8052241130645,573.865066984315,59.1308301802662,103.24346184955515,0,0,83
06ac6393eee7a87a46f65b36cf9d1863821846f32cd08b7f9dd84710f2fa08a1,1,7,20271408,1.0,2.0,hard,wa_mcbr_hard,0000000000000001001000000000000000010000000010100000000000000000001000101000000000000000000000000000,1,0,inf,0000000000000001001000000000000000010000000010100000000000000000001000001000000000000000000000000000,0.01,235.36335174104084,232.78457178643293,1.1077967645440863,0.005358375026844442,100,0,0,True,3800,8000,11800,100,8,0.08,234.7593039970237,234.7593039970237,0.0,7.038834951456311,7.038834951456311,63.15789473684211,60.0,0.1114482200647249,1.90125,1.90125,2.0,0.950625,0,0,0,0,4387.041625272513,43.87041625272513,8280.277724020187,328.84645521709473,34.71550252336461,51.356703847029365,0,92,0
06ac6393eee7a87a46f65b36cf9d1863821846f32cd08b7f9dd84710f2fa08a1,1,7,20271408,1.0,2.0,soft,wa_mcbr_soft,0000000000000000001100000000000000000000000010000000100000000000000000000000000000000000000110000000,1,1,233.653305578435,0000000000000000001100000000000000000000000010000000100000000000000000000000000000000000000110000000,0.0,233.653305578435,,,0.05683633394073695,815,69,0,True,30970,65200,96170,100,6,0.06,234.212586256628,233.64474817813513,0.5678380784928596,5.0970873786407775,5.0970873786407775,63.15789473684211,60.0,0.08070388349514564,1.365,1.365,2.0,0.6825,0,0,0,0,4345.930013730737,43.45930013730737,8096.7045577235,413.0550937367119,50.75962058323357,41.947194719471945,0,0,94
06ac6393eee7a87a46f65b36cf9d1863821846f32cd08b7f9dd84710f2fa08a1,1,7,20271408,1.0,2.0,none,wa_mcbr_none,0010000000000011001100000000000000010000000010101000100000000000001010010000001000000000001101000000,1,0,inf,0010000000000000001100000000000000010000000010000000100000000000000000000000000000000000000100000000,0.1,233.13892244282692,,,0.03209966700524092,656,76,0,True,24928,52480,77408,100,17,0.17,228.9657791527984,228.9657791527984,0.0,15.776699029126215,15.776699029126215,63.15789473684211,60.0,0.24979773462783172,4.1275,4.1275,2.0,2.06375,0,1,0,1,4153.910844990176,41.53910844990176,7193.8052241130645,573.865066984315,59.1308301802662,103.24346184955515,0,0,83
06ac6393eee7a87a46f65b36cf9d1863821846f32cd08b7f9dd84710f2fa08a1,1,7,20271408,1.0,3.0,hard,wa_mcbr_hard,0000000000000001001000000100000000010000000010100100000100010000001000101000000000000000000000100000,1,0,inf,0000000000000001001000000000000000010000000010100100000000010000001000101000000000000000000000100000,0.02,233.99916140036447,230.8202278727623,1.3772335106412463,0.008785707992501557,182,1,0,True,6916,14560,21476,100,13,0.13,233.5603344786048,233.5603344786048,0.0,11.16504854368932,11.16504854368932,63.15789473684211,60.0,0.17677993527508087,2.9899999999999998,2.9899999999999998,3.0,0.9966666666666666,0,0,0,0,4322.058283178074,43.22058283178074,7971.013114089788,453.8747407817421,47.16262229146516,73.68550368550366,0,87,0
06ac6393eee7a87a46f65b36cf9d1863821846f32cd08b7f9dd84710f2fa08a1,1,7,20271408,1.0,3.0,soft,wa_mcbr_soft,0010000000000000001100000000000000010000000010000000100000000000000000001000000000000000000110000000,1,1,231.4336176728051,0010000000000000001100000000000000010000000010000000100000000000000000001000000000000000000110000000,0.0,231.4336176728051,,,0.07694279204588383,1095,72,0,True,41610,87600,129210,100,9,0.09,232.38340945965535,231.41340427827507,0.9700051813802744,7.766990291262136,7.766990291262136,63.15789473684211,60.0,0.12297734627831715,2.09625,2.09625,3.0,0.69875,0,0,0,0,4264.525197052384,42.645251970523844,7718.961055779362,536.633210822496,62.33953104032172,55.055350553505534,0,0,91
06ac6393eee7a87a46f65b36cf9d1863821846f32cd08b7f9dd84710f2fa08a1,1,7,20271408,1.0,3.0,none,wa_mcbr_none,0010000000000011001100000000000000010000000010101000100000000000001010010000001000000000001101000000,1,0,inf,0010000000000000001100000000000000010000000010001000100000000000000010000000000000000000001100000000,0.07,231.05660084677356,,,0.03176587505731732,656,76,0,True,24928,52480,77408,100,17,0.17,228.9657791527984,228.9657791527984,0.0,15.776699029126215,15.776699029126215,63.15789473684211,60.0,0.24979773462783172,4.1275,4.1275,3.0,1.3758333333333335,0,1,0,1,4153.910844990176,41.53910844990176,7193.8052241130645,573.865066984315,59.1308301802662,103.24346184955515,0,0,83
06ac6393eee7a87a46f65b36cf9d1863821846f32cd08b7f9dd84710f2fa08a1,1,7,20271408,1.0,5.0,hard,wa_mcbr_hard,0010000000000011001100000000000001010000000010001000100000000000001010010000001000000000001101000000,1,1,229.05363177830029,0010000000000011001100000000000001010000000010001000100000000000001010010000001000000000001101000000,0.0,229.05363177830029,229.0536013842663,1.3269397992899828e-05,0.02236970793455839,440,33,0,True,16720,35200,51920,100,17,0.17,228.9658095468324,228.9658095468324,0.0,15.776699029126213,15.776699029126213,63.15789473684211,60.0,0.2497977346278317,4.1275,4.1275,5.0,0.8255000000000001,0,0,0,0,4158.497999542054,41.58497999542053,7215.383848070017,561.3447465065389,57.87341588334543,103.24346184955513,0,0,83
06ac6393eee7a87a46f65b36cf9d1863821846f32cd08b7f9dd84710f2fa08a1,1,7,20271408,1.0,5.0,soft,wa_mcbr_soft,0010000000000001001100000000000000010000000010001000100000000000001010010000000000000000001100000000,1,1,229.6648437263061,0010000000000001001100000000000000010000000010001000100000000000001010010000000000000000001100000000,0.0,229.6648437263061,,,0.04042054200544953,556,72,0,True,21128,44480,65608,100,13,0.13,230.42849780042943,229.61688271647117,0.8116150839582613,11.893203883495143,11.893203883495143,63.15789473684211,60.0,0.1883090614886731,3.1525,3.1525,5.0,0.6305,0,0,0,0,4221.795268976353,42.217952689763536,7517.461117608114,490.8678410954121,50.85520062417159,77.9990032394717,0,0,87
06ac6393eee7a87a46f65b36cf9d1863821846f32cd08b7f9dd84710f2fa08a1,1,7,20271408,1.0,5.0,none,wa_mcbr_none,0010000000000011001100000000000000010000000010101000100000000000001010010000001000000000001101000000,1,1,229.0536013842663,0010000000000011001100000000000000010000000010101000100000000000001010010000001000000000001101000000,0.0,229.0536013842663,,,0.031711166026070714,656,76,0,True,24928,52480,77408,100,17,0.17,228.9657791527984,228.9657791527984,0.0,15.776699029126215,15.776699029126215,63.15789473684211,60.0,0.24979773462783172,4.1275,4.1275,5.0,0.8255000000000001,0,0,0,0,4153.910844990176,41.53910844990176,7193.8052241130645,573.865066984315,59.1308301802662,103.24346184955515,0,0,83
06ac6393eee7a87a46f65b36cf9d1863821846f32cd08b7f9dd84710f2fa08a1,1,7,20271408,1.0,13.0,hard,wa_mcbr_hard,0010000000000011001100000000000000010000000010101000100000000000001010010000001000000000001101000000,1,1,229.0536013842663,0010000000000011001100000000000000010000000010101000100000000000001010010000001000000000001101000000,0.0,229.0536013842663,229.0536013842663,0.0,0.034155083005316556,656,71,0,True,24928,52480,77408,100,17,0.17,228.9657791527984,228.9657791527984,0.0,15.776699029126215,15.776699029126215,63.15789473684211,60.0,0.24979773462783172,4.1275,4.1275,13.0,0.3175,0,0,0,0,4153.910844990176,41.53910844990176,7193.8052241130645,573.865066984315,59.1308301802662,103.24346184955515,0,0,83
06ac6393eee7a87a46f65b36cf9d1863821846f32cd08b7f9dd84710f2fa08a1,1,7,20271408,1.0,13.0,soft,wa_mcbr_soft,0010000000000011001100000000000000010000000010101000100000000000001010010000001000000000001101000000,1,1,229.0536013842663,0010000000000011001100000000000000010000000010101000100000000000001010010000001000000000001101000000,0.0,229.0536013842663,,,0.04705774993635714,656,82,0,True,24928,52480,77408,100,17,0.17,229.05255168999264,228.9657791527984,0.08677253719422855,15.776699029126215,15.776699029126215,63.15789473684211,60.0,0.24979773462783172,4.1275,4.1275,13.0,0.3175,0,0,0,0,4153.910844990176,41.53910844990176,7193.8052241130645,573.865066984315,59.1308301802662,103.24346184955515,0,0,83
06ac6393eee7a87a46f65b36cf9d1863821846f32cd08b7f9dd84710f2fa08a1,1,7,20271408,1.0,13.0,none,wa_mcbr_none,0010000000000011001100000000000000010000000010101000100000000000001010010000001000000000001101000000,1,1,229.0536013842663,0010000000000011001100000000000000010000000010101000100000000000001010010000001000000000001101000000,0.0,229.0536013842663,,,0.03167704201769084,656,76,0,True,24928,52480,77408,100,17,0.17,228.9657791527984,228.9657791527984,0.0,15.776699029126215,15.776699029126215,63.15789473684211,60.0,0.24979773462783172,4.1275,4.1275,13.0,0.3175,0,0,0,0,4153.910844990176,41.53910844990176,7193.8052241130645,573.865066984315,59.1308301802662,103.24346184955515,0,0,83
06ac6393eee7a87a46f65b36cf9d1863821846f32cd08b7f9dd84710f2fa08a1,1,8,20271505,0.2,1.5,hard,wa_mcbr_hard,0000000001000000000000000000000000000000000010000000100000000000000000010000000000000000001000000010,1,0,inf,0000000001000000000000000000000000000000000010000000100000000000000000000000000000000000001000000010,0.01,237.2930640509463,236.0382074028506,0.5316328495725374,0.0053615838987752795,100,0,0,True,3800,8000,11800,100,6,0.06,236.53731531697755,236.53731531697755,0.0,5.339805825242719,5.339805825242719,12.631578947368421,12.0,0.4227346278317152,1.4462499999999998,1.4462499999999998,1.5,0.9641666666666665,0,0,0,0,4404.816721423935,44.04816721423935,8359.418611757254,333.0438533001065,36.43529287586673,203.07638402242466,0,94,0
06ac6393eee7a87a46f65b36cf9d1863821846f32cd08b7f9dd84710f2fa08a1,1,8,20271505,0.2,1.5,soft,wa_mcbr_soft,0000000001000000000000000000000000000000000010000000100000000000000000000000000000000000000110000000,1,1,236.49462750712183,0000000001000000000000000000000000000000000010000000100000000000000000000000000000000000000110000000,0.0,236.49462750712183,,,0.039769374998286366,555,18,0,True,21090,44400,65490,100,5,0.05,237.04658751697866,236.43288227668543,0.6137052402932246,4.126213592233009,4.126213592233009,12.631578947368421,12.0,0.3266585760517799,1.0725,1.0725,1.5,0.715,0,0,0,0,4398.032953461246,43.98032953461246,8330.664195331034,425.30802478147547,52.83906620683818,141.28266746770802,0,0,95
06ac6393eee7a87a46f65b36cf9d1863821846f32cd08b7f9dd84710f2fa08a1,1,8,20271505,0.2,1.5,none,wa_mcbr_none,0000000001000000000000000000000000000000000010000000100000000000000000010000000000000000001100000010,1,0,inf,0000000001000000000000000000000000000000000010000000100000000000000000000000000000000000001100000010,0.01,236.2049030266378,,,0.02720320806838572,539,18,0,True,20482,43120,63602,100,7,0.07,235.6344230839722,235.6344230839722,0.0,6.067961165048544,6.067961165048544,12.631578947368421,12.0,0.4803802588996764,1.6412499999999999,1.6412499999999999,1.5,1.0941666666666665,0,1,0,1,4371.43018402796,43.7143018402796,8204.668525917297,353.1909452167024,38.36084532833711,251.12105877773456,0,0,93
06ac6393eee7a87a46f65b36cf9d1863821846f32cd08b7f9dd84710f2fa08a1,1,8,20271505,0.2,2.0,hard,wa_mcbr_hard,0000000000000000000000000000000000000000000010000000110000000000000010010000000000000000001100000000,1,1,236.32587386268088,0000000000000000000000000000000000000000000010000000110000000000000010010000000000000000001100000000,0.0,236.32587386268088,235.82898060012667,0.21070067863997824,0.014655541046522558,296,3,0,True,11248,23680,34928,100,7,0.07,236.10594674558536,236.10594674558536,0.0,6.5533980582524265,6.5533980582524265,12.631578947368421,12.0,0.5188106796116504,1.69,1.69,2.0,0.845,0,0,0,0,4376.590971176065,43.76590971176065,8226.257187789868,366.3069974094358,36.7411128383412,289.54602774274895,0,32,61
06ac6393eee7a87a46f65b36cf9d1863821846f32cd08b7f9dd84710f2fa08a1,1,8,20271505,0.2,2.0,soft,wa_mcbr_soft,0000000001000000000000000000000000000000000010000000100000000000000000010000000000000000000110000000,1,1,235.97149966343002,0000000001000000000000000000000000000000000010000000100000000000000000010000000000000000000110000000,0.0,235.97149966343002,,,0.039763957960531116,555,17,0,True,21090,44400,65490,100,6,0.06,236.48314289486288,235.8364727739427,0.6466701209201828,5.339805825242719,5.339805825242719,12.631578947368421,12.0,0.4227346278317152,1.3975,1.3975,2.0,0.69875,0,0,0,0,4370.28219082736,43.7028219082736,8201.124785197193,443.9554205376788,54.13086619909654,203.07638402242466,0,0,94
06ac6393eee7a87a46f65b36cf9d1863821846f32cd08b7f9dd84710f2fa08a1,1,8,20271505,0.2,2.0,none,wa_mcbr_none,0000000001000000000000000000000000000000000010000000100000000000000000010000000000000000001100000010,1,1,235.87172588712033,0000000001000000000000000000000000000000000010000000100000000000000000010000000000000000001100000010,0.0,235.87172588712033,,,0.026997166918590665,539,18,0,True,20482,43120,63602,100,7,0.07,235.6344230839722,235.6344230839722,0.0,6.067961165048544,6.067961165048544,12.631578947368421,12.0,0.4803802588996764,1.6412499999999999,1.6412499999999999,2.0,0.8206249999999999,0,0,0,0,4371.43018402796,43.7143018402796,8204.668525917297,353.1909452167024,38.36084532833711,251.12105877773456,0,0,93
06ac6393eee7a87a46f65b36cf9d1863821846f32cd08b7f9dd84710f2fa08a1,1,8,20271505,0.2,3.0,hard,wa_mcbr_hard,0000000000000000000000000000000000000000000010000000110000000000000010010000000000000000001100000000,1,1,236.32587386268088,0000000000000000000000000000000000000000000010000000110000000000000010010000000000000000001100000000,0.0,236.32587386268088,235.82898060012667,0.21070067863997824,0.016220791963860393,296,11,0,True,11248,23680,34928,100,7,0.07,236.10594674558536,236.10594674558536,0.0,6.5533980582524265,6.5533980582524265,12.631578947368421,12.0,0.5188106796116504,1.69,1.69,3.0,0.5633333333333334,0,0,0,0,4376.590971176065,43.76590971176065,8226.257187789868,366.3069974094358,36.7411128383412,289.54602774274895,0,0,93
06ac6393eee7a87a46f65b36cf9d1863821846f32cd08b7f9dd84710f2fa08a1,1,8,20271505,0.2,3.0,soft,wa_mcbr_soft,0000000001000000000000000000000000000000000010000000100000000000000010010000000000000000001100000000,1,1,236.0600143672552,0000000001000000000000000000000000000000000010000000100000000000000010010000000000000000001100000000,0.0,236.0600143672552,,,0.02980020793620497,370,12,0,True,14060,29600,43660,100,7,0.07,236.05470268275735,235.83047686669033,0.22422581606702835,6.310679611650485,6.310679611650485,12.631578947368421,12.0,0.4995954692556634,1.64125,1.64125,3.0,0.5470833333333334,0,0,0,0,4376.316110908637,43.76316110908637,8226.243545002855,346.99147638105546,34.792143265034284,269.5957962813258,0,0,93
06ac6393eee7a87a46f65b36cf9d1863821846f32cd08b7f9dd84710f2fa08a1,1,8,20271505,0.2,3.0,none,wa_mcbr_none,0000000000000000000000000000000000000000000010000000110000000000000010010000000000000000001100000000,1,1,236.32587386268088,0000000000000000000000000000000000000000000010000000110000000000000010010000000000000000001100000000,0.0,236.32587386268088,,,0.016009041923098266,296,12,0,True,11248,23680,34928,100,7,0.07,236.10594674558536,236.10594674558536,0.0,6.5533980582524265,6.5533980582524265,12.631578947368421,12.0,0.5188106796116504,1.69,1.69,3.0,0.5633333333333334,0,0,0,0,4376.590971176065,43.76590971176065,8226.257187789868,366.3069974094358,36.7411128383412,289.54602774274895,0,0,93
06ac6393eee7a87a46f65b36cf9d1863821846f32cd08b7f9dd84710f2fa08a1,1,8,20271505,0.2,5.0,hard,wa_mcbr_hard,0000000000000000000000000000000000000000000010000000110000000000000010010000000000000000001100000000,1,1,236.32587386268088,0000000000000000000000000000000000000000000010000000110000000000000010010000000000000000001100000000,0.0,236.32587386268088,235.82898060012667,0.21070067863997824,0.015489457990042865,296,12,0,True,11248,23680,34928,100,7,0.07,236.10594674558536,236.10594674558536,0.0,6.5533980582524265,6.5533980582524265,12.631578947368421,12.0,0.5188106796116504,1.69,1.69,5.0,0.33799999999999997,0,0,0,0,4376.590971176065,43.76590971176065,8226.257187789868,366.3069974094358,36.7411128383412,289.54602774274895,0,0,93
06ac6393eee7a87a46f65b36cf9d1863821846f32cd08b7f9dd84710f2fa08a1,1,8,20271505,0.2,5.0,soft,wa_mcbr_soft,0000000000000000000000000000000000000000000010000000110000000000000010010000000000000000001100000000,1,1,236.32587386268088,0000000000000000000000000000000000000000000010000000110000000000000010010000000000000000001100000000,0.0,236.32587386268088,,,0.02265604108106345,296,12,0,True,11248,23680,34928,100,7,0.07,236.1480441878415,236.10594674558536,0.04209744225612295,6.5533980582524265,6.5533980582524265,12.631578947368421,12.0,0.5188106796116504,1.69,1.69,5.0,0.33799999999999997,0,0,0,0,4376.590971176065,43.76590971176065,8226.257187789868,366.3069974094358,36.7411128383412,289.54602774274895,0,0,93
06ac6393eee7a87a46f65b36cf9d1863821846f32cd08b7f9dd84710f2fa08a1,1,8,20271505,0.2,5.0,none,wa_mcbr_none,0000000000000000000000000000000000000000000010000000110000000000000010010000000000000000001100000000,1,1,236.32587386268088,0000000000000000000000000000000000000000000010000000110000000000000010010000000000000000001100000000,0.0,236.32587386268088,,,0.015306959045119584,296,12,0,True,11248,23680,34928,100,7,0.07,236.10594674558536,236.10594674558536,0.0,6.5533980582524265,6.5533980582524265,12.631578947368421,12.0,0.5188106796116504,1.69,1.69,5.0,0.33799999999999997,0,0,0,0,4376.590971176065,43.76590971176065,8226.257187789868,366.3069974094358,36.7411128383412,289.54602774274895,0,0,93
06ac6393eee7a87a46f65b36cf9d1863821846f32cd08b7f9dd84710f2fa08a1,1,8,20271505,0.2,13.0,hard,wa_mcbr_hard,0000000001000000000000000000000000000000000010000000100000000000000000010000000000000000001100000010,1,1,235.87172588712033,0000000001000000000000000000000000000000000010000000100000000000000000010000000000000000001100000010,0.0,235.87172588712033,235.82898060012667,0.018125544572549224,0.02606449997983873,522,12,0,True,19836,41760,61596,100,7,0.07,235.6344230839722,235.6344230839722,0.0,6.067961165048544,6.067961165048544,12.631578947368421,12.0,0.4803802588996764,1.6412499999999999,1.6412499999999999,13.0,0.12625,0,0,0,0,4371.43018402796,43.7143018402796,8204.668525917297,353.1909452167024,38.36084532833711,251.12105877773456,0,0,93
06ac6393eee7a87a46f65b36cf9d1863821846f32cd08b7f9dd84710f2fa08a1,1,8,20271505,0.2,13.0,soft,wa_mcbr_soft,0000000001000000000000000000000000000000000010000000100000000000000000010000000000000000001100000010,1,1,235.87172588712033,0000000001000000000000000000000000000000000010000000100000000000000000010000000000000000001100000010,0.0,235.87172588712033,,,0.03842745895963162,522,12,0,True,19836,41760,61596,100,7,0.07,235.64215987483823,235.6344230839722,0.007736790866022779,6.067961165048544,6.067961165048544,12.631578947368421,12.0,0.4803802588996764,1.6412499999999999,1.6412499999999999,13.0,0.12625,0,0,0,0,4371.43018402796,43.7143018402796,8204.668525917297,353.1909452167024,38.36084532833711,251.12105877773456,0,0,93
06ac6393eee7a87a46f65b36cf9d1863821846f32cd08b7f9dd84710f2fa08a1,1,8,20271505,0.2,13.0,none,wa_mcbr_none,0000000001000000000000000000000000000000000010000000100000000000000000010000000000000000001100000010,1,1,235.87172588712033,0000000001000000000000000000000000000000000010000000100000000000000000010000000000000000001100000010,0.0,235.87172588712033,,,0.026519375038333237,522,12,0,True,19836,41760,61596,100,7,0.07,235.6344230839722,235.6344230839722,0.0,6.067961165048544,6.067961165048544,12.631578947368421,12.0,0.4803802588996764,1.6412499999999999,1.6412499999999999,13.0,0.12625,0,0,0,0,4371.43018402796,43.7143018402796,8204.668525917297,353.1909452167024,38.36084532833711,251.12105877773456,0,0,93
06ac6393eee7a87a46f65b36cf9d1863821846f32cd08b7f9dd84710f2fa08a1,1,8,20271505,0.4,1.5,hard,wa_mcbr_hard,0000000001000000000000000000000000000000000010000000100000000000000000010000000000000000001000000010,1,0,inf,0000000001000000000000000000000000000000000010000000100000000000000000000000000000000000001000000010,0.01,236.88852808660224,235.33453641649626,0.6603330279393034,0.0052206250838935375,100,0,0,True,3800,8000,11800,100,6,0.06,235.840883173397,235.840883173397,0.0,5.339805825242719,5.339805825242719,25.263157894736842,24.0,0.2113673139158576,1.4462499999999998,1.4462499999999998,1.5,0.9641666666666665,0,0,0,0,4404.120289280354,44.04120289280354,8359.418611757254,333.0438533001065,36.43529287586673,87.00436009233137,0,94,0
06ac6393eee7a87a46f65b36cf9d1863821846f32cd08b7f9dd84710f2fa08a1,1,8,20271505,0.4,1.5,soft,wa_mcbr_soft,0000000001000000000000000000000000000000000010000000100000000000000000000000000000000000001000000010,1,1,236.88852808660224,0000000001000000000000000000000000000000000010000000100000000000000000000000000000000000001000000010,0.0,236.88852808660224,,,0.040896208956837654,555,29,0,True,21090,44400,65490,100,5,0.05,237.66485495442083,236.8689221639401,0.7959327904807306,4.126213592233009,4.126213592233009,25.263157894736842,24.0,0.16332928802588995,1.12125,1.12125,1.5,0.7475,0,0,0,0,4432.281331952279,44.322813319522794,8488.969916236148,307.4630543022637,33.98324722995982,68.80333615375316,0,0,95
06ac6393eee7a87a46f65b36cf9d1863821846f32cd08b7f9dd84710f2fa08a1,1,8,20271505,0.4,1.5,none,wa_mcbr_none,0001000001000000000000000000000000000000000010001100100000000000000010010000000000000000001100000010,1,0,inf,0000000001000000000000000000000000000000000010000000100000000000000000000000000000000000001100000010,0.05,235.54410025382256,,,0.027058750041760504,549,37,0,True,20862,43920,64782,100,11,0.11,233.2433522100606,233.2433522100606,0.0,9.951456310679612,9.951456310679612,25.263157894736842,24.0,0.39391181229773464,2.6162499999999995,2.6162499999999995,1.5,1.7441666666666664,0,1,0,1,4293.3810196410095,42.93381019641009,7841.328505793668,452.156921083223,48.04598124258624,182.48122809944937,0,0,89
06ac6393eee7a87a46f65b36cf9d1863821846f32cd08b7f9dd84710f2fa08a1,1,8,20271505,0.4,2.0,hard,wa_mcbr_hard,0000000001000000000000000000000000000000000010000000110000000000000010010000000000000000001000000010,1,0,inf,0000000001000000000000000000000000000000000010000000100000000000000010010000000000000000001000000010,0.01,235.2787309478291,234.51148025868065,0.3271697779154051,0.00526549993082881,100,0,0,True,3800,8000,11800,100,8,0.08,234.79392630005648,234.79392630005648,0.0,7.281553398058253,7.281553398058253,25.263157894736842,24.0,0.28822815533980584,1.9337499999999999,1.9337499999999999,2.0,0.9668749999999999,0,0,0,0,4358.744916920797,43.587449169207964,8147.161526872849,421.87846846698886,45.19085910597821,121.23614663256609,0,92,0
06ac6393eee7a87a46f65b36cf9d1863821846f32cd08b7f9dd84710f2fa08a1,1,8,20271505,0.4,2.0,soft,wa_mcbr_soft,0000000000000000000000000000000000010010000000001000010000000000000000000000000000000000001100000000,1,1,237.16998673551498,0000000000000000000000000000000000010010000000001000010000000000000000000000000000000000001100000000,0.0,237.16998673551498,,,0.033356166910380125,453,27,0,True,17214,36240,53454,100,6,0.06,237.83142985712036,237.14133000178077,0.6900998553395905,5.097087378640777,5.097087378640777,25.263157894736842,24.0,0.20175970873786409,1.41375,1.41375,2.0,0.706875,0,0,0,0,4436.030518577911,44.360305185779104,8503.40552302385,321.8975280936325,34.25383730869625,83.18890155834283,0,0,94
06ac6393eee7a87a46f65b36cf9d1863821846f32cd08b7f9dd84710f2fa08a1,1,8,20271505,0.4,2.0,none,wa_mcbr_none,0001000001000000000000000000000000000000000010001100100000000000000010010000000000000000001100000010,1,0,inf,0000000001000000000000000000000000000000000010000000100000000000000000010000000000000000001100000010,0.04,234.62281690674965,,,0.026922542019747198,549,36,0,True,20862,43920,64782,100,11,0.11,233.2433522100606,233.2433522100606,0.0,9.951456310679612,9.951456310679612,25.263157894736842,24.0,0.39391181229773464,2.6162499999999995,2.6162499999999995,2.0,1.3081249999999998,0,1,0,1,4293.3810196410095,42.93381019641009,7841.328505793668,452.156921083223,48.04598124258624,182.48122809944937,0,0,89
06ac6393eee7a87a46f65b36cf9d1863821846f32cd08b7f9dd84710f2fa08a1,1,8,20271505,0.4,3.0,hard,wa_mcbr_hard,0000000001000000000000000000000000000000000010001100110000000000000010010000000000000000001100000010,1,0,inf,0000000001000000000000000000000000000000000010001100100000000000000010010000000000000000001100000010,0.01,233.50300154899224,233.50300154899222,1.2171881835292268e-14,0.015172458020970225,293,9,0,True,11134,23440,34574,100,11,0.11,233.29338069571295,233.29338069571295,0.0,9.951456310679612,9.951456310679612,25.263157894736842,24.0,0.39391181229773464,2.6162499999999995,2.6162499999999995,3.0,0.8720833333333332,0,0,0,0,4287.314419793269,42.87314419793269,7812.562060364463,482.4660258340219,51.09639676926634,182.48122809944937,0,1,88
06ac6393eee7a87a46f65b36cf9d1863821846f32cd08b7f9dd84710f2fa08a1,1,8,20271505,0.4,3.0,soft,wa_mcbr_soft,0000000001000000000000000000000000000000000010000000100000000000000010010000000000000000001100000010,1,1,234.1197161400397,0000000001000000000000000000000000000000000010000000100000000000000010010000000000000000001100000010,0.0,234.1197161400397,,,0.04629129194654524,630,31,0,True,23940,50400,74340,100,8,0.08,234.53861050507422,234.04773769867953,0.49087280639468867,7.038834951456311,7.038834951456311,25.263157894736842,24.0,0.2786205501618123,1.8849999999999998,1.8849999999999998,3.0,0.6283333333333333,0,0,0,0,4348.826390739139,43.48826390739139,8103.9332174210695,386.7405920068474,41.652177633641195,116.55825038553203,0,0,92
06ac6393eee7a87a46f65b36cf9d1863821846f32cd08b7f9dd84710f2fa08a1,1,8,20271505,0.4,3.0,none,wa_mcbr_none,0001000001000000000000000000000000000000000010001100100000000000000010010000000000000000001100000010,1,0,inf,0000000001000000000000000000000000000000000010001100100000000000000010010000000000000000001100000010,0.01,233.50300154899224,,,0.027177833020687103,549,36,0,True,20862,43920,64782,100,11,0.11,233.2433522100606,233.2433522100606,0.0,9.951456310679612,9.951456310679612,25.263157894736842,24.0,0.39391181229773464,2.6162499999999995,2.6162499999999995,3.0,0.8720833333333332,0,0,0,0,4293.3810196410095,42.93381019641009,7841.328505793668,452.156921083223,48.04598124258624,182.48122809944937,0,0,89
06ac6393eee7a87a46f65b36cf9d1863821846f32cd08b7f9dd84710f2fa08a1,1,8,20271505,0.4,5.0,hard,wa_mcbr_hard,0001000001000000000000000000000000000000000010001100100000000000000010010000000000000000001100000010,1,1,233.41194105390784,0001000001000000000000000000000000000000000010001100100000000000000010010000000000000000001100000010,0.0,233.41194105390784,233.41194105390784,0.0,0.0268093750346452,549,29,0,True,20862,43920,64782,100,11,0.11,233.2433522100606,233.2433522100606,0.0,9.951456310679612,9.951456310679612,25.263157894736842,24.0,0.39391181229773464,2.6162499999999995,2.6162499999999995,5.0,0.5232499999999999,0,0,0,0,4293.3810196410095,42.93381019641009,7841.328505793668,452.156921083223,48.04598124258624,182.48122809944937,0,0,89
06ac6393eee7a87a46f65b36cf9d1863821846f32cd08b7f9dd84710f2fa08a1,1,8,20271505,0.4,5.0,soft,wa_mcbr_soft,1001000001000000000000000000000000000000000010001100100000000000000010010000000000000000001100000000,1,1,233.51283626983755,1001000001000000000000000000000000000000000010001100100000000000000010010000000000000000001100000000,0.0,233.51283626983755,,,0.05214083404280245,709,34,0,True,26942,56720,83662,100,11,0.11,233.64389196557372,233.3527030914574,0.2911888741163112,10.194174757281553,10.194174757281553,25.263157894736842,24.0,0.40351941747572817,2.61625,2.61625,5.0,0.52325,0,0,0,0,4304.341833388557,43.04341833388557,7891.667430750669,423.76881725252036,42.493704606270114,189.12512716174976,0,0,89
06ac6393eee7a87a46f65b36cf9d1863821846f32cd08b7f9dd84710f2fa08a1,1,8,20271505,0.4,5.0,none,wa_mcbr_none,0001000001000000000000000000000000000000000010001100100000000000000010010000000000000000001100000010,1,1,233.41194105390784,0001000001000000000000000000000000000000000010001100100000000000000010010000000000000000001100000010,0.0,233.41194105390784,,,0.027087916037999094,549,36,0,True,20862,43920,64782,100,11,0.11,233.2433522100606,233.2433522100606,0.0,9.951456310679612,9.951456310679612,25.263157894736842,24.0,0.39391181229773464,2.6162499999999995,2.6162499999999995,5.0,0.5232499999999999,0,0,0,0,4293.3810196410095,42.93381019641009,7841.328505793668,452.156921083223,48.04598124258624,182.48122809944937,0,0,89
06ac6393eee7a87a46f65b36cf9d1863821846f32cd08b7f9dd84710f2fa08a1,1,8,20271505,0.4,13.0,hard,wa_mcbr_hard,0001000001000000000000000000000000000000000010001100100000000000000010010000000000000000001100000010,1,1,233.41194105390784,0001000001000000000000000000000000000000000010001100100000000000000010010000000000000000001100000010,0.0,233.41194105390784,233.41194105390784,0.0,0.026967582991346717,549,36,0,True,20862,43920,64782,100,11,0.11,233.2433522100606,233.2433522100606,0.0,9.951456310679612,9.951456310679612,25.263157894736842,24.0,0.39391181229773464,2.6162499999999995,2.6162499999999995,13.0,0.20124999999999996,0,0,0,0,4293.3810196410095,42.93381019641009,7841.328505793668,452.156921083223,48.04598124258624,182.48122809944937,0,0,89
06ac6393eee7a87a46f65b36cf9d1863821846f32cd08b7f9dd84710f2fa08a1,1,8,20271505,0.4,13.0,soft,wa_mcbr_soft,0000000001000000000000000000000000000000000010001100110000000000000010010000000000000000001100000010,1,1,233.4619695395602,0000000001000000000000000000000000000000000010001100110000000000000010010000000000000000001100000010,0.0,233.4619695395602,,,0.03787100000772625,522,34,0,True,19836,41760,61596,100,11,0.11,233.3155336775713,233.29338069571295,0.02215298185833805,9.951456310679612,9.951456310679612,25.263157894736842,24.0,0.39391181229773464,2.6162499999999995,2.6162499999999995,13.0,0.20124999999999996,0,0,0,0,4287.314419793269,42.87314419793269,7812.562060364463,482.4660258340219,51.09639676926634,182.48122809944937,0,0,89
06ac6393eee7a87a46f65b36cf9d1863821846f32cd08b7f9dd84710f2fa08a1,1,8,20271505,0.4,13.0,none,wa_mcbr_none,0001000001000000000000000000000000000000000010001100100000000000000010010000000000000000001100000010,1,1,233.41194105390784,0001000001000000000000000000000000000000000010001100100000000000000010010000000000000000001100000010,0.0,233.41194105390784,,,0.027314750012010336,549,36,0,True,20862,43920,64782,100,11,0.11,233.2433522100606,233.2433522100606,0.0,9.951456310679612,9.951456310679612,25.263157894736842,24.0,0.39391181229773464,2.6162499999999995,2.6162499999999995,13.0,0.20124999999999996,0,0,0,0,4293.3810196410095,42.93381019641009,7841.328505793668,452.156921083223,48.04598124258624,182.48122809944937,0,0,89
06ac6393eee7a87a46f65b36cf9d1863821846f32cd08b7f9dd84710f2fa08a1,1,8,20271505,0.6,1.5,hard,wa_mcbr_hard,0000000001000000000000000000000000000000000010000000100000000000000010000000000000000000001000000010,1,0,inf,0000000001000000000000000000000000000000000010000000100000000000000000000000000000000000001000000010,0.01,236.78911038574836,235.17601741043822,0.6859087899659881,0.005222875042818487,100,0,0,True,3800,8000,11800,100,6,0.06,236.01182731341873,236.01182731341873,0.0,5.097087378640777,5.097087378640777,37.89473684210527,36.0,0.13450647249190936,1.365,1.365,1.5,0.91,0,0,0,0,4410.406733087817,44.104067330878166,8388.224158410294,342.26964566379297,37.35973504937432,58.852535639168025,0,94,0
06ac6393eee7a87a46f65b36cf9d1863821846f32cd08b7f9dd84710f2fa08a1,1,8,20271505,0.6,1.5,soft,wa_mcbr_soft,0000000001000000000000000000000000000000000010000000100000000000000000000000000000000000001000000010,1,1,236.78911038574836,0000000001000000000000000000000000000000000010000000100000000000000000000000000000000000001000000010,0.0,236.78911038574836,,,0.04044666595291346,555,40,0,True,21090,44400,65490,100,5,0.05,237.5735771705273,236.77764438004658,0.7959327904807306,4.126213592233009,4.126213592233009,37.89473684210527,36.0,0.10888619201725995,1.12125,1.12125,1.5,0.7475,0,0,0,0,4432.190054168386,44.32190054168386,8488.969916236148,307.4630543022637,33.98324722995982,50.54777937504728,0,0,95
06ac6393eee7a87a46f65b36cf9d1863821846f32cd08b7f9dd84710f2fa08a1,1,8,20271505,0.6,1.5,none,wa_mcbr_none,1001000101000000000000000000000000000000000010001100100000000000000010010000000000010000001100000010,1,0,inf,0000000001000000000000000000000000000000000010000000100000000000000000000000000000000000001100000010,0.08,235.3938984645091,,,0.0307927499525249,630,55,0,True,23940,50400,74340,100,14,0.14,231.98476148930268,231.98476148930268,0.0,12.864077669902912,12.864077669902912,37.89473684210527,36.0,0.3394687162891046,3.3474999999999997,3.3474999999999997,1.5,2.2316666666666665,0,1,0,1,4250.478737695548,42.504787376955484,7639.918090924391,485.71234053636306,51.2922088850482,148.4832091456568,0,0,86
06ac6393eee7a87a46f65b36cf9d1863821846f32cd08b7f9dd84710f2fa08a1,1,8,20271505,0.6,2.0,hard,wa_mcbr_hard,0000000001000000000000000000000000000000000010000000110000000000000010010000000000000000001000000010,1,0,inf,0000000001000000000000000000000000000000000010000000100000000000000010010000000000000000001000000010,0.01,235.02296818943353,234.25571750028507,0.32752698518341217,0.005257958080619574,100,0,0,True,3800,8000,11800,100,8,0.08,234.4597506973515,234.4597506973515,0.0,7.281553398058253,7.281553398058253,37.89473684210527,36.0,0.19215210355987053,1.9337499999999999,1.9337499999999999,2.0,0.9668749999999999,0,0,0,0,4358.410741318092,43.58410741318092,8147.161526872849,421.87846846698886,45.19085910597821,79.46419629444165,0,92,0
06ac6393eee7a87a46f65b36cf9d1863821846f32cd08b7f9dd84710f2fa08a1,1,8,20271505,0.6,2.0,soft,wa_mcbr_soft,0000000000000000000000000000000000010011000000000000010000000000000000000000000000000000001100000000,1,1,237.31944304274,0000000000000000000000000000000000010011000000000000010000000000000000000000000000000000001100000000,0.0,237.31944304274,,,0.02840037504211068,383,37,0,True,14554,30640,45194,100,6,0.06,237.99135593408207,237.30125607874248,0.6900998553395905,4.854368932038835,4.854368932038835,37.89473684210527,36.0,0.12810140237324702,1.41375,1.41375,2.0,0.706875,0,0,0,0,4442.240322520565,44.422403225205656,8532.215513942554,316.65649597843753,35.91899042595013,56.73059078255489,0,0,94
06ac6393eee7a87a46f65b36cf9d1863821846f32cd08b7f9dd84710f2fa08a1,1,8,20271505,0.6,2.0,none,wa_mcbr_none,1001000101000000000000000000000000000000000010001100100000000000000010010000000000010000001100000010,1,0,inf,0000000001000000000000000000000000000000000010000000100000000000000000010000000000000000001100000010,0.07,234.37889755014749,,,0.030566208064556122,630,55,0,True,23940,50400,74340,100,14,0.14,231.98476148930268,231.98476148930268,0.0,12.864077669902912,12.864077669902912,37.89473684210527,36.0,0.3394687162891046,3.3474999999999997,3.3474999999999997,2.0,1.6737499999999998,0,1,0,1,4250.478737695548,42.504787376955484,7639.918090924391,485.71234053636306,51.2922088850482,148.4832091456568,0,0,86
06ac6393eee7a87a46f65b36cf9d1863821846f32cd08b7f9dd84710f2fa08a1,1,8,20271505,0.6,3.0,hard,wa_mcbr_hard,0000010101000000000000000000000000000000000010000000110000000000100010010000000000000000001100000010,1,0,inf,0000000101000000000000000000000000000000000010000000110000000000000010010000000000000000001100000010,0.02,233.04441221071323,232.83274636619606,0.09090896698193209,0.008147832937538624,172,2,0,True,6536,13760,20296,100,12,0.12,232.6998179682834,232.6998179682834,0.0,10.922330097087379,10.922330097087379,37.89473684210527,36.0,0.2882281553398058,2.86,2.86,3.0,0.9533333333333333,0,0,0,0,4283.287187021972,42.832871870219726,7794.616872626611,486.02943853179494,51.406052217623674,121.23614663256606,0,88,0
06ac6393eee7a87a46f65b36cf9d1863821846f32cd08b7f9dd84710f2fa08a1,1,8,20271505,0.6,3.0,soft,wa_mcbr_soft,0001000001000000000000000000000000000000000010001000110000000000000010000000000000000000001100000000,1,1,233.75744422398276,0001000001000000000000000000000000000000000010001000110000000000000010000000000000000000001100000000,0.0,233.75744422398276,,,0.03877620806451887,531,46,0,True,20178,42480,62658,100,9,0.09,234.57144829133247,233.7196911735932,0.8517571177392894,8.009708737864077,8.009708737864077,37.89473684210527,36.0,0.21136731391585756,2.0475,2.0475,3.0,0.6825,0,0,0,0,4340.602882939654,43.40602882939654,8064.383123794448,424.42707764702067,42.56931049421048,87.00436009233135,0,0,91
06ac6393eee7a87a46f65b36cf9d1863821846f32cd08b7f9dd84710f2fa08a1,1,8,20271505,0.6,3.0,none,wa_mcbr_none,1001000101000000000000000000000000000000000010001100100000000000000010010000000000010000001100000010,1,0,inf,0000000001000000000000000000000000000000000010001100100000000000000010010000000000000000001100000010,0.04,232.8327463661961,,,0.03097375005017966,630,55,0,True,23940,50400,74340,100,14,0.14,231.98476148930268,231.98476148930268,0.0,12.864077669902912,12.864077669902912,37.89473684210527,36.0,0.3394687162891046,3.3474999999999997,3.3474999999999997,3.0,1.1158333333333332,0,1,0,1,4250.478737695548,42.504787376955484,7639.918090924391,485.71234053636306,51.2922088850482,148.4832091456568,0,0,86
06ac6393eee7a87a46f65b36cf9d1863821846f32cd08b7f9dd84710f2fa08a1,1,8,20271505,0.6,5.0,hard,wa_mcbr_hard,1001010001000000000000000000000000000000000010001100100000000000000010010000000000010000001100000010,1,1,232.1439371818129,1001010001000000000000000000000000000000000010001100100000000000000010010000000000010000001100000010,0.0,232.1439371818129,232.12288643344283,0.009068794849795348,0.02693937497679144,549,26,0,True,20862,43920,64782,100,14,0.14,232.0058089059686,232.0058089059686,0.0,12.864077669902912,12.864077669902912,37.89473684210527,36.0,0.3394687162891046,3.3474999999999997,3.3474999999999997,5.0,0.6695,0,0,0,0,4250.499744626173,42.50499744626173,7639.920199714662,487.2128355810036,51.442836761525726,148.4832091456568,0,0,86
06ac6393eee7a87a46f65b36cf9d1863821846f32cd08b7f9dd84710f2fa08a1,1,8,20271505,0.6,5.0,soft,wa_mcbr_soft,1001000001000000000000000000000000000000000010001000110000000000000010010000000000000000001100000010,1,1,232.3663830564146,1001000001000000000000000000000000000000000010001000110000000000000010010000000000000000001100000010,0.0,232.3663830564146,,,0.058013000059872866,821,53,0,True,31198,65680,96878,100,12,0.12,232.74331664261882,232.27413805229654,0.46917859032229314,10.922330097087379,10.922330097087379,37.89473684210527,36.0,0.2882281553398058,2.86,2.86,5.0,0.572,0,0,0,0,4271.3945346553965,42.71394534655396,7740.627668546738,494.97507465044225,52.305712228199845,121.23614663256606,0,0,88
06ac6393eee7a87a46f65b36cf9d1863821846f32cd08b7f9dd84710f2fa08a1,1,8,20271505,0.6,5.0,none,wa_mcbr_none,1001000101000000000000000000000000000000000010001100100000000000000010010000000000010000001100000010,1,1,232.122889765147,1001000101000000000000000000000000000000000010001100100000000000000010010000000000010000001100000010,0.0,232.122889765147,,,0.03061716689262539,630,55,0,True,23940,50400,74340,100,14,0.14,231.98476148930268,231.98476148930268,0.0,12.864077669902912,12.864077669902912,37.89473684210527,36.0,0.3394687162891046,3.3474999999999997,3.3474999999999997,5.0,0.6695,0,0,0,0,4250.478737695548,42.504787376955484,7639.918090924391,485.71234053636306,51.2922088850482,148.4832091456568,0,0,86
06ac6393eee7a87a46f65b36cf9d1863821846f32cd08b7f9dd84710f2fa08a1,1,8,20271505,0.6,13.0,hard,wa_mcbr_hard,1001000101000000000000000000000000000000000010001100100000000000000010010000000000010000001100000010,1,1,232.122889765147,1001000101000000000000000000000000000000000010001100100000000000000010010000000000010000001100000010,0.0,232.122889765147,232.12288643344283,1.43531911708608e-06,0.03123254096135497,630,55,0,True,23940,50400,74340,100,14,0.14,231.98476148930268,231.98476148930268,0.0,12.864077669902912,12.864077669902912,37.89473684210527,36.0,0.3394687162891046,3.3474999999999997,3.3474999999999997,13.0,0.25749999999999995,0,0,0,0,4250.478737695548,42.504787376955484,7639.918090924391,485.71234053636306,51.2922088850482,148.4832091456568,0,0,86
06ac6393eee7a87a46f65b36cf9d1863821846f32cd08b7f9dd84710f2fa08a1,1,8,20271505,0.6,13.0,soft,wa_mcbr_soft,1001000001000000000000000000000000000000000010001100110000000000000010010000000000010000001100000010,1,1,232.12288643344286,1001000001000000000000000000000000000000000010001100110000000000000010010000000000010000001100000010,0.0,232.12288643344286,,,0.060670832986943424,849,55,0,True,32262,67920,100182,100,14,0.14,232.02897625573556,231.98475815759855,0.04421809813702173,12.864077669902912,12.864077669902912,37.89473684210527,36.0,0.3394687162891046,3.3474999999999997,3.3474999999999997,13.0,0.25749999999999995,0,0,0,0,4240.539640244642,42.40539640244642,7593.164444447585,518.633951185888,54.60317482749674,148.4832091456568,0,0,86
06ac6393eee7a87a46f65b36cf9d1863821846f32cd08b7f9dd84710f2fa08a1,1,8,20271505,0.6,13.0,none,wa_mcbr_none,1001000101000000000000000000000000000000000010001100100000000000000010010000000000010000001100000010,1,1,232.122889765147,1001000101000000000000000000000000000000000010001100100000000000000010010000000000010000001100000010,0.0,232.122889765147,,,0.03102962498087436,630,55,0,True,23940,50400,74340,100,14,0.14,231.98476148930268,231.98476148930268,0.0,12.864077669902912,12.864077669902912,37.89473684210527,36.0,0.3394687162891046,3.3474999999999997,3.3474999999999997,13.0,0.25749999999999995,0,0,0,0,4250.478737695548,42.504787376955484,7639.918090924391,485.71234053636306,51.2922088850482,148.4832091456568,0,0,86
06ac6393eee7a87a46f65b36cf9d1863821846f32cd08b7f9dd84710f2fa08a1,1,8,20271505,0.8,1.5,hard,wa_mcbr_hard,0000000001000000000000000000000000000000000010000000100000000000000010000000000000000000001000000010,1,0,inf,0000000001000000000000000000000000000000000010000000100000000000000000000000000000000000001000000010,0.01,236.7441432741344,235.10624242456663,0.6966641262591204,0.005257749930024147,100,0,0,True,3800,8000,11800,100,6,0.06,235.94700972063993,235.94700972063993,0.0,5.097087378640777,5.097087378640777,50.526315789473685,48.0,0.10087985436893204,1.365,1.365,1.5,0.91,0,0,0,0,4410.341915495038,44.10341915495038,8388.224158410294,342.26964566379297,37.35973504937432,48.049603509363926,0,94,0
06ac6393eee7a87a46f65b36cf9d1863821846f32cd08b7f9dd84710f2fa08a1,1,8,20271505,0.8,1.5,soft,wa_mcbr_soft,0000000000000000000000000000000000000000000010000000110000000000000000000000000000000000001000000010,1,1,236.8723384186136,0000000000000000000000000000000000000000000010000000110000000000000000000000000000000000001000000010,0.0,236.8723384186136,,,0.03941058297641575,545,47,0,True,20710,43600,64310,100,5,0.05,237.89772322550024,236.86545404256194,1.0322691829383026,4.368932038834951,4.368932038834951,50.526315789473685,48.0,0.08646844660194174,1.17,1.17,1.5,0.7799999999999999,0,0,0,0,4432.277283866587,44.32277283866587,8488.982197471116,331.79353851181014,36.439494223485,43.66323480571238,0,0,95
06ac6393eee7a87a46f65b36cf9d1863821846f32cd08b7f9dd84710f2fa08a1,1,8,20271505,0.8,1.5,none,wa_mcbr_none,1001000101000000000000000000000000000000000010001100110000000000000010010000000000010000001100000010,1,0,inf,0000000001000000000000000000000000000000000010000000100000000000000000000000000000000000001100000010,0.09,235.3274134179621,,,0.028064875048585236,573,67,0,True,21774,45840,67614,100,15,0.15,231.30669427836798,231.30669427836798,0.0,13.83495145631068,13.83495145631068,50.526315789473685,48.0,0.27381674757281554,3.5912499999999996,3.5912499999999996,1.5,2.3941666666666666,0,1,0,1,4226.490034985257,42.26490034985257,7528.438270110995,531.7366126930378,55.884674066343685,114.26571965740548,0,0,85
06ac6393eee7a87a46f65b36cf9d1863821846f32cd08b7f9dd84710f2fa08a1,1,8,20271505,0.8,2.0,hard,wa_mcbr_hard,0000000001000000000000000000000000000000000010000000110000000000000010010000000000000000001000000010,1,0,inf,0000000001000000000000000000000000000000000010000000100000000000000010010000000000000000001000000010,0.01,234.9146368277353,234.14738613858685,0.32767851984234203,0.005339207942597568,100,0,0,True,3800,8000,11800,100,8,0.08,234.32079714117532,234.32079714117532,0.0,7.281553398058253,7.281553398058253,50.526315789473685,48.0,0.14411407766990292,1.9337499999999999,1.9337499999999999,2.0,0.9668749999999999,0,0,0,0,4358.271787761916,43.58271787761916,8147.161526872849,421.87846846698886,45.19085910597821,62.09500177242112,0,92,0
06ac6393eee7a87a46f65b36cf9d1863821846f32cd08b7f9dd84710f2fa08a1,1,8,20271505,0.8,2.0,soft,wa_mcbr_soft,0000000000000000000000000000000000010011000000000000010000000000000000000000000000000000001100000000,1,1,237.252957996193,0000000000000000000000000000000000010011000000000000010000000000000000000000000000000000001100000000,0.0,237.252957996193,,,0.028381042066030204,383,46,0,True,14554,30640,45194,100,6,0.06,237.9304040295747,237.24030417423512,0.6900998553395905,4.854368932038835,4.854368932038835,50.526315789473685,48.0,0.09607605177993526,1.41375,1.41375,2.0,0.706875,0,0,0,0,4442.179370616058,44.42179370616058,8532.215513942554,316.65649597843753,35.91899042595013,46.57194003132692,0,0,94
06ac6393eee7a87a46f65b36cf9d1863821846f32cd08b7f9dd84710f2fa08a1,1,8,20271505,0.8,2.0,none,wa_mcbr_none,1001000101000000000000000000000000000000000010001100110000000000000010010000000000010000001100000010,1,0,inf,0000000001000000000000000000000000000000000010000000100000000000000000010000000000000000001100000010,0.08,234.27494387336486,,,0.02848341700155288,573,67,0,True,21774,45840,67614,100,15,0.15,231.30669427836798,231.30669427836798,0.0,13.83495145631068,13.83495145631068,50.526315789473685,48.0,0.27381674757281554,3.5912499999999996,3.5912499999999996,2.0,1.7956249999999998,0,1,0,1,4226.490034985257,42.26490034985257,7528.438270110995,531.7366126930378,55.884674066343685,114.26571965740548,0,0,85
06ac6393eee7a87a46f65b36cf9d1863821846f32cd08b7f9dd84710f2fa08a1,1,8,20271505,0.8,3.0,hard,wa_mcbr_hard,0000010101000000000000000000000000000000000010000000110000000000100010010000000000000000001000100010,1,0,inf,0000000101000000000000000000000000000000000010000000110000000000000010010000000000000000001000100010,0.02,233.85126761606563,232.520718093468,0.5722283732423299,0.005317333969287574,100,0,0,True,3800,8000,11800,100,12,0.12,233.37211591275462,233.37211591275462,0.0,10.922330097087379,10.922330097087379,50.526315789473685,48.0,0.21617111650485438,2.86,2.86,3.0,0.9533333333333333,0,0,0,0,4307.657328483683,43.07657328483683,7906.212620403211,482.4968756079024,51.051700267532006,88.94716469905167,0,88,0
06ac6393eee7a87a46f65b36cf9d1863821846f32cd08b7f9dd84710f2fa08a1,1,8,20271505,0.8,3.0,soft,wa_mcbr_soft,0001000001000000000000000000000000000000000010001000110000000000000010000000000000000000001100000000,1,1,233.56530260742488,0001000001000000000000000000000000000000000010001000110000000000000010000000000000000000001100000000,0.0,233.56530260742488,,,0.0382987919729203,531,55,0,True,20178,42480,62658,100,9,0.09,234.39228682227002,233.54052970453074,0.8517571177392894,8.009708737864077,8.009708737864077,50.526315789473685,48.0,0.15852548543689318,2.0475,2.0475,3.0,0.6825,0,0,0,0,4340.423721470592,43.404237214705915,8064.383123794448,424.42707764702067,42.56931049421048,67.0975301965026,0,0,91
06ac6393eee7a87a46f65b36cf9d1863821846f32cd08b7f9dd84710f2fa08a1,1,8,20271505,0.8,3.0,none,wa_mcbr_none,1001000101000000000000000000000000000000000010001100110000000000000010010000000000010000001100000010,1,0,inf,0000000001000000000000000000000000000000000010001100100000000000000010010000000000000000001100000010,0.05,232.57522048133728,,,0.02784562495071441,573,67,0,True,21774,45840,67614,100,15,0.15,231.30669427836798,231.30669427836798,0.0,13.83495145631068,13.83495145631068,50.526315789473685,48.0,0.27381674757281554,3.5912499999999996,3.5912499999999996,3.0,1.1970833333333333,0,1,0,1,4226.490034985257,42.26490034985257,7528.438270110995,531.7366126930378,55.884674066343685,114.26571965740548,0,0,85
06ac6393eee7a87a46f65b36cf9d1863821846f32cd08b7f9dd84710f2fa08a1,1,8,20271505,0.8,5.0,hard,wa_mcbr_hard,1001010101000000000000000000000000000000000010001100100000000000000010010000000000010000001100000010,1,1,231.40687987753554,1001010101000000000000000000000000000000000010001100100000000000000010010000000000010000001100000010,0.0,231.40687987753554,231.40202185092838,0.0020993881420346074,0.027021749992854893,549,25,0,True,20862,43920,64782,100,15,0.15,231.31155230497515,231.31155230497515,0.0,13.83495145631068,13.83495145631068,50.526315789473685,48.0,0.27381674757281554,3.5912499999999996,3.5912499999999996,5.0,0.7182499999999999,0,0,0,0,4236.433975779377,42.36433975779377,7575.192403192461,501.3326656343704,52.826879497342816,114.26571965740548,0,0,85
06ac6393eee7a87a46f65b36cf9d1863821846f32cd08b7f9dd84710f2fa08a1,1,8,20271505,0.8,5.0,soft,wa_mcbr_soft,0001000001000000000000000000000000000000000010001100110000000000000010010000000000000000001100000010,1,1,231.90433378280312,0001000001000000000000000000000000000000000010001100110000000000000010010000000000000000001100000010,0.0,231.90433378280312,,,0.05380933394189924,723,62,0,True,27474,57840,85314,100,12,0.12,232.3168594688667,231.84768087854442,0.46917859032229314,10.922330097087379,10.922330097087379,50.526315789473685,48.0,0.21617111650485438,2.86,2.86,5.0,0.572,0,0,0,0,4268.674576623838,42.68674576623838,7729.834453026798,500.60088728743955,52.87108556644579,88.94716469905167,0,0,88
06ac6393eee7a87a46f65b36cf9d1863821846f32cd08b7f9dd84710f2fa08a1,1,8,20271505,0.8,5.0,none,wa_mcbr_none,1001000101000000000000000000000000000000000010001100110000000000000010010000000000010000001100000010,1,1,231.40202185092838,1001000101000000000000000000000000000000000010001100110000000000000010010000000000010000001100000010,0.0,231.40202185092838,,,0.030016499920748174,573,67,0,True,21774,45840,67614,100,15,0.15,231.30669427836798,231.30669427836798,0.0,13.83495145631068,13.83495145631068,50.526315789473685,48.0,0.27381674757281554,3.5912499999999996,3.5912499999999996,5.0,0.7182499999999999,0,0,0,0,4226.490034985257,42.26490034985257,7528.438270110995,531.7366126930378,55.884674066343685,114.26571965740548,0,0,85
06ac6393eee7a87a46f65b36cf9d1863821846f32cd08b7f9dd84710f2fa08a1,1,8,20271505,0.8,13.0,hard,wa_mcbr_hard,1001000101000000000000000000000000000000000010001100110000000000000010010000000000010000001100000010,1,1,231.40202185092838,1001000101000000000000000000000000000000000010001100110000000000000010010000000000010000001100000010,0.0,231.40202185092838,231.40202185092838,0.0,0.030700541916303337,573,67,0,True,21774,45840,67614,100,15,0.15,231.30669427836798,231.30669427836798,0.0,13.83495145631068,13.83495145631068,50.526315789473685,48.0,0.27381674757281554,3.5912499999999996,3.5912499999999996,13.0,0.27625,0,0,0,0,4226.490034985257,42.26490034985257,7528.438270110995,531.7366126930378,55.884674066343685,114.26571965740548,0,0,85
06ac6393eee7a87a46f65b36cf9d1863821846f32cd08b7f9dd84710f2fa08a1,1,8,20271505,0.8,13.0,soft,wa_mcbr_soft,1001010101000000000000000000000000000000000010001100100000000000000010010000000000010000001100000010,1,1,231.40687987753554,1001010101000000000000000000000000000000000010001100100000000000000010010000000000010000001100000010,0.0,231.40687987753554,,,0.04724308289587498,630,67,0,True,23940,50400,74340,100,15,0.15,231.36659598415076,231.31155230497515,0.05504367917561953,13.83495145631068,13.83495145631068,50.526315789473685,48.0,0.27381674757281554,3.5912499999999996,3.5912499999999996,13.0,0.27625,0,0,0,0,4236.433975779377,42.36433975779377,7575.192403192461,501.3326656343704,52.826879497342816,114.26571965740548,0,0,85
06ac6393eee7a87a46f65b36cf9d1863821846f32cd08b7f9dd84710f2fa08a1,1,8,20271505,0.8,13.0,none,wa_mcbr_none,1001000101000000000000000000000000000000000010001100110000000000000010010000000000010000001100000010,1,1,231.40202185092838,1001000101000000000000000000000000000000000010001100110000000000000010010000000000010000001100000010,0.0,231.40202185092838,,,0.029703459003940225,573,67,0,True,21774,45840,67614,100,15,0.15,231.30669427836798,231.30669427836798,0.0,13.83495145631068,13.83495145631068,50.526315789473685,48.0,0.27381674757281554,3.5912499999999996,3.5912499999999996,13.0,0.27625,0,0,0,0,4226.490034985257,42.26490034985257,7528.438270110995,531.7366126930378,55.884674066343685,114.26571965740548,0,0,85
06ac6393eee7a87a46f65b36cf9d1863821846f32cd08b7f9dd84710f2fa08a1,1,8,20271505,1.0,1.5,hard,wa_mcbr_hard,0000000001000000000000000000000000000000000010000000100000000000000010000000000000000000001000000010,1,0,inf,0000000001000000000000000000000000000000000010000000100000000000000000000000000000000000001000000010,0.01,236.7185099260234,235.0669868420287,0.7025755109987192,0.005360458977520466,100,0,0,True,3800,8000,11800,100,6,0.06,235.91039526790058,235.91039526790058,0.0,5.097087378640777,5.097087378640777,63.15789473684211,60.0,0.08070388349514562,1.365,1.365,1.5,0.91,0,0,0,0,4410.305301042299,44.10305301042299,8388.224158410294,342.26964566379297,37.35973504937432,41.947194719471945,0,94,0
06ac6393eee7a87a46f65b36cf9d1863821846f32cd08b7f9dd84710f2fa08a1,1,8,20271505,1.0,1.5,soft,wa_mcbr_soft,0000000000000000000000000000000000000000000010000000110000000000000000000000000000000000001000000010,1,1,236.84533128934947,0000000000000000000000000000000000000000000010000000110000000000000000000000000000000000001000000010,0.0,236.84533128934947,,,0.039837999967858195,545,47,0,True,20710,43600,64310,100,5,0.05,237.87230144521354,236.84003226227523,1.0322691829383026,4.368932038834951,4.368932038834951,63.15789473684211,60.0,0.0691747572815534,1.17,1.17,1.5,0.7799999999999999,0,0,0,0,4432.2518620863,44.322518620863,8488.982197471116,331.79353851181014,36.439494223485,38.57887874837027,0,0,95
06ac6393eee7a87a46f65b36cf9d1863821846f32cd08b7f9dd84710f2fa08a1,1,8,20271505,1.0,1.5,none,wa_mcbr_none,1001010101000000000000000000000000000000000010001100110000000000000010010000000000010000001100000010,1,0,inf,0000000001000000000000000000000000000000000010000000100000000000000000000000000000000000001100000010,0.1,235.28990841349878,,,0.02866737497970462,573,66,0,True,21774,45840,67614,100,16,0.16,230.8785259899167,230.8785259899167,0.0,14.805825242718447,14.805825242718447,63.15789473684211,60.0,0.23442556634304207,3.835,3.835,1.5,2.5566666666666666,0,1,0,1,4212.690336031544,42.12690336031544,7463.7175214407125,546.593822314924,57.3450900444921,96.55217965653898,0,0,84
06ac6393eee7a87a46f65b36cf9d1863821846f32cd08b7f9dd84710f2fa08a1,1,8,20271505,1.0,2.0,hard,wa_mcbr_hard,0000000001000000000000000000000000000000000010000000110000000000000010010000000000000000001000000010,1,0,inf,0000000001000000000000000000000000000000000010000000100000000000000010010000000000000000001000000010,0.01,234.85478039249847,234.08752970335001,0.3277623075952663,0.005391709040850401,100,0,0,True,3800,8000,11800,100,8,0.08,234.2446681283677,234.2446681283677,0.0,7.281553398058253,7.281553398058253,63.15789473684211,60.0,0.11529126213592232,1.9337499999999999,1.9337499999999999,2.0,0.9668749999999999,0,0,0,0,4358.195658749109,43.581956587491085,8147.161526872849,421.87846846698886,45.19085910597821,52.578875171467764,0,92,0
06ac6393eee7a87a46f65b36cf9d1863821846f32cd08b7f9dd84710f2fa08a1,1,8,20271505,1.0,2.0,soft,wa_mcbr_soft,0000000000000000000000000000000000010011000000000000010000000000000000000000000000000000001100000000,1,1,237.21545299172968,0000000000000000000000000000000000010011000000000000010000000000000000000000000000000000001100000000,0.0,237.21545299172968,,,0.029820083058439195,383,46,0,True,14554,30640,45194,100,6,0.06,237.89586283636308,237.2057629810235,0.6900998553395905,4.854368932038835,4.854368932038835,63.15789473684211,60.0,0.07686084142394821,1.41375,1.41375,2.0,0.706875,0,0,0,0,4442.144829422846,44.421448294228455,8532.215513942554,316.65649597843753,35.91899042595013,40.81507449605609,0,0,94
06ac6393eee7a87a46f65b36cf9d1863821846f32cd08b7f9dd84710f2fa08a1,1,8,20271505,1.0,2.0,none,wa_mcbr_none,1001010101000000000000000000000000000000000010001100110000000000000010010000000000010000001100000010,1,0,inf,0000000001000000000000000000000000000000000010000000100000000000000000010000000000000000001100000010,0.09,234.21734204503153,,,0.02895054197870195,573,66,0,True,21774,45840,67614,100,16,0.16,230.8785259899167,230.8785259899167,0.0,14.805825242718447,14.805825242718447,63.15789473684211,60.0,0.23442556634304207,3.835,3.835,2.0,1.9175,0,1,0,1,4212.690336031544,42.12690336031544,7463.7175214407125,546.593822314924,57.3450900444921,96.55217965653898,0,0,84
06ac6393eee7a87a46f65b36cf9d1863821846f32cd08b7f9dd84710f2fa08a1,1,8,20271505,1.0,3.0,hard,wa_mcbr_hard,0000010101000000000000000000000000000000000010000000110000000000100010010000000000000000001000100010,1,0,inf,0000000101000000000000000000000000000000000010000000110000000000000010010000000000000000001000100010,0.02,233.71498981824183,232.35244780512562,0.5864117318268917,0.005362833966501057,100,0,0,True,3800,8000,11800,100,12,0.12,233.1720426729764,233.1720426729764,0.0,10.922330097087379,10.922330097087379,63.15789473684211,60.0,0.17293689320388347,2.86,2.86,3.0,0.9533333333333333,0,0,0,0,4307.457255243906,43.07457255243906,7906.212620403211,482.4968756079024,51.051700267532006,72.27439471753485,0,88,0
06ac6393eee7a87a46f65b36cf9d1863821846f32cd08b7f9dd84710f2fa08a1,1,8,20271505,1.0,3.0,soft,wa_mcbr_soft,0001000001000000000000000000000000000000000010001000110000000000000010000000000000000000001100000000,1,1,233.46180764210476,0001000001000000000000000000000000000000000010001000110000000000000010000000000000000000001100000000,0.0,233.46180764210476,,,0.03859812498558313,531,55,0,True,20178,42480,62658,100,9,0.09,234.29519848761058,233.4434413698713,0.8517571177392894,8.009708737864077,8.009708737864077,63.15789473684211,60.0,0.12682038834951453,2.0475,2.0475,3.0,0.6825,0,0,0,0,4340.326633135932,43.40326633135932,8064.383123794448,424.42707764702067,42.56931049421048,56.309937456567056,0,0,91
06ac6393eee7a87a46f65b36cf9d1863821846f32cd08b7f9dd84710f2fa08a1,1,8,20271505,1.0,3.0,none,wa_mcbr_none,1001010101000000000000000000000000000000000010001100110000000000000010010000000000010000001100000010,1,0,inf,0000000001000000000000000000000000000000000010001100100000000000000010010000000000000000001100000010,0.06,232.4389426835135,,,0.02858074998948723,573,66,0,True,21774,45840,67614,100,16,0.16,230.8785259899167,230.8785259899167,0.0,14.805825242718447,14.805825242718447,63.15789473684211,60.0,0.23442556634304207,3.835,3.835,3.0,1.2783333333333333,0,1,0,1,4212.690336031544,42.12690336031544,7463.7175214407125,546.593822314924,57.3450900444921,96.55217965653898,0,0,84
06ac6393eee7a87a46f65b36cf9d1863821846f32cd08b7f9dd84710f2fa08a1,1,8,20271505,1.0,5.0,hard,wa_mcbr_hard,1001010101000000000000000000000000000000000010001100100000000000000010010000000000010000001101000010,1,1,231.00816017851855,1001010101000000000000000000000000000000000010001100100000000000000010010000000000010000001101000010,0.0,231.00816017851855,230.9546298233083,0.023177866255034395,0.026887416024692357,549,28,0,True,20862,43920,64782,100,16,0.16,230.932056345127,230.932056345127,0.0,14.805825242718447,14.805825242718447,63.15789473684211,60.0,0.23442556634304207,3.835,3.835,5.0,0.767,0,0,0,0,4220.389265402889,42.203892654028884,7499.687223463508,527.7769080239912,55.45146646926881,96.55217965653898,0,0,84
06ac6393eee7a87a46f65b36cf9d1863821846f32cd08b7f9dd84710f2fa08a1,1,8,20271505,1.0,5.0,soft,wa_mcbr_soft,1001000001000000000000000000000000000000000010001100100000000000000010010000000000010000001100000010,1,1,231.33000505163926,1001000001000000000000000000000000000000000010001100100000000000000010010000000000010000001100000010,0.0,231.33000505163926,,,0.061538874986581504,849,65,0,True,32262,67920,100182,100,13,0.13,232.0327591225119,231.28204404180434,0.7507150807075393,11.893203883495145,11.893203883495145,63.15789473684211,60.0,0.18830906148867313,3.10375,3.10375,5.0,0.6207499999999999,0,0,0,0,4263.147593620592,42.631475936205916,7704.64913963098,471.8158906521415,49.93381776764093,77.99900323947172,0,0,87
06ac6393eee7a87a46f65b36cf9d1863821846f32cd08b7f9dd84710f2fa08a1,1,8,20271505,1.0,5.0,none,wa_mcbr_none,1001010101000000000000000000000000000000000010001100110000000000000010010000000000010000001100000010,1,1,230.95462982330827,1001010101000000000000000000000000000000000010001100110000000000000010010000000000010000001100000010,0.0,230.95462982330827,,,0.029528875020332634,573,66,0,True,21774,45840,67614,100,16,0.16,230.8785259899167,230.8785259899167,0.0,14.805825242718447,14.805825242718447,63.15789473684211,60.0,0.23442556634304207,3.835,3.835,5.0,0.767,0,0,0,0,4212.690336031544,42.12690336031544,7463.7175214407125,546.593822314924,57.3450900444921,96.55217965653898,0,0,84
06ac6393eee7a87a46f65b36cf9d1863821846f32cd08b7f9dd84710f2fa08a1,1,8,20271505,1.0,13.0,hard,wa_mcbr_hard,1001010101000000000000000000000000000000000010001100110000000000000010010000000000010000001100000010,1,1,230.95462982330827,1001010101000000000000000000000000000000000010001100110000000000000010010000000000010000001100000010,0.0,230.95462982330827,230.9546298233083,-1.2306187346037626e-14,0.027997749974019825,573,66,0,True,21774,45840,67614,100,16,0.16,230.8785259899167,230.8785259899167,0.0,14.805825242718447,14.805825242718447,63.15789473684211,60.0,0.23442556634304207,3.835,3.835,13.0,0.295,0,0,0,0,4212.690336031544,42.12690336031544,7463.7175214407125,546.593822314924,57.3450900444921,96.55217965653898,0,0,84
06ac6393eee7a87a46f65b36cf9d1863821846f32cd08b7f9dd84710f2fa08a1,1,8,20271505,1.0,13.0,soft,wa_mcbr_soft,1001010101000000000000000000000000000000000010001100110000000000000010010000000000010000001100000010,1,1,230.95462982330827,1001010101000000000000000000000000000000000010001100110000000000000010010000000000010000001100000010,0.0,230.95462982330827,,,0.040229834034107625,557,64,0,True,21166,44560,65726,100,16,0.16,230.94674106331615,230.8785259899167,0.06821507339945009,14.805825242718447,14.805825242718447,63.15789473684211,60.0,0.23442556634304207,3.835,3.835,13.0,0.295,0,0,0,0,4212.690336031544,42.12690336031544,7463.7175214407125,546.593822314924,57.3450900444921,96.55217965653898,0,0,84
06ac6393eee7a87a46f65b36cf9d1863821846f32cd08b7f9dd84710f2fa08a1,1,8,20271505,1.0,13.0,none,wa_mcbr_none,1001010101000000000000000000000000000000000010001100110000000000000010010000000000010000001100000010,1,1,230.95462982330827,1001010101000000000000000000000000000000000010001100110000000000000010010000000000010000001100000010,0.0,230.95462982330827,,,0.028685290948487818,573,66,0,True,21774,45840,67614,100,16,0.16,230.8785259899167,230.8785259899167,0.0,14.805825242718447,14.805825242718447,63.15789473684211,60.0,0.23442556634304207,3.835,3.835,13.0,0.295,0,0,0,0,4212.690336031544,42.12690336031544,7463.7175214407125,546.593822314924,57.3450900444921,96.55217965653898,0,0,84
06ac6393eee7a87a46f65b36cf9d1863821846f32cd08b7f9dd84710f2fa08a1,1,9,20271602,0.2,1.5,hard,wa_mcbr_hard,0000000000000001000000000000000000000000000000001000010000000000000010100000000000000000000000000001,1,0,inf,0000000000000000000000000000000000000000000000001000010000000000000010100000000000000000000000000001,0.01,238.89504789182234,236.9386244329333,0.8257089630579941,0.005239584017544985,100,0,0,True,3800,8000,11800,100,6,0.06,238.60409167202636,238.60409167202636,0.0,5.825242718446601,5.825242718446601,12.631578947368421,12.0,0.4611650485436892,1.4625,1.4625,1.5,0.975,0,0,0,0,4460.485183907432,44.604851839074314,8611.348810454172,246.90002060802937,24.801742362095688,233.9639639639639,0,94,0
06ac6393eee7a87a46f65b36cf9d1863821846f32cd08b7f9dd84710f2fa08a1,1,9,20271602,0.2,1.5,soft,wa_mcbr_soft,0000000001000000000000000000000000000000000000000000000000000000000000100000000000000000001100000010,1,1,237.3715422176159,0000000001000000000000000000000000000000000000000000000000000000000000100000000000000000001100000010,0.0,237.3715422176159,,,0.025739333010278642,343,15,0,True,13034,27440,40474,100,5,0.05,238.10572977766023,237.3097969871795,0.79593279048073,4.12621359223301,4.12621359223301,12.631578947368421,12.0,0.32665857605177995,1.1212499999999999,1.1212499999999999,1.5,0.7474999999999999,0,0,0,0,4448.803532918814,44.48803532918814,8564.500298105153,179.42391629521683,20.05962103078283,141.28266746770802,0,0,95
06ac6393eee7a87a46f65b36cf9d1863821846f32cd08b7f9dd84710f2fa08a1,1,9,20271602,0.2,1.5,none,wa_mcbr_none,0000000001000000000000000000000000000000000000001000000010000000000010010000000000000000001100000010,1,0,inf,0000000001000000000000000000000000000000000000001000000000000000000000000000000000000000001100000010,0.03,237.28480936566194,,,0.03193075000308454,648,26,0,True,24624,51840,76464,100,8,0.08,236.00919386762243,236.00919386762243,0.0,7.038834951456311,7.038834951456311,12.631578947368421,12.0,0.5572411003236246,1.9337499999999999,1.9337499999999999,1.5,1.2891666666666666,0,1,0,1,4373.618018017975,43.73618018017975,8211.85854608294,267.6108634849265,32.31826036744751,334.64138876199183,0,0,92
06ac6393eee7a87a46f65b36cf9d1863821846f32cd08b7f9dd84710f2fa08a1,1,9,20271602,0.2,2.0,hard,wa_mcbr_hard,0000000001000000000000000000000000000000000000001000000010000000000010010000000000000000001100000010,1,0,inf,0000000001000000000000000000000000000000000000001000000010000000000010000000000000000000001100000010,0.01,236.3590825350466,236.2572359328214,0.043108352564561477,0.04862962500192225,1106,18,0,True,42028,88480,130508,100,8,0.08,236.00919386762243,236.00919386762243,0.0,7.038834951456311,7.038834951456311,12.631578947368421,12.0,0.5572411003236246,1.9337499999999999,1.9337499999999999,2.0,0.9668749999999999,0,0,0,0,4373.618018017975,43.73618018017975,8211.85854608294,267.6108634849265,32.31826036744751,334.64138876199183,0,92,0
06ac6393eee7a87a46f65b36cf9d1863821846f32cd08b7f9dd84710f2fa08a1,1,9,20271602,0.2,2.0,soft,wa_mcbr_soft,0010000000000000000000000000000000000000000000001000000000000000000010100000000000000000001100000000,1,1,237.1878686232412,0010000000000000000000000000000000000000000000001000000000000000000010100000000000000000001100000000,0.0,237.1878686232412,,,0.02364270796533674,305,18,0,True,11590,24400,35990,100,6,0.06,237.79240119939755,237.10230134405796,0.6900998553395905,5.58252427184466,5.58252427184466,12.631578947368421,12.0,0.4419498381877022,1.41375,1.41375,2.0,0.706875,0,0,0,0,4433.75762820186,44.3375762820186,8492.525459963223,208.2829653820062,20.909993870700532,217.9884015947807,0,0,94
06ac6393eee7a87a46f65b36cf9d1863821846f32cd08b7f9dd84710f2fa08a1,1,9,20271602,0.2,2.0,none,wa_mcbr_none,0000000001000000000000000000000000000000000000001000000010000000000010010000000000000000001100000010,1,0,inf,0000000001000000000000000000000000000000000000001000000010000000000010000000000000000000001100000010,0.01,236.3590825350466,,,0.03203008300624788,648,26,0,True,24624,51840,76464,100,8,0.08,236.00919386762243,236.00919386762243,0.0,7.038834951456311,7.038834951456311,12.631578947368421,12.0,0.5572411003236246,1.9337499999999999,1.9337499999999999,2.0,0.9668749999999999,0,0,0,0,4373.618018017975,43.73618018017975,8211.85854608294,267.6108634849265,32.31826036744751,334.64138876199183,0,0,92
06ac6393eee7a87a46f65b36cf9d1863821846f32cd08b7f9dd84710f2fa08a1,1,9,20271602,0.2,3.0,hard,wa_mcbr_hard,0000000001000000000000000000000000000000000000001000000010000000000010010000000000000000001100000010,1,1,236.41513968060343,0000000001000000000000000000000000000000000000001000000010000000000010010000000000000000001100000010,0.0,236.41513968060343,236.2572359328214,0.06683551814130614,0.032006500056013465,648,26,0,True,24624,51840,76464,100,8,0.08,236.00919386762243,236.00919386762243,0.0,7.038834951456311,7.038834951456311,12.631578947368421,12.0,0.5572411003236246,1.9337499999999999,1.9337499999999999,3.0,0.6445833333333333,0,0,0,0,4373.618018017975,43.73618018017975,8211.85854608294,267.6108634849265,32.31826036744751,334.64138876199183,0,0,92
06ac6393eee7a87a46f65b36cf9d1863821846f32cd08b7f9dd84710f2fa08a1,1,9,20271602,0.2,3.0,soft,wa_mcbr_soft,0010000001000000000000000000000000000000000000001000000000000000000010010000000000000000001100000000,1,1,236.59401905067799,0010000001000000000000000000000000000000000000001000000000000000000010010000000000000000001100000000,0.0,236.59401905067799,,,0.03579545801039785,477,19,0,True,18126,38160,56286,100,7,0.07,236.6294466571937,236.37409193358246,0.2553547236112579,6.5533980582524265,6.5533980582524265,12.631578947368421,12.0,0.5188106796116504,1.69,1.69,3.0,0.5633333333333334,0,0,0,0,4403.6154999315495,44.03615499931549,8352.15947506303,226.95396247858665,22.782151861502044,289.54602774274895,0,0,93
06ac6393eee7a87a46f65b36cf9d1863821846f32cd08b7f9dd84710f2fa08a1,1,9,20271602,0.2,3.0,none,wa_mcbr_none,0000000001000000000000000000000000000000000000001000000010000000000010010000000000000000001100000010,1,1,236.41513968060343,0000000001000000000000000000000000000000000000001000000010000000000010010000000000000000001100000010,0.0,236.41513968060343,,,0.0318158749723807,648,26,0,True,24624,51840,76464,100,8,0.08,236.00919386762243,236.00919386762243,0.0,7.038834951456311,7.038834951456311,12.631578947368421,12.0,0.5572411003236246,1.9337499999999999,1.9337499999999999,3.0,0.6445833333333333,0,0,0,0,4373.618018017975,43.73618018017975,8211.85854608294,267.6108634849265,32.31826036744751,334.64138876199183,0,0,92
06ac6393eee7a87a46f65b36cf9d1863821846f32cd08b7f9dd84710f2fa08a1,1,9,20271602,0.2,5.0,hard,wa_mcbr_hard,0000000001000000000000000000000000000000000000001000000010000000000010010000000000000000001100000010,1,1,236.41513968060343,0000000001000000000000000000000000000000000000001000000010000000000010010000000000000000001100000010,0.0,236.41513968060343,236.2572359328214,0.06683551814130614,0.031607250100933015,648,26,0,True,24624,51840,76464,100,8,0.08,236.00919386762243,236.00919386762243,0.0,7.038834951456311,7.038834951456311,12.631578947368421,12.0,0.5572411003236246,1.9337499999999999,1.9337499999999999,5.0,0.38675,0,0,0,0,4373.618018017975,43.73618018017975,8211.85854608294,267.6108634849265,32.31826036744751,334.64138876199183,0,0,92
06ac6393eee7a87a46f65b36cf9d1863821846f32cd08b7f9dd84710f2fa08a1,1,9,20271602,0.2,5.0,soft,wa_mcbr_soft,0000000001000000000000000000000000000000000100000000000010000000000000010000000000000000001100000010,1,1,236.55621636702998,0000000001000000000000000000000000000000000100000000000010000000000000010000000000000000001100000010,0.0,236.55621636702998,,,0.044834874919615686,613,25,0,True,23294,49040,72334,100,7,0.07,236.36101100613797,236.31891356388184,0.04209744225612295,6.067961165048544,6.067961165048544,12.631578947368421,12.0,0.4803802588996764,1.69,1.69,5.0,0.33799999999999997,0,0,0,0,4400.305932682759,44.00305932682759,8337.814738036688,249.72646733073438,30.676862384193736,251.12105877773456,0,0,93
06ac6393eee7a87a46f65b36cf9d1863821846f32cd08b7f9dd84710f2fa08a1,1,9,20271602,0.2,5.0,none,wa_mcbr_none,0000000001000000000000000000000000000000000000001000000010000000000010010000000000000000001100000010,1,1,236.41513968060343,0000000001000000000000000000000000000000000000001000000010000000000010010000000000000000001100000010,0.0,236.41513968060343,,,0.032279166975058615,648,26,0,True,24624,51840,76464,100,8,0.08,236.00919386762243,236.00919386762243,0.0,7.038834951456311,7.038834951456311,12.631578947368421,12.0,0.5572411003236246,1.9337499999999999,1.9337499999999999,5.0,0.38675,0,0,0,0,4373.618018017975,43.73618018017975,8211.85854608294,267.6108634849265,32.31826036744751,334.64138876199183,0,0,92
06ac6393eee7a87a46f65b36cf9d1863821846f32cd08b7f9dd84710f2fa08a1,1,9,20271602,0.2,13.0,hard,wa_mcbr_hard,0000000001000000000000000000000000000000000000001000000010000000000010010000000000000000001100000010,1,1,236.41513968060343,0000000001000000000000000000000000000000000000001000000010000000000010010000000000000000001100000010,0.0,236.41513968060343,236.2572359328214,0.06683551814130614,0.03192387509625405,648,26,0,True,24624,51840,76464,100,8,0.08,236.00919386762243,236.00919386762243,0.0,7.038834951456311,7.038834951456311,12.631578947368421,12.0,0.5572411003236246,1.9337499999999999,1.9337499999999999,13.0,0.14875,0,0,0,0,4373.618018017975,43.73618018017975,8211.85854608294,267.6108634849265,32.31826036744751,334.64138876199183,0,0,92
06ac6393eee7a87a46f65b36cf9d1863821846f32cd08b7f9dd84710f2fa08a1,1,9,20271602,0.2,13.0,soft,wa_mcbr_soft,0000000001000000000000000000000000000000000000001000000010000000000010010000000000000000001100000010,1,1,236.41513968060343,0000000001000000000000000000000000000000000000001000000010000000000010010000000000000000001100000010,0.0,236.41513968060343,,,0.0468856249935925,648,26,0,True,24624,51840,76464,100,8,0.08,236.01977971946204,236.00919386762243,0.010585851839593938,7.038834951456311,7.038834951456311,12.631578947368421,12.0,0.5572411003236246,1.9337499999999999,1.9337499999999999,13.0,0.14875,0,0,0,0,4373.618018017975,43.73618018017975,8211.85854608294,267.6108634849265,32.31826036744751,334.64138876199183,0,0,92
06ac6393eee7a87a46f65b36cf9d1863821846f32cd08b7f9dd84710f2fa08a1,1,9,20271602,0.2,13.0,none,wa_mcbr_none,0000000001000000000000000000000000000000000000001000000010000000000010010000000000000000001100000010,1,1,236.41513968060343,0000000001000000000000000000000000000000000000001000000010000000000010010000000000000000001100000010,0.0,236.41513968060343,,,0.03161979094147682,648,26,0,True,24624,51840,76464,100,8,0.08,236.00919386762243,236.00919386762243,0.0,7.038834951456311,7.038834951456311,12.631578947368421,12.0,0.5572411003236246,1.9337499999999999,1.9337499999999999,13.0,0.14875,0,0,0,0,4373.618018017975,43.73618018017975,8211.85854608294,267.6108634849265,32.31826036744751,334.64138876199183,0,0,92
06ac6393eee7a87a46f65b36cf9d1863821846f32cd08b7f9dd84710f2fa08a1,1,9,20271602,0.4,1.5,hard,wa_mcbr_hard,0000000000000001000000000000000000000000000000001000010000000000000010100000000000000000000000000001,1,0,inf,0000000000000000000000000000000000000000000000001000010000000000000010100000000000000000000000000001,0.01,238.3845239330225,236.42810047413346,0.8274919330509497,0.005284500075504184,100,0,0,True,3800,8000,11800,100,6,0.06,237.7698347021227,237.7698347021227,0.0,5.825242718446601,5.825242718446601,25.263157894736842,24.0,0.2305825242718446,1.4625,1.4625,1.5,0.975,0,0,0,0,4459.650926937527,44.596509269375275,8611.348810454172,246.90002060802937,24.801742362095688,94.92113564668769,0,94,0
06ac6393eee7a87a46f65b36cf9d1863821846f32cd08b7f9dd84710f2fa08a1,1,9,20271602,0.4,1.5,soft,wa_mcbr_soft,0000000001000000000000000000000000000000000000000000100000000000000000100000000000000000000100000010,1,1,237.0026780852309,0000000001000000000000000000000000000000000000000000100000000000000000100000000000000000000100000010,0.0,237.0026780852309,,,0.040810834034346044,573,27,0,True,21774,45840,67614,100,5,0.05,237.7790049530495,236.9830721625688,0.79593279048073,4.12621359223301,4.12621359223301,25.263157894736842,24.0,0.16332928802588997,1.1212499999999999,1.1212499999999999,1.5,0.7474999999999999,0,0,0,0,4422.48519498694,44.2248519498694,8442.224804376852,428.23566123434443,44.96087537078648,68.80333615375316,0,0,95
06ac6393eee7a87a46f65b36cf9d1863821846f32cd08b7f9dd84710f2fa08a1,1,9,20271602,0.4,1.5,none,wa_mcbr_none,0010000001000000000000000000000000010000000000101000000100000000000010010000000000000000001101000010,1,0,inf,0000000001000000000000000000000000000000000000001000000000000000000000000000000000000000001100000010,0.07,236.88027340131788,,,0.032494166982360184,649,40,0,True,24662,51920,76582,100,12,0.12,233.20106123565822,233.20106123565822,0.0,10.922330097087379,10.922330097087379,25.263157894736842,24.0,0.43234223300970875,2.9087499999999995,2.9087499999999995,1.5,1.9391666666666663,0,1,0,1,4299.892076176766,42.99892076176766,7870.080294967361,380.60014817073557,40.02458061342411,210.4061998931053,0,0,88
06ac6393eee7a87a46f65b36cf9d1863821846f32cd08b7f9dd84710f2fa08a1,1,9,20271602,0.4,2.0,hard,wa_mcbr_hard,1000010000000001000000000000000000000000000000001000010000000000000010100000000000000000000000000001,1,0,inf,0000000000000001000000000000000000000000000000001000010000000000000010100000000000000000000000000001,0.02,237.78752100299667,234.93939981342334,1.212279077853763,0.005316666094586253,100,0,0,True,3800,8000,11800,100,8,0.08,236.86740168857023,236.86740168857023,0.0,7.766990291262136,7.766990291262136,25.263157894736842,24.0,0.3074433656957929,1.95,1.95,2.0,0.975,0,0,0,0,4430.498382866778,44.30498382866778,8474.625968115417,281.31654993615416,28.246014427285985,130.98130841121497,0,92,0
06ac6393eee7a87a46f65b36cf9d1863821846f32cd08b7f9dd84710f2fa08a1,1,9,20271602,0.4,2.0,soft,wa_mcbr_soft,0000000001000000000000000010000000000000000000000000100000000000000000000000000000000000001100000010,1,1,235.9614109487417,0000000001000000000000000010000000000000000000000000100000000000000000000000000000000000001100000010,0.0,235.9614109487417,,,0.03695754206273705,514,30,0,True,19532,41120,60652,100,6,0.06,236.712296407042,235.92639110445307,0.7859053025889411,5.339805825242719,5.339805825242719,25.263157894736842,24.0,0.2113673139158576,1.44625,1.44625,2.0,0.723125,0,0,0,0,4385.126226155319,43.851262261553195,8269.512897433746,500.69999912769356,52.14957229127242,87.00436009233137,0,0,94
06ac6393eee7a87a46f65b36cf9d1863821846f32cd08b7f9dd84710f2fa08a1,1,9,20271602,0.4,2.0,none,wa_mcbr_none,0010000001000000000000000000000000010000000000101000000100000000000010010000000000000000001101000010,1,0,inf,0010000001000000000000000000000000000000000000001000000000000000000010000000000000000000001100000010,0.05,235.2309477075396,,,0.03249837504699826,649,40,0,True,24662,51920,76582,100,12,0.12,233.20106123565822,233.20106123565822,0.0,10.922330097087379,10.922330097087379,25.263157894736842,24.0,0.43234223300970875,2.9087499999999995,2.9087499999999995,2.0,1.4543749999999998,0,1,0,1,4299.892076176766,42.99892076176766,7870.080294967361,380.60014817073557,40.02458061342411,210.4061998931053,0,0,88
06ac6393eee7a87a46f65b36cf9d1863821846f32cd08b7f9dd84710f2fa08a1,1,9,20271602,0.4,3.0,hard,wa_mcbr_hard,0010000001000000000000000000000000000000000000001000000010000000000010110000001000000000001101000010,1,0,inf,0010000001000000000000000000000000000000000000001000000000000000000010110000000000000000001101000010,0.02,233.4649986398538,233.4649986398538,0.0,0.015331125003285706,343,18,0,True,13034,27440,40474,100,12,0.12,233.11597495078902,233.11597495078902,0.0,10.922330097087379,10.922330097087379,25.263157894736842,24.0,0.43234223300970875,2.9087499999999995,2.9087499999999995,3.0,0.9695833333333331,0,0,0,0,4292.7337443772885,42.927337443772885,7837.723110890336,384.0724982142205,43.592574194589226,210.4061998931053,0,88,0
06ac6393eee7a87a46f65b36cf9d1863821846f32cd08b7f9dd84710f2fa08a1,1,9,20271602,0.4,3.0,soft,wa_mcbr_soft,0010000001000000000000000000000000000000000100000000000000000000100000010000000000000000001100000010,1,1,234.99426652957968,0010000001000000000000000000000000000000000100000000000000000000100000010000000000000000001100000010,0.0,234.99426652957968,,,0.0399681250564754,551,32,0,True,20938,44080,65018,100,8,0.08,235.48634010619375,234.92732022166928,0.5590198845244834,7.281553398058252,7.281553398058252,25.263157894736842,24.0,0.2882281553398058,1.9337499999999999,1.9337499999999999,3.0,0.6445833333333333,0,0,0,0,4388.730825769635,43.88730825769635,8287.432281438952,270.1170745718184,29.03517986914771,121.23614663256606,0,0,92
06ac6393eee7a87a46f65b36cf9d1863821846f32cd08b7f9dd84710f2fa08a1,1,9,20271602,0.4,3.0,none,wa_mcbr_none,0010000001000000000000000000000000010000000000101000000100000000000010010000000000000000001101000010,1,0,inf,0010000001000000000000000000000000000000000000101000000000000000000010010000000000000000001101000010,0.02,233.51316566377727,,,0.032471499987877905,649,40,0,True,24662,51920,76582,100,12,0.12,233.20106123565822,233.20106123565822,0.0,10.922330097087379,10.922330097087379,25.263157894736842,24.0,0.43234223300970875,2.9087499999999995,2.9087499999999995,3.0,0.9695833333333331,0,0,0,0,4299.892076176766,42.99892076176766,7870.080294967361,380.60014817073557,40.02458061342411,210.4061998931053,0,0,88
06ac6393eee7a87a46f65b36cf9d1863821846f32cd08b7f9dd84710f2fa08a1,1,9,20271602,0.4,5.0,hard,wa_mcbr_hard,0010000001000000000000000000000000000000000000101000000010000000000010110000000000000000001101000010,1,1,233.27961788489708,0010000001000000000000000000000000000000000000101000000010000000000010110000000000000000001101000010,0.0,233.27961788489708,233.27961788489708,0.0,0.01797595899552107,346,32,0,True,13148,27680,40828,100,12,0.12,233.0578001230025,233.0578001230025,0.0,10.922330097087379,10.922330097087379,25.263157894736842,24.0,0.43234223300970875,2.9087499999999995,2.9087499999999995,5.0,0.5817499999999999,0,0,0,0,4293.440279172215,42.93440279172215,7841.313711334174,376.28373112481324,42.80927784782796,210.4061998931053,0,0,88
06ac6393eee7a87a46f65b36cf9d1863821846f32cd08b7f9dd84710f2fa08a1,1,9,20271602,0.4,5.0,soft,wa_mcbr_soft,0010000001000000000000000010000000000000000000101000000000000000000000110000000000000000001101000010,1,1,233.49764045703688,0010000001000000000000000010000000000000000000101000000000000000000000110000000000000000001101000010,0.0,233.49764045703688,,,0.045215707970783114,623,37,0,True,23674,49840,73514,100,11,0.11,233.67115947062993,233.31264389399183,0.3585155766381095,10.436893203883495,10.436893203883495,25.263157894736842,24.0,0.41312702265372164,2.7462499999999994,2.7462499999999994,5.0,0.5492499999999999,0,0,0,0,4305.729467753886,43.057294677538856,7898.858885677755,397.60141894940375,41.71687979586389,195.98655867654654,0,0,89
06ac6393eee7a87a46f65b36cf9d1863821846f32cd08b7f9dd84710f2fa08a1,1,9,20271602,0.4,5.0,none,wa_mcbr_none,0010000001000000000000000000000000010000000000101000000100000000000010010000000000000000001101000010,1,1,233.4228789975528,0010000001000000000000000000000000010000000000101000000100000000000010010000000000000000001101000010,0.0,233.4228789975528,,,0.03252391598653048,649,40,0,True,24662,51920,76582,100,12,0.12,233.20106123565822,233.20106123565822,0.0,10.922330097087379,10.922330097087379,25.263157894736842,24.0,0.43234223300970875,2.9087499999999995,2.9087499999999995,5.0,0.5817499999999999,0,0,0,0,4299.892076176766,42.99892076176766,7870.080294967361,380.60014817073557,40.02458061342411,210.4061998931053,0,0,88
06ac6393eee7a87a46f65b36cf9d1863821846f32cd08b7f9dd84710f2fa08a1,1,9,20271602,0.4,13.0,hard,wa_mcbr_hard,0010000001000000000000000000000000010000000000101000000100000000000010010000000000000000001101000010,1,1,233.4228789975528,0010000001000000000000000000000000010000000000101000000100000000000010010000000000000000001101000010,0.0,233.4228789975528,233.27961788489708,0.06141175725279552,0.03252504102420062,649,40,0,True,24662,51920,76582,100,12,0.12,233.20106123565822,233.20106123565822,0.0,10.922330097087379,10.922330097087379,25.263157894736842,24.0,0.43234223300970875,2.9087499999999995,2.9087499999999995,13.0,0.22374999999999995,0,0,0,0,4299.892076176766,42.99892076176766,7870.080294967361,380.60014817073557,40.02458061342411,210.4061998931053,0,0,88
06ac6393eee7a87a46f65b36cf9d1863821846f32cd08b7f9dd84710f2fa08a1,1,9,20271602,0.4,13.0,soft,wa_mcbr_soft,0010000001000000000000000000000000010000000000101000000000000000000010110000000000000000001101000010,1,1,233.31690854966232,0010000001000000000000000000000000010000000000101000000000000000000010110000000000000000001101000010,0.0,233.31690854966232,,,0.030186666059307754,385,36,0,True,14630,30800,45430,100,12,0.12,233.12402380725035,233.09509078776773,0.028933019482608843,10.922330097087379,10.922330097087379,25.263157894736842,24.0,0.43234223300970875,2.9087499999999995,2.9087499999999995,13.0,0.22374999999999995,0,0,0,0,4295.199157092148,42.95199157092148,7848.491059452911,389.52355778594546,40.92162107595022,210.4061998931053,0,0,88
06ac6393eee7a87a46f65b36cf9d1863821846f32cd08b7f9dd84710f2fa08a1,1,9,20271602,0.4,13.0,none,wa_mcbr_none,0010000001000000000000000000000000010000000000101000000100000000000010010000000000000000001101000010,1,1,233.4228789975528,0010000001000000000000000000000000010000000000101000000100000000000010010000000000000000001101000010,0.0,233.4228789975528,,,0.03248170798178762,649,40,0,True,24662,51920,76582,100,12,0.12,233.20106123565822,233.20106123565822,0.0,10.922330097087379,10.922330097087379,25.263157894736842,24.0,0.43234223300970875,2.9087499999999995,2.9087499999999995,13.0,0.22374999999999995,0,0,0,0,4299.892076176766,42.99892076176766,7870.080294967361,380.60014817073557,40.02458061342411,210.4061998931053,0,0,88
06ac6393eee7a87a46f65b36cf9d1863821846f32cd08b7f9dd84710f2fa08a1,1,9,20271602,0.6,1.5,hard,wa_mcbr_hard,0000000000000001000000000000000000000000000000001000010000000000000010100000000000000000000000000001,1,0,inf,0000000000000000000000000000000000000000000000001000010000000000000010100000000000000000000000000001,0.01,238.26608237458095,236.3096589156919,0.8279066830641235,0.005261167068965733,100,0,0,True,3800,8000,11800,100,6,0.06,237.5927744274395,237.5927744274395,0.0,5.825242718446601,5.825242718446601,37.89473684210527,36.0,0.1537216828478964,1.4625,1.4625,1.5,0.975,0,0,0,0,4459.473866662845,44.594738666628444,8611.348810454172,246.90002060802937,24.801742362095688,65.41108986615677,0,94,0
06ac6393eee7a87a46f65b36cf9d1863821846f32cd08b7f9dd84710f2fa08a1,1,9,20271602,0.6,1.5,soft,wa_mcbr_soft,0000000001000000000010000000000000000000000000000000000000000000000000100000000000000000000100000010,1,1,237.1734472587953,0000000001000000000010000000000000000000000000000000000000000000000000100000000000000000000100000010,0.0,237.1734472587953,,,0.03473704110365361,477,38,0,True,18126,38160,56286,100,5,0.05,237.95791404357425,237.16198125309353,0.79593279048073,4.12621359223301,4.12621359223301,37.89473684210527,36.0,0.10888619201725998,1.1212499999999999,1.1212499999999999,1.5,0.7474999999999999,0,0,0,0,4444.833592146085,44.448335921460846,8546.548652035211,276.17064984197617,29.730407042310038,50.547779375047284,0,0,95
06ac6393eee7a87a46f65b36cf9d1863821846f32cd08b7f9dd84710f2fa08a1,1,9,20271602,0.6,1.5,none,wa_mcbr_none,0010000001000000000000000010000000000000000100101000000000000000000010110000001000000000001101000010,1,0,inf,0000000001000000000000000000000000000000000000001000000000000000000000000000000000000000001100000010,0.09,236.780855700464,,,0.03286066697910428,651,51,0,True,24738,52080,76818,100,14,0.14,231.81121053193849,231.81121053193849,0.0,13.349514563106796,13.349514563106796,37.89473684210527,36.0,0.3522788565264293,3.4774999999999996,3.4774999999999996,1.5,2.318333333333333,0,1,0,1,4249.5964058663685,42.49596405866369,7636.288245529327,472.34614015229573,49.160394951941065,155.968564588321,0,0,86
06ac6393eee7a87a46f65b36cf9d1863821846f32cd08b7f9dd84710f2fa08a1,1,9,20271602,0.6,2.0,hard,wa_mcbr_hard,1000010000000001000000000000000000000000000000001000010000000000000010100000000000000000000000000001,1,0,inf,0000000000000001000000000000000000000000000000001000010000000000000010100000000000000000000000000001,0.02,237.60248610606436,234.68363705502776,1.2437377772325053,0.005338332965038717,100,0,0,True,3800,8000,11800,100,8,0.08,236.4951550204664,236.4951550204664,0.0,7.766990291262136,7.766990291262136,37.89473684210527,36.0,0.20496224379719524,1.95,1.95,2.0,0.975,0,0,0,0,4430.126136198674,44.30126136198675,8474.625968115417,281.31654993615416,28.246014427285985,84.4504748982361,0,92,0
06ac6393eee7a87a46f65b36cf9d1863821846f32cd08b7f9dd84710f2fa08a1,1,9,20271602,0.6,2.0,soft,wa_mcbr_soft,0000000001000000000000000010000000000000000000000000100000000000000000100000000000000000000100000010,1,1,235.90958077660449,0000000001000000000000000010000000000000000000000000100000000000000000100000000000000000000100000010,0.0,235.90958077660449,,,0.034534749924205244,477,41,0,True,18126,38160,56286,100,6,0.06,236.67595144961228,235.89004614702336,0.7859053025889411,5.339805825242719,5.339805825242719,37.89473684210527,36.0,0.14091154261057173,1.44625,1.44625,2.0,0.723125,0,0,0,0,4385.854113628312,43.85854113628312,8273.121327527013,514.6794832307731,53.55458783565645,61.00612148799246,0,0,94
06ac6393eee7a87a46f65b36cf9d1863821846f32cd08b7f9dd84710f2fa08a1,1,9,20271602,0.6,2.0,none,wa_mcbr_none,0010000001000000000000000010000000000000000100101000000000000000000010110000001000000000001101000010,1,0,inf,0010000001000000000000000000000000000000000000001000000000000000000010000000000000000000001100000010,0.07,234.99281268080165,,,0.03282833402045071,651,51,0,True,24738,52080,76818,100,14,0.14,231.81121053193849,231.81121053193849,0.0,13.349514563106796,13.349514563106796,37.89473684210527,36.0,0.3522788565264293,3.4774999999999996,3.4774999999999996,2.0,1.7387499999999998,0,1,0,1,4249.5964058663685,42.49596405866369,7636.288245529327,472.34614015229573,49.160394951941065,155.968564588321,0,0,86
06ac6393eee7a87a46f65b36cf9d1863821846f32cd08b7f9dd84710f2fa08a1,1,9,20271602,0.6,3.0,hard,wa_mcbr_hard,1100010000000011000000000000000001000000000000001000010000000000100010100000000000000000000000000001,1,0,inf,1000010000000011000000000000000000000000000000001000010000000000100010100000000000000000000000000001,0.02,235.87463934943017,232.7439314245794,1.3451297766125803,0.0054369159042835236,100,0,0,True,3800,8000,11800,100,12,0.12,235.6161202377795,235.6161202377795,0.0,11.650485436893202,11.650485436893202,37.89473684210527,36.0,0.3074433656957928,2.925,2.925,3.0,0.975,0,0,0,0,4375.038596845796,43.750385968457955,8212.068409015106,388.9017620717285,39.03408459209424,130.98130841121488,0,88,0
06ac6393eee7a87a46f65b36cf9d1863821846f32cd08b7f9dd84710f2fa08a1,1,9,20271602,0.6,3.0,soft,wa_mcbr_soft,0010000001000000000000000000000000000000000000001000000000000000000010010000000000000000001100000010,1,1,233.93858861650227,0010000001000000000000000000000000000000000000001000000000000000000010010000000000000000001100000010,0.0,233.93858861650227,,,0.06645212497096509,928,49,0,True,35264,74240,109504,100,8,0.08,234.4632994114555,233.90427952693102,0.5590198845244834,7.281553398058252,7.281553398058252,37.89473684210527,36.0,0.1921521035598705,1.9337499999999999,1.9337499999999999,3.0,0.6445833333333333,0,0,0,0,4375.476948223561,43.75476948223561,8229.820256392662,255.1543316506256,27.532049082657263,79.46419629444165,0,0,92
06ac6393eee7a87a46f65b36cf9d1863821846f32cd08b7f9dd84710f2fa08a1,1,9,20271602,0.6,3.0,none,wa_mcbr_none,0010000001000000000000000010000000000000000100101000000000000000000010110000001000000000001101000010,1,0,inf,0010000001000000000000000000000000000000000000001000000000000000000010110000000000000000001101000010,0.04,232.76692118103253,,,0.033099416992627084,651,51,0,True,24738,52080,76818,100,14,0.14,231.81121053193849,231.81121053193849,0.0,13.349514563106796,13.349514563106796,37.89473684210527,36.0,0.3522788565264293,3.4774999999999996,3.4774999999999996,3.0,1.1591666666666665,0,1,0,1,4249.5964058663685,42.49596405866369,7636.288245529327,472.34614015229573,49.160394951941065,155.968564588321,0,0,86
06ac6393eee7a87a46f65b36cf9d1863821846f32cd08b7f9dd84710f2fa08a1,1,9,20271602,0.6,5.0,hard,wa_mcbr_hard,0010010001000001000000000000000000000000000000101000000000000000000010110000001000000000001101000011,1,1,231.77018594630096,0010010001000001000000000000000000000000000000101000000000000000000010110000001000000000001101000011,0.0,231.77018594630096,231.7370838564799,0.01428433001321345,0.02103845903184265,414,33,0,True,15732,33120,48852,100,15,0.15,231.61009998759985,231.61009998759985,0.0,14.077669902912621,14.077669902912621,37.89473684210527,36.0,0.3714940668824164,3.6399999999999997,3.6399999999999997,5.0,0.728,0,0,0,0,4258.195633429535,42.58195633429535,7675.836581353606,405.2735094766719,42.43875690705326,167.76871915897874,0,0,85
06ac6393eee7a87a46f65b36cf9d1863821846f32cd08b7f9dd84710f2fa08a1,1,9,20271602,0.6,5.0,soft,wa_mcbr_soft,0010000001000000000000000010000000000000000000101000000100000000000010010000000000000000001101000010,1,1,232.16948121767652,0010000001000000000000000010000000000000000000101000000100000000000010010000000000000000001101000010,0.0,232.16948121767652,,,0.047866292065009475,653,57,0,True,24814,52240,77054,100,12,0.12,232.64897681500656,232.0713179557314,0.5776588592751799,11.407766990291261,11.407766990291261,37.89473684210527,36.0,0.30103829557713047,2.9899999999999993,2.9899999999999993,5.0,0.5979999999999999,0,0,0,0,4288.061677740092,42.88061677740092,7819.716221086422,410.79975829979816,43.01842386842312,127.67338670782286,0,0,88
06ac6393eee7a87a46f65b36cf9d1863821846f32cd08b7f9dd84710f2fa08a1,1,9,20271602,0.6,5.0,none,wa_mcbr_none,0010000001000000000000000010000000000000000100101000000000000000000010110000001000000000001101000010,1,1,231.95831142065353,0010000001000000000000000010000000000000000100101000000000000000000010110000001000000000001101000010,0.0,231.95831142065353,,,0.03270300000440329,651,51,0,True,24738,52080,76818,100,14,0.14,231.81121053193849,231.81121053193849,0.0,13.349514563106796,13.349514563106796,37.89473684210527,36.0,0.3522788565264293,3.4774999999999996,3.4774999999999996,5.0,0.6954999999999999,0,0,0,0,4249.5964058663685,42.49596405866369,7636.288245529327,472.34614015229573,49.160394951941065,155.968564588321,0,0,86
06ac6393eee7a87a46f65b36cf9d1863821846f32cd08b7f9dd84710f2fa08a1,1,9,20271602,0.6,13.0,hard,wa_mcbr_hard,0010000001000000000000000010000000000000000100101000000000000000000010110000001000000000001101000010,1,1,231.95831142065353,0010000001000000000000000010000000000000000100101000000000000000000010110000001000000000001101000010,0.0,231.95831142065353,231.7370838564799,0.09546489517001194,0.03304845793172717,651,51,0,True,24738,52080,76818,100,14,0.14,231.81121053193849,231.81121053193849,0.0,13.349514563106796,13.349514563106796,37.89473684210527,36.0,0.3522788565264293,3.4774999999999996,3.4774999999999996,13.0,0.26749999999999996,0,0,0,0,4249.5964058663685,42.49596405866369,7636.288245529327,472.34614015229573,49.160394951941065,155.968564588321,0,0,86
06ac6393eee7a87a46f65b36cf9d1863821846f32cd08b7f9dd84710f2fa08a1,1,9,20271602,0.6,13.0,soft,wa_mcbr_soft,0010010001000000000000000010000000000000000000101000000000000000000010110000001000000000001101000010,1,1,231.90357366653961,0010010001000000000000000010000000000000000000101000000000000000000010110000001000000000001101000010,0.0,231.90357366653961,,,0.0537307079648599,733,53,0,True,27854,58640,86494,100,14,0.14,231.80437367169358,231.75647277782457,0.047900893869017816,13.349514563106796,13.349514563106796,37.89473684210527,36.0,0.3522788565264293,3.4774999999999996,3.4774999999999996,13.0,0.26749999999999996,0,0,0,0,4251.070806289987,42.510708062899866,7643.47563571392,463.3747418392781,48.25969385145678,155.968564588321,0,0,86
06ac6393eee7a87a46f65b36cf9d1863821846f32cd08b7f9dd84710f2fa08a1,1,9,20271602,0.6,13.0,none,wa_mcbr_none,0010000001000000000000000010000000000000000100101000000000000000000010110000001000000000001101000010,1,1,231.95831142065353,0010000001000000000000000010000000000000000100101000000000000000000010110000001000000000001101000010,0.0,231.95831142065353,,,0.03261958295479417,651,51,0,True,24738,52080,76818,100,14,0.14,231.81121053193849,231.81121053193849,0.0,13.349514563106796,13.349514563106796,37.89473684210527,36.0,0.3522788565264293,3.4774999999999996,3.4774999999999996,13.0,0.26749999999999996,0,0,0,0,4249.5964058663685,42.49596405866369,7636.288245529327,472.34614015229573,49.160394951941065,155.968564588321,0,0,86
06ac6393eee7a87a46f65b36cf9d1863821846f32cd08b7f9dd84710f2fa08a1,1,9,20271602,0.8,1.5,hard,wa_mcbr_hard,0000000000000001000000000000000000000000000000001000010000000000000010100000000000000000000000000001,1,0,inf,0000000000000000000000000000000000000000000000001000010000000000000010100000000000000000000000000001,0.01,238.21336561157517,236.25694215268612,0.8280914165157813,0.0052969170501455665,100,0,0,True,3800,8000,11800,100,6,0.06,237.51578113927138,237.51578113927138,0.0,5.825242718446601,5.825242718446601,50.526315789473685,48.0,0.1152912621359223,1.4625,1.4625,1.5,0.975,0,0,0,0,4459.396873374676,44.59396873374676,8611.348810454172,246.90002060802937,24.801742362095688,52.57887517146776,0,94,0
06ac6393eee7a87a46f65b36cf9d1863821846f32cd08b7f9dd84710f2fa08a1,1,9,20271602,0.8,1.5,soft,wa_mcbr_soft,0000000001000000000110000000000000000000000000000000000000000000000000000000000000000010000100000000,1,1,237.40780120565964,0000000001000000000110000000000000000000000000000000000000000000000000000000000000000010000100000000,0.0,237.40780120565964,,,0.03583070798777044,494,53,0,True,18772,39520,58292,100,5,0.05,238.1968496200887,237.40091682960798,0.7959327904807306,4.368932038834951,4.368932038834951,50.526315789473685,48.0,0.08646844660194174,1.12125,1.12125,1.5,0.7475,0,0,0,0,4432.892964820063,44.32892964820063,8489.027721933177,454.92972920703244,45.544386635804,43.66323480571238,0,0,95
06ac6393eee7a87a46f65b36cf9d1863821846f32cd08b7f9dd84710f2fa08a1,1,9,20271602,0.8,1.5,none,wa_mcbr_none,0010010001000001000000000000000000000000000100101000000100000000000010110000001000000000001101000011,1,0,inf,0000000001000000000000000000000000000000000000001000000000000000000000000000000000000000001100000010,0.12,236.73588858885003,,,0.033209666959010065,648,69,0,True,24624,51840,76464,100,17,0.17,230.71966559344378,230.71966559344378,0.0,16.019417475728158,16.019417475728158,50.526315789473685,48.0,0.3170509708737865,4.1275,4.1275,1.5,2.751666666666667,0,1,0,1,4225.980594161125,42.25980594161125,7524.799016947555,451.03424508561756,47.00099691493163,136.05952909817861,0,0,83
06ac6393eee7a87a46f65b36cf9d1863821846f32cd08b7f9dd84710f2fa08a1,1,9,20271602,0.8,2.0,hard,wa_mcbr_hard,1000010000000001000000000000000000000000000000001000010000000000000010100000000000000000000000000001,1,0,inf,0000000000000001000000000000000000000000000000001000010000000000000010100000000000000000000000000001,0.02,237.52243554781705,234.57530569332954,1.2563683316011212,0.005320917000062764,100,0,0,True,3800,8000,11800,100,8,0.08,236.34283994020976,236.34283994020976,0.0,7.766990291262136,7.766990291262136,50.526315789473685,48.0,0.15372168284789645,1.95,1.95,2.0,0.975,0,0,0,0,4429.973821118418,44.29973821118418,8474.625968115417,281.31654993615416,28.246014427285985,65.41108986615679,0,92,0
06ac6393eee7a87a46f65b36cf9d1863821846f32cd08b7f9dd84710f2fa08a1,1,9,20271602,0.8,2.0,soft,wa_mcbr_soft,0010000000000010000100000000000000000000000000001000000000000000000000000000000000000000000100000010,1,1,236.3607198665481,0010000000000010000100000000000000000000000000001000000000000000000000000000000000000000000100000010,0.0,236.3607198665481,,,0.033890416962094605,465,54,0,True,17670,37200,54870,100,6,0.06,237.0411057497012,236.3510058943616,0.69009985533959,5.339805825242719,5.339805825242719,50.526315789473685,48.0,0.1056836569579288,1.4137499999999998,1.4137499999999998,2.0,0.7068749999999999,0,0,0,0,4418.421909204513,44.18421909204513,8424.224951040205,354.10839261786595,37.49184003447767,49.54314146782767,0,0,94
06ac6393eee7a87a46f65b36cf9d1863821846f32cd08b7f9dd84710f2fa08a1,1,9,20271602,0.8,2.0,none,wa_mcbr_none,0010010001000001000000000000000000000000000100101000000100000000000010110000001000000000001101000011,1,0,inf,0010000001000000000000000000000000000000000000001000000000000000000010000000000000000000001100000010,0.1,234.89101450143275,,,0.03271633293479681,648,69,0,True,24624,51840,76464,100,17,0.17,230.71966559344378,230.71966559344378,0.0,16.019417475728158,16.019417475728158,50.526315789473685,48.0,0.3170509708737865,4.1275,4.1275,2.0,2.06375,0,1,0,1,4225.980594161125,42.25980594161125,7524.799016947555,451.03424508561756,47.00099691493163,136.05952909817861,0,0,83
06ac6393eee7a87a46f65b36cf9d1863821846f32cd08b7f9dd84710f2fa08a1,1,9,20271602,0.8,3.0,hard,wa_mcbr_hard,1100010000000011000000000000000001000000000000001000010000000000100010100000000000000000000000000001,1,0,inf,1000010000000011000000000000000000000000000000001000010000000000100010100000000000000000000000000001,0.02,235.59529605121892,232.46458812636814,1.3467461646885004,0.00562779197935015,100,0,0,True,3800,8000,11800,100,12,0.12,235.1833981646052,235.1833981646052,0.0,11.650485436893202,11.650485436893202,50.526315789473685,48.0,0.2305825242718446,2.925,2.925,3.0,0.975,0,0,0,0,4374.605874772621,43.74605874772621,8212.068409015106,388.9017620717285,39.03408459209424,94.92113564668769,0,88,0
06ac6393eee7a87a46f65b36cf9d1863821846f32cd08b7f9dd84710f2fa08a1,1,9,20271602,0.8,3.0,soft,wa_mcbr_soft,0010000001000000000000000000000000000000000000001000000000000000000010010000000000000000001101000010,1,1,233.11953940583143,0010000001000000000000000000000000000000000000001000000000000000000010010000000000000000001101000010,0.0,233.11953940583143,,,0.05370879196561873,749,65,0,True,28462,59920,88382,100,9,0.09,234.29544122586518,233.09076263619824,1.2046785896669405,8.25242718446602,8.25242718446602,50.526315789473685,48.0,0.16332928802588997,2.1774999999999998,2.1774999999999998,3.0,0.7258333333333332,0,0,0,0,4359.001310678056,43.59001310678056,8154.256098456896,264.67562807468744,28.455384099518795,68.80333615375316,0,0,91
06ac6393eee7a87a46f65b36cf9d1863821846f32cd08b7f9dd84710f2fa08a1,1,9,20271602,0.8,3.0,none,wa_mcbr_none,0010010001000001000000000000000000000000000100101000000100000000000010110000001000000000001101000011,1,0,inf,0010000001000000000000000000000000000000000000001000000000000000000010110000000000000000001101000010,0.07,232.5008112099439,,,0.03182725002989173,648,69,0,True,24624,51840,76464,100,17,0.17,230.71966559344378,230.71966559344378,0.0,16.019417475728158,16.019417475728158,50.526315789473685,48.0,0.3170509708737865,4.1275,4.1275,3.0,1.3758333333333335,0,1,0,1,4225.980594161125,42.25980594161125,7524.799016947555,451.03424508561756,47.00099691493163,136.05952909817861,0,0,83
06ac6393eee7a87a46f65b36cf9d1863821846f32cd08b7f9dd84710f2fa08a1,1,9,20271602,0.8,5.0,hard,wa_mcbr_hard,0010010001000001000000000000000000000000000100101000000100000000000010110000001000000000001101000011,1,1,230.84487205217445,0010010001000001000000000000000000000000000100101000000100000000000010110000001000000000001101000011,0.0,230.84487205217445,230.82870967670428,0.0070018913560667756,0.034693083027377725,653,33,0,True,24814,52240,77054,100,17,0.17,230.71966559344378,230.71966559344378,0.0,16.019417475728158,16.019417475728158,50.526315789473685,48.0,0.3170509708737865,4.1275,4.1275,5.0,0.8255000000000001,0,0,0,0,4225.980594161125,42.25980594161125,7524.799016947555,451.03424508561756,47.00099691493163,136.05952909817861,0,0,83
06ac6393eee7a87a46f65b36cf9d1863821846f32cd08b7f9dd84710f2fa08a1,1,9,20271602,0.8,5.0,soft,wa_mcbr_soft,0010010001000000000000000000000000000000000000001000000100000000000010110000001000000000001101000010,1,1,231.3976621542934,0010010001000000000000000000000000000000000000001000000100000000000010110000001000000000001101000010,0.0,231.3976621542934,,,0.06049695797264576,852,71,0,True,32376,68160,100536,100,13,0.13,232.14549154299254,231.3338764590343,0.8116150839582605,12.135922330097086,12.135922330097086,50.526315789473685,48.0,0.24019012944983817,3.1524999999999994,3.1524999999999994,5.0,0.6304999999999998,0,0,0,0,4287.714774996626,42.87714774996626,7819.707892539027,371.33762554807305,39.06865684826033,99.02968188473312,0,0,87
06ac6393eee7a87a46f65b36cf9d1863821846f32cd08b7f9dd84710f2fa08a1,1,9,20271602,0.8,5.0,none,wa_mcbr_none,0010010001000001000000000000000000000000000100101000000100000000000010110000001000000000001101000011,1,1,230.84487205217445,0010010001000001000000000000000000000000000100101000000100000000000010110000001000000000001101000011,0.0,230.84487205217445,,,0.0315218340838328,648,69,0,True,24624,51840,76464,100,17,0.17,230.71966559344378,230.71966559344378,0.0,16.019417475728158,16.019417475728158,50.526315789473685,48.0,0.3170509708737865,4.1275,4.1275,5.0,0.8255000000000001,0,0,0,0,4225.980594161125,42.25980594161125,7524.799016947555,451.03424508561756,47.00099691493163,136.05952909817861,0,0,83
06ac6393eee7a87a46f65b36cf9d1863821846f32cd08b7f9dd84710f2fa08a1,1,9,20271602,0.8,13.0,hard,wa_mcbr_hard,0010010001000001000000000000000000000000000100101000000100000000000010110000001000000000001101000011,1,1,230.84487205217445,0010010001000001000000000000000000000000000100101000000100000000000010110000001000000000001101000011,0.0,230.84487205217445,230.82870967670428,0.0070018913560667756,0.032649333006702363,648,69,0,True,24624,51840,76464,100,17,0.17,230.71966559344378,230.71966559344378,0.0,16.019417475728158,16.019417475728158,50.526315789473685,48.0,0.3170509708737865,4.1275,4.1275,13.0,0.3175,0,0,0,0,4225.980594161125,42.25980594161125,7524.799016947555,451.03424508561756,47.00099691493163,136.05952909817861,0,0,83
06ac6393eee7a87a46f65b36cf9d1863821846f32cd08b7f9dd84710f2fa08a1,1,9,20271602,0.8,13.0,soft,wa_mcbr_soft,0010010001000001000000000000000000000000000000101000000100000000000010110000001000000000001101000011,1,1,230.8287096767043,0010010001000001000000000000000000000000000000101000000100000000000010110000001000000000001101000011,0.0,230.8287096767043,,,0.05948370893020183,832,74,0,True,31616,66560,98176,100,16,0.16,230.79244102233727,230.72214849066884,0.07029253166843535,15.04854368932039,15.04854368932039,50.526315789473685,48.0,0.29783576051779936,3.88375,3.88375,13.0,0.29875,0,0,0,0,4240.880915212703,42.408809152127034,7596.716893108289,429.01514404612465,44.80581926807584,126.04205674780356,0,0,84
06ac6393eee7a87a46f65b36cf9d1863821846f32cd08b7f9dd84710f2fa08a1,1,9,20271602,0.8,13.0,none,wa_mcbr_none,0010010001000001000000000000000000000000000100101000000100000000000010110000001000000000001101000011,1,1,230.84487205217445,0010010001000001000000000000000000000000000100101000000100000000000010110000001000000000001101000011,0.0,230.84487205217445,,,0.03216379100922495,648,69,0,True,24624,51840,76464,100,17,0.17,230.71966559344378,230.71966559344378,0.0,16.019417475728158,16.019417475728158,50.526315789473685,48.0,0.3170509708737865,4.1275,4.1275,13.0,0.3175,0,0,0,0,4225.980594161125,42.25980594161125,7524.799016947555,451.03424508561756,47.00099691493163,136.05952909817861,0,0,83
06ac6393eee7a87a46f65b36cf9d1863821846f32cd08b7f9dd84710f2fa08a1,1,9,20271602,1.0,1.5,hard,wa_mcbr_hard,0000000000000001000000000000000000000000000000001000010000000000000010100000000000000000000000000001,1,0,inf,0000000000000000000000000000000000000000000000001000010000000000000010100000000000000000000000000001,0.01,238.18354843792937,236.22712497904033,0.828195940268348,0.0053718750132247806,100,0,0,True,3800,8000,11800,100,6,0.06,237.47271430535488,237.47271430535488,0.0,5.825242718446601,5.825242718446601,63.15789473684211,60.0,0.09223300970873785,1.4625,1.4625,1.5,0.975,0,0,0,0,4459.35380654076,44.5935380654076,8611.348810454172,246.90002060802937,24.801742362095688,45.401069518716575,0,94,0
06ac6393eee7a87a46f65b36cf9d1863821846f32cd08b7f9dd84710f2fa08a1,1,9,20271602,1.0,1.5,soft,wa_mcbr_soft,0000000001000000000110000000000000000000000000000000000000000000000000000000000000000010000100000000,1,1,237.38079407639552,0000000001000000000110000000000000000000000000000000000000000000000000000000000000000010000100000000,0.0,237.38079407639552,,,0.0368330409983173,494,55,0,True,18772,39520,58292,100,5,0.05,238.171427839802,237.37549504932127,0.7959327904807306,4.368932038834951,4.368932038834951,63.15789473684211,60.0,0.0691747572815534,1.12125,1.12125,1.5,0.7475,0,0,0,0,4432.867543039776,44.32867543039776,8489.027721933177,454.92972920703244,45.544386635804,38.57887874837027,0,0,95
06ac6393eee7a87a46f65b36cf9d1863821846f32cd08b7f9dd84710f2fa08a1,1,9,20271602,1.0,1.5,none,wa_mcbr_none,0010010001000001000000000000000000000000000100101000000100000000000010110000001000000000001101010011,1,0,inf,0000000001000000000000000000000000000000000000001000000000000000000000000000000000000000001100000010,0.13,236.71025524073903,,,0.04625599994324148,949,78,0,True,36062,75920,111982,100,18,0.18,230.18426491481267,230.18426491481267,0.0,16.990291262135923,16.990291262135923,63.15789473684211,60.0,0.2690129449838188,4.371250000000001,4.371250000000001,1.5,2.914166666666667,0,1,0,1,4212.840844475493,42.12840844475493,7463.67649589199,468.0435948845537,48.69421622164158,112.0033204205866,0,0,82
06ac6393eee7a87a46f65b36cf9d1863821846f32cd08b7f9dd84710f2fa08a1,1,9,20271602,1.0,2.0,hard,wa_mcbr_hard,1000010000000001000000000000000000000000000000001000010000000000000010100000000000000000000000000001,1,0,inf,0000000000000001000000000000000000000000000000001000010000000000000010100000000000000000000000000001,0.02,237.47776645177848,234.5154492580927,1.263165050770553,0.0054177079582586884,100,0,0,True,3800,8000,11800,100,8,0.08,236.25999402570855,236.25999402570855,0.0,7.766990291262136,7.766990291262136,63.15789473684211,60.0,0.12297734627831715,1.95,1.95,2.0,0.975,0,0,0,0,4429.890975203916,44.298909752039165,8474.625968115417,281.31654993615416,28.246014427285985,55.055350553505534,0,92,0
06ac6393eee7a87a46f65b36cf9d1863821846f32cd08b7f9dd84710f2fa08a1,1,9,20271602,1.0,2.0,soft,wa_mcbr_soft,0010000000000010000100000000000000000000000000001000000000000000000000000000000000000000000100000010,1,1,236.31968706018523,0010000000000010000100000000000000000000000000001000000000000000000000000000000000000000000100000010,0.0,236.31968706018523,,,0.038326999987475574,465,56,0,True,17670,37200,54870,100,6,0.06,237.00237982179567,236.3122799664561,0.69009985533959,5.339805825242719,5.339805825242719,63.15789473684211,60.0,0.08454692556634304,1.4137499999999998,1.4137499999999998,2.0,0.7068749999999999,0,0,0,0,4418.383183276608,44.18383183276608,8424.224951040205,354.10839261786595,37.49184003447767,43.08882015024304,0,0,94
06ac6393eee7a87a46f65b36cf9d1863821846f32cd08b7f9dd84710f2fa08a1,1,9,20271602,1.0,2.0,none,wa_mcbr_none,0010010001000001000000000000000000000000000100101000000100000000000010110000001000000000001101010011,1,0,inf,0010000001000000000000000000000000000000000000001000000000000000000010000000000000000000001100000010,0.11,234.8345270843942,,,0.045795542071573436,949,78,0,True,36062,75920,111982,100,18,0.18,230.18426491481267,230.18426491481267,0.0,16.990291262135923,16.990291262135923,63.15789473684211,60.0,0.2690129449838188,4.371250000000001,4.371250000000001,2.0,2.1856250000000004,0,1,0,1,4212.840844475493,42.12840844475493,7463.67649589199,468.0435948845537,48.69421622164158,112.0033204205866,0,0,82
06ac6393eee7a87a46f65b36cf9d1863821846f32cd08b7f9dd84710f2fa08a1,1,9,20271602,1.0,3.0,hard,wa_mcbr_hard,1100010000000011000000000000000001000000000000001000010000000000100010100000000000000000000000000001,1,0,inf,1000010000000011000000000000000000000000000000001000010000000000100010100000000000000000000000000001,0.02,235.44870996403878,232.318002039188,1.3475959234199535,0.0054952920181676745,100,0,0,True,3800,8000,11800,100,12,0.12,234.96291596541636,234.96291596541636,0.0,11.650485436893202,11.650485436893202,63.15789473684211,60.0,0.1844660194174757,2.925,2.925,3.0,0.975,0,0,0,0,4374.385392573432,43.74385392573432,8212.068409015106,388.9017620717285,39.03408459209424,76.54761904761904,0,88,0
06ac6393eee7a87a46f65b36cf9d1863821846f32cd08b7f9dd84710f2fa08a1,1,9,20271602,1.0,3.0,soft,wa_mcbr_soft,0010000001000000000000000000000000000000000000001000000000000000000010010000000000000000001101000010,1,1,233.0109846258913,0010000001000000000000000000000000000000000000001000000000000000000010010000000000000000001101000010,0.0,233.0109846258913,,,0.05445816705469042,749,67,0,True,28462,59920,88382,100,9,0.09,234.19439174957398,232.98971315990704,1.2046785896669405,8.25242718446602,8.25242718446602,63.15789473684211,60.0,0.130663430420712,2.1774999999999998,2.1774999999999998,3.0,0.7258333333333332,0,0,0,0,4358.900261201765,43.58900261201765,8154.256098456896,264.67562807468744,28.455384099518795,57.57561656584458,0,0,91
06ac6393eee7a87a46f65b36cf9d1863821846f32cd08b7f9dd84710f2fa08a1,1,9,20271602,1.0,3.0,none,wa_mcbr_none,0010010001000001000000000000000000000000000100101000000100000000000010110000001000000000001101010011,1,0,inf,0010000001000000000000000000000000000000000000001000000000000000000010110000000000000000001101000010,0.08,232.36045961841864,,,0.04624329193029553,949,78,0,True,36062,75920,111982,100,18,0.18,230.18426491481267,230.18426491481267,0.0,16.990291262135923,16.990291262135923,63.15789473684211,60.0,0.2690129449838188,4.371250000000001,4.371250000000001,3.0,1.4570833333333335,0,1,0,1,4212.840844475493,42.12840844475493,7463.67649589199,468.0435948845537,48.69421622164158,112.0033204205866,0,0,82
06ac6393eee7a87a46f65b36cf9d1863821846f32cd08b7f9dd84710f2fa08a1,1,9,20271602,1.0,5.0,hard,wa_mcbr_hard,0010010001000001000000000000000000000000000100101000000100000000000010110000001000000000001101010011,1,0,inf,0010010001000001000000000000000000000000000100101000000100000000000010110000001000000000001101000011,0.01,230.2743810259867,230.27438102598668,1.2342540800140764e-14,0.02275616698898375,435,30,0,True,16530,34800,51330,100,18,0.18,230.18426491481267,230.18426491481267,0.0,16.990291262135923,16.990291262135923,63.15789473684211,60.0,0.2690129449838188,4.371250000000001,4.371250000000001,5.0,0.8742500000000002,0,0,0,0,4212.840844475493,42.12840844475493,7463.67649589199,468.0435948845537,48.69421622164158,112.0033204205866,0,0,82
06ac6393eee7a87a46f65b36cf9d1863821846f32cd08b7f9dd84710f2fa08a1,1,9,20271602,1.0,5.0,soft,wa_mcbr_soft,0010010001000000000000000000000000000000000100101000000100000000000010010000000000000000001101000010,1,1,231.21327238141015,0010010001000000000000000000000000000000000100101000000100000000000010010000000000000000001101000010,0.0,231.21327238141015,,,0.0488859589677304,649,71,0,True,24662,51920,76582,100,13,0.13,231.97991325533113,231.16829817137287,0.8116150839582613,12.135922330097088,12.135922330097088,63.15789473684211,60.0,0.19215210355987056,3.1525,3.1525,5.0,0.6305,0,0,0,0,4294.42980549506,42.94429805495059,7852.084708962919,353.59776486398346,37.28530483993639,79.46419629444166,0,0,87
06ac6393eee7a87a46f65b36cf9d1863821846f32cd08b7f9dd84710f2fa08a1,1,9,20271602,1.0,5.0,none,wa_mcbr_none,0010010001000001000000000000000000000000000100101000000100000000000010110000001000000000001101010011,1,0,inf,0010010001000001000000000000000000000000000100101000000100000000000010110000001000000000001101000011,0.01,230.2743810259867,,,0.046436083037406206,949,78,0,True,36062,75920,111982,100,18,0.18,230.18426491481267,230.18426491481267,0.0,16.990291262135923,16.990291262135923,63.15789473684211,60.0,0.2690129449838188,4.371250000000001,4.371250000000001,5.0,0.8742500000000002,0,0,0,0,4212.840844475493,42.12840844475493,7463.67649589199,468.0435948845537,48.69421622164158,112.0033204205866,0,0,82
06ac6393eee7a87a46f65b36cf9d1863821846f32cd08b7f9dd84710f2fa08a1,1,9,20271602,1.0,13.0,hard,wa_mcbr_hard,0010010001000001000000000000000000000000000100101000000100000000000010110000001000000000001101010011,1,1,230.28037603991316,0010010001000001000000000000000000000000000100101000000100000000000010110000001000000000001101010011,0.0,230.28037603991316,230.27438102598668,0.002603422013238806,0.04577129101380706,949,77,0,True,36062,75920,111982,100,18,0.18,230.18426491481267,230.18426491481267,0.0,16.990291262135923,16.990291262135923,63.15789473684211,60.0,0.2690129449838188,4.371250000000001,4.371250000000001,13.0,0.33625000000000005,0,0,0,0,4212.840844475493,42.12840844475493,7463.67649589199,468.0435948845537,48.69421622164158,112.0033204205866,0,0,82
06ac6393eee7a87a46f65b36cf9d1863821846f32cd08b7f9dd84710f2fa08a1,1,9,20271602,1.0,13.0,soft,wa_mcbr_soft,0010010001000001000000000000000000000000000100101000000100000000000010110000001000000000001101000011,1,1,230.2743810259867,0010010001000001000000000000000000000000000100101000000100000000000010110000001000000000001101000011,0.0,230.2743810259867,,,0.05838658392895013,832,79,0,True,31616,66560,98176,100,17,0.17,230.2777350790584,230.19096254186417,0.08677253719422855,16.019417475728158,16.019417475728158,63.15789473684211,60.0,0.2536407766990291,4.1275,4.1275,13.0,0.3175,0,0,0,0,4225.451891109546,42.25451891109546,7524.799016947555,451.03424508561756,47.00099691493163,104.95934959349594,0,0,83
06ac6393eee7a87a46f65b36cf9d1863821846f32cd08b7f9dd84710f2fa08a1,1,9,20271602,1.0,13.0,none,wa_mcbr_none,0010010001000001000000000000000000000000000100101000000100000000000010110000001000000000001101010011,1,1,230.28037603991316,0010010001000001000000000000000000000000000100101000000100000000000010110000001000000000001101010011,0.0,230.28037603991316,,,0.04551145795267075,949,78,0,True,36062,75920,111982,100,18,0.18,230.18426491481267,230.18426491481267,0.0,16.990291262135923,16.990291262135923,63.15789473684211,60.0,0.2690129449838188,4.371250000000001,4.371250000000001,13.0,0.33625000000000005,0,0,0,0,4212.840844475493,42.12840844475493,7463.67649589199,468.0435948845537,48.69421622164158,112.0033204205866,0,0,82
06ac6393eee7a87a46f65b36cf9d1863821846f32cd08b7f9dd84710f2fa08a1,2,0,20280729,0.2,1.5,hard,wa_mcbr_hard,0000000000000000000000100000000000000010000000100000000000000000001000000010000000000000000001000000,1,0,inf,0000000000000000000000000000000000000010000000100000000000000000001000000010000000000000000001000000,0.01,253.98186167866214,250.62704981248083,1.3385673528421524,0.005312207969836891,100,0,0,True,3800,8000,11800,100,6,0.06,253.49665562329776,253.49665562329776,0.0,5.445544554455445,5.445544554455445,12.631578947368421,12.0,0.43110561056105606,1.41375,1.41375,1.5,0.9425,0,0,0,0,4242.75384357014,42.4275384357014,7995.870277442048,449.52505235955437,45.04624034121593,209.4488759970993,0,94,0
06ac6393eee7a87a46f65b36cf9d1863821846f32cd08b7f9dd84710f2fa08a1,2,0,20280729,0.2,1.5,soft,wa_mcbr_soft,0000001000000000000000000000000000000000000000100000000000000000000000001110000000000000000000000000,1,1,251.86525214046668,0000001000000000000000000000000000000000000000100000000000000000000000001110000000000000000000000000,0.0,251.86525214046668,,,0.04661191697232425,645,16,0,True,24510,51600,76110,100,5,0.05,252.6174464064759,251.82151361599517,0.7959327904807306,4.207920792079208,4.207920792079208,12.631578947368421,12.0,0.3331270627062706,1.12125,1.12125,1.5,0.7475,0,0,0,0,4229.279734398589,42.292797343985896,7941.775887279009,351.0628710572444,35.17745580194295,144.88400866068665,0,0,95
06ac6393eee7a87a46f65b36cf9d1863821846f32cd08b7f9dd84710f2fa08a1,2,0,20280729,0.2,1.5,none,wa_mcbr_none,0000000000000000000000000100000000000000000001000000000000001000001000001110000000000000000000000000,1,0,inf,0000000000000000000000000000000000000000000001000000000000000000001000001110000000000000000000000000,0.02,250.9386356169792,,,0.03160262503661215,658,26,0,True,25004,52640,77644,100,7,0.07,249.53281361861443,249.53281361861443,0.0,6.93069306930693,6.93069306930693,12.631578947368421,12.0,0.5486798679867986,1.77125,1.77125,1.5,1.1808333333333334,0,1,0,1,4112.268342315638,41.122683423156374,7394.880977121044,685.832657783687,68.71101729199309,323.9305301645337,0,0,93
06ac6393eee7a87a46f65b36cf9d1863821846f32cd08b7f9dd84710f2fa08a1,2,0,20280729,0.2,2.0,hard,wa_mcbr_hard,0000000000000000001000000000000000000000000001100000000000000000001000001110000000000000000000000000,1,1,249.9384336582389,0000000000000000001000000000000000000000000001100000000000000000001000001110000000000000000000000000,0.0,249.9384336582389,249.85312541909315,0.03414335482201945,0.028274332988075912,642,13,0,True,24396,51360,75756,100,7,0.07,249.7293629568745,249.7293629568745,0.0,6.683168316831683,6.683168316831683,12.631578947368421,12.0,0.5290841584158416,1.7225,1.7225,2.0,0.86125,0,0,0,0,4117.0253598364825,41.17025359836482,7416.4927203133775,702.7424132839043,70.38861619672487,300.88042049934296,0,34,59
06ac6393eee7a87a46f65b36cf9d1863821846f32cd08b7f9dd84710f2fa08a1,2,0,20280729,0.2,2.0,soft,wa_mcbr_soft,0000000000000000000000000000000000000000000001100000000000000000001000001110000000000000000000000000,1,1,249.88791729384113,0000000000000000000000000000000000000000000001100000000000000000001000001110000000000000000000000000,0.0,249.88791729384113,,,0.05414729204494506,728,19,0,True,27664,58240,85904,100,6,0.06,250.86141983836484,249.77370281474296,1.0877170236218705,5.9405940594059405,5.9405940594059405,12.631578947368421,12.0,0.47029702970297027,1.5275,1.5275,2.0,0.76375,0,0,0,0,4133.390091481677,41.333900914816766,7495.634553844688,723.0526301236503,72.42564078124774,241.96261682242988,0,0,94
06ac6393eee7a87a46f65b36cf9d1863821846f32cd08b7f9dd84710f2fa08a1,2,0,20280729,0.2,2.0,none,wa_mcbr_none,0000000000000000000000000100000000000000000001000000000000001000001000001110000000000000000000000000,1,0,inf,0000000000000000000000000000000000000000000001000000000000001000001000001110000000000000000000000000,0.01,250.16130946085306,,,0.03173904097639024,658,26,0,True,25004,52640,77644,100,7,0.07,249.53281361861443,249.53281361861443,0.0,6.93069306930693,6.93069306930693,12.631578947368421,12.0,0.5486798679867986,1.77125,1.77125,2.0,0.885625,0,0,0,0,4112.268342315638,41.122683423156374,7394.880977121044,685.832657783687,68.71101729199309,323.9305301645337,0,0,93
06ac6393eee7a87a46f65b36cf9d1863821846f32cd08b7f9dd84710f2fa08a1,2,0,20280729,0.2,3.0,hard,wa_mcbr_hard,1000000000000000000000000000000000000000000001100000000000001000000000001110000000000000000000000000,1,1,249.91149951237185,1000000000000000000000000000000000000000000001100000000000001000000000001110000000000000000000000000,0.0,249.91149951237185,249.6270779011374,0.11393860538923282,0.031693708966486156,658,19,0,True,25004,52640,77644,100,7,0.07,249.71924578166312,249.71924578166312,0.0,6.93069306930693,6.93069306930693,12.631578947368421,12.0,0.5486798679867986,1.77125,1.77125,3.0,0.5904166666666667,0,0,0,0,4120.815280279608,41.20815280279608,7434.455569757257,649.6809383507895,65.08139389381769,323.9305301645337,0,0,93
06ac6393eee7a87a46f65b36cf9d1863821846f32cd08b7f9dd84710f2fa08a1,2,0,20280729,0.2,3.0,soft,wa_mcbr_soft,0000100000000100000000100000000000000000000001000000000000000000000000001110000000000000000000000000,1,1,251.01556285171935,0000100000000100000000100000000000000000000001000000000000000000000000001110000000000000000000000000,0.0,251.01556285171935,,,0.023884166963398457,311,16,0,True,11818,24880,36698,100,7,0.07,251.0807845461538,250.8565587300868,0.22422581606702835,6.435643564356435,6.435643564356435,12.631578947368421,12.0,0.5094884488448844,1.64125,1.64125,3.0,0.5470833333333334,0,0,0,0,4166.792112336755,41.66792112336755,7646.764330117052,519.2011976932716,52.04715957882021,279.6719932716568,0,0,93
06ac6393eee7a87a46f65b36cf9d1863821846f32cd08b7f9dd84710f2fa08a1,2,0,20280729,0.2,3.0,none,wa_mcbr_none,0000000000000000000000000100000000000000000001000000000000001000001000001110000000000000000000000000,1,1,249.72506734932315,0000000000000000000000000100000000000000000001000000000000001000001000001110000000000000000000000000,0.0,249.72506734932315,,,0.03134341607801616,658,26,0,True,25004,52640,77644,100,7,0.07,249.53281361861443,249.53281361861443,0.0,6.93069306930693,6.93069306930693,12.631578947368421,12.0,0.5486798679867986,1.77125,1.77125,3.0,0.5904166666666667,0,0,0,0,4112.268342315638,41.122683423156374,7394.880977121044,685.832657783687,68.71101729199309,323.9305301645337,0,0,93
06ac6393eee7a87a46f65b36cf9d1863821846f32cd08b7f9dd84710f2fa08a1,2,0,20280729,0.2,5.0,hard,wa_mcbr_hard,0000000000000000000000000100000000000000000001000000000000001000001000001110000000000000000000000000,1,1,249.72506734932315,0000000000000000000000000100000000000000000001000000000000001000001000001110000000000000000000000000,0.0,249.72506734932315,249.6270779011374,0.03925433450956187,0.03427933307830244,658,26,0,True,25004,52640,77644,100,7,0.07,249.53281361861443,249.53281361861443,0.0,6.93069306930693,6.93069306930693,12.631578947368421,12.0,0.5486798679867986,1.77125,1.77125,5.0,0.35425,0,0,0,0,4112.268342315638,41.122683423156374,7394.880977121044,685.832657783687,68.71101729199309,323.9305301645337,0,0,93
06ac6393eee7a87a46f65b36cf9d1863821846f32cd08b7f9dd84710f2fa08a1,2,0,20280729,0.2,5.0,soft,wa_mcbr_soft,0000000000000000000000000100000000000000000001100000000000001000000000001110000000000000000000000000,1,1,249.71682629354356,0000000000000000000000000100000000000000000001100000000000001000000000001110000000000000000000000000,0.0,249.71682629354356,,,0.052321249968372285,647,18,0,True,24586,51760,76346,100,7,0.07,249.5172431309705,249.46264569153686,0.0545974394336409,7.1782178217821775,7.1782178217821775,12.631578947368421,12.0,0.5682755775577557,1.8525,1.8525,5.0,0.3705,0,0,0,0,4100.038895509341,41.00038895509341,7337.320288416805,742.1976862365556,74.32691668637929,349.0731008122312,0,0,93
06ac6393eee7a87a46f65b36cf9d1863821846f32cd08b7f9dd84710f2fa08a1,2,0,20280729,0.2,5.0,none,wa_mcbr_none,0000000000000000000000000100000000000000000001000000000000001000001000001110000000000000000000000000,1,1,249.72506734932315,0000000000000000000000000100000000000000000001000000000000001000001000001110000000000000000000000000,0.0,249.72506734932315,,,0.03154229198116809,658,26,0,True,25004,52640,77644,100,7,0.07,249.53281361861443,249.53281361861443,0.0,6.93069306930693,6.93069306930693,12.631578947368421,12.0,0.5486798679867986,1.77125,1.77125,5.0,0.35425,0,0,0,0,4112.268342315638,41.122683423156374,7394.880977121044,685.832657783687,68.71101729199309,323.9305301645337,0,0,93
06ac6393eee7a87a46f65b36cf9d1863821846f32cd08b7f9dd84710f2fa08a1,2,0,20280729,0.2,13.0,hard,wa_mcbr_hard,0000000000000000000000000100000000000000000001000000000000001000001000001110000000000000000000000000,1,1,249.72506734932315,0000000000000000000000000100000000000000000001000000000000001000001000001110000000000000000000000000,0.0,249.72506734932315,249.6270779011374,0.03925433450956187,0.03144241694826633,658,26,0,True,25004,52640,77644,100,7,0.07,249.53281361861443,249.53281361861443,0.0,6.93069306930693,6.93069306930693,12.631578947368421,12.0,0.5486798679867986,1.77125,1.77125,13.0,0.13625,0,0,0,0,4112.268342315638,41.122683423156374,7394.880977121044,685.832657783687,68.71101729199309,323.9305301645337,0,0,93
06ac6393eee7a87a46f65b36cf9d1863821846f32cd08b7f9dd84710f2fa08a1,2,0,20280729,0.2,13.0,soft,wa_mcbr_soft,0000000000000000000000000100000000000000000001000000000000001000001000001110000000000000000000000000,1,1,249.72506734932315,0000000000000000000000000100000000000000000001000000000000001000001000001110000000000000000000000000,0.0,249.72506734932315,,,0.04654670797754079,658,26,0,True,25004,52640,77644,100,7,0.07,249.5411947841049,249.53281361861443,0.008381165490468221,6.93069306930693,6.93069306930693,12.631578947368421,12.0,0.5486798679867986,1.77125,1.77125,13.0,0.13625,0,0,0,0,4112.268342315638,41.122683423156374,7394.880977121044,685.832657783687,68.71101729199309,323.9305301645337,0,0,93
06ac6393eee7a87a46f65b36cf9d1863821846f32cd08b7f9dd84710f2fa08a1,2,0,20280729,0.2,13.0,none,wa_mcbr_none,0000000000000000000000000100000000000000000001000000000000001000001000001110000000000000000000000000,1,1,249.72506734932315,0000000000000000000000000100000000000000000001000000000000001000001000001110000000000000000000000000,0.0,249.72506734932315,,,0.031643667025491595,658,26,0,True,25004,52640,77644,100,7,0.07,249.53281361861443,249.53281361861443,0.0,6.93069306930693,6.93069306930693,12.631578947368421,12.0,0.5486798679867986,1.77125,1.77125,13.0,0.13625,0,0,0,0,4112.268342315638,41.122683423156374,7394.880977121044,685.832657783687,68.71101729199309,323.9305301645337,0,0,93
06ac6393eee7a87a46f65b36cf9d1863821846f32cd08b7f9dd84710f2fa08a1,2,0,20280729,0.4,1.5,hard,wa_mcbr_hard,0000000000000000000000100000000000000010000000100000000000000000001000000010000000000000000001000000,1,0,inf,0000000000000000000000000000000000000010000000100000000000000000001000000010000000000000000001000000,0.01,253.54421074584138,250.0763808351348,1.3867082925327399,0.005195625009946525,100,0,0,True,3800,8000,11800,100,6,0.06,252.77213696631597,252.77213696631597,0.0,5.445544554455445,5.445544554455445,25.263157894736842,24.0,0.21555280528052803,1.41375,1.41375,1.5,0.9425,0,0,0,0,4242.029324913158,42.42029324913158,7995.870277442048,449.52505235955437,45.04624034121593,88.69576650013147,0,94,0
06ac6393eee7a87a46f65b36cf9d1863821846f32cd08b7f9dd84710f2fa08a1,2,0,20280729,0.4,1.5,soft,wa_mcbr_soft,0000001000000000000000000000000000000000000000100000000000001000000000000110000000000000000000000000,1,1,252.10261699811116,0000001000000000000000000000000000000000000000100000000000001000000000000110000000000000000000000000,0.0,252.10261699811116,,,0.04626220802310854,645,28,0,True,24510,51600,76110,100,5,0.05,253.1242690274188,252.09199984448048,1.0322691829383026,4.455445544554455,4.455445544554455,25.263157894736842,24.0,0.17636138613861385,1.17,1.17,1.5,0.7799999999999999,0,0,0,0,4240.19005830525,42.4019005830525,7992.182628548588,364.4804814858361,36.52570971778751,73.5311795642374,0,0,95
06ac6393eee7a87a46f65b36cf9d1863821846f32cd08b7f9dd84710f2fa08a1,2,0,20280729,0.4,1.5,none,wa_mcbr_none,1000000000000000001000000100000000000000000001100000000000001000001000001110000000000000000000000000,1,0,inf,0000000000000000000000000000000000000000000001000000000000000000001000001110000000000000000000000000,0.05,250.4472183523453,,,0.030166457989253104,621,35,0,True,23598,49680,73278,100,10,0.1,246.4808611862649,246.4808611862649,0.0,9.9009900990099,9.9009900990099,25.263157894736842,24.0,0.39191419141914186,2.5349999999999997,2.5349999999999997,1.5,1.6899999999999997,0,1,0,1,4017.6943105789733,40.17694310578973,6956.02961499211,828.3048706517585,82.9614992110033,181.1261872455902,0,0,90
06ac6393eee7a87a46f65b36cf9d1863821846f32cd08b7f9dd84710f2fa08a1,2,0,20280729,0.4,2.0,hard,wa_mcbr_hard,0000000000000100000000100000000000000010000000100000000000010000001000000010000000000000000001000000,1,0,inf,0000000000000100000000100000000000000010000000100000000000000000001000000010000000000000000001000000,0.01,252.14773680676305,248.4339492929179,1.4948792322527462,0.005235958029516041,100,0,0,True,3800,8000,11800,100,8,0.08,251.6686918062437,251.6686918062437,0.0,7.425742574257425,7.425742574257425,25.263157894736842,24.0,0.2939356435643564,1.90125,1.90125,2.0,0.950625,0,0,0,0,4204.484457425466,42.044844574254654,7819.590032320718,486.48180570300974,48.754040089733216,124.07537248028046,0,92,0
06ac6393eee7a87a46f65b36cf9d1863821846f32cd08b7f9dd84710f2fa08a1,2,0,20280729,0.4,2.0,soft,wa_mcbr_soft,0000000000000000000000000000000000000000000001100000000000001000000000001110000000000000000000000000,1,1,249.01463897282432,0000000000000000000000000000000000000000000001100000000000001000000000001110000000000000000000000000,0.0,249.01463897282432,,,0.047471333062276244,664,31,0,True,25232,53120,78352,100,6,0.06,250.0756690295288,248.98795200590692,1.0877170236218705,5.9405940594059405,5.9405940594059405,25.263157894736842,24.0,0.23514851485148514,1.5275,1.5275,2.0,0.76375,0,0,0,0,4144.004828629833,41.440048286298335,7549.582991033343,637.2772635483387,63.83183889060727,96.86084142394822,0,0,94
06ac6393eee7a87a46f65b36cf9d1863821846f32cd08b7f9dd84710f2fa08a1,2,0,20280729,0.4,2.0,none,wa_mcbr_none,1000000000000000001000000100000000000000000001100000000000001000001000001110000000000000000000000000,1,0,inf,0000000000000000001000000000000000000000000001000000000000001000001000001110000000000000000000000000,0.03,248.6787261309627,,,0.031100541003979743,621,35,0,True,23598,49680,73278,100,10,0.1,246.4808611862649,246.4808611862649,0.0,9.9009900990099,9.9009900990099,25.263157894736842,24.0,0.39191419141914186,2.5349999999999997,2.5349999999999997,2.0,1.2674999999999998,0,1,0,1,4017.6943105789733,40.17694310578973,6956.02961499211,828.3048706517585,82.9614992110033,181.1261872455902,0,0,90
06ac6393eee7a87a46f65b36cf9d1863821846f32cd08b7f9dd84710f2fa08a1,2,0,20280729,0.4,3.0,hard,wa_mcbr_hard,1000000000000000001000000100000000000000000001100000000000001000001000001110000000000000000000000000,1,1,246.59049273625007,1000000000000000001000000100000000000000000001100000000000001000001000001110000000000000000000000000,0.0,246.59049273625007,246.59049273625,2.305174795267026e-14,0.037742124986834824,850,26,0,True,32300,68000,100300,100,10,0.1,246.4808611862649,246.4808611862649,0.0,9.9009900990099,9.9009900990099,25.263157894736842,24.0,0.39191419141914186,2.5349999999999997,2.5349999999999997,3.0,0.8449999999999999,0,0,0,0,4017.6943105789733,40.17694310578973,6956.02961499211,828.3048706517585,82.9614992110033,181.1261872455902,0,0,90
06ac6393eee7a87a46f65b36cf9d1863821846f32cd08b7f9dd84710f2fa08a1,2,0,20280729,0.4,3.0,soft,wa_mcbr_soft,1000000000000000000000100100000000000000000000100000000000001000000000001110000000000000000000000000,1,1,248.1949820354551,1000000000000000000000100100000000000000000000100000000000001000000000001110000000000000000000000000,0.0,248.1949820354551,,,0.03863008401822299,536,31,0,True,20368,42880,63248,100,8,0.08,248.84157206887096,248.14730847212763,0.694263596743325,7.92079207920792,7.92079207920792,25.263157894736842,24.0,0.3135313531353135,2.0149999999999997,2.0149999999999997,3.0,0.6716666666666665,0,0,0,0,4123.442842009211,41.23442842009211,7452.437831339658,546.1725588436415,54.72891745728729,134.1826923076923,0,0,92
06ac6393eee7a87a46f65b36cf9d1863821846f32cd08b7f9dd84710f2fa08a1,2,0,20280729,0.4,3.0,none,wa_mcbr_none,1000000000000000001000000100000000000000000001100000000000001000001000001110000000000000000000000000,1,1,246.59049273625007,1000000000000000001000000100000000000000000001100000000000001000001000001110000000000000000000000000,0.0,246.59049273625007,,,0.030240916996262968,621,35,0,True,23598,49680,73278,100,10,0.1,246.4808611862649,246.4808611862649,0.0,9.9009900990099,9.9009900990099,25.263157894736842,24.0,0.39191419141914186,2.5349999999999997,2.5349999999999997,3.0,0.8449999999999999,0,0,0,0,4017.6943105789733,40.17694310578973,6956.02961499211,828.3048706517585,82.9614992110033,181.1261872455902,0,0,90
06ac6393eee7a87a46f65b36cf9d1863821846f32cd08b7f9dd84710f2fa08a1,2,0,20280729,0.4,5.0,hard,wa_mcbr_hard,1000000000000000001000000100000000000000000001100000000000001000001000001110000000000000000000000000,1,1,246.59049273625007,1000000000000000001000000100000000000000000001100000000000001000001000001110000000000000000000000000,0.0,246.59049273625007,246.59049273625,2.305174795267026e-14,0.030077584087848663,621,32,0,True,23598,49680,73278,100,10,0.1,246.4808611862649,246.4808611862649,0.0,9.9009900990099,9.9009900990099,25.263157894736842,24.0,0.39191419141914186,2.5349999999999997,2.5349999999999997,5.0,0.5069999999999999,0,0,0,0,4017.6943105789733,40.17694310578973,6956.02961499211,828.3048706517585,82.9614992110033,181.1261872455902,0,0,90
06ac6393eee7a87a46f65b36cf9d1863821846f32cd08b7f9dd84710f2fa08a1,2,0,20280729,0.4,5.0,soft,wa_mcbr_soft,1000000000000000001000000100000000000000000001100000000000001000001000001110000000000000000000000000,1,1,246.59049273625007,1000000000000000001000000100000000000000000001100000000000001000001000001110000000000000000000000000,0.0,246.59049273625007,,,0.04664537496864796,642,37,0,True,24396,51360,75756,100,10,0.1,246.71330811344347,246.4808611862649,0.23244692717857743,9.9009900990099,9.9009900990099,25.263157894736842,24.0,0.39191419141914186,2.5349999999999997,2.5349999999999997,5.0,0.5069999999999999,0,0,0,0,4017.6943105789733,40.17694310578973,6956.02961499211,828.3048706517585,82.9614992110033,181.1261872455902,0,0,90
06ac6393eee7a87a46f65b36cf9d1863821846f32cd08b7f9dd84710f2fa08a1,2,0,20280729,0.4,5.0,none,wa_mcbr_none,1000000000000000001000000100000000000000000001100000000000001000001000001110000000000000000000000000,1,1,246.59049273625007,1000000000000000001000000100000000000000000001100000000000001000001000001110000000000000000000000000,0.0,246.59049273625007,,,0.03182050003670156,621,35,0,True,23598,49680,73278,100,10,0.1,246.4808611862649,246.4808611862649,0.0,9.9009900990099,9.9009900990099,25.263157894736842,24.0,0.39191419141914186,2.5349999999999997,2.5349999999999997,5.0,0.5069999999999999,0,0,0,0,4017.6943105789733,40.17694310578973,6956.02961499211,828.3048706517585,82.9614992110033,181.1261872455902,0,0,90
06ac6393eee7a87a46f65b36cf9d1863821846f32cd08b7f9dd84710f2fa08a1,2,0,20280729,0.4,13.0,hard,wa_mcbr_hard,1000000000000000001000000100000000000000000001100000000000001000001000001110000000000000000000000000,1,1,246.59049273625007,1000000000000000001000000100000000000000000001100000000000001000001000001110000000000000000000000000,0.0,246.59049273625007,246.59049273625,2.305174795267026e-14,0.03009291598573327,621,35,0,True,23598,49680,73278,100,10,0.1,246.4808611862649,246.4808611862649,0.0,9.9009900990099,9.9009900990099,25.263157894736842,24.0,0.39191419141914186,2.5349999999999997,2.5349999999999997,13.0,0.19499999999999998,0,0,0,0,4017.6943105789733,40.17694310578973,6956.02961499211,828.3048706517585,82.9614992110033,181.1261872455902,0,0,90
06ac6393eee7a87a46f65b36cf9d1863821846f32cd08b7f9dd84710f2fa08a1,2,0,20280729,0.4,13.0,soft,wa_mcbr_soft,1000000000000000001000000100000000000000000001100000000000001000001000001110000000000000000000000000,1,1,246.59049273625007,1000000000000000001000000100000000000000000001100000000000001000001000001110000000000000000000000000,0.0,246.59049273625007,,,0.04451283300295472,621,35,0,True,23598,49680,73278,100,10,0.1,246.50001806643223,246.4808611862649,0.019156880167346967,9.9009900990099,9.9009900990099,25.263157894736842,24.0,0.39191419141914186,2.5349999999999997,2.5349999999999997,13.0,0.19499999999999998,0,0,0,0,4017.6943105789733,40.17694310578973,6956.02961499211,828.3048706517585,82.9614992110033,181.1261872455902,0,0,90
06ac6393eee7a87a46f65b36cf9d1863821846f32cd08b7f9dd84710f2fa08a1,2,0,20280729,0.4,13.0,none,wa_mcbr_none,1000000000000000001000000100000000000000000001100000000000001000001000001110000000000000000000000000,1,1,246.59049273625007,1000000000000000001000000100000000000000000001100000000000001000001000001110000000000000000000000000,0.0,246.59049273625007,,,0.029931458993814886,621,35,0,True,23598,49680,73278,100,10,0.1,246.4808611862649,246.4808611862649,0.0,9.9009900990099,9.9009900990099,25.263157894736842,24.0,0.39191419141914186,2.5349999999999997,2.5349999999999997,13.0,0.19499999999999998,0,0,0,0,4017.6943105789733,40.17694310578973,6956.02961499211,828.3048706517585,82.9614992110033,181.1261872455902,0,0,90
06ac6393eee7a87a46f65b36cf9d1863821846f32cd08b7f9dd84710f2fa08a1,2,0,20280729,0.6,1.5,hard,wa_mcbr_hard,0000000000000000000000100000000000000010000000100000000000000000001000000010000000000000000001000000,1,0,inf,0000000000000000000000000000000000000010000000100000000000000000001000000010000000000000000001000000,0.01,253.43863766277397,249.9512126773736,1.3952422747001376,0.00525808404199779,100,0,0,True,3800,8000,11800,100,6,0.06,252.61168872029413,252.61168872029413,0.0,5.445544554455445,5.445544554455445,37.89473684210527,36.0,0.14370187018701866,1.41375,1.41375,1.5,0.9425,0,0,0,0,4241.868876667137,42.418688766671366,7995.870277442048,449.52505235955437,45.04624034121593,61.95439216316041,0,94,0
06ac6393eee7a87a46f65b36cf9d1863821846f32cd08b7f9dd84710f2fa08a1,2,0,20280729,0.6,1.5,soft,wa_mcbr_soft,0000001000000000000000000000000000000000000000100000000000001000000000000110000000000000000000000000,1,1,251.99704391504375,0000001000000000000000000000000000000000000000100000000000001000000000000110000000000000000000000000,0.0,251.99704391504375,,,0.046283749979920685,645,39,0,True,24510,51600,76110,100,5,0.05,253.02316291921892,251.9908937362806,1.0322691829383026,4.455445544554455,4.455445544554455,37.89473684210527,36.0,0.11757425742574255,1.17,1.17,1.5,0.7799999999999999,0,0,0,0,4240.08895219705,42.400889521970505,7992.182628548588,364.4804814858361,36.52570971778751,53.30995792426367,0,0,95
06ac6393eee7a87a46f65b36cf9d1863821846f32cd08b7f9dd84710f2fa08a1,2,0,20280729,0.6,1.5,none,wa_mcbr_none,1000101010000100001000100100000000000000100001000000000000001000001000001110000000000000000000000000,1,0,inf,0000000000000000001000000000000000000000000000000000000000001000001000001110000000000000000000000000,0.09,250.27295011517936,,,0.03293587500229478,683,51,0,True,25954,54640,80594,100,15,0.15,245.2783232109508,245.2783232109508,0.0,13.613861386138609,13.613861386138609,37.89473684210527,36.0,0.3592546754675466,3.4937499999999995,3.4937499999999995,1.5,2.329166666666666,0,1,0,1,3963.0061909043957,39.63006190904396,6693.542789623003,760.2421077945432,76.18597486685915,160.17061916514635,0,0,85
06ac6393eee7a87a46f65b36cf9d1863821846f32cd08b7f9dd84710f2fa08a1,2,0,20280729,0.6,2.0,hard,wa_mcbr_hard,0000000000000100000000100000000000000010000000100000000000010000001000000010000000000000000001000000,1,0,inf,0000000000000100000000100000000000000010000000100000000000000000001000000010000000000000000001000000,0.01,251.8979421233091,248.1597076794778,1.5063825142232916,0.005221375031396747,100,0,0,True,3800,8000,11800,100,8,0.08,251.32351827740194,251.32351827740194,0.0,7.425742574257425,7.425742574257425,37.89473684210527,36.0,0.19595709570957093,1.90125,1.90125,2.0,0.950625,0,0,0,0,4204.139283896625,42.041392838966246,7819.590032320718,486.48180570300974,48.754040089733216,80.92868137506412,0,92,0
06ac6393eee7a87a46f65b36cf9d1863821846f32cd08b7f9dd84710f2fa08a1,2,0,20280729,0.6,2.0,soft,wa_mcbr_soft,1000100000000000000000000000000000000000000000100000000000000000000000001110000000000000000000000000,1,1,250.2698758235097,1000100000000000000000000000000000000000000000100000000000000000000000001110000000000000000000000000,0.0,250.2698758235097,,,0.04919195803813636,676,42,0,True,25688,54080,79768,100,6,0.06,250.90270093889976,250.25603081797956,0.6466701209201828,5.445544554455445,5.445544554455445,37.89473684210527,36.0,0.14370187018701866,1.3975,1.3975,2.0,0.69875,0,0,0,0,4203.03356557221,42.0303356557221,7823.026676971077,376.973203205131,37.7794951795065,61.95439216316041,0,0,94
06ac6393eee7a87a46f65b36cf9d1863821846f32cd08b7f9dd84710f2fa08a1,2,0,20280729,0.6,2.0,none,wa_mcbr_none,1000101010000100001000100100000000000000100001000000000000001000001000001110000000000000000000000000,1,0,inf,0000101000000000001000000000000000000000000000000000000000001000001000001110000000000000000000000000,0.07,248.80465375590003,,,0.03321683290414512,683,51,0,True,25954,54640,80594,100,15,0.15,245.2783232109508,245.2783232109508,0.0,13.613861386138609,13.613861386138609,37.89473684210527,36.0,0.3592546754675466,3.4937499999999995,3.4937499999999995,2.0,1.7468749999999997,0,1,0,1,3963.0061909043957,39.63006190904396,6693.542789623003,760.2421077945432,76.18597486685915,160.17061916514635,0,0,85
06ac6393eee7a87a46f65b36cf9d1863821846f32cd08b7f9dd84710f2fa08a1,2,0,20280729,0.6,3.0,hard,wa_mcbr_hard,0000000000000101000000100000100001000010000000100000000000110000001000000010000000000000000001000000,1,0,inf,0000000000000101000000100000100000000010000000100000000000010000001000000010000000000000000001000000,0.02,250.73819556651657,245.8027482743277,2.0078893856307323,0.0053732499945908785,100,0,0,True,3800,8000,11800,100,12,0.12,250.52092040252535,250.52092040252535,0.0,11.386138613861382,11.386138613861382,37.89473684210527,36.0,0.30046754675467535,2.8762499999999998,2.8762499999999998,3.0,0.9587499999999999,0,0,0,0,4149.453097048307,41.494530970483076,7557.074016502666,560.3765265175359,56.16804188873001,127.38156084136027,0,88,0
06ac6393eee7a87a46f65b36cf9d1863821846f32cd08b7f9dd84710f2fa08a1,2,0,20280729,0.6,3.0,soft,wa_mcbr_soft,1000100000000000001000000000000000000000000001000000000000001000001000001110000000000000000000000000,1,1,247.06494397245265,1000100000000000001000000000000000000000000001000000000000001000001000001110000000000000000000000000,0.0,247.06494397245265,,,0.0469523339997977,642,47,0,True,24396,51360,75756,100,9,0.09,247.96144852929672,247.03257919235043,0.9288693369462994,8.168316831683168,8.168316831683168,37.89473684210527,36.0,0.215552805280528,2.08,2.08,3.0,0.6933333333333334,0,0,0,0,4096.886695636744,40.968866956367435,7330.130020084946,587.6037486935612,58.891120549515335,88.69576650013146,0,0,91
06ac6393eee7a87a46f65b36cf9d1863821846f32cd08b7f9dd84710f2fa08a1,2,0,20280729,0.6,3.0,none,wa_mcbr_none,1000101010000100001000100100000000000000100001000000000000001000001000001110000000000000000000000000,1,0,inf,1000101000000100001000100000000000000000100000000000000000001000001000001110000000000000000000000000,0.03,246.27553094471918,,,0.03770595893729478,683,51,0,True,25954,54640,80594,100,15,0.15,245.2783232109508,245.2783232109508,0.0,13.613861386138609,13.613861386138609,37.89473684210527,36.0,0.3592546754675466,3.4937499999999995,3.4937499999999995,3.0,1.164583333333333,0,1,0,1,3963.0061909043957,39.63006190904396,6693.542789623003,760.2421077945432,76.18597486685915,160.17061916514635,0,0,85
06ac6393eee7a87a46f65b36cf9d1863821846f32cd08b7f9dd84710f2fa08a1,2,0,20280729,0.6,5.0,hard,wa_mcbr_hard,1000000010000100001000100100000000000000000001100000000000001000001000001110000000000000000000000000,1,1,245.46719067099622,1000000010000100001000100100000000000000000001100000000000001000001000001110000000000000000000000000,0.0,245.46719067099622,245.3832092436141,0.03422460226231355,0.020949584082700312,409,29,0,True,15542,32720,48262,100,13,0.13,245.38140012773428,245.38140012773428,0.0,12.871287128712867,12.871287128712867,37.89473684210527,36.0,0.3396589658965895,3.2662499999999994,3.2662499999999994,5.0,0.6532499999999999,0,0,0,0,3961.5516448361636,39.61551644836164,6689.923945612733,863.0727341694118,86.45735482571307,148.59225322782163,0,0,87
06ac6393eee7a87a46f65b36cf9d1863821846f32cd08b7f9dd84710f2fa08a1,2,0,20280729,0.6,5.0,soft,wa_mcbr_soft,1000000000000000001000100100000000000000000001100000000000001000001000001110000000000000000000000000,1,1,245.61204855105035,1000000000000000001000100100000000000000000001100000000000001000001000001110000000000000000000000000,0.0,245.61204855105035,,,0.04055045801214874,558,49,0,True,21204,44640,65844,100,11,0.11,245.93036363405128,245.5527120223075,0.37765161174377565,10.891089108910888,10.891089108910888,37.89473684210527,36.0,0.2874037403740373,2.778749999999999,2.778749999999999,5.0,0.5557499999999999,0,0,0,0,3994.3645771366228,39.94364577136623,6848.145171915809,857.7681260653425,85.92471961899268,120.82979544577378,0,0,89
06ac6393eee7a87a46f65b36cf9d1863821846f32cd08b7f9dd84710f2fa08a1,2,0,20280729,0.6,5.0,none,wa_mcbr_none,1000101010000100001000100100000000000000100001000000000000001000001000001110000000000000000000000000,1,1,245.39789398319488,1000101010000100001000100100000000000000100001000000000000001000001000001110000000000000000000000000,0.0,245.39789398319488,,,0.032864624983631074,683,51,0,True,25954,54640,80594,100,15,0.15,245.2783232109508,245.2783232109508,0.0,13.613861386138609,13.613861386138609,37.89473684210527,36.0,0.3592546754675466,3.4937499999999995,3.4937499999999995,5.0,0.6987499999999999,0,0,0,0,3963.0061909043957,39.63006190904396,6693.542789623003,760.2421077945432,76.18597486685915,160.17061916514635,0,0,85
06ac6393eee7a87a46f65b36cf9d1863821846f32cd08b7f9dd84710f2fa08a1,2,0,20280729,0.6,13.0,hard,wa_mcbr_hard,1000101010000100001000100100000000000000100001000000000000001000001000001110000000000000000000000000,1,1,245.39789398319488,1000101010000100001000100100000000000000100001000000000000001000001000001110000000000000000000000000,0.0,245.39789398319488,245.3832092436141,0.00598441092446871,0.033263665973208845,683,51,0,True,25954,54640,80594,100,15,0.15,245.2783232109508,245.2783232109508,0.0,13.613861386138609,13.613861386138609,37.89473684210527,36.0,0.3592546754675466,3.4937499999999995,3.4937499999999995,13.0,0.26874999999999993,0,0,0,0,3963.0061909043957,39.63006190904396,6693.542789623003,760.2421077945432,76.18597486685915,160.17061916514635,0,0,85
06ac6393eee7a87a46f65b36cf9d1863821846f32cd08b7f9dd84710f2fa08a1,2,0,20280729,0.6,13.0,soft,wa_mcbr_soft,1000101010000100001000000100000000000000100001000000000000001000001000001110000000000000000000000000,1,1,245.38320924361415,1000101010000100001000000100000000000000100001000000000000001000001000001110000000000000000000000000,0.0,245.38320924361415,,,0.05776408303063363,811,52,0,True,30818,64880,95698,100,14,0.14,245.3240456376873,245.28240260111932,0.041643036567994826,12.62376237623762,12.62376237623762,37.89473684210527,36.0,0.3331270627062705,3.2499999999999996,3.2499999999999996,13.0,0.24999999999999997,0,0,0,0,3985.412160243928,39.85412160243928,6801.420426883707,727.413151619877,72.88763455043636,144.88400866068662,0,0,86
06ac6393eee7a87a46f65b36cf9d1863821846f32cd08b7f9dd84710f2fa08a1,2,0,20280729,0.6,13.0,none,wa_mcbr_none,1000101010000100001000100100000000000000100001000000000000001000001000001110000000000000000000000000,1,1,245.39789398319488,1000101010000100001000100100000000000000100001000000000000001000001000001110000000000000000000000000,0.0,245.39789398319488,,,0.032555292011238635,683,51,0,True,25954,54640,80594,100,15,0.15,245.2783232109508,245.2783232109508,0.0,13.613861386138609,13.613861386138609,37.89473684210527,36.0,0.3592546754675466,3.4937499999999995,3.4937499999999995,13.0,0.26874999999999993,0,0,0,0,3963.0061909043957,39.63006190904396,6693.542789623003,760.2421077945432,76.18597486685915,160.17061916514635,0,0,85
06ac6393eee7a87a46f65b36cf9d1863821846f32cd08b7f9dd84710f2fa08a1,2,0,20280729,0.8,1.5,hard,wa_mcbr_hard,0000000000000000000000100000000000000010000000100000000000000000001000000010000000000000000001000000,1,0,inf,0000000000000000000000000000000000000010000000100000000000000000001000000010000000000000000001000000,0.01,253.39113824446974,249.89580847191775,1.3987148459694105,0.0052490829257294536,100,0,0,True,3800,8000,11800,100,6,0.06,252.5411552929885,252.5411552929885,0.0,5.445544554455445,5.445544554455445,50.526315789473685,48.0,0.10777640264026402,1.41375,1.41375,1.5,0.9425,0,0,0,0,4241.7983432398305,42.4179834323983,7995.870277442048,449.52505235955437,45.04624034121593,50.198820945555426,0,94,0
06ac6393eee7a87a46f65b36cf9d1863821846f32cd08b7f9dd84710f2fa08a1,2,0,20280729,0.8,1.5,soft,wa_mcbr_soft,0000100000000000000000000000000000000000000000100000000000001000000000001100000000000000000000000000,1,1,252.0405672587753,0000100000000000000000000000000000000000000000100000000000001000000000001100000000000000000000000000,0.0,252.0405672587753,,,0.06177012494299561,885,53,0,True,33630,70800,104430,100,5,0.05,252.97982444635923,252.03325145808387,0.9465729882753703,4.455445544554455,4.455445544554455,50.526315789473685,48.0,0.08818069306930693,1.15375,1.15375,1.5,0.7691666666666667,0,0,0,0,4243.171468281716,42.431714682817166,8006.575414898802,350.11652705948217,35.082979760600026,44.177129284017646,0,0,95
06ac6393eee7a87a46f65b36cf9d1863821846f32cd08b7f9dd84710f2fa08a1,2,0,20280729,0.8,1.5,none,wa_mcbr_none,1000101010000100001000100100000000000000100001000000000000001000001100001110000000000000000000000000,1,0,inf,0000000000000000001000000000000000000000000000000000000000001000001000001110000000000000000000000000,0.1,250.20317512930777,,,0.04058983293361962,850,68,0,True,32300,68000,100300,100,16,0.16,244.4977164595292,244.4977164595292,0.0,14.603960396039604,14.603960396039604,50.526315789473685,48.0,0.28903671617161714,3.7375,3.7375,1.5,2.4916666666666667,0,1,0,1,3945.1443828172523,39.45144382817252,6610.842488052177,774.8883273258244,77.65550326104237,121.63559875244796,0,0,84
06ac6393eee7a87a46f65b36cf9d1863821846f32cd08b7f9dd84710f2fa08a1,2,0,20280729,0.8,2.0,hard,wa_mcbr_hard,0000000000000100000000100000000000000010000000100000000000010000001000000010000000000000000001000000,1,0,inf,0000000000000100000000100000000000000010000000100000000000000000001000000010000000000000000001000000,0.01,251.79181080920318,248.04463894929194,1.510684478319762,0.005518374964594841,100,0,0,True,3800,8000,11800,100,8,0.08,251.180666265647,251.180666265647,0.0,7.425742574257425,7.425742574257425,50.526315789473685,48.0,0.1469678217821782,1.90125,1.90125,2.0,0.950625,0,0,0,0,4203.99643188487,42.039964318848696,7819.590032320718,486.48180570300974,48.754040089733216,63.0721799056946,0,92,0
06ac6393eee7a87a46f65b36cf9d1863821846f32cd08b7f9dd84710f2fa08a1,2,0,20280729,0.8,2.0,soft,wa_mcbr_soft,1000100000000000000000000000000000000000000000100000000000000000000000001110000000000000000000000000,1,1,250.19504063971002,1000100000000000000000000000000000000000000000100000000000000000000000001110000000000000000000000000,0.0,250.19504063971002,,,0.0506210409803316,676,52,0,True,25688,54080,79768,100,6,0.06,250.83216751159412,250.18549739067393,0.6466701209201828,5.445544554455445,5.445544554455445,50.526315789473685,48.0,0.10777640264026402,1.3975,1.3975,2.0,0.69875,0,0,0,0,4202.963032144904,42.02963032144904,7823.026676971077,376.973203205131,37.7794951795065,50.198820945555426,0,0,94
06ac6393eee7a87a46f65b36cf9d1863821846f32cd08b7f9dd84710f2fa08a1,2,0,20280729,0.8,2.0,none,wa_mcbr_none,1000101010000100001000100100000000000000100001000000000000001000001100001110000000000000000000000000,1,0,inf,0000101000000000001000000000000000000000000000000000000000001000001000001110000000000000000000000000,0.08,248.68084648538778,,,0.045434792060405016,850,68,0,True,32300,68000,100300,100,16,0.16,244.4977164595292,244.4977164595292,0.0,14.603960396039604,14.603960396039604,50.526315789473685,48.0,0.28903671617161714,3.7375,3.7375,2.0,1.86875,0,1,0,1,3945.1443828172523,39.45144382817252,6610.842488052177,774.8883273258244,77.65550326104237,121.63559875244796,0,0,84
06ac6393eee7a87a46f65b36cf9d1863821846f32cd08b7f9dd84710f2fa08a1,2,0,20280729,0.8,3.0,hard,wa_mcbr_hard,0000000000000101000000100000100001000010000000100000000000110000001000000010000000000000000001000000,1,0,inf,0000000000000101000000100000100000000010000000100000000000010000001000000010000000000000000001000000,0.02,250.4764010338887,245.50972753571133,2.0230047697213607,0.005366917001083493,100,0,0,True,3800,8000,11800,100,12,0.12,250.10506168308007,250.10506168308007,0.0,11.386138613861382,11.386138613861382,50.526315789473685,48.0,0.22535066006600651,2.8762499999999998,2.8762499999999998,3.0,0.9587499999999999,0,0,0,0,4149.037238328862,41.49037238328862,7557.074016502666,560.3765265175359,56.16804188873001,92.72666755425372,0,88,0
06ac6393eee7a87a46f65b36cf9d1863821846f32cd08b7f9dd84710f2fa08a1,2,0,20280729,0.8,3.0,soft,wa_mcbr_soft,0000000010000000000000000000000000000000000001100000000000001000001000001110000000000000000000000000,1,1,247.16204990226203,0000000010000000000000000000000000000000000001100000000000001000001000001110000000000000000000000000,0.0,247.16204990226203,,,0.052636291016824543,749,58,0,True,28462,59920,88382,100,8,0.08,247.84066765534016,247.14640405859683,0.694263596743325,7.92079207920792,7.92079207920792,50.526315789473685,48.0,0.15676567656765675,2.0149999999999997,2.0149999999999997,3.0,0.6716666666666665,0,0,0,0,4089.00168028095,40.8900168028095,7294.167930787538,708.732540011098,70.99134844228396,66.47749510763208,0,0,92
06ac6393eee7a87a46f65b36cf9d1863821846f32cd08b7f9dd84710f2fa08a1,2,0,20280729,0.8,3.0,none,wa_mcbr_none,1000101010000100001000100100000000000000100001000000000000001000001100001110000000000000000000000000,1,0,inf,1000101000000100001000100000000000000000100000000000000000001000001000001110000000000000000000000000,0.04,245.91265728545892,,,0.04072170902509242,850,68,0,True,32300,68000,100300,100,16,0.16,244.4977164595292,244.4977164595292,0.0,14.603960396039604,14.603960396039604,50.526315789473685,48.0,0.28903671617161714,3.7375,3.7375,3.0,1.2458333333333333,0,1,0,1,3945.1443828172523,39.45144382817252,6610.842488052177,774.8883273258244,77.65550326104237,121.63559875244796,0,0,84
06ac6393eee7a87a46f65b36cf9d1863821846f32cd08b7f9dd84710f2fa08a1,2,0,20280729,0.8,5.0,hard,wa_mcbr_hard,1000101010000100001000100100000000000000100001000000000000001000001000001110000000000000000000010000,1,1,244.63750297008602,1000101010000100001000100100000000000000100001000000000000001000001000001110000000000000000000010000,0.0,244.63750297008602,244.42884655306202,0.08536489042372748,0.016492332913912833,313,28,0,True,11894,25040,36934,100,16,0.16,244.55872529117406,244.55872529117406,0.0,14.603960396039604,14.603960396039604,50.526315789473685,48.0,0.28903671617161714,3.7375,3.7375,5.0,0.7474999999999999,0,0,0,0,3945.205238665352,39.45205238665352,6610.848604233696,778.6918178320427,78.0377646059811,121.63559875244796,0,0,84
06ac6393eee7a87a46f65b36cf9d1863821846f32cd08b7f9dd84710f2fa08a1,2,0,20280729,0.8,5.0,soft,wa_mcbr_soft,1000101000000100001000000100000000000000100001000000000000001000001000001110000000000000000000000000,1,1,244.96967494771044,1000101000000100001000000100000000000000100001000000000000001000001000001110000000000000000000000000,0.0,244.96967494771044,,,0.07504875003360212,1076,65,0,True,40888,86080,126968,100,13,0.13,245.56071671301933,244.91843552636988,0.6422811866494564,11.63366336633663,11.63366336633663,50.526315789473685,48.0,0.23024958745874582,3.0062499999999996,3.0062499999999996,5.0,0.60125,0,0,0,0,3999.0889006534676,39.99088900653467,6869.747582261339,727.442528275075,72.89094317985429,94.78059891471828,0,0,87
06ac6393eee7a87a46f65b36cf9d1863821846f32cd08b7f9dd84710f2fa08a1,2,0,20280729,0.8,5.0,none,wa_mcbr_none,1000101010000100001000100100000000000000100001000000000000001000001100001110000000000000000000000000,1,1,244.57649413844115,1000101010000100001000100100000000000000100001000000000000001000001100001110000000000000000000000000,0.0,244.57649413844115,,,0.04087525000795722,850,68,0,True,32300,68000,100300,100,16,0.16,244.4977164595292,244.4977164595292,0.0,14.603960396039604,14.603960396039604,50.526315789473685,48.0,0.28903671617161714,3.7375,3.7375,5.0,0.7474999999999999,0,0,0,0,3945.1443828172523,39.45144382817252,6610.842488052177,774.8883273258244,77.65550326104237,121.63559875244796,0,0,84
06ac6393eee7a87a46f65b36cf9d1863821846f32cd08b7f9dd84710f2fa08a1,2,0,20280729,0.8,13.0,hard,wa_mcbr_hard,1000101010000100001000100100000000000000100001000000000000001000001100001110000000000000000000000000,1,1,244.57649413844115,1000101010000100001000100100000000000000100001000000000000001000001100001110000000000000000000000000,0.0,244.57649413844115,244.42884655306202,0.06040513935292847,0.040508124977350235,850,68,0,True,32300,68000,100300,100,16,0.16,244.4977164595292,244.4977164595292,0.0,14.603960396039604,14.603960396039604,50.526315789473685,48.0,0.28903671617161714,3.7375,3.7375,13.0,0.2875,0,0,0,0,3945.1443828172523,39.45144382817252,6610.842488052177,774.8883273258244,77.65550326104237,121.63559875244796,0,0,84
06ac6393eee7a87a46f65b36cf9d1863821846f32cd08b7f9dd84710f2fa08a1,2,0,20280729,0.8,13.0,soft,wa_mcbr_soft,1000101010000100001000100100000000000000100001000000000000001000001100001110000000000000000000000000,1,1,244.57649413844115,1000101010000100001000100100000000000000100001000000000000001000001100001110000000000000000000000000,0.0,244.57649413844115,,,0.05975058407057077,850,68,0,True,32300,68000,100300,100,16,0.16,244.56195899631263,244.4977164595292,0.06424253678344842,14.603960396039604,14.603960396039604,50.526315789473685,48.0,0.28903671617161714,3.7375,3.7375,13.0,0.2875,0,0,0,0,3945.1443828172523,39.45144382817252,6610.842488052177,774.8883273258244,77.65550326104237,121.63559875244796,0,0,84
06ac6393eee7a87a46f65b36cf9d1863821846f32cd08b7f9dd84710f2fa08a1,2,0,20280729,0.8,13.0,none,wa_mcbr_none,1000101010000100001000100100000000000000100001000000000000001000001100001110000000000000000000000000,1,1,244.57649413844115,1000101010000100001000100100000000000000100001000000000000001000001100001110000000000000000000000000,0.0,244.57649413844115,,,0.04020745796151459,850,68,0,True,32300,68000,100300,100,16,0.16,244.4977164595292,244.4977164595292,0.0,14.603960396039604,14.603960396039604,50.526315789473685,48.0,0.28903671617161714,3.7375,3.7375,13.0,0.2875,0,0,0,0,3945.1443828172523,39.45144382817252,6610.842488052177,774.8883273258244,77.65550326104237,121.63559875244796,0,0,84
06ac6393eee7a87a46f65b36cf9d1863821846f32cd08b7f9dd84710f2fa08a1,2,0,20280729,1.0,1.5,hard,wa_mcbr_hard,0000000000000000000000100000000000000010000000100000000000000000001000000010000000000000000001000000,1,0,inf,0000000000000000000000000000000000000010000000100000000000000000001000000010000000000000000001000000,0.01,253.36413111520562,249.86455430153165,1.4005895407840632,0.005249292007647455,100,0,0,True,3800,8000,11800,100,6,0.06,252.5014973560285,252.5014973560285,0.0,5.445544554455445,5.445544554455445,63.15789473684211,60.0,0.08622112211221121,1.41375,1.41375,1.5,0.9425,0,0,0,0,4241.758685302871,42.41758685302871,7995.870277442048,449.52505235955437,45.04624034121593,43.589164785553045,0,94,0
06ac6393eee7a87a46f65b36cf9d1863821846f32cd08b7f9dd84710f2fa08a1,2,0,20280729,1.0,1.5,soft,wa_mcbr_soft,0000100000000000000000000000000000000000000000100000000000001000000000001100000000000000000000000000,1,1,252.01286549654716,0000100000000000000000000000000000000000000000100000000000001000000000001100000000000000000000000000,0.0,252.01286549654716,,,0.06196104199625552,885,53,0,True,33630,70800,104430,100,5,0.05,252.95381230193647,252.0072393136611,0.9465729882753703,4.455445544554455,4.455445544554455,63.15789473684211,60.0,0.07054455445544554,1.15375,1.15375,1.5,0.7691666666666667,0,0,0,0,4243.145456137294,42.43145456137294,8006.575414898802,350.11652705948217,35.082979760600026,38.97470039946738,0,0,95
06ac6393eee7a87a46f65b36cf9d1863821846f32cd08b7f9dd84710f2fa08a1,2,0,20280729,1.0,1.5,none,wa_mcbr_none,1000100010000100001100100100000000000000100001000000000000001000001100001110000000000000000000010000,1,0,inf,0000100000000000001000000000000000000000000000000000000000000000001000001110000000000000000000000000,0.11,250.6850092283477,,,0.03322887502145022,694,69,0,True,26372,55520,81892,100,17,0.17,244.09210090180179,244.09210090180179,0.0,16.08910891089109,16.08910891089109,63.15789473684211,60.0,0.2547442244224422,4.0625,4.0625,1.5,2.7083333333333335,0,1,0,1,3928.4174213483666,39.28417421348367,6531.745404035007,789.6871319523905,79.14141382389023,105.45530030445613,0,0,83
06ac6393eee7a87a46f65b36cf9d1863821846f32cd08b7f9dd84710f2fa08a1,2,0,20280729,1.0,2.0,hard,wa_mcbr_hard,0000000000000100000000100000000000000010000000100000000000010000001000000010000000000000000001000000,1,0,inf,0000000000000100000000100000000000000010000000100000000000000000001000000010000000000000000001000000,0.01,251.73308600056058,247.9813349712047,1.5129166998764387,0.005530541064217687,100,0,0,True,3800,8000,11800,100,8,0.08,251.10256848979554,251.10256848979554,0.0,7.425742574257425,7.425742574257425,63.15789473684211,60.0,0.11757425742574255,1.90125,1.90125,2.0,0.950625,0,0,0,0,4203.918334109018,42.03918334109019,7819.590032320718,486.48180570300974,48.754040089733216,53.30995792426367,0,92,0
06ac6393eee7a87a46f65b36cf9d1863821846f32cd08b7f9dd84710f2fa08a1,2,0,20280729,1.0,2.0,soft,wa_mcbr_soft,1000100000000000000000000000000000000000000000100000000000000000000000001110000000000000000000000000,1,1,250.15310908165353,1000100000000000000000000000000000000000000000100000000000000000000000001110000000000000000000000000,0.0,250.15310908165353,,,0.050093958037905395,676,52,0,True,25688,54080,79768,100,6,0.06,250.79250957463412,250.14583945371393,0.6466701209201828,5.445544554455445,5.445544554455445,63.15789473684211,60.0,0.08622112211221121,1.3975,1.3975,2.0,0.69875,0,0,0,0,4202.923374207944,42.02923374207944,7823.026676971077,376.973203205131,37.7794951795065,43.589164785553045,0,0,94
06ac6393eee7a87a46f65b36cf9d1863821846f32cd08b7f9dd84710f2fa08a1,2,0,20280729,1.0,2.0,none,wa_mcbr_none,1000100010000100001100100100000000000000100001000000000000001000001100001110000000000000000000010000,1,0,inf,0000100000000000001000000000000000000000100000000000000000001000001000001110000000000000000000000000,0.09,248.58163851073652,,,0.03330570901744068,694,69,0,True,26372,55520,81892,100,17,0.17,244.09210090180179,244.09210090180179,0.0,16.08910891089109,16.08910891089109,63.15789473684211,60.0,0.2547442244224422,4.0625,4.0625,2.0,2.03125,0,1,0,1,3928.4174213483666,39.28417421348367,6531.745404035007,789.6871319523905,79.14141382389023,105.45530030445613,0,0,83
06ac6393eee7a87a46f65b36cf9d1863821846f32cd08b7f9dd84710f2fa08a1,2,0,20280729,1.0,3.0,hard,wa_mcbr_hard,0000000000000101000000100000100001000010000000100000000000110000001000000010000000000000000001000000,1,0,inf,0000000000000101000000100000100000000010000000100000000000010000001000000010000000000000000001000000,0.02,250.33809448834944,245.3567545463092,2.0302436553056302,0.00538079091347754,100,0,0,True,3800,8000,11800,100,12,0.12,249.89213029849847,249.89213029849847,0.0,11.386138613861382,11.386138613861382,63.15789473684211,60.0,0.1802805280528052,2.8762499999999998,2.8762499999999998,3.0,0.9587499999999999,0,0,0,0,4148.824306944281,41.4882430694428,7557.074016502666,560.3765265175359,56.16804188873001,74.98238550578759,0,88,0
06ac6393eee7a87a46f65b36cf9d1863821846f32cd08b7f9dd84710f2fa08a1,2,0,20280729,1.0,3.0,soft,wa_mcbr_soft,0000100010000000000000100000000000000000000000100000000000001000000100001110000000000000000000000000,1,1,247.82990336508556,0000100010000000000000100000000000000000000000100000000000001000000100001110000000000000000000000000,0.0,247.82990336508556,,,0.03647029190324247,502,51,0,True,19076,40160,59236,100,9,0.09,248.87418082641304,247.81635806109867,1.0578227653143666,8.415841584158414,8.415841584158414,63.15789473684211,60.0,0.1332508250825082,2.1287499999999997,2.1287499999999997,3.0,0.7095833333333332,0,0,0,0,4143.271700903924,41.432717009039244,7545.995510850718,438.4215769815257,43.945650079818236,58.43407900999523,0,0,91
06ac6393eee7a87a46f65b36cf9d1863821846f32cd08b7f9dd84710f2fa08a1,2,0,20280729,1.0,3.0,none,wa_mcbr_none,1000100010000100001100100100000000000000100001000000000000001000001100001110000000000000000000010000,1,0,inf,1000100000000100001000100000000000000000100000000000000000001000001000001110000000000000000000000000,0.06,246.21678563025333,,,0.03361333394423127,694,69,0,True,26372,55520,81892,100,17,0.17,244.09210090180179,244.09210090180179,0.0,16.08910891089109,16.08910891089109,63.15789473684211,60.0,0.2547442244224422,4.0625,4.0625,3.0,1.3541666666666667,0,1,0,1,3928.4174213483666,39.28417421348367,6531.745404035007,789.6871319523905,79.14141382389023,105.45530030445613,0,0,83
06ac6393eee7a87a46f65b36cf9d1863821846f32cd08b7f9dd84710f2fa08a1,2,0,20280729,1.0,5.0,hard,wa_mcbr_hard,1000101010000100001100100000100000000010100000000000000000011000001100001110000000000000000000010000,1,1,243.84664978558715,1000101010000100001100100000100000000010100000000000000000011000001100001110000000000000000000010000,0.0,243.84664978558715,243.84472478812975,0.000789435760427628,0.040283000096678734,818,37,0,True,31084,65440,96524,100,19,0.19,243.78861851241336,243.78861851241336,0.0,16.584158415841582,16.584158415841582,63.15789473684211,60.0,0.262582508250825,4.225,4.225,5.0,0.845,0,0,0,0,3985.912698243726,39.85912698243726,6801.467314017971,560.0684022277443,56.17442199843339,109.020979020979,0,0,81
06ac6393eee7a87a46f65b36cf9d1863821846f32cd08b7f9dd84710f2fa08a1,2,0,20280729,1.0,5.0,soft,wa_mcbr_soft,1000000010000100001000100100000000000000100001000000000000001000001000001110000000000000000000000000,1,1,244.66197219907562,1000000010000100001000100100000000000000100001000000000000001000001000001110000000000000000000000000,0.0,244.66197219907562,,,0.05824345804285258,822,61,0,True,31236,65760,96996,100,13,0.13,245.418743155986,244.6279581004297,0.7907850555562845,12.376237623762373,12.376237623762373,63.15789473684211,60.0,0.1959570957095709,3.1362499999999995,3.1362499999999995,5.0,0.6272499999999999,0,0,0,0,3995.7580069692385,39.95758006969238,6855.352583637374,731.2257008740498,73.2756644134232,80.9286813750641,0,0,87
06ac6393eee7a87a46f65b36cf9d1863821846f32cd08b7f9dd84710f2fa08a1,2,0,20280729,1.0,5.0,none,wa_mcbr_none,1000100010000100001100100100000000000000100001000000000000001000001100001110000000000000000000010000,1,1,244.15467845432443,1000100010000100001100100100000000000000100001000000000000001000001100001110000000000000000000010000,0.0,244.15467845432443,,,0.03346854099072516,694,69,0,True,26372,55520,81892,100,17,0.17,244.09210090180179,244.09210090180179,0.0,16.08910891089109,16.08910891089109,63.15789473684211,60.0,0.2547442244224422,4.0625,4.0625,5.0,0.8125,0,0,0,0,3928.4174213483666,39.28417421348367,6531.745404035007,789.6871319523905,79.14141382389023,105.45530030445613,0,0,83
06ac6393eee7a87a46f65b36cf9d1863821846f32cd08b7f9dd84710f2fa08a1,2,0,20280729,1.0,13.0,hard,wa_mcbr_hard,1000100010000100001100100100000000000000100001000000000000001000001100001110000000000000000000010000,1,1,244.15467845432443,1000100010000100001100100100000000000000100001000000000000001000001100001110000000000000000000010000,0.0,244.15467845432443,243.84472478812975,0.12711108122760642,0.03489825001452118,694,69,0,True,26372,55520,81892,100,17,0.17,244.09210090180179,244.09210090180179,0.0,16.08910891089109,16.08910891089109,63.15789473684211,60.0,0.2547442244224422,4.0625,4.0625,13.0,0.3125,0,0,0,0,3928.4174213483666,39.28417421348367,6531.745404035007,789.6871319523905,79.14141382389023,105.45530030445613,0,0,83
06ac6393eee7a87a46f65b36cf9d1863821846f32cd08b7f9dd84710f2fa08a1,2,0,20280729,1.0,13.0,soft,wa_mcbr_soft,1000101010000100001100100100000000000000100001000000000000001000001100001110000000000000000000000000,1,1,244.10962673772175,1000101010000100001100100100000000000000100001000000000000001000001100001110000000000000000000000000,0.0,244.10962673772175,,,0.06290362495929003,850,71,0,True,32300,68000,100300,100,17,0.17,244.1282562908072,244.0489521630403,0.07930412776691298,15.594059405940593,15.594059405940593,63.15789473684211,60.0,0.24690594059405938,3.9812499999999997,3.9812499999999997,13.0,0.30624999999999997,0,0,0,0,3929.134420158587,39.29134420158587,6535.343009879363,788.2961638068409,79.00058113896445,101.96384552177484,0,0,83
06ac6393eee7a87a46f65b36cf9d1863821846f32cd08b7f9dd84710f2fa08a1,2,0,20280729,1.0,13.0,none,wa_mcbr_none,1000100010000100001100100100000000000000100001000000000000001000001100001110000000000000000000010000,1,1,244.15467845432443,1000100010000100001100100100000000000000100001000000000000001000001100001110000000000000000000010000,0.0,244.15467845432443,,,0.03505183302331716,694,69,0,True,26372,55520,81892,100,17,0.17,244.09210090180179,244.09210090180179,0.0,16.08910891089109,16.08910891089109,63.15789473684211,60.0,0.2547442244224422,4.0625,4.0625,13.0,0.3125,0,0,0,0,3928.4174213483666,39.28417421348367,6531.745404035007,789.6871319523905,79.14141382389023,105.45530030445613,0,0,83
06ac6393eee7a87a46f65b36cf9d1863821846f32cd08b7f9dd84710f2fa08a1,2,1,20280826,0.2,1.5,hard,wa_mcbr_hard,1000000000001000000000000000000000000000100001000000000000000000000000000000010000000000000001000000,1,0,inf,1000000000000000000000000000000000000000100001000000000000000000000000000000010000000000000001000000,0.01,254.58781485728466,249.80551100791826,1.9144108671064555,0.005484333029016852,100,0,0,True,3800,8000,11800,100,6,0.06,254.24168847486519,254.24168847486519,0.0,5.693069306930693,5.693069306930693,12.631578947368421,12.0,0.4507013201320132,1.44625,1.44625,1.5,0.9641666666666667,0,0,0,0,4267.819065619634,42.678190656196335,8111.007355654227,344.71847196674645,34.5592757043886,225.12579797221176,0,94,0
06ac6393eee7a87a46f65b36cf9d1863821846f32cd08b7f9dd84710f2fa08a1,2,1,20280826,0.2,1.5,soft,wa_mcbr_soft,0000000000000000000000000000000000000000000001000000000000001000000000001110000000000000000000000000,1,1,250.04385938972024,0000000000000000000000000000000000000000000001000000000000001000000000001110000000000000000000000000,0.0,250.04385938972024,,,0.03562262502964586,465,17,0,True,17670,37200,54870,100,5,0.05,251.22074859560826,249.9931096078888,1.2276389877194545,4.702970297029703,4.702970297029703,12.631578947368421,12.0,0.3723184818481848,1.2025,1.2025,1.5,0.8016666666666666,0,0,0,0,4196.29164037279,41.9629164037279,7794.145312304278,290.0369145187829,29.062460855785766,168.29116003943474,0,0,95
06ac6393eee7a87a46f65b36cf9d1863821846f32cd08b7f9dd84710f2fa08a1,2,1,20280826,0.2,1.5,none,wa_mcbr_none,1000000000000000000000000000000000000000000001000000000000001000001000001110000000000000000000000000,1,0,inf,0000000000000000000000000000000000000000000001000000000000000000001000001110000000000000000000000000,0.02,249.80551100791828,,,0.03801154193934053,757,19,0,True,28766,60560,89326,100,7,0.07,248.42664072969924,248.42664072969924,0.0,6.683168316831682,6.683168316831682,12.631578947368421,12.0,0.5290841584158414,1.69,1.69,1.5,1.1266666666666667,0,1,0,1,4131.683609245332,41.31683609245332,7491.878350927058,396.7780431195001,39.76441815101585,300.88042049934285,0,0,93
06ac6393eee7a87a46f65b36cf9d1863821846f32cd08b7f9dd84710f2fa08a1,2,1,20280826,0.2,2.0,hard,wa_mcbr_hard,0000101000000000000000000000000000000000000001000000000000001000001000001110000000000000000000000000,1,0,inf,0000001000000000000000000000000000000000000001000000000000001000001000001110000000000000000000000000,0.01,248.6304819558778,248.52206345575078,0.043625301761716445,0.021287875017151237,498,14,0,True,18924,39840,58764,100,8,0.08,248.49605150603932,248.49605150603932,0.0,6.93069306930693,6.93069306930693,12.631578947368421,12.0,0.5486798679867986,1.80375,1.80375,2.0,0.901875,0,0,0,0,4122.272541443342,41.22272541443342,7445.128811732742,410.137150253168,41.101466592758655,323.9305301645337,0,87,5
06ac6393eee7a87a46f65b36cf9d1863821846f32cd08b7f9dd84710f2fa08a1,2,1,20280826,0.2,2.0,soft,wa_mcbr_soft,0000000000000000000000000000000000000000000001000000000000001000000000001110000000000001000000000000,1,1,249.5013600593013,0000000000000000000000000000000000000000000001000000000000001000000000001110000000000001000000000000,0.0,249.5013600593013,,,0.03380600002128631,465,20,0,True,17670,37200,54870,100,6,0.06,250.2033211661426,249.41741586355366,0.7859053025889404,5.693069306930693,5.693069306930693,12.631578947368421,12.0,0.4507013201320132,1.4462499999999998,1.4462499999999998,2.0,0.7231249999999999,0,0,0,0,4175.595466252483,41.75595466252483,7696.9848610686795,307.4519107749146,30.810178113187312,225.12579797221176,0,0,94
06ac6393eee7a87a46f65b36cf9d1863821846f32cd08b7f9dd84710f2fa08a1,2,1,20280826,0.2,2.0,none,wa_mcbr_none,1000000000000000000000000000000000000000000001000000000000001000001000001110000000000000000000000000,1,1,248.5672270974986,1000000000000000000000000000000000000000000001000000000000001000001000001110000000000000000000000000,0.0,248.5672270974986,,,0.035816458985209465,757,19,0,True,28766,60560,89326,100,7,0.07,248.42664072969924,248.42664072969924,0.0,6.683168316831682,6.683168316831682,12.631578947368421,12.0,0.5290841584158414,1.69,1.69,2.0,0.845,0,0,0,0,4131.683609245332,41.31683609245332,7491.878350927058,396.7780431195001,39.76441815101585,300.88042049934285,0,0,93
06ac6393eee7a87a46f65b36cf9d1863821846f32cd08b7f9dd84710f2fa08a1,2,1,20280826,0.2,3.0,hard,wa_mcbr_hard,1000000000000000000000000000000000000000000001000000000000001000001000001110000000000000000000000000,1,1,248.5672270974986,1000000000000000000000000000000000000000000001000000000000001000001000001110000000000000000000000000,0.0,248.5672270974986,248.52206345575078,0.01817289021337182,0.035525624989531934,757,19,0,True,28766,60560,89326,100,7,0.07,248.42664072969924,248.42664072969924,0.0,6.683168316831682,6.683168316831682,12.631578947368421,12.0,0.5290841584158414,1.69,1.69,3.0,0.5633333333333334,0,0,0,0,4131.683609245332,41.31683609245332,7491.878350927058,396.7780431195001,39.76441815101585,300.88042049934285,0,0,93
06ac6393eee7a87a46f65b36cf9d1863821846f32cd08b7f9dd84710f2fa08a1,2,1,20280826,0.2,3.0,soft,wa_mcbr_soft,0000000000000000000000000000000000000000000001000000000000001000001000001110000000000001000000000000,1,1,248.65718885858075,0000000000000000000000000000000000000000000001000000000000001000001000001110000000000001000000000000,0.0,248.65718885858075,,,0.034466292010620236,479,19,0,True,18202,38320,56522,100,7,0.07,248.77195721439264,248.5166024907814,0.2553547236112579,6.683168316831683,6.683168316831683,12.631578947368421,12.0,0.5290841584158416,1.69,1.69,3.0,0.5633333333333334,0,0,0,0,4135.573891976157,41.35573891976157,7509.86731500619,381.1041475230722,38.18785802729045,300.88042049934296,0,0,93
06ac6393eee7a87a46f65b36cf9d1863821846f32cd08b7f9dd84710f2fa08a1,2,1,20280826,0.2,3.0,none,wa_mcbr_none,1000000000000000000000000000000000000000000001000000000000001000001000001110000000000000000000000000,1,1,248.5672270974986,1000000000000000000000000000000000000000000001000000000000001000001000001110000000000000000000000000,0.0,248.5672270974986,,,0.03607416700106114,757,19,0,True,28766,60560,89326,100,7,0.07,248.42664072969924,248.42664072969924,0.0,6.683168316831682,6.683168316831682,12.631578947368421,12.0,0.5290841584158414,1.69,1.69,3.0,0.5633333333333334,0,0,0,0,4131.683609245332,41.31683609245332,7491.878350927058,396.7780431195001,39.76441815101585,300.88042049934285,0,0,93
06ac6393eee7a87a46f65b36cf9d1863821846f32cd08b7f9dd84710f2fa08a1,2,1,20280826,0.2,5.0,hard,wa_mcbr_hard,1000000000000000000000000000000000000000000001000000000000001000001000001110000000000000000000000000,1,1,248.5672270974986,1000000000000000000000000000000000000000000001000000000000001000001000001110000000000000000000000000,0.0,248.5672270974986,248.52206345575078,0.01817289021337182,0.03610716701950878,757,19,0,True,28766,60560,89326,100,7,0.07,248.42664072969924,248.42664072969924,0.0,6.683168316831682,6.683168316831682,12.631578947368421,12.0,0.5290841584158414,1.69,1.69,5.0,0.33799999999999997,0,0,0,0,4131.683609245332,41.31683609245332,7491.878350927058,396.7780431195001,39.76441815101585,300.88042049934285,0,0,93
06ac6393eee7a87a46f65b36cf9d1863821846f32cd08b7f9dd84710f2fa08a1,2,1,20280826,0.2,5.0,soft,wa_mcbr_soft,1000000000000000000000000000000000000000000001000000000000001000001000001110000000000000000000000000,1,1,248.5672270974986,1000000000000000000000000000000000000000000001000000000000001000001000001110000000000000000000000000,0.0,248.5672270974986,,,0.05298741708975285,757,19,0,True,28766,60560,89326,100,7,0.07,248.46873817195538,248.42664072969924,0.04209744225612295,6.683168316831682,6.683168316831682,12.631578947368421,12.0,0.5290841584158414,1.69,1.69,5.0,0.33799999999999997,0,0,0,0,4131.683609245332,41.31683609245332,7491.878350927058,396.7780431195001,39.76441815101585,300.88042049934285,0,0,93
06ac6393eee7a87a46f65b36cf9d1863821846f32cd08b7f9dd84710f2fa08a1,2,1,20280826,0.2,5.0,none,wa_mcbr_none,1000000000000000000000000000000000000000000001000000000000001000001000001110000000000000000000000000,1,1,248.5672270974986,1000000000000000000000000000000000000000000001000000000000001000001000001110000000000000000000000000,0.0,248.5672270974986,,,0.03572324989363551,757,19,0,True,28766,60560,89326,100,7,0.07,248.42664072969924,248.42664072969924,0.0,6.683168316831682,6.683168316831682,12.631578947368421,12.0,0.5290841584158414,1.69,1.69,5.0,0.33799999999999997,0,0,0,0,4131.683609245332,41.31683609245332,7491.878350927058,396.7780431195001,39.76441815101585,300.88042049934285,0,0,93
06ac6393eee7a87a46f65b36cf9d1863821846f32cd08b7f9dd84710f2fa08a1,2,1,20280826,0.2,13.0,hard,wa_mcbr_hard,1000000000000000000000000000000000000000000001000000000000001000001000001110000000000000000000000000,1,1,248.5672270974986,1000000000000000000000000000000000000000000001000000000000001000001000001110000000000000000000000000,0.0,248.5672270974986,248.52206345575078,0.01817289021337182,0.03527300001587719,757,19,0,True,28766,60560,89326,100,7,0.07,248.42664072969924,248.42664072969924,0.0,6.683168316831682,6.683168316831682,12.631578947368421,12.0,0.5290841584158414,1.69,1.69,13.0,0.13,0,0,0,0,4131.683609245332,41.31683609245332,7491.878350927058,396.7780431195001,39.76441815101585,300.88042049934285,0,0,93
06ac6393eee7a87a46f65b36cf9d1863821846f32cd08b7f9dd84710f2fa08a1,2,1,20280826,0.2,13.0,soft,wa_mcbr_soft,1000000000000000000000000000000000000000000001000000000000001000001000001110000000000000000000000000,1,1,248.5672270974986,1000000000000000000000000000000000000000000001000000000000001000001000001110000000000000000000000000,0.0,248.5672270974986,,,0.05316191690508276,757,19,0,True,28766,60560,89326,100,7,0.07,248.4346131409254,248.42664072969924,0.007972411226143332,6.683168316831682,6.683168316831682,12.631578947368421,12.0,0.5290841584158414,1.69,1.69,13.0,0.13,0,0,0,0,4131.683609245332,41.31683609245332,7491.878350927058,396.7780431195001,39.76441815101585,300.88042049934285,0,0,93
06ac6393eee7a87a46f65b36cf9d1863821846f32cd08b7f9dd84710f2fa08a1,2,1,20280826,0.2,13.0,none,wa_mcbr_none,1000000000000000000000000000000000000000000001000000000000001000001000001110000000000000000000000000,1,1,248.5672270974986,1000000000000000000000000000000000000000000001000000000000001000001000001110000000000000000000000000,0.0,248.5672270974986,,,0.03546383301727474,757,19,0,True,28766,60560,89326,100,7,0.07,248.42664072969924,248.42664072969924,0.0,6.683168316831682,6.683168316831682,12.631578947368421,12.0,0.5290841584158414,1.69,1.69,13.0,0.13,0,0,0,0,4131.683609245332,41.31683609245332,7491.878350927058,396.7780431195001,39.76441815101585,300.88042049934285,0,0,93
06ac6393eee7a87a46f65b36cf9d1863821846f32cd08b7f9dd84710f2fa08a1,2,1,20280826,0.4,1.5,hard,wa_mcbr_hard,1000000000001000000000000000000000000000100001000000000000000000000000000000010000000000000001000000,1,0,inf,1000000000000000000000000000000000000000100001000000000000000000000000000000010000000000000001000000,0.01,254.09639759265073,249.31409374328433,1.9181843182482414,0.005229290924035013,100,0,0,True,3800,8000,11800,100,6,0.06,253.44729369235745,253.44729369235745,0.0,5.693069306930693,5.693069306930693,25.263157894736842,24.0,0.2253506600660066,1.44625,1.44625,1.5,0.9641666666666667,0,0,0,0,4267.024670837126,42.67024670837126,8111.007355654227,344.71847196674645,34.5592757043886,92.72666755425377,0,94,0
06ac6393eee7a87a46f65b36cf9d1863821846f32cd08b7f9dd84710f2fa08a1,2,1,20280826,0.4,1.5,soft,wa_mcbr_soft,0000000000000100000000000000000000000000100000000000000000001000000000000000010000000001000000000000,1,1,255.6080292773275,0000000000000100000000000000000000000000100000000000000000001000000000000000010000000001000000000000,0.0,255.6080292773275,,,0.041917124995961785,576,25,0,True,21888,46080,67968,100,5,0.05,256.6330155891718,255.60074640623353,1.0322691829383026,4.702970297029703,4.702970297029703,25.263157894736842,24.0,0.1861592409240924,1.17,1.17,1.5,0.7799999999999999,0,0,0,0,4326.538907484969,43.26538907484969,8384.495665832204,190.59609590393168,19.133166440976385,77.18540108984918,0,0,95
06ac6393eee7a87a46f65b36cf9d1863821846f32cd08b7f9dd84710f2fa08a1,2,1,20280826,0.4,1.5,none,wa_mcbr_none,1000101000001000000000100000000000000000000001000000000000001000001000001110000000000001000000000000,1,0,inf,0000000000000000000000000000000000000000000001000000000000000000001000001110000000000000000000000000,0.07,249.31409374328436,,,0.030826000031083822,639,38,0,True,24282,51120,75402,100,12,0.12,245.03159227267335,245.03159227267335,0.0,10.891089108910888,10.891089108910888,25.263157894736842,24.0,0.431105610561056,2.7787499999999996,2.7787499999999996,1.5,1.8524999999999998,0,1,0,1,4037.56470708944,40.3756470708944,7052.986509094395,487.6100481228807,48.87575786618139,209.44887599709926,0,0,88
06ac6393eee7a87a46f65b36cf9d1863821846f32cd08b7f9dd84710f2fa08a1,2,1,20280826,0.4,2.0,hard,wa_mcbr_hard,1000000000001000000000000000000000000000100001000000100000000000000000000000010000000000000001010000,1,0,inf,1000000000001000000000000000000000000000100001000000000000000000000000000000010000000000000001010000,0.01,252.97221055913013,247.07288078246117,2.3876881015780573,0.0052617919864133,100,0,0,True,3800,8000,11800,100,8,0.08,252.64064298320932,252.64064298320932,0.0,7.673267326732673,7.673267326732673,25.263157894736842,24.0,0.303733498349835,1.93375,1.93375,2.0,0.966875,0,0,0,0,4235.096077831056,42.350960778310565,7959.92727447966,407.95181153646064,40.90930995747058,129.05791734557843,0,92,0
06ac6393eee7a87a46f65b36cf9d1863821846f32cd08b7f9dd84710f2fa08a1,2,1,20280826,0.4,2.0,soft,wa_mcbr_soft,1000000000000000000000000000000000000000000001000000000000001000000000001110000000000000000000000000,1,1,248.54543595616218,1000000000000000000000000000000000000000000001000000000000001000000000001110000000000000000000000000,0.0,248.54543595616218,,,0.04301487503107637,609,32,0,True,23142,48720,71862,100,6,0.06,249.3106477169171,248.52474241432816,0.7859053025889411,5.693069306930693,5.693069306930693,25.263157894736842,24.0,0.2253506600660066,1.44625,1.44625,2.0,0.723125,0,0,0,0,4170.902487394887,41.70902487394888,7678.995063742845,324.3545649269442,32.51062380739275,92.72666755425377,0,0,94
06ac6393eee7a87a46f65b36cf9d1863821846f32cd08b7f9dd84710f2fa08a1,2,1,20280826,0.4,2.0,none,wa_mcbr_none,1000101000001000000000100000000000000000000001000000000000001000001000001110000000000001000000000000,1,0,inf,0000100000000000000000000000000000000000000001000000000000001000001000001110000000000000000000000000,0.05,247.35108252213615,,,0.03080916707403958,639,38,0,True,24282,51120,75402,100,12,0.12,245.03159227267335,245.03159227267335,0.0,10.891089108910888,10.891089108910888,25.263157894736842,24.0,0.431105610561056,2.7787499999999996,2.7787499999999996,2.0,1.3893749999999998,0,1,0,1,4037.56470708944,40.3756470708944,7052.986509094395,487.6100481228807,48.87575786618139,209.44887599709926,0,0,88
06ac6393eee7a87a46f65b36cf9d1863821846f32cd08b7f9dd84710f2fa08a1,2,1,20280826,0.4,3.0,hard,wa_mcbr_hard,1000101000001000000000100000000000000000000001000000000000001000001000001110000000000001000000000000,1,0,inf,1000101000000000000000100000000000000000000001000000000000001000001000001110000000000001000000000000,0.01,245.1529467755328,245.1529467755328,0.0,0.021682583028450608,470,22,0,True,17860,37600,55460,100,12,0.12,245.03159227267335,245.03159227267335,0.0,10.891089108910888,10.891089108910888,25.263157894736842,24.0,0.431105610561056,2.7787499999999996,2.7787499999999996,3.0,0.9262499999999999,0,0,0,0,4037.56470708944,40.3756470708944,7052.986509094395,487.6100481228807,48.87575786618139,209.44887599709926,0,83,5
06ac6393eee7a87a46f65b36cf9d1863821846f32cd08b7f9dd84710f2fa08a1,2,1,20280826,0.4,3.0,soft,wa_mcbr_soft,1000000000000000000000100000000000000000000001000000000000001000001000001110000000000000000000000000,1,1,246.29743137680714,1000000000000000000000100000000000000000000001000000000000001000001000001110000000000000000000000000,0.0,246.29743137680714,,,0.053621708997525275,757,38,0,True,28766,60560,89326,100,8,0.08,246.81894188109047,246.259921996566,0.5590198845244834,7.673267326732672,7.673267326732672,25.263157894736842,24.0,0.30373349834983493,1.9337499999999999,1.9337499999999999,3.0,0.6445833333333333,0,0,0,0,4107.116290358485,41.07116290358485,7383.929109029588,410.4783774649635,41.13862869853729,129.05791734557843,0,0,92
06ac6393eee7a87a46f65b36cf9d1863821846f32cd08b7f9dd84710f2fa08a1,2,1,20280826,0.4,3.0,none,wa_mcbr_none,1000101000001000000000100000000000000000000001000000000000001000001000001110000000000001000000000000,1,0,inf,1000101000000000000000100000000000000000000001000000000000001000001000001110000000000001000000000000,0.01,245.1529467755328,,,0.030748374992981553,639,38,0,True,24282,51120,75402,100,12,0.12,245.03159227267335,245.03159227267335,0.0,10.891089108910888,10.891089108910888,25.263157894736842,24.0,0.431105610561056,2.7787499999999996,2.7787499999999996,3.0,0.9262499999999999,0,0,0,0,4037.56470708944,40.3756470708944,7052.986509094395,487.6100481228807,48.87575786618139,209.44887599709926,0,0,88
06ac6393eee7a87a46f65b36cf9d1863821846f32cd08b7f9dd84710f2fa08a1,2,1,20280826,0.4,5.0,hard,wa_mcbr_hard,1000101000000100000000100000000000000000000001000000000000001000001000001110000000000001000000000000,1,1,245.1096114573229,1000101000000100000000100000000000000000000001000000000000001000001000001110000000000001000000000000,0.0,245.1096114573229,245.04767903536828,0.02527362111668238,0.02280054206494242,459,27,0,True,17442,36720,54162,100,12,0.12,244.99377641240187,244.99377641240187,0.0,10.891089108910888,10.891089108910888,25.263157894736842,24.0,0.431105610561056,2.7787499999999996,2.7787499999999996,5.0,0.55575,0,0,0,0,4033.726512039124,40.33726512039124,7035.002765427372,501.09379392988086,50.23045228095633,209.44887599709926,0,0,88
06ac6393eee7a87a46f65b36cf9d1863821846f32cd08b7f9dd84710f2fa08a1,2,1,20280826,0.4,5.0,soft,wa_mcbr_soft,1000101000000000000000100000000000000000000001000000000000001000001000001110000000000001000000000000,1,1,245.1529467755328,1000101000000000000000100000000000000000000001000000000000001000001000001110000000000001000000000000,0.0,245.1529467755328,,,0.04189787502400577,574,37,0,True,21812,45920,67732,100,11,0.11,245.31886712599024,245.0631755060938,0.2556916198964352,9.900990099009897,9.900990099009897,25.263157894736842,24.0,0.39191419141914174,2.5349999999999997,2.5349999999999997,5.0,0.5069999999999999,0,0,0,0,4052.397080589791,40.52397080589791,7124.92168823627,473.15386637177386,47.42620329722872,181.1261872455901,0,0,89
06ac6393eee7a87a46f65b36cf9d1863821846f32cd08b7f9dd84710f2fa08a1,2,1,20280826,0.4,5.0,none,wa_mcbr_none,1000101000001000000000100000000000000000000001000000000000001000001000001110000000000001000000000000,1,1,245.14742731759438,1000101000001000000000100000000000000000000001000000000000001000001000001110000000000001000000000000,0.0,245.14742731759438,,,0.03084716701414436,639,38,0,True,24282,51120,75402,100,12,0.12,245.03159227267335,245.03159227267335,0.0,10.891089108910888,10.891089108910888,25.263157894736842,24.0,0.431105610561056,2.7787499999999996,2.7787499999999996,5.0,0.55575,0,0,0,0,4037.56470708944,40.3756470708944,7052.986509094395,487.6100481228807,48.87575786618139,209.44887599709926,0,0,88
06ac6393eee7a87a46f65b36cf9d1863821846f32cd08b7f9dd84710f2fa08a1,2,1,20280826,0.4,13.0,hard,wa_mcbr_hard,1000101000001000000000100000000000000000000001000000000000001000001000001110000000000001000000000000,1,1,245.14742731759438,1000101000001000000000100000000000000000000001000000000000001000001000001110000000000001000000000000,0.0,245.14742731759438,245.04767903536828,0.040705662921910434,0.033725582994520664,639,38,0,True,24282,51120,75402,100,12,0.12,245.03159227267335,245.03159227267335,0.0,10.891089108910888,10.891089108910888,25.263157894736842,24.0,0.431105610561056,2.7787499999999996,2.7787499999999996,13.0,0.21374999999999997,0,0,0,0,4037.56470708944,40.3756470708944,7052.986509094395,487.6100481228807,48.87575786618139,209.44887599709926,0,0,88
06ac6393eee7a87a46f65b36cf9d1863821846f32cd08b7f9dd84710f2fa08a1,2,1,20280826,0.4,13.0,soft,wa_mcbr_soft,1000101000001000000000100000000000000000000001000000000000001000001000001110000000000001000000000000,1,1,245.14742731759438,1000101000001000000000100000000000000000000001000000000000001000001000001110000000000001000000000000,0.0,245.14742731759438,,,0.04606541700195521,639,36,0,True,24282,51120,75402,100,12,0.12,245.05830081590807,245.03159227267335,0.026708543234719245,10.891089108910888,10.891089108910888,25.263157894736842,24.0,0.431105610561056,2.7787499999999996,2.7787499999999996,13.0,0.21374999999999997,0,0,0,0,4037.56470708944,40.3756470708944,7052.986509094395,487.6100481228807,48.87575786618139,209.44887599709926,0,0,88
06ac6393eee7a87a46f65b36cf9d1863821846f32cd08b7f9dd84710f2fa08a1,2,1,20280826,0.4,13.0,none,wa_mcbr_none,1000101000001000000000100000000000000000000001000000000000001000001000001110000000000001000000000000,1,1,245.14742731759438,1000101000001000000000100000000000000000000001000000000000001000001000001110000000000001000000000000,0.0,245.14742731759438,,,0.030761041911318898,639,38,0,True,24282,51120,75402,100,12,0.12,245.03159227267335,245.03159227267335,0.0,10.891089108910888,10.891089108910888,25.263157894736842,24.0,0.431105610561056,2.7787499999999996,2.7787499999999996,13.0,0.21374999999999997,0,0,0,0,4037.56470708944,40.3756470708944,7052.986509094395,487.6100481228807,48.87575786618139,209.44887599709926,0,0,88
06ac6393eee7a87a46f65b36cf9d1863821846f32cd08b7f9dd84710f2fa08a1,2,1,20280826,0.6,1.5,hard,wa_mcbr_hard,1000000000001000000000000000000000000000100001000000000000000000000000000000010000000000000001000000,1,0,inf,1000000000000000000000000000000000000000100001000000000000000000000000000000010000000000000001000000,0.01,253.98124494282663,249.19894109346023,1.9190706944347857,0.005304917111061513,100,0,0,True,3800,8000,11800,100,6,0.06,253.27612504555606,253.27612504555606,0.0,5.693069306930693,5.693069306930693,37.89473684210527,36.0,0.1502337733773377,1.44625,1.44625,1.5,0.9641666666666667,0,0,0,0,4266.853502190324,42.668535021903246,8111.007355654227,344.71847196674645,34.5592757043886,64.1985597540254,0,94,0
06ac6393eee7a87a46f65b36cf9d1863821846f32cd08b7f9dd84710f2fa08a1,2,1,20280826,0.6,1.5,soft,wa_mcbr_soft,1000000000000000000000000000000000000000000001000000000000001000000000001100000000000000000000000000,1,1,250.40257802980614,1000000000000000000000000000000000000000000001000000000000001000000000001100000000000000000000000000,0.0,250.40257802980614,,,0.043344874982722104,617,40,0,True,23446,49360,72806,100,5,0.05,251.62169493814875,250.3940559504293,1.2276389877194553,4.702970297029703,4.702970297029703,37.89473684210527,36.0,0.12410616061606158,1.2025000000000001,1.2025000000000001,1.5,0.8016666666666667,0,0,0,0,4214.93251010281,42.1493251010281,7880.545848820984,291.07930292332935,29.169764197088693,55.42271763874715,0,0,95
06ac6393eee7a87a46f65b36cf9d1863821846f32cd08b7f9dd84710f2fa08a1,2,1,20280826,0.6,1.5,none,wa_mcbr_none,1000101000001100000000100000000000000000000001000000000000001000001100001110010000000001000000000000,1,0,inf,0000000000000000000000000000000000000000000001000000000000000000001000001110000000000000000000000000,0.1,249.19894109346026,,,0.03090716595761478,639,58,0,True,24282,51120,75402,100,15,0.15,243.4398544618705,243.4398544618705,0.0,13.861386138613856,13.861386138613856,37.89473684210527,36.0,0.3657865786578656,3.5099999999999993,3.5099999999999993,1.5,2.3399999999999994,0,1,0,1,3983.9696074216904,39.8396960742169,6801.232726542226,553.7847561265412,55.51510281506112,164.18907198612303,0,0,85
06ac6393eee7a87a46f65b36cf9d1863821846f32cd08b7f9dd84710f2fa08a1,2,1,20280826,0.6,2.0,hard,wa_mcbr_hard,1000000000001000000000000000000000000000100001000000100000000000000000000000010000000000000001010000,1,0,inf,1000000000001000000000000000000000000000100001000000000000000000000000000000010000000000000001010000,0.01,252.70422619315758,246.80489641648862,2.390280688237934,0.005349582992494106,100,0,0,True,3800,8000,11800,100,8,0.08,252.27598204120304,252.27598204120304,0.0,7.673267326732673,7.673267326732673,37.89473684210527,36.0,0.20248899889988997,1.93375,1.93375,2.0,0.966875,0,0,0,0,4234.73141688905,42.3473141688905,7959.92727447966,407.95181153646064,40.90930995747058,83.47529959479265,0,92,0
06ac6393eee7a87a46f65b36cf9d1863821846f32cd08b7f9dd84710f2fa08a1,2,1,20280826,0.6,2.0,soft,wa_mcbr_soft,0000000000000000000000000000000000000000100001000000000000000000001000001110000000000000000000000000,1,1,248.57295471070123,0000000000000000000000000000000000000000100001000000000000000000001000001110000000000000000000000000,0.0,248.57295471070123,,,0.04056883289013058,574,39,0,True,21812,45920,67732,100,6,0.06,249.2057798260913,248.5591097051711,0.6466701209201828,5.445544554455445,5.445544554455445,37.89473684210527,36.0,0.14370187018701866,1.3975,1.3975,2.0,0.69875,0,0,0,0,4167.136487393383,41.671364873933825,7661.037000566398,394.12684006730717,39.50009439967311,61.95439216316041,0,0,94
06ac6393eee7a87a46f65b36cf9d1863821846f32cd08b7f9dd84710f2fa08a1,2,1,20280826,0.6,2.0,none,wa_mcbr_none,1000101000001100000000100000000000000000000001000000000000001000001100001110010000000001000000000000,1,0,inf,0000100000000000000000000000000000000000000001000000000000001000001000001110000000000000000000000000,0.08,247.09531976374058,,,0.030890375026501715,639,58,0,True,24282,51120,75402,100,15,0.15,243.4398544618705,243.4398544618705,0.0,13.861386138613856,13.861386138613856,37.89473684210527,36.0,0.3657865786578656,3.5099999999999993,3.5099999999999993,2.0,1.7549999999999997,0,1,0,1,3983.9696074216904,39.8396960742169,6801.232726542226,553.7847561265412,55.51510281506112,164.18907198612303,0,0,85
06ac6393eee7a87a46f65b36cf9d1863821846f32cd08b7f9dd84710f2fa08a1,2,1,20280826,0.6,3.0,hard,wa_mcbr_hard,1000000000001000000000000000000000000001100001000000100000011010000000000000010000000000000001010000,1,0,inf,1000000000001000000000000000000000000000100001000000100000001010000000000000010000000000000001010000,0.02,250.85892264732806,244.3036152685132,2.6832625344532643,0.005816000048071146,110,2,0,True,4180,8800,12980,100,12,0.12,250.5132692137079,250.5132692137079,0.0,11.63366336633663,11.63366336633663,37.89473684210527,36.0,0.3069994499449944,2.9899999999999993,2.9899999999999993,3.0,0.9966666666666665,0,0,0,0,4161.492979722553,41.61492979722553,7614.616455781192,493.66490246732366,51.37131509930379,130.75007441214402,0,88,0
06ac6393eee7a87a46f65b36cf9d1863821846f32cd08b7f9dd84710f2fa08a1,2,1,20280826,0.6,3.0,soft,wa_mcbr_soft,1000100000000000000000100000000000000000000001000000000000000000001000001110000000000001000000000000,1,1,245.80703187515982,1000100000000000000000100000000000000000000001000000000000000000001000001110000000000001000000000000,0.0,245.80703187515982,,,0.05535766598768532,756,44,0,True,28728,60480,89208,100,9,0.09,246.8367028405294,245.77888007521503,1.0578227653143666,8.415841584158414,8.415841584158414,37.89473684210527,36.0,0.22208470847084702,2.1287499999999997,2.1287499999999997,3.0,0.7095833333333332,0,0,0,0,4097.154371463972,40.97154371463972,7337.194104292015,436.8917441849387,43.789365779457114,91.37175181191442,0,0,91
06ac6393eee7a87a46f65b36cf9d1863821846f32cd08b7f9dd84710f2fa08a1,2,1,20280826,0.6,3.0,none,wa_mcbr_none,1000101000001100000000100000000000000000000001000000000000001000001100001110010000000001000000000000,1,0,inf,1000101000000000000000100000000000000000000001000000000000001000001000001110000000000001000000000000,0.04,244.3036152685132,,,0.03107379109133035,639,58,0,True,24282,51120,75402,100,15,0.15,243.4398544618705,243.4398544618705,0.0,13.861386138613856,13.861386138613856,37.89473684210527,36.0,0.3657865786578656,3.5099999999999993,3.5099999999999993,3.0,1.1699999999999997,0,1,0,1,3983.9696074216904,39.8396960742169,6801.232726542226,553.7847561265412,55.51510281506112,164.18907198612303,0,0,85
06ac6393eee7a87a46f65b36cf9d1863821846f32cd08b7f9dd84710f2fa08a1,2,1,20280826,0.6,5.0,hard,wa_mcbr_hard,1000101000001100000000100000000000000000000001000000000000001000001100001110010000000001000000000000,1,1,243.52435290007065,1000101000001100000000100000000000000000000001000000000000001000001100001110010000000001000000000000,0.0,243.52435290007065,243.52435290007062,1.167099269208068e-14,0.023637250065803528,470,32,0,True,17860,37600,55460,100,15,0.15,243.4398544618705,243.4398544618705,0.0,13.861386138613856,13.861386138613856,37.89473684210527,36.0,0.3657865786578656,3.5099999999999993,3.5099999999999993,5.0,0.7019999999999998,0,0,0,0,3983.9696074216904,39.8396960742169,6801.232726542226,553.7847561265412,55.51510281506112,164.18907198612303,0,0,85
06ac6393eee7a87a46f65b36cf9d1863821846f32cd08b7f9dd84710f2fa08a1,2,1,20280826,0.6,5.0,soft,wa_mcbr_soft,1000101000000100000000100000000000000000000001000000000000001000001100001110000000000001000000000000,1,1,243.67476840128754,1000101000000100000000100000000000000000000001000000000000001000001100001110000000000001000000000000,0.0,243.67476840128754,,,0.07520333305001259,1038,54,0,True,39444,83040,122484,100,13,0.13,244.27522530881555,243.6160258265231,0.659199482292451,11.881188118811878,11.881188118811878,37.89473684210527,36.0,0.3135313531353134,3.0224999999999995,3.0224999999999995,5.0,0.6044999999999999,0,0,0,0,4015.267855257757,40.15267855257757,6952.273982139528,517.1907890582695,51.8447799637583,134.18269230769224,0,0,87
06ac6393eee7a87a46f65b36cf9d1863821846f32cd08b7f9dd84710f2fa08a1,2,1,20280826,0.6,5.0,none,wa_mcbr_none,1000101000001100000000100000000000000000000001000000000000001000001100001110010000000001000000000000,1,1,243.52435290007065,1000101000001100000000100000000000000000000001000000000000001000001100001110010000000001000000000000,0.0,243.52435290007065,,,0.030846167006529868,639,58,0,True,24282,51120,75402,100,15,0.15,243.4398544618705,243.4398544618705,0.0,13.861386138613856,13.861386138613856,37.89473684210527,36.0,0.3657865786578656,3.5099999999999993,3.5099999999999993,5.0,0.7019999999999998,0,0,0,0,3983.9696074216904,39.8396960742169,6801.232726542226,553.7847561265412,55.51510281506112,164.18907198612303,0,0,85
06ac6393eee7a87a46f65b36cf9d1863821846f32cd08b7f9dd84710f2fa08a1,2,1,20280826,0.6,13.0,hard,wa_mcbr_hard,1000101000001100000000100000000000000000000001000000000000001000001100001110010000000001000000000000,1,1,243.52435290007065,1000101000001100000000100000000000000000000001000000000000001000001100001110010000000001000000000000,0.0,243.52435290007065,243.52435290007062,1.167099269208068e-14,0.03238795907236636,639,58,0,True,24282,51120,75402,100,15,0.15,243.4398544618705,243.4398544618705,0.0,13.861386138613856,13.861386138613856,37.89473684210527,36.0,0.3657865786578656,3.5099999999999993,3.5099999999999993,13.0,0.26999999999999996,0,0,0,0,3983.9696074216904,39.8396960742169,6801.232726542226,553.7847561265412,55.51510281506112,164.18907198612303,0,0,85
06ac6393eee7a87a46f65b36cf9d1863821846f32cd08b7f9dd84710f2fa08a1,2,1,20280826,0.6,13.0,soft,wa_mcbr_soft,1000101000001100000000100000000000000000000001000000000000001000001100001110010000000001000000000000,1,1,243.52435290007065,1000101000001100000000100000000000000000000001000000000000001000001100001110010000000001000000000000,0.0,243.52435290007065,,,0.04679362499155104,639,52,0,True,24282,51120,75402,100,15,0.15,243.49221362913514,243.4398544618705,0.05235916726462651,13.861386138613856,13.861386138613856,37.89473684210527,36.0,0.3657865786578656,3.5099999999999993,3.5099999999999993,13.0,0.26999999999999996,0,0,0,0,3983.9696074216904,39.8396960742169,6801.232726542226,553.7847561265412,55.51510281506112,164.18907198612303,0,0,85
06ac6393eee7a87a46f65b36cf9d1863821846f32cd08b7f9dd84710f2fa08a1,2,1,20280826,0.6,13.0,none,wa_mcbr_none,1000101000001100000000100000000000000000000001000000000000001000001100001110010000000001000000000000,1,1,243.52435290007065,1000101000001100000000100000000000000000000001000000000000001000001100001110010000000001000000000000,0.0,243.52435290007065,,,0.030704208998940885,639,58,0,True,24282,51120,75402,100,15,0.15,243.4398544618705,243.4398544618705,0.0,13.861386138613856,13.861386138613856,37.89473684210527,36.0,0.3657865786578656,3.5099999999999993,3.5099999999999993,13.0,0.26999999999999996,0,0,0,0,3983.9696074216904,39.8396960742169,6801.232726542226,553.7847561265412,55.51510281506112,164.18907198612303,0,0,85
06ac6393eee7a87a46f65b36cf9d1863821846f32cd08b7f9dd84710f2fa08a1,2,1,20280826,0.8,1.5,hard,wa_mcbr_hard,1000000000001000000000000000000000000000100001000000000000000000000000000000010000000000000001000000,1,0,inf,1000000000000000000000000000000000000000100001000000000000000000000000000000010000000000000001000000,0.01,253.92985197914348,249.14754812977708,1.9194665511519995,0.005290832952596247,100,0,0,True,3800,8000,11800,100,6,0.06,253.2014084937966,253.2014084937966,0.0,5.693069306930693,5.693069306930693,50.526315789473685,48.0,0.1126753300330033,1.44625,1.44625,1.5,0.9641666666666667,0,0,0,0,4266.778785638565,42.66778785638565,8111.007355654227,344.71847196674645,34.5592757043886,51.74580112744813,0,94,0
06ac6393eee7a87a46f65b36cf9d1863821846f32cd08b7f9dd84710f2fa08a1,2,1,20280826,0.8,1.5,soft,wa_mcbr_soft,1000001000000000000000000000000000000000000001000000000000000000000000000110000000000000000000000000,1,1,250.89440037655828,1000001000000000000000000000000000000000000001000000000000000000000000000110000000000000000000000000,0.0,250.89440037655828,,,0.0491148749133572,701,56,0,True,26638,56080,82718,100,5,0.05,251.92235465583647,250.89008547289816,1.0322691829383026,4.455445544554455,4.455445544554455,50.526315789473685,48.0,0.08818069306930693,1.17,1.17,1.5,0.7799999999999999,0,0,0,0,4223.02815127423,42.2302815127423,7916.561113402514,321.45312556207756,32.222680502913086,44.177129284017646,0,0,95
06ac6393eee7a87a46f65b36cf9d1863821846f32cd08b7f9dd84710f2fa08a1,2,1,20280826,0.8,1.5,none,wa_mcbr_none,1000101000001101000000100000000000000000000001000000000000001000001100001110010000000001000000000000,1,0,inf,0000000000000000000000000000000000000000000001000000000000000000001000001110000000000000000000000000,0.11,249.1475481297771,,,0.028348749969154596,574,63,0,True,21812,45920,67732,100,16,0.16,242.62074831991976,242.62074831991976,0.0,14.85148514851485,14.85148514851485,50.526315789473685,48.0,0.2939356435643564,3.75375,3.75375,1.5,2.5025,0,1,0,1,3968.349306408941,39.68349306408941,6729.318698427121,572.7562780785503,57.41865169508545,124.07537248028046,0,0,84
06ac6393eee7a87a46f65b36cf9d1863821846f32cd08b7f9dd84710f2fa08a1,2,1,20280826,0.8,2.0,hard,wa_mcbr_hard,1000000000001000000000000000000000000000100001000000100000000000000000000000010000000000000001010000,1,0,inf,1000000000001000000000000000000000000000100001000000000000000000000000000000010000000000000001010000,0.01,252.59142640393353,246.69209662726456,2.3913736424164656,0.005296624964103103,100,0,0,True,3800,8000,11800,100,8,0.08,252.12629966633318,252.12629966633318,0.0,7.673267326732673,7.673267326732673,50.526315789473685,48.0,0.1518667491749175,1.93375,1.93375,2.0,0.966875,0,0,0,0,4234.58173451418,42.3458173451418,7959.92727447966,407.95181153646064,40.90930995747058,64.76500273606128,0,92,0
06ac6393eee7a87a46f65b36cf9d1863821846f32cd08b7f9dd84710f2fa08a1,2,1,20280826,0.8,2.0,soft,wa_mcbr_soft,0000000000000000000000000000000000000000000001000000000000001000001000001110000000000000000000000000,1,1,247.7338190853396,0000000000000000000000000000000000000000000001000000000000001000001000001110000000000000000000000000,0.0,247.7338190853396,,,0.053212542086839676,757,57,0,True,28766,60560,89326,100,6,0.06,248.51188571432996,247.72598041174103,0.7859053025889411,5.693069306930693,5.693069306930693,50.526315789473685,48.0,0.1126753300330033,1.44625,1.44625,2.0,0.723125,0,0,0,0,4154.903826282833,41.549038262828326,7607.0197659733885,365.5585793446616,36.62766223141074,51.74580112744813,0,0,94
06ac6393eee7a87a46f65b36cf9d1863821846f32cd08b7f9dd84710f2fa08a1,2,1,20280826,0.8,2.0,none,wa_mcbr_none,1000101000001101000000100000000000000000000001000000000000001000001100001110010000000001000000000000,1,0,inf,0000100000000000000000000000000000000000000001000000000000001000001000001110000000000000000000000000,0.09,246.98698840204236,,,0.028330540983006358,574,63,0,True,21812,45920,67732,100,16,0.16,242.62074831991976,242.62074831991976,0.0,14.85148514851485,14.85148514851485,50.526315789473685,48.0,0.2939356435643564,3.75375,3.75375,2.0,1.876875,0,1,0,1,3968.349306408941,39.68349306408941,6729.318698427121,572.7562780785503,57.41865169508545,124.07537248028046,0,0,84
06ac6393eee7a87a46f65b36cf9d1863821846f32cd08b7f9dd84710f2fa08a1,2,1,20280826,0.8,3.0,hard,wa_mcbr_hard,1000000000001000000001000000000000000001100001000000100000010010000000000000010000000000000001010000,1,0,inf,1000000000001000000000000000000000000000100001000000100000010010000000000000010000000000000001010000,0.02,251.5271353312457,243.9863630141292,3.090653192235909,0.005428707925602794,100,0,0,True,3800,8000,11800,100,12,0.12,251.12878953063512,251.12878953063512,0.0,11.63366336633663,11.63366336633663,50.526315789473685,48.0,0.23024958745874582,2.9899999999999993,2.9899999999999993,3.0,0.9966666666666665,0,0,0,0,4180.348309985339,41.803483099853395,7701.025190188895,500.9118998635843,52.099182407949755,94.78059891471828,0,88,0
06ac6393eee7a87a46f65b36cf9d1863821846f32cd08b7f9dd84710f2fa08a1,2,1,20280826,0.8,3.0,soft,wa_mcbr_soft,1000001000000000000000100000000000000000000001000000000000001000001000001110000000000000000000000000,1,1,245.23314542952357,1000001000000000000000100000000000000000000001000000000000001000001000001110000000000000000000000000,0.0,245.23314542952357,,,0.04400554101448506,617,60,0,True,23446,49360,72806,100,9,0.09,246.1883899528494,245.21838477146912,0.9700051813802744,8.168316831683168,8.168316831683168,50.526315789473685,48.0,0.16166460396039603,2.09625,2.09625,3.0,0.69875,0,0,0,0,4089.753873722796,40.89753873722796,7304.794900580354,437.7759673541644,43.87784226149125,68.21000184535893,0,0,91
06ac6393eee7a87a46f65b36cf9d1863821846f32cd08b7f9dd84710f2fa08a1,2,1,20280826,0.8,3.0,none,wa_mcbr_none,1000101000001101000000100000000000000000000001000000000000001000001100001110010000000001000000000000,1,0,inf,1000101000000000000000100000000000000000000001000000000000001000001000001110000000000001000000000000,0.05,243.9863630141292,,,0.027946290909312665,574,63,0,True,21812,45920,67732,100,16,0.16,242.62074831991976,242.62074831991976,0.0,14.85148514851485,14.85148514851485,50.526315789473685,48.0,0.2939356435643564,3.75375,3.75375,3.0,1.25125,0,1,0,1,3968.349306408941,39.68349306408941,6729.318698427121,572.7562780785503,57.41865169508545,124.07537248028046,0,0,84
06ac6393eee7a87a46f65b36cf9d1863821846f32cd08b7f9dd84710f2fa08a1,2,1,20280826,0.8,5.0,hard,wa_mcbr_hard,1000101000001101000000100000000000000000000001000000000000001000001100001110010000000001000000000000,1,1,242.67663890373944,1000101000001101000000100000000000000000000001000000000000001000001100001110010000000001000000000000,0.0,242.67663890373944,242.6766389037394,2.3423523219041963e-14,0.027573791914619505,556,31,0,True,21128,44480,65608,100,16,0.16,242.62074831991976,242.62074831991976,0.0,14.85148514851485,14.85148514851485,50.526315789473685,48.0,0.2939356435643564,3.75375,3.75375,5.0,0.75075,0,0,0,0,3968.349306408941,39.68349306408941,6729.318698427121,572.7562780785503,57.41865169508545,124.07537248028046,0,0,84
06ac6393eee7a87a46f65b36cf9d1863821846f32cd08b7f9dd84710f2fa08a1,2,1,20280826,0.8,5.0,soft,wa_mcbr_soft,1000101000001001000000100000000000000000000001000000000000001000001000001110000000000001000000000000,1,1,243.3477654756556,1000101000001001000000100000000000000000000001000000000000001000001000001110000000000001000000000000,0.0,243.3477654756556,,,0.04105212492868304,580,66,0,True,22040,46400,68440,100,13,0.13,243.97161868140856,243.3124191991161,0.659199482292451,11.881188118811878,11.881188118811878,50.526315789473685,48.0,0.23514851485148508,3.0224999999999995,3.0224999999999995,5.0,0.6044999999999999,0,0,0,0,4021.044530341076,40.21044530341076,6981.060111711864,506.5645694280778,50.77782398957282,96.8608414239482,0,0,87
06ac6393eee7a87a46f65b36cf9d1863821846f32cd08b7f9dd84710f2fa08a1,2,1,20280826,0.8,5.0,none,wa_mcbr_none,1000101000001101000000100000000000000000000001000000000000001000001100001110010000000001000000000000,1,1,242.67663890373944,1000101000001101000000100000000000000000000001000000000000001000001100001110010000000001000000000000,0.0,242.67663890373944,,,0.028815041994675994,574,63,0,True,21812,45920,67732,100,16,0.16,242.62074831991976,242.62074831991976,0.0,14.85148514851485,14.85148514851485,50.526315789473685,48.0,0.2939356435643564,3.75375,3.75375,5.0,0.75075,0,0,0,0,3968.349306408941,39.68349306408941,6729.318698427121,572.7562780785503,57.41865169508545,124.07537248028046,0,0,84
06ac6393eee7a87a46f65b36cf9d1863821846f32cd08b7f9dd84710f2fa08a1,2,1,20280826,0.8,13.0,hard,wa_mcbr_hard,1000101000001101000000100000000000000000000001000000000000001000001100001110010000000001000000000000,1,1,242.67663890373944,1000101000001101000000100000000000000000000001000000000000001000001100001110010000000001000000000000,0.0,242.67663890373944,242.6766389037394,2.3423523219041963e-14,0.027819499955512583,574,63,0,True,21812,45920,67732,100,16,0.16,242.62074831991976,242.62074831991976,0.0,14.85148514851485,14.85148514851485,50.526315789473685,48.0,0.2939356435643564,3.75375,3.75375,13.0,0.28875,0,0,0,0,3968.349306408941,39.68349306408941,6729.318698427121,572.7562780785503,57.41865169508545,124.07537248028046,0,0,84
06ac6393eee7a87a46f65b36cf9d1863821846f32cd08b7f9dd84710f2fa08a1,2,1,20280826,0.8,13.0,soft,wa_mcbr_soft,1000101000001101000000100000000000000000000001000000000000001000001100001110010000000001000000000000,1,1,242.67663890373944,1000101000001101000000100000000000000000000001000000000000001000001100001110010000000001000000000000,0.0,242.67663890373944,,,0.040917832986451685,574,63,0,True,21812,45920,67732,100,16,0.16,242.68563650493178,242.62074831991976,0.06488818501203293,14.85148514851485,14.85148514851485,50.526315789473685,48.0,0.2939356435643564,3.75375,3.75375,13.0,0.28875,0,0,0,0,3968.349306408941,39.68349306408941,6729.318698427121,572.7562780785503,57.41865169508545,124.07537248028046,0,0,84
06ac6393eee7a87a46f65b36cf9d1863821846f32cd08b7f9dd84710f2fa08a1,2,1,20280826,0.8,13.0,none,wa_mcbr_none,1000101000001101000000100000000000000000000001000000000000001000001100001110010000000001000000000000,1,1,242.67663890373944,1000101000001101000000100000000000000000000001000000000000001000001100001110010000000001000000000000,0.0,242.67663890373944,,,0.02760566701181233,574,63,0,True,21812,45920,67732,100,16,0.16,242.62074831991976,242.62074831991976,0.0,14.85148514851485,14.85148514851485,50.526315789473685,48.0,0.2939356435643564,3.75375,3.75375,13.0,0.28875,0,0,0,0,3968.349306408941,39.68349306408941,6729.318698427121,572.7562780785503,57.41865169508545,124.07537248028046,0,0,84
06ac6393eee7a87a46f65b36cf9d1863821846f32cd08b7f9dd84710f2fa08a1,2,1,20280826,1.0,1.5,hard,wa_mcbr_hard,1000000000001000000000000000000000000000100001000000000000000000000000000000010000000000000001000000,1,0,inf,1000000000000000000000000000000000000000100001000000000000000000000000000000010000000000000001000000,0.01,253.9007452405646,249.1184413911982,1.919690819619654,0.005253250012174249,100,0,0,True,3800,8000,11800,100,6,0.06,253.15953944536335,253.15953944536335,0.0,5.693069306930693,5.693069306930693,63.15789473684211,60.0,0.09014026402640263,1.44625,1.44625,1.5,0.9641666666666667,0,0,0,0,4266.736916590132,42.66736916590132,8111.007355654227,344.71847196674645,34.5592757043886,44.76762638857401,0,94,0
06ac6393eee7a87a46f65b36cf9d1863821846f32cd08b7f9dd84710f2fa08a1,2,1,20280826,1.0,1.5,soft,wa_mcbr_soft,1000001000000000000000000000000000000000100001000000000000000000000000000010000000000000000000000000,1,1,252.52731348619764,1000001000000000000000000000000000000000100001000000000000000000000000000010000000000000000000000000,0.0,252.52731348619764,,,0.04541862499900162,642,54,0,True,24396,51360,75756,100,5,0.05,253.5562627503172,252.52399356737888,1.0322691829383026,4.455445544554455,4.455445544554455,63.15789473684211,60.0,0.07054455445544554,1.17,1.17,1.5,0.7799999999999999,0,0,0,0,4252.78157752143,42.5278157752143,8049.779153611133,357.34080388656815,35.830722226603456,38.97470039946738,0,0,95
06ac6393eee7a87a46f65b36cf9d1863821846f32cd08b7f9dd84710f2fa08a1,2,1,20280826,1.0,1.5,none,wa_mcbr_none,1000101000001101000000100000000000000000000001000000000000101000001100001110010000000001000001000000,1,0,inf,0000000000000000000000000000000000000000000001000000000000000000001000001110000000000000000000000000,0.13,249.11844139119822,,,0.03945620800368488,786,69,0,True,29868,62880,92748,100,18,0.18,242.10670643992563,242.10670643992563,0.0,16.584158415841582,16.584158415841582,63.15789473684211,60.0,0.262582508250825,4.1925,4.1925,1.5,2.795,0,1,0,1,3940.512917604333,39.40512917604333,6596.297811765314,608.363332330851,60.98954251744775,109.020979020979,0,0,82
06ac6393eee7a87a46f65b36cf9d1863821846f32cd08b7f9dd84710f2fa08a1,2,1,20280826,1.0,2.0,hard,wa_mcbr_hard,1000000000001000000000000000000000000000100001000000100000000000000000000000010000000000000001010000,1,0,inf,1000000000001000000000000000000000000000100001000000000000000000000000000000010000000000000001010000,0.01,252.52928046336467,246.6299506866957,2.3919762219646743,0.005326958955265582,100,0,0,True,3800,8000,11800,100,8,0.08,252.0447703934468,252.0447703934468,0.0,7.673267326732673,7.673267326732673,63.15789473684211,60.0,0.12149339933993399,1.93375,1.93375,2.0,0.966875,0,0,0,0,4234.500205241294,42.34500205241294,7959.92727447966,407.95181153646064,40.90930995747058,54.573843625264146,0,92,0
06ac6393eee7a87a46f65b36cf9d1863821846f32cd08b7f9dd84710f2fa08a1,2,1,20280826,1.0,2.0,soft,wa_mcbr_soft,0000000000000000000000000000000000000000000001000000000000001000001000001110000000000000000000000000,1,1,247.69006944356445,0000000000000000000000000000000000000000000001000000000000001000001000001110000000000000000000000000,0.0,247.69006944356445,,,0.0535112910438329,757,57,0,True,28766,60560,89326,100,6,0.06,248.4700166658967,247.68411136330778,0.7859053025889411,5.693069306930693,5.693069306930693,63.15789473684211,60.0,0.09014026402640263,1.44625,1.44625,2.0,0.723125,0,0,0,0,4154.8619572344,41.548619572343995,7607.0197659733885,365.5585793446616,36.62766223141074,44.76762638857401,0,0,94
06ac6393eee7a87a46f65b36cf9d1863821846f32cd08b7f9dd84710f2fa08a1,2,1,20280826,1.0,2.0,none,wa_mcbr_none,1000101000001101000000100000000000000000000001000000000000101000001100001110010000000001000001000000,1,0,inf,0000100000000000000000000000000000000000000001000000000000001000001000001110000000000000000000000000,0.11,246.92713196680552,,,0.037448666989803314,786,69,0,True,29868,62880,92748,100,18,0.18,242.10670643992563,242.10670643992563,0.0,16.584158415841582,16.584158415841582,63.15789473684211,60.0,0.262582508250825,4.1925,4.1925,2.0,2.09625,0,1,0,1,3940.512917604333,39.40512917604333,6596.297811765314,608.363332330851,60.98954251744775,109.020979020979,0,0,82
06ac6393eee7a87a46f65b36cf9d1863821846f32cd08b7f9dd84710f2fa08a1,2,1,20280826,1.0,3.0,hard,wa_mcbr_hard,1000000000001000000001000000000000000001100001000000100000010010000000000000010000000000000001010000,1,0,inf,1000000000001000000000000000000000000000100001000000100000010010000000000000010000000000000001010000,0.02,251.38264412752218,243.8204535167561,3.1015407041093037,0.005379125010222197,100,0,0,True,3800,8000,11800,100,12,0.12,250.90879276085192,250.90879276085192,0.0,11.63366336633663,11.63366336633663,63.15789473684211,60.0,0.18419966996699663,2.9899999999999993,2.9899999999999993,3.0,0.9966666666666665,0,0,0,0,4180.128313215556,41.80128313215556,7701.025190188895,500.9118998635843,52.099182407949755,76.44753476611882,0,88,0
06ac6393eee7a87a46f65b36cf9d1863821846f32cd08b7f9dd84710f2fa08a1,2,1,20280826,1.0,3.0,soft,wa_mcbr_soft,0000001000000000000000100000000000000000000001000000000000001000001000001110000000000001000000000000,1,1,245.2039481946198,0000001000000000000000100000000000000000000001000000000000001000001000001110000000000001000000000000,0.0,245.2039481946198,,,0.04524574999231845,642,62,0,True,24396,51360,75756,100,9,0.09,246.1630194150584,245.1930142336781,0.9700051813802744,8.168316831683168,8.168316831683168,63.15789473684211,60.0,0.1293316831683168,2.09625,2.09625,3.0,0.69875,0,0,0,0,4093.528853704852,40.93528853704852,7322.782295301411,423.84799516118926,42.47725571226377,57.13574982231698,0,0,91
06ac6393eee7a87a46f65b36cf9d1863821846f32cd08b7f9dd84710f2fa08a1,2,1,20280826,1.0,3.0,none,wa_mcbr_none,1000101000001101000000100000000000000000000001000000000000101000001100001110010000000001000001000000,1,0,inf,1000101000000000000000100000000000000000000001000000000000001000001000001110000000000000000001000000,0.07,244.15129279997274,,,0.0374837500276044,786,69,0,True,29868,62880,92748,100,18,0.18,242.10670643992563,242.10670643992563,0.0,16.584158415841582,16.584158415841582,63.15789473684211,60.0,0.262582508250825,4.1925,4.1925,3.0,1.3975,0,1,0,1,3940.512917604333,39.40512917604333,6596.297811765314,608.363332330851,60.98954251744775,109.020979020979,0,0,82
06ac6393eee7a87a46f65b36cf9d1863821846f32cd08b7f9dd84710f2fa08a1,2,1,20280826,1.0,5.0,hard,wa_mcbr_hard,1000101000001101000000100000000000000000000001000000000000101000001100001110010000000001000001000000,1,1,242.16168343556396,1000101000001101000000100000000000000000000001000000000000101000001100001110010000000001000001000000,0.0,242.16168343556396,242.15986720053158,0.0007500148779298503,0.038575541926547885,750,31,0,True,28500,60000,88500,100,18,0.18,242.10670643992563,242.10670643992563,0.0,16.584158415841582,16.584158415841582,63.15789473684211,60.0,0.262582508250825,4.1925,4.1925,5.0,0.8385,0,0,0,0,3940.512917604333,39.40512917604333,6596.297811765314,608.363332330851,60.98954251744775,109.020979020979,0,0,82
06ac6393eee7a87a46f65b36cf9d1863821846f32cd08b7f9dd84710f2fa08a1,2,1,20280826,1.0,5.0,soft,wa_mcbr_soft,1000101000000000000100100000000000000000000001000000000000001000001100001110000000000001000000000000,1,1,243.03792350080354,1000101000000000000100100000000000000000000001000000000000001000001100001110000000000001000000000000,0.0,243.03792350080354,,,0.041376707958988845,578,64,0,True,21964,46240,68204,100,13,0.13,243.67207839444518,243.01287891215273,0.659199482292451,11.881188118811878,11.881188118811878,63.15789473684211,60.0,0.18811881188118804,3.0224999999999995,3.0224999999999995,5.0,0.6044999999999999,0,0,0,0,4017.704767363167,40.17704767363167,6966.670794168064,514.747583283026,51.59955138961922,77.92682926829265,0,0,87
06ac6393eee7a87a46f65b36cf9d1863821846f32cd08b7f9dd84710f2fa08a1,2,1,20280826,1.0,5.0,none,wa_mcbr_none,1000101000001101000000100000000000000000000001000000000000101000001100001110010000000001000001000000,1,1,242.16168343556396,1000101000001101000000100000000000000000000001000000000000101000001100001110010000000001000001000000,0.0,242.16168343556396,,,0.03724779200274497,786,69,0,True,29868,62880,92748,100,18,0.18,242.10670643992563,242.10670643992563,0.0,16.584158415841582,16.584158415841582,63.15789473684211,60.0,0.262582508250825,4.1925,4.1925,5.0,0.8385,0,0,0,0,3940.512917604333,39.40512917604333,6596.297811765314,608.363332330851,60.98954251744775,109.020979020979,0,0,82
06ac6393eee7a87a46f65b36cf9d1863821846f32cd08b7f9dd84710f2fa08a1,2,1,20280826,1.0,13.0,hard,wa_mcbr_hard,1000101000001101000000100000000000000000000001000000000000101000001100001110010000000001000001000000,1,1,242.16168343556396,1000101000001101000000100000000000000000000001000000000000101000001100001110010000000001000001000000,0.0,242.16168343556396,242.15986720053158,0.0007500148779298503,0.03742987499572337,786,69,0,True,29868,62880,92748,100,18,0.18,242.10670643992563,242.10670643992563,0.0,16.584158415841582,16.584158415841582,63.15789473684211,60.0,0.262582508250825,4.1925,4.1925,13.0,0.3225,0,0,0,0,3940.512917604333,39.40512917604333,6596.297811765314,608.363332330851,60.98954251744775,109.020979020979,0,0,82
06ac6393eee7a87a46f65b36cf9d1863821846f32cd08b7f9dd84710f2fa08a1,2,1,20280826,1.0,13.0,soft,wa_mcbr_soft,1000101000001101000000100000000000000000000001000000000000001000001100001110010000000001000001000000,1,1,242.17126096120654,1000101000001101000000100000000000000000000001000000000000001000001100001110010000000001000001000000,0.0,242.17126096120654,,,0.05269979196600616,750,68,0,True,28500,60000,88500,100,17,0.17,242.2004158501873,242.12268204936242,0.07773380082487755,15.594059405940593,15.594059405940593,63.15789473684211,60.0,0.24690594059405938,3.94875,3.94875,13.0,0.30375,0,0,0,0,3953.810027840527,39.53810027840527,6661.010195088433,592.743674509223,59.42324049604508,101.96384552177484,0,0,83
06ac6393eee7a87a46f65b36cf9d1863821846f32cd08b7f9dd84710f2fa08a1,2,1,20280826,1.0,13.0,none,wa_mcbr_none,1000101000001101000000100000000000000000000001000000000000101000001100001110010000000001000001000000,1,1,242.16168343556396,1000101000001101000000100000000000000000000001000000000000101000001100001110010000000001000001000000,0.0,242.16168343556396,,,0.037554041016846895,786,69,0,True,29868,62880,92748,100,18,0.18,242.10670643992563,242.10670643992563,0.0,16.584158415841582,16.584158415841582,63.15789473684211,60.0,0.262582508250825,4.1925,4.1925,13.0,0.3225,0,0,0,0,3940.512917604333,39.40512917604333,6596.297811765314,608.363332330851,60.98954251744775,109.020979020979,0,0,82
06ac6393eee7a87a46f65b36cf9d1863821846f32cd08b7f9dd84710f2fa08a1,2,2,20280923,0.2,1.5,hard,wa_mcbr_hard,0000101000000000000000100100000000000010000001000000000000000000000000000000000000000000000000000000,1,0,inf,0000100000000000000000100100000000000010000001000000000000000000000000000000000000000000000000000000,0.01,253.50737602835218,249.4978937532301,1.607020490156011,0.005319249932654202,100,0,0,True,3800,8000,11800,100,6,0.06,253.27334779111365,253.27334779111365,0.0,5.198019801980197,5.198019801980197,12.631578947368421,12.0,0.41150990099009893,1.41375,1.41375,1.5,0.9425,0,0,0,0,4240.250106087532,42.40250106087532,7985.068769359565,446.86836474641825,44.79489326069121,194.81598317560454,0,94,0
06ac6393eee7a87a46f65b36cf9d1863821846f32cd08b7f9dd84710f2fa08a1,2,2,20280923,0.2,1.5,soft,wa_mcbr_soft,0000000000000000000000000000000000000010000001000000000000000000000000001110000000000000000000000000,1,1,250.58580819158692,0000000000000000000000000000000000000010000001000000000000000000000000001110000000000000000000000000,0.0,250.58580819158692,,,0.0776433750288561,1040,17,0,True,39520,83200,122720,100,5,0.05,251.33800245759613,250.5420696671154,0.7959327904807306,4.207920792079208,4.207920792079208,12.631578947368421,12.0,0.3331270627062706,1.12125,1.12125,1.5,0.7475,0,0,0,0,4212.8005448165995,42.12800544816599,7869.727917447432,255.22495465924356,25.583489486552846,144.88400866068665,0,0,95
06ac6393eee7a87a46f65b36cf9d1863821846f32cd08b7f9dd84710f2fa08a1,2,2,20280923,0.2,1.5,none,wa_mcbr_none,0000000000000000000010100000000000000000000001000000000000000000001000001110000000000000000000000000,1,0,inf,0000000000000000000000000000000000000000000001000000000000000000001000001110000000000000000000000000,0.02,249.49789375323016,,,0.03318966703955084,691,17,0,True,26258,55280,81538,100,7,0.07,248.57737852110495,248.57737852110495,0.0,6.683168316831682,6.683168316831682,12.631578947368421,12.0,0.5290841584158414,1.69,1.69,1.5,1.1266666666666667,0,1,0,1,4137.154509048374,41.37154509048374,7517.065408505035,378.33515783980096,37.91550071914834,300.88042049934285,0,0,93
06ac6393eee7a87a46f65b36cf9d1863821846f32cd08b7f9dd84710f2fa08a1,2,2,20280923,0.2,2.0,hard,wa_mcbr_hard,0000000000000000000010100100000000000000000001000000000000000000001000001010000000000000000000000000,1,0,inf,0000000000000000000010000100000000000000000001000000000000000000001000001010000000000000000000000000,0.01,249.83135099860434,248.51220348240398,0.5308180031866172,0.013504666974768043,298,9,0,True,11324,23840,35164,100,7,0.07,249.70419841685518,249.70419841685518,0.0,7.1782178217821775,7.1782178217821775,12.631578947368421,12.0,0.5682755775577557,1.8199999999999998,1.8199999999999998,2.0,0.9099999999999999,0,0,0,0,4138.281235819859,41.38281235819859,7517.144364930817,491.1034448818606,49.194990116657664,349.0731008122312,0,90,3
06ac6393eee7a87a46f65b36cf9d1863821846f32cd08b7f9dd84710f2fa08a1,2,2,20280923,0.2,2.0,soft,wa_mcbr_soft,0000000000000000000000000100000000000000000001000000000000000000001000001110000000000000000000000000,1,1,248.54053554234585,0000000000000000000000000100000000000000000001000000000000000000001000001110000000000000000000000000,0.0,248.54053554234585,,,0.06024933303706348,691,18,0,True,26258,55280,81538,100,6,0.06,249.51403808686956,248.42632106324768,1.0877170236218705,5.9405940594059405,5.9405940594059405,12.631578947368421,12.0,0.47029702970297027,1.5275,1.5275,2.0,0.76375,0,0,0,0,4138.884072278955,41.388840722789546,7527.8636794146605,438.7160963366758,43.94656911010106,241.96261682242988,0,0,94
06ac6393eee7a87a46f65b36cf9d1863821846f32cd08b7f9dd84710f2fa08a1,2,2,20280923,0.2,2.0,none,wa_mcbr_none,0000000000000000000010100000000000000000000001000000000000000000001000001110000000000000000000000000,1,1,248.7179648889043,0000000000000000000010100000000000000000000001000000000000000000001000001110000000000000000000000000,0.0,248.7179648889043,,,0.03297049994580448,691,17,0,True,26258,55280,81538,100,7,0.07,248.57737852110495,248.57737852110495,0.0,6.683168316831682,6.683168316831682,12.631578947368421,12.0,0.5290841584158414,1.69,1.69,2.0,0.845,0,0,0,0,4137.154509048374,41.37154509048374,7517.065408505035,378.33515783980096,37.91550071914834,300.88042049934285,0,0,93
06ac6393eee7a87a46f65b36cf9d1863821846f32cd08b7f9dd84710f2fa08a1,2,2,20280923,0.2,3.0,hard,wa_mcbr_hard,0000000000000000000010100000000000000000000001000000000000000000001000001110000000000000000000000000,1,1,248.7179648889043,0000000000000000000010100000000000000000000001000000000000000000001000001110000000000000000000000000,0.0,248.7179648889043,248.4478416879526,0.10872430974505014,0.03689116705209017,691,17,0,True,26258,55280,81538,100,7,0.07,248.57737852110495,248.57737852110495,0.0,6.683168316831682,6.683168316831682,12.631578947368421,12.0,0.5290841584158414,1.69,1.69,3.0,0.5633333333333334,0,0,0,0,4137.154509048374,41.37154509048374,7517.065408505035,378.33515783980096,37.91550071914834,300.88042049934285,0,0,93
06ac6393eee7a87a46f65b36cf9d1863821846f32cd08b7f9dd84710f2fa08a1,2,2,20280923,0.2,3.0,soft,wa_mcbr_soft,0000000000000000000000000100000000000000000001000000000000000000001000001110000000000000000000000000,1,1,248.54053554234585,0000000000000000000000000100000000000000000001000000000000000000001000001110000000000000000000000000,0.0,248.54053554234585,,,0.05204524996224791,679,16,0,True,25802,54320,80122,100,6,0.06,248.5682277403917,248.42632106324768,0.14190667714402594,5.9405940594059405,5.9405940594059405,12.631578947368421,12.0,0.47029702970297027,1.5275,1.5275,3.0,0.5091666666666667,0,0,0,0,4138.884072278955,41.388840722789546,7527.8636794146605,438.7160963366758,43.94656911010106,241.96261682242988,0,0,94
06ac6393eee7a87a46f65b36cf9d1863821846f32cd08b7f9dd84710f2fa08a1,2,2,20280923,0.2,3.0,none,wa_mcbr_none,0000000000000000000010100000000000000000000001000000000000000000001000001110000000000000000000000000,1,1,248.7179648889043,0000000000000000000010100000000000000000000001000000000000000000001000001110000000000000000000000000,0.0,248.7179648889043,,,0.033367292024195194,691,17,0,True,26258,55280,81538,100,7,0.07,248.57737852110495,248.57737852110495,0.0,6.683168316831682,6.683168316831682,12.631578947368421,12.0,0.5290841584158414,1.69,1.69,3.0,0.5633333333333334,0,0,0,0,4137.154509048374,41.37154509048374,7517.065408505035,378.33515783980096,37.91550071914834,300.88042049934285,0,0,93
06ac6393eee7a87a46f65b36cf9d1863821846f32cd08b7f9dd84710f2fa08a1,2,2,20280923,0.2,5.0,hard,wa_mcbr_hard,0000000000000000000010100000000000000000000001000000000000000000001000001110000000000000000000000000,1,1,248.7179648889043,0000000000000000000010100000000000000000000001000000000000000000001000001110000000000000000000000000,0.0,248.7179648889043,248.4478416879526,0.10872430974505014,0.035479542100802064,691,17,0,True,26258,55280,81538,100,7,0.07,248.57737852110495,248.57737852110495,0.0,6.683168316831682,6.683168316831682,12.631578947368421,12.0,0.5290841584158414,1.69,1.69,5.0,0.33799999999999997,0,0,0,0,4137.154509048374,41.37154509048374,7517.065408505035,378.33515783980096,37.91550071914834,300.88042049934285,0,0,93
06ac6393eee7a87a46f65b36cf9d1863821846f32cd08b7f9dd84710f2fa08a1,2,2,20280923,0.2,5.0,soft,wa_mcbr_soft,0000000000000000000010100000000000000000000001000000000000000000001000001110000000000000000000000000,1,1,248.7179648889043,0000000000000000000010100000000000000000000001000000000000000000001000001110000000000000000000000000,0.0,248.7179648889043,,,0.04892970796208829,691,17,0,True,26258,55280,81538,100,7,0.07,248.61947596336108,248.57737852110495,0.04209744225612295,6.683168316831682,6.683168316831682,12.631578947368421,12.0,0.5290841584158414,1.69,1.69,5.0,0.33799999999999997,0,0,0,0,4137.154509048374,41.37154509048374,7517.065408505035,378.33515783980096,37.91550071914834,300.88042049934285,0,0,93
06ac6393eee7a87a46f65b36cf9d1863821846f32cd08b7f9dd84710f2fa08a1,2,2,20280923,0.2,5.0,none,wa_mcbr_none,0000000000000000000010100000000000000000000001000000000000000000001000001110000000000000000000000000,1,1,248.7179648889043,0000000000000000000010100000000000000000000001000000000000000000001000001110000000000000000000000000,0.0,248.7179648889043,,,0.0331607909174636,691,17,0,True,26258,55280,81538,100,7,0.07,248.57737852110495,248.57737852110495,0.0,6.683168316831682,6.683168316831682,12.631578947368421,12.0,0.5290841584158414,1.69,1.69,5.0,0.33799999999999997,0,0,0,0,4137.154509048374,41.37154509048374,7517.065408505035,378.33515783980096,37.91550071914834,300.88042049934285,0,0,93
06ac6393eee7a87a46f65b36cf9d1863821846f32cd08b7f9dd84710f2fa08a1,2,2,20280923,0.2,13.0,hard,wa_mcbr_hard,0000000000000000000010100000000000000000000001000000000000000000001000001110000000000000000000000000,1,1,248.7179648889043,0000000000000000000010100000000000000000000001000000000000000000001000001110000000000000000000000000,0.0,248.7179648889043,248.4478416879526,0.10872430974505014,0.03307316708378494,691,17,0,True,26258,55280,81538,100,7,0.07,248.57737852110495,248.57737852110495,0.0,6.683168316831682,6.683168316831682,12.631578947368421,12.0,0.5290841584158414,1.69,1.69,13.0,0.13,0,0,0,0,4137.154509048374,41.37154509048374,7517.065408505035,378.33515783980096,37.91550071914834,300.88042049934285,0,0,93
06ac6393eee7a87a46f65b36cf9d1863821846f32cd08b7f9dd84710f2fa08a1,2,2,20280923,0.2,13.0,soft,wa_mcbr_soft,0000000000000000000010100000000000000000000001000000000000000000001000001110000000000000000000000000,1,1,248.7179648889043,0000000000000000000010100000000000000000000001000000000000000000001000001110000000000000000000000000,0.0,248.7179648889043,,,0.048574207932688296,691,17,0,True,26258,55280,81538,100,7,0.07,248.5853509323311,248.57737852110495,0.007972411226143332,6.683168316831682,6.683168316831682,12.631578947368421,12.0,0.5290841584158414,1.69,1.69,13.0,0.13,0,0,0,0,4137.154509048374,41.37154509048374,7517.065408505035,378.33515783980096,37.91550071914834,300.88042049934285,0,0,93
06ac6393eee7a87a46f65b36cf9d1863821846f32cd08b7f9dd84710f2fa08a1,2,2,20280923,0.2,13.0,none,wa_mcbr_none,0000000000000000000010100000000000000000000001000000000000000000001000001110000000000000000000000000,1,1,248.7179648889043,0000000000000000000010100000000000000000000001000000000000000000001000001110000000000000000000000000,0.0,248.7179648889043,,,0.03296616696752608,691,17,0,True,26258,55280,81538,100,7,0.07,248.57737852110495,248.57737852110495,0.0,6.683168316831682,6.683168316831682,12.631578947368421,12.0,0.5290841584158414,1.69,1.69,13.0,0.13,0,0,0,0,4137.154509048374,41.37154509048374,7517.065408505035,378.33515783980096,37.91550071914834,300.88042049934285,0,0,93
06ac6393eee7a87a46f65b36cf9d1863821846f32cd08b7f9dd84710f2fa08a1,2,2,20280923,0.4,1.5,hard,wa_mcbr_hard,0000100000000000000000100100000000000010000001000000000000000000000000000000000000000000000000010000,1,0,inf,0000100000000000000000100100000000000010000001000000000000000000000000000000000000000000000000000000,0.01,253.01595876371826,249.00647648859618,1.6101919643466402,0.0052646249532699585,100,0,0,True,3800,8000,11800,100,6,0.06,252.22292115264617,252.22292115264617,0.0,5.693069306930693,5.693069306930693,25.263157894736842,24.0,0.2253506600660066,1.4949999999999999,1.4949999999999999,1.5,0.9966666666666666,0,0,0,0,4238.440835904219,42.38440835904219,7981.428864639574,380.74598314900294,38.144106595786276,92.72666755425377,0,94,0
06ac6393eee7a87a46f65b36cf9d1863821846f32cd08b7f9dd84710f2fa08a1,2,2,20280923,0.4,1.5,soft,wa_mcbr_soft,0000001000000000000000000000000000000000000001000000000000000000000000001100000000000000000000010000,1,1,251.44446933636328,0000001000000000000000000000000000000000000001000000000000000000000000001100000000000000000000010000,0.0,251.44446933636328,,,0.05555420904420316,748,34,0,True,28424,59840,88264,100,5,0.05,252.2265939028216,251.43066111234089,0.7959327904807306,4.207920792079208,4.207920792079208,25.263157894736842,24.0,0.1665635313531353,1.12125,1.12125,1.5,0.7475,0,0,0,0,4234.208400134377,42.34208400134377,7966.946310771089,291.7171509939039,29.26215421790538,69.96287588169781,0,0,95
06ac6393eee7a87a46f65b36cf9d1863821846f32cd08b7f9dd84710f2fa08a1,2,2,20280923,0.4,1.5,none,wa_mcbr_none,0000000000001000000010100100000000000000000001000000000000010000001000001110000000000000000000010000,1,0,inf,0000000000000000000000000000000000000000000001000000000000000000001000001110000000000000000000000000,0.06,249.00647648859623,,,0.03431312495376915,703,40,0,True,26714,56240,82954,100,11,0.11,245.47662594602994,245.47662594602994,0.0,10.891089108910888,10.891089108910888,25.263157894736842,24.0,0.431105610561056,2.7462499999999994,2.7462499999999994,1.5,1.8308333333333329,0,1,0,1,4039.891005276261,40.39891005276261,7063.799830897985,544.2788763901825,54.53008163483344,209.44887599709926,0,0,89
06ac6393eee7a87a46f65b36cf9d1863821846f32cd08b7f9dd84710f2fa08a1,2,2,20280923,0.4,2.0,hard,wa_mcbr_hard,0000101000000000000000100100000000000010000001000000000000000000000000000000000000000001000000010000,1,0,inf,0000100000000000000000100100000000000010000001000000000000000000000000000000000000000000000000010000,0.02,252.2436146944802,247.09841193110594,2.0822484139674637,0.005431083962321281,100,0,0,True,3800,8000,11800,100,8,0.08,251.34394829404835,251.34394829404835,0.0,7.1782178217821775,7.1782178217821775,25.263157894736842,24.0,0.28413778877887785,1.90125,1.90125,2.0,0.950625,0,0,0,0,4201.1193770508335,42.011193770508335,7805.177468579572,470.6929136622211,47.183572446591256,119.22921769197521,0,92,0
06ac6393eee7a87a46f65b36cf9d1863821846f32cd08b7f9dd84710f2fa08a1,2,2,20280923,0.4,2.0,soft,wa_mcbr_soft,0000000000000100000000000000000000000000000001000000000000000000001000001110000000000000000000000000,1,1,248.42980896523437,0000000000000100000000000000000000000000000001000000000000000000001000001110000000000000000000000000,0.0,248.42980896523437,,,0.061573749990202487,873,39,0,True,33174,69840,103014,100,6,0.06,249.19502072598928,248.40911542340035,0.7859053025889411,5.693069306930693,5.693069306930693,25.263157894736842,24.0,0.2253506600660066,1.44625,1.44625,2.0,0.723125,0,0,0,0,4164.706161355683,41.647061613556836,7650.215570948579,358.30022505972306,35.92849142985449,92.72666755425377,0,0,94
06ac6393eee7a87a46f65b36cf9d1863821846f32cd08b7f9dd84710f2fa08a1,2,2,20280923,0.4,2.0,none,wa_mcbr_none,0000000000001000000010100100000000000000000001000000000000010000001000001110000000000000000000010000,1,0,inf,0000000000000000000010100000000000000000000001000000000000000000001000001110000000000000000000000000,0.04,247.2687822156147,,,0.03440687502734363,703,40,0,True,26714,56240,82954,100,11,0.11,245.47662594602994,245.47662594602994,0.0,10.891089108910888,10.891089108910888,25.263157894736842,24.0,0.431105610561056,2.7462499999999994,2.7462499999999994,2.0,1.3731249999999997,0,1,0,1,4039.891005276261,40.39891005276261,7063.799830897985,544.2788763901825,54.53008163483344,209.44887599709926,0,0,89
06ac6393eee7a87a46f65b36cf9d1863821846f32cd08b7f9dd84710f2fa08a1,2,2,20280923,0.4,3.0,hard,wa_mcbr_hard,0000000000000000000010100100000000000000000001000000000000000000001000001110010000000001000000010000,1,0,inf,0000000000000000000010100100000000000000000001000000000000000000001000001110000000000001000000010000,0.01,245.54848843783313,245.5484884378331,1.1574784927906283e-14,0.030874166055582464,696,17,0,True,26448,55680,82128,100,11,0.11,245.43041703314887,245.43041703314887,0.0,10.891089108910888,10.891089108910888,25.263157894736842,24.0,0.431105610561056,2.7462499999999994,2.7462499999999994,3.0,0.9154166666666664,0,0,0,0,4036.0444509700988,40.36044450970099,7045.815244546024,558.2284849209407,55.93132236573822,209.44887599709926,0,34,55
06ac6393eee7a87a46f65b36cf9d1863821846f32cd08b7f9dd84710f2fa08a1,2,2,20280923,0.4,3.0,soft,wa_mcbr_soft,0000000000000000000000000100000000000000000001010000000000000000001000001110000000000000000000000000,1,1,246.77214421502816,0000000000000000000000000100000000000000000001010000000000000000001000001110000000000000000000000000,0.0,246.77214421502816,,,0.0634390419581905,873,40,0,True,33174,69840,103014,100,7,0.07,247.12171648983102,246.7278598499831,0.3938566398479034,7.1782178217821775,7.1782178217821775,25.263157894736842,24.0,0.28413778877887785,1.8525,1.8525,3.0,0.6175,0,0,0,0,4082.86502542597,40.8286502542597,7268.883608975016,690.0601288751637,69.08699643074767,119.22921769197521,0,0,93
06ac6393eee7a87a46f65b36cf9d1863821846f32cd08b7f9dd84710f2fa08a1,2,2,20280923,0.4,3.0,none,wa_mcbr_none,0000000000001000000010100100000000000000000001000000000000010000001000001110000000000000000000010000,1,0,inf,0000000000001000000010100100000000000000000001000000000000000000001000001110000000000000000000010000,0.01,245.61945293295153,,,0.03446704102680087,703,40,0,True,26714,56240,82954,100,11,0.11,245.47662594602994,245.47662594602994,0.0,10.891089108910888,10.891089108910888,25.263157894736842,24.0,0.431105610561056,2.7462499999999994,2.7462499999999994,3.0,0.9154166666666664,0,0,0,0,4039.891005276261,40.39891005276261,7063.799830897985,544.2788763901825,54.53008163483344,209.44887599709926,0,0,89
06ac6393eee7a87a46f65b36cf9d1863821846f32cd08b7f9dd84710f2fa08a1,2,2,20280923,0.4,5.0,hard,wa_mcbr_hard,0000000000000000000010100100000000000000000001000000000000010000001000001110010000000000000000010000,1,1,245.61823497870094,0000000000000000000010100100000000000000000001000000000000010000001000001110010000000000000000010000,0.0,245.61823497870094,245.4743622485302,0.05861008410526541,0.03444737498648465,703,31,0,True,26714,56240,82954,100,11,0.11,245.51205285419,245.51205285419,0.0,10.891089108910888,10.891089108910888,25.263157894736842,24.0,0.431105610561056,2.7462499999999994,2.7462499999999994,5.0,0.5492499999999999,0,0,0,0,4038.4061930258963,40.384061930258966,7056.611397504653,554.7504899934178,55.58159133196483,209.44887599709926,0,0,89
06ac6393eee7a87a46f65b36cf9d1863821846f32cd08b7f9dd84710f2fa08a1,2,2,20280923,0.4,5.0,soft,wa_mcbr_soft,0000000000000000000010100100000000000000000001000000000000010000001000001110000000000000000000010000,1,1,245.6319474452624,0000000000000000000010100100000000000000000001000000000000010000001000001110000000000000000000010000,0.0,245.6319474452624,,,0.05356233299244195,732,41,0,True,27816,58560,86376,100,10,0.1,245.77100577829742,245.55033720031787,0.22066857797955064,9.9009900990099,9.9009900990099,25.263157894736842,24.0,0.39191419141914186,2.5024999999999995,2.5024999999999995,5.0,0.5005,0,0,0,0,4054.76533772733,40.5476533772733,7135.736407480084,535.4075854874036,53.6407480084984,181.1261872455902,0,0,90
06ac6393eee7a87a46f65b36cf9d1863821846f32cd08b7f9dd84710f2fa08a1,2,2,20280923,0.4,5.0,none,wa_mcbr_none,0000000000001000000010100100000000000000000001000000000000010000001000001110000000000000000000010000,1,1,245.5828080705409,0000000000001000000010100100000000000000000001000000000000010000001000001110000000000000000000010000,0.0,245.5828080705409,,,0.03493879199959338,703,40,0,True,26714,56240,82954,100,11,0.11,245.47662594602994,245.47662594602994,0.0,10.891089108910888,10.891089108910888,25.263157894736842,24.0,0.431105610561056,2.7462499999999994,2.7462499999999994,5.0,0.5492499999999999,0,0,0,0,4039.891005276261,40.39891005276261,7063.799830897985,544.2788763901825,54.53008163483344,209.44887599709926,0,0,89
06ac6393eee7a87a46f65b36cf9d1863821846f32cd08b7f9dd84710f2fa08a1,2,2,20280923,0.4,13.0,hard,wa_mcbr_hard,0000000000001000000010100100000000000000000001000000000000010000001000001110000000000000000000010000,1,1,245.5828080705409,0000000000001000000010100100000000000000000001000000000000010000001000001110000000000000000000010000,0.0,245.5828080705409,245.4743622485302,0.04417806446967517,0.03446562506724149,703,40,0,True,26714,56240,82954,100,11,0.11,245.47662594602994,245.47662594602994,0.0,10.891089108910888,10.891089108910888,25.263157894736842,24.0,0.431105610561056,2.7462499999999994,2.7462499999999994,13.0,0.21124999999999997,0,0,0,0,4039.891005276261,40.39891005276261,7063.799830897985,544.2788763901825,54.53008163483344,209.44887599709926,0,0,89
06ac6393eee7a87a46f65b36cf9d1863821846f32cd08b7f9dd84710f2fa08a1,2,2,20280923,0.4,13.0,soft,wa_mcbr_soft,0000000000001000000010100100000000000000000001000000000000010000001000001110000000000000000000010000,1,1,245.5828080705409,0000000000001000000010100100000000000000000001000000000000010000001000001110000000000000000000010000,0.0,245.5828080705409,,,0.05061304091941565,703,40,0,True,26714,56240,82954,100,11,0.11,245.50062398478752,245.47662594602994,0.02399803875757558,10.891089108910888,10.891089108910888,25.263157894736842,24.0,0.431105610561056,2.7462499999999994,2.7462499999999994,13.0,0.21124999999999997,0,0,0,0,4039.891005276261,40.39891005276261,7063.799830897985,544.2788763901825,54.53008163483344,209.44887599709926,0,0,89
06ac6393eee7a87a46f65b36cf9d1863821846f32cd08b7f9dd84710f2fa08a1,2,2,20280923,0.4,13.0,none,wa_mcbr_none,0000000000001000000010100100000000000000000001000000000000010000001000001110000000000000000000010000,1,1,245.5828080705409,0000000000001000000010100100000000000000000001000000000000010000001000001110000000000000000000010000,0.0,245.5828080705409,,,0.03417708398774266,703,40,0,True,26714,56240,82954,100,11,0.11,245.47662594602994,245.47662594602994,0.0,10.891089108910888,10.891089108910888,25.263157894736842,24.0,0.431105610561056,2.7462499999999994,2.7462499999999994,13.0,0.21124999999999997,0,0,0,0,4039.891005276261,40.39891005276261,7063.799830897985,544.2788763901825,54.53008163483344,209.44887599709926,0,0,89
06ac6393eee7a87a46f65b36cf9d1863821846f32cd08b7f9dd84710f2fa08a1,2,2,20280923,0.6,1.5,hard,wa_mcbr_hard,0000100000000000000000100100000000000010000001000000000000000000000000000000000000000000000000010000,1,0,inf,0000100000000000000000100100000000000010000001000000000000000000000000000000000000000000000000000000,0.01,252.90080611389416,248.89132383877208,1.6109369395774367,0.0053371250396594405,100,0,0,True,3800,8000,11800,100,6,0.06,252.05175250584477,252.05175250584477,0.0,5.693069306930693,5.693069306930693,37.89473684210527,36.0,0.1502337733773377,1.4949999999999999,1.4949999999999999,1.5,0.9966666666666666,0,0,0,0,4238.269667257418,42.382696672574184,7981.428864639574,380.74598314900294,38.144106595786276,64.1985597540254,0,94,0
06ac6393eee7a87a46f65b36cf9d1863821846f32cd08b7f9dd84710f2fa08a1,2,2,20280923,0.6,1.5,soft,wa_mcbr_soft,0000100000000000000000000000000000000010000001000000000000000000000000000010000000000000000000010000,1,1,252.5437272631634,0000100000000000000000000000000000000010000001000000000000000000000000000010000000000000000000010000,0.0,252.5437272631634,,,0.046760916942730546,668,43,0,True,25384,53440,78824,100,5,0.05,253.56984626733856,252.53757708440025,1.0322691829383044,4.455445544554455,4.455445544554455,37.89473684210527,36.0,0.11757425742574255,1.1700000000000002,1.1700000000000002,1.5,0.7800000000000001,0,0,0,0,4263.436215601352,42.63436215601352,8100.117238877781,233.93316234623867,23.44777555653232,53.30995792426367,0,0,95
06ac6393eee7a87a46f65b36cf9d1863821846f32cd08b7f9dd84710f2fa08a1,2,2,20280923,0.6,1.5,none,wa_mcbr_none,0000000000001000000010100100000000000010000001000000000000010000001000001110000000000001000000010100,1,0,inf,0000000000000000000000000000000000000000000001000000000000000000001000001110000000000000000000000000,0.09,248.89132383877214,,,0.03736754204146564,769,60,0,True,29222,61520,90742,100,14,0.14,244.0589004732961,244.0589004732961,0.0,13.61386138613861,13.61386138613861,37.89473684210527,36.0,0.35925467546754664,3.4774999999999996,3.4774999999999996,1.5,2.318333333333333,0,1,0,1,3987.9906384593014,39.87990638459301,6819.256477381897,610.5892707850035,61.17695584984236,160.17061916514638,0,0,86
06ac6393eee7a87a46f65b36cf9d1863821846f32cd08b7f9dd84710f2fa08a1,2,2,20280923,0.6,2.0,hard,wa_mcbr_hard,0000100000001000000000100100000000000010000001000000000000000000000000000000000000000001000000010000,1,0,inf,0000100000000000000000100100000000000010000001000000000000000000000000000000000000000000000000010000,0.02,252.0631691420566,246.82417031766585,2.1225631256647612,0.0053522089729085565,100,0,0,True,3800,8000,11800,100,8,0.08,250.7266185487728,250.7266185487728,0.0,7.673267326732672,7.673267326732672,37.89473684210527,36.0,0.20248899889988994,1.9825,1.9825,2.0,0.99125,0,0,0,0,4202.023214723064,42.02023214723064,7812.336221997773,419.4265407882004,42.027749721540665,83.47529959479263,0,92,0
06ac6393eee7a87a46f65b36cf9d1863821846f32cd08b7f9dd84710f2fa08a1,2,2,20280923,0.6,2.0,soft,wa_mcbr_soft,0000000000000000000000000000000000000000000001010000000000000000001000001110000000000000000000000000,1,1,247.62392163849339,0000000000000000000000000000000000000000000001010000000000000000001000001110000000000000000000000000,0.0,247.62392163849339,,,0.06735224998556077,967,54,0,True,36746,77360,114106,100,6,0.06,248.69707952117022,247.60936249754835,1.0877170236218705,5.9405940594059405,5.9405940594059405,37.89473684210527,36.0,0.15676567656765675,1.5275,1.5275,2.0,0.76375,0,0,0,0,4128.187180942444,41.28187180942444,7481.139267908201,564.7193286329401,56.54465136678922,66.47749510763208,0,0,94
06ac6393eee7a87a46f65b36cf9d1863821846f32cd08b7f9dd84710f2fa08a1,2,2,20280923,0.6,2.0,none,wa_mcbr_none,0000000000001000000010100100000000000010000001000000000000010000001000001110000000000001000000010100,1,0,inf,0000000000000000000010000000000000000010000001000000000000000000001000001110000000000000000000000000,0.07,247.32002041484654,,,0.0370298339985311,769,60,0,True,29222,61520,90742,100,14,0.14,244.0589004732961,244.0589004732961,0.0,13.61386138613861,13.61386138613861,37.89473684210527,36.0,0.35925467546754664,3.4774999999999996,3.4774999999999996,2.0,1.7387499999999998,0,1,0,1,3987.9906384593014,39.87990638459301,6819.256477381897,610.5892707850035,61.17695584984236,160.17061916514638,0,0,86
06ac6393eee7a87a46f65b36cf9d1863821846f32cd08b7f9dd84710f2fa08a1,2,2,20280923,0.6,3.0,hard,wa_mcbr_hard,1000100000001100000000100100000000000010000001000000000000010000000000000000000000000001000001010000,1,0,inf,0000100000001000000000100100000000000010000001000000000000010000000000000000000000000001000001010000,0.02,249.92158420785967,244.7763688859971,2.1020065561389685,0.008428208064287901,177,2,0,True,6726,14160,20886,100,12,0.12,249.53704073036494,249.53704073036494,0.0,11.386138613861384,11.386138613861384,37.89473684210527,36.0,0.30046754675467535,2.9087499999999995,2.9087499999999995,3.0,0.9695833333333331,0,0,0,0,4126.427474611689,41.26427474611689,7452.691802811894,574.9079901327108,57.65023432453875,127.38156084136027,0,88,0
06ac6393eee7a87a46f65b36cf9d1863821846f32cd08b7f9dd84710f2fa08a1,2,2,20280923,0.6,3.0,soft,wa_mcbr_soft,0000000000000000000000000000000000000010000001010000000000000000001000001110000000000000000000010000,1,1,246.6302762390541,0000000000000000000000000000000000000010000001010000000000000000001000001110000000000000000000010000,0.0,246.6302762390541,,,0.05064779194071889,718,50,0,True,27284,57440,84724,100,8,0.08,247.1667029146523,246.60768303012782,0.5590198845244834,7.425742574257425,7.425742574257425,37.89473684210527,36.0,0.19595709570957093,1.9337499999999999,1.9337499999999999,3.0,0.6445833333333333,0,0,0,0,4098.344723572843,40.98344723572843,7340.850321303641,562.1617652303262,56.29016295515041,80.92868137506412,0,0,92
06ac6393eee7a87a46f65b36cf9d1863821846f32cd08b7f9dd84710f2fa08a1,2,2,20280923,0.6,3.0,none,wa_mcbr_none,0000000000001000000010100100000000000010000001000000000000010000001000001110000000000001000000010100,1,0,inf,0000000000000000000010100000000000000010000001000000000000000000001000001110000000000001000000010000,0.04,245.24633267743545,,,0.0367910829372704,769,60,0,True,29222,61520,90742,100,14,0.14,244.0589004732961,244.0589004732961,0.0,13.61386138613861,13.61386138613861,37.89473684210527,36.0,0.35925467546754664,3.4774999999999996,3.4774999999999996,3.0,1.1591666666666665,0,1,0,1,3987.9906384593014,39.87990638459301,6819.256477381897,610.5892707850035,61.17695584984236,160.17061916514638,0,0,86
06ac6393eee7a87a46f65b36cf9d1863821846f32cd08b7f9dd84710f2fa08a1,2,2,20280923,0.6,5.0,hard,wa_mcbr_hard,0000100000001000000010100100000000000010000001000000000000010000001000001110000000000001000000010000,1,1,244.09666859639182,0000100000001000000010100100000000000010000001000000000000010000001000001110000000000001000000010000,0.0,244.09666859639182,244.05893252574512,0.015461868269345525,0.035959749948233366,732,32,0,True,27816,58560,86376,100,14,0.14,244.01301968738684,244.01301968738684,0.0,13.118811881188115,13.118811881188115,37.89473684210527,36.0,0.34619086908690855,3.3474999999999993,3.3474999999999993,5.0,0.6694999999999999,0,0,0,0,3989.464262485371,39.89464262485371,6826.454853259451,609.3584421780758,61.06094710373946,152.37459249132394,0,0,86
06ac6393eee7a87a46f65b36cf9d1863821846f32cd08b7f9dd84710f2fa08a1,2,2,20280923,0.6,5.0,soft,wa_mcbr_soft,0000100000001000000010100000000000000010000001000000000000000000001100001110000000000001000000010000,1,1,244.30351869348175,0000100000001000000010100000000000000010000001000000000000000000001100001110000000000001000000010000,0.0,244.30351869348175,,,0.06769220891874284,938,55,0,True,35644,75040,110684,100,13,0.13,244.90397560100976,244.2447761187173,0.659199482292451,11.881188118811878,11.881188118811878,37.89473684210527,36.0,0.3135313531353134,3.0224999999999995,3.0224999999999995,5.0,0.6044999999999999,0,0,0,0,4034.8972331847485,40.348972331847484,7042.236794405268,488.68139882684466,48.984185020658515,134.18269230769224,0,0,87
06ac6393eee7a87a46f65b36cf9d1863821846f32cd08b7f9dd84710f2fa08a1,2,2,20280923,0.6,5.0,none,wa_mcbr_none,0000000000001000000010100100000000000010000001000000000000010000001000001110000000000001000000010100,1,1,244.14717259793557,0000000000001000000010100100000000000010000001000000000000010000001000001110000000000001000000010100,0.0,244.14717259793557,,,0.03678870899602771,769,60,0,True,29222,61520,90742,100,14,0.14,244.0589004732961,244.0589004732961,0.0,13.61386138613861,13.61386138613861,37.89473684210527,36.0,0.35925467546754664,3.4774999999999996,3.4774999999999996,5.0,0.6954999999999999,0,0,0,0,3987.9906384593014,39.87990638459301,6819.256477381897,610.5892707850035,61.17695584984236,160.17061916514638,0,0,86
06ac6393eee7a87a46f65b36cf9d1863821846f32cd08b7f9dd84710f2fa08a1,2,2,20280923,0.6,13.0,hard,wa_mcbr_hard,0000000000001000000010100100000000000010000001000000000000010000001000001110000000000001000000010100,1,1,244.14717259793557,0000000000001000000010100100000000000010000001000000000000010000001000001110000000000001000000010100,0.0,244.14717259793557,244.05893252574512,0.03615523155708976,0.037097582942806184,769,60,0,True,29222,61520,90742,100,14,0.14,244.0589004732961,244.0589004732961,0.0,13.61386138613861,13.61386138613861,37.89473684210527,36.0,0.35925467546754664,3.4774999999999996,3.4774999999999996,13.0,0.26749999999999996,0,0,0,0,3987.9906384593014,39.87990638459301,6819.256477381897,610.5892707850035,61.17695584984236,160.17061916514638,0,0,86
06ac6393eee7a87a46f65b36cf9d1863821846f32cd08b7f9dd84710f2fa08a1,2,2,20280923,0.6,13.0,soft,wa_mcbr_soft,0000000000001000000010100100000000000010000001000000000000010000001100001110000000000001000000010000,1,1,244.05893252574518,0000000000001000000010100100000000000010000001000000000000010000001100001110000000000001000000010000,0.0,244.05893252574518,,,0.054354374995455146,769,56,0,True,29222,61520,90742,100,14,0.14,244.02992705984488,243.9843623201368,0.04556473970809561,13.366336633663362,13.366336633663362,37.89473684210527,36.0,0.3527227722772276,3.3962499999999993,3.3962499999999993,13.0,0.2612499999999999,0,0,0,0,3989.4357665952475,39.89435766595248,6826.446569227063,603.4643443478265,60.46923050461987,156.2332695984703,0,0,86
06ac6393eee7a87a46f65b36cf9d1863821846f32cd08b7f9dd84710f2fa08a1,2,2,20280923,0.6,13.0,none,wa_mcbr_none,0000000000001000000010100100000000000010000001000000000000010000001000001110000000000001000000010100,1,1,244.14717259793557,0000000000001000000010100100000000000010000001000000000000010000001000001110000000000001000000010100,0.0,244.14717259793557,,,0.03686200000811368,769,60,0,True,29222,61520,90742,100,14,0.14,244.0589004732961,244.0589004732961,0.0,13.61386138613861,13.61386138613861,37.89473684210527,36.0,0.35925467546754664,3.4774999999999996,3.4774999999999996,13.0,0.26749999999999996,0,0,0,0,3987.9906384593014,39.87990638459301,6819.256477381897,610.5892707850035,61.17695584984236,160.17061916514638,0,0,86
06ac6393eee7a87a46f65b36cf9d1863821846f32cd08b7f9dd84710f2fa08a1,2,2,20280923,0.8,1.5,hard,wa_mcbr_hard,0000100000000000000000100100000000000010000001000000000000000000000000000000000000000000000000010000,1,0,inf,0000100000000000000000100100000000000010000001000000000000000000000000000000000000000000000000000000,0.01,252.849413150211,248.83993087508892,1.6112696467251215,0.005297041963785887,100,0,0,True,3800,8000,11800,100,6,0.06,251.97703595408532,251.97703595408532,0.0,5.693069306930693,5.693069306930693,50.526315789473685,48.0,0.1126753300330033,1.4949999999999999,1.4949999999999999,1.5,0.9966666666666666,0,0,0,0,4238.194950705659,42.38194950705659,7981.428864639574,380.74598314900294,38.144106595786276,51.74580112744813,0,94,0
06ac6393eee7a87a46f65b36cf9d1863821846f32cd08b7f9dd84710f2fa08a1,2,2,20280923,0.8,1.5,soft,wa_mcbr_soft,0000000000000000000000100100000000000000000001010000000000000000000000000000000000000000000000000000,1,1,252.5267222785301,0000000000000000000000100100000000000000000001010000000000000000000000000000000000000000000000000000,0.0,252.5267222785301,,,0.0448297499679029,615,54,0,True,23370,49200,72570,100,4,0.04,253.59298551050438,252.5219607417919,1.071024768712463,4.702970297029703,4.702970297029703,50.526315789473685,48.0,0.0930796204620462,1.21875,1.21875,1.5,0.8125,0,0,0,0,4230.340674951601,42.30340674951601,7945.456061390561,639.5105813072419,64.01534764028315,45.65815659293797,0,0,96
06ac6393eee7a87a46f65b36cf9d1863821846f32cd08b7f9dd84710f2fa08a1,2,2,20280923,0.8,1.5,none,wa_mcbr_none,0000100000001000000010100100000000000010000001000000000000010000001100001110010000000001000000010000,1,0,inf,0000000000000000000000000000000000000000000001000000000000000000001000001110000000000000000000000000,0.11,248.83993087508898,,,0.04104941594414413,863,76,0,True,32794,69040,101834,100,16,0.16,243.1886530503458,243.1886530503458,0.0,15.099009900990097,15.099009900990097,50.526315789473685,48.0,0.29883457095709565,3.835,3.835,1.5,2.5566666666666666,0,1,0,1,3955.237564382686,39.552375643826856,6664.643495389717,650.7985351151817,65.21846185726898,126.54923880267701,0,0,84
06ac6393eee7a87a46f65b36cf9d1863821846f32cd08b7f9dd84710f2fa08a1,2,2,20280923,0.8,2.0,hard,wa_mcbr_hard,0000100000001000000000100100000000000010000001000000000000000000000000000000000000000001000000010000,1,0,inf,0000100000000000000000100100000000000010000001000000000000000000000000000000000000000000000000010000,0.02,251.9848746276839,246.70910158747998,2.1384590216803137,0.005358582944609225,100,0,0,True,3800,8000,11800,100,8,0.08,250.57693617390294,250.57693617390294,0.0,7.673267326732672,7.673267326732672,50.526315789473685,48.0,0.15186674917491746,1.9825,1.9825,2.0,0.99125,0,0,0,0,4201.873532348194,42.01873532348194,7812.336221997773,419.4265407882004,42.027749721540665,64.76500273606128,0,92,0
06ac6393eee7a87a46f65b36cf9d1863821846f32cd08b7f9dd84710f2fa08a1,2,2,20280923,0.8,2.0,soft,wa_mcbr_soft,0000000000000000000010000100000000000000000001000000000000000000001000000110000000000000000000000000,1,1,248.10619109737078,0000000000000000000010000100000000000000000001000000000000000000001000000110000000000000000000000000,0.0,248.10619109737078,,,0.05651454103644937,718,62,0,True,27284,57440,84724,100,6,0.06,249.4198977685173,248.09798331951774,1.3219144489995682,6.188118811881187,6.188118811881187,50.526315789473685,48.0,0.12247318481848184,1.57625,1.57625,2.0,0.788125,0,0,0,0,4152.996164724607,41.529961647246076,7596.267045244036,444.4692084254322,44.50754067286838,54.891579009226064,0,0,94
06ac6393eee7a87a46f65b36cf9d1863821846f32cd08b7f9dd84710f2fa08a1,2,2,20280923,0.8,2.0,none,wa_mcbr_none,0000100000001000000010100100000000000010000001000000000000010000001100001110010000000001000000010000,1,0,inf,0000100000000000000000000000000000000010000001000000000000000000001000001110000000000000000000000000,0.09,247.5087694348058,,,0.04145870800130069,863,76,0,True,32794,69040,101834,100,16,0.16,243.1886530503458,243.1886530503458,0.0,15.099009900990097,15.099009900990097,50.526315789473685,48.0,0.29883457095709565,3.835,3.835,2.0,1.9175,0,1,0,1,3955.237564382686,39.552375643826856,6664.643495389717,650.7985351151817,65.21846185726898,126.54923880267701,0,0,84
06ac6393eee7a87a46f65b36cf9d1863821846f32cd08b7f9dd84710f2fa08a1,2,2,20280923,0.8,3.0,hard,wa_mcbr_hard,1000101000001100000000100100000000000010000001000000000000010000000000000000000000000001000000010000,1,0,inf,0000101000001000000000100100000000000010000001000000000000010000000000000000000000000001000000010000,0.02,249.84951947275025,244.48795774564803,2.1929757917484385,0.0054203750332817435,100,0,0,True,3800,8000,11800,100,12,0.12,249.34143561839966,249.34143561839966,0.0,11.138613861386135,11.138613861386135,50.526315789473685,48.0,0.22045173267326726,2.8762499999999998,2.8762499999999998,3.0,0.9587499999999999,0,0,0,0,4123.950841021509,41.239508410215095,7441.928364759969,605.2048671593002,60.69706333075856,90.69855129986105,0,88,0
06ac6393eee7a87a46f65b36cf9d1863821846f32cd08b7f9dd84710f2fa08a1,2,2,20280923,0.8,3.0,soft,wa_mcbr_soft,0000000000000000000010000100000000000000000001000000000000000000001000001110000000000000000000010000,1,1,245.70108191481293,0000000000000000000010000100000000000000000001000000000000000000001000001110000000000000000000010000,0.0,245.70108191481293,,,0.06327524990774691,898,70,0,True,34124,71840,105964,100,8,0.08,246.37969966789106,245.68543607114773,0.694263596743325,7.92079207920792,7.92079207920792,50.526315789473685,48.0,0.15676567656765675,2.0149999999999997,2.0149999999999997,3.0,0.6716666666666665,0,0,0,0,4095.1424697387015,40.95142469738701,7329.981658244274,476.33122223001305,47.707280534165285,66.47749510763208,0,0,92
06ac6393eee7a87a46f65b36cf9d1863821846f32cd08b7f9dd84710f2fa08a1,2,2,20280923,0.8,3.0,none,wa_mcbr_none,0000100000001000000010100100000000000010000001000000000000010000001100001110010000000001000000010000,1,0,inf,0000100000000000000010100000000000000010000001000000000000000000001000001110000000000001000000010000,0.05,244.57560775127462,,,0.041305000078864396,863,76,0,True,32794,69040,101834,100,16,0.16,243.1886530503458,243.1886530503458,0.0,15.099009900990097,15.099009900990097,50.526315789473685,48.0,0.29883457095709565,3.835,3.835,3.0,1.2783333333333333,0,1,0,1,3955.237564382686,39.552375643826856,6664.643495389717,650.7985351151817,65.21846185726898,126.54923880267701,0,0,84
06ac6393eee7a87a46f65b36cf9d1863821846f32cd08b7f9dd84710f2fa08a1,2,2,20280923,0.8,5.0,hard,wa_mcbr_hard,0000100000001000000010100000000000000010000001000000000000010000001100001110010000000001000000010100,1,1,243.27292788151394,0000100000001000000010100000000000000010000001000000000000010000001100001110010000000001000000010100,0.0,243.27292788151394,243.25396290042707,0.0077963708630845036,0.03424383397214115,691,28,0,True,26258,55280,81538,100,16,0.16,243.20761803143267,243.20761803143267,0.0,15.099009900990097,15.099009900990097,50.526315789473685,48.0,0.29883457095709565,3.835,3.835,5.0,0.767,0,0,0,0,3981.0968659211376,39.810968659211376,6786.909358232088,567.0048812684262,56.83488950552992,126.54923880267701,0,0,84
06ac6393eee7a87a46f65b36cf9d1863821846f32cd08b7f9dd84710f2fa08a1,2,2,20280923,0.8,5.0,soft,wa_mcbr_soft,0000000000001000000010100100000000000000000001000000000000000000001000001110000000000001000001010000,1,1,243.9044441687485,0000000000001000000010100100000000000000000001000000000000000000001000001110000000000001000001010000,0.0,243.9044441687485,,,0.057137500029057264,813,74,0,True,30894,65040,95934,100,12,0.12,244.40169902172423,243.86738512621696,0.5343138955072616,11.63366336633663,11.63366336633663,50.526315789473685,48.0,0.23024958745874582,2.9412499999999993,2.9412499999999993,5.0,0.5882499999999998,0,0,0,0,4021.9607263996586,40.219607263996586,6984.68366766658,568.6132677234798,56.972305548324165,94.78059891471828,0,0,88
06ac6393eee7a87a46f65b36cf9d1863821846f32cd08b7f9dd84710f2fa08a1,2,2,20280923,0.8,5.0,none,wa_mcbr_none,0000100000001000000010100100000000000010000001000000000000010000001100001110010000000001000000010000,1,1,243.25396290042707,0000100000001000000010100100000000000010000001000000000000010000001100001110010000000001000000010000,0.0,243.25396290042707,,,0.040946124936454,863,76,0,True,32794,69040,101834,100,16,0.16,243.1886530503458,243.1886530503458,0.0,15.099009900990097,15.099009900990097,50.526315789473685,48.0,0.29883457095709565,3.835,3.835,5.0,0.767,0,0,0,0,3955.237564382686,39.552375643826856,6664.643495389717,650.7985351151817,65.21846185726898,126.54923880267701,0,0,84
06ac6393eee7a87a46f65b36cf9d1863821846f32cd08b7f9dd84710f2fa08a1,2,2,20280923,0.8,13.0,hard,wa_mcbr_hard,0000100000001000000010100100000000000010000001000000000000010000001100001110010000000001000000010000,1,1,243.25396290042707,0000100000001000000010100100000000000010000001000000000000010000001100001110010000000001000000010000,0.0,243.25396290042707,243.25396290042707,0.0,0.04099941696040332,863,75,0,True,32794,69040,101834,100,16,0.16,243.1886530503458,243.1886530503458,0.0,15.099009900990097,15.099009900990097,50.526315789473685,48.0,0.29883457095709565,3.835,3.835,13.0,0.295,0,0,0,0,3955.237564382686,39.552375643826856,6664.643495389717,650.7985351151817,65.21846185726898,126.54923880267701,0,0,84
06ac6393eee7a87a46f65b36cf9d1863821846f32cd08b7f9dd84710f2fa08a1,2,2,20280923,0.8,13.0,soft,wa_mcbr_soft,0000100000001000000010100100000000000010000001000000000000010000001100001110010000000001000000010000,1,1,243.25396290042707,0000100000001000000010100100000000000010000001000000000000010000001100001110010000000001000000010000,0.0,243.25396290042707,,,0.06099470902699977,863,76,0,True,32794,69040,101834,100,16,0.16,243.25686812374525,243.1886530503458,0.06821507339945009,15.099009900990097,15.099009900990097,50.526315789473685,48.0,0.29883457095709565,3.835,3.835,13.0,0.295,0,0,0,0,3955.237564382686,39.552375643826856,6664.643495389717,650.7985351151817,65.21846185726898,126.54923880267701,0,0,84
06ac6393eee7a87a46f65b36cf9d1863821846f32cd08b7f9dd84710f2fa08a1,2,2,20280923,0.8,13.0,none,wa_mcbr_none,0000100000001000000010100100000000000010000001000000000000010000001100001110010000000001000000010000,1,1,243.25396290042707,0000100000001000000010100100000000000010000001000000000000010000001100001110010000000001000000010000,0.0,243.25396290042707,,,0.040991917019709945,863,76,0,True,32794,69040,101834,100,16,0.16,243.1886530503458,243.1886530503458,0.0,15.099009900990097,15.099009900990097,50.526315789473685,48.0,0.29883457095709565,3.835,3.835,13.0,0.295,0,0,0,0,3955.237564382686,39.552375643826856,6664.643495389717,650.7985351151817,65.21846185726898,126.54923880267701,0,0,84
06ac6393eee7a87a46f65b36cf9d1863821846f32cd08b7f9dd84710f2fa08a1,2,2,20280923,1.0,1.5,hard,wa_mcbr_hard,0000100000000000000000100100000000000010000001000000000000000000000000000000000000000000000000010000,1,0,inf,0000100000000000000000100100000000000010000001000000000000000000000000000000000000000000000000000000,0.01,252.82030641163212,248.81082413651004,1.6114581385423488,0.005279208067804575,100,0,0,True,3800,8000,11800,100,6,0.06,251.93516690565207,251.93516690565207,0.0,5.693069306930693,5.693069306930693,63.15789473684211,60.0,0.09014026402640263,1.4949999999999999,1.4949999999999999,1.5,0.9966666666666666,0,0,0,0,4238.153081657225,42.38153081657225,7981.428864639574,380.74598314900294,38.144106595786276,44.76762638857401,0,94,0
06ac6393eee7a87a46f65b36cf9d1863821846f32cd08b7f9dd84710f2fa08a1,2,2,20280923,1.0,1.5,soft,wa_mcbr_soft,0000000000000000000000100100000000000000000001010000000000000000000000000000000000000000000000000000,1,1,252.50343688766696,0000000000000000000000100100000000000000000001010000000000000000000000000000000000000000000000000000,0.0,252.50343688766696,,,0.044804290984757245,615,57,0,True,23370,49200,72570,100,4,0.04,253.57080753088994,252.49978276217746,1.071024768712463,4.702970297029703,4.702970297029703,63.15789473684211,60.0,0.07446369636963696,1.21875,1.21875,1.5,0.8125,0,0,0,0,4230.318496971987,42.303184969719865,7945.456061390561,639.5105813072419,64.01534764028315,40.113661689324715,0,0,96
06ac6393eee7a87a46f65b36cf9d1863821846f32cd08b7f9dd84710f2fa08a1,2,2,20280923,1.0,1.5,none,wa_mcbr_none,0000100000001000000010100100000000000010000001000000000000010000001100001110010000000001000000010100,1,0,inf,0000000000000000000000000000000000000000000001000000000000000000001000001110000000000000000000000000,0.12,248.8108241365101,,,0.03691254195291549,769,78,0,True,29222,61520,90742,100,17,0.17,242.72997696373932,242.72997696373932,0.0,16.336633663366335,16.336633663366335,63.15789473684211,60.0,0.2586633663366336,4.16,4.16,1.5,2.7733333333333334,0,1,0,1,3936.177963332626,39.36177963332626,6574.757910244794,679.7103050419997,68.11236734083315,107.22871452420699,0,0,83
06ac6393eee7a87a46f65b36cf9d1863821846f32cd08b7f9dd84710f2fa08a1,2,2,20280923,1.0,2.0,hard,wa_mcbr_hard,0000100000001000000000100100000000000010000001000000000000000000000000000000000000000001000000010000,1,0,inf,0000100000000000000000100100000000000010000001000000000000000000000000000000000000000000000000010000,0.02,251.94112498590874,246.64579760939273,2.146935981817173,0.005333042005077004,100,0,0,True,3800,8000,11800,100,8,0.08,250.49540690101657,250.49540690101657,0.0,7.673267326732672,7.673267326732672,63.15789473684211,60.0,0.12149339933993397,1.9825,1.9825,2.0,0.99125,0,0,0,0,4201.792003075308,42.017920030753075,7812.336221997773,419.4265407882004,42.027749721540665,54.573843625264146,0,92,0
06ac6393eee7a87a46f65b36cf9d1863821846f32cd08b7f9dd84710f2fa08a1,2,2,20280923,1.0,2.0,soft,wa_mcbr_soft,0000000000000000000000100100000000000000000001000000000000000000001000000110000000000000000000000000,1,1,248.12602100300043,0000000000000000000000100100000000000000000001000000000000000000001000000110000000000000000000000000,0.0,248.12602100300043,,,0.04849870805628598,694,65,0,True,26372,55520,81892,100,6,0.06,249.44172761201074,248.11981316301117,1.3219144489995682,6.188118811881187,6.188118811881187,63.15789473684211,60.0,0.09797854785478546,1.57625,1.57625,2.0,0.788125,0,0,0,0,4154.537413714452,41.54537413714452,7603.465928098568,442.4136814276367,44.321349761403724,47.15527098101989,0,0,94
06ac6393eee7a87a46f65b36cf9d1863821846f32cd08b7f9dd84710f2fa08a1,2,2,20280923,1.0,2.0,none,wa_mcbr_none,0000100000001000000010100100000000000010000001000000000000010000001100001110010000000001000000010100,1,0,inf,0000100000000000000000000000000000000010000001000000000000000000001000001110000000000000000000000000,0.1,247.4544854382625,,,0.036884124972857535,769,78,0,True,29222,61520,90742,100,17,0.17,242.72997696373932,242.72997696373932,0.0,16.336633663366335,16.336633663366335,63.15789473684211,60.0,0.2586633663366336,4.16,4.16,2.0,2.08,0,1,0,1,3936.177963332626,39.36177963332626,6574.757910244794,679.7103050419997,68.11236734083315,107.22871452420699,0,0,83
06ac6393eee7a87a46f65b36cf9d1863821846f32cd08b7f9dd84710f2fa08a1,2,2,20280923,1.0,3.0,hard,wa_mcbr_hard,1000101000001100000000100100000000000010000001000000000000010000000000000000000000000001000000010000,1,0,inf,0000101000001000000000100100000000000010000001000000000000010000000000000000000000000001000000010000,0.02,249.71525427849346,244.33713092985425,2.201107677810619,0.005406082957051694,100,0,0,True,3800,8000,11800,100,12,0.12,249.13542715757217,249.13542715757217,0.0,11.138613861386135,11.138613861386135,63.15789473684211,60.0,0.1763613861386138,2.8762499999999998,2.8762499999999998,3.0,0.9587499999999999,0,0,0,0,4123.744832560682,41.23744832560682,7441.928364759969,605.2048671593002,60.69706333075856,73.53117956423739,0,88,0
06ac6393eee7a87a46f65b36cf9d1863821846f32cd08b7f9dd84710f2fa08a1,2,2,20280923,1.0,3.0,soft,wa_mcbr_soft,0000000000000000000010100100000000000000000001000000000000000000001000001110000000000000000000000000,1,1,245.58620899500906,0000000000000000000010100100000000000000000001000000000000000000001000001110000000000000000000000000,0.0,245.58620899500906,,,0.052582375006750226,750,71,0,True,28500,60000,88500,100,8,0.08,246.26885477835003,245.5745911816067,0.694263596743325,7.92079207920792,7.92079207920792,63.15789473684211,60.0,0.12541254125412538,2.0149999999999997,2.0149999999999997,3.0,0.6716666666666665,0,0,0,0,4089.711005391493,40.89711005391493,7304.807138451889,508.0266173328576,50.89230648612652,55.84905660377357,0,0,92
06ac6393eee7a87a46f65b36cf9d1863821846f32cd08b7f9dd84710f2fa08a1,2,2,20280923,1.0,3.0,none,wa_mcbr_none,0000100000001000000010100100000000000010000001000000000000010000001100001110010000000001000000010100,1,0,inf,0000100000000000000010100000000000000010000001000000000000000000001000001110000000000001000000010000,0.06,244.4096982539015,,,0.03680595802143216,769,78,0,True,29222,61520,90742,100,17,0.17,242.72997696373932,242.72997696373932,0.0,16.336633663366335,16.336633663366335,63.15789473684211,60.0,0.2586633663366336,4.16,4.16,3.0,1.3866666666666667,0,1,0,1,3936.177963332626,39.36177963332626,6574.757910244794,679.7103050419997,68.11236734083315,107.22871452420699,0,0,83
06ac6393eee7a87a46f65b36cf9d1863821846f32cd08b7f9dd84710f2fa08a1,2,2,20280923,1.0,5.0,hard,wa_mcbr_hard,0000100000001000000010100100000000000010000001000000000000010000001100001110010000000001000000010100,1,1,242.78727955252262,0000100000001000000010100100000000000010000001000000000000010000001100001110010000000001000000010100,0.0,242.78727955252262,242.78445172313744,0.0011647489635816634,0.03524237498641014,678,25,0,True,25764,54240,80004,100,17,0.17,242.72997696373932,242.72997696373932,0.0,16.336633663366335,16.336633663366335,63.15789473684211,60.0,0.2586633663366336,4.16,4.16,5.0,0.8320000000000001,0,0,0,0,3936.177963332626,39.36177963332626,6574.757910244794,679.7103050419997,68.11236734083315,107.22871452420699,0,0,83
06ac6393eee7a87a46f65b36cf9d1863821846f32cd08b7f9dd84710f2fa08a1,2,2,20280923,1.0,5.0,soft,wa_mcbr_soft,0000000000001000000010100100000000000010000001000000000000010000001000001110000000000001000000010000,1,1,243.30676722483628,0000000000001000000010100100000000000010000001000000000000010000001000001110000000000001000000010000,0.0,243.30676722483628,,,0.05300808302126825,756,74,0,True,28728,60480,89208,100,13,0.13,244.09244640480534,243.28083132084708,0.8116150839582605,12.376237623762373,12.376237623762373,63.15789473684211,60.0,0.1959570957095709,3.1524999999999994,3.1524999999999994,5.0,0.6304999999999998,0,0,0,0,4005.813336286146,40.05813336286146,6909.157625349766,581.6356483285097,58.27887305901366,80.9286813750641,0,0,87
06ac6393eee7a87a46f65b36cf9d1863821846f32cd08b7f9dd84710f2fa08a1,2,2,20280923,1.0,5.0,none,wa_mcbr_none,0000100000001000000010100100000000000010000001000000000000010000001100001110010000000001000000010100,1,1,242.78727955252262,0000100000001000000010100100000000000010000001000000000000010000001100001110010000000001000000010100,0.0,242.78727955252262,,,0.03684566693846136,769,78,0,True,29222,61520,90742,100,17,0.17,242.72997696373932,242.72997696373932,0.0,16.336633663366335,16.336633663366335,63.15789473684211,60.0,0.2586633663366336,4.16,4.16,5.0,0.8320000000000001,0,0,0,0,3936.177963332626,39.36177963332626,6574.757910244794,679.7103050419997,68.11236734083315,107.22871452420699,0,0,83
06ac6393eee7a87a46f65b36cf9d1863821846f32cd08b7f9dd84710f2fa08a1,2,2,20280923,1.0,13.0,hard,wa_mcbr_hard,0000100000001000000010100100000000000010000001000000000000010000001100001110010000000001000000010100,1,1,242.78727955252262,0000100000001000000010100100000000000010000001000000000000010000001100001110010000000001000000010100,0.0,242.78727955252262,242.78445172313744,0.0011647489635816634,0.037702750065363944,769,74,0,True,29222,61520,90742,100,17,0.17,242.72997696373932,242.72997696373932,0.0,16.336633663366335,16.336633663366335,63.15789473684211,60.0,0.2586633663366336,4.16,4.16,13.0,0.32,0,0,0,0,3936.177963332626,39.36177963332626,6574.757910244794,679.7103050419997,68.11236734083315,107.22871452420699,0,0,83
06ac6393eee7a87a46f65b36cf9d1863821846f32cd08b7f9dd84710f2fa08a1,2,2,20280923,1.0,13.0,soft,wa_mcbr_soft,0000100000001000000010100100000000000010000001000000000000010000001100001110010000000001000000010000,1,1,242.78480393739915,0000100000001000000010100100000000000010000001000000000000010000001100001110010000000001000000010000,0.0,242.78480393739915,,,0.053429750027135015,750,77,0,True,28500,60000,88500,100,16,0.16,242.8087894381694,242.74057436476997,0.06821507339945009,15.099009900990097,15.099009900990097,63.15789473684211,60.0,0.2390676567656765,3.835,3.835,13.0,0.295,0,0,0,0,3954.78948569711,39.547894856971105,6664.643495389717,650.7985351151817,65.21846185726898,98.54432095418811,0,0,84
06ac6393eee7a87a46f65b36cf9d1863821846f32cd08b7f9dd84710f2fa08a1,2,2,20280923,1.0,13.0,none,wa_mcbr_none,0000100000001000000010100100000000000010000001000000000000010000001100001110010000000001000000010100,1,1,242.78727955252262,0000100000001000000010100100000000000010000001000000000000010000001100001110010000000001000000010100,0.0,242.78727955252262,,,0.03730483399704099,769,78,0,True,29222,61520,90742,100,17,0.17,242.72997696373932,242.72997696373932,0.0,16.336633663366335,16.336633663366335,63.15789473684211,60.0,0.2586633663366336,4.16,4.16,13.0,0.32,0,0,0,0,3936.177963332626,39.36177963332626,6574.757910244794,679.7103050419997,68.11236734083315,107.22871452420699,0,0,83
06ac6393eee7a87a46f65b36cf9d1863821846f32cd08b7f9dd84710f2fa08a1,2,3,20281020,0.2,1.5,hard,wa_mcbr_hard,0000001000000000000000000000000000000010000000000000000000001000000000001010000000000001000001000000,1,0,inf,0000001000000000000000000000000000000000000000000000000000001000000000001010000000000001000001000000,0.01,253.56253424616486,250.5243375888729,1.212735132455612,0.0053635420044884086,100,0,0,True,3800,8000,11800,100,7,0.07,253.38526316201512,253.38526316201512,0.0,5.445544554455445,5.445544554455445,12.631578947368421,12.0,0.43110561056105606,1.4462499999999998,1.4462499999999998,1.5,0.9641666666666665,0,0,0,0,4252.920367632655,42.52920367632655,8042.62640165594,322.03221438212194,32.34309370565632,209.4488759970993,0,93,0
06ac6393eee7a87a46f65b36cf9d1863821846f32cd08b7f9dd84710f2fa08a1,2,3,20281020,0.2,1.5,soft,wa_mcbr_soft,0000001000000000000000000000000000000000000000000000000000000000000000001110000000000001000000000000,1,1,252.97416569357273,0000001000000000000000000000000000000000000000000000000000000000000000001110000000000001000000000000,0.0,252.97416569357273,,,0.02340191591065377,306,12,0,True,11628,24480,36108,100,5,0.05,253.46040823701878,252.94436971649307,0.5160385205257219,3.9603960396039604,3.9603960396039604,12.631578947368421,12.0,0.31353135313531355,1.04,1.04,1.5,0.6933333333333334,0,0,0,0,4261.561490263676,42.615614902636764,8089.329633570776,258.1153604276418,25.926714155417578,134.18269230769232,0,0,95
06ac6393eee7a87a46f65b36cf9d1863821846f32cd08b7f9dd84710f2fa08a1,2,3,20281020,0.2,1.5,none,wa_mcbr_none,0000000000000000000000100000000000000000000001010000000000000000001000001110000000000000000000000000,1,0,inf,0000000000000000000000000000000000000000000000010000000000000000001000001110000000000000000000000000,0.02,250.6283491313917,,,0.04255716595798731,888,24,0,True,33744,71040,104784,100,7,0.07,249.22447272559344,249.22447272559344,0.0,6.93069306930693,6.93069306930693,12.631578947368421,12.0,0.5486798679867986,1.77125,1.77125,1.5,1.1808333333333334,0,1,0,1,4107.400070640578,41.074000706405776,7373.274136109946,676.0795613465502,67.73372999224952,323.9305301645337,0,0,93
06ac6393eee7a87a46f65b36cf9d1863821846f32cd08b7f9dd84710f2fa08a1,2,3,20281020,0.2,2.0,hard,wa_mcbr_hard,0000001000000000000000000000000000000000000000000000000000001000001000001110000000000001000001000000,1,1,251.2501008330413,0000001000000000000000000000000000000000000000000000000000001000001000001110000000000001000001000000,0.0,251.2501008330413,249.48135746549207,0.7089681511749368,0.011449999990873039,228,5,0,True,8664,18240,26904,100,8,0.08,251.08943069841345,251.08943069841345,0.0,6.683168316831682,6.683168316831682,12.631578947368421,12.0,0.5290841584158414,1.7225,1.7225,2.0,0.86125,0,0,0,0,4178.823167912117,41.788231679121175,7700.722865012071,402.01556851535804,40.35812650893149,300.88042049934285,0,36,56
06ac6393eee7a87a46f65b36cf9d1863821846f32cd08b7f9dd84710f2fa08a1,2,3,20281020,0.2,2.0,soft,wa_mcbr_soft,0000001000000000000000000000000000000000000000010000000000000000000000001110000000000001000000000000,1,1,251.09062566258353,0000001000000000000000000000000000000000000000010000000000000000000000001110000000000001000000000000,0.0,251.09062566258353,,,0.025713499984703958,344,15,0,True,13072,27520,40592,100,6,0.06,251.5872723038855,251.01943422539264,0.5678380784928596,5.198019801980198,5.198019801980198,12.631578947368421,12.0,0.41150990099009904,1.365,1.365,2.0,0.6825,0,0,0,0,4205.316228529496,42.05316228529496,7830.215374402223,357.8887717404486,35.895733703921415,194.81598317560466,0,0,94
06ac6393eee7a87a46f65b36cf9d1863821846f32cd08b7f9dd84710f2fa08a1,2,3,20281020,0.2,2.0,none,wa_mcbr_none,0000000000000000000000100000000000000000000001010000000000000000001000001110000000000000000000000000,1,0,inf,0000000000000000000000000000000000000000000001010000000000000000001000001110000000000000000000000000,0.01,249.48135746549212,,,0.04319270793348551,888,24,0,True,33744,71040,104784,100,7,0.07,249.22447272559344,249.22447272559344,0.0,6.93069306930693,6.93069306930693,12.631578947368421,12.0,0.5486798679867986,1.77125,1.77125,2.0,0.885625,0,0,0,0,4107.400070640578,41.074000706405776,7373.274136109946,676.0795613465502,67.73372999224952,323.9305301645337,0,0,93
06ac6393eee7a87a46f65b36cf9d1863821846f32cd08b7f9dd84710f2fa08a1,2,3,20281020,0.2,3.0,hard,wa_mcbr_hard,0000000000000000000000100000000000000000000001010000000000000000001000001110000000000000000000000000,1,1,249.41672645630217,0000000000000000000000100000000000000000000001010000000000000000001000001110000000000000000000000000,0.0,249.41672645630217,249.31565837176635,0.040538201730241016,0.04264512506779283,888,24,0,True,33744,71040,104784,100,7,0.07,249.22447272559344,249.22447272559344,0.0,6.93069306930693,6.93069306930693,12.631578947368421,12.0,0.5486798679867986,1.77125,1.77125,3.0,0.5904166666666667,0,0,0,0,4107.400070640578,41.074000706405776,7373.274136109946,676.0795613465502,67.73372999224952,323.9305301645337,0,0,93
06ac6393eee7a87a46f65b36cf9d1863821846f32cd08b7f9dd84710f2fa08a1,2,3,20281020,0.2,3.0,soft,wa_mcbr_soft,1000000000000000000000000000000000000000000001010000000000000000001000001110000000000000000000000000,1,1,249.3156583717664,1000000000000000000000000000000000000000000001010000000000000000001000001110000000000000000000000000,0.0,249.3156583717664,,,0.04889595799613744,689,20,0,True,26182,55120,81302,100,7,0.07,249.4405373473666,249.12340464105768,0.3171327063089206,6.93069306930693,6.93069306930693,12.631578947368421,12.0,0.5486798679867986,1.77125,1.77125,3.0,0.5904166666666667,0,0,0,0,4105.779050201914,41.057790502019145,7366.072024536905,673.0766415375696,67.43207670069752,323.9305301645337,0,0,93
06ac6393eee7a87a46f65b36cf9d1863821846f32cd08b7f9dd84710f2fa08a1,2,3,20281020,0.2,3.0,none,wa_mcbr_none,0000000000000000000000100000000000000000000001010000000000000000001000001110000000000000000000000000,1,1,249.41672645630217,0000000000000000000000100000000000000000000001010000000000000000001000001110000000000000000000000000,0.0,249.41672645630217,,,0.04267350002191961,888,24,0,True,33744,71040,104784,100,7,0.07,249.22447272559344,249.22447272559344,0.0,6.93069306930693,6.93069306930693,12.631578947368421,12.0,0.5486798679867986,1.77125,1.77125,3.0,0.5904166666666667,0,0,0,0,4107.400070640578,41.074000706405776,7373.274136109946,676.0795613465502,67.73372999224952,323.9305301645337,0,0,93
06ac6393eee7a87a46f65b36cf9d1863821846f32cd08b7f9dd84710f2fa08a1,2,3,20281020,0.2,5.0,hard,wa_mcbr_hard,0000000000000000000000100000000000000000000001010000000000000000001000001110000000000000000000000000,1,1,249.41672645630217,0000000000000000000000100000000000000000000001010000000000000000001000001110000000000000000000000000,0.0,249.41672645630217,249.31565837176635,0.040538201730241016,0.04238991695456207,888,24,0,True,33744,71040,104784,100,7,0.07,249.22447272559344,249.22447272559344,0.0,6.93069306930693,6.93069306930693,12.631578947368421,12.0,0.5486798679867986,1.77125,1.77125,5.0,0.35425,0,0,0,0,4107.400070640578,41.074000706405776,7373.274136109946,676.0795613465502,67.73372999224952,323.9305301645337,0,0,93
06ac6393eee7a87a46f65b36cf9d1863821846f32cd08b7f9dd84710f2fa08a1,2,3,20281020,0.2,5.0,soft,wa_mcbr_soft,0000000000000000000000100000000000000000000001010000000000000000001000001110000000000000000000000000,1,1,249.41672645630217,0000000000000000000000100000000000000000000001010000000000000000001000001110000000000000000000000000,0.0,249.41672645630217,,,0.062166166957467794,888,22,0,True,33744,71040,104784,100,7,0.07,249.27241448770008,249.22447272559344,0.04794176210664211,6.93069306930693,6.93069306930693,12.631578947368421,12.0,0.5486798679867986,1.77125,1.77125,5.0,0.35425,0,0,0,0,4107.400070640578,41.074000706405776,7373.274136109946,676.0795613465502,67.73372999224952,323.9305301645337,0,0,93
06ac6393eee7a87a46f65b36cf9d1863821846f32cd08b7f9dd84710f2fa08a1,2,3,20281020,0.2,5.0,none,wa_mcbr_none,0000000000000000000000100000000000000000000001010000000000000000001000001110000000000000000000000000,1,1,249.41672645630217,0000000000000000000000100000000000000000000001010000000000000000001000001110000000000000000000000000,0.0,249.41672645630217,,,0.042595624923706055,888,24,0,True,33744,71040,104784,100,7,0.07,249.22447272559344,249.22447272559344,0.0,6.93069306930693,6.93069306930693,12.631578947368421,12.0,0.5486798679867986,1.77125,1.77125,5.0,0.35425,0,0,0,0,4107.400070640578,41.074000706405776,7373.274136109946,676.0795613465502,67.73372999224952,323.9305301645337,0,0,93
06ac6393eee7a87a46f65b36cf9d1863821846f32cd08b7f9dd84710f2fa08a1,2,3,20281020,0.2,13.0,hard,wa_mcbr_hard,0000000000000000000000100000000000000000000001010000000000000000001000001110000000000000000000000000,1,1,249.41672645630217,0000000000000000000000100000000000000000000001010000000000000000001000001110000000000000000000000000,0.0,249.41672645630217,249.31565837176635,0.040538201730241016,0.04243695898912847,888,24,0,True,33744,71040,104784,100,7,0.07,249.22447272559344,249.22447272559344,0.0,6.93069306930693,6.93069306930693,12.631578947368421,12.0,0.5486798679867986,1.77125,1.77125,13.0,0.13625,0,0,0,0,4107.400070640578,41.074000706405776,7373.274136109946,676.0795613465502,67.73372999224952,323.9305301645337,0,0,93
06ac6393eee7a87a46f65b36cf9d1863821846f32cd08b7f9dd84710f2fa08a1,2,3,20281020,0.2,13.0,soft,wa_mcbr_soft,0000000000000000000000100000000000000000000001010000000000000000001000001110000000000000000000000000,1,1,249.41672645630217,0000000000000000000000100000000000000000000001010000000000000000001000001110000000000000000000000000,0.0,249.41672645630217,,,0.06269837496802211,888,24,0,True,33744,71040,104784,100,7,0.07,249.23285389108392,249.22447272559344,0.008381165490468221,6.93069306930693,6.93069306930693,12.631578947368421,12.0,0.5486798679867986,1.77125,1.77125,13.0,0.13625,0,0,0,0,4107.400070640578,41.074000706405776,7373.274136109946,676.0795613465502,67.73372999224952,323.9305301645337,0,0,93
06ac6393eee7a87a46f65b36cf9d1863821846f32cd08b7f9dd84710f2fa08a1,2,3,20281020,0.2,13.0,none,wa_mcbr_none,0000000000000000000000100000000000000000000001010000000000000000001000001110000000000000000000000000,1,1,249.41672645630217,0000000000000000000000100000000000000000000001010000000000000000001000001110000000000000000000000000,0.0,249.41672645630217,,,0.042567791999317706,888,24,0,True,33744,71040,104784,100,7,0.07,249.22447272559344,249.22447272559344,0.0,6.93069306930693,6.93069306930693,12.631578947368421,12.0,0.5486798679867986,1.77125,1.77125,13.0,0.13625,0,0,0,0,4107.400070640578,41.074000706405776,7373.274136109946,676.0795613465502,67.73372999224952,323.9305301645337,0,0,93
06ac6393eee7a87a46f65b36cf9d1863821846f32cd08b7f9dd84710f2fa08a1,2,3,20281020,0.4,1.5,hard,wa_mcbr_hard,0000001000000000000000000000000000000010000000000000000000001000000000001010000000000001000001000000,1,0,inf,0000001000000000000000000000000000000000000000000000000000001000000000001010000000000001000001000000,0.01,252.9262158308538,249.97366861152688,1.1811432923022605,0.005324375000782311,100,0,0,True,3800,8000,11800,100,7,0.07,252.53999139553636,252.53999139553636,0.0,5.445544554455445,5.445544554455445,25.263157894736842,24.0,0.21555280528052803,1.4462499999999998,1.4462499999999998,1.5,0.9641666666666665,0,0,0,0,4252.075095866176,42.52075095866176,8042.62640165594,322.03221438212194,32.34309370565632,88.69576650013147,0,93,0
06ac6393eee7a87a46f65b36cf9d1863821846f32cd08b7f9dd84710f2fa08a1,2,3,20281020,0.4,1.5,soft,wa_mcbr_soft,0000000000000000000000000000000000000000000000010000000000000000001000001110000000000000000000000000,1,1,250.13693186675778,0000000000000000000000000000000000000000000000010000000000000000001000001110000000000000000000000000,0.0,250.13693186675778,,,0.048583040945231915,678,30,0,True,25764,54240,80004,100,5,0.05,251.3497095425318,250.12207055481235,1.2276389877194545,4.702970297029703,4.702970297029703,25.263157894736842,24.0,0.1861592409240924,1.2025,1.2025,1.5,0.8016666666666666,0,0,0,0,4201.7398968277475,42.017398968277476,7819.375831727642,350.7939644597138,35.16634552855153,77.18540108984918,0,0,95
06ac6393eee7a87a46f65b36cf9d1863821846f32cd08b7f9dd84710f2fa08a1,2,3,20281020,0.4,1.5,none,wa_mcbr_none,1000100000000000000000100000000000000000100001010000000000000000001000001110000000000001000000000000,1,0,inf,0000000000000000000000000000000000000000000000010000000000000000001000001110000000000000000000000000,0.06,250.13693186675778,,,0.04127729102037847,879,40,0,True,33402,70320,103722,100,11,0.11,246.31817932464045,246.31817932464045,0.0,10.396039603960393,10.396039603960393,25.263157894736842,24.0,0.4115099009900989,2.6487499999999997,2.6487499999999997,1.5,1.7658333333333331,0,1,0,1,4027.0506347107416,40.270506347107414,6999.172274812361,700.6962632554254,70.20680112370835,194.81598317560452,0,0,89
06ac6393eee7a87a46f65b36cf9d1863821846f32cd08b7f9dd84710f2fa08a1,2,3,20281020,0.4,2.0,hard,wa_mcbr_hard,0000001000001000000000000000000000000010000000000000100000001000000000001010000000000001000001000000,1,0,inf,0000001000001000000000000000000000000010000000000000000000001000000000001010000000000001000001000000,0.01,251.98280853662172,248.03597673780362,1.5912335987413038,0.005368542042560875,100,0,0,True,3800,8000,11800,100,9,0.09,251.54459731503522,251.54459731503522,0.0,7.425742574257425,7.425742574257425,25.263157894736842,24.0,0.2939356435643564,1.93375,1.93375,2.0,0.966875,0,0,0,0,4222.238404248909,42.2223840424891,7902.313411202885,346.8584329540758,34.823466987095124,124.07537248028046,0,91,0
06ac6393eee7a87a46f65b36cf9d1863821846f32cd08b7f9dd84710f2fa08a1,2,3,20281020,0.4,2.0,soft,wa_mcbr_soft,0000000000000000000000000000000000000000000000010000000000000000101000001110000000000000000000000000,1,1,249.14936185206287,0000000000000000000000000000000000000000000000010000000000000000101000001110000000000000000000000000,0.0,249.14936185206287,,,0.051905166008509696,734,31,0,True,27892,58720,86612,100,6,0.06,250.21039190876735,249.12267488514547,1.0877170236218705,5.9405940594059405,5.9405940594059405,25.263157894736842,24.0,0.23514851485148514,1.5275,1.5275,2.0,0.76375,0,0,0,0,4125.899522168849,41.258995221688494,7463.29246625529,819.7261867176003,82.0777092149648,96.86084142394822,0,0,94
06ac6393eee7a87a46f65b36cf9d1863821846f32cd08b7f9dd84710f2fa08a1,2,3,20281020,0.4,2.0,none,wa_mcbr_none,1000100000000000000000100000000000000000100001010000000000000000001000001110000000000001000000000000,1,0,inf,0000100000000000000000000000000000000000100000010000000000000000001000001110000000000000000000000000,0.04,248.78648609773367,,,0.041737457970157266,879,40,0,True,33402,70320,103722,100,11,0.11,246.31817932464045,246.31817932464045,0.0,10.396039603960393,10.396039603960393,25.263157894736842,24.0,0.4115099009900989,2.6487499999999997,2.6487499999999997,2.0,1.3243749999999999,0,1,0,1,4027.0506347107416,40.270506347107414,6999.172274812361,700.6962632554254,70.20680112370835,194.81598317560452,0,0,89
06ac6393eee7a87a46f65b36cf9d1863821846f32cd08b7f9dd84710f2fa08a1,2,3,20281020,0.4,3.0,hard,wa_mcbr_hard,0000000000001000000000100000000000000000100000010000000000001000001100001110000000000001000001000000,1,0,inf,0000000000000000000000100000000000000000100000010000000000001000001100001110000000000001000001000000,0.01,247.03945825713737,246.50301008837218,0.21762337448653132,0.012841417104937136,278,15,0,True,10564,22240,32804,100,12,0.12,246.9196662120352,246.9196662120352,0.0,11.138613861386137,11.138613861386137,25.263157894736842,24.0,0.4409034653465346,2.81125,2.81125,3.0,0.9370833333333333,0,0,0,0,4066.0509652501496,40.660509652501496,7179.026256750597,520.4304651826193,52.188062549692276,217.1499723298284,0,85,3
06ac6393eee7a87a46f65b36cf9d1863821846f32cd08b7f9dd84710f2fa08a1,2,3,20281020,0.4,3.0,soft,wa_mcbr_soft,0000000000000000000000100000000000000000000001010000000000000000001000001110000000000000000001000000,1,1,247.4930662633495,0000000000000000000000100000000000000000000001010000000000000000001000001110000000000000000001000000,0.0,247.4930662633495,,,0.052043166011571884,739,39,0,True,28082,59120,87202,100,8,0.08,248.0483300259762,247.43870033382143,0.6096296921547893,7.673267326732672,7.673267326732672,25.263157894736842,24.0,0.30373349834983493,1.96625,1.96625,3.0,0.6554166666666666,0,0,0,0,4091.5737894059926,40.91573789405992,7304.935114792288,667.665758403499,66.88934903607,129.05791734557843,0,0,92
06ac6393eee7a87a46f65b36cf9d1863821846f32cd08b7f9dd84710f2fa08a1,2,3,20281020,0.4,3.0,none,wa_mcbr_none,1000100000000000000000100000000000000000100001010000000000000000001000001110000000000001000000000000,1,0,inf,1000100000000000000000100000000000000000100000010000000000000000001000001110000000000001000000000000,0.01,246.7733089765055,,,0.04164095898158848,879,40,0,True,33402,70320,103722,100,11,0.11,246.31817932464045,246.31817932464045,0.0,10.396039603960393,10.396039603960393,25.263157894736842,24.0,0.4115099009900989,2.6487499999999997,2.6487499999999997,3.0,0.8829166666666666,0,0,0,0,4027.0506347107416,40.270506347107414,6999.172274812361,700.6962632554254,70.20680112370835,194.81598317560452,0,0,89
06ac6393eee7a87a46f65b36cf9d1863821846f32cd08b7f9dd84710f2fa08a1,2,3,20281020,0.4,5.0,hard,wa_mcbr_hard,1000000000000100000000100000000000000000100001010000000000000000001000001110000000000001000000000000,1,1,246.48522402363136,1000000000000100000000100000000000000000100001010000000000000000001000001110000000000001000000000000,0.0,246.48522402363136,246.44869695949043,0.014821366309325968,0.03312987508252263,690,28,0,True,26220,55200,81420,100,11,0.11,246.36646941601757,246.36646941601757,0.0,10.643564356435641,10.643564356435641,25.263157894736842,24.0,0.42130775577557744,2.6975,2.6975,5.0,0.5395,0,0,0,0,4025.578784920109,40.255787849201084,6991.977205981105,705.1537108395843,70.6550891913919,202.00855462484395,0,0,89
06ac6393eee7a87a46f65b36cf9d1863821846f32cd08b7f9dd84710f2fa08a1,2,3,20281020,0.4,5.0,soft,wa_mcbr_soft,1000100000000000000000100000000000000000100000010000000000000000001000001110000000000001000001000000,1,1,246.59232407812001,1000100000000000000000100000000000000000100000010000000000000000001000001110000000000001000001000000,0.0,246.59232407812001,,,0.05553883395623416,784,42,0,True,29792,62720,92512,100,11,0.11,246.7208586905203,246.4717293731363,0.24912931738399952,9.9009900990099,9.9009900990099,25.263157894736842,24.0,0.39191419141914186,2.51875,2.51875,5.0,0.5037499999999999,0,0,0,0,4084.205606334543,40.84205606334543,7268.9025464352035,455.74711589464647,45.68603956389525,181.1261872455902,0,0,89
06ac6393eee7a87a46f65b36cf9d1863821846f32cd08b7f9dd84710f2fa08a1,2,3,20281020,0.4,5.0,none,wa_mcbr_none,1000100000000000000000100000000000000000100001010000000000000000001000001110000000000001000000000000,1,1,246.44869695949046,1000100000000000000000100000000000000000100001010000000000000000001000001110000000000001000000000000,0.0,246.44869695949046,,,0.041507416986860335,879,40,0,True,33402,70320,103722,100,11,0.11,246.31817932464045,246.31817932464045,0.0,10.396039603960393,10.396039603960393,25.263157894736842,24.0,0.4115099009900989,2.6487499999999997,2.6487499999999997,5.0,0.5297499999999999,0,0,0,0,4027.0506347107416,40.270506347107414,6999.172274812361,700.6962632554254,70.20680112370835,194.81598317560452,0,0,89
06ac6393eee7a87a46f65b36cf9d1863821846f32cd08b7f9dd84710f2fa08a1,2,3,20281020,0.4,13.0,hard,wa_mcbr_hard,1000100000000000000000100000000000000000100001010000000000000000001000001110000000000001000000000000,1,1,246.44869695949046,1000100000000000000000100000000000000000100001010000000000000000001000001110000000000001000000000000,0.0,246.44869695949046,246.44869695949043,1.153250545896608e-14,0.041449833079241216,879,40,0,True,33402,70320,103722,100,11,0.11,246.31817932464045,246.31817932464045,0.0,10.396039603960393,10.396039603960393,25.263157894736842,24.0,0.4115099009900989,2.6487499999999997,2.6487499999999997,13.0,0.20375,0,0,0,0,4027.0506347107416,40.270506347107414,6999.172274812361,700.6962632554254,70.20680112370835,194.81598317560452,0,0,89
06ac6393eee7a87a46f65b36cf9d1863821846f32cd08b7f9dd84710f2fa08a1,2,3,20281020,0.4,13.0,soft,wa_mcbr_soft,1000000000000000000000100000000000000000100001010000000000001000001000001110000000000001000000000000,1,1,246.46568122130284,1000000000000000000000100000000000000000100001010000000000001000001000001110000000000001000000000000,0.0,246.46568122130284,,,0.04851608304306865,689,34,0,True,26182,55120,81302,100,11,0.11,246.37021540321527,246.34692661368905,0.023288789526213226,10.643564356435641,10.643564356435641,25.263157894736842,24.0,0.42130775577557744,2.6974999999999993,2.6974999999999993,13.0,0.20749999999999996,0,0,0,0,4016.437748138971,40.164377481389714,6948.823401098754,746.8776398270201,74.85464534122116,202.00855462484395,0,0,89
06ac6393eee7a87a46f65b36cf9d1863821846f32cd08b7f9dd84710f2fa08a1,2,3,20281020,0.4,13.0,none,wa_mcbr_none,1000100000000000000000100000000000000000100001010000000000000000001000001110000000000001000000000000,1,1,246.44869695949046,1000100000000000000000100000000000000000100001010000000000000000001000001110000000000001000000000000,0.0,246.44869695949046,,,0.04144958301912993,879,40,0,True,33402,70320,103722,100,11,0.11,246.31817932464045,246.31817932464045,0.0,10.396039603960393,10.396039603960393,25.263157894736842,24.0,0.4115099009900989,2.6487499999999997,2.6487499999999997,13.0,0.20375,0,0,0,0,4027.0506347107416,40.270506347107414,6999.172274812361,700.6962632554254,70.20680112370835,194.81598317560452,0,0,89
06ac6393eee7a87a46f65b36cf9d1863821846f32cd08b7f9dd84710f2fa08a1,2,3,20281020,0.6,1.5,hard,wa_mcbr_hard,0000001000000000000000000000000000000010000000000000000000001000000000001010000000000001000001000000,1,0,inf,0000001000000000000000000000000000000000000000000000000000001000000000001010000000000001000001000000,0.01,252.78008011390466,249.84850045376567,1.1733429077279895,0.0053099580109119415,100,0,0,True,3800,8000,11800,100,7,0.07,252.35280177517754,252.35280177517754,0.0,5.445544554455445,5.445544554455445,37.89473684210527,36.0,0.14370187018701866,1.4462499999999998,1.4462499999999998,1.5,0.9641666666666665,0,0,0,0,4251.887906245817,42.518879062458176,8042.62640165594,322.03221438212194,32.34309370565632,61.95439216316041,0,93,0
06ac6393eee7a87a46f65b36cf9d1863821846f32cd08b7f9dd84710f2fa08a1,2,3,20281020,0.6,1.5,soft,wa_mcbr_soft,0000000000000000000000100000000000000000000000000000000000001000000000001100000000000000000000010000,1,1,253.44858317738058,0000000000000000000000100000000000000000000000000000000000001000000000001100000000000000000000010000,0.0,253.44858317738058,,,0.046964333043433726,667,44,0,True,25346,53360,78706,100,5,0.05,254.23836578909817,253.44243299861745,0.79593279048073,4.455445544554455,4.455445544554455,37.89473684210527,36.0,0.11757425742574255,1.1212499999999999,1.1212499999999999,1.5,0.7474999999999999,0,0,0,0,4273.458394798307,42.734583947983076,8143.359992140929,318.36900173744385,31.998428186099847,53.30995792426367,0,0,95
06ac6393eee7a87a46f65b36cf9d1863821846f32cd08b7f9dd84710f2fa08a1,2,3,20281020,0.6,1.5,none,wa_mcbr_none,1000100000000100000000100000000000000000100000010000000000001000001100001110000000000001000001010000,1,0,inf,0000000000000000000000000000000000000000000000010000000000000000001000001110000000000000000000000000,0.1,250.02177921693368,,,0.03310133400373161,689,60,0,True,26182,55120,81302,100,15,0.15,244.82990485606248,244.82990485606248,0.0,13.861386138613858,13.861386138613858,37.89473684210527,36.0,0.3657865786578656,3.4937499999999995,3.4937499999999995,1.5,2.329166666666666,0,1,0,1,4002.0776998680794,40.020776998680795,6880.483927376425,587.6575858858656,58.92849176168836,164.18907198612303,0,0,85
06ac6393eee7a87a46f65b36cf9d1863821846f32cd08b7f9dd84710f2fa08a1,2,3,20281020,0.6,2.0,hard,wa_mcbr_hard,0000001000001000000000000000000000000010000000000000100000001000000000001010000000000001000001000000,1,0,inf,0000001000001000000000000000000000000010000000000000000000001000000000001010000000000001000001000000,0.01,251.69732889838863,247.76173512436353,1.5884590782550196,0.005420834058895707,100,0,0,True,3800,8000,11800,100,9,0.09,251.15627709508826,251.15627709508826,0.0,7.425742574257425,7.425742574257425,37.89473684210527,36.0,0.19595709570957093,1.93375,1.93375,2.0,0.966875,0,0,0,0,4221.850084028963,42.21850084028963,7902.313411202885,346.8584329540758,34.823466987095124,80.92868137506412,0,91,0
06ac6393eee7a87a46f65b36cf9d1863821846f32cd08b7f9dd84710f2fa08a1,2,3,20281020,0.6,2.0,soft,wa_mcbr_soft,0000000000000000000000100000000000000000000000010000000000000000000000001110000000000000000000010000,1,1,249.88065859091722,0000000000000000000000100000000000000000000000010000000000000000000000001110000000000000000000010000,0.0,249.88065859091722,,,0.06990508292801678,1007,51,0,True,38266,80560,118826,100,6,0.06,250.65514725729432,249.8692419547054,0.7859053025889404,5.693069306930693,5.693069306930693,37.89473684210527,36.0,0.1502337733773377,1.4462499999999998,1.4462499999999998,2.0,0.7231249999999999,0,0,0,0,4201.126596261889,42.01126596261889,7815.794669628899,323.5674838941638,32.44493814995783,64.1985597540254,0,0,94
06ac6393eee7a87a46f65b36cf9d1863821846f32cd08b7f9dd84710f2fa08a1,2,3,20281020,0.6,2.0,none,wa_mcbr_none,1000100000000100000000100000000000000000100000010000000000001000001100001110000000000001000001010000,1,0,inf,0000100000000000000000000000000000000000100000010000000000000000001000001110000000000000000000000000,0.08,248.5425667411315,,,0.033056583954021335,689,60,0,True,26182,55120,81302,100,15,0.15,244.82990485606248,244.82990485606248,0.0,13.861386138613858,13.861386138613858,37.89473684210527,36.0,0.3657865786578656,3.4937499999999995,3.4937499999999995,2.0,1.7468749999999997,0,1,0,1,4002.0776998680794,40.020776998680795,6880.483927376425,587.6575858858656,58.92849176168836,164.18907198612303,0,0,85
06ac6393eee7a87a46f65b36cf9d1863821846f32cd08b7f9dd84710f2fa08a1,2,3,20281020,0.6,3.0,hard,wa_mcbr_hard,0000001000011000000000000000000001000000000000000000100000011000000100011010000000000001000001000000,1,0,inf,0000001000011000000000000000000001000000000000000000100000001000000100001010000000000001000001000000,0.02,250.11004643503327,245.59606356961064,1.8379703647583956,0.007265958935022354,146,2,0,True,5548,11680,17228,100,13,0.13,249.84987932841173,249.84987932841173,0.0,11.881188118811878,11.881188118811878,37.89473684210527,36.0,0.3135313531353134,2.9899999999999993,2.9899999999999993,3.0,0.9966666666666665,0,0,0,0,4156.018804442119,41.560188044421196,7589.389657921471,451.879187855328,45.358301651570805,134.18269230769224,0,87,0
06ac6393eee7a87a46f65b36cf9d1863821846f32cd08b7f9dd84710f2fa08a1,2,3,20281020,0.6,3.0,soft,wa_mcbr_soft,1000000000000000000000000000000000000000000001010000000000000000001000001110000000000000000000010000,1,1,246.94567020960022,1000000000000000000000000000000000000000000001010000000000000000001000001110000000000000000000010000,0.0,246.94567020960022,,,0.0738713329192251,1085,53,0,True,41230,86800,128030,100,8,0.08,247.61615920506435,246.92189560832102,0.694263596743325,7.92079207920792,7.92079207920792,37.89473684210527,36.0,0.20902090209020896,2.0149999999999997,2.0149999999999997,3.0,0.6716666666666665,0,0,0,0,4086.4968186150577,40.86496818615058,7283.34184607796,676.0383491353684,67.7307597451135,86.06397774687063,0,0,92
06ac6393eee7a87a46f65b36cf9d1863821846f32cd08b7f9dd84710f2fa08a1,2,3,20281020,0.6,3.0,none,wa_mcbr_none,1000100000000100000000100000000000000000100000010000000000001000001100001110000000000001000001010000,1,0,inf,1000100000000000000000100000000000000000100000010000000000000000001000001110000000000001000001000000,0.04,245.7258051700055,,,0.033402750035747886,689,60,0,True,26182,55120,81302,100,15,0.15,244.82990485606248,244.82990485606248,0.0,13.861386138613858,13.861386138613858,37.89473684210527,36.0,0.3657865786578656,3.4937499999999995,3.4937499999999995,3.0,1.164583333333333,0,1,0,1,4002.0776998680794,40.020776998680795,6880.483927376425,587.6575858858656,58.92849176168836,164.18907198612303,0,0,85
06ac6393eee7a87a46f65b36cf9d1863821846f32cd08b7f9dd84710f2fa08a1,2,3,20281020,0.6,5.0,hard,wa_mcbr_hard,1000100000001100000000100000000000000000101000010000000000000000001100001110000000000001000001000000,1,1,244.9087158643127,1000100000001100000000100000000000000000101000010000000000000000001100001110000000000001000001000000,0.0,244.9087158643127,244.88053400512587,0.011508411357129123,0.03799991600681096,784,28,0,True,29792,62720,92512,100,15,0.15,244.78276695220654,244.78276695220654,0.0,14.108910891089105,14.108910891089105,37.89473684210527,36.0,0.37231848184818467,3.5749999999999993,3.5749999999999993,5.0,0.7149999999999999,0,0,0,0,4008.1126623757364,40.08112662375736,6909.240850412809,559.2196650096374,56.05669418723579,168.29116003943466,0,0,85
06ac6393eee7a87a46f65b36cf9d1863821846f32cd08b7f9dd84710f2fa08a1,2,3,20281020,0.6,5.0,soft,wa_mcbr_soft,1000100000000000000000100000000000000000101000010000000000000000001000001110000000000001000001000000,1,1,245.2940995500818,1000100000000000000000100000000000000000101000010000000000000000001000001110000000000001000001000000,0.0,245.2940995500818,,,0.07657112495508045,1083,63,0,True,41154,86640,127794,100,12,0.12,245.67668241667573,245.21954525283155,0.4571371638441779,11.138613861386135,11.138613861386135,37.89473684210527,36.0,0.2939356435643563,2.8437499999999996,2.8437499999999996,5.0,0.5687499999999999,0,0,0,0,4059.0326176428966,40.59032617642897,7153.795756839301,495.30943109440824,49.646403275029,124.07537248028041,0,0,88
06ac6393eee7a87a46f65b36cf9d1863821846f32cd08b7f9dd84710f2fa08a1,2,3,20281020,0.6,5.0,none,wa_mcbr_none,1000100000000100000000100000000000000000100000010000000000001000001100001110000000000001000001010000,1,1,244.93982139728334,1000100000000100000000100000000000000000100000010000000000001000001100001110000000000001000001010000,0.0,244.93982139728334,,,0.033291124971583486,689,60,0,True,26182,55120,81302,100,15,0.15,244.82990485606248,244.82990485606248,0.0,13.861386138613858,13.861386138613858,37.89473684210527,36.0,0.3657865786578656,3.4937499999999995,3.4937499999999995,5.0,0.6987499999999999,0,0,0,0,4002.0776998680794,40.020776998680795,6880.483927376425,587.6575858858656,58.92849176168836,164.18907198612303,0,0,85
06ac6393eee7a87a46f65b36cf9d1863821846f32cd08b7f9dd84710f2fa08a1,2,3,20281020,0.6,13.0,hard,wa_mcbr_hard,1000100000000100000000100000000000000000100000010000000000001000001100001110000000000001000001010000,1,1,244.93982139728334,1000100000000100000000100000000000000000100000010000000000001000001100001110000000000001000001010000,0.0,244.93982139728334,244.88053400512587,0.024210741126622637,0.03370670904405415,689,60,0,True,26182,55120,81302,100,15,0.15,244.82990485606248,244.82990485606248,0.0,13.861386138613858,13.861386138613858,37.89473684210527,36.0,0.3657865786578656,3.4937499999999995,3.4937499999999995,13.0,0.26874999999999993,0,0,0,0,4002.0776998680794,40.020776998680795,6880.483927376425,587.6575858858656,58.92849176168836,164.18907198612303,0,0,85
06ac6393eee7a87a46f65b36cf9d1863821846f32cd08b7f9dd84710f2fa08a1,2,3,20281020,0.6,13.0,soft,wa_mcbr_soft,1000100000001100000000100000000000000000100000010000000000001000001000001110000000000001000001010000,1,1,244.9250607106408,1000100000001100000000100000000000000000100000010000000000001000001000001110000000000001000001010000,0.0,244.9250607106408,,,0.049456915934570134,689,60,0,True,26182,55120,81302,100,15,0.15,244.86698235426553,244.81514416941994,0.051838184845588324,13.861386138613856,13.861386138613856,37.89473684210527,36.0,0.3657865786578656,3.493749999999999,3.493749999999999,13.0,0.26874999999999993,0,0,0,0,4004.3432418373804,40.043432418373804,6891.270421042166,578.6937171725846,58.02806947778236,164.18907198612303,0,0,85
06ac6393eee7a87a46f65b36cf9d1863821846f32cd08b7f9dd84710f2fa08a1,2,3,20281020,0.6,13.0,none,wa_mcbr_none,1000100000000100000000100000000000000000100000010000000000001000001100001110000000000001000001010000,1,1,244.93982139728334,1000100000000100000000100000000000000000100000010000000000001000001100001110000000000001000001010000,0.0,244.93982139728334,,,0.033140832907520235,689,60,0,True,26182,55120,81302,100,15,0.15,244.82990485606248,244.82990485606248,0.0,13.861386138613858,13.861386138613858,37.89473684210527,36.0,0.3657865786578656,3.4937499999999995,3.4937499999999995,13.0,0.26874999999999993,0,0,0,0,4002.0776998680794,40.020776998680795,6880.483927376425,587.6575858858656,58.92849176168836,164.18907198612303,0,0,85
06ac6393eee7a87a46f65b36cf9d1863821846f32cd08b7f9dd84710f2fa08a1,2,3,20281020,0.8,1.5,hard,wa_mcbr_hard,0000001000000000000000000000000000000010000000000000000000001000000000001010000000000001000001000000,1,0,inf,0000001000000000000000000000000000000000000000000000000000001000000000001010000000000001000001000000,0.01,252.71521556383723,249.7930962483098,1.1698158833912116,0.006938874954357743,139,1,0,True,5282,11120,16402,100,7,0.07,252.27051277665433,252.27051277665433,0.0,5.445544554455445,5.445544554455445,50.526315789473685,48.0,0.10777640264026402,1.4462499999999998,1.4462499999999998,1.5,0.9641666666666665,0,0,0,0,4251.805617247294,42.518056172472946,8042.62640165594,322.03221438212194,32.34309370565632,50.198820945555426,0,93,0
06ac6393eee7a87a46f65b36cf9d1863821846f32cd08b7f9dd84710f2fa08a1,2,3,20281020,0.8,1.5,soft,wa_mcbr_soft,0000000000000000000000000000000000000010000000000000000000000000001000001110000000000000000000000000,1,1,251.87855532804514,0000000000000000000000000000000000000010000000000000000000000000001000001110000000000000000000000000,0.0,251.87855532804514,,,0.0641338339773938,914,61,0,True,34732,73120,107852,100,5,0.05,252.39051541890177,251.87447689837606,0.5160385205257219,3.9603960396039604,3.9603960396039604,50.526315789473685,48.0,0.07838283828382839,1.04,1.04,1.5,0.6933333333333334,0,0,0,0,4246.051779126534,42.46051779126534,8020.945086312142,289.0935155485654,29.0172624285281,41.26230975828111,0,0,95
06ac6393eee7a87a46f65b36cf9d1863821846f32cd08b7f9dd84710f2fa08a1,2,3,20281020,0.8,1.5,none,wa_mcbr_none,1000100000001100000000100000000000000000101000010000000000001000001100001110000000000001000001010000,1,0,inf,0000000000000000000000000000000000000000000000010000000000000000001000001110000000000000000000000000,0.12,249.97038625325052,,,0.036360417027026415,759,77,0,True,28842,60720,89562,100,17,0.17,243.84937588974654,243.84937588974654,0.0,16.08910891089109,16.08910891089109,50.526315789473685,48.0,0.3184302805280528,4.0625,4.0625,1.5,2.7083333333333335,0,1,0,1,3962.3750666459473,39.62375066645947,6693.487807947417,638.2035874452356,63.98870278922278,136.80033290459255,0,0,83
06ac6393eee7a87a46f65b36cf9d1863821846f32cd08b7f9dd84710f2fa08a1,2,3,20281020,0.8,2.0,hard,wa_mcbr_hard,0000001000001000000000000000000000000010000000000000100000001000000000001010000000000001000001000000,1,0,inf,0000001000001000000000000000000000000010000000000000000000001000000000001010000000000001000001000000,0.01,251.5760359679819,247.64666639417766,1.5866838148953308,0.005314541980624199,100,0,0,True,3800,8000,11800,100,9,0.09,250.99556858186392,250.99556858186392,0.0,7.425742574257425,7.425742574257425,50.526315789473685,48.0,0.1469678217821782,1.93375,1.93375,2.0,0.966875,0,0,0,0,4221.689375515738,42.21689375515738,7902.313411202885,346.8584329540758,34.823466987095124,63.0721799056946,0,91,0
06ac6393eee7a87a46f65b36cf9d1863821846f32cd08b7f9dd84710f2fa08a1,2,3,20281020,0.8,2.0,soft,wa_mcbr_soft,0000000000000000000000100000000000000000000000010000000000000000001000001110000000000000000000000000,1,1,248.90129138040822,0000000000000000000000100000000000000000000000010000000000000000001000001110000000000000000000000000,0.0,248.90129138040822,,,0.0587736249435693,830,60,0,True,31540,66400,97940,100,6,0.06,249.67935800939858,248.89345270680965,0.7859053025889411,5.693069306930693,5.693069306930693,50.526315789473685,48.0,0.1126753300330033,1.44625,1.44625,2.0,0.723125,0,0,0,0,4178.110766140073,41.78110766140073,7711.420566446679,366.71522221792327,36.76107444637262,51.74580112744813,0,0,94
06ac6393eee7a87a46f65b36cf9d1863821846f32cd08b7f9dd84710f2fa08a1,2,3,20281020,0.8,2.0,none,wa_mcbr_none,1000100000001100000000100000000000000000101000010000000000001000001100001110000000000001000001010000,1,0,inf,0000100000000000000000000000000000000000100000010000000000000000001000001110000000000000000000000000,0.1,248.43861306434889,,,0.03706229093950242,759,77,0,True,28842,60720,89562,100,17,0.17,243.84937588974654,243.84937588974654,0.0,16.08910891089109,16.08910891089109,50.526315789473685,48.0,0.3184302805280528,4.0625,4.0625,2.0,2.03125,0,1,0,1,3962.3750666459473,39.62375066645947,6693.487807947417,638.2035874452356,63.98870278922278,136.80033290459255,0,0,83
06ac6393eee7a87a46f65b36cf9d1863821846f32cd08b7f9dd84710f2fa08a1,2,3,20281020,0.8,3.0,hard,wa_mcbr_hard,0000001000011000000000000000000001000010000000000000100000011000000000011010000000000001000001000000,1,0,inf,0000001000011000000000000000000001000010000000000000100000001000000000001010000000000001000001000000,0.02,250.16194422180277,245.25818701966259,1.9994265071147432,0.00630687503144145,100,0,0,True,3800,8000,11800,100,13,0.13,249.728451427415,249.728451427415,0.0,11.386138613861384,11.386138613861384,50.526315789473685,48.0,0.22535066006600654,2.9087499999999995,2.9087499999999995,3.0,0.9695833333333331,0,0,0,0,4161.217091623659,41.61217091623659,7614.603436455297,462.4342265733554,46.41818886896723,92.72666755425374,0,87,0
06ac6393eee7a87a46f65b36cf9d1863821846f32cd08b7f9dd84710f2fa08a1,2,3,20281020,0.8,3.0,soft,wa_mcbr_soft,1000000000000000000000100000000000000000000001010000000000000000001000001110000000000000000000000000,1,1,246.4815895706109,1000000000000000000000100000000000000000000001010000000000000000001000001110000000000000000000000000,0.0,246.4815895706109,,,0.08582933398429304,1182,66,0,True,44916,94560,139476,100,8,0.08,247.16020732368904,246.4659437269457,0.694263596743325,7.92079207920792,7.92079207920792,50.526315789473685,48.0,0.15676567656765675,2.0149999999999997,2.0149999999999997,3.0,0.6716666666666665,0,0,0,0,4080.720918568287,40.807209185682865,7258.139914892475,673.6373259282238,67.48936155929414,66.47749510763208,0,0,92
06ac6393eee7a87a46f65b36cf9d1863821846f32cd08b7f9dd84710f2fa08a1,2,3,20281020,0.8,3.0,none,wa_mcbr_none,1000100000001100000000100000000000000000101000010000000000001000001100001110000000000001000001010000,1,0,inf,1000100000000000000000100000000000000000100000010000000000000000001000001110000000000001000001000000,0.06,245.40348235752745,,,0.036122458055615425,759,77,0,True,28842,60720,89562,100,17,0.17,243.84937588974654,243.84937588974654,0.0,16.08910891089109,16.08910891089109,50.526315789473685,48.0,0.3184302805280528,4.0625,4.0625,3.0,1.3541666666666667,0,1,0,1,3962.3750666459473,39.62375066645947,6693.487807947417,638.2035874452356,63.98870278922278,136.80033290459255,0,0,83
06ac6393eee7a87a46f65b36cf9d1863821846f32cd08b7f9dd84710f2fa08a1,2,3,20281020,0.8,5.0,hard,wa_mcbr_hard,1000100000001100000000100000000000000000101000010000000000001000001100001110000000000001000001010000,1,1,243.94327690117206,1000100000001100000000100000000000000000101000010000000000001000001100001110000000000001000001010000,0.0,243.94327690117206,243.94327690117203,1.1650950086203197e-14,0.03360266704112291,689,26,0,True,26182,55120,81302,100,17,0.17,243.84937588974654,243.84937588974654,0.0,16.08910891089109,16.08910891089109,50.526315789473685,48.0,0.3184302805280528,4.0625,4.0625,5.0,0.8125,0,0,0,0,3962.3750666459473,39.62375066645947,6693.487807947417,638.2035874452356,63.98870278922278,136.80033290459255,0,0,83
06ac6393eee7a87a46f65b36cf9d1863821846f32cd08b7f9dd84710f2fa08a1,2,3,20281020,0.8,5.0,soft,wa_mcbr_soft,1000100000000000000000100000000000000000100000010000000000001000001000001110000000000001000001010000,1,1,244.61524048962426,1000100000000000000000100000000000000000100000010000000000001000001000001110000000000001000001010000,0.0,244.61524048962426,,,0.04846170893870294,689,69,0,True,26182,55120,81302,100,13,0.13,245.21096705509896,244.5686858684495,0.6422811866494559,11.881188118811878,11.881188118811878,50.526315789473685,48.0,0.23514851485148508,3.006249999999999,3.006249999999999,5.0,0.6012499999999998,0,0,0,0,4037.498940560641,40.374989405606414,7053.1059240237755,541.5192017022628,54.30184798266812,96.8608414239482,0,0,87
06ac6393eee7a87a46f65b36cf9d1863821846f32cd08b7f9dd84710f2fa08a1,2,3,20281020,0.8,5.0,none,wa_mcbr_none,1000100000001100000000100000000000000000101000010000000000001000001100001110000000000001000001010000,1,1,243.94327690117206,1000100000001100000000100000000000000000101000010000000000001000001100001110000000000001000001010000,0.0,243.94327690117206,,,0.036140874959528446,759,77,0,True,28842,60720,89562,100,17,0.17,243.84937588974654,243.84937588974654,0.0,16.08910891089109,16.08910891089109,50.526315789473685,48.0,0.3184302805280528,4.0625,4.0625,5.0,0.8125,0,0,0,0,3962.3750666459473,39.62375066645947,6693.487807947417,638.2035874452356,63.98870278922278,136.80033290459255,0,0,83
06ac6393eee7a87a46f65b36cf9d1863821846f32cd08b7f9dd84710f2fa08a1,2,3,20281020,0.8,13.0,hard,wa_mcbr_hard,1000100000001100000000100000000000000000101000010000000000001000001100001110000000000001000001010000,1,1,243.94327690117206,1000100000001100000000100000000000000000101000010000000000001000001100001110000000000001000001010000,0.0,243.94327690117206,243.94327690117203,1.1650950086203197e-14,0.0364545420743525,759,77,0,True,28842,60720,89562,100,17,0.17,243.84937588974654,243.84937588974654,0.0,16.08910891089109,16.08910891089109,50.526315789473685,48.0,0.3184302805280528,4.0625,4.0625,13.0,0.3125,0,0,0,0,3962.3750666459473,39.62375066645947,6693.487807947417,638.2035874452356,63.98870278922278,136.80033290459255,0,0,83
06ac6393eee7a87a46f65b36cf9d1863821846f32cd08b7f9dd84710f2fa08a1,2,3,20281020,0.8,13.0,soft,wa_mcbr_soft,1000100000001100000000100000000000000000101000010000000000001000001100001110000000000001000001010000,1,1,243.94327690117206,1000100000001100000000100000000000000000101000010000000000001000001100001110000000000001000001010000,0.0,243.94327690117206,,,0.054256125004030764,759,77,0,True,28842,60720,89562,100,17,0.17,243.9327460270912,243.84937588974654,0.08337013734466696,16.08910891089109,16.08910891089109,50.526315789473685,48.0,0.3184302805280528,4.0625,4.0625,13.0,0.3125,0,0,0,0,3962.3750666459473,39.62375066645947,6693.487807947417,638.2035874452356,63.98870278922278,136.80033290459255,0,0,83
06ac6393eee7a87a46f65b36cf9d1863821846f32cd08b7f9dd84710f2fa08a1,2,3,20281020,0.8,13.0,none,wa_mcbr_none,1000100000001100000000100000000000000000101000010000000000001000001100001110000000000001000001010000,1,1,243.94327690117206,1000100000001100000000100000000000000000101000010000000000001000001100001110000000000001000001010000,0.0,243.94327690117206,,,0.03637670795433223,759,77,0,True,28842,60720,89562,100,17,0.17,243.84937588974654,243.84937588974654,0.0,16.08910891089109,16.08910891089109,50.526315789473685,48.0,0.3184302805280528,4.0625,4.0625,13.0,0.3125,0,0,0,0,3962.3750666459473,39.62375066645947,6693.487807947417,638.2035874452356,63.98870278922278,136.80033290459255,0,0,83
06ac6393eee7a87a46f65b36cf9d1863821846f32cd08b7f9dd84710f2fa08a1,2,3,20281020,1.0,1.5,hard,wa_mcbr_hard,0000001000000000000000000000000000000010000000000000000000001000000000001010000000000001000001000000,1,0,inf,0000001000000000000000000000000000000000000000000000000000001000000000001010000000000001000001000000,0.01,252.67857600156088,249.76184207792372,1.1678060585120003,0.006820250069722533,139,1,0,True,5282,11120,16402,100,7,0.07,252.2242451835343,252.2242451835343,0.0,5.445544554455445,5.445544554455445,63.15789473684211,60.0,0.08622112211221121,1.4462499999999998,1.4462499999999998,1.5,0.9641666666666665,0,0,0,0,4251.759349654174,42.51759349654174,8042.62640165594,322.03221438212194,32.34309370565632,43.589164785553045,0,93,0
06ac6393eee7a87a46f65b36cf9d1863821846f32cd08b7f9dd84710f2fa08a1,2,3,20281020,1.0,1.5,soft,wa_mcbr_soft,0000000000000000000000000000000000000010000000000000000000000000001000001110000000000000000000000000,1,1,251.85494460277064,0000000000000000000000000000000000000010000000000000000000000000001000001110000000000000000000000000,0.0,251.85494460277064,,,0.06398750003427267,914,63,0,True,34732,73120,107852,100,5,0.05,252.36783063067375,251.85179211014804,0.5160385205257219,3.9603960396039604,3.9603960396039604,63.15789473684211,60.0,0.0627062706270627,1.04,1.04,1.5,0.6933333333333334,0,0,0,0,4246.029094338306,42.46029094338306,8020.945086312142,289.0935155485654,29.0172624285281,36.72535211267605,0,0,95
06ac6393eee7a87a46f65b36cf9d1863821846f32cd08b7f9dd84710f2fa08a1,2,3,20281020,1.0,1.5,none,wa_mcbr_none,1000100000001100000000100000000000000000101000010000000000001000001100001110000000000001000001010000,1,0,inf,0000000000000000000000000000000000000000000000010000000000000000001000001110000000000000000000000000,0.12,249.94127951467163,,,0.03378829103894532,704,73,0,True,26752,56320,83072,100,17,0.17,243.31651033554422,243.31651033554422,0.0,16.08910891089109,16.08910891089109,63.15789473684211,60.0,0.2547442244224422,4.0625,4.0625,1.5,2.7083333333333335,0,1,0,1,3961.842201091745,39.61842201091745,6693.487807947417,638.2035874452356,63.98870278922278,105.45530030445613,0,0,83
06ac6393eee7a87a46f65b36cf9d1863821846f32cd08b7f9dd84710f2fa08a1,2,3,20281020,1.0,2.0,hard,wa_mcbr_hard,0000001000001000000000000000000000000010000000000000100000001000000000001010000000000001000001000000,1,0,inf,0000001000001000000000000000000000000010000000000000000000001000000000001010000000000001000001000000,0.01,251.50892190096175,247.5833624160904,1.5855505986197969,0.005327999941073358,100,0,0,True,3800,8000,11800,100,9,0.09,250.90770858403104,250.90770858403104,0.0,7.425742574257425,7.425742574257425,63.15789473684211,60.0,0.11757425742574255,1.93375,1.93375,2.0,0.966875,0,0,0,0,4221.601515517906,42.21601515517906,7902.313411202885,346.8584329540758,34.823466987095124,53.30995792426367,0,91,0
06ac6393eee7a87a46f65b36cf9d1863821846f32cd08b7f9dd84710f2fa08a1,2,3,20281020,1.0,2.0,soft,wa_mcbr_soft,0000000000000000000000100000000000000000000000010000000000000000001000001110000000000000000000000000,1,1,248.85754173863307,0000000000000000000000100000000000000000000000010000000000000000001000001110000000000000000000000000,0.0,248.85754173863307,,,0.058138207998126745,830,62,0,True,31540,66400,97940,100,6,0.06,249.63748896096533,248.8515836583764,0.7859053025889411,5.693069306930693,5.693069306930693,63.15789473684211,60.0,0.09014026402640263,1.44625,1.44625,2.0,0.723125,0,0,0,0,4178.068897091639,41.78068897091639,7711.420566446679,366.71522221792327,36.76107444637262,44.76762638857401,0,0,94
06ac6393eee7a87a46f65b36cf9d1863821846f32cd08b7f9dd84710f2fa08a1,2,3,20281020,1.0,2.0,none,wa_mcbr_none,1000100000001100000000100000000000000000101000010000000000001000001100001110000000000001000001010000,1,0,inf,0000100000000000000000000000000000000000100000010000000000000000001000001110000000000000000000000000,0.1,248.38101123601555,,,0.03379324998240918,704,73,0,True,26752,56320,83072,100,17,0.17,243.31651033554422,243.31651033554422,0.0,16.08910891089109,16.08910891089109,63.15789473684211,60.0,0.2547442244224422,4.0625,4.0625,2.0,2.03125,0,1,0,1,3961.842201091745,39.61842201091745,6693.487807947417,638.2035874452356,63.98870278922278,105.45530030445613,0,0,83
06ac6393eee7a87a46f65b36cf9d1863821846f32cd08b7f9dd84710f2fa08a1,2,3,20281020,1.0,3.0,hard,wa_mcbr_hard,0000001000011000000000000000000001000010000000000000100000011000000000011010000000000001000001000000,1,0,inf,0000001000011000000000000000000001000010000000000000100000001000000000001010000000000001000001000000,0.02,250.0098070217096,245.08271858505108,2.010377747196677,0.0057659579906612635,100,0,0,True,3800,8000,11800,100,13,0.13,249.49777576078492,249.49777576078492,0.0,11.386138613861384,11.386138613861384,63.15789473684211,60.0,0.18028052805280523,2.9087499999999995,2.9087499999999995,3.0,0.9695833333333331,0,0,0,0,4160.986415957029,41.609864159570286,7614.603436455297,462.4342265733554,46.41818886896723,74.9823855057876,0,87,0
06ac6393eee7a87a46f65b36cf9d1863821846f32cd08b7f9dd84710f2fa08a1,2,3,20281020,1.0,3.0,soft,wa_mcbr_soft,1000000000000100000000100000000000000000100000010000000000000000001000001110000000000000000000000000,1,1,246.34224246082132,1000000000000100000000100000000000000000100000010000000000000000001000001110000000000000000000000000,0.0,246.34224246082132,,,0.07203299994580448,1019,75,0,True,38722,81520,120242,100,9,0.09,247.3865199221488,246.32869715683444,1.0578227653143675,8.415841584158414,8.415841584158414,63.15789473684211,60.0,0.1332508250825082,2.12875,2.12875,3.0,0.7095833333333333,0,0,0,0,4116.704103697468,41.16704103697468,7427.178738390511,419.79966515310315,42.08204339012286,58.43407900999523,0,0,91
06ac6393eee7a87a46f65b36cf9d1863821846f32cd08b7f9dd84710f2fa08a1,2,3,20281020,1.0,3.0,none,wa_mcbr_none,1000100000001100000000100000000000000000101000010000000000001000001100001110000000000001000001010000,1,0,inf,1000100000000000000000100000000000000000100000010000000000000000001000001110000000000001000001000000,0.06,245.23521206918508,,,0.03424708405509591,704,73,0,True,26752,56320,83072,100,17,0.17,243.31651033554422,243.31651033554422,0.0,16.08910891089109,16.08910891089109,63.15789473684211,60.0,0.2547442244224422,4.0625,4.0625,3.0,1.3541666666666667,0,1,0,1,3961.842201091745,39.61842201091745,6693.487807947417,638.2035874452356,63.98870278922278,105.45530030445613,0,0,83
06ac6393eee7a87a46f65b36cf9d1863821846f32cd08b7f9dd84710f2fa08a1,2,3,20281020,1.0,5.0,hard,wa_mcbr_hard,1000100000001100000000100000000000000000101000010000000000001000001100001110000000000001000001010000,1,1,243.37908788806686,1000100000001100000000100000000000000000101000010000000000001000001100001110000000000001000001010000,0.0,243.37908788806686,243.37908788806683,1.1677958725638546e-14,0.03426133294124156,704,32,0,True,26752,56320,83072,100,17,0.17,243.31651033554422,243.31651033554422,0.0,16.08910891089109,16.08910891089109,63.15789473684211,60.0,0.2547442244224422,4.0625,4.0625,5.0,0.8125,0,0,0,0,3961.842201091745,39.61842201091745,6693.487807947417,638.2035874452356,63.98870278922278,105.45530030445613,0,0,83
06ac6393eee7a87a46f65b36cf9d1863821846f32cd08b7f9dd84710f2fa08a1,2,3,20281020,1.0,5.0,soft,wa_mcbr_soft,1000100000000100000000100000000000000000100000010000000000000000001000001110000000000001000001010000,1,1,244.34447167656296,1000100000000100000000100000000000000000100000010000000000000000001000001110000000000001000001010000,0.0,244.34447167656296,,,0.07434091705363244,1051,75,0,True,39938,84080,124018,100,13,0.13,244.95378798334627,244.31150679669682,0.6422811866494564,11.881188118811878,11.881188118811878,63.15789473684211,60.0,0.18811881188118804,3.0062499999999996,3.0062499999999996,5.0,0.60125,0,0,0,0,4046.3632942580152,40.463632942580155,7096.256667055489,503.8650367328935,50.51285042223378,77.92682926829265,0,0,87
06ac6393eee7a87a46f65b36cf9d1863821846f32cd08b7f9dd84710f2fa08a1,2,3,20281020,1.0,5.0,none,wa_mcbr_none,1000100000001100000000100000000000000000101000010000000000001000001100001110000000000001000001010000,1,1,243.37908788806686,1000100000001100000000100000000000000000101000010000000000001000001100001110000000000001000001010000,0.0,243.37908788806686,,,0.03361437504645437,704,73,0,True,26752,56320,83072,100,17,0.17,243.31651033554422,243.31651033554422,0.0,16.08910891089109,16.08910891089109,63.15789473684211,60.0,0.2547442244224422,4.0625,4.0625,5.0,0.8125,0,0,0,0,3961.842201091745,39.61842201091745,6693.487807947417,638.2035874452356,63.98870278922278,105.45530030445613,0,0,83
06ac6393eee7a87a46f65b36cf9d1863821846f32cd08b7f9dd84710f2fa08a1,2,3,20281020,1.0,13.0,hard,wa_mcbr_hard,1000100000001100000000100000000000000000101000010000000000001000001100001110000000000001000001010000,1,1,243.37908788806686,1000100000001100000000100000000000000000101000010000000000001000001100001110000000000001000001010000,0.0,243.37908788806686,243.37908788806683,1.1677958725638546e-14,0.03451070794835687,704,71,0,True,26752,56320,83072,100,17,0.17,243.31651033554422,243.31651033554422,0.0,16.08910891089109,16.08910891089109,63.15789473684211,60.0,0.2547442244224422,4.0625,4.0625,13.0,0.3125,0,0,0,0,3961.842201091745,39.61842201091745,6693.487807947417,638.2035874452356,63.98870278922278,105.45530030445613,0,0,83
06ac6393eee7a87a46f65b36cf9d1863821846f32cd08b7f9dd84710f2fa08a1,2,3,20281020,1.0,13.0,soft,wa_mcbr_soft,1000100000001100000000100000000000000000101000010000000000001000001100001110000000000001000001010000,1,1,243.37908788806686,1000100000001100000000100000000000000000101000010000000000001000001100001110000000000001000001010000,0.0,243.37908788806686,,,0.049986875033937395,704,75,0,True,26752,56320,83072,100,17,0.17,243.3998804728889,243.31651033554422,0.08337013734466696,16.08910891089109,16.08910891089109,63.15789473684211,60.0,0.2547442244224422,4.0625,4.0625,13.0,0.3125,0,0,0,0,3961.842201091745,39.61842201091745,6693.487807947417,638.2035874452356,63.98870278922278,105.45530030445613,0,0,83
06ac6393eee7a87a46f65b36cf9d1863821846f32cd08b7f9dd84710f2fa08a1,2,3,20281020,1.0,13.0,none,wa_mcbr_none,1000100000001100000000100000000000000000101000010000000000001000001100001110000000000001000001010000,1,1,243.37908788806686,1000100000001100000000100000000000000000101000010000000000001000001100001110000000000001000001010000,0.0,243.37908788806686,,,0.033812458044849336,704,73,0,True,26752,56320,83072,100,17,0.17,243.31651033554422,243.31651033554422,0.0,16.08910891089109,16.08910891089109,63.15789473684211,60.0,0.2547442244224422,4.0625,4.0625,13.0,0.3125,0,0,0,0,3961.842201091745,39.61842201091745,6693.487807947417,638.2035874452356,63.98870278922278,105.45530030445613,0,0,83
06ac6393eee7a87a46f65b36cf9d1863821846f32cd08b7f9dd84710f2fa08a1,2,4,20281117,0.2,1.5,hard,wa_mcbr_hard,1000100000000000000000000100000000000000000000000000000000001000000000001010000000000000000000000000,1,0,inf,0000100000000000000000000100000000000000000000000000000000001000000000001010000000000000000000000000,0.01,253.00169967625126,250.07376594659877,1.1708280229113401,0.005347332917153835,100,0,0,True,3800,8000,11800,100,6,0.06,252.1970610457055,252.1970610457055,0.0,5.693069306930693,5.693069306930693,12.631578947368421,12.0,0.4507013201320132,1.4462499999999998,1.4462499999999998,1.5,0.9641666666666665,0,0,0,0,4228.534215070138,42.28534215070138,7934.598915223343,330.57671371756874,33.152537223983224,225.12579797221176,0,94,0
06ac6393eee7a87a46f65b36cf9d1863821846f32cd08b7f9dd84710f2fa08a1,2,4,20281117,0.2,1.5,soft,wa_mcbr_soft,0000000000000000000000000000000000000000000001000000000000000000001000001110000000000000000000000000,1,1,250.72660225235495,0000000000000000000000000000000000000000000001000000000000000000001000001110000000000000000000000000,0.0,250.72660225235495,,,0.04821024998091161,653,18,0,True,24814,52240,77054,100,5,0.05,251.90349145824297,250.67585247052352,1.2276389877194545,4.702970297029703,4.702970297029703,12.631578947368421,12.0,0.3723184818481848,1.2025,1.2025,1.5,0.8016666666666666,0,0,0,0,4185.572397413391,41.85572397413391,7740.273785172745,546.1883226387529,54.757034549178265,168.29116003943474,0,0,95
06ac6393eee7a87a46f65b36cf9d1863821846f32cd08b7f9dd84710f2fa08a1,2,4,20281117,0.2,1.5,none,wa_mcbr_none,0000000000000000000000000000000000000000000001000000000000001000101000001110000000000000000000000000,1,0,inf,0000000000000000000000000000000000000000000001000000000000000000001000001110000000000000000000000000,0.02,250.72660225235495,,,0.026288499939255416,539,20,0,True,20482,43120,63602,100,7,0.07,248.76696880514874,248.76696880514874,0.0,6.93069306930693,6.93069306930693,12.631578947368421,12.0,0.5486798679867986,1.77125,1.77125,1.5,1.1808333333333334,0,1,0,1,4081.1024301866996,40.81102430186699,7250.964399371245,804.9880679353655,80.62848160637749,323.9305301645337,0,0,93
06ac6393eee7a87a46f65b36cf9d1863821846f32cd08b7f9dd84710f2fa08a1,2,4,20281117,0.2,2.0,hard,wa_mcbr_hard,0000000000000000000000000100000000000000000000000000000000001000101000001110000000000000000000000000,1,0,inf,0000000000000000000000000000000000000000000000000000000000001000101000001110000000000000000000000000,0.01,250.13552022215387,249.2747326001779,0.3453168369682345,0.024251791066490114,533,7,0,True,20254,42640,62894,100,7,0.07,249.44784385016808,249.44784385016808,0.0,6.93069306930693,6.93069306930693,12.631578947368421,12.0,0.5486798679867986,1.77125,1.77125,2.0,0.885625,0,0,0,0,4108.383805182447,41.08383805182447,7376.892436880674,702.3273530421783,70.34812581053416,323.9305301645337,0,86,7
06ac6393eee7a87a46f65b36cf9d1863821846f32cd08b7f9dd84710f2fa08a1,2,4,20281117,0.2,2.0,soft,wa_mcbr_soft,0000000000000000000000000100000000000000000001000000000000000000001000001110000000000000000000000000,1,1,249.6968165820348,0000000000000000000000000100000000000000000001000000000000000000001000001110000000000000000000000000,0.0,249.6968165820348,,,0.07957645901478827,1093,21,0,True,41534,87440,128974,100,6,0.06,250.67031912655852,249.58260210293665,1.0877170236218705,5.9405940594059405,5.9405940594059405,12.631578947368421,12.0,0.47029702970297027,1.5275,1.5275,2.0,0.76375,0,0,0,0,4140.038602244461,41.40038602244461,7527.979482626048,631.137757254377,63.24710434129596,241.96261682242988,0,0,94
06ac6393eee7a87a46f65b36cf9d1863821846f32cd08b7f9dd84710f2fa08a1,2,4,20281117,0.2,2.0,none,wa_mcbr_none,0000000000000000000000000000000000000000000001000000000000001000101000001110000000000000000000000000,1,0,inf,0000000000000000000000000000000000000000000001000000000000001000001000001110000000000000000000000000,0.01,249.80373467214582,,,0.026636041002348065,539,20,0,True,20482,43120,63602,100,7,0.07,248.76696880514874,248.76696880514874,0.0,6.93069306930693,6.93069306930693,12.631578947368421,12.0,0.5486798679867986,1.77125,1.77125,2.0,0.885625,0,0,0,0,4081.1024301866996,40.81102430186699,7250.964399371245,804.9880679353655,80.62848160637749,323.9305301645337,0,0,93
06ac6393eee7a87a46f65b36cf9d1863821846f32cd08b7f9dd84710f2fa08a1,2,4,20281117,0.2,3.0,hard,wa_mcbr_hard,0000000000000000000000000000000000000000000001000000000000001000101000001110000000000000000000000000,1,1,248.95922253585746,0000000000000000000000000000000000000000000001000000000000001000101000001110000000000000000000000000,0.0,248.95922253585746,248.95922253585744,1.1416210711499329e-14,0.026116583961993456,539,15,0,True,20482,43120,63602,100,7,0.07,248.76696880514874,248.76696880514874,0.0,6.93069306930693,6.93069306930693,12.631578947368421,12.0,0.5486798679867986,1.77125,1.77125,3.0,0.5904166666666667,0,0,0,0,4081.1024301866996,40.81102430186699,7250.964399371245,804.9880679353655,80.62848160637749,323.9305301645337,0,0,93
06ac6393eee7a87a46f65b36cf9d1863821846f32cd08b7f9dd84710f2fa08a1,2,4,20281117,0.2,3.0,soft,wa_mcbr_soft,0000000000000000000000100000000000000000000001000000000000001000001000001110000000000000000000000000,1,1,249.677730578594,0000000000000000000000100000000000000000000001000000000000001000001000001110000000000000000000000000,0.0,249.677730578594,,,0.04243704199325293,600,22,0,True,22800,48000,70800,100,7,0.07,249.7924989344059,249.53714421079465,0.2553547236112579,6.683168316831682,6.683168316831682,12.631578947368421,12.0,0.5290841584158414,1.69,1.69,3.0,0.5633333333333334,0,0,0,0,4134.312362195856,41.343123621958554,7499.181576328224,543.7427503372118,54.51090403197023,300.88042049934285,0,0,93
06ac6393eee7a87a46f65b36cf9d1863821846f32cd08b7f9dd84710f2fa08a1,2,4,20281117,0.2,3.0,none,wa_mcbr_none,0000000000000000000000000000000000000000000001000000000000001000101000001110000000000000000000000000,1,1,248.95922253585746,0000000000000000000000000000000000000000000001000000000000001000101000001110000000000000000000000000,0.0,248.95922253585746,,,0.02626208297442645,539,20,0,True,20482,43120,63602,100,7,0.07,248.76696880514874,248.76696880514874,0.0,6.93069306930693,6.93069306930693,12.631578947368421,12.0,0.5486798679867986,1.77125,1.77125,3.0,0.5904166666666667,0,0,0,0,4081.1024301866996,40.81102430186699,7250.964399371245,804.9880679353655,80.62848160637749,323.9305301645337,0,0,93
06ac6393eee7a87a46f65b36cf9d1863821846f32cd08b7f9dd84710f2fa08a1,2,4,20281117,0.2,5.0,hard,wa_mcbr_hard,0000000000000000000000000000000000000000000001000000000000001000101000001110000000000000000000000000,1,1,248.95922253585746,0000000000000000000000000000000000000000000001000000000000001000101000001110000000000000000000000000,0.0,248.95922253585746,248.95922253585744,1.1416210711499329e-14,0.026773583027534187,539,20,0,True,20482,43120,63602,100,7,0.07,248.76696880514874,248.76696880514874,0.0,6.93069306930693,6.93069306930693,12.631578947368421,12.0,0.5486798679867986,1.77125,1.77125,5.0,0.35425,0,0,0,0,4081.1024301866996,40.81102430186699,7250.964399371245,804.9880679353655,80.62848160637749,323.9305301645337,0,0,93
06ac6393eee7a87a46f65b36cf9d1863821846f32cd08b7f9dd84710f2fa08a1,2,4,20281117,0.2,5.0,soft,wa_mcbr_soft,0000000000000000000000000100000000000000000001000000000000000000101000001110000000000000000000000000,1,1,249.041251366296,0000000000000000000000000100000000000000000001000000000000000000101000001110000000000000000000000000,0.0,249.041251366296,,,0.03782954206690192,524,18,0,True,19912,41920,61832,100,7,0.07,248.84166820372295,248.7870707642893,0.0545974394336409,7.1782178217821775,7.1782178217821775,12.631578947368421,12.0,0.5682755775577557,1.8525,1.8525,5.0,0.3705,0,0,0,0,4064.4023307414886,40.644023307414884,7171.83682990814,908.4027194004684,90.97570116291539,349.0731008122312,0,0,93
06ac6393eee7a87a46f65b36cf9d1863821846f32cd08b7f9dd84710f2fa08a1,2,4,20281117,0.2,5.0,none,wa_mcbr_none,0000000000000000000000000000000000000000000001000000000000001000101000001110000000000000000000000000,1,1,248.95922253585746,0000000000000000000000000000000000000000000001000000000000001000101000001110000000000000000000000000,0.0,248.95922253585746,,,0.02688116708304733,539,20,0,True,20482,43120,63602,100,7,0.07,248.76696880514874,248.76696880514874,0.0,6.93069306930693,6.93069306930693,12.631578947368421,12.0,0.5486798679867986,1.77125,1.77125,5.0,0.35425,0,0,0,0,4081.1024301866996,40.81102430186699,7250.964399371245,804.9880679353655,80.62848160637749,323.9305301645337,0,0,93
06ac6393eee7a87a46f65b36cf9d1863821846f32cd08b7f9dd84710f2fa08a1,2,4,20281117,0.2,13.0,hard,wa_mcbr_hard,0000000000000000000000000000000000000000000001000000000000001000101000001110000000000000000000000000,1,1,248.95922253585746,0000000000000000000000000000000000000000000001000000000000001000101000001110000000000000000000000000,0.0,248.95922253585746,248.95922253585744,1.1416210711499329e-14,0.026191416080109775,539,20,0,True,20482,43120,63602,100,7,0.07,248.76696880514874,248.76696880514874,0.0,6.93069306930693,6.93069306930693,12.631578947368421,12.0,0.5486798679867986,1.77125,1.77125,13.0,0.13625,0,0,0,0,4081.1024301866996,40.81102430186699,7250.964399371245,804.9880679353655,80.62848160637749,323.9305301645337,0,0,93
06ac6393eee7a87a46f65b36cf9d1863821846f32cd08b7f9dd84710f2fa08a1,2,4,20281117,0.2,13.0,soft,wa_mcbr_soft,0000000000000000000000000000000000000000000001000000000000001000101000001110000000000000000000000000,1,1,248.95922253585746,0000000000000000000000000000000000000000000001000000000000001000101000001110000000000000000000000000,0.0,248.95922253585746,,,0.03866812493652105,539,20,0,True,20482,43120,63602,100,7,0.07,248.7753499706392,248.76696880514874,0.008381165490468221,6.93069306930693,6.93069306930693,12.631578947368421,12.0,0.5486798679867986,1.77125,1.77125,13.0,0.13625,0,0,0,0,4081.1024301866996,40.81102430186699,7250.964399371245,804.9880679353655,80.62848160637749,323.9305301645337,0,0,93
06ac6393eee7a87a46f65b36cf9d1863821846f32cd08b7f9dd84710f2fa08a1,2,4,20281117,0.2,13.0,none,wa_mcbr_none,0000000000000000000000000000000000000000000001000000000000001000101000001110000000000000000000000000,1,1,248.95922253585746,0000000000000000000000000000000000000000000001000000000000001000101000001110000000000000000000000000,0.0,248.95922253585746,,,0.02685979101806879,539,20,0,True,20482,43120,63602,100,7,0.07,248.76696880514874,248.76696880514874,0.0,6.93069306930693,6.93069306930693,12.631578947368421,12.0,0.5486798679867986,1.77125,1.77125,13.0,0.13625,0,0,0,0,4081.1024301866996,40.81102430186699,7250.964399371245,804.9880679353655,80.62848160637749,323.9305301645337,0,0,93
06ac6393eee7a87a46f65b36cf9d1863821846f32cd08b7f9dd84710f2fa08a1,2,4,20281117,0.4,1.5,hard,wa_mcbr_hard,1000100000000000000000000100000000000000000000000000000000001000000000001010000000000000000000000000,1,0,inf,0000100000000000000000000100000000000000000000000000000000001000000000001010000000000000000000000000,0.01,252.51028241161734,249.52309696925275,1.1971578898496458,0.0052850000793114305,100,0,0,True,3800,8000,11800,100,6,0.06,251.40266626319777,251.40266626319777,0.0,5.693069306930693,5.693069306930693,25.263157894736842,24.0,0.2253506600660066,1.4462499999999998,1.4462499999999998,1.5,0.9641666666666665,0,0,0,0,4227.739820287631,42.27739820287631,7934.598915223343,330.57671371756874,33.152537223983224,92.72666755425377,0,94,0
06ac6393eee7a87a46f65b36cf9d1863821846f32cd08b7f9dd84710f2fa08a1,2,4,20281117,0.4,1.5,soft,wa_mcbr_soft,0000100000000100000000000000000000000000000000000000000000000000001000000000010000000001000000000000,1,1,255.31409597817142,0000100000000100000000000000000000000000000000000000000000000000001000000000010000000001000000000000,0.0,255.31409597817142,,,0.021785041084513068,281,23,0,True,10678,22480,33158,100,5,0.05,256.33908229001577,255.30681310707746,1.0322691829383026,4.702970297029703,4.702970297029703,25.263157894736842,24.0,0.1861592409240924,1.17,1.17,1.5,0.7799999999999999,0,0,0,0,4314.084700230234,43.140847002302344,8326.930299897846,259.75464495716585,26.059979569409798,77.18540108984918,0,0,95
06ac6393eee7a87a46f65b36cf9d1863821846f32cd08b7f9dd84710f2fa08a1,2,4,20281117,0.4,1.5,none,wa_mcbr_none,1000000000000100001000100100000000000000000001000000000000001000001000001110000000000000000000000000,1,0,inf,0000000000000000000000000000000000000000000001000000000000000000001000001110000000000000000000000000,0.06,250.23518498772103,,,0.027490834007039666,556,31,0,True,21128,44480,65608,100,11,0.11,245.8138591361178,245.8138591361178,0.0,10.643564356435641,10.643564356435641,25.263157894736842,24.0,0.42130775577557744,2.6974999999999993,2.6974999999999993,1.5,1.798333333333333,0,1,0,1,4027.306345231652,40.27306345231652,7002.709927893972,644.0228300707628,64.53889945191511,202.00855462484395,0,0,89
06ac6393eee7a87a46f65b36cf9d1863821846f32cd08b7f9dd84710f2fa08a1,2,4,20281117,0.4,2.0,hard,wa_mcbr_hard,1000100000000100000000000100000000000000000000000000000000001000000000001010000000000000000001000000,1,0,inf,1000100000000000000000000100000000000000000000000000000000001000000000001010000000000000000001000000,0.01,250.84945230571805,247.9745499543482,1.1593537933223876,0.0053407090017572045,100,0,0,True,3800,8000,11800,100,8,0.08,250.04073662131609,250.04073662131609,0.0,7.425742574257425,7.425742574257425,25.263157894736842,24.0,0.2939356435643564,1.8849999999999998,1.8849999999999998,2.0,0.9424999999999999,0,0,0,0,4193.737021752146,41.937370217521455,7776.275184851063,343.05234653793593,34.39810638305183,124.07537248028046,0,92,0
06ac6393eee7a87a46f65b36cf9d1863821846f32cd08b7f9dd84710f2fa08a1,2,4,20281117,0.4,2.0,soft,wa_mcbr_soft,0000000000000000000000000000000000000000000001000000000000000000000000001110010000000001000000000000,1,1,250.3924518143802,0000000000000000000000000000000000000000000001000000000000000000000000001110010000000001000000000000,0.0,250.3924518143802,,,0.03930466598831117,533,30,0,True,20254,42640,62894,100,6,0.06,251.1576635751351,250.37175827254617,0.7859053025889411,5.693069306930693,5.693069306930693,25.263157894736842,24.0,0.2253506600660066,1.44625,1.44625,2.0,0.723125,0,0,0,0,4187.947536816639,41.87947536816639,7751.099961972313,498.52946855214856,49.99366205213918,92.72666755425377,0,0,94
06ac6393eee7a87a46f65b36cf9d1863821846f32cd08b7f9dd84710f2fa08a1,2,4,20281117,0.4,2.0,none,wa_mcbr_none,1000000000000100001000100100000000000000000001000000000000001000001000001110000000000000000000000000,1,0,inf,0000000000000000001000000000000000000000000001000000000000001000001000001110000000000000000000000000,0.04,248.35373959771303,,,0.02745337493252009,556,33,0,True,21128,44480,65608,100,11,0.11,245.8138591361178,245.8138591361178,0.0,10.643564356435641,10.643564356435641,25.263157894736842,24.0,0.42130775577557744,2.6974999999999993,2.6974999999999993,2.0,1.3487499999999997,0,1,0,1,4027.306345231652,40.27306345231652,7002.709927893972,644.0228300707628,64.53889945191511,202.00855462484395,0,0,89
06ac6393eee7a87a46f65b36cf9d1863821846f32cd08b7f9dd84710f2fa08a1,2,4,20281117,0.4,3.0,hard,wa_mcbr_hard,1000000000000100001000100100000000000000000001000000000000001000001000001110000000000000000000000000,1,0,inf,1000000000000100001000000100000000000000000001000000000000001000001000001110000000000000000000000000,0.01,246.12880911761388,245.9235952687195,0.08344618118897368,0.03442045790143311,774,11,0,True,29412,61920,91332,100,11,0.11,245.8138591361178,245.8138591361178,0.0,10.643564356435641,10.643564356435641,25.263157894736842,24.0,0.42130775577557744,2.6974999999999993,2.6974999999999993,3.0,0.8991666666666664,0,0,0,0,4027.306345231652,40.27306345231652,7002.709927893972,644.0228300707628,64.53889945191511,202.00855462484395,0,34,55
06ac6393eee7a87a46f65b36cf9d1863821846f32cd08b7f9dd84710f2fa08a1,2,4,20281117,0.4,3.0,soft,wa_mcbr_soft,0000000000000000000000000100000000000000000001000000000000001000001000001110000000000001000000000000,1,1,247.22594889445966,0000000000000000000000000100000000000000000001000000000000001000001000001110000000000001000000000000,0.0,247.22594889445966,,,0.03879058302845806,533,36,0,True,20254,42640,62894,100,8,0.08,247.87253892787552,247.1782753311322,0.694263596743325,7.92079207920792,7.92079207920792,25.263157894736842,24.0,0.3135313531353135,2.0149999999999997,2.0149999999999997,3.0,0.6716666666666665,0,0,0,0,4089.7926854476805,40.89792685447681,7297.713040367612,639.902988652389,64.1300459515268,134.1826923076923,0,0,92
06ac6393eee7a87a46f65b36cf9d1863821846f32cd08b7f9dd84710f2fa08a1,2,4,20281117,0.4,3.0,none,wa_mcbr_none,1000000000000100001000100100000000000000000001000000000000001000001000001110000000000000000000000000,1,0,inf,1000000000000100001000000100000000000000000001000000000000001000001000001110000000000000000000000000,0.01,246.12880911761388,,,0.02705066604539752,556,33,0,True,21128,44480,65608,100,11,0.11,245.8138591361178,245.8138591361178,0.0,10.643564356435641,10.643564356435641,25.263157894736842,24.0,0.42130775577557744,2.6974999999999993,2.6974999999999993,3.0,0.8991666666666664,0,0,0,0,4027.306345231652,40.27306345231652,7002.709927893972,644.0228300707628,64.53889945191511,202.00855462484395,0,0,89
06ac6393eee7a87a46f65b36cf9d1863821846f32cd08b7f9dd84710f2fa08a1,2,4,20281117,0.4,5.0,hard,wa_mcbr_hard,1000000000000100001000100100000000000000000001000000000000001000001000001110000000000000000000000000,1,1,245.9326137437316,1000000000000100001000100100000000000000000001000000000000001000001000001110000000000000000000000000,0.0,245.9326137437316,245.79299183345984,0.056804675035795664,0.02693000005092472,552,25,0,True,20976,44160,65136,100,11,0.11,245.8138591361178,245.8138591361178,0.0,10.643564356435641,10.643564356435641,25.263157894736842,24.0,0.42130775577557744,2.6974999999999993,2.6974999999999993,5.0,0.5394999999999999,0,0,0,0,4027.306345231652,40.27306345231652,7002.709927893972,644.0228300707628,64.53889945191511,202.00855462484395,0,0,89
06ac6393eee7a87a46f65b36cf9d1863821846f32cd08b7f9dd84710f2fa08a1,2,4,20281117,0.4,5.0,soft,wa_mcbr_soft,1000000000000100000000000100000000000000000001000000000000001000101000001110000000000000000000000000,1,1,245.79299183345987,1000000000000100000000000100000000000000000001000000000000001000101000001110000000000000000000000000,0.0,245.79299183345987,,,0.0433552919421345,600,36,0,True,22800,48000,70800,100,10,0.1,245.9448105053541,245.6935068654431,0.2513036399109947,10.148514851485146,10.148514851485146,25.263157894736842,24.0,0.40171204620462037,2.5837499999999993,2.5837499999999993,5.0,0.5167499999999998,0,0,0,0,3991.0669738709075,39.910669738709075,6833.680144996169,878.8383972613849,88.01449961685563,187.85898982933972,0,0,90
06ac6393eee7a87a46f65b36cf9d1863821846f32cd08b7f9dd84710f2fa08a1,2,4,20281117,0.4,5.0,none,wa_mcbr_none,1000000000000100001000100100000000000000000001000000000000001000001000001110000000000000000000000000,1,1,245.9326137437316,1000000000000100001000100100000000000000000001000000000000001000001000001110000000000000000000000000,0.0,245.9326137437316,,,0.027052833000198007,556,33,0,True,21128,44480,65608,100,11,0.11,245.8138591361178,245.8138591361178,0.0,10.643564356435641,10.643564356435641,25.263157894736842,24.0,0.42130775577557744,2.6974999999999993,2.6974999999999993,5.0,0.5394999999999999,0,0,0,0,4027.306345231652,40.27306345231652,7002.709927893972,644.0228300707628,64.53889945191511,202.00855462484395,0,0,89
06ac6393eee7a87a46f65b36cf9d1863821846f32cd08b7f9dd84710f2fa08a1,2,4,20281117,0.4,13.0,hard,wa_mcbr_hard,1000000000000100001000100100000000000000000001000000000000001000001000001110000000000000000000000000,1,1,245.9326137437316,1000000000000100001000100100000000000000000001000000000000001000001000001110000000000000000000000000,0.0,245.9326137437316,245.79299183345984,0.056804675035795664,0.02698541700374335,556,33,0,True,21128,44480,65608,100,11,0.11,245.8138591361178,245.8138591361178,0.0,10.643564356435641,10.643564356435641,25.263157894736842,24.0,0.42130775577557744,2.6974999999999993,2.6974999999999993,13.0,0.20749999999999996,0,0,0,0,4027.306345231652,40.27306345231652,7002.709927893972,644.0228300707628,64.53889945191511,202.00855462484395,0,0,89
06ac6393eee7a87a46f65b36cf9d1863821846f32cd08b7f9dd84710f2fa08a1,2,4,20281117,0.4,13.0,soft,wa_mcbr_soft,1000000000000100001000100100000000000000000001000000000000001000001000001110000000000000000000000000,1,1,245.9326137437316,1000000000000100001000100100000000000000000001000000000000001000001000001110000000000000000000000000,0.0,245.9326137437316,,,0.039781957981176674,556,33,0,True,21128,44480,65608,100,11,0.11,245.83714792564402,245.8138591361178,0.023288789526213226,10.643564356435641,10.643564356435641,25.263157894736842,24.0,0.42130775577557744,2.6974999999999993,2.6974999999999993,13.0,0.20749999999999996,0,0,0,0,4027.306345231652,40.27306345231652,7002.709927893972,644.0228300707628,64.53889945191511,202.00855462484395,0,0,89
06ac6393eee7a87a46f65b36cf9d1863821846f32cd08b7f9dd84710f2fa08a1,2,4,20281117,0.4,13.0,none,wa_mcbr_none,1000000000000100001000100100000000000000000001000000000000001000001000001110000000000000000000000000,1,1,245.9326137437316,1000000000000100001000100100000000000000000001000000000000001000001000001110000000000000000000000000,0.0,245.9326137437316,,,0.02741675009019673,556,33,0,True,21128,44480,65608,100,11,0.11,245.8138591361178,245.8138591361178,0.0,10.643564356435641,10.643564356435641,25.263157894736842,24.0,0.42130775577557744,2.6974999999999993,2.6974999999999993,13.0,0.20749999999999996,0,0,0,0,4027.306345231652,40.27306345231652,7002.709927893972,644.0228300707628,64.53889945191511,202.00855462484395,0,0,89
06ac6393eee7a87a46f65b36cf9d1863821846f32cd08b7f9dd84710f2fa08a1,2,4,20281117,0.6,1.5,hard,wa_mcbr_hard,1000100000000000000000000100000000000000000000000000000000001000000000001010000000000000000000000000,1,0,inf,0000100000000000000000000100000000000000000000000000000000001000000000001010000000000000000000000000,0.01,252.39512976179324,249.39792881149154,1.2017745955569463,0.005309208994731307,100,0,0,True,3800,8000,11800,100,6,0.06,251.23149761639638,251.23149761639638,0.0,5.693069306930693,5.693069306930693,37.89473684210527,36.0,0.1502337733773377,1.4462499999999998,1.4462499999999998,1.5,0.9641666666666665,0,0,0,0,4227.56865164083,42.27568651640829,7934.598915223343,330.57671371756874,33.152537223983224,64.1985597540254,0,94,0
06ac6393eee7a87a46f65b36cf9d1863821846f32cd08b7f9dd84710f2fa08a1,2,4,20281117,0.6,1.5,soft,wa_mcbr_soft,0000000000000000000000000000000000000000000001000000000000001000001000001010000000000000000000000000,1,1,250.8039945159071,0000000000000000000000000000000000000000000001000000000000001000001000001010000000000000000000000000,0.0,250.8039945159071,,,0.047605999978259206,671,40,0,True,25498,53680,79178,100,5,0.05,252.38960163396862,250.79743969523136,1.5921619387372719,4.9504950495049505,4.9504950495049505,37.89473684210527,36.0,0.13063806380638063,1.25125,1.25125,1.5,0.8341666666666666,0,0,0,0,4202.414461172937,42.02414461172937,7819.4532582089705,505.3250090259522,50.65164179435161,57.56722556153115,0,0,95
06ac6393eee7a87a46f65b36cf9d1863821846f32cd08b7f9dd84710f2fa08a1,2,4,20281117,0.6,1.5,none,wa_mcbr_none,1000000000000100001000100100000000000000000001000000000000001000001001001110010000000001000000000000,1,0,inf,0000000000000000000000000000000000000000000001000000000000000000001000001110000000000000000000000000,0.09,250.12003233789693,,,0.026264915941283107,533,47,0,True,20254,42640,62894,100,14,0.14,244.57239367606968,244.57239367606968,0.0,13.613861386138609,13.613861386138609,37.89473684210527,36.0,0.3592546754675466,3.428749999999999,3.428749999999999,1.5,2.2858333333333327,0,1,0,1,3977.101616856271,39.77101616856271,6765.368078182755,689.9448705685155,69.14844162539981,160.17061916514635,0,0,86
06ac6393eee7a87a46f65b36cf9d1863821846f32cd08b7f9dd84710f2fa08a1,2,4,20281117,0.6,2.0,hard,wa_mcbr_hard,1000100000000100000000000100000000000000000000000000000000001000000000001010000000000000000001000000,1,0,inf,1000100000000000000000000100000000000000000000000000000000001000000000001010000000000000000001000000,0.01,250.59368954732247,247.7003083409081,1.168097539237713,0.005313458968885243,100,0,0,True,3800,8000,11800,100,8,0.08,249.69556309247434,249.69556309247434,0.0,7.425742574257425,7.425742574257425,37.89473684210527,36.0,0.19595709570957093,1.8849999999999998,1.8849999999999998,2.0,0.9424999999999999,0,0,0,0,4193.391848223304,41.93391848223304,7776.275184851063,343.05234653793593,34.39810638305183,80.92868137506412,0,92,0
06ac6393eee7a87a46f65b36cf9d1863821846f32cd08b7f9dd84710f2fa08a1,2,4,20281117,0.6,2.0,soft,wa_mcbr_soft,0000000000000000000000000000000000000000000001000000000000000000001000001110000000000001000000000000,1,1,249.41862062058914,0000000000000000000000000000000000000000000001000000000000000000001000001110000000000001000000000000,0.0,249.41862062058914,,,0.05551012500654906,763,47,0,True,28994,61040,90034,100,6,0.06,250.19310928696623,249.4072039843773,0.7859053025889404,5.693069306930693,5.693069306930693,37.89473684210527,36.0,0.1502337733773377,1.4462499999999998,1.4462499999999998,2.0,0.7231249999999999,0,0,0,0,4164.182701829904,41.64182701829904,7643.140651478033,566.2517452299238,56.77524633877878,64.1985597540254,0,0,94
06ac6393eee7a87a46f65b36cf9d1863821846f32cd08b7f9dd84710f2fa08a1,2,4,20281117,0.6,2.0,none,wa_mcbr_none,1000000000000100001000100100000000000000000001000000000000001000001001001110010000000001000000000000,1,0,inf,0000000000000000001000000000000000000000000001000000000000001000001000001110000000000000000000000000,0.07,248.09797683931745,,,0.02624349994584918,533,47,0,True,20254,42640,62894,100,14,0.14,244.57239367606968,244.57239367606968,0.0,13.613861386138609,13.613861386138609,37.89473684210527,36.0,0.3592546754675466,3.428749999999999,3.428749999999999,2.0,1.7143749999999995,0,1,0,1,3977.101616856271,39.77101616856271,6765.368078182755,689.9448705685155,69.14844162539981,160.17061916514635,0,0,86
06ac6393eee7a87a46f65b36cf9d1863821846f32cd08b7f9dd84710f2fa08a1,2,4,20281117,0.6,3.0,hard,wa_mcbr_hard,1000100000000100000000000100000000000000000001000000000000001000000001001010010000000001000001000000,1,0,inf,1000100000000100000000000100000000000000000001000000000000001000000000001010000000000001000001000000,0.02,247.43845377191562,245.1358508067972,0.9393171001059315,0.008079749997705221,167,4,0,True,6346,13360,19706,100,12,0.12,246.88680627485024,246.88680627485024,0.0,11.63366336633663,11.63366336633663,37.89473684210527,36.0,0.3069994499449944,2.9412499999999993,2.9412499999999993,3.0,0.9804166666666664,0,0,0,0,4070.5791029998077,40.705791029998075,7200.702550865694,584.1751755718132,58.545905474560854,130.75007441214402,0,88,0
06ac6393eee7a87a46f65b36cf9d1863821846f32cd08b7f9dd84710f2fa08a1,2,4,20281117,0.6,3.0,soft,wa_mcbr_soft,1000000000000000001000100000000000000000000001000000000000001000001000001110000000000000000000000000,1,1,246.4993849418579,1000000000000000001000100000000000000000000001000000000000001000001000001110000000000000000000000000,0.0,246.4993849418579,,,0.039889374980702996,552,50,0,True,20976,44160,65136,100,9,0.09,247.52905590722747,246.4712331419131,1.0578227653143666,8.415841584158414,8.415841584158414,37.89473684210527,36.0,0.22208470847084702,2.1287499999999997,2.1287499999999997,3.0,0.7095833333333332,0,0,0,0,4091.0050838715456,40.910050838715456,7304.899503664598,553.6375672486885,55.50040717748287,91.37175181191442,0,0,91
06ac6393eee7a87a46f65b36cf9d1863821846f32cd08b7f9dd84710f2fa08a1,2,4,20281117,0.6,3.0,none,wa_mcbr_none,1000000000000100001000100100000000000000000001000000000000001000001001001110010000000001000000000000,1,0,inf,1000000000000100001000000100000000000000000001000000000000001000001000001110000000000000000000000000,0.04,245.38710449822548,,,0.026247667032293975,533,47,0,True,20254,42640,62894,100,14,0.14,244.57239367606968,244.57239367606968,0.0,13.613861386138609,13.613861386138609,37.89473684210527,36.0,0.3592546754675466,3.428749999999999,3.428749999999999,3.0,1.1429166666666664,0,1,0,1,3977.101616856271,39.77101616856271,6765.368078182755,689.9448705685155,69.14844162539981,160.17061916514635,0,0,86
06ac6393eee7a87a46f65b36cf9d1863821846f32cd08b7f9dd84710f2fa08a1,2,4,20281117,0.6,5.0,hard,wa_mcbr_hard,1000100000000100001000100100000000000000000001000000000000001000001000001110010000000000000001000000,1,1,244.58323998352907,1000100000000100001000100100000000000000000001000000000000001000001000001110010000000000000001000000,0.0,244.58323998352907,244.56874862854667,0.0059252684832625324,0.022663417039439082,451,24,0,True,17138,36080,53218,100,14,0.14,244.47721218135388,244.47721218135388,0.0,13.118811881188115,13.118811881188115,37.89473684210527,36.0,0.34619086908690855,3.331249999999999,3.331249999999999,5.0,0.6662499999999998,0,0,0,0,3978.526790922372,39.78526790922372,6772.561438914545,685.2533305353019,68.67420818183137,152.37459249132394,0,0,86
06ac6393eee7a87a46f65b36cf9d1863821846f32cd08b7f9dd84710f2fa08a1,2,4,20281117,0.6,5.0,soft,wa_mcbr_soft,1000100000000100001000100100000000000000000001000000000000001000001000001110000000000000000000000000,1,1,244.72573419138774,1000100000000100001000100100000000000000000001000000000000001000001000001110000000000000000000000000,0.0,244.72573419138774,,,0.054220000049099326,774,45,0,True,29412,61920,91332,100,12,0.12,245.15193886606465,244.65771752011253,0.49422134595211864,11.386138613861384,11.386138613861384,37.89473684210527,36.0,0.30046754675467535,2.892499999999999,2.892499999999999,5.0,0.5784999999999998,0,0,0,0,4009.0691785814333,40.090691785814336,6919.995767772871,661.7166542780595,66.31398107246424,127.38156084136027,0,0,88
06ac6393eee7a87a46f65b36cf9d1863821846f32cd08b7f9dd84710f2fa08a1,2,4,20281117,0.6,5.0,none,wa_mcbr_none,1000000000000100001000100100000000000000000001000000000000001000001001001110010000000001000000000000,1,1,244.66066580070915,1000000000000100001000100100000000000000000001000000000000001000001001001110010000000001000000000000,0.0,244.66066580070915,,,0.027430166956037283,533,47,0,True,20254,42640,62894,100,14,0.14,244.57239367606968,244.57239367606968,0.0,13.613861386138609,13.613861386138609,37.89473684210527,36.0,0.3592546754675466,3.428749999999999,3.428749999999999,5.0,0.6857499999999999,0,0,0,0,3977.101616856271,39.77101616856271,6765.368078182755,689.9448705685155,69.14844162539981,160.17061916514635,0,0,86
06ac6393eee7a87a46f65b36cf9d1863821846f32cd08b7f9dd84710f2fa08a1,2,4,20281117,0.6,13.0,hard,wa_mcbr_hard,1000000000000100001000100100000000000000000001000000000000001000001001001110010000000001000000000000,1,1,244.66066580070915,1000000000000100001000100100000000000000000001000000000000001000001001001110010000000001000000000000,0.0,244.66066580070915,244.56874862854667,0.03758336773521573,0.026730250101536512,533,47,0,True,20254,42640,62894,100,14,0.14,244.57239367606968,244.57239367606968,0.0,13.613861386138609,13.613861386138609,37.89473684210527,36.0,0.3592546754675466,3.428749999999999,3.428749999999999,13.0,0.26374999999999993,0,0,0,0,3977.101616856271,39.77101616856271,6765.368078182755,689.9448705685155,69.14844162539981,160.17061916514635,0,0,86
06ac6393eee7a87a46f65b36cf9d1863821846f32cd08b7f9dd84710f2fa08a1,2,4,20281117,0.6,13.0,soft,wa_mcbr_soft,1000000000000100001000100100000000000000000001000000000000001000001001001110010000000001000000000000,1,1,244.66066580070915,1000000000000100001000100100000000000000000001000000000000001000001001001110010000000001000000000000,0.0,244.66066580070915,,,0.04750229197088629,668,47,0,True,25384,53440,78824,100,14,0.14,244.61887888457784,244.57239367606968,0.04648520850816945,13.613861386138609,13.613861386138609,37.89473684210527,36.0,0.3592546754675466,3.428749999999999,3.428749999999999,13.0,0.26374999999999993,0,0,0,0,3977.101616856271,39.77101616856271,6765.368078182755,689.9448705685155,69.14844162539981,160.17061916514635,0,0,86
06ac6393eee7a87a46f65b36cf9d1863821846f32cd08b7f9dd84710f2fa08a1,2,4,20281117,0.6,13.0,none,wa_mcbr_none,1000000000000100001000100100000000000000000001000000000000001000001001001110010000000001000000000000,1,1,244.66066580070915,1000000000000100001000100100000000000000000001000000000000001000001001001110010000000001000000000000,0.0,244.66066580070915,,,0.02612262510228902,533,47,0,True,20254,42640,62894,100,14,0.14,244.57239367606968,244.57239367606968,0.0,13.613861386138609,13.613861386138609,37.89473684210527,36.0,0.3592546754675466,3.428749999999999,3.428749999999999,13.0,0.26374999999999993,0,0,0,0,3977.101616856271,39.77101616856271,6765.368078182755,689.9448705685155,69.14844162539981,160.17061916514635,0,0,86
06ac6393eee7a87a46f65b36cf9d1863821846f32cd08b7f9dd84710f2fa08a1,2,4,20281117,0.8,1.5,hard,wa_mcbr_hard,1000100000000000000000000100000000000000000000000000000000001000000000001010000000000000000000000000,1,0,inf,0000100000000000000000000100000000000000000000000000000000001000000000001010000000000000000000000000,0.01,252.3437367981101,249.34252460603568,1.2036503588051648,0.007918625022284687,100,0,0,True,3800,8000,11800,100,6,0.06,251.15678106463693,251.15678106463693,0.0,5.693069306930693,5.693069306930693,50.526315789473685,48.0,0.1126753300330033,1.4462499999999998,1.4462499999999998,1.5,0.9641666666666665,0,0,0,0,4227.49393508907,42.2749393508907,7934.598915223343,330.57671371756874,33.152537223983224,51.74580112744813,0,94,0
06ac6393eee7a87a46f65b36cf9d1863821846f32cd08b7f9dd84710f2fa08a1,2,4,20281117,0.8,1.5,soft,wa_mcbr_soft,0000000000000000000000100000000000000000000001000000000000000000000000001110000000000000000000000000,1,1,250.66789009980224,0000000000000000000000100000000000000000000001000000000000000000000000001110000000000000000000000000,0.0,250.66789009980224,,,0.05342679098248482,653,52,0,True,24814,52240,77054,100,5,0.05,251.88957716659894,250.6619381788795,1.2276389877194545,4.702970297029703,4.702970297029703,50.526315789473685,48.0,0.0930796204620462,1.2025,1.2025,1.5,0.8016666666666666,0,0,0,0,4202.278480989492,42.02278480989492,7819.44571045853,490.03804130542966,49.142091706048234,45.65815659293797,0,0,95
06ac6393eee7a87a46f65b36cf9d1863821846f32cd08b7f9dd84710f2fa08a1,2,4,20281117,0.8,1.5,none,wa_mcbr_none,1000100000000100001000100100000000000000000001000000000000001000001001001110010000000001000001000000,1,0,inf,0000000000000000000000000000000000000000000001000000000000000000001000001110000000000000000000000000,0.11,250.06863937421377,,,0.03985191707033664,774,63,0,True,29412,61920,91332,100,16,0.16,243.70767556799123,243.70767556799123,0.0,15.099009900990097,15.099009900990097,50.526315789473685,48.0,0.29883457095709565,3.8187499999999996,3.8187499999999996,1.5,2.545833333333333,0,1,0,1,3945.114744868071,39.45114744868071,6614.351581844708,718.1223154517229,71.97386529418256,126.54923880267701,0,0,84
06ac6393eee7a87a46f65b36cf9d1863821846f32cd08b7f9dd84710f2fa08a1,2,4,20281117,0.8,2.0,hard,wa_mcbr_hard,1000100000000100000000000100000000000000000000000000000000001000000000001010000000000000000001000000,1,0,inf,1000100000000000000000000100000000000000000000000000000000001000000000001010000000000000000001000000,0.01,250.48535818562425,247.58523961072223,1.1713616609220623,0.005314083071425557,100,0,0,True,3800,8000,11800,100,8,0.08,249.5527110807194,249.5527110807194,0.0,7.425742574257425,7.425742574257425,50.526315789473685,48.0,0.1469678217821782,1.8849999999999998,1.8849999999999998,2.0,0.9424999999999999,0,0,0,0,4193.248996211549,41.93248996211549,7776.275184851063,343.05234653793593,34.39810638305183,63.0721799056946,0,92,0
06ac6393eee7a87a46f65b36cf9d1863821846f32cd08b7f9dd84710f2fa08a1,2,4,20281117,0.8,2.0,soft,wa_mcbr_soft,0000000000000000000000100000000000000000000001000000000000000000000000001110010000000000000000000000,1,1,249.9734436488529,0000000000000000000000100000000000000000000001000000000000000000000000001110010000000000000000000000,0.0,249.9734436488529,,,0.040007167030125856,560,55,0,True,21280,44800,66080,100,6,0.06,250.75151027784327,249.96560497525434,0.7859053025889404,5.693069306930693,5.693069306930693,50.526315789473685,48.0,0.1126753300330033,1.4462499999999998,1.4462499999999998,2.0,0.7231249999999999,0,0,0,0,4185.261523945339,41.85261523945339,7740.29592111984,491.84152309567344,49.32018664008553,51.74580112744813,0,0,94
06ac6393eee7a87a46f65b36cf9d1863821846f32cd08b7f9dd84710f2fa08a1,2,4,20281117,0.8,2.0,none,wa_mcbr_none,1000100000000100001000100100000000000000000001000000000000001000001001001110010000000001000001000000,1,0,inf,0000000000000000001000000000000000000000000001000000000000001000001000001110000000000000000000000000,0.09,247.98964547761923,,,0.04087454196996987,774,63,0,True,29412,61920,91332,100,16,0.16,243.70767556799123,243.70767556799123,0.0,15.099009900990097,15.099009900990097,50.526315789473685,48.0,0.29883457095709565,3.8187499999999996,3.8187499999999996,2.0,1.9093749999999998,0,1,0,1,3945.114744868071,39.45114744868071,6614.351581844708,718.1223154517229,71.97386529418256,126.54923880267701,0,0,84
06ac6393eee7a87a46f65b36cf9d1863821846f32cd08b7f9dd84710f2fa08a1,2,4,20281117,0.8,3.0,hard,wa_mcbr_hard,1000101000000100001000000110000000000000000000000000000000001000000001001010010000000000000001000000,1,0,inf,1000101000000100001000000100000000000000000000000000000000001000000000001010010000000000000001000000,0.02,248.01135382263604,244.84283006818083,1.2941051831384551,0.011857417062856257,248,3,0,True,9424,19840,29264,100,13,0.13,247.41806629447927,247.41806629447927,0.0,11.63366336633663,11.63366336633663,50.526315789473685,48.0,0.23024958745874582,2.9737499999999994,2.9737499999999994,3.0,0.9912499999999999,0,0,0,0,4120.91026165871,41.209102616587096,7434.569372314436,436.777990216787,43.79787034121268,94.78059891471828,0,87,0
06ac6393eee7a87a46f65b36cf9d1863821846f32cd08b7f9dd84710f2fa08a1,2,4,20281117,0.8,3.0,soft,wa_mcbr_soft,1000000000000000000000000000000000000000000001000000000000001000101000001110000000000000000000000000,1,1,246.16825329906723,1000000000000000000000000000000000000000000001000000000000001000101000001110000000000000000000000000,0.0,246.16825329906723,,,0.09477620897814631,1341,61,0,True,50958,107280,158238,100,8,0.08,246.84687105214536,246.15260745540203,0.694263596743325,7.92079207920792,7.92079207920792,50.526315789473685,48.0,0.15676567656765675,2.0149999999999997,2.0149999999999997,3.0,0.6716666666666665,0,0,0,0,4054.5673334398775,40.54567333439878,7135.844606151006,804.4391848771095,80.57576887581322,66.47749510763208,0,0,92
06ac6393eee7a87a46f65b36cf9d1863821846f32cd08b7f9dd84710f2fa08a1,2,4,20281117,0.8,3.0,none,wa_mcbr_none,1000100000000100001000100100000000000000000001000000000000001000001001001110010000000001000001000000,1,0,inf,1000100000000100001000000000000000000000000001000000000000001000001000001110000000000000000001000000,0.05,245.35246819674794,,,0.03695762506686151,774,63,0,True,29412,61920,91332,100,16,0.16,243.70767556799123,243.70767556799123,0.0,15.099009900990097,15.099009900990097,50.526315789473685,48.0,0.29883457095709565,3.8187499999999996,3.8187499999999996,3.0,1.2729166666666665,0,1,0,1,3945.114744868071,39.45114744868071,6614.351581844708,718.1223154517229,71.97386529418256,126.54923880267701,0,0,84
06ac6393eee7a87a46f65b36cf9d1863821846f32cd08b7f9dd84710f2fa08a1,2,4,20281117,0.8,5.0,hard,wa_mcbr_hard,1000100000000100001000100100000000000000000001000000000000001000001001001110010000000001000001000000,1,1,243.7895061919947,1000100000000100001000100100000000000000000001000000000000001000001001001110010000000001000001000000,0.0,243.7895061919947,243.78950619199466,1.1658298945821193e-14,0.016742374980822206,317,18,0,True,12046,25360,37406,100,16,0.16,243.70767556799123,243.70767556799123,0.0,15.099009900990097,15.099009900990097,50.526315789473685,48.0,0.29883457095709565,3.8187499999999996,3.8187499999999996,5.0,0.7637499999999999,0,0,0,0,3945.114744868071,39.45114744868071,6614.351581844708,718.1223154517229,71.97386529418256,126.54923880267701,0,0,84
06ac6393eee7a87a46f65b36cf9d1863821846f32cd08b7f9dd84710f2fa08a1,2,4,20281117,0.8,5.0,soft,wa_mcbr_soft,1000000000000100001000100100000000000000000001000000000000001000001000001110010000000000000000000000,1,1,244.31065960359726,1000000000000100001000100100000000000000000001000000000000001000001000001110010000000000000000000000,0.0,244.31065960359726,,,0.04167070798575878,556,59,0,True,21128,44480,65608,100,12,0.12,244.80791445657297,244.2736005610657,0.5343138955072616,11.63366336633663,11.63366336633663,50.526315789473685,48.0,0.23024958745874582,2.9412499999999993,2.9412499999999993,5.0,0.5882499999999998,0,0,0,0,4009.445113406552,40.09445113406552,6923.59247205286,658.9788516312886,66.03933773835547,94.78059891471828,0,0,88
06ac6393eee7a87a46f65b36cf9d1863821846f32cd08b7f9dd84710f2fa08a1,2,4,20281117,0.8,5.0,none,wa_mcbr_none,1000100000000100001000100100000000000000000001000000000000001000001001001110010000000001000001000000,1,1,243.7895061919947,1000100000000100001000100100000000000000000001000000000000001000001001001110010000000001000001000000,0.0,243.7895061919947,,,0.036788041004911065,774,63,0,True,29412,61920,91332,100,16,0.16,243.70767556799123,243.70767556799123,0.0,15.099009900990097,15.099009900990097,50.526315789473685,48.0,0.29883457095709565,3.8187499999999996,3.8187499999999996,5.0,0.7637499999999999,0,0,0,0,3945.114744868071,39.45114744868071,6614.351581844708,718.1223154517229,71.97386529418256,126.54923880267701,0,0,84
06ac6393eee7a87a46f65b36cf9d1863821846f32cd08b7f9dd84710f2fa08a1,2,4,20281117,0.8,13.0,hard,wa_mcbr_hard,1000100000000100001000100100000000000000000001000000000000001000001001001110010000000001000001000000,1,1,243.7895061919947,1000100000000100001000100100000000000000000001000000000000001000001001001110010000000001000001000000,0.0,243.7895061919947,243.78950619199466,1.1658298945821193e-14,0.04143908398691565,774,63,0,True,29412,61920,91332,100,16,0.16,243.70767556799123,243.70767556799123,0.0,15.099009900990097,15.099009900990097,50.526315789473685,48.0,0.29883457095709565,3.8187499999999996,3.8187499999999996,13.0,0.29374999999999996,0,0,0,0,3945.114744868071,39.45114744868071,6614.351581844708,718.1223154517229,71.97386529418256,126.54923880267701,0,0,84
06ac6393eee7a87a46f65b36cf9d1863821846f32cd08b7f9dd84710f2fa08a1,2,4,20281117,0.8,13.0,soft,wa_mcbr_soft,1000100000000100001000100100000000000000000001000000000000001000001001001110010000000001000001000000,1,1,243.7895061919947,1000100000000100001000100100000000000000000001000000000000001000001001001110010000000001000001000000,0.0,243.7895061919947,,,0.045178750064224005,627,63,0,True,23826,50160,73986,100,16,0.16,243.77521189006956,243.70767556799123,0.06753632207831287,15.099009900990097,15.099009900990097,50.526315789473685,48.0,0.29883457095709565,3.8187499999999996,3.8187499999999996,13.0,0.29374999999999996,0,0,0,0,3945.114744868071,39.45114744868071,6614.351581844708,718.1223154517229,71.97386529418256,126.54923880267701,0,0,84
06ac6393eee7a87a46f65b36cf9d1863821846f32cd08b7f9dd84710f2fa08a1,2,4,20281117,0.8,13.0,none,wa_mcbr_none,1000100000000100001000100100000000000000000001000000000000001000001001001110010000000001000001000000,1,1,243.7895061919947,1000100000000100001000100100000000000000000001000000000000001000001001001110010000000001000001000000,0.0,243.7895061919947,,,0.036807875032536685,774,63,0,True,29412,61920,91332,100,16,0.16,243.70767556799123,243.70767556799123,0.0,15.099009900990097,15.099009900990097,50.526315789473685,48.0,0.29883457095709565,3.8187499999999996,3.8187499999999996,13.0,0.29374999999999996,0,0,0,0,3945.114744868071,39.45114744868071,6614.351581844708,718.1223154517229,71.97386529418256,126.54923880267701,0,0,84
06ac6393eee7a87a46f65b36cf9d1863821846f32cd08b7f9dd84710f2fa08a1,2,4,20281117,1.0,1.5,hard,wa_mcbr_hard,1000100000000000000000000100000000000000000000000000000000001000000000001010000000000000000000000000,1,0,inf,0000100000000000000000000100000000000000000000000000000000001000000000001010000000000000000000000000,0.01,252.3146300595312,249.3112704356496,1.2046625965338429,0.005310082924552262,100,0,0,True,3800,8000,11800,100,6,0.06,251.11491201620368,251.11491201620368,0.0,5.693069306930693,5.693069306930693,63.15789473684211,60.0,0.09014026402640263,1.4462499999999998,1.4462499999999998,1.5,0.9641666666666665,0,0,0,0,4227.452066040637,42.27452066040637,7934.598915223343,330.57671371756874,33.152537223983224,44.76762638857401,0,94,0
06ac6393eee7a87a46f65b36cf9d1863821846f32cd08b7f9dd84710f2fa08a1,2,4,20281117,1.0,1.5,soft,wa_mcbr_soft,0000000000000000000000000000000000000000000000000000000000000000001000000110010000000000000001000000,1,1,252.83357572475532,0000000000000000000000000000000000000000000000000000000000000000001000000110010000000000000001000000,0.0,252.83357572475532,,,0.039663792005740106,552,58,0,True,20976,44160,65136,100,5,0.05,253.62618859641728,252.83025580593656,0.7959327904807306,4.455445544554455,4.455445544554455,63.15789473684211,60.0,0.07054455445544554,1.12125,1.12125,1.5,0.7475,0,0,0,0,4266.768078355351,42.66768078355351,8114.5377559754525,274.64097067076693,27.551195090491483,38.97470039946738,0,0,95
06ac6393eee7a87a46f65b36cf9d1863821846f32cd08b7f9dd84710f2fa08a1,2,4,20281117,1.0,1.5,none,wa_mcbr_none,1000100000000100001000100100000000000000000001000000100000001000001001001110010000000001000001000000,1,0,inf,0000000000000000000000000000000000000000000001000000000000000000001000001110000000000000000000000000,0.12,250.03953263563488,,,0.06366645800881088,1293,74,0,True,49134,103440,152574,100,17,0.17,243.25842373782027,243.25842373782027,0.0,16.08910891089109,16.08910891089109,63.15789473684211,60.0,0.2547442244224422,4.0625,4.0625,1.5,2.7083333333333335,0,1,0,1,3930.6243693916126,39.30624369391612,6546.045973797885,731.2723109668685,73.29257634618935,105.45530030445613,0,0,83
06ac6393eee7a87a46f65b36cf9d1863821846f32cd08b7f9dd84710f2fa08a1,2,4,20281117,1.0,2.0,hard,wa_mcbr_hard,1000100000000100000000000100000000000000000000000000000000001000000000001010000000000000000001000000,1,0,inf,1000100000000000000000000100000000000000000000000000000000001000000000001010000000000000000001000000,0.01,250.4255017503874,247.52193563263498,1.1730540609789928,0.005404334049671888,100,0,0,True,3800,8000,11800,100,8,0.08,249.47461330486794,249.47461330486794,0.0,7.425742574257425,7.425742574257425,63.15789473684211,60.0,0.11757425742574255,1.8849999999999998,1.8849999999999998,2.0,0.9424999999999999,0,0,0,0,4193.170898435697,41.93170898435697,7776.275184851063,343.05234653793593,34.39810638305183,53.30995792426367,0,92,0
06ac6393eee7a87a46f65b36cf9d1863821846f32cd08b7f9dd84710f2fa08a1,2,4,20281117,1.0,2.0,soft,wa_mcbr_soft,1000000000000000000000000100000000000000000001000000000000000000001000001010000000000000000000000000,1,1,249.39063612232047,1000000000000000000000000100000000000000000001000000000000000000001000001010000000000000000000000000,0.0,249.39063612232047,,,0.045883042039349675,653,63,0,True,24814,52240,77054,100,6,0.06,250.70634273133078,249.3844282823312,1.3219144489995682,6.188118811881187,6.188118811881187,63.15789473684211,60.0,0.09797854785478546,1.57625,1.57625,2.0,0.788125,0,0,0,0,4160.360680142417,41.603606801424164,7625.168524479636,612.9580860884031,61.42074660599578,47.15527098101989,0,0,94
06ac6393eee7a87a46f65b36cf9d1863821846f32cd08b7f9dd84710f2fa08a1,2,4,20281117,1.0,2.0,none,wa_mcbr_none,1000100000000100001000100100000000000000000001000000100000001000001001001110010000000001000001000000,1,0,inf,0000000000000000001000000000000000000000000001000000000000001000001000001110000000000000000000000000,0.1,247.9297890423824,,,0.0625649590510875,1293,74,0,True,49134,103440,152574,100,17,0.17,243.25842373782027,243.25842373782027,0.0,16.08910891089109,16.08910891089109,63.15789473684211,60.0,0.2547442244224422,4.0625,4.0625,2.0,2.03125,0,1,0,1,3930.6243693916126,39.30624369391612,6546.045973797885,731.2723109668685,73.29257634618935,105.45530030445613,0,0,83
06ac6393eee7a87a46f65b36cf9d1863821846f32cd08b7f9dd84710f2fa08a1,2,4,20281117,1.0,3.0,hard,wa_mcbr_hard,1000101000000100001000000110000000000000000000000000000000001000000001001010010000000000000001000000,1,0,inf,1000101000000100001000000100000000000000000000000000000000001000000000001010010000000000000001000000,0.02,247.8501091267379,244.6898570787787,1.2915337340451145,0.011523375054821372,248,3,0,True,9424,19840,29264,100,13,0.13,247.1797364605475,247.1797364605475,0.0,11.63366336633663,11.63366336633663,63.15789473684211,60.0,0.18419966996699663,2.9737499999999994,2.9737499999999994,3.0,0.9912499999999999,0,0,0,0,4120.671931824778,41.20671931824778,7434.569372314436,436.777990216787,43.79787034121268,76.44753476611882,0,87,0
06ac6393eee7a87a46f65b36cf9d1863821846f32cd08b7f9dd84710f2fa08a1,2,4,20281117,1.0,3.0,soft,wa_mcbr_soft,0000000000000000000000100000000000000000000001000000000000001000101000001110000000000000000000000000,1,1,246.2685424167876,0000000000000000000000100000000000000000000001000000000000001000101000001110000000000000000000000000,0.0,246.2685424167876,,,0.053316625067964196,763,73,0,True,28994,61040,90034,100,8,0.08,246.95118820012857,246.25692460338524,0.694263596743325,7.92079207920792,7.92079207920792,63.15789473684211,60.0,0.12541254125412538,2.0149999999999997,2.0149999999999997,3.0,0.6716666666666665,0,0,0,0,4056.1913382782413,40.561913382782414,7143.05557184757,818.0682281763974,81.94648094623638,55.84905660377357,0,0,92
06ac6393eee7a87a46f65b36cf9d1863821846f32cd08b7f9dd84710f2fa08a1,2,4,20281117,1.0,3.0,none,wa_mcbr_none,1000100000000100001000100100000000000000000001000000100000001000001001001110010000000001000001000000,1,0,inf,1000100000000100001000000000000000000000000001000000000000001000001000001110000000000000000001000000,0.06,245.18419790840557,,,0.06330637505743653,1293,74,0,True,49134,103440,152574,100,17,0.17,243.25842373782027,243.25842373782027,0.0,16.08910891089109,16.08910891089109,63.15789473684211,60.0,0.2547442244224422,4.0625,4.0625,3.0,1.3541666666666667,0,1,0,1,3930.6243693916126,39.30624369391612,6546.045973797885,731.2723109668685,73.29257634618935,105.45530030445613,0,0,83
06ac6393eee7a87a46f65b36cf9d1863821846f32cd08b7f9dd84710f2fa08a1,2,4,20281117,1.0,5.0,hard,wa_mcbr_hard,1000100000000100001000100100000000000000000001000000100000001000001001001110010000000001000001000000,1,1,243.3210012903429,1000100000000100001000100100000000000000000001000000100000001000001001001110010000000001000001000000,0.0,243.3210012903429,243.31497274050824,0.0024776731849940987,0.01669887499883771,317,19,0,True,12046,25360,37406,100,17,0.17,243.25842373782027,243.25842373782027,0.0,16.08910891089109,16.08910891089109,63.15789473684211,60.0,0.2547442244224422,4.0625,4.0625,5.0,0.8125,0,0,0,0,3930.6243693916126,39.30624369391612,6546.045973797885,731.2723109668685,73.29257634618935,105.45530030445613,0,0,83
06ac6393eee7a87a46f65b36cf9d1863821846f32cd08b7f9dd84710f2fa08a1,2,4,20281117,1.0,5.0,soft,wa_mcbr_soft,1000000000000100001000100100000000000000000001000000000000001000101000001110000000000000000000000000,1,1,243.91126783166692,1000000000000100001000100100000000000000000001000000000000001000101000001110000000000000000000000000,0.0,243.91126783166692,,,0.038628167007118464,533,69,0,True,20254,42640,62894,100,12,0.12,244.48933054159892,243.8808387117905,0.6084918298084162,11.881188118811878,11.881188118811878,63.15789473684211,60.0,0.18811881188118804,3.0224999999999995,3.0224999999999995,5.0,0.6044999999999999,0,0,0,0,3950.5322930450247,39.50532293045025,6646.681426242734,899.7642578170929,90.11885356114095,77.92682926829265,0,0,88
06ac6393eee7a87a46f65b36cf9d1863821846f32cd08b7f9dd84710f2fa08a1,2,4,20281117,1.0,5.0,none,wa_mcbr_none,1000100000000100001000100100000000000000000001000000100000001000001001001110010000000001000001000000,1,1,243.3210012903429,1000100000000100001000100100000000000000000001000000100000001000001001001110010000000001000001000000,0.0,243.3210012903429,,,0.06209399993531406,1293,74,0,True,49134,103440,152574,100,17,0.17,243.25842373782027,243.25842373782027,0.0,16.08910891089109,16.08910891089109,63.15789473684211,60.0,0.2547442244224422,4.0625,4.0625,5.0,0.8125,0,0,0,0,3930.6243693916126,39.30624369391612,6546.045973797885,731.2723109668685,73.29257634618935,105.45530030445613,0,0,83
06ac6393eee7a87a46f65b36cf9d1863821846f32cd08b7f9dd84710f2fa08a1,2,4,20281117,1.0,13.0,hard,wa_mcbr_hard,1000100000000100001000100100000000000000000001000000100000001000001001001110010000000001000001000000,1,1,243.3210012903429,1000100000000100001000100100000000000000000001000000100000001000001001001110010000000001000001000000,0.0,243.3210012903429,243.31497274050824,0.0024776731849940987,0.02709987503476441,552,62,0,True,20976,44160,65136,100,17,0.17,243.25842373782027,243.25842373782027,0.0,16.08910891089109,16.08910891089109,63.15789473684211,60.0,0.2547442244224422,4.0625,4.0625,13.0,0.3125,0,0,0,0,3930.6243693916126,39.30624369391612,6546.045973797885,731.2723109668685,73.29257634618935,105.45530030445613,0,0,83
06ac6393eee7a87a46f65b36cf9d1863821846f32cd08b7f9dd84710f2fa08a1,2,4,20281117,1.0,13.0,soft,wa_mcbr_soft,1000100000000100001000100100000000000000000001000000000000001000001001001110010000000001000001000000,1,1,243.31497274050827,1000100000000100001000100100000000000000000001000000000000001000001001001110010000000001000001000000,0.0,243.31497274050827,,,0.06882462510839105,970,73,0,True,36860,77600,114460,100,16,0.16,243.32713320449372,243.2595968824154,0.06753632207831287,15.099009900990097,15.099009900990097,63.15789473684211,60.0,0.2390676567656765,3.8187499999999996,3.8187499999999996,13.0,0.29374999999999996,0,0,0,0,3944.6666661824947,39.44666666182495,6614.351581844708,718.1223154517229,71.97386529418256,98.54432095418811,0,0,84
06ac6393eee7a87a46f65b36cf9d1863821846f32cd08b7f9dd84710f2fa08a1,2,4,20281117,1.0,13.0,none,wa_mcbr_none,1000100000000100001000100100000000000000000001000000100000001000001001001110010000000001000001000000,1,1,243.3210012903429,1000100000000100001000100100000000000000000001000000100000001000001001001110010000000001000001000000,0.0,243.3210012903429,,,0.06180591706652194,1293,74,0,True,49134,103440,152574,100,17,0.17,243.25842373782027,243.25842373782027,0.0,16.08910891089109,16.08910891089109,63.15789473684211,60.0,0.2547442244224422,4.0625,4.0625,13.0,0.3125,0,0,0,0,3930.6243693916126,39.30624369391612,6546.045973797885,731.2723109668685,73.29257634618935,105.45530030445613,0,0,83
06ac6393eee7a87a46f65b36cf9d1863821846f32cd08b7f9dd84710f2fa08a1,2,5,20281214,0.2,1.5,hard,wa_mcbr_hard,0000100000000001001000100000000000000000000010000000000000000000000000000110000000000000000000000000,1,0,inf,0000100000000000001000100000000000000000000010000000000000000000000000000110000000000000000000000000,0.01,253.68551420598183,250.1210474323679,1.4250966922636739,0.006571417092345655,131,1,0,True,4978,10480,15458,100,7,0.07,253.34792670821443,253.34792670821443,0.0,5.693069306930693,5.693069306930693,12.631578947368421,12.0,0.4507013201320132,1.47875,1.47875,1.5,0.9858333333333333,0,0,0,0,4258.964396871059,42.58964396871059,8071.3795575959575,255.5023264647322,25.651085136638144,225.12579797221176,0,93,0
06ac6393eee7a87a46f65b36cf9d1863821846f32cd08b7f9dd84710f2fa08a1,2,5,20281214,0.2,1.5,soft,wa_mcbr_soft,1000000000000000000000000000000000000000000000000000000000001000000000000110000000000001000000000000,1,1,252.9018816140764,1000000000000000000000000000000000000000000000000000000000001000000000000110000000000001000000000000,0.0,252.9018816140764,,,0.0321390830213204,430,13,0,True,16340,34400,50740,100,5,0.05,253.9094775649538,252.87720838201548,1.0322691829383026,4.702970297029703,4.702970297029703,12.631578947368421,12.0,0.3723184818481848,1.17,1.17,1.5,0.7799999999999999,0,0,0,0,4264.535637149737,42.64535637149737,8103.689732381408,178.8362699081371,17.946476281916542,168.29116003943474,0,0,95
06ac6393eee7a87a46f65b36cf9d1863821846f32cd08b7f9dd84710f2fa08a1,2,5,20281214,0.2,1.5,none,wa_mcbr_none,1000000000000000000000000000000000000000000000000000000000001000101000001110000000000000000000000000,1,0,inf,0000000000000000000000000000000000000000000000000000000000000000101000001110000000000000000000000000,0.02,250.12104743236796,,,0.0378502500243485,784,21,0,True,29792,62720,92512,100,7,0.07,248.853739380531,248.853739380531,0.0,6.683168316831682,6.683168316831682,12.631578947368421,12.0,0.5290841584158414,1.69,1.69,1.5,1.1266666666666667,0,1,0,1,4128.3106550655775,41.28310655065577,7473.941066075198,486.35601744030066,48.7237250284148,300.88042049934285,0,0,93
06ac6393eee7a87a46f65b36cf9d1863821846f32cd08b7f9dd84710f2fa08a1,2,5,20281214,0.2,2.0,hard,wa_mcbr_hard,1000000000000000000000000000000000000000000000000000000000001000101000001110000000000000000000000000,1,1,248.99432574833037,1000000000000000000000000000000000000000000000000000000000001000101000001110000000000000000000000000,0.0,248.99432574833037,248.9943257483303,2.2829202508920705e-14,0.03377137507777661,784,17,0,True,29792,62720,92512,100,7,0.07,248.853739380531,248.853739380531,0.0,6.683168316831682,6.683168316831682,12.631578947368421,12.0,0.5290841584158414,1.69,1.69,2.0,0.845,0,0,0,0,4128.3106550655775,41.28310655065577,7473.941066075198,486.35601744030066,48.7237250284148,300.88042049934285,0,35,58
06ac6393eee7a87a46f65b36cf9d1863821846f32cd08b7f9dd84710f2fa08a1,2,5,20281214,0.2,2.0,soft,wa_mcbr_soft,0000000000000000000000000000000000000000000000000000000000001000101000001110000000000000000000000000,1,1,249.3393208875263,0000000000000000000000000000000000000000000000000000000000001000101000001110000000000000000000000000,0.0,249.3393208875263,,,0.07091470796149224,1041,20,0,True,39558,83280,122838,100,6,0.06,250.04128199436758,249.25537669177865,0.7859053025889411,5.693069306930693,5.693069306930693,12.631578947368421,12.0,0.4507013201320132,1.44625,1.44625,2.0,0.723125,0,0,0,0,4152.632786887489,41.52632786887489,7589.088721170824,480.33868327581735,48.12019513726388,225.12579797221176,0,0,94
06ac6393eee7a87a46f65b36cf9d1863821846f32cd08b7f9dd84710f2fa08a1,2,5,20281214,0.2,2.0,none,wa_mcbr_none,1000000000000000000000000000000000000000000000000000000000001000101000001110000000000000000000000000,1,1,248.99432574833037,1000000000000000000000000000000000000000000000000000000000001000101000001110000000000000000000000000,0.0,248.99432574833037,,,0.03703337488695979,784,21,0,True,29792,62720,92512,100,7,0.07,248.853739380531,248.853739380531,0.0,6.683168316831682,6.683168316831682,12.631578947368421,12.0,0.5290841584158414,1.69,1.69,2.0,0.845,0,0,0,0,4128.3106550655775,41.28310655065577,7473.941066075198,486.35601744030066,48.7237250284148,300.88042049934285,0,0,93
06ac6393eee7a87a46f65b36cf9d1863821846f32cd08b7f9dd84710f2fa08a1,2,5,20281214,0.2,3.0,hard,wa_mcbr_hard,1000000000000000000000000000000000000000000000000000000000001000101000001110000000000000000000000000,1,1,248.99432574833037,1000000000000000000000000000000000000000000000000000000000001000101000001110000000000000000000000000,0.0,248.99432574833037,248.9943257483303,2.2829202508920705e-14,0.04060562502127141,784,21,0,True,29792,62720,92512,100,7,0.07,248.853739380531,248.853739380531,0.0,6.683168316831682,6.683168316831682,12.631578947368421,12.0,0.5290841584158414,1.69,1.69,3.0,0.5633333333333334,0,0,0,0,4128.3106550655775,41.28310655065577,7473.941066075198,486.35601744030066,48.7237250284148,300.88042049934285,0,0,93
06ac6393eee7a87a46f65b36cf9d1863821846f32cd08b7f9dd84710f2fa08a1,2,5,20281214,0.2,3.0,soft,wa_mcbr_soft,1000100000000000000000000000000000000000000000000000000000000000101000001110000000000000000000000000,1,1,249.2870943150117,1000100000000000000000000000000000000000000000000000000000000000101000001110000000000000000000000000,0.0,249.2870943150117,,,0.04205854202155024,555,17,0,True,21090,44400,65490,100,7,0.07,249.35231600944616,249.12809019337914,0.22422581606702813,6.435643564356435,6.435643564356435,12.631578947368421,12.0,0.5094884488448844,1.6412499999999999,1.6412499999999999,3.0,0.5470833333333333,0,0,0,0,4139.225267991462,41.39225267991462,7524.32732084424,466.79486265140054,46.76012060564537,279.6719932716568,0,0,93
06ac6393eee7a87a46f65b36cf9d1863821846f32cd08b7f9dd84710f2fa08a1,2,5,20281214,0.2,3.0,none,wa_mcbr_none,1000000000000000000000000000000000000000000000000000000000001000101000001110000000000000000000000000,1,1,248.99432574833037,1000000000000000000000000000000000000000000000000000000000001000101000001110000000000000000000000000,0.0,248.99432574833037,,,0.036575208068825305,784,21,0,True,29792,62720,92512,100,7,0.07,248.853739380531,248.853739380531,0.0,6.683168316831682,6.683168316831682,12.631578947368421,12.0,0.5290841584158414,1.69,1.69,3.0,0.5633333333333334,0,0,0,0,4128.3106550655775,41.28310655065577,7473.941066075198,486.35601744030066,48.7237250284148,300.88042049934285,0,0,93
06ac6393eee7a87a46f65b36cf9d1863821846f32cd08b7f9dd84710f2fa08a1,2,5,20281214,0.2,5.0,hard,wa_mcbr_hard,1000000000000000000000000000000000000000000000000000000000001000101000001110000000000000000000000000,1,1,248.99432574833037,1000000000000000000000000000000000000000000000000000000000001000101000001110000000000000000000000000,0.0,248.99432574833037,248.9943257483303,2.2829202508920705e-14,0.03708158293738961,784,21,0,True,29792,62720,92512,100,7,0.07,248.853739380531,248.853739380531,0.0,6.683168316831682,6.683168316831682,12.631578947368421,12.0,0.5290841584158414,1.69,1.69,5.0,0.33799999999999997,0,0,0,0,4128.3106550655775,41.28310655065577,7473.941066075198,486.35601744030066,48.7237250284148,300.88042049934285,0,0,93
06ac6393eee7a87a46f65b36cf9d1863821846f32cd08b7f9dd84710f2fa08a1,2,5,20281214,0.2,5.0,soft,wa_mcbr_soft,1000000000000000000000000000000000000000000000000000000000001000101000001110000000000000000000000000,1,1,248.99432574833037,1000000000000000000000000000000000000000000000000000000000001000101000001110000000000000000000000000,0.0,248.99432574833037,,,0.054478209000080824,784,21,0,True,29792,62720,92512,100,7,0.07,248.89583682278715,248.853739380531,0.04209744225612295,6.683168316831682,6.683168316831682,12.631578947368421,12.0,0.5290841584158414,1.69,1.69,5.0,0.33799999999999997,0,0,0,0,4128.3106550655775,41.28310655065577,7473.941066075198,486.35601744030066,48.7237250284148,300.88042049934285,0,0,93
06ac6393eee7a87a46f65b36cf9d1863821846f32cd08b7f9dd84710f2fa08a1,2,5,20281214,0.2,5.0,none,wa_mcbr_none,1000000000000000000000000000000000000000000000000000000000001000101000001110000000000000000000000000,1,1,248.99432574833037,1000000000000000000000000000000000000000000000000000000000001000101000001110000000000000000000000000,0.0,248.99432574833037,,,0.036734624998643994,784,21,0,True,29792,62720,92512,100,7,0.07,248.853739380531,248.853739380531,0.0,6.683168316831682,6.683168316831682,12.631578947368421,12.0,0.5290841584158414,1.69,1.69,5.0,0.33799999999999997,0,0,0,0,4128.3106550655775,41.28310655065577,7473.941066075198,486.35601744030066,48.7237250284148,300.88042049934285,0,0,93
06ac6393eee7a87a46f65b36cf9d1863821846f32cd08b7f9dd84710f2fa08a1,2,5,20281214,0.2,13.0,hard,wa_mcbr_hard,1000000000000000000000000000000000000000000000000000000000001000101000001110000000000000000000000000,1,1,248.99432574833037,1000000000000000000000000000000000000000000000000000000000001000101000001110000000000000000000000000,0.0,248.99432574833037,248.9943257483303,2.2829202508920705e-14,0.03680304205045104,784,21,0,True,29792,62720,92512,100,7,0.07,248.853739380531,248.853739380531,0.0,6.683168316831682,6.683168316831682,12.631578947368421,12.0,0.5290841584158414,1.69,1.69,13.0,0.13,0,0,0,0,4128.3106550655775,41.28310655065577,7473.941066075198,486.35601744030066,48.7237250284148,300.88042049934285,0,0,93
06ac6393eee7a87a46f65b36cf9d1863821846f32cd08b7f9dd84710f2fa08a1,2,5,20281214,0.2,13.0,soft,wa_mcbr_soft,1000000000000000000000000000000000000000000000000000000000001000101000001110000000000000000000000000,1,1,248.99432574833037,1000000000000000000000000000000000000000000000000000000000001000101000001110000000000000000000000000,0.0,248.99432574833037,,,0.05445537494961172,784,21,0,True,29792,62720,92512,100,7,0.07,248.86171179175716,248.853739380531,0.007972411226143332,6.683168316831682,6.683168316831682,12.631578947368421,12.0,0.5290841584158414,1.69,1.69,13.0,0.13,0,0,0,0,4128.3106550655775,41.28310655065577,7473.941066075198,486.35601744030066,48.7237250284148,300.88042049934285,0,0,93
06ac6393eee7a87a46f65b36cf9d1863821846f32cd08b7f9dd84710f2fa08a1,2,5,20281214,0.2,13.0,none,wa_mcbr_none,1000000000000000000000000000000000000000000000000000000000001000101000001110000000000000000000000000,1,1,248.99432574833037,1000000000000000000000000000000000000000000000000000000000001000101000001110000000000000000000000000,0.0,248.99432574833037,,,0.036699458956718445,784,21,0,True,29792,62720,92512,100,7,0.07,248.853739380531,248.853739380531,0.0,6.683168316831682,6.683168316831682,12.631578947368421,12.0,0.5290841584158414,1.69,1.69,13.0,0.13,0,0,0,0,4128.3106550655775,41.28310655065577,7473.941066075198,486.35601744030066,48.7237250284148,300.88042049934285,0,0,93
06ac6393eee7a87a46f65b36cf9d1863821846f32cd08b7f9dd84710f2fa08a1,2,5,20281214,0.4,1.5,hard,wa_mcbr_hard,0000100000000001001000100000000000000000000010000000000000000000000000000110000000000000000000000000,1,0,inf,0000100000000000001000100000000000000000000010000000000000000000000000000110000000000000000000000000,0.01,253.09581348842113,249.62963016773398,1.3885304073711575,0.0064273340394720435,131,1,0,True,4978,10480,15458,100,7,0.07,252.4211327952887,252.4211327952887,0.0,5.693069306930693,5.693069306930693,25.263157894736842,24.0,0.2253506600660066,1.47875,1.47875,1.5,0.9858333333333333,0,0,0,0,4258.037602958133,42.58037602958133,8071.3795575959575,255.5023264647322,25.651085136638144,92.72666755425377,0,93,0
06ac6393eee7a87a46f65b36cf9d1863821846f32cd08b7f9dd84710f2fa08a1,2,5,20281214,0.4,1.5,soft,wa_mcbr_soft,1000000000000000001000000000000000000000000000000000000000000000000000001110000000000000000000000000,1,1,252.26081524019935,1000000000000000001000000000000000000000000000000000000000000000000000001110000000000000000000000000,0.0,252.26081524019935,,,0.032485750038176775,439,26,0,True,16682,35120,51802,100,5,0.05,252.86071225647018,252.24700701617695,0.6137052402932246,4.207920792079207,4.207920792079207,25.263157894736842,24.0,0.16656353135313529,1.0725,1.0725,1.5,0.715,0,0,0,0,4257.0647487009255,42.57064748700925,8071.311945095202,222.98686430344983,22.389019040391695,69.96287588169781,0,0,95
06ac6393eee7a87a46f65b36cf9d1863821846f32cd08b7f9dd84710f2fa08a1,2,5,20281214,0.4,1.5,none,wa_mcbr_none,1000100000000100000000100000000000000000001000000000000000001000101000001110000000000001000000000000,1,0,inf,0000000000000000000000000000000000000000000000000000000000000000101000001110000000000000000000000000,0.07,249.62963016773404,,,0.04338929196819663,880,39,0,True,33440,70400,103840,100,12,0.12,245.61205077776086,245.61205077776086,0.0,11.63366336633663,11.63366336633663,25.263157894736842,24.0,0.46049917491749165,2.9412499999999993,2.9412499999999993,1.5,1.9608333333333328,0,1,0,1,4022.9449989614773,40.22944998961477,6981.095840674239,578.691925818623,57.98672285325845,233.39132097113352,0,0,88
06ac6393eee7a87a46f65b36cf9d1863821846f32cd08b7f9dd84710f2fa08a1,2,5,20281214,0.4,2.0,hard,wa_mcbr_hard,0100100000000001001100100000000000000000000000000000000000000000000000000110000000000000000001000000,1,0,inf,0000100000000001001100100000000000000000000000000000000000000000000000000110000000000000000001000000,0.01,251.8359888051575,247.5451430750407,1.7333588842888707,0.006118832970969379,118,1,0,True,4484,9440,13924,100,9,0.09,251.39057690161758,251.39057690161758,0.0,7.92079207920792,7.92079207920792,25.263157894736842,24.0,0.3135313531353135,1.99875,1.99875,2.0,0.999375,0,0,0,0,4222.0850962470895,42.2208509624709,7902.288841332538,319.7168907022332,32.093481393072956,134.1826923076923,0,91,0
06ac6393eee7a87a46f65b36cf9d1863821846f32cd08b7f9dd84710f2fa08a1,2,5,20281214,0.4,2.0,soft,wa_mcbr_soft,0000000000000000000000100000000000000000000000000000000000000000101000001110000000000000000000000000,1,1,248.90661110516226,0000000000000000000000100000000000000000000000000000000000000000101000001110000000000000000000000000,0.0,248.90661110516226,,,0.0652988749789074,907,33,0,True,34466,72560,107026,100,6,0.06,249.67182286591716,248.88591756332823,0.7859053025889411,5.693069306930693,5.693069306930693,25.263157894736842,24.0,0.2253506600660066,1.44625,1.44625,2.0,0.723125,0,0,0,0,4157.582797778219,41.57582797778219,7614.303267734311,504.40629548233363,50.544622385189086,92.72666755425377,0,0,94
06ac6393eee7a87a46f65b36cf9d1863821846f32cd08b7f9dd84710f2fa08a1,2,5,20281214,0.4,2.0,none,wa_mcbr_none,1000100000000100000000100000000000000000001000000000000000001000101000001110000000000001000000000000,1,0,inf,0000100000000000000000000000000000000000000000000000000000001000101000001110000000000000000000000000,0.05,247.81971623715833,,,0.04336612508632243,880,39,0,True,33440,70400,103840,100,12,0.12,245.61205077776086,245.61205077776086,0.0,11.63366336633663,11.63366336633663,25.263157894736842,24.0,0.46049917491749165,2.9412499999999993,2.9412499999999993,2.0,1.4706249999999996,0,1,0,1,4022.9449989614773,40.22944998961477,6981.095840674239,578.691925818623,57.98672285325845,233.39132097113352,0,0,88
06ac6393eee7a87a46f65b36cf9d1863821846f32cd08b7f9dd84710f2fa08a1,2,5,20281214,0.4,3.0,hard,wa_mcbr_hard,1100100000000001000100100000000000000000000000000000000000001000000100000110000000000001000000010000,1,0,inf,1000100000000001000100100000000000000000000000000000000000001000000100000110000000000001000000000000,0.02,249.2333782639817,245.93992237363514,1.3391302471597528,0.018813875038176775,430,8,0,True,16340,34400,50740,100,12,0.12,248.98060296186964,248.98060296186964,0.0,11.386138613861382,11.386138613861382,25.263157894736842,24.0,0.45070132013201303,2.8274999999999997,2.8274999999999997,3.0,0.9424999999999999,0,0,0,0,4144.11340643628,41.44113406436279,7538.822628991179,350.9914050511378,35.21908259827084,225.12579797221164,0,85,3
06ac6393eee7a87a46f65b36cf9d1863821846f32cd08b7f9dd84710f2fa08a1,2,5,20281214,0.4,3.0,soft,wa_mcbr_soft,1000100000000000000000000000000000000000000000000000000000001000101000001110000000000000000000000000,1,1,246.95311956146764,1000100000000000000000000000000000000000000000000000000000001000101000001110000000000000000000000000,0.0,246.95311956146764,,,0.06108258303720504,868,37,0,True,32984,69440,102424,100,8,0.08,247.39975986673366,246.90888706033897,0.49087280639468867,7.425742574257425,7.425742574257425,25.263157894736842,24.0,0.2939356435643564,1.8849999999999998,1.8849999999999998,3.0,0.6283333333333333,0,0,0,0,4109.285389881575,41.09285389881575,7391.189978125925,486.5983627166458,48.74726574075271,124.07537248028046,0,0,92
06ac6393eee7a87a46f65b36cf9d1863821846f32cd08b7f9dd84710f2fa08a1,2,5,20281214,0.4,3.0,none,wa_mcbr_none,1000100000000100000000100000000000000000001000000000000000001000101000001110000000000001000000000000,1,0,inf,1000100000000100000000000000000000000000000000000000000000001000101000001110000000000001000000000000,0.02,246.09092160198927,,,0.043505750014446676,880,39,0,True,33440,70400,103840,100,12,0.12,245.61205077776086,245.61205077776086,0.0,11.63366336633663,11.63366336633663,25.263157894736842,24.0,0.46049917491749165,2.9412499999999993,2.9412499999999993,3.0,0.9804166666666664,0,0,0,0,4022.9449989614773,40.22944998961477,6981.095840674239,578.691925818623,57.98672285325845,233.39132097113352,0,0,88
06ac6393eee7a87a46f65b36cf9d1863821846f32cd08b7f9dd84710f2fa08a1,2,5,20281214,0.4,5.0,hard,wa_mcbr_hard,1000100000000100000000100000000000000000001000000000000000001000101000001110000000000001000000000000,1,1,245.76564064039295,1000100000000100000000100000000000000000001000000000000000001000101000001110000000000001000000000000,0.0,245.76564064039295,245.75114011099623,0.005900493234808093,0.04411145800258964,880,30,0,True,33440,70400,103840,100,12,0.12,245.61205077776086,245.61205077776086,0.0,11.63366336633663,11.63366336633663,25.263157894736842,24.0,0.46049917491749165,2.9412499999999993,2.9412499999999993,5.0,0.5882499999999998,0,0,0,0,4022.9449989614773,40.22944998961477,6981.095840674239,578.691925818623,57.98672285325845,233.39132097113352,0,0,88
06ac6393eee7a87a46f65b36cf9d1863821846f32cd08b7f9dd84710f2fa08a1,2,5,20281214,0.4,5.0,soft,wa_mcbr_soft,1000100000000100000000000000000000000000001000000000000000001000101000001110000000000001000000000000,1,1,245.75114011099626,1000100000000100000000000000000000000000001000000000000000001000101000001110000000000001000000000000,0.0,245.75114011099626,,,0.06518129201140255,880,38,0,True,33440,70400,103840,100,11,0.11,245.96399965813447,245.63238550338247,0.3316141547519952,10.643564356435641,10.643564356435641,25.263157894736842,24.0,0.42130775577557744,2.6974999999999993,2.6974999999999993,5.0,0.5394999999999999,0,0,0,0,4045.3668937198154,40.45366893719815,7088.995578318608,540.4363289947255,54.14348350978539,202.00855462484395,0,0,89
06ac6393eee7a87a46f65b36cf9d1863821846f32cd08b7f9dd84710f2fa08a1,2,5,20281214,0.4,5.0,none,wa_mcbr_none,1000100000000100000000100000000000000000001000000000000000001000101000001110000000000001000000000000,1,1,245.76564064039295,1000100000000100000000100000000000000000001000000000000000001000101000001110000000000001000000000000,0.0,245.76564064039295,,,0.04332833306398243,880,39,0,True,33440,70400,103840,100,12,0.12,245.61205077776086,245.61205077776086,0.0,11.63366336633663,11.63366336633663,25.263157894736842,24.0,0.46049917491749165,2.9412499999999993,2.9412499999999993,5.0,0.5882499999999998,0,0,0,0,4022.9449989614773,40.22944998961477,6981.095840674239,578.691925818623,57.98672285325845,233.39132097113352,0,0,88
06ac6393eee7a87a46f65b36cf9d1863821846f32cd08b7f9dd84710f2fa08a1,2,5,20281214,0.4,13.0,hard,wa_mcbr_hard,1000100000000100000000100000000000000000001000000000000000001000101000001110000000000001000000000000,1,1,245.76564064039295,1000100000000100000000100000000000000000001000000000000000001000101000001110000000000001000000000000,0.0,245.76564064039295,245.75114011099623,0.005900493234808093,0.04342233401257545,880,44,0,True,33440,70400,103840,100,12,0.12,245.61205077776086,245.61205077776086,0.0,11.63366336633663,11.63366336633663,25.263157894736842,24.0,0.46049917491749165,2.9412499999999993,2.9412499999999993,13.0,0.22624999999999995,0,0,0,0,4022.9449989614773,40.22944998961477,6981.095840674239,578.691925818623,57.98672285325845,233.39132097113352,0,0,88
06ac6393eee7a87a46f65b36cf9d1863821846f32cd08b7f9dd84710f2fa08a1,2,5,20281214,0.4,13.0,soft,wa_mcbr_soft,1000100000000100000000100000000000000000001000000000000000001000101000001110000000000001000000000000,1,1,245.76564064039295,1000100000000100000000100000000000000000001000000000000000001000101000001110000000000001000000000000,0.0,245.76564064039295,,,0.06507395801600069,907,42,0,True,34466,72560,107026,100,12,0.12,245.64156828300804,245.61205077776086,0.029517505247177785,11.63366336633663,11.63366336633663,25.263157894736842,24.0,0.46049917491749165,2.9412499999999993,2.9412499999999993,13.0,0.22624999999999995,0,0,0,0,4022.9449989614773,40.22944998961477,6981.095840674239,578.691925818623,57.98672285325845,233.39132097113352,0,0,88
06ac6393eee7a87a46f65b36cf9d1863821846f32cd08b7f9dd84710f2fa08a1,2,5,20281214,0.4,13.0,none,wa_mcbr_none,1000100000000100000000100000000000000000001000000000000000001000101000001110000000000001000000000000,1,1,245.76564064039295,1000100000000100000000100000000000000000001000000000000000001000101000001110000000000001000000000000,0.0,245.76564064039295,,,0.043236040975898504,880,44,0,True,33440,70400,103840,100,12,0.12,245.61205077776086,245.61205077776086,0.0,11.63366336633663,11.63366336633663,25.263157894736842,24.0,0.46049917491749165,2.9412499999999993,2.9412499999999993,13.0,0.22624999999999995,0,0,0,0,4022.9449989614773,40.22944998961477,6981.095840674239,578.691925818623,57.98672285325845,233.39132097113352,0,0,88
06ac6393eee7a87a46f65b36cf9d1863821846f32cd08b7f9dd84710f2fa08a1,2,5,20281214,0.6,1.5,hard,wa_mcbr_hard,0000100000000001001000100000000000000000000010000000000000000000000000000110000000000000000000000000,1,0,inf,0000100000000000001000100000000000000000000010000000000000000000000000000110000000000000000000000000,0.01,252.95763030863222,249.51447751790988,1.379941085973735,0.006371082970872521,131,1,0,True,4978,10480,15458,100,7,0.07,252.2214360406871,252.2214360406871,0.0,5.693069306930693,5.693069306930693,37.89473684210527,36.0,0.1502337733773377,1.47875,1.47875,1.5,0.9858333333333333,0,0,0,0,4257.837906203532,42.57837906203532,8071.3795575959575,255.5023264647322,25.651085136638144,64.1985597540254,0,93,0
06ac6393eee7a87a46f65b36cf9d1863821846f32cd08b7f9dd84710f2fa08a1,2,5,20281214,0.6,1.5,soft,wa_mcbr_soft,1000000000000000000000000000000000000000000000000000000000001000000000000110010000000000000000000000,1,1,252.51335494997275,1000000000000000000000000000000000000000000000000000000000001000000000000110010000000000000000000000,0.0,252.51335494997275,,,0.040976209100335836,559,37,0,True,21242,44720,65962,100,5,0.05,253.54144001118112,252.50917082824282,1.0322691829383026,4.702970297029703,4.702970297029703,37.89473684210527,36.0,0.12410616061606158,1.17,1.17,1.5,0.7799999999999999,0,0,0,0,4267.96761209633,42.67967612096331,8121.689361597196,178.09970162738819,17.872319439222377,55.42271763874715,0,0,95
06ac6393eee7a87a46f65b36cf9d1863821846f32cd08b7f9dd84710f2fa08a1,2,5,20281214,0.6,1.5,none,wa_mcbr_none,1000100000000100000000100000000000000000001000000000000000001000101100001110010000000001000000000000,1,0,inf,0000000000000000000000000000000000000000000000000000000000000000101000001110000000000000000000000000,0.09,249.51447751790994,,,0.03323737496975809,694,56,0,True,26372,55520,81892,100,14,0.14,244.103160268752,244.103160268752,0.0,13.613861386138609,13.613861386138609,37.89473684210527,36.0,0.3592546754675466,3.428749999999999,3.428749999999999,1.5,2.2858333333333327,0,1,0,1,3988.034173434723,39.88034173434723,6819.260975843447,613.6989118865038,61.49827453191924,160.17061916514635,0,0,86
06ac6393eee7a87a46f65b36cf9d1863821846f32cd08b7f9dd84710f2fa08a1,2,5,20281214,0.6,2.0,hard,wa_mcbr_hard,0100100000000001001100100000000000000000000000000000000000000000000000000110000000000000000001000000,1,0,inf,0000100000000001001100100000000000000000000000000000000000000000000000000110000000000000000001000000,0.01,251.50792181042385,247.27715870906815,1.7109397096936778,0.006000041030347347,118,1,0,True,4484,9440,13924,100,9,0.09,250.9575084705702,250.9575084705702,0.0,7.92079207920792,7.92079207920792,37.89473684210527,36.0,0.20902090209020896,1.99875,1.99875,2.0,0.999375,0,0,0,0,4221.652027816042,42.216520278160424,7902.288841332538,319.7168907022332,32.093481393072956,86.06397774687063,0,91,0
06ac6393eee7a87a46f65b36cf9d1863821846f32cd08b7f9dd84710f2fa08a1,2,5,20281214,0.6,2.0,soft,wa_mcbr_soft,0000000000000000000000000000000000000000000000000000000000001000101000001110000000000000000000000000,1,1,248.30122989868136,0000000000000000000000000000000000000000000000000000000000001000101000001110000000000000000000000000,0.0,248.30122989868136,,,0.040562457987107337,552,40,0,True,20976,44160,65136,100,6,0.06,249.07571856505845,248.28981326246952,0.7859053025889411,5.693069306930693,5.693069306930693,37.89473684210527,36.0,0.1502337733773377,1.44625,1.44625,2.0,0.723125,0,0,0,0,4151.667223458179,41.51667223458179,7589.088721170824,480.33868327581735,48.12019513726388,64.1985597540254,0,0,94
06ac6393eee7a87a46f65b36cf9d1863821846f32cd08b7f9dd84710f2fa08a1,2,5,20281214,0.6,2.0,none,wa_mcbr_none,1000100000000100000000100000000000000000001000000000000000001000101100001110010000000001000000000000,1,0,inf,0000100000000000000000000000000000000000000000000000000000001000101000001110000000000000000000000000,0.07,247.56395347876276,,,0.033517666975967586,694,56,0,True,26372,55520,81892,100,14,0.14,244.103160268752,244.103160268752,0.0,13.613861386138609,13.613861386138609,37.89473684210527,36.0,0.3592546754675466,3.428749999999999,3.428749999999999,2.0,1.7143749999999995,0,1,0,1,3988.034173434723,39.88034173434723,6819.260975843447,613.6989118865038,61.49827453191924,160.17061916514635,0,0,86
06ac6393eee7a87a46f65b36cf9d1863821846f32cd08b7f9dd84710f2fa08a1,2,5,20281214,0.6,3.0,hard,wa_mcbr_hard,0100100000010001001100101000100000000000000000000000000000000000000000000110000000000000000001010000,1,0,inf,0100100000010001001100100000000000000000000000000000000000000000000000000110000000000000000001010000,0.02,250.25115032021003,245.19821775424674,2.0607541980699304,0.006004291935823858,118,1,0,True,4484,9440,13924,100,13,0.13,250.03791462956943,250.03791462956943,0.0,11.881188118811878,11.881188118811878,37.89473684210527,36.0,0.3135313531353134,2.9737499999999994,2.9737499999999994,3.0,0.9912499999999999,0,0,0,0,4165.327726923282,41.653277269232824,7632.560372733586,429.4886094832856,43.10559489120047,134.18269230769224,0,87,0
06ac6393eee7a87a46f65b36cf9d1863821846f32cd08b7f9dd84710f2fa08a1,2,5,20281214,0.6,3.0,soft,wa_mcbr_soft,1000100000000100000000000000000000000000000000000000000000001000100000001110000000000001000000000000,1,1,246.38981692210547,1000100000000100000000000000000000000000000000000000000000001000100000001110000000000001000000000000,0.0,246.38981692210547,,,0.06137366604525596,880,47,0,True,33440,70400,103840,100,9,0.09,247.41948788747504,246.36166512216067,1.0578227653143675,8.415841584158414,8.415841584158414,37.89473684210527,36.0,0.22208470847084702,2.12875,2.12875,3.0,0.7095833333333333,0,0,0,0,4109.1379456743925,41.09137945674392,7391.1923038803625,435.0666564538559,43.589320040246236,91.37175181191442,0,0,91
06ac6393eee7a87a46f65b36cf9d1863821846f32cd08b7f9dd84710f2fa08a1,2,5,20281214,0.6,3.0,none,wa_mcbr_none,1000100000000100000000100000000000000000001000000000000000001000101100001110010000000001000000000000,1,0,inf,1000100000000100000000000000000000000000000000000000000000001000101000001110000000000001000000000000,0.04,245.392844143168,,,0.03736212500371039,694,56,0,True,26372,55520,81892,100,14,0.14,244.103160268752,244.103160268752,0.0,13.613861386138609,13.613861386138609,37.89473684210527,36.0,0.3592546754675466,3.428749999999999,3.428749999999999,3.0,1.1429166666666664,0,1,0,1,3988.034173434723,39.88034173434723,6819.260975843447,613.6989118865038,61.49827453191924,160.17061916514635,0,0,86
06ac6393eee7a87a46f65b36cf9d1863821846f32cd08b7f9dd84710f2fa08a1,2,5,20281214,0.6,5.0,hard,wa_mcbr_hard,1000100000000101000000100000000000000000001000000000000000001000101100001110000000000001000000000000,1,1,244.25311935727916,1000100000000101000000100000000000000000001000000000000000001000101100001110000000000001000000000000,0.0,244.25311935727916,244.19143239339138,0.025261723264886182,0.03375950001645833,691,32,0,True,26258,55280,81538,100,14,0.14,244.1648472326397,244.1648472326397,0.0,13.613861386138609,13.613861386138609,37.89473684210527,36.0,0.3592546754675466,3.428749999999999,3.428749999999999,5.0,0.6857499999999999,0,0,0,0,3989.6158517191516,39.896158517191516,6826.459145407781,612.3902179171453,61.36752912725087,160.17061916514635,0,0,86
06ac6393eee7a87a46f65b36cf9d1863821846f32cd08b7f9dd84710f2fa08a1,2,5,20281214,0.6,5.0,soft,wa_mcbr_soft,1000100000000000000000100000000000000000001000000000000000001000101100001110000000000001000000000000,1,1,244.53725159279003,1000100000000000000000100000000000000000001000000000000000001000101100001110000000000001000000000000,0.0,244.53725159279003,,,0.04452483297791332,624,52,0,True,23712,49920,73632,100,12,0.12,245.010322478804,244.47600858329673,0.5343138955072616,11.63366336633663,11.63366336633663,37.89473684210527,36.0,0.3069994499449944,2.9412499999999993,2.9412499999999993,5.0,0.5882499999999998,0,0,0,0,4023.3289083032273,40.233289083032275,6988.297410797042,579.9922841901115,58.117566420171855,130.75007441214402,0,0,88
06ac6393eee7a87a46f65b36cf9d1863821846f32cd08b7f9dd84710f2fa08a1,2,5,20281214,0.6,5.0,none,wa_mcbr_none,1000100000000100000000100000000000000000001000000000000000001000101100001110010000000001000000000000,1,1,244.19143239339147,1000100000000100000000100000000000000000001000000000000000001000101100001110010000000001000000000000,0.0,244.19143239339147,,,0.03344137500971556,694,56,0,True,26372,55520,81892,100,14,0.14,244.103160268752,244.103160268752,0.0,13.613861386138609,13.613861386138609,37.89473684210527,36.0,0.3592546754675466,3.428749999999999,3.428749999999999,5.0,0.6857499999999999,0,0,0,0,3988.034173434723,39.88034173434723,6819.260975843447,613.6989118865038,61.49827453191924,160.17061916514635,0,0,86
06ac6393eee7a87a46f65b36cf9d1863821846f32cd08b7f9dd84710f2fa08a1,2,5,20281214,0.6,13.0,hard,wa_mcbr_hard,1000100000000100000000100000000000000000001000000000000000001000101100001110010000000001000000000000,1,1,244.19143239339147,1000100000000100000000100000000000000000001000000000000000001000101100001110010000000001000000000000,0.0,244.19143239339147,244.19143239339138,3.4917330004375526e-14,0.033196415985003114,694,56,0,True,26372,55520,81892,100,14,0.14,244.103160268752,244.103160268752,0.0,13.613861386138609,13.613861386138609,37.89473684210527,36.0,0.3592546754675466,3.428749999999999,3.428749999999999,13.0,0.26374999999999993,0,0,0,0,3988.034173434723,39.88034173434723,6819.260975843447,613.6989118865038,61.49827453191924,160.17061916514635,0,0,86
06ac6393eee7a87a46f65b36cf9d1863821846f32cd08b7f9dd84710f2fa08a1,2,5,20281214,0.6,13.0,soft,wa_mcbr_soft,1000100000000100000000100000000000000000001000000000000000001000101100001110010000000001000000000000,1,1,244.19143239339147,1000100000000100000000100000000000000000001000000000000000001000101100001110010000000001000000000000,0.0,244.19143239339147,,,0.039671125006861985,552,56,0,True,20976,44160,65136,100,14,0.14,244.14964547726015,244.103160268752,0.04648520850816945,13.613861386138609,13.613861386138609,37.89473684210527,36.0,0.3592546754675466,3.428749999999999,3.428749999999999,13.0,0.26374999999999993,0,0,0,0,3988.034173434723,39.88034173434723,6819.260975843447,613.6989118865038,61.49827453191924,160.17061916514635,0,0,86
06ac6393eee7a87a46f65b36cf9d1863821846f32cd08b7f9dd84710f2fa08a1,2,5,20281214,0.6,13.0,none,wa_mcbr_none,1000100000000100000000100000000000000000001000000000000000001000101100001110010000000001000000000000,1,1,244.19143239339147,1000100000000100000000100000000000000000001000000000000000001000101100001110010000000001000000000000,0.0,244.19143239339147,,,0.03327012504450977,694,56,0,True,26372,55520,81892,100,14,0.14,244.103160268752,244.103160268752,0.0,13.613861386138609,13.613861386138609,37.89473684210527,36.0,0.3592546754675466,3.428749999999999,3.428749999999999,13.0,0.26374999999999993,0,0,0,0,3988.034173434723,39.88034173434723,6819.260975843447,613.6989118865038,61.49827453191924,160.17061916514635,0,0,86
06ac6393eee7a87a46f65b36cf9d1863821846f32cd08b7f9dd84710f2fa08a1,2,5,20281214,0.8,1.5,hard,wa_mcbr_hard,0000100000000001001000100000000000000000000010000000000000000000000000000110000000000000000000000000,1,0,inf,0000100000000000001000100000000000000000000010000000000000000000000000000110000000000000000000000000,0.01,252.89595875221244,249.46308455422673,1.3761050875002288,0.006488124956376851,131,1,0,True,4978,10480,15458,100,7,0.07,252.13426673030108,252.13426673030108,0.0,5.693069306930693,5.693069306930693,50.526315789473685,48.0,0.1126753300330033,1.47875,1.47875,1.5,0.9858333333333333,0,0,0,0,4257.750736893146,42.57750736893146,8071.3795575959575,255.5023264647322,25.651085136638144,51.74580112744813,0,93,0
06ac6393eee7a87a46f65b36cf9d1863821846f32cd08b7f9dd84710f2fa08a1,2,5,20281214,0.8,1.5,soft,wa_mcbr_soft,1000000000000000000000000000000000000000000000000000000000001000000000001110000000000000000000000000,1,1,251.35840967089803,1000000000000000000000000000000000000000000000000000000000001000000000001110000000000000000000000000,0.0,251.35840967089803,,,0.039350291015580297,555,45,0,True,21090,44400,65490,100,5,0.05,252.15002755771863,251.3540947672379,0.79593279048073,4.455445544554455,4.455445544554455,50.526315789473685,48.0,0.08818069306930693,1.1212499999999999,1.1212499999999999,1.5,0.7474999999999999,0,0,0,0,4244.77241154577,42.4477241154577,8017.295489234229,190.30517987014466,19.097846845696374,44.177129284017646,0,0,95
06ac6393eee7a87a46f65b36cf9d1863821846f32cd08b7f9dd84710f2fa08a1,2,5,20281214,0.8,1.5,none,wa_mcbr_none,1100100000000101000000100000000000000000001000000000000000001000101100001110010000000001000000000000,1,0,inf,0000000000000000000000000000000000000000000000000000000000000000101000001110000000000000000000000000,0.11,249.46308455422678,,,0.02806224999949336,578,62,0,True,21964,46240,68204,100,16,0.16,243.32079725133408,243.32079725133408,0.0,15.594059405940591,15.594059405940591,50.526315789473685,48.0,0.3086324257425742,3.91625,3.91625,1.5,2.6108333333333333,0,1,0,1,3959.9299285559546,39.599299285559546,6686.2246031576615,639.0183866155763,64.03769735380314,131.60214813157305,0,0,84
06ac6393eee7a87a46f65b36cf9d1863821846f32cd08b7f9dd84710f2fa08a1,2,5,20281214,0.8,2.0,hard,wa_mcbr_hard,0100100000000001001100100000000000000000000000000000000000000000000000000110000000000000000001000000,1,0,inf,0000100000000001001100100000000000000000000000000000000000000000000000000110000000000000000001000000,0.01,251.3711475239897,247.1643589198441,1.7020207211630665,0.00594758300576359,118,1,0,True,4484,9440,13924,100,9,0.09,250.78123012681704,250.78123012681704,0.0,7.92079207920792,7.92079207920792,50.526315789473685,48.0,0.15676567656765675,1.99875,1.99875,2.0,0.999375,0,0,0,0,4221.475749472289,42.21475749472289,7902.288841332538,319.7168907022332,32.093481393072956,66.47749510763208,0,91,0
06ac6393eee7a87a46f65b36cf9d1863821846f32cd08b7f9dd84710f2fa08a1,2,5,20281214,0.8,2.0,soft,wa_mcbr_soft,1000000000000000000000000000000000000000000000000000000000000000101000001110000000000000000000000000,1,1,248.35211362042307,1000000000000000000000000000000000000000000000000000000000000000101000001110000000000000000000000000,0.0,248.35211362042307,,,0.05443816597107798,784,48,0,True,29792,62720,92512,100,6,0.06,249.13018024941343,248.3442749468245,0.7859053025889411,5.693069306930693,5.693069306930693,50.526315789473685,48.0,0.1126753300330033,1.44625,1.44625,2.0,0.723125,0,0,0,0,4155.5218179904,41.555218179904,7607.081625709648,468.5571972726065,46.93761827473231,51.74580112744813,0,0,94
06ac6393eee7a87a46f65b36cf9d1863821846f32cd08b7f9dd84710f2fa08a1,2,5,20281214,0.8,2.0,none,wa_mcbr_none,1100100000000101000000100000000000000000001000000000000000001000101100001110010000000001000000000000,1,0,inf,0000100000000000000000000000000000000000000000000000000000001000101000001110000000000000000000000000,0.09,247.45562211706454,,,0.028974790940992534,578,62,0,True,21964,46240,68204,100,16,0.16,243.32079725133408,243.32079725133408,0.0,15.594059405940591,15.594059405940591,50.526315789473685,48.0,0.3086324257425742,3.91625,3.91625,2.0,1.958125,0,1,0,1,3959.9299285559546,39.599299285559546,6686.2246031576615,639.0183866155763,64.03769735380314,131.60214813157305,0,0,84
06ac6393eee7a87a46f65b36cf9d1863821846f32cd08b7f9dd84710f2fa08a1,2,5,20281214,0.8,3.0,hard,wa_mcbr_hard,0100100000010001001100101000100000000000000000000000000000000000000000000110000000000000000001010000,1,0,inf,0100100000010001001100100000000000000000000000000000000000000000000000000110000000000000000001010000,0.02,249.93389806582604,244.9188744560355,2.047626431784364,0.006049791933037341,118,1,0,True,4484,9440,13924,100,13,0.13,249.55273056808076,249.55273056808076,0.0,11.881188118811878,11.881188118811878,50.526315789473685,48.0,0.23514851485148508,2.9737499999999994,2.9737499999999994,3.0,0.9912499999999999,0,0,0,0,4164.842542861794,41.64842542861794,7632.560372733586,429.4886094832856,43.10559489120047,96.8608414239482,0,87,0
06ac6393eee7a87a46f65b36cf9d1863821846f32cd08b7f9dd84710f2fa08a1,2,5,20281214,0.8,3.0,soft,wa_mcbr_soft,1000100000000100000000000000000000000000000000000000000000001000101000001110000000000000000000000000,1,1,245.7888800704782,1000100000000100000000000000000000000000000000000000000000001000101000001110000000000000000000000000,0.0,245.7888800704782,,,0.0650400419253856,880,49,0,True,33440,70400,103840,100,9,0.09,246.82836192371087,245.7705391583965,1.0578227653143675,8.415841584158414,8.415841584158414,50.526315789473685,48.0,0.16656353135313529,2.12875,2.12875,3.0,0.7095833333333333,0,0,0,0,4089.5463766841044,40.89546376684105,7301.252503574976,501.8567556854513,50.278174997259036,69.96287588169781,0,0,91
06ac6393eee7a87a46f65b36cf9d1863821846f32cd08b7f9dd84710f2fa08a1,2,5,20281214,0.8,3.0,none,wa_mcbr_none,1100100000000101000000100000000000000000001000000000000000001000101100001110010000000001000000000000,1,0,inf,1000100000000100000000000000000000000000000000000000000000001000101000001110000000000001000000000000,0.06,245.12673417207935,,,0.028141041984781623,578,62,0,True,21964,46240,68204,100,16,0.16,243.32079725133408,243.32079725133408,0.0,15.594059405940591,15.594059405940591,50.526315789473685,48.0,0.3086324257425742,3.91625,3.91625,3.0,1.3054166666666667,0,1,0,1,3959.9299285559546,39.599299285559546,6686.2246031576615,639.0183866155763,64.03769735380314,131.60214813157305,0,0,84
06ac6393eee7a87a46f65b36cf9d1863821846f32cd08b7f9dd84710f2fa08a1,2,5,20281214,0.8,5.0,hard,wa_mcbr_hard,1100100000000101000000100000000000000000001000000000000000001000101100001110010000000001000000000000,1,1,243.38882141781428,1100100000000101000000100000000000000000001000000000000000001000101100001110010000000001000000000000,0.0,243.38882141781428,243.38882141781423,2.3354983408719322e-14,0.03466937504708767,691,30,0,True,26258,55280,81538,100,16,0.16,243.32079725133408,243.32079725133408,0.0,15.594059405940591,15.594059405940591,50.526315789473685,48.0,0.3086324257425742,3.91625,3.91625,5.0,0.78325,0,0,0,0,3959.9299285559546,39.599299285559546,6686.2246031576615,639.0183866155763,64.03769735380314,131.60214813157305,0,0,84
06ac6393eee7a87a46f65b36cf9d1863821846f32cd08b7f9dd84710f2fa08a1,2,5,20281214,0.8,5.0,soft,wa_mcbr_soft,1000100000000100000000100000000000000000001000000000000000001000101000001110000000000001000000000000,1,1,243.98578115561543,1000100000000100000000100000000000000000001000000000000000001000101000001110000000000001000000000000,0.0,243.98578115561543,,,0.061852665967307985,868,56,0,True,32984,69440,102424,100,12,0.12,244.48303600859114,243.94872211308387,0.5343138955072616,11.63366336633663,11.63366336633663,50.526315789473685,48.0,0.23024958745874582,2.9412499999999993,2.9412499999999993,5.0,0.5882499999999998,0,0,0,0,4021.2816702968003,40.212816702968006,6981.095840674239,578.691925818623,57.98672285325845,94.78059891471828,0,0,88
06ac6393eee7a87a46f65b36cf9d1863821846f32cd08b7f9dd84710f2fa08a1,2,5,20281214,0.8,5.0,none,wa_mcbr_none,1100100000000101000000100000000000000000001000000000000000001000101100001110010000000001000000000000,1,1,243.38882141781428,1100100000000101000000100000000000000000001000000000000000001000101100001110010000000001000000000000,0.0,243.38882141781428,,,0.028149041929282248,578,62,0,True,21964,46240,68204,100,16,0.16,243.32079725133408,243.32079725133408,0.0,15.594059405940591,15.594059405940591,50.526315789473685,48.0,0.3086324257425742,3.91625,3.91625,5.0,0.78325,0,0,0,0,3959.9299285559546,39.599299285559546,6686.2246031576615,639.0183866155763,64.03769735380314,131.60214813157305,0,0,84
06ac6393eee7a87a46f65b36cf9d1863821846f32cd08b7f9dd84710f2fa08a1,2,5,20281214,0.8,13.0,hard,wa_mcbr_hard,1100100000000101000000100000000000000000001000000000000000001000101100001110010000000001000000000000,1,1,243.38882141781428,1100100000000101000000100000000000000000001000000000000000001000101100001110010000000001000000000000,0.0,243.38882141781428,243.38882141781423,2.3354983408719322e-14,0.028508624993264675,578,62,0,True,21964,46240,68204,100,16,0.16,243.32079725133408,243.32079725133408,0.0,15.594059405940591,15.594059405940591,50.526315789473685,48.0,0.3086324257425742,3.91625,3.91625,13.0,0.30124999999999996,0,0,0,0,3959.9299285559546,39.599299285559546,6686.2246031576615,639.0183866155763,64.03769735380314,131.60214813157305,0,0,84
06ac6393eee7a87a46f65b36cf9d1863821846f32cd08b7f9dd84710f2fa08a1,2,5,20281214,0.8,13.0,soft,wa_mcbr_soft,1100100000000101000000100000000000000000001000000000000000001000101100001110010000000001000000000000,1,1,243.38882141781428,1100100000000101000000100000000000000000001000000000000000001000101100001110010000000001000000000000,0.0,243.38882141781428,,,0.04161933297291398,578,62,0,True,21964,46240,68204,100,16,0.16,243.3925097863361,243.32079725133408,0.07171253500201089,15.594059405940591,15.594059405940591,50.526315789473685,48.0,0.3086324257425742,3.91625,3.91625,13.0,0.30124999999999996,0,0,0,0,3959.9299285559546,39.599299285559546,6686.2246031576615,639.0183866155763,64.03769735380314,131.60214813157305,0,0,84
06ac6393eee7a87a46f65b36cf9d1863821846f32cd08b7f9dd84710f2fa08a1,2,5,20281214,0.8,13.0,none,wa_mcbr_none,1100100000000101000000100000000000000000001000000000000000001000101100001110010000000001000000000000,1,1,243.38882141781428,1100100000000101000000100000000000000000001000000000000000001000101100001110010000000001000000000000,0.0,243.38882141781428,,,0.02801620797254145,578,62,0,True,21964,46240,68204,100,16,0.16,243.32079725133408,243.32079725133408,0.0,15.594059405940591,15.594059405940591,50.526315789473685,48.0,0.3086324257425742,3.91625,3.91625,13.0,0.30124999999999996,0,0,0,0,3959.9299285559546,39.599299285559546,6686.2246031576615,639.0183866155763,64.03769735380314,131.60214813157305,0,0,84
06ac6393eee7a87a46f65b36cf9d1863821846f32cd08b7f9dd84710f2fa08a1,2,5,20281214,1.0,1.5,hard,wa_mcbr_hard,0000100000000001001000100000000000000000000010000000000000000000000000000110000000000000000000000000,1,0,inf,0000100000000000001000100000000000000000000010000000000000000000000000000110000000000000000000000000,0.01,252.86103066591775,249.43397781564784,1.373931843721303,0.0063856670167297125,131,1,0,True,4978,10480,15458,100,7,0.07,252.08541950712896,252.08541950712896,0.0,5.693069306930693,5.693069306930693,63.15789473684211,60.0,0.09014026402640263,1.47875,1.47875,1.5,0.9858333333333333,0,0,0,0,4257.701889669974,42.57701889669974,8071.3795575959575,255.5023264647322,25.651085136638144,44.76762638857401,0,93,0
06ac6393eee7a87a46f65b36cf9d1863821846f32cd08b7f9dd84710f2fa08a1,2,5,20281214,1.0,1.5,soft,wa_mcbr_soft,1000000000000000000000000000000000000000000000000000000000001000000000001110000000000000000000000000,1,1,251.3314025416339,1000000000000000000000000000000000000000000000000000000000001000000000001110000000000000000000000000,0.0,251.3314025416339,,,0.03981666697654873,555,45,0,True,21090,44400,65490,100,5,0.05,252.12401541329587,251.32808262281515,0.79593279048073,4.455445544554455,4.455445544554455,63.15789473684211,60.0,0.07054455445544554,1.1212499999999999,1.1212499999999999,1.5,0.7474999999999999,0,0,0,0,4244.746399401348,42.447463994013475,8017.295489234229,190.30517987014466,19.097846845696374,38.97470039946738,0,0,95
06ac6393eee7a87a46f65b36cf9d1863821846f32cd08b7f9dd84710f2fa08a1,2,5,20281214,1.0,1.5,none,wa_mcbr_none,1100100000000101000100100000000000000000001000000000000000001000101100001110010000000001000000000000,1,0,inf,0000000000000000000000000000000000000000000000000000000000000000101000001110000000000000000000000000,0.12,249.4339778156479,,,0.02850579097867012,578,61,0,True,21964,46240,68204,100,17,0.17,242.82890213383237,242.82890213383237,0.0,16.584158415841582,16.584158415841582,63.15789473684211,60.0,0.262582508250825,4.16,4.16,1.5,2.7733333333333334,0,1,0,1,3943.876757268412,39.43876757268412,6610.724769035589,660.200036767962,66.16288444644704,109.020979020979,0,0,83
06ac6393eee7a87a46f65b36cf9d1863821846f32cd08b7f9dd84710f2fa08a1,2,5,20281214,1.0,2.0,hard,wa_mcbr_hard,0100100000000001001100100000000000000000000000000000000000000000000000000110000000000000000001000000,1,0,inf,0000100000000001001100100000000000000000000000000000000000000000000000000110000000000000000001000000,0.01,251.29612235106984,247.10221297927524,1.6972366702949568,0.005964749958366156,118,1,0,True,4484,9440,13924,100,9,0.09,250.68557418028232,250.68557418028232,0.0,7.92079207920792,7.92079207920792,63.15789473684211,60.0,0.12541254125412538,1.99875,1.99875,2.0,0.999375,0,0,0,0,4221.380093525754,42.21380093525754,7902.288841332538,319.7168907022332,32.093481393072956,55.84905660377357,0,91,0
06ac6393eee7a87a46f65b36cf9d1863821846f32cd08b7f9dd84710f2fa08a1,2,5,20281214,1.0,2.0,soft,wa_mcbr_soft,1000000000000000000000000000000000000000000000000000000000000000101000001110000000000000000000000000,1,1,248.30836397864792,1000000000000000000000000000000000000000000000000000000000000000101000001110000000000000000000000000,0.0,248.30836397864792,,,0.05476541700772941,784,48,0,True,29792,62720,92512,100,6,0.06,249.08831120098017,248.30240589839124,0.7859053025889411,5.693069306930693,5.693069306930693,63.15789473684211,60.0,0.09014026402640263,1.44625,1.44625,2.0,0.723125,0,0,0,0,4155.4799489419665,41.554799489419665,7607.081625709648,468.5571972726065,46.93761827473231,44.76762638857401,0,0,94
06ac6393eee7a87a46f65b36cf9d1863821846f32cd08b7f9dd84710f2fa08a1,2,5,20281214,1.0,2.0,none,wa_mcbr_none,1100100000000101000100100000000000000000001000000000000000001000101100001110010000000001000000000000,1,0,inf,0000100000000000000000000000000000000000000000000000000000001000101000001110000000000000000000000000,0.1,247.3957656818277,,,0.028021167032420635,578,61,0,True,21964,46240,68204,100,17,0.17,242.82890213383237,242.82890213383237,0.0,16.584158415841582,16.584158415841582,63.15789473684211,60.0,0.262582508250825,4.16,4.16,2.0,2.08,0,1,0,1,3943.876757268412,39.43876757268412,6610.724769035589,660.200036767962,66.16288444644704,109.020979020979,0,0,83
06ac6393eee7a87a46f65b36cf9d1863821846f32cd08b7f9dd84710f2fa08a1,2,5,20281214,1.0,3.0,hard,wa_mcbr_hard,0100100000010001001100101000100000000000000000000000000000000000000000000110000000000000000001010000,1,0,inf,0100100000010001001100100000000000000000000000000000000000000000000000000110000000000000000001010000,0.02,249.76798856845292,244.77228836885536,2.0409582444518315,0.00601708295289427,118,1,0,True,4484,9440,13924,100,13,0.13,249.30658841005723,249.30658841005723,0.0,11.881188118811878,11.881188118811878,63.15789473684211,60.0,0.18811881188118804,2.9737499999999994,2.9737499999999994,3.0,0.9912499999999999,0,0,0,0,4164.596400703771,41.64596400703771,7632.560372733586,429.4886094832856,43.10559489120047,77.92682926829265,0,87,0
06ac6393eee7a87a46f65b36cf9d1863821846f32cd08b7f9dd84710f2fa08a1,2,5,20281214,1.0,3.0,soft,wa_mcbr_soft,1000100000000000000000000000000000000000000000000000000000001000101100001110000000000000000000000000,1,1,245.77339875784457,1000100000000000000000000000000000000000000000000000000000001000101100001110000000000000000000000000,0.0,245.77339875784457,,,0.04088837490417063,552,47,0,True,20976,44160,65136,100,9,0.09,246.81767621917206,245.7598534538577,1.0578227653143666,8.415841584158414,8.415841584158414,63.15789473684211,60.0,0.1332508250825082,2.1287499999999997,2.1287499999999997,3.0,0.7095833333333332,0,0,0,0,4091.0556497433276,40.91055649743328,7308.453815045331,503.3047813596865,50.42389392553586,58.43407900999523,0,0,91
06ac6393eee7a87a46f65b36cf9d1863821846f32cd08b7f9dd84710f2fa08a1,2,5,20281214,1.0,3.0,none,wa_mcbr_none,1100100000000101000100100000000000000000001000000000000000001000101100001110010000000001000000000000,1,0,inf,1000100000000100000000000000000000000000000000000000000000001000101000001110000000000001000000000000,0.07,244.9863825805541,,,0.028274000040255487,578,61,0,True,21964,46240,68204,100,17,0.17,242.82890213383237,242.82890213383237,0.0,16.584158415841582,16.584158415841582,63.15789473684211,60.0,0.262582508250825,4.16,4.16,3.0,1.3866666666666667,0,1,0,1,3943.876757268412,39.43876757268412,6610.724769035589,660.200036767962,66.16288444644704,109.020979020979,0,0,83
06ac6393eee7a87a46f65b36cf9d1863821846f32cd08b7f9dd84710f2fa08a1,2,5,20281214,1.0,5.0,hard,wa_mcbr_hard,1100100000000101000100100000000000000000001000000000000000001000101100001110010000000001000000000000,1,1,242.88082485193524,1100100000000101000100100000000000000000001000000000000000001000101100001110010000000001000000000000,0.0,242.88082485193524,242.8808248519352,2.3403831445096933e-14,0.02707050007302314,537,29,0,True,20406,42960,63366,100,17,0.17,242.82890213383237,242.82890213383237,0.0,16.584158415841582,16.584158415841582,63.15789473684211,60.0,0.262582508250825,4.16,4.16,5.0,0.8320000000000001,0,0,0,0,3943.876757268412,39.43876757268412,6610.724769035589,660.200036767962,66.16288444644704,109.020979020979,0,0,83
06ac6393eee7a87a46f65b36cf9d1863821846f32cd08b7f9dd84710f2fa08a1,2,5,20281214,1.0,5.0,soft,wa_mcbr_soft,1000100000000000000000100000000000000000001000000000000000001000101100001110010000000001000000000000,1,1,243.5293368489611,1000100000000000000000100000000000000000001000000000000000001000101100001110010000000001000000000000,0.0,243.5293368489611,,,0.03990708291530609,559,55,0,True,21242,44720,65962,100,13,0.13,244.353804128043,243.49886848634344,0.8549356416995791,12.62376237623762,12.62376237623762,63.15789473684211,60.0,0.1998762376237623,3.184999999999999,3.184999999999999,5.0,0.6369999999999998,0,0,0,0,4006.0308455238264,40.060308455238264,6909.177501983246,596.8441467254313,59.807844865109196,82.45166279969061,0,0,87
06ac6393eee7a87a46f65b36cf9d1863821846f32cd08b7f9dd84710f2fa08a1,2,5,20281214,1.0,5.0,none,wa_mcbr_none,1100100000000101000100100000000000000000001000000000000000001000101100001110010000000001000000000000,1,1,242.88082485193524,1100100000000101000100100000000000000000001000000000000000001000101100001110010000000001000000000000,0.0,242.88082485193524,,,0.02798437501769513,578,61,0,True,21964,46240,68204,100,17,0.17,242.82890213383237,242.82890213383237,0.0,16.584158415841582,16.584158415841582,63.15789473684211,60.0,0.262582508250825,4.16,4.16,5.0,0.8320000000000001,0,0,0,0,3943.876757268412,39.43876757268412,6610.724769035589,660.200036767962,66.16288444644704,109.020979020979,0,0,83
06ac6393eee7a87a46f65b36cf9d1863821846f32cd08b7f9dd84710f2fa08a1,2,5,20281214,1.0,13.0,hard,wa_mcbr_hard,1100100000000101000100100000000000000000001000000000000000001000101100001110010000000001000000000000,1,1,242.88082485193524,1100100000000101000100100000000000000000001000000000000000001000101100001110010000000001000000000000,0.0,242.88082485193524,242.8808248519352,2.3403831445096933e-14,0.028233291930519044,578,61,0,True,21964,46240,68204,100,17,0.17,242.82890213383237,242.82890213383237,0.0,16.584158415841582,16.584158415841582,63.15789473684211,60.0,0.262582508250825,4.16,4.16,13.0,0.32,0,0,0,0,3943.876757268412,39.43876757268412,6610.724769035589,660.200036767962,66.16288444644704,109.020979020979,0,0,83
06ac6393eee7a87a46f65b36cf9d1863821846f32cd08b7f9dd84710f2fa08a1,2,5,20281214,1.0,13.0,soft,wa_mcbr_soft,1100100000000101000100100000000000000000001000000000000000001000101100001110010000000001000000000000,1,1,242.88082485193524,1100100000000101000100100000000000000000001000000000000000001000101100001110010000000001000000000000,0.0,242.88082485193524,,,0.045163917005993426,578,61,0,True,21964,46240,68204,100,17,0.17,242.91742759255544,242.82890213383237,0.08852545872307353,16.584158415841582,16.584158415841582,63.15789473684211,60.0,0.262582508250825,4.16,4.16,13.0,0.32,0,0,0,0,3943.876757268412,39.43876757268412,6610.724769035589,660.200036767962,66.16288444644704,109.020979020979,0,0,83
06ac6393eee7a87a46f65b36cf9d1863821846f32cd08b7f9dd84710f2fa08a1,2,5,20281214,1.0,13.0,none,wa_mcbr_none,1100100000000101000100100000000000000000001000000000000000001000101100001110010000000001000000000000,1,1,242.88082485193524,1100100000000101000100100000000000000000001000000000000000001000101100001110010000000001000000000000,0.0,242.88082485193524,,,0.02963191701564938,578,61,0,True,21964,46240,68204,100,17,0.17,242.82890213383237,242.82890213383237,0.0,16.584158415841582,16.584158415841582,63.15789473684211,60.0,0.262582508250825,4.16,4.16,13.0,0.32,0,0,0,0,3943.876757268412,39.43876757268412,6610.724769035589,660.200036767962,66.16288444644704,109.020979020979,0,0,83
06ac6393eee7a87a46f65b36cf9d1863821846f32cd08b7f9dd84710f2fa08a1,2,6,20281311,0.2,1.5,hard,wa_mcbr_hard,1000101000000100001000000000000000000000100000000000000000001000000000000000000000000000000000000000,1,0,inf,1000101000000000001000000000000000000000100000000000000000001000000000000000000000000000000000000000,0.01,255.2620650907774,249.93687636313487,2.130613459338245,0.006614624988287687,134,1,0,True,5092,10720,15812,100,7,0.07,254.68623016874292,254.68623016874292,0.0,5.693069306930693,5.693069306930693,12.631578947368421,12.0,0.4507013201320132,1.47875,1.47875,1.5,0.9858333333333333,0,0,0,0,4288.423377754676,42.88423377754676,8204.5653201997,235.3567384100894,23.617171385773783,225.12579797221176,0,93,0
06ac6393eee7a87a46f65b36cf9d1863821846f32cd08b7f9dd84710f2fa08a1,2,6,20281311,0.2,1.5,soft,wa_mcbr_soft,0000001000000000000100000000000000000000000000000000000000001000000000000101000000000000000000000000,1,1,254.8567026215287,0000001000000000000100000000000000000000000000000000000000001000000000000101000000000000000000000000,0.0,254.8567026215287,,,0.019637292018160224,250,11,0,True,9500,20000,29500,100,5,0.05,255.5052527299135,254.8359868467652,0.6692658831483003,4.207920792079207,4.207920792079207,12.631578947368421,12.0,0.33312706270627057,1.0887499999999999,1.0887499999999999,1.5,0.7258333333333332,0,0,0,0,4305.254302438738,43.052543024387376,8287.293325121147,185.97647908698218,18.665024229770125,144.88400866068662,0,0,95
06ac6393eee7a87a46f65b36cf9d1863821846f32cd08b7f9dd84710f2fa08a1,2,6,20281311,0.2,1.5,none,wa_mcbr_none,1000001000000000000000000000000000000000000001000000000000001000100000000110000000000000000000000000,1,0,inf,0000000000000000000000000000000000000000000001000000000000000000100000000110000000000000000000000000,0.03,250.3336524294129,,,0.04309475002810359,915,21,0,True,34770,73200,107970,100,7,0.07,248.74535104150038,248.74535104150038,0.0,6.683168316831683,6.683168316831683,12.631578947368421,12.0,0.5290841584158416,1.73875,1.73875,1.5,1.1591666666666667,0,1,0,1,4118.322934393276,41.183229343932766,7427.182160474623,545.25306425442,54.59435351755677,300.88042049934296,0,0,93
06ac6393eee7a87a46f65b36cf9d1863821846f32cd08b7f9dd84710f2fa08a1,2,6,20281311,0.2,2.0,hard,wa_mcbr_hard,1000101000000100000000000000000000000000000000000000000000001000001000000110000000000000000000000000,1,0,inf,1000101000000100000000000000000000000000000000000000000000001000000000000110000000000000000000000000,0.01,251.84047528760286,248.8910899216397,1.1850104264044745,0.017978417105041444,404,14,0,True,15352,32320,47672,100,8,0.08,251.73978301054208,251.73978301054208,0.0,6.93069306930693,6.93069306930693,12.631578947368421,12.0,0.5486798679867986,1.77125,1.77125,2.0,0.885625,0,0,0,0,4192.395267122604,41.92395267122604,7761.901285465717,375.47786016098286,37.66068321454519,323.9305301645337,0,86,6
06ac6393eee7a87a46f65b36cf9d1863821846f32cd08b7f9dd84710f2fa08a1,2,6,20281311,0.2,2.0,soft,wa_mcbr_soft,0000000000000000000000000000000000000000000001000000000000001000100000000110000000000000000000000000,1,1,249.4096563385601,0000000000000000000000000000000000000000000001000000000000001000100000000110000000000000000000000000,0.0,249.4096563385601,,,0.0328014160040766,425,17,0,True,16150,34000,50150,100,5,0.05,249.76584349275709,249.350330140901,0.41551335185607596,5.198019801980197,5.198019801980197,12.631578947368421,12.0,0.41150990099009893,1.3325,1.3325,2.0,0.66625,0,0,0,0,4159.169016016768,41.59169016016768,7621.459756434915,518.9872201779982,51.95128698311644,194.81598317560454,0,0,95
06ac6393eee7a87a46f65b36cf9d1863821846f32cd08b7f9dd84710f2fa08a1,2,6,20281311,0.2,2.0,none,wa_mcbr_none,1000001000000000000000000000000000000000000001000000000000001000100000000110000000000000000000000000,1,0,inf,0000001000000000000000000000000000000000000001000000000000001000100000000110000000000000000000000000,0.01,249.17985498292362,,,0.04331737500615418,915,21,0,True,34770,73200,107970,100,7,0.07,248.74535104150038,248.74535104150038,0.0,6.683168316831683,6.683168316831683,12.631578947368421,12.0,0.5290841584158416,1.73875,1.73875,2.0,0.869375,0,0,0,0,4118.322934393276,41.183229343932766,7427.182160474623,545.25306425442,54.59435351755677,300.88042049934296,0,0,93
06ac6393eee7a87a46f65b36cf9d1863821846f32cd08b7f9dd84710f2fa08a1,2,6,20281311,0.2,3.0,hard,wa_mcbr_hard,1000001000000000000000000000000000000000000001000000000000001000100000000110000000000000000000000000,1,1,248.88593740929974,1000001000000000000000000000000000000000000001000000000000001000100000000110000000000000000000000000,0.0,248.88593740929974,248.88593740929971,1.1419572245121962e-14,0.04326975008007139,915,21,0,True,34770,73200,107970,100,7,0.07,248.74535104150038,248.74535104150038,0.0,6.683168316831683,6.683168316831683,12.631578947368421,12.0,0.5290841584158416,1.73875,1.73875,3.0,0.5795833333333333,0,0,0,0,4118.322934393276,41.183229343932766,7427.182160474623,545.25306425442,54.59435351755677,300.88042049934296,0,0,93
06ac6393eee7a87a46f65b36cf9d1863821846f32cd08b7f9dd84710f2fa08a1,2,6,20281311,0.2,3.0,soft,wa_mcbr_soft,1000000000000000000000000000000000000000000001000000000000001000100000000110000000000000000000000000,1,1,248.89108992163972,1000000000000000000000000000000000000000000001000000000000001000100000000110000000000000000000000000,0.0,248.89108992163972,,,0.03795554197859019,534,22,0,True,20292,42720,63012,100,6,0.06,248.9527147595023,248.7911074077874,0.1616073517149001,6.188118811881187,6.188118811881187,12.631578947368421,12.0,0.48989273927392735,1.57625,1.57625,3.0,0.5254166666666666,0,0,0,0,4134.68939805493,41.346893980549304,7506.313225873395,521.4733380404109,52.20431223259706,260.0930044480388,0,0,94
06ac6393eee7a87a46f65b36cf9d1863821846f32cd08b7f9dd84710f2fa08a1,2,6,20281311,0.2,3.0,none,wa_mcbr_none,1000001000000000000000000000000000000000000001000000000000001000100000000110000000000000000000000000,1,1,248.88593740929974,1000001000000000000000000000000000000000000001000000000000001000100000000110000000000000000000000000,0.0,248.88593740929974,,,0.042891583987511694,915,21,0,True,34770,73200,107970,100,7,0.07,248.74535104150038,248.74535104150038,0.0,6.683168316831683,6.683168316831683,12.631578947368421,12.0,0.5290841584158416,1.73875,1.73875,3.0,0.5795833333333333,0,0,0,0,4118.322934393276,41.183229343932766,7427.182160474623,545.25306425442,54.59435351755677,300.88042049934296,0,0,93
06ac6393eee7a87a46f65b36cf9d1863821846f32cd08b7f9dd84710f2fa08a1,2,6,20281311,0.2,5.0,hard,wa_mcbr_hard,1000001000000000000000000000000000000000000001000000000000001000100000000110000000000000000000000000,1,1,248.88593740929974,1000001000000000000000000000000000000000000001000000000000001000100000000110000000000000000000000000,0.0,248.88593740929974,248.88593740929971,1.1419572245121962e-14,0.04334062500856817,915,21,0,True,34770,73200,107970,100,7,0.07,248.74535104150038,248.74535104150038,0.0,6.683168316831683,6.683168316831683,12.631578947368421,12.0,0.5290841584158416,1.73875,1.73875,5.0,0.34775,0,0,0,0,4118.322934393276,41.183229343932766,7427.182160474623,545.25306425442,54.59435351755677,300.88042049934296,0,0,93
06ac6393eee7a87a46f65b36cf9d1863821846f32cd08b7f9dd84710f2fa08a1,2,6,20281311,0.2,5.0,soft,wa_mcbr_soft,1000001000000000000000000000000000000000000001000000000000001000100000000110000000000000000000000000,1,1,248.88593740929974,1000001000000000000000000000000000000000000001000000000000001000100000000110000000000000000000000000,0.0,248.88593740929974,,,0.06373308296315372,915,21,0,True,34770,73200,107970,100,7,0.07,248.79086354019555,248.74535104150038,0.045512498695149964,6.683168316831683,6.683168316831683,12.631578947368421,12.0,0.5290841584158416,1.73875,1.73875,5.0,0.34775,0,0,0,0,4118.322934393276,41.183229343932766,7427.182160474623,545.25306425442,54.59435351755677,300.88042049934296,0,0,93
06ac6393eee7a87a46f65b36cf9d1863821846f32cd08b7f9dd84710f2fa08a1,2,6,20281311,0.2,5.0,none,wa_mcbr_none,1000001000000000000000000000000000000000000001000000000000001000100000000110000000000000000000000000,1,1,248.88593740929974,1000001000000000000000000000000000000000000001000000000000001000100000000110000000000000000000000000,0.0,248.88593740929974,,,0.0430563329719007,915,21,0,True,34770,73200,107970,100,7,0.07,248.74535104150038,248.74535104150038,0.0,6.683168316831683,6.683168316831683,12.631578947368421,12.0,0.5290841584158416,1.73875,1.73875,5.0,0.34775,0,0,0,0,4118.322934393276,41.183229343932766,7427.182160474623,545.25306425442,54.59435351755677,300.88042049934296,0,0,93
06ac6393eee7a87a46f65b36cf9d1863821846f32cd08b7f9dd84710f2fa08a1,2,6,20281311,0.2,13.0,hard,wa_mcbr_hard,1000001000000000000000000000000000000000000001000000000000001000100000000110000000000000000000000000,1,1,248.88593740929974,1000001000000000000000000000000000000000000001000000000000001000100000000110000000000000000000000000,0.0,248.88593740929974,248.88593740929971,1.1419572245121962e-14,0.04371070896741003,915,21,0,True,34770,73200,107970,100,7,0.07,248.74535104150038,248.74535104150038,0.0,6.683168316831683,6.683168316831683,12.631578947368421,12.0,0.5290841584158416,1.73875,1.73875,13.0,0.13375,0,0,0,0,4118.322934393276,41.183229343932766,7427.182160474623,545.25306425442,54.59435351755677,300.88042049934296,0,0,93
06ac6393eee7a87a46f65b36cf9d1863821846f32cd08b7f9dd84710f2fa08a1,2,6,20281311,0.2,13.0,soft,wa_mcbr_soft,1000001000000000000000000000000000000000000001000000000000001000100000000110000000000000000000000000,1,1,248.88593740929974,1000001000000000000000000000000000000000000001000000000000001000100000000110000000000000000000000000,0.0,248.88593740929974,,,0.06353679089806974,915,21,0,True,34770,73200,107970,100,7,0.07,248.7535662487949,248.74535104150038,0.008215207294521314,6.683168316831683,6.683168316831683,12.631578947368421,12.0,0.5290841584158416,1.73875,1.73875,13.0,0.13375,0,0,0,0,4118.322934393276,41.183229343932766,7427.182160474623,545.25306425442,54.59435351755677,300.88042049934296,0,0,93
06ac6393eee7a87a46f65b36cf9d1863821846f32cd08b7f9dd84710f2fa08a1,2,6,20281311,0.2,13.0,none,wa_mcbr_none,1000001000000000000000000000000000000000000001000000000000001000100000000110000000000000000000000000,1,1,248.88593740929974,1000001000000000000000000000000000000000000001000000000000001000100000000110000000000000000000000000,0.0,248.88593740929974,,,0.042941291932947934,915,21,0,True,34770,73200,107970,100,7,0.07,248.74535104150038,248.74535104150038,0.0,6.683168316831683,6.683168316831683,12.631578947368421,12.0,0.5290841584158416,1.73875,1.73875,13.0,0.13375,0,0,0,0,4118.322934393276,41.183229343932766,7427.182160474623,545.25306425442,54.59435351755677,300.88042049934296,0,0,93
06ac6393eee7a87a46f65b36cf9d1863821846f32cd08b7f9dd84710f2fa08a1,2,6,20281311,0.4,1.5,hard,wa_mcbr_hard,1000100000000100001000000000000000000000100010000000000000001000000000000000000000000000000000000000,1,0,inf,1000100000000100001000000000000000000000100000000000000000001000000000000000000000000000000000000000,0.01,254.47749899613208,249.3910965100098,2.03952849853168,0.006017125095240772,119,1,0,True,4522,9520,14042,100,7,0.07,254.27609964442544,254.27609964442544,0.0,5.693069306930692,5.693069306930692,25.263157894736842,24.0,0.22535066006600654,1.47875,1.47875,1.5,0.9858333333333333,0,0,0,0,4297.133136052329,42.971331360523294,8247.768997656365,240.57848277838008,24.142522337752002,92.72666755425374,0,93,0
06ac6393eee7a87a46f65b36cf9d1863821846f32cd08b7f9dd84710f2fa08a1,2,6,20281311,0.4,1.5,soft,wa_mcbr_soft,0000100000000000000010000000000000000010000000000000000000000000000000000110000000000000000000000000,1,1,253.67229028642063,0000100000000000000010000000000000000010000000000000000000000000000000000110000000000000000000000000,0.0,253.67229028642063,,,0.03793258289806545,534,30,0,True,20292,42720,63012,100,5,0.05,254.1785501546556,253.66251163412988,0.5160385205257214,3.9603960396039604,3.9603960396039604,25.263157894736842,24.0,0.15676567656765678,1.0399999999999998,1.0399999999999998,1.5,0.6933333333333332,0,0,0,0,4284.321161307269,42.84321161307269,8193.719147448544,237.7547663463863,23.829489709027985,66.4774951076321,0,0,95
06ac6393eee7a87a46f65b36cf9d1863821846f32cd08b7f9dd84710f2fa08a1,2,6,20281311,0.4,1.5,none,wa_mcbr_none,1000100000000100000000000000000000000000000001000000000000001000100100000110000000000001000000000100,1,0,inf,0000000000000000000000000000000000000000000001000000000000000000100000000110000000000000000000000000,0.07,250.01002365793764,,,0.02502329193521291,509,36,0,True,19342,40720,60062,100,11,0.11,246.21567662500127,246.21567662500127,0.0,11.138613861386137,11.138613861386137,25.263157894736842,24.0,0.4409034653465346,2.8274999999999997,2.8274999999999997,1.5,1.8849999999999998,0,1,0,1,4040.6306530032493,40.406306530032495,7063.865205055114,603.8184825109743,60.47318682841378,217.1499723298284,0,0,89
06ac6393eee7a87a46f65b36cf9d1863821846f32cd08b7f9dd84710f2fa08a1,2,6,20281311,0.4,2.0,hard,wa_mcbr_hard,1000100000010100001000000000000000000000100000000000000000001000000000000100000000000001000000000000,1,0,inf,1000100000000100001000000000000000000000100000000000000000001000000000000100000000000001000000000000,0.01,251.54712243601122,247.85158053512706,1.4910301935155144,0.005506000015884638,104,1,0,True,3952,8320,12272,100,9,0.09,251.0496935586738,251.0496935586738,0.0,7.92079207920792,7.92079207920792,25.263157894736842,24.0,0.3135313531353135,1.9987499999999998,1.9987499999999998,2.0,0.9993749999999999,0,0,0,0,4219.465029596939,42.19465029596939,7891.4666713289635,295.2650406855138,29.630147662660384,134.1826923076923,0,91,0
06ac6393eee7a87a46f65b36cf9d1863821846f32cd08b7f9dd84710f2fa08a1,2,6,20281311,0.4,2.0,soft,wa_mcbr_soft,0000000000000100000000100000000000000000000000000000000000000000100100000110000000000000000000000000,1,1,250.65885253763508,0000000000000100000000100000000000000000000000000000000000000000100100000110000000000000000000000000,0.0,250.65885253763508,,,0.03256100008729845,450,33,0,True,17100,36000,53100,100,6,0.06,251.5976582201168,250.64253887153993,0.9551193485768759,5.94059405940594,5.94059405940594,25.263157894736842,24.0,0.2351485148514851,1.4949999999999999,1.4949999999999999,2.0,0.7474999999999999,0,0,0,0,4201.140131351949,42.01140131351949,7812.256378134258,426.49438390104706,42.729689043102795,96.86084142394822,0,0,94
06ac6393eee7a87a46f65b36cf9d1863821846f32cd08b7f9dd84710f2fa08a1,2,6,20281311,0.4,2.0,none,wa_mcbr_none,1000100000000100000000000000000000000000000001000000000000001000100100000110000000000001000000000100,1,0,inf,0000100000000000000000000000000000000000000001000000000000001000100000000110000000000000000000000000,0.05,248.2719911756643,,,0.025009874952957034,509,36,0,True,19342,40720,60062,100,11,0.11,246.21567662500127,246.21567662500127,0.0,11.138613861386137,11.138613861386137,25.263157894736842,24.0,0.4409034653465346,2.8274999999999997,2.8274999999999997,2.0,1.4137499999999998,0,1,0,1,4040.6306530032493,40.406306530032495,7063.865205055114,603.8184825109743,60.47318682841378,217.1499723298284,0,0,89
06ac6393eee7a87a46f65b36cf9d1863821846f32cd08b7f9dd84710f2fa08a1,2,6,20281311,0.4,3.0,hard,wa_mcbr_hard,1000101010010100000000000000000000000000100001000000000000001000000100000100000000000001000000000000,1,0,inf,1000101010000100000000000000000000000000100001000000000000001000000100000100000000000001000000000000,0.01,248.5490842417287,246.3166790766661,0.9063150629632212,0.019542917027138174,447,12,0,True,16986,35760,52746,100,12,0.12,248.4497230712628,248.4497230712628,0.0,10.891089108910888,10.891089108910888,25.263157894736842,24.0,0.431105610561056,2.7787499999999996,2.7787499999999996,3.0,0.9262499999999999,0,0,0,0,4114.702837838289,41.14702837838289,7402.140322179227,449.1209438603403,45.02684826892547,209.44887599709926,0,83,5
06ac6393eee7a87a46f65b36cf9d1863821846f32cd08b7f9dd84710f2fa08a1,2,6,20281311,0.4,3.0,soft,wa_mcbr_soft,1000000000000000000000000000000000000000000001000000000000001000100000000110000000000000000000000100,1,1,247.35996823051968,1000000000000000000000000000000000000000000001000000000000001000100000000110000000000000000000000100,0.0,247.35996823051968,,,0.043246042099781334,613,34,0,True,23294,49040,72334,100,7,0.07,247.76979991245173,247.32126479203208,0.44853512041965526,7.425742574257425,7.425742574257425,25.263157894736842,24.0,0.2939356435643564,1.9012499999999999,1.9012499999999999,3.0,0.6337499999999999,0,0,0,0,4114.619207220225,41.14619207220225,7416.375479475647,535.8113732661413,53.63992509253128,124.07537248028046,0,0,93
06ac6393eee7a87a46f65b36cf9d1863821846f32cd08b7f9dd84710f2fa08a1,2,6,20281311,0.4,3.0,none,wa_mcbr_none,1000100000000100000000000000000000000000000001000000000000001000100100000110000000000001000000000100,1,0,inf,1000100000000100000000000000000000000000000001000000000000001000100100000110000000000001000000000000,0.01,246.32485532098076,,,0.024911458021961153,509,36,0,True,19342,40720,60062,100,11,0.11,246.21567662500127,246.21567662500127,0.0,11.138613861386137,11.138613861386137,25.263157894736842,24.0,0.4409034653465346,2.8274999999999997,2.8274999999999997,3.0,0.9424999999999999,0,0,0,0,4040.6306530032493,40.406306530032495,7063.865205055114,603.8184825109743,60.47318682841378,217.1499723298284,0,0,89
06ac6393eee7a87a46f65b36cf9d1863821846f32cd08b7f9dd84710f2fa08a1,2,6,20281311,0.4,5.0,hard,wa_mcbr_hard,1000100000000100000000000000000000000000000001000000000000001000100100000110000000000001000000000100,1,1,246.3448280766007,1000100000000100000000000000000000000000000001000000000000001000100100000110000000000001000000000100,0.0,246.3448280766007,246.2578580522085,0.035316649417848366,0.03304399992339313,687,35,0,True,26106,54960,81066,100,11,0.11,246.21567662500127,246.21567662500127,0.0,11.138613861386137,11.138613861386137,25.263157894736842,24.0,0.4409034653465346,2.8274999999999997,2.8274999999999997,5.0,0.5654999999999999,0,0,0,0,4040.6306530032493,40.406306530032495,7063.865205055114,603.8184825109743,60.47318682841378,217.1499723298284,0,0,89
06ac6393eee7a87a46f65b36cf9d1863821846f32cd08b7f9dd84710f2fa08a1,2,6,20281311,0.4,5.0,soft,wa_mcbr_soft,1000100000000100000000100000000000000000000001000000000000001000100000000110000000000000000000000100,1,1,246.48253020896868,1000100000000100000000100000000000000000000001000000000000001000100000000110000000000000000000000100,0.0,246.48253020896868,,,0.034182542003691196,450,35,0,True,17100,36000,53100,100,10,0.1,246.63434888086292,246.38304524095193,0.25130363991099514,10.148514851485148,10.148514851485148,25.263157894736842,24.0,0.4017120462046204,2.58375,2.58375,5.0,0.51675,0,0,0,0,4055.598055419013,40.55598055419013,7135.8129445164595,611.9465520719385,61.294451645976224,187.85898982933975,0,0,90
06ac6393eee7a87a46f65b36cf9d1863821846f32cd08b7f9dd84710f2fa08a1,2,6,20281311,0.4,5.0,none,wa_mcbr_none,1000100000000100000000000000000000000000000001000000000000001000100100000110000000000001000000000100,1,1,246.3448280766007,1000100000000100000000000000000000000000000001000000000000001000100100000110000000000001000000000100,0.0,246.3448280766007,,,0.025008915923535824,509,36,0,True,19342,40720,60062,100,11,0.11,246.21567662500127,246.21567662500127,0.0,11.138613861386137,11.138613861386137,25.263157894736842,24.0,0.4409034653465346,2.8274999999999997,2.8274999999999997,5.0,0.5654999999999999,0,0,0,0,4040.6306530032493,40.406306530032495,7063.865205055114,603.8184825109743,60.47318682841378,217.1499723298284,0,0,89
06ac6393eee7a87a46f65b36cf9d1863821846f32cd08b7f9dd84710f2fa08a1,2,6,20281311,0.4,13.0,hard,wa_mcbr_hard,1000100000000100000000000000000000000000000001000000000000001000100100000110000000000001000000000100,1,1,246.3448280766007,1000100000000100000000000000000000000000000001000000000000001000100100000110000000000001000000000100,0.0,246.3448280766007,246.2578580522085,0.035316649417848366,0.025000749970786273,509,36,0,True,19342,40720,60062,100,11,0.11,246.21567662500127,246.21567662500127,0.0,11.138613861386137,11.138613861386137,25.263157894736842,24.0,0.4409034653465346,2.8274999999999997,2.8274999999999997,13.0,0.21749999999999997,0,0,0,0,4040.6306530032493,40.406306530032495,7063.865205055114,603.8184825109743,60.47318682841378,217.1499723298284,0,0,89
06ac6393eee7a87a46f65b36cf9d1863821846f32cd08b7f9dd84710f2fa08a1,2,6,20281311,0.4,13.0,soft,wa_mcbr_soft,1000100000000100000000000000000000000000000001000000000000001000100100000110000000000001000000000100,1,1,246.3448280766007,1000100000000100000000000000000000000000000001000000000000001000100100000110000000000001000000000100,0.0,246.3448280766007,,,0.03727962507400662,509,36,0,True,19342,40720,60062,100,11,0.11,246.24090506951683,246.21567662500127,0.025228444515550816,11.138613861386137,11.138613861386137,25.263157894736842,24.0,0.4409034653465346,2.8274999999999997,2.8274999999999997,13.0,0.21749999999999997,0,0,0,0,4040.6306530032493,40.406306530032495,7063.865205055114,603.8184825109743,60.47318682841378,217.1499723298284,0,0,89
06ac6393eee7a87a46f65b36cf9d1863821846f32cd08b7f9dd84710f2fa08a1,2,6,20281311,0.4,13.0,none,wa_mcbr_none,1000100000000100000000000000000000000000000001000000000000001000100100000110000000000001000000000100,1,1,246.3448280766007,1000100000000100000000000000000000000000000001000000000000001000100100000110000000000001000000000100,0.0,246.3448280766007,,,0.024855124996975064,509,36,0,True,19342,40720,60062,100,11,0.11,246.21567662500127,246.21567662500127,0.0,11.138613861386137,11.138613861386137,25.263157894736842,24.0,0.4409034653465346,2.8274999999999997,2.8274999999999997,13.0,0.21749999999999997,0,0,0,0,4040.6306530032493,40.406306530032495,7063.865205055114,603.8184825109743,60.47318682841378,217.1499723298284,0,0,89
06ac6393eee7a87a46f65b36cf9d1863821846f32cd08b7f9dd84710f2fa08a1,2,6,20281311,0.6,1.5,hard,wa_mcbr_hard,1000100000000100001000000000000000000000100010000000000000001000000000000000000000000000000000000000,1,0,inf,1000100000000100001000000000000000000000100000000000000000001000000000000000000000000000000000000000,0.01,254.31897999007404,249.26592835224858,2.027173016074934,0.00598087499383837,119,1,0,True,4522,9520,14042,100,7,0.07,254.07640288982384,254.07640288982384,0.0,5.693069306930692,5.693069306930692,37.89473684210527,36.0,0.15023377337733768,1.47875,1.47875,1.5,0.9858333333333333,0,0,0,0,4296.933439297727,42.969334392977274,8247.768997656365,240.57848277838008,24.142522337752002,64.19855975402538,0,93,0
06ac6393eee7a87a46f65b36cf9d1863821846f32cd08b7f9dd84710f2fa08a1,2,6,20281311,0.6,1.5,soft,wa_mcbr_soft,0000000000000000000010000000000000000010000000000000000000001000000000000101000000000000000000000000,1,1,254.45199193178172,0000000000000000000010000000000000000010000000000000000000001000000000000101000000000000000000000000,0.0,254.45199193178172,,,0.02649570896755904,355,36,0,True,13490,28400,41890,100,5,0.05,255.11740374780166,254.44813786465335,0.6692658831483003,4.207920792079207,4.207920792079207,37.89473684210527,36.0,0.11104235423542351,1.0887499999999999,1.0887499999999999,1.5,0.7258333333333332,0,0,0,0,4301.06669018024,43.010666901802395,8269.321344431617,242.1097894706537,24.268886323574794,51.22824657746151,0,0,95
06ac6393eee7a87a46f65b36cf9d1863821846f32cd08b7f9dd84710f2fa08a1,2,6,20281311,0.6,1.5,none,wa_mcbr_none,1000101000000100000000000000000000000000000001000000000000011000100100000110000000000001000000000100,1,0,inf,0000000000000000000000000000000000000000000001000000000000000000100000000110000000000000000000000000,0.09,249.93048949725454,,,0.04212887503672391,874,52,0,True,33212,69920,103132,100,13,0.13,244.92546032847147,244.92546032847147,0.0,12.62376237623762,12.62376237623762,37.89473684210527,36.0,0.3331270627062705,3.2337499999999997,3.2337499999999997,1.5,2.1558333333333333,0,1,0,1,4005.178271725628,40.05178271725628,6898.450915681871,653.4445856184352,65.45505245173347,144.88400866068662,0,0,87
06ac6393eee7a87a46f65b36cf9d1863821846f32cd08b7f9dd84710f2fa08a1,2,6,20281311,0.6,2.0,hard,wa_mcbr_hard,1000100000010100001000000000000000000000100000000000000000001000000000000100000000000001000000000000,1,0,inf,1000100000000100001000000000000000000000100000000000000000001000000000000100000000000001000000000000,0.01,251.21905544127756,247.59581777673148,1.4633678779717199,0.00553841597866267,104,1,0,True,3952,8320,12272,100,9,0.09,250.6166251276264,250.6166251276264,0.0,7.92079207920792,7.92079207920792,37.89473684210527,36.0,0.20902090209020896,1.9987499999999998,1.9987499999999998,2.0,0.9993749999999999,0,0,0,0,4219.0319611658915,42.190319611658914,7891.4666713289635,295.2650406855138,29.630147662660384,86.06397774687063,0,91,0
06ac6393eee7a87a46f65b36cf9d1863821846f32cd08b7f9dd84710f2fa08a1,2,6,20281311,0.6,2.0,soft,wa_mcbr_soft,0000000000000100000010000000000000000000000000000000000000000000100100000110000000000000000000000000,1,1,250.5090608013804,0000000000000100000010000000000000000000000000000000000000000000100100000110000000000000000000000000,0.0,250.5090608013804,,,0.03225020889658481,438,43,0,True,16644,35040,51684,100,6,0.06,251.45526164104672,250.50014229246983,0.9551193485768759,5.94059405940594,5.94059405940594,37.89473684210527,36.0,0.15676567656765672,1.4949999999999999,1.4949999999999999,2.0,0.7474999999999999,0,0,0,0,4199.478785113849,41.99478785113849,7805.0682634500445,446.6533572005224,44.710575007414285,66.47749510763208,0,0,94
06ac6393eee7a87a46f65b36cf9d1863821846f32cd08b7f9dd84710f2fa08a1,2,6,20281311,0.6,2.0,none,wa_mcbr_none,1000101000000100000000000000000000000000000001000000000000011000100100000110000000000001000000000100,1,0,inf,0000101000000000000000000000000000000000000001000000000000001000100000000110000000000000000000000000,0.06,247.59581777673154,,,0.0428602920146659,874,52,0,True,33212,69920,103132,100,13,0.13,244.92546032847147,244.92546032847147,0.0,12.62376237623762,12.62376237623762,37.89473684210527,36.0,0.3331270627062705,3.2337499999999997,3.2337499999999997,2.0,1.6168749999999998,0,1,0,1,4005.178271725628,40.05178271725628,6898.450915681871,653.4445856184352,65.45505245173347,144.88400866068662,0,0,87
06ac6393eee7a87a46f65b36cf9d1863821846f32cd08b7f9dd84710f2fa08a1,2,6,20281311,0.6,3.0,hard,wa_mcbr_hard,1000100000011100001100010000000000000000100000000000000000001000000000000101000000000001000000000000,1,0,inf,1000100000010100001100000000000000000000100000000000000000001000000000000101000000000001000000000000,0.02,249.78276457350657,245.5527357691447,1.7226559464353546,0.005584249971434474,104,1,0,True,3952,8320,12272,100,13,0.13,249.3897665371209,249.3897665371209,0.0,11.881188118811878,11.881188118811878,37.89473684210527,36.0,0.3135313531353134,2.9737499999999994,2.9737499999999994,3.0,0.9912499999999999,0,0,0,0,4161.641156654622,41.61641156654622,7618.111400141961,392.0601272786338,39.33847245861159,134.18269230769224,0,87,0
06ac6393eee7a87a46f65b36cf9d1863821846f32cd08b7f9dd84710f2fa08a1,2,6,20281311,0.6,3.0,soft,wa_mcbr_soft,0000000000000100000000000000000000000000000001000000000000001000100100000110000000000001000000000000,1,1,246.7615356472259,0000000000000100000000000000000000000000000001000000000000001000100100000110000000000001000000000000,0.0,246.7615356472259,,,0.049886749940924346,709,49,0,True,26942,56720,83662,100,8,0.08,247.53215572095567,246.74150863147534,0.7906470894803387,8.168316831683168,8.168316831683168,37.89473684210527,36.0,0.215552805280528,2.0637499999999998,2.0637499999999998,3.0,0.6879166666666666,0,0,0,0,4100.758396442145,41.00758396442145,7351.64550546888,556.1037887679302,55.68818361006348,88.69576650013146,0,0,92
06ac6393eee7a87a46f65b36cf9d1863821846f32cd08b7f9dd84710f2fa08a1,2,6,20281311,0.6,3.0,none,wa_mcbr_none,1000101000000100000000000000000000000000000001000000000000011000100100000110000000000001000000000100,1,0,inf,1000101000000100000000000000000000000000000001000000000000001000100100000110000000000000000000000000,0.03,245.6186016178449,,,0.04213491699192673,874,52,0,True,33212,69920,103132,100,13,0.13,244.92546032847147,244.92546032847147,0.0,12.62376237623762,12.62376237623762,37.89473684210527,36.0,0.3331270627062705,3.2337499999999997,3.2337499999999997,3.0,1.0779166666666666,0,1,0,1,4005.178271725628,40.05178271725628,6898.450915681871,653.4445856184352,65.45505245173347,144.88400866068662,0,0,87
06ac6393eee7a87a46f65b36cf9d1863821846f32cd08b7f9dd84710f2fa08a1,2,6,20281311,0.6,5.0,hard,wa_mcbr_hard,1000101000000100000000000000000000000000000001000000000000011000100100000110000000000001000000000100,1,1,244.99911409326097,1000101000000100000000000000000000000000000001000000000000011000100100000110000000000001000000000100,0.0,244.99911409326097,244.9991140932609,2.3201479348684545e-14,0.039788416936062276,815,35,0,True,30970,65200,96170,100,13,0.13,244.92546032847147,244.92546032847147,0.0,12.62376237623762,12.62376237623762,37.89473684210527,36.0,0.3331270627062705,3.2337499999999997,3.2337499999999997,5.0,0.6467499999999999,0,0,0,0,4005.178271725628,40.05178271725628,6898.450915681871,653.4445856184352,65.45505245173347,144.88400866068662,0,0,87
06ac6393eee7a87a46f65b36cf9d1863821846f32cd08b7f9dd84710f2fa08a1,2,6,20281311,0.6,5.0,soft,wa_mcbr_soft,1000101000000100000000000000000000000000000001000000000000001000100100000110000000000000000000000100,1,1,245.29483902631904,1000101000000100000000000000000000000000000001000000000000001000100100000110000000000000000000000100,0.0,245.29483902631904,,,0.04293029091786593,585,50,0,True,22230,46800,69030,100,11,0.11,245.60267418071757,245.24415860407947,0.35851557663810985,10.643564356435641,10.643564356435641,37.89473684210527,36.0,0.2808718371837183,2.74625,2.74625,5.0,0.54925,0,0,0,0,4043.459434847879,40.43459434847879,7081.857480740092,596.8508989557629,59.77097637195667,117.64317812410358,0,0,89
06ac6393eee7a87a46f65b36cf9d1863821846f32cd08b7f9dd84710f2fa08a1,2,6,20281311,0.6,5.0,none,wa_mcbr_none,1000101000000100000000000000000000000000000001000000000000011000100100000110000000000001000000000100,1,1,244.99911409326097,1000101000000100000000000000000000000000000001000000000000011000100100000110000000000001000000000100,0.0,244.99911409326097,,,0.03648962499573827,758,58,0,True,28804,60640,89444,100,13,0.13,244.92546032847147,244.92546032847147,0.0,12.62376237623762,12.62376237623762,37.89473684210527,36.0,0.3331270627062705,3.2337499999999997,3.2337499999999997,5.0,0.6467499999999999,0,0,0,0,4005.178271725628,40.05178271725628,6898.450915681871,653.4445856184352,65.45505245173347,144.88400866068662,0,0,87
06ac6393eee7a87a46f65b36cf9d1863821846f32cd08b7f9dd84710f2fa08a1,2,6,20281311,0.6,13.0,hard,wa_mcbr_hard,1000101000000100000000000000000000000000000001000000000000011000100100000110000000000001000000000100,1,1,244.99911409326097,1000101000000100000000000000000000000000000001000000000000011000100100000110000000000001000000000100,0.0,244.99911409326097,244.9991140932609,2.3201479348684545e-14,0.03720070898998529,758,58,0,True,28804,60640,89444,100,13,0.13,244.92546032847147,244.92546032847147,0.0,12.62376237623762,12.62376237623762,37.89473684210527,36.0,0.3331270627062705,3.2337499999999997,3.2337499999999997,13.0,0.24874999999999997,0,0,0,0,4005.178271725628,40.05178271725628,6898.450915681871,653.4445856184352,65.45505245173347,144.88400866068662,0,0,87
06ac6393eee7a87a46f65b36cf9d1863821846f32cd08b7f9dd84710f2fa08a1,2,6,20281311,0.6,13.0,soft,wa_mcbr_soft,1000101000000100000000000000000000000000000001000000000000011000100100000110000000000001000000000100,1,1,244.99911409326097,1000101000000100000000000000000000000000000001000000000000011000100100000110000000000001000000000100,0.0,244.99911409326097,,,0.07612462493125349,1072,64,0,True,40736,85760,126496,100,13,0.13,244.96374410408592,244.92546032847147,0.0382837756144571,12.62376237623762,12.62376237623762,37.89473684210527,36.0,0.3331270627062705,3.2337499999999997,3.2337499999999997,13.0,0.24874999999999997,0,0,0,0,4005.178271725628,40.05178271725628,6898.450915681871,653.4445856184352,65.45505245173347,144.88400866068662,0,0,87
06ac6393eee7a87a46f65b36cf9d1863821846f32cd08b7f9dd84710f2fa08a1,2,6,20281311,0.6,13.0,none,wa_mcbr_none,1000101000000100000000000000000000000000000001000000000000011000100100000110000000000001000000000100,1,1,244.99911409326097,1000101000000100000000000000000000000000000001000000000000011000100100000110000000000001000000000100,0.0,244.99911409326097,,,0.036748250015079975,758,58,0,True,28804,60640,89444,100,13,0.13,244.92546032847147,244.92546032847147,0.0,12.62376237623762,12.62376237623762,37.89473684210527,36.0,0.3331270627062705,3.2337499999999997,3.2337499999999997,13.0,0.24874999999999997,0,0,0,0,4005.178271725628,40.05178271725628,6898.450915681871,653.4445856184352,65.45505245173347,144.88400866068662,0,0,87
06ac6393eee7a87a46f65b36cf9d1863821846f32cd08b7f9dd84710f2fa08a1,2,6,20281311,0.8,1.5,hard,wa_mcbr_hard,1000100000000100001000000000000000000000100010000000000000001000000000000000000000000000000000000000,1,0,inf,1000100000000100001000000000000000000000100000000000000000001000000000000000000000000000000000000000,0.01,254.24920500420245,249.21052414679272,2.021857172629592,0.006041541928425431,119,1,0,True,4522,9520,14042,100,7,0.07,253.9892335794378,253.9892335794378,0.0,5.693069306930692,5.693069306930692,50.526315789473685,48.0,0.11267533003300327,1.47875,1.47875,1.5,0.9858333333333333,0,0,0,0,4296.846269987341,42.968462699873406,8247.768997656365,240.57848277838008,24.142522337752002,51.74580112744812,0,93,0
06ac6393eee7a87a46f65b36cf9d1863821846f32cd08b7f9dd84710f2fa08a1,2,6,20281311,0.8,1.5,soft,wa_mcbr_soft,0000001000000000000010000000000000000000000001000000000000000000000000000110000000000000000000000000,1,1,251.11931945688818,0000001000000000000010000000000000000000000001000000000000000000000000000110000000000000000000000000,0.0,251.11931945688818,,,0.04155295807868242,585,50,0,True,22230,46800,69030,100,5,0.05,252.14727373616637,251.11500455322806,1.0322691829383026,4.455445544554455,4.455445544554455,50.526315789473685,48.0,0.08818069306930693,1.17,1.17,1.5,0.7799999999999999,0,0,0,0,4223.253603993017,42.232536039930174,7916.583551946702,366.5436693194125,36.71038934037501,44.177129284017646,0,0,95
06ac6393eee7a87a46f65b36cf9d1863821846f32cd08b7f9dd84710f2fa08a1,2,6,20281311,0.8,1.5,none,wa_mcbr_none,1000101010000100000000100000000000000000000001000000000000011000100100000110000000000001000000000100,1,0,inf,0000000000000000000000000000000000000000000001000000000000000000100000000110000000000000000000000000,0.11,249.89451580796336,,,0.0314265419729054,633,70,0,True,24054,50640,74694,100,15,0.15,244.28269903799418,244.28269903799418,0.0,14.6039603960396,14.6039603960396,50.526315789473685,48.0,0.2890367161716171,3.72125,3.72125,1.5,2.4808333333333334,0,1,0,1,3968.0924427639156,39.680924427639155,6722.268842133079,711.193918841925,71.2561422052401,121.63559875244792,0,0,85
06ac6393eee7a87a46f65b36cf9d1863821846f32cd08b7f9dd84710f2fa08a1,2,6,20281311,0.8,2.0,hard,wa_mcbr_hard,1000100000010100001000000000000000000000100000000000000000001000000000000100000000000001000000000000,1,0,inf,1000100000000100001000000000000000000000100000000000000000001000000000000100000000000001000000000000,0.01,251.0822811548434,247.48213131564643,1.4547110209767953,0.005527417059056461,104,1,0,True,3952,8320,12272,100,9,0.09,250.44034678387325,250.44034678387325,0.0,7.92079207920792,7.92079207920792,50.526315789473685,48.0,0.15676567656765675,1.9987499999999998,1.9987499999999998,2.0,0.9993749999999999,0,0,0,0,4218.855682822138,42.18855682822138,7891.4666713289635,295.2650406855138,29.630147662660384,66.47749510763208,0,91,0
06ac6393eee7a87a46f65b36cf9d1863821846f32cd08b7f9dd84710f2fa08a1,2,6,20281311,0.8,2.0,soft,wa_mcbr_soft,0000001000000000000010000000000000000000000001000000000000001000000000000110000000000000000000000000,1,1,249.78022597228906,0000001000000000000010000000000000000000000001000000000000001000000000000110000000000000000000000000,0.0,249.78022597228906,,,0.04291216598358005,585,51,0,True,22230,46800,69030,100,6,0.06,250.4645459323085,249.77444607696893,0.69009985533959,5.445544554455445,5.445544554455445,50.526315789473685,48.0,0.10777640264026402,1.4137499999999998,1.4137499999999998,2.0,0.7068749999999999,0,0,0,0,4194.192590172529,41.94192590172529,7783.429510905574,381.8995411426154,38.25181759559121,50.198820945555426,0,0,94
06ac6393eee7a87a46f65b36cf9d1863821846f32cd08b7f9dd84710f2fa08a1,2,6,20281311,0.8,2.0,none,wa_mcbr_none,1000101010000100000000100000000000000000000001000000000000011000100100000110000000000001000000000100,1,0,inf,0000100000000000000000000000000000000000000001000000000000001000100000000110000000000000000000000000,0.09,247.99394680684298,,,0.03182675002608448,633,70,0,True,24054,50640,74694,100,15,0.15,244.28269903799418,244.28269903799418,0.0,14.6039603960396,14.6039603960396,50.526315789473685,48.0,0.2890367161716171,3.72125,3.72125,2.0,1.860625,0,1,0,1,3968.0924427639156,39.680924427639155,6722.268842133079,711.193918841925,71.2561422052401,121.63559875244792,0,0,85
06ac6393eee7a87a46f65b36cf9d1863821846f32cd08b7f9dd84710f2fa08a1,2,6,20281311,0.8,3.0,hard,wa_mcbr_hard,1000100000011100001100010000000000000000100000000000000000001000000000000101000000000001000000000000,1,0,inf,1000100000010100001100000000000000000000100000000000000000001000000000000101000000000001000000000000,0.02,249.46551231912258,245.26432462879563,1.7129224548598292,0.005589916952885687,104,1,0,True,3952,8320,12272,100,13,0.13,248.90458247563222,248.90458247563222,0.0,11.881188118811878,11.881188118811878,50.526315789473685,48.0,0.23514851485148508,2.9737499999999994,2.9737499999999994,3.0,0.9912499999999999,0,0,0,0,4161.155972593133,41.61155972593133,7618.111400141961,392.0601272786338,39.33847245861159,96.8608414239482,0,87,0
06ac6393eee7a87a46f65b36cf9d1863821846f32cd08b7f9dd84710f2fa08a1,2,6,20281311,0.8,3.0,soft,wa_mcbr_soft,1000001000000100000000000000000000000000000001000000000000001000100000000110000000000000000000000000,1,1,246.36487862128317,1000001000000100000000000000000000000000000001000000000000001000100000000110000000000000000000000000,0.0,246.36487862128317,,,0.04743875004351139,637,61,0,True,24206,50960,75166,100,8,0.08,246.98896330969063,246.3523355983513,0.636627711339334,7.673267326732672,7.673267326732672,50.526315789473685,48.0,0.15186674917491746,1.9825,1.9825,3.0,0.6608333333333333,0,0,0,0,4097.329434065378,40.97329434065378,7337.2417117109435,551.4142554362492,55.21396386794473,64.76500273606128,0,0,92
06ac6393eee7a87a46f65b36cf9d1863821846f32cd08b7f9dd84710f2fa08a1,2,6,20281311,0.8,3.0,none,wa_mcbr_none,1000101010000100000000100000000000000000000001000000000000011000100100000110000000000001000000000100,1,0,inf,1000101000000100000000000000000000000000000001000000000000001000100100000110000000000000000000000000,0.05,245.35249164675625,,,0.03545429196674377,633,70,0,True,24054,50640,74694,100,15,0.15,244.28269903799418,244.28269903799418,0.0,14.6039603960396,14.6039603960396,50.526315789473685,48.0,0.2890367161716171,3.72125,3.72125,3.0,1.2404166666666667,0,1,0,1,3968.0924427639156,39.680924427639155,6722.268842133079,711.193918841925,71.2561422052401,121.63559875244792,0,0,85
06ac6393eee7a87a46f65b36cf9d1863821846f32cd08b7f9dd84710f2fa08a1,2,6,20281311,0.8,5.0,hard,wa_mcbr_hard,1000101010000100000000100000000000000000000001000000000000011000100100000110000000000001000000000100,1,1,244.34149839004078,1000101010000100000000100000000000000000000001000000000000011000100100000110000000000001000000000100,0.0,244.34149839004078,244.32437551524194,0.0070082548099157935,0.030711165978573263,633,37,0,True,24054,50640,74694,100,15,0.15,244.28269903799418,244.28269903799418,0.0,14.6039603960396,14.6039603960396,50.526315789473685,48.0,0.2890367161716171,3.72125,3.72125,5.0,0.74425,0,0,0,0,3968.0924427639156,39.680924427639155,6722.268842133079,711.193918841925,71.2561422052401,121.63559875244792,0,0,85
06ac6393eee7a87a46f65b36cf9d1863821846f32cd08b7f9dd84710f2fa08a1,2,6,20281311,0.8,5.0,soft,wa_mcbr_soft,1000101000000100000000100000000000000000000001000000000000011000100100000110000000000000000000000000,1,1,244.74182951207234,1000101000000100000000100000000000000000000001000000000000011000100100000110000000000000000000000000,0.0,244.74182951207234,,,0.044134250027127564,597,63,0,True,22686,47760,70446,100,12,0.12,245.2177631008435,244.7105234958832,0.507239604960319,11.386138613861382,11.386138613861382,50.526315789473685,48.0,0.22535066006600651,2.9087499999999995,2.9087499999999995,5.0,0.5817499999999999,0,0,0,0,4021.283393983231,40.21283393983231,6977.5784932997885,647.5561643816393,64.87444164903879,92.72666755425372,0,0,88
06ac6393eee7a87a46f65b36cf9d1863821846f32cd08b7f9dd84710f2fa08a1,2,6,20281311,0.8,5.0,none,wa_mcbr_none,1000101010000100000000100000000000000000000001000000000000011000100100000110000000000001000000000100,1,1,244.34149839004078,1000101010000100000000100000000000000000000001000000000000011000100100000110000000000001000000000100,0.0,244.34149839004078,,,0.03130116604734212,633,70,0,True,24054,50640,74694,100,15,0.15,244.28269903799418,244.28269903799418,0.0,14.6039603960396,14.6039603960396,50.526315789473685,48.0,0.2890367161716171,3.72125,3.72125,5.0,0.74425,0,0,0,0,3968.0924427639156,39.680924427639155,6722.268842133079,711.193918841925,71.2561422052401,121.63559875244792,0,0,85
06ac6393eee7a87a46f65b36cf9d1863821846f32cd08b7f9dd84710f2fa08a1,2,6,20281311,0.8,13.0,hard,wa_mcbr_hard,1000101010000100000000100000000000000000000001000000000000011000100100000110000000000001000000000100,1,1,244.34149839004078,1000101010000100000000100000000000000000000001000000000000011000100100000110000000000001000000000100,0.0,244.34149839004078,244.32437551524194,0.0070082548099157935,0.033681125030852854,633,70,0,True,24054,50640,74694,100,15,0.15,244.28269903799418,244.28269903799418,0.0,14.6039603960396,14.6039603960396,50.526315789473685,48.0,0.2890367161716171,3.72125,3.72125,13.0,0.28625,0,0,0,0,3968.0924427639156,39.680924427639155,6722.268842133079,711.193918841925,71.2561422052401,121.63559875244792,0,0,85
06ac6393eee7a87a46f65b36cf9d1863821846f32cd08b7f9dd84710f2fa08a1,2,6,20281311,0.8,13.0,soft,wa_mcbr_soft,1000101000000100000000100000000000000000100001000000000000011000100100000110000000000001000000000100,1,1,244.324375515242,1000101000000100000000100000000000000000100001000000000000011000100100000110000000000001000000000100,0.0,244.324375515242,,,0.059742959099821746,815,70,0,True,30970,65200,96170,100,15,0.15,244.3172028859472,244.25933705699168,0.05786582895552366,14.356435643564351,14.356435643564351,50.526315789473685,48.0,0.2841377887788778,3.6725,3.6725,13.0,0.2825,0,0,0,0,3965.7887806349504,39.65788780634951,6711.482145521365,720.022824638054,72.14303475768833,119.22921769197518,0,0,85
06ac6393eee7a87a46f65b36cf9d1863821846f32cd08b7f9dd84710f2fa08a1,2,6,20281311,0.8,13.0,none,wa_mcbr_none,1000101010000100000000100000000000000000000001000000000000011000100100000110000000000001000000000100,1,1,244.34149839004078,1000101010000100000000100000000000000000000001000000000000011000100100000110000000000001000000000100,0.0,244.34149839004078,,,0.03146941598970443,633,70,0,True,24054,50640,74694,100,15,0.15,244.28269903799418,244.28269903799418,0.0,14.6039603960396,14.6039603960396,50.526315789473685,48.0,0.2890367161716171,3.72125,3.72125,13.0,0.28625,0,0,0,0,3968.0924427639156,39.680924427639155,6722.268842133079,711.193918841925,71.2561422052401,121.63559875244792,0,0,85
06ac6393eee7a87a46f65b36cf9d1863821846f32cd08b7f9dd84710f2fa08a1,2,6,20281311,1.0,1.5,hard,wa_mcbr_hard,1000100000000100001000000000000000000000100010000000000000001000000000000000000000000000000000000000,1,0,inf,1000100000000100001000000000000000000000100000000000000000001000000000000000000000000000000000000000,0.01,254.20994942166453,249.17926997640663,2.0188996643798776,0.006247082957997918,119,1,0,True,4522,9520,14042,100,7,0.07,253.9403863562657,253.9403863562657,0.0,5.693069306930692,5.693069306930692,63.15789473684211,60.0,0.09014026402640261,1.47875,1.47875,1.5,0.9858333333333333,0,0,0,0,4296.797422764169,42.96797422764169,8247.768997656365,240.57848277838008,24.142522337752002,44.76762638857401,0,93,0
06ac6393eee7a87a46f65b36cf9d1863821846f32cd08b7f9dd84710f2fa08a1,2,6,20281311,1.0,1.5,soft,wa_mcbr_soft,0000001000000000000010000000000000000000000001000000000000000000000000000110000000000000000000000000,1,1,251.09231232762406,0000001000000000000010000000000000000000000001000000000000000000000000000110000000000000000000000000,0.0,251.09231232762406,,,0.04152508301194757,585,50,0,True,22230,46800,69030,100,5,0.05,252.1212615917436,251.0889924088053,1.0322691829383026,4.455445544554455,4.455445544554455,63.15789473684211,60.0,0.07054455445544554,1.17,1.17,1.5,0.7799999999999999,0,0,0,0,4223.227591848594,42.23227591848594,7916.583551946702,366.5436693194125,36.71038934037501,38.97470039946738,0,0,95
06ac6393eee7a87a46f65b36cf9d1863821846f32cd08b7f9dd84710f2fa08a1,2,6,20281311,1.0,1.5,none,wa_mcbr_none,1000101010000100000000100000000000000000100001000000000000011000100100000110000000000001000000000100,1,0,inf,0000000000000000000000000000000000000000000001000000000000000000100000000110000000000000000000000000,0.12,249.87400912947456,,,0.0388575840042904,815,69,0,True,30970,65200,96170,100,16,0.16,243.85721825296454,243.85721825296454,0.0,15.346534653465344,15.346534653465344,63.15789473684211,60.0,0.24298679867986794,3.9162500000000002,3.9162500000000002,1.5,2.6108333333333333,0,1,0,1,3951.3456425937293,39.51345642593729,6643.176487020648,733.8574305004516,73.53043879048509,100.2452316076294,0,0,84
06ac6393eee7a87a46f65b36cf9d1863821846f32cd08b7f9dd84710f2fa08a1,2,6,20281311,1.0,2.0,hard,wa_mcbr_hard,1000100000010100001000000000000000000000100000000000000000001000000000000100000000000001000000000000,1,0,inf,1000100000000100001000000000000000000000100000000000000000001000000000000100000000000001000000000000,0.01,251.00725598192355,247.41882733755918,1.450345829773332,0.005645708064548671,104,1,0,True,3952,8320,12272,100,9,0.09,250.34469083733853,250.34469083733853,0.0,7.92079207920792,7.92079207920792,63.15789473684211,60.0,0.12541254125412538,1.9987499999999998,1.9987499999999998,2.0,0.9993749999999999,0,0,0,0,4218.760026875603,42.18760026875603,7891.4666713289635,295.2650406855138,29.630147662660384,55.84905660377357,0,91,0
06ac6393eee7a87a46f65b36cf9d1863821846f32cd08b7f9dd84710f2fa08a1,2,6,20281311,1.0,2.0,soft,wa_mcbr_soft,0000001000000000000000000000000000000000000001000000000000001000100000000110000000000000000000000000,1,1,248.0197198379308,0000001000000000000000000000000000000000000001000000000000001000100000000110000000000000000000000000,0.0,248.0197198379308,,,0.05282204202376306,726,53,0,True,27588,58080,85668,100,6,0.06,248.96888110625102,248.01376175767413,0.9551193485768767,5.693069306930693,5.693069306930693,63.15789473684211,60.0,0.09014026402640263,1.495,1.495,2.0,0.7475,0,0,0,0,4141.511806574244,41.41511806574243,7542.324711118276,540.5334693186934,54.11851971288676,44.76762638857401,0,0,94
06ac6393eee7a87a46f65b36cf9d1863821846f32cd08b7f9dd84710f2fa08a1,2,6,20281311,1.0,2.0,none,wa_mcbr_none,1000101010000100000000100000000000000000100001000000000000011000100100000110000000000001000000000100,1,0,inf,0000100000000000000000000000000000000000000001000000000000001000100000000110000000000000000000000000,0.1,247.94741766694875,,,0.03862424998078495,815,69,0,True,30970,65200,96170,100,16,0.16,243.85721825296454,243.85721825296454,0.0,15.346534653465344,15.346534653465344,63.15789473684211,60.0,0.24298679867986794,3.9162500000000002,3.9162500000000002,2.0,1.9581250000000001,0,1,0,1,3951.3456425937293,39.51345642593729,6643.176487020648,733.8574305004516,73.53043879048509,100.2452316076294,0,0,84
06ac6393eee7a87a46f65b36cf9d1863821846f32cd08b7f9dd84710f2fa08a1,2,6,20281311,1.0,3.0,hard,wa_mcbr_hard,1000100000011100001100010000000000000000100000000000000000001000000000000101000000000001000000000000,1,0,inf,1000100000010100001100000000000000000000100000000000000000001000000000000101000000000001000000000000,0.02,249.29960282174946,245.11349781300186,1.7078231293248487,0.0056216660887002945,104,1,0,True,3952,8320,12272,100,13,0.13,248.6584403176087,248.6584403176087,0.0,11.881188118811878,11.881188118811878,63.15789473684211,60.0,0.18811881188118804,2.9737499999999994,2.9737499999999994,3.0,0.9912499999999999,0,0,0,0,4160.90983043511,41.6090983043511,7618.111400141961,392.0601272786338,39.33847245861159,77.92682926829265,0,87,0
06ac6393eee7a87a46f65b36cf9d1863821846f32cd08b7f9dd84710f2fa08a1,2,6,20281311,1.0,3.0,soft,wa_mcbr_soft,1000100000000100000000000000000000000000000001000000000000001000100000000110000000000000000000000000,1,1,246.20515159066312,1000100000000100000000000000000000000000000001000000000000001000100000000110000000000000000000000000,0.0,246.20515159066312,,,0.05253616604022682,750,65,0,True,28500,60000,88500,100,8,0.08,246.8877973740041,246.19353377726077,0.694263596743325,7.92079207920792,7.92079207920792,63.15789473684211,60.0,0.12541254125412538,2.0149999999999997,2.0149999999999997,3.0,0.6716666666666665,0,0,0,0,4096.410732312541,40.96410732312541,7333.636954278915,545.492482463828,54.61928486438039,55.84905660377357,0,0,92
06ac6393eee7a87a46f65b36cf9d1863821846f32cd08b7f9dd84710f2fa08a1,2,6,20281311,1.0,3.0,none,wa_mcbr_none,1000101010000100000000100000000000000000100001000000000000011000100100000110000000000001000000000100,1,0,inf,1000101000000100000000000000000000000000100001000000000000001000100000000110000000000000000000000000,0.06,245.4057059767675,,,0.03862912498880178,815,69,0,True,30970,65200,96170,100,16,0.16,243.85721825296454,243.85721825296454,0.0,15.346534653465344,15.346534653465344,63.15789473684211,60.0,0.24298679867986794,3.9162500000000002,3.9162500000000002,3.0,1.3054166666666667,0,1,0,1,3951.3456425937293,39.51345642593729,6643.176487020648,733.8574305004516,73.53043879048509,100.2452316076294,0,0,84
06ac6393eee7a87a46f65b36cf9d1863821846f32cd08b7f9dd84710f2fa08a1,2,6,20281311,1.0,5.0,hard,wa_mcbr_hard,1000101010000100000000100000000000000000100001000000000000011000100100000110000000000001000000000100,1,1,243.907813329194,1000101010000100000000100000000000000000100001000000000000011000100100000110000000000001000000000100,0.0,243.907813329194,243.90781332919394,2.3305288209069556e-14,0.039681208902038634,815,40,0,True,30970,65200,96170,100,16,0.16,243.85721825296454,243.85721825296454,0.0,15.346534653465344,15.346534653465344,63.15789473684211,60.0,0.24298679867986794,3.9162500000000002,3.9162500000000002,5.0,0.78325,0,0,0,0,3951.3456425937293,39.51345642593729,6643.176487020648,733.8574305004516,73.53043879048509,100.2452316076294,0,0,84
06ac6393eee7a87a46f65b36cf9d1863821846f32cd08b7f9dd84710f2fa08a1,2,6,20281311,1.0,5.0,soft,wa_mcbr_soft,1000101000000100000000000000000000000000000001000000000000011000100100000110000000000001000000000000,1,1,244.47373501109982,1000101000000100000000000000000000000000000001000000000000011000100100000110000000000001000000000000,0.0,244.47373501109982,,,0.04262762505095452,585,65,0,True,22230,46800,69030,100,12,0.12,244.95865216511208,244.45141256015177,0.507239604960319,11.386138613861382,11.386138613861382,63.15789473684211,60.0,0.1802805280528052,2.9087499999999995,2.9087499999999995,5.0,0.5817499999999999,0,0,0,0,4023.3048664200323,40.233048664200325,6988.3618170074205,633.7564828302134,63.484750618350624,74.98238550578759,0,0,88
06ac6393eee7a87a46f65b36cf9d1863821846f32cd08b7f9dd84710f2fa08a1,2,6,20281311,1.0,5.0,none,wa_mcbr_none,1000101010000100000000100000000000000000100001000000000000011000100100000110000000000001000000000100,1,1,243.907813329194,1000101010000100000000100000000000000000100001000000000000011000100100000110000000000001000000000100,0.0,243.907813329194,,,0.03880050010047853,815,69,0,True,30970,65200,96170,100,16,0.16,243.85721825296454,243.85721825296454,0.0,15.346534653465344,15.346534653465344,63.15789473684211,60.0,0.24298679867986794,3.9162500000000002,3.9162500000000002,5.0,0.78325,0,0,0,0,3951.3456425937293,39.51345642593729,6643.176487020648,733.8574305004516,73.53043879048509,100.2452316076294,0,0,84
06ac6393eee7a87a46f65b36cf9d1863821846f32cd08b7f9dd84710f2fa08a1,2,6,20281311,1.0,13.0,hard,wa_mcbr_hard,1000101010000100000000100000000000000000100001000000000000011000100100000110000000000001000000000100,1,1,243.907813329194,1000101010000100000000100000000000000000100001000000000000011000100100000110000000000001000000000100,0.0,243.907813329194,243.90781332919394,2.3305288209069556e-14,0.03947379195597023,815,69,0,True,30970,65200,96170,100,16,0.16,243.85721825296454,243.85721825296454,0.0,15.346534653465344,15.346534653465344,63.15789473684211,60.0,0.24298679867986794,3.9162500000000002,3.9162500000000002,13.0,0.30125,0,0,0,0,3951.3456425937293,39.51345642593729,6643.176487020648,733.8574305004516,73.53043879048509,100.2452316076294,0,0,84
06ac6393eee7a87a46f65b36cf9d1863821846f32cd08b7f9dd84710f2fa08a1,2,6,20281311,1.0,13.0,soft,wa_mcbr_soft,1000101010000100000000100000000000000000100001000000000000011000100100000110000000000001000000000100,1,1,243.907813329194,1000101010000100000000100000000000000000100001000000000000011000100100000110000000000001000000000100,0.0,243.907813329194,,,0.058754832949489355,815,69,0,True,30970,65200,96170,100,16,0.16,243.92893078796655,243.85721825296454,0.07171253500201089,15.346534653465344,15.346534653465344,63.15789473684211,60.0,0.24298679867986794,3.9162500000000002,3.9162500000000002,13.0,0.30125,0,0,0,0,3951.3456425937293,39.51345642593729,6643.176487020648,733.8574305004516,73.53043879048509,100.2452316076294,0,0,84
06ac6393eee7a87a46f65b36cf9d1863821846f32cd08b7f9dd84710f2fa08a1,2,6,20281311,1.0,13.0,none,wa_mcbr_none,1000101010000100000000100000000000000000100001000000000000011000100100000110000000000001000000000100,1,1,243.907813329194,1000101010000100000000100000000000000000100001000000000000011000100100000110000000000001000000000100,0.0,243.907813329194,,,0.038938541896641254,815,69,0,True,30970,65200,96170,100,16,0.16,243.85721825296454,243.85721825296454,0.0,15.346534653465344,15.346534653465344,63.15789473684211,60.0,0.24298679867986794,3.9162500000000002,3.9162500000000002,13.0,0.30125,0,0,0,0,3951.3456425937293,39.51345642593729,6643.176487020648,733.8574305004516,73.53043879048509,100.2452316076294,0,0,84
06ac6393eee7a87a46f65b36cf9d1863821846f32cd08b7f9dd84710f2fa08a1,2,7,20281408,0.2,1.5,hard,wa_mcbr_hard,0000101000000000000000000000000000000000000001000000000000001000000000000110000000000000000000000000,1,0,inf,0000100000000000000000000000000000000000000001000000000000001000000000000110000000000000000000000000,0.01,252.1453900893169,250.2254671072971,0.7672772097160351,0.005248875007964671,100,0,0,True,3800,8000,11800,100,6,0.06,251.77649560676718,251.77649560676718,0.0,5.198019801980198,5.198019801980198,12.631578947368421,12.0,0.41150990099009904,1.365,1.365,1.5,0.91,0,0,0,0,4203.032095041114,42.030320950411145,7815.907200027337,510.5331903434194,51.20000455610802,194.81598317560466,0,94,0
06ac6393eee7a87a46f65b36cf9d1863821846f32cd08b7f9dd84710f2fa08a1,2,7,20281408,0.2,1.5,soft,wa_mcbr_soft,0000001000000000000000000000000000000000000000000000000000001000000000000111000000000000000000000000,1,1,253.99960380654667,0000001000000000000000000000000000000000000000000000000000001000000000000111000000000000000000000000,0.0,253.99960380654667,,,0.015420292038470507,185,8,0,True,7030,14800,21830,100,5,0.05,254.64815391493147,253.97888803178316,0.6692658831483016,4.207920792079207,4.207920792079207,12.631578947368421,12.0,0.33312706270627057,1.08875,1.08875,1.5,0.7258333333333334,0,0,0,0,4277.795444751936,42.77795444751936,8161.347791126832,294.20494172655424,29.558225366531232,144.88400866068662,0,0,95
06ac6393eee7a87a46f65b36cf9d1863821846f32cd08b7f9dd84710f2fa08a1,2,7,20281408,0.2,1.5,none,wa_mcbr_none,1000000000000000000000000000000000000000000001000000000000001000100000001110000000000000000000000000,1,0,inf,0000000000000000000000000000000000000000000001000000000000000000100000001110000000000000000000000000,0.02,250.2254671072972,,,0.03573350002989173,740,18,0,True,28120,59200,87320,100,7,0.07,249.4621805524969,249.4621805524969,0.0,6.93069306930693,6.93069306930693,12.631578947368421,12.0,0.5486798679867986,1.77125,1.77125,1.5,1.1808333333333334,0,1,0,1,4096.9942597071295,40.969942597071295,7322.954258768672,789.5351422825569,79.17982409589143,323.9305301645337,0,0,93
06ac6393eee7a87a46f65b36cf9d1863821846f32cd08b7f9dd84710f2fa08a1,2,7,20281408,0.2,2.0,hard,wa_mcbr_hard,0000000000000000000000000000000000000000000001010000000000001000000000001110000000000001000000000000,1,0,inf,0000000000000000000000000000000000000000000001010000000000001000000000001110000000000000000000000000,0.01,250.66736881751726,249.23110777847475,0.5762767945962447,0.015413500019349158,355,7,0,True,13490,28400,41890,100,7,0.07,250.5433296950219,250.5433296950219,0.0,6.930693069306931,6.930693069306931,12.631578947368421,12.0,0.5486798679867987,1.77125,1.77125,2.0,0.885625,0,0,0,0,4122.395619472657,41.22395619472657,7438.134352620623,761.1579659293956,76.33608866049327,323.9305301645338,0,86,7
06ac6393eee7a87a46f65b36cf9d1863821846f32cd08b7f9dd84710f2fa08a1,2,7,20281408,0.2,2.0,soft,wa_mcbr_soft,0000000000000000000000000000000000000000000001000000000000000000100000000110000000000001000000000000,1,1,250.41963216502893,0000000000000000000000000000000000000000000001000000000000000000100000000110000000000001000000000000,0.0,250.41963216502893,,,0.029179709032177925,369,12,0,True,14022,29520,43542,100,5,0.05,250.77581931922592,250.36030596736984,0.4155133518560755,5.198019801980198,5.198019801980198,12.631578947368421,12.0,0.41150990099009904,1.3324999999999998,1.3324999999999998,2.0,0.6662499999999999,0,0,0,0,4167.777361010582,41.677773610105824,7657.520917100826,640.6562189409135,64.18342016557975,194.81598317560466,0,0,95
06ac6393eee7a87a46f65b36cf9d1863821846f32cd08b7f9dd84710f2fa08a1,2,7,20281408,0.2,2.0,none,wa_mcbr_none,1000000000000000000000000000000000000000000001000000000000001000100000001110000000000000000000000000,1,0,inf,0000000000000000000000000000000000000000000001000000000000001000100000001110000000000000000000000000,0.01,249.70548327284595,,,0.03539958305191249,740,18,0,True,28120,59200,87320,100,7,0.07,249.4621805524969,249.4621805524969,0.0,6.93069306930693,6.93069306930693,12.631578947368421,12.0,0.5486798679867986,1.77125,1.77125,2.0,0.885625,0,0,0,0,4096.9942597071295,40.969942597071295,7322.954258768672,789.5351422825569,79.17982409589143,323.9305301645337,0,0,93
06ac6393eee7a87a46f65b36cf9d1863821846f32cd08b7f9dd84710f2fa08a1,2,7,20281408,0.2,3.0,hard,wa_mcbr_hard,1000000000000000000000000000000000000000000001000000000000001000100000001110000000000000000000000000,1,1,249.65443428320563,1000000000000000000000000000000000000000000001000000000000001000100000001110000000000000000000000000,0.0,249.65443428320563,249.23110777847475,0.16985299648354804,0.035722624976187944,740,18,0,True,28120,59200,87320,100,7,0.07,249.4621805524969,249.4621805524969,0.0,6.93069306930693,6.93069306930693,12.631578947368421,12.0,0.5486798679867986,1.77125,1.77125,3.0,0.5904166666666667,0,0,0,0,4096.9942597071295,40.969942597071295,7322.954258768672,789.5351422825569,79.17982409589143,323.9305301645337,0,0,93
06ac6393eee7a87a46f65b36cf9d1863821846f32cd08b7f9dd84710f2fa08a1,2,7,20281408,0.2,3.0,soft,wa_mcbr_soft,0000000000000000000000000000000000000000000001010000000000001000100000000110000000000000000000000000,1,1,249.23110777847478,0000000000000000000000000000000000000000000001010000000000001000100000000110000000000000000000000000,0.0,249.23110777847478,,,0.08144987502600998,1099,19,0,True,41762,87920,129682,100,6,0.06,249.29552355879895,249.09481853136117,0.20070502743777852,6.435643564356435,6.435643564356435,12.631578947368421,12.0,0.5094884488448844,1.6575,1.6575,3.0,0.5525,0,0,0,0,4104.591101299541,41.04591101299541,7362.492050380354,818.8448899852796,82.00839672584627,279.6719932716568,0,0,94
06ac6393eee7a87a46f65b36cf9d1863821846f32cd08b7f9dd84710f2fa08a1,2,7,20281408,0.2,3.0,none,wa_mcbr_none,1000000000000000000000000000000000000000000001000000000000001000100000001110000000000000000000000000,1,1,249.65443428320563,1000000000000000000000000000000000000000000001000000000000001000100000001110000000000000000000000000,0.0,249.65443428320563,,,0.03567654197104275,740,18,0,True,28120,59200,87320,100,7,0.07,249.4621805524969,249.4621805524969,0.0,6.93069306930693,6.93069306930693,12.631578947368421,12.0,0.5486798679867986,1.77125,1.77125,3.0,0.5904166666666667,0,0,0,0,4096.9942597071295,40.969942597071295,7322.954258768672,789.5351422825569,79.17982409589143,323.9305301645337,0,0,93
06ac6393eee7a87a46f65b36cf9d1863821846f32cd08b7f9dd84710f2fa08a1,2,7,20281408,0.2,5.0,hard,wa_mcbr_hard,1000000000000000000000000000000000000000000001000000000000001000100000001110000000000000000000000000,1,1,249.65443428320563,1000000000000000000000000000000000000000000001000000000000001000100000001110000000000000000000000000,0.0,249.65443428320563,249.23110777847475,0.16985299648354804,0.03547504195012152,740,18,0,True,28120,59200,87320,100,7,0.07,249.4621805524969,249.4621805524969,0.0,6.93069306930693,6.93069306930693,12.631578947368421,12.0,0.5486798679867986,1.77125,1.77125,5.0,0.35425,0,0,0,0,4096.9942597071295,40.969942597071295,7322.954258768672,789.5351422825569,79.17982409589143,323.9305301645337,0,0,93
06ac6393eee7a87a46f65b36cf9d1863821846f32cd08b7f9dd84710f2fa08a1,2,7,20281408,0.2,5.0,soft,wa_mcbr_soft,0000000000000000000000000000000000000000000001010000000000001000100000000110000000000000000000000000,1,1,249.23110777847478,0000000000000000000000000000000000000000000001010000000000001000100000000110000000000000000000000000,0.0,249.23110777847478,,,0.08098404097836465,1099,17,0,True,41762,87920,129682,100,6,0.06,249.12907366035031,249.09481853136117,0.0342551289891336,6.435643564356435,6.435643564356435,12.631578947368421,12.0,0.5094884488448844,1.6575,1.6575,5.0,0.3315,0,0,0,0,4104.591101299541,41.04591101299541,7362.492050380354,818.8448899852796,82.00839672584627,279.6719932716568,0,0,94
06ac6393eee7a87a46f65b36cf9d1863821846f32cd08b7f9dd84710f2fa08a1,2,7,20281408,0.2,5.0,none,wa_mcbr_none,1000000000000000000000000000000000000000000001000000000000001000100000001110000000000000000000000000,1,1,249.65443428320563,1000000000000000000000000000000000000000000001000000000000001000100000001110000000000000000000000000,0.0,249.65443428320563,,,0.0352952079847455,740,18,0,True,28120,59200,87320,100,7,0.07,249.4621805524969,249.4621805524969,0.0,6.93069306930693,6.93069306930693,12.631578947368421,12.0,0.5486798679867986,1.77125,1.77125,5.0,0.35425,0,0,0,0,4096.9942597071295,40.969942597071295,7322.954258768672,789.5351422825569,79.17982409589143,323.9305301645337,0,0,93
06ac6393eee7a87a46f65b36cf9d1863821846f32cd08b7f9dd84710f2fa08a1,2,7,20281408,0.2,13.0,hard,wa_mcbr_hard,1000000000000000000000000000000000000000000001000000000000001000100000001110000000000000000000000000,1,1,249.65443428320563,1000000000000000000000000000000000000000000001000000000000001000100000001110000000000000000000000000,0.0,249.65443428320563,249.23110777847475,0.16985299648354804,0.036174208973534405,740,18,0,True,28120,59200,87320,100,7,0.07,249.4621805524969,249.4621805524969,0.0,6.93069306930693,6.93069306930693,12.631578947368421,12.0,0.5486798679867986,1.77125,1.77125,13.0,0.13625,0,0,0,0,4096.9942597071295,40.969942597071295,7322.954258768672,789.5351422825569,79.17982409589143,323.9305301645337,0,0,93
06ac6393eee7a87a46f65b36cf9d1863821846f32cd08b7f9dd84710f2fa08a1,2,7,20281408,0.2,13.0,soft,wa_mcbr_soft,1000000000000000000000000000000000000000000001000000000000001000100000001110000000000000000000000000,1,1,249.65443428320563,1000000000000000000000000000000000000000000001000000000000001000100000001110000000000000000000000000,0.0,249.65443428320563,,,0.05227808398194611,740,18,0,True,28120,59200,87320,100,7,0.07,249.47056171798738,249.4621805524969,0.008381165490468221,6.93069306930693,6.93069306930693,12.631578947368421,12.0,0.5486798679867986,1.77125,1.77125,13.0,0.13625,0,0,0,0,4096.9942597071295,40.969942597071295,7322.954258768672,789.5351422825569,79.17982409589143,323.9305301645337,0,0,93
06ac6393eee7a87a46f65b36cf9d1863821846f32cd08b7f9dd84710f2fa08a1,2,7,20281408,0.2,13.0,none,wa_mcbr_none,1000000000000000000000000000000000000000000001000000000000001000100000001110000000000000000000000000,1,1,249.65443428320563,1000000000000000000000000000000000000000000001000000000000001000100000001110000000000000000000000000,0.0,249.65443428320563,,,0.03585966594982892,740,18,0,True,28120,59200,87320,100,7,0.07,249.4621805524969,249.4621805524969,0.0,6.93069306930693,6.93069306930693,12.631578947368421,12.0,0.5486798679867986,1.77125,1.77125,13.0,0.13625,0,0,0,0,4096.9942597071295,40.969942597071295,7322.954258768672,789.5351422825569,79.17982409589143,323.9305301645337,0,0,93
06ac6393eee7a87a46f65b36cf9d1863821846f32cd08b7f9dd84710f2fa08a1,2,7,20281408,0.4,1.5,hard,wa_mcbr_hard,0000101000000000000000000000000000000000000001000000000000001000000000000110000000000000000000000000,1,0,inf,0000100000000000000000000000000000000000000001000000000000001000000000000110000000000000000000000000,0.01,251.65397282468297,249.67479812995109,0.7927010293212524,0.0052504579070955515,100,0,0,True,3800,8000,11800,100,6,0.06,251.11618560564887,251.11618560564887,0.0,5.198019801980198,5.198019801980198,25.263157894736842,24.0,0.20575495049504952,1.365,1.365,1.5,0.91,0,0,0,0,4202.371785039996,42.02371785039996,7815.907200027337,510.5331903434194,51.20000455610802,84.76431632255553,0,94,0
06ac6393eee7a87a46f65b36cf9d1863821846f32cd08b7f9dd84710f2fa08a1,2,7,20281408,0.4,1.5,soft,wa_mcbr_soft,0000001000000000000000000000000000000000000000000000000000011000000000000010000000000000000000000010,1,1,254.87231909160414,0000001000000000000000000000000000000000000000000000000000011000000000000010000000000000000000000010,0.0,254.87231909160414,,,0.024605666985735297,328,22,0,True,12464,26240,38704,100,5,0.05,255.7337223214567,254.86573126162273,0.8679910598339702,4.207920792079207,4.207920792079207,25.263157894736842,24.0,0.16656353135313529,1.1375,1.1375,1.5,0.7583333333333333,0,0,0,0,4302.909483553925,43.029094835539254,8276.555216458988,271.933834903669,31.04329179820186,69.96287588169781,0,0,95
06ac6393eee7a87a46f65b36cf9d1863821846f32cd08b7f9dd84710f2fa08a1,2,7,20281408,0.4,1.5,none,wa_mcbr_none,1000000000000000000000000000000000000000001001010000000000001000100000001110000000000001000000000000,1,0,inf,0000000000000000000000000000000000000000000001000000000000000000100000001110000000000000000000000000,0.05,249.67479812995117,,,0.037570000044070184,789,37,0,True,29982,63120,93102,100,10,0.1,246.461401727377,246.461401727377,0.0,10.396039603960393,10.396039603960393,25.263157894736842,24.0,0.4115099009900989,2.665,2.665,1.5,1.7766666666666666,0,1,0,1,3995.631622207724,39.95631622207724,6851.730302141527,928.3462375967524,93.03021415274367,194.81598317560452,0,0,90
06ac6393eee7a87a46f65b36cf9d1863821846f32cd08b7f9dd84710f2fa08a1,2,7,20281408,0.4,2.0,hard,wa_mcbr_hard,0000101000000000000000000000000000000000000011000000000000001000000000000110000000000001000001000000,1,0,inf,0000101000000000000000000000000000000000000001000000000000001000000000000110000000000001000000000000,0.02,250.36525073264508,248.07818152494923,0.9219146938425296,0.005721959052607417,109,1,0,True,4142,8720,12862,100,9,0.09,249.92932439734403,249.92932439734403,0.0,7.425742574257425,7.425742574257425,25.263157894736842,24.0,0.2939356435643564,1.9662500000000003,1.9662500000000003,2.0,0.9831250000000001,0,0,0,0,4159.822919807927,41.598229198079274,7614.471905063444,522.915717289399,52.433895938203534,124.07537248028046,0,91,0
06ac6393eee7a87a46f65b36cf9d1863821846f32cd08b7f9dd84710f2fa08a1,2,7,20281408,0.4,2.0,soft,wa_mcbr_soft,0000000000010000000000000000000000000000000001000000000000001000000000001110000000000000000000000000,1,1,250.68987396283848,0000000000010000000000000000000000000000000001000000000000001000000000001110000000000000000000000000,0.0,250.68987396283848,,,0.041309833992272615,552,26,0,True,20976,44160,65136,100,6,0.06,251.45508572359338,250.66918042100446,0.7859053025889411,5.693069306930693,5.693069306930693,25.263157894736842,24.0,0.2253506600660066,1.44625,1.44625,2.0,0.723125,0,0,0,0,4179.881918715177,41.798819187151764,7711.57400821215,620.9264516419457,62.33470202510225,92.72666755425377,0,0,94
06ac6393eee7a87a46f65b36cf9d1863821846f32cd08b7f9dd84710f2fa08a1,2,7,20281408,0.4,2.0,none,wa_mcbr_none,1000000000000000000000000000000000000000001001010000000000001000100000001110000000000001000000000000,1,0,inf,0000000000000000000000000000000000000000000001000000000000001000100000001110000000000000000000000000,0.04,248.7473451082743,,,0.02703629096504301,544,30,0,True,20672,43520,64192,100,10,0.1,246.461401727377,246.461401727377,0.0,10.396039603960393,10.396039603960393,25.263157894736842,24.0,0.4115099009900989,2.665,2.665,2.0,1.3325,0,1,0,1,3995.631622207724,39.95631622207724,6851.730302141527,928.3462375967524,93.03021415274367,194.81598317560452,0,0,90
06ac6393eee7a87a46f65b36cf9d1863821846f32cd08b7f9dd84710f2fa08a1,2,7,20281408,0.4,3.0,hard,wa_mcbr_hard,1000100000000000000000100000000000000000001001010000000000001000000000001110000000000001000000000000,1,0,inf,1000100000000000000000100000000000000000000001010000000000001000000000001110000000000001000000000000,0.01,248.0202066095029,246.69465983014857,0.5373228509555055,0.02575154195073992,500,18,0,True,19000,40000,59000,100,11,0.11,247.66101705406652,247.66101705406652,0.0,10.891089108910888,10.891089108910888,25.263157894736842,24.0,0.431105610561056,2.7787499999999996,2.7787499999999996,3.0,0.9262499999999999,0,0,0,0,4032.189663325246,40.32189663325246,7017.270843314693,789.611426297968,79.16757406290142,209.44887599709926,0,83,6
06ac6393eee7a87a46f65b36cf9d1863821846f32cd08b7f9dd84710f2fa08a1,2,7,20281408,0.4,3.0,soft,wa_mcbr_soft,0000000000000000000000000000000000000000001001010000000000001000100000000110000000000000000000000000,1,1,247.48380705831653,0000000000000000000000000000000000000000001001010000000000001000100000000110000000000000000000000000,0.0,247.48380705831653,,,0.04671025008428842,600,29,0,True,22800,48000,70800,100,7,0.07,247.99328611740142,247.4362368699795,0.5570492474219173,7.673267326732673,7.673267326732673,25.263157894736842,24.0,0.303733498349835,1.9825,1.9825,3.0,0.6608333333333333,0,0,0,0,4079.0121167963393,40.79012116796339,7247.37169515222,815.5301964172043,81.67073603143385,129.05791734557843,0,0,93
06ac6393eee7a87a46f65b36cf9d1863821846f32cd08b7f9dd84710f2fa08a1,2,7,20281408,0.4,3.0,none,wa_mcbr_none,1000000000000000000000000000000000000000001001010000000000001000100000001110000000000001000000000000,1,0,inf,1000000000000000000000000000000000000000000001010000000000001000100000001110000000000001000000000000,0.01,246.78726292805396,,,0.03041600005235523,544,30,0,True,20672,43520,64192,100,10,0.1,246.461401727377,246.461401727377,0.0,10.396039603960393,10.396039603960393,25.263157894736842,24.0,0.4115099009900989,2.665,2.665,3.0,0.8883333333333333,0,0,0,0,3995.631622207724,39.95631622207724,6851.730302141527,928.3462375967524,93.03021415274367,194.81598317560452,0,0,90
